accuracy,relevance,coherence,completeness,fluency,model,dataset,question,agent_id,response
4,4,4,3,4,mistral:7b,data_pmus_yaounde,centre ville,Agent_0,YAOUNDE
5,4,5,3,5,mistral:7b,data_pmus_yaounde,q1_1,Agent_0,UN QUARTIER DE LA VILLE DE YAOUNDE
4,4,4,3,4,mistral:7b,data_pmus_yaounde,q1_1_a,Agent_0,MOKOLO
4,4,3,3,3,mistral:7b,data_pmus_yaounde,q1_1_b,Agent_0,EPAB
4,4,4,3,4,mistral:7b,data_pmus_yaounde,q1_1_c,Agent_0,AFANOYA
5,4,5,3,5,mistral:7b,data_pmus_yaounde,q1_2,Agent_0,UN QUARTIER DE LA VILLE DE YAOUNDE
4,4,4,3,4,mistral:7b,data_pmus_yaounde,q1_2_a,Agent_0,CARREFOUR LUMIERE
4,4,3,3,3,mistral:7b,data_pmus_yaounde,q1_2_b,Agent_0,10 IEME ARRET
4,4,4,3,4,mistral:7b,data_pmus_yaounde,q1_3_c,Agent_0,AFANOYA
3,3,4,3,3,mistral:7b,data_pmus_yaounde,q2_1,Agent_0,A PIED
4,4,3,3,3,mistral:7b,data_pmus_yaounde,q2_2_1,Agent_0,2 CHEVEAU
4,4,3,3,3,mistral:7b,data_pmus_yaounde,q2_2_2,Agent_0,10 E ARRET
4,4,3,3,3,mistral:7b,data_pmus_yaounde,q2_3_1,Agent_0,0LESOA
4,4,3,3,3,mistral:7b,data_pmus_yaounde,q2_3_2,Agent_0,CARREFIUR
4,4,5,3,5,mistral:7b,data_pmus_yaounde,q2_3,Agent_0,NON
4,4,4,3,4,mistral:7b,data_pmus_yaounde,q2_4,Agent_0,A PIED
4,4,4,3,4,mistral:7b,data_pmus_yaounde,q2_5_1,Agent_0,A B0NAS
4,4,4,3,4,mistral:7b,data_pmus_yaounde,q2_5_2,Agent_0,0MPHINE
4,4,4,3,4,mistral:7b,data_pmus_yaounde,q2_6_1,Agent_0,CARREFOUR
4,4,4,3,4,mistral:7b,data_pmus_yaounde,q2_6_2,Agent_0,CARREFOUR
4,3,5,3,5,mistral:7b,data_pmus_yaounde,q3_1,Agent_0,NON
4,3,4,3,3,mistral:7b,data_pmus_yaounde,q3_2,Agent_0,A PIED
4,4,4,3,4,mistral:7b,data_pmus_yaounde,q3_3_1,Agent_0,ACACIA
4,4,3,3,3,mistral:7b,data_pmus_yaounde,q3_3_2,Agent_0,CARREFOUR
1,1,1,1,3,mistral:7b,data_pmus_yaounde,q4_1_a,Agent_0,nan
1,1,1,1,3,mistral:7b,data_pmus_yaounde,q4_1_b,Agent_0,nan
1,1,1,1,3,mistral:7b,data_pmus_yaounde,q4_2_a,Agent_0,nan
4,3,5,3,4,mistral:7b,data_pmus_yaounde,q4_2_b,Agent_0,MOINS DE 15 MIN
4,4,4,3,4,mistral:7b,data_pmus_yaounde,q4_3,Agent_0,1200.0
4,3,4,3,4,mistral:7b,data_pmus_yaounde,q4_4,Agent_0,COURSES
3,3,4,3,4,mistral:7b,data_pmus_yaounde,q4_4_autres,Agent_0,FAIRE DES ACHATS
5,3,5,3,5,mistral:7b,data_pmus_yaounde,q5_1,Agent_0,ENTRE 36 ET 45 ANS
5,3,4,3,5,mistral:7b,data_pmus_yaounde,q5_2,Agent_0,ENTRE 30 001 ET 100 000
5,4,5,3,5,mistral:7b,data_pmus_yaounde,q5_3,Agent_0,HOMME
4,4,4,3,4,mistral:7b,data_pmus_yaounde,centre ville,Agent_1,YAOUNDE
5,4,5,3,5,mistral:7b,data_pmus_yaounde,q1_1,Agent_1,UN QUARTIER DE LA VILLE DE YAOUNDE
4,4,4,3,4,mistral:7b,data_pmus_yaounde,q1_1_a,Agent_1,ODZA
4,4,3,3,3,mistral:7b,data_pmus_yaounde,q1_1_b,Agent_1,10EME ARRET
4,4,4,3,4,mistral:7b,data_pmus_yaounde,q1_1_c,Agent_1,AFANOYA
5,4,5,3,5,mistral:7b,data_pmus_yaounde,q1_2,Agent_1,UN QUARTIER DE LA VILLE DE YAOUNDE
4,4,4,3,4,mistral:7b,data_pmus_yaounde,q1_2_a,Agent_1,ODZA
4,4,3,3,3,mistral:7b,data_pmus_yaounde,q1_2_b,Agent_1,ODZA HAPPY
1,1,1,1,3,mistral:7b,data_pmus_yaounde,q1_3_c,Agent_1,nan
3,3,4,3,3,mistral:7b,data_pmus_yaounde,q2_1,Agent_1,PAR BUS AGENCE INTERURBAIN
4,4,3,3,3,mistral:7b,data_pmus_yaounde,q2_2_1,Agent_1,ODZA
4,4,3,3,3,mistral:7b,data_pmus_yaounde,q2_2_2,Agent_1,IMMEUBLE HAPPY
4,4,3,3,3,mistral:7b,data_pmus_yaounde,q2_3_1,Agent_1,ODZA
4,4,3,3,3,mistral:7b,data_pmus_yaounde,q2_3_2,Agent_1,0NANA
4,4,5,3,5,mistral:7b,data_pmus_yaounde,q2_3,Agent_1,NON
4,4,4,3,4,mistral:7b,data_pmus_yaounde,q2_4,Agent_1,PAR BUS AGENCE INTERURBAIN
4,4,4,3,4,mistral:7b,data_pmus_yaounde,q2_5_1,Agent_1,A B0NAS
4,4,4,3,4,mistral:7b,data_pmus_yaounde,q2_5_2,Agent_1,ODZA
4,4,4,3,4,mistral:7b,data_pmus_yaounde,q2_6_1,Agent_1,ODZA
4,4,4,3,4,mistral:7b,data_pmus_yaounde,q2_6_2,Agent_1,11EME ARRET
4,3,5,3,5,mistral:7b,data_pmus_yaounde,q3_1,Agent_1,NON
4,3,4,3,3,mistral:7b,data_pmus_yaounde,q3_2,Agent_1,PAR BUS STACY
4,4,4,3,4,mistral:7b,data_pmus_yaounde,q3_3_1,Agent_1,ODZA
4,4,3,3,3,mistral:7b,data_pmus_yaounde,q3_3_2,Agent_1,ODZA
1,1,1,1,3,mistral:7b,data_pmus_yaounde,q4_1_a,Agent_1,nan
4,3,3,3,4,mistral:7b,data_pmus_yaounde,q4_1_b,Agent_1,PLUS DE 20 MINUTES
4,4,2,4,2,mistral:7b,data_pmus_yaounde,q4_2_a,Agent_1,Veuillez indiquer depuis combien de temps vous attendez.
4,3,5,3,4,mistral:7b,data_pmus_yaounde,q4_2_b,Agent_1,PLUS DE 1HEURE
4,4,4,3,4,mistral:7b,data_pmus_yaounde,q4_3,Agent_1,4512.0
4,3,4,3,4,mistral:7b,data_pmus_yaounde,q4_4,Agent_1,AMIS
3,3,4,3,4,mistral:7b,data_pmus_yaounde,q4_4_autres,Agent_1,BALADE
5,3,5,3,5,mistral:7b,data_pmus_yaounde,q5_1,Agent_1,ENTRE 26 ET 35 ANS
5,3,4,3,5,mistral:7b,data_pmus_yaounde,q5_2,Agent_1,ENTRE 300 001 ET 500 000
5,4,5,3,5,mistral:7b,data_pmus_yaounde,q5_3,Agent_1,HOMME
4,4,4,3,4,mistral:7b,data_pmus_yaounde,centre ville,Agent_2,YAOUNDE
5,4,5,3,5,mistral:7b,data_pmus_yaounde,q1_1,Agent_2,UN QUARTIER DE LA VILLE DE YAOUNDE
4,4,4,3,4,mistral:7b,data_pmus_yaounde,q1_1_a,Agent_2,NLONGKAK
4,4,3,3,3,mistral:7b,data_pmus_yaounde,q1_1_b,Agent_2,10EME ARRET
4,4,4,3,4,mistral:7b,data_pmus_yaounde,q1_1_c,Agent_2,NGOUSSO
5,4,5,3,5,mistral:7b,data_pmus_yaounde,q1_2,Agent_2,UN QUARTIER DE LA VILLE DE YAOUNDE
4,4,4,3,4,mistral:7b,data_pmus_yaounde,q1_2_a,Agent_2,NGOUSSO
4,4,3,3,3,mistral:7b,data_pmus_yaounde,q1_2_b,Agent_2,10 IEME ARRET
4,4,4,3,4,mistral:7b,data_pmus_yaounde,q1_3_c,Agent_2,AFANOYA
3,3,4,3,3,mistral:7b,data_pmus_yaounde,q2_1,Agent_2,A PIED
4,4,3,3,3,mistral:7b,data_pmus_yaounde,q2_2_1,Agent_2,2 CHEVEAU
4,4,3,3,3,mistral:7b,data_pmus_yaounde,q2_2_2,Agent_2,NGOUSSO
4,4,3,3,3,mistral:7b,data_pmus_yaounde,q2_3_1,Agent_2,NGOUSSO
4,4,3,3,3,mistral:7b,data_pmus_yaounde,q2_3_2,Agent_2,0NANA
4,4,5,3,5,mistral:7b,data_pmus_yaounde,q2_3,Agent_2,NON
4,4,4,3,4,mistral:7b,data_pmus_yaounde,q2_4,Agent_2,A PIED
4,4,4,3,4,mistral:7b,data_pmus_yaounde,q2_5_1,Agent_2,NGOUSSO
4,4,4,3,4,mistral:7b,data_pmus_yaounde,q2_5_2,Agent_2,NGOUSSO
4,4,4,3,4,mistral:7b,data_pmus_yaounde,q2_6_1,Agent_2,NGOUSSO
4,4,4,3,4,mistral:7b,data_pmus_yaounde,q2_6_2,Agent_2,11EME ARRET
4,3,5,3,5,mistral:7b,data_pmus_yaounde,q3_1,Agent_2,NON
4,3,4,3,3,mistral:7b,data_pmus_yaounde,q3_2,Agent_2,PAR BUS AGENCE INTERURBAIN
4,4,4,3,4,mistral:7b,data_pmus_yaounde,q3_3_1,Agent_2,NGOUSSO
4,4,3,3,3,mistral:7b,data_pmus_yaounde,q3_3_2,Agent_2,10 IEME ARRET
1,1,1,1,3,mistral:7b,data_pmus_yaounde,q4_1_a,Agent_2,nan
4,3,3,3,4,mistral:7b,data_pmus_yaounde,q4_1_b,Agent_2,PLUS DE 20 MINUTES
4,4,2,4,2,mistral:7b,data_pmus_yaounde,q4_2_a,Agent_2,Veuillez indiquer depuis combien de temps vous attendez.
4,3,5,3,4,mistral:7b,data_pmus_yaounde,q4_2_b,Agent_2,PLUS DE 1HEURE
4,4,4,3,4,mistral:7b,data_pmus_yaounde,q4_3,Agent_2,4500.0
4,3,4,3,4,mistral:7b,data_pmus_yaounde,q4_4,Agent_2,VISITE FAMILLE
3,3,4,3,4,mistral:7b,data_pmus_yaounde,q4_4_autres,Agent_2,ACHAT
5,3,5,3,5,mistral:7b,data_pmus_yaounde,q5_1,Agent_2,MOINS DE 18 ANS
5,3,4,3,5,mistral:7b,data_pmus_yaounde,q5_2,Agent_2,MOINS DE 30 000
5,4,5,3,5,mistral:7b,data_pmus_yaounde,q5_3,Agent_2,FEMME
4,4,4,3,4,mistral:7b,data_pmus_yaounde,centre ville,Agent_3,YAOUNDE
5,4,5,3,5,mistral:7b,data_pmus_yaounde,q1_1,Agent_3,UN QUARTIER DE LA VILLE DE YAOUNDE
4,4,4,3,4,mistral:7b,data_pmus_yaounde,q1_1_a,Agent_3,ONANA
1,1,1,1,3,mistral:7b,data_pmus_yaounde,q1_1_b,Agent_3,nan
1,1,1,1,3,mistral:7b,data_pmus_yaounde,q1_1_c,Agent_3,nan
5,4,5,3,5,mistral:7b,data_pmus_yaounde,q1_2,Agent_3,UN QUARTIER DE LA VILLE DE YAOUNDE
4,4,4,3,4,mistral:7b,data_pmus_yaounde,q1_2_a,Agent_3,ONANA
4,4,3,3,3,mistral:7b,data_pmus_yaounde,q1_2_b,Agent_3,ONANA
1,1,1,1,3,mistral:7b,data_pmus_yaounde,q1_3_c,Agent_3,nan
3,3,4,3,3,mistral:7b,data_pmus_yaounde,q2_1,Agent_3,A PIED
1,1,1,1,3,mistral:7b,data_pmus_yaounde,q2_2_1,Agent_3,nan
1,1,1,1,3,mistral:7b,data_pmus_yaounde,q2_2_2,Agent_3,nan
1,1,1,1,3,mistral:7b,data_pmus_yaounde,q2_3_1,Agent_3,nan
4,4,3,3,3,mistral:7b,data_pmus_yaounde,q2_3_2,Agent_3,ONANA
4,4,5,3,5,mistral:7b,data_pmus_yaounde,q2_3,Agent_3,NON
4,4,4,3,4,mistral:7b,data_pmus_yaounde,q2_4,Agent_3,A PIED
4,4,4,3,4,mistral:7b,data_pmus_yaounde,q2_5_1,Agent_3,ONANA
4,4,4,3,4,mistral:7b,data_pmus_yaounde,q2_5_2,Agent_3,0MPHINE
4,4,4,3,4,mistral:7b,data_pmus_yaounde,q2_6_1,Agent_3,ONANA
4,4,4,3,4,mistral:7b,data_pmus_yaounde,q2_6_2,Agent_3,EN HAUT
4,3,5,3,5,mistral:7b,data_pmus_yaounde,q3_1,Agent_3,NON
4,3,4,3,3,mistral:7b,data_pmus_yaounde,q3_2,Agent_3,A PIED
4,4,4,3,4,mistral:7b,data_pmus_yaounde,q3_3_1,Agent_3,ONANA
4,4,3,3,3,mistral:7b,data_pmus_yaounde,q3_3_2,Agent_3,10 IEME ARRET
1,1,1,1,3,mistral:7b,data_pmus_yaounde,q4_1_a,Agent_3,nan
4,3,3,3,4,mistral:7b,data_pmus_yaounde,q4_1_b,Agent_3,PLUS DE 20 MINUTES
4,4,2,4,2,mistral:7b,data_pmus_yaounde,q4_2_a,Agent_3,Veuillez indiquer depuis combien de temps vous attendez.
4,3,5,3,4,mistral:7b,data_pmus_yaounde,q4_2_b,Agent_3,MOINS DE 15 MIN
4,4,4,3,4,mistral:7b,data_pmus_yaounde,q4_3,Agent_3,2300.0
4,3,4,3,4,mistral:7b,data_pmus_yaounde,q4_4,Agent_3,TRAVAIL
3,3,4,3,4,mistral:7b,data_pmus_yaounde,q4_4_autres,Agent_3,EXPEDITION COURRIER
5,3,5,3,5,mistral:7b,data_pmus_yaounde,q5_1,Agent_3,ENTRE 18 ET 25 ANS
5,3,4,3,5,mistral:7b,data_pmus_yaounde,q5_2,Agent_3,MOINS DE 30 000
5,4,5,3,5,mistral:7b,data_pmus_yaounde,q5_3,Agent_3,HOMME
4,4,4,3,4,mistral:7b,data_pmus_yaounde,centre ville,Agent_4,YAOUNDE
5,4,5,3,5,mistral:7b,data_pmus_yaounde,q1_1,Agent_4,UN QUARTIER DE LA VILLE DE YAOUNDE
4,4,4,3,4,mistral:7b,data_pmus_yaounde,q1_1_a,Agent_4,MVOG BETSI
4,4,3,3,3,mistral:7b,data_pmus_yaounde,q1_1_b,Agent_4,MVOG BETSI
4,4,4,3,4,mistral:7b,data_pmus_yaounde,q1_1_c,Agent_4,AFANOYA
5,4,5,3,5,mistral:7b,data_pmus_yaounde,q1_2,Agent_4,UN QUARTIER DE LA VILLE DE YAOUNDE
4,4,4,3,4,mistral:7b,data_pmus_yaounde,q1_2_a,Agent_4,MVOG BETSI
4,4,3,3,3,mistral:7b,data_pmus_yaounde,q1_2_b,Agent_4,MVOG BETSI
4,4,4,3,4,mistral:7b,data_pmus_yaounde,q1_3_c,Agent_4,AFANOYA
3,3,4,3,3,mistral:7b,data_pmus_yaounde,q2_1,Agent_4,PAR BUS AGENCE INTERURBAIN
4,4,3,3,3,mistral:7b,data_pmus_yaounde,q2_2_1,Agent_4,MVOG BETSI
4,4,3,3,3,mistral:7b,data_pmus_yaounde,q2_2_2,Agent_4,MVOG BETSI
4,4,3,3,3,mistral:7b,data_pmus_yaounde,q2_3_1,Agent_4,MVOG BETSI
4,4,3,3,3,mistral:7b,data_pmus_yaounde,q2_3_2,Agent_4,MVOG BETSI
4,4,5,3,5,mistral:7b,data_pmus_yaounde,q2_3,Agent_4,NON
4,4,4,3,4,mistral:7b,data_pmus_yaounde,q2_4,Agent_4,PAR BUS AGENCE INTERURBAIN
4,4,4,3,4,mistral:7b,data_pmus_yaounde,q2_5_1,Agent_4,MVOG BETSI
4,4,4,3,4,mistral:7b,data_pmus_yaounde,q2_5_2,Agent_4,A L INTERIEUR DU CAMPUS
4,4,4,3,4,mistral:7b,data_pmus_yaounde,q2_6_1,Agent_4,MVOG BETSI
4,4,4,3,4,mistral:7b,data_pmus_yaounde,q2_6_2,Agent_4,CAMPUS
4,3,5,3,5,mistral:7b,data_pmus_yaounde,q3_1,Agent_4,NON
4,3,4,3,3,mistral:7b,data_pmus_yaounde,q3_2,Agent_4,PAR BUS AGENCE INTERURBAIN
4,4,4,3,4,mistral:7b,data_pmus_yaounde,q3_3_1,Agent_4,GOLF
4,4,3,3,3,mistral:7b,data_pmus_yaounde,q3_3_2,Agent_4,10 IEME ARRET
1,1,1,1,3,mistral:7b,data_pmus_yaounde,q4_1_a,Agent_4,nan
4,3,3,3,4,mistral:7b,data_pmus_yaounde,q4_1_b,Agent_4,PLUS DE 20 MINUTES
4,4,2,4,2,mistral:7b,data_pmus_yaounde,q4_2_a,Agent_4,Veuillez indiquer depuis combien de temps vous attendez.
4,3,5,3,4,mistral:7b,data_pmus_yaounde,q4_2_b,Agent_4,15 30 MIN
4,4,4,3,4,mistral:7b,data_pmus_yaounde,q4_3,Agent_4,450.0
4,3,4,3,4,mistral:7b,data_pmus_yaounde,q4_4,Agent_4,COURSES
3,3,4,3,4,mistral:7b,data_pmus_yaounde,q4_4_autres,Agent_4,ETUDES
5,3,5,3,5,mistral:7b,data_pmus_yaounde,q5_1,Agent_4,MOINS DE 18 ANS
5,3,4,3,5,mistral:7b,data_pmus_yaounde,q5_2,Agent_4,MOINS DE 30 000
5,4,5,3,5,mistral:7b,data_pmus_yaounde,q5_3,Agent_4,FEMME
4,4,4,3,4,mistral:7b,data_pmus_yaounde,centre ville,Agent_5,YAOUNDE
5,4,5,3,5,mistral:7b,data_pmus_yaounde,q1_1,Agent_5,UN QUARTIER DE LA VILLE DE YAOUNDE
4,4,4,3,4,mistral:7b,data_pmus_yaounde,q1_1_a,Agent_5,ETETAK
4,4,3,3,3,mistral:7b,data_pmus_yaounde,q1_1_b,Agent_5,MARCHE
4,4,4,3,4,mistral:7b,data_pmus_yaounde,q1_1_c,Agent_5,AFANOYA
5,4,5,3,5,mistral:7b,data_pmus_yaounde,q1_2,Agent_5,UN QUARTIER DE LA VILLE DE YAOUNDE
4,4,4,3,4,mistral:7b,data_pmus_yaounde,q1_2_a,Agent_5,ETETAK
4,4,3,3,3,mistral:7b,data_pmus_yaounde,q1_2_b,Agent_5,ETETAK
1,1,1,1,3,mistral:7b,data_pmus_yaounde,q1_3_c,Agent_5,nan
3,3,4,3,3,mistral:7b,data_pmus_yaounde,q2_1,Agent_5,A PIED
4,4,3,3,3,mistral:7b,data_pmus_yaounde,q2_2_1,Agent_5,2 CHEVEAU
1,1,1,1,3,mistral:7b,data_pmus_yaounde,q2_2_2,Agent_5,nan
4,4,3,3,3,mistral:7b,data_pmus_yaounde,q2_3_1,Agent_5,0LESOA
1,1,1,1,3,mistral:7b,data_pmus_yaounde,q2_3_2,Agent_5,nan
4,4,5,3,5,mistral:7b,data_pmus_yaounde,q2_3,Agent_5,NON
4,4,4,3,4,mistral:7b,data_pmus_yaounde,q2_4,Agent_5,A PIED
1,1,1,1,3,mistral:7b,data_pmus_yaounde,q2_5_1,Agent_5,nan
1,1,1,1,3,mistral:7b,data_pmus_yaounde,q2_5_2,Agent_5,nan
4,4,4,3,4,mistral:7b,data_pmus_yaounde,q2_6_1,Agent_5,ABATTOIR
1,1,1,1,3,mistral:7b,data_pmus_yaounde,q2_6_2,Agent_5,nan
4,3,5,3,5,mistral:7b,data_pmus_yaounde,q3_1,Agent_5,NON
4,3,4,3,3,mistral:7b,data_pmus_yaounde,q3_2,Agent_5,A PIED
1,1,1,1,3,mistral:7b,data_pmus_yaounde,q3_3_1,Agent_5,nan
4,4,3,3,3,mistral:7b,data_pmus_yaounde,q3_3_2,Agent_5,ABATTOIR
1,1,1,1,3,mistral:7b,data_pmus_yaounde,q4_1_a,Agent_5,nan
4,3,3,3,4,mistral:7b,data_pmus_yaounde,q4_1_b,Agent_5,MOINS DE 5 MIN
4,4,2,4,2,mistral:7b,data_pmus_yaounde,q4_2_a,Agent_5,Veuillez indiquer depuis combien de temps vous attendez.
4,3,5,3,4,mistral:7b,data_pmus_yaounde,q4_2_b,Agent_5,MOINS DE 15 MIN
4,4,4,3,4,mistral:7b,data_pmus_yaounde,q4_3,Agent_5,1300.0
4,3,4,3,4,mistral:7b,data_pmus_yaounde,q4_4,Agent_5,VISITE FAMILLE
3,3,4,3,4,mistral:7b,data_pmus_yaounde,q4_4_autres,Agent_5,ACHAT
5,3,5,3,5,mistral:7b,data_pmus_yaounde,q5_1,Agent_5,ENTRE 26 ET 35 ANS
5,3,4,3,5,mistral:7b,data_pmus_yaounde,q5_2,Agent_5,ENTRE 30 001 ET 100 000
5,4,5,3,5,mistral:7b,data_pmus_yaounde,q5_3,Agent_5,HOMME
4,4,4,3,4,mistral:7b,data_pmus_yaounde,centre ville,Agent_6,YAOUNDE
5,4,5,3,5,mistral:7b,data_pmus_yaounde,q1_1,Agent_6,UN QUARTIER DE LA VILLE DE YAOUNDE
4,4,4,3,4,mistral:7b,data_pmus_yaounde,q1_1_a,Agent_6,MBANKOMO
4,4,3,3,3,mistral:7b,data_pmus_yaounde,q1_1_b,Agent_6,NKOLOMBONG
4,4,4,3,4,mistral:7b,data_pmus_yaounde,q1_1_c,Agent_6,AFANOYA
5,4,5,3,5,mistral:7b,data_pmus_yaounde,q1_2,Agent_6,UN QUARTIER DE LA VILLE DE YAOUNDE
4,4,4,3,4,mistral:7b,data_pmus_yaounde,q1_2_a,Agent_6,ABOM
4,4,3,3,3,mistral:7b,data_pmus_yaounde,q1_2_b,Agent_6,10 IEME ARRET
4,4,4,3,4,mistral:7b,data_pmus_yaounde,q1_3_c,Agent_6,AFANOYA
3,3,4,3,3,mistral:7b,data_pmus_yaounde,q2_1,Agent_6,PAR TAXI
4,4,3,3,3,mistral:7b,data_pmus_yaounde,q2_2_1,Agent_6,2 CHEVEAU
4,4,3,3,3,mistral:7b,data_pmus_yaounde,q2_2_2,Agent_6,GARANTI
4,4,3,3,3,mistral:7b,data_pmus_yaounde,q2_3_1,Agent_6,MSAM
4,4,3,3,3,mistral:7b,data_pmus_yaounde,q2_3_2,Agent_6,0NANA
4,4,5,3,5,mistral:7b,data_pmus_yaounde,q2_3,Agent_6,NON
4,4,4,3,4,mistral:7b,data_pmus_yaounde,q2_4,Agent_6,PAR TAXI
4,4,4,3,4,mistral:7b,data_pmus_yaounde,q2_5_1,Agent_6,A B0NAS
4,4,4,3,4,mistral:7b,data_pmus_yaounde,q2_5_2,Agent_6,0MPHINE
4,4,4,3,4,mistral:7b,data_pmus_yaounde,q2_6_1,Agent_6,MSAM
4,4,4,3,4,mistral:7b,data_pmus_yaounde,q2_6_2,Agent_6,11EME ARRET
4,3,5,3,5,mistral:7b,data_pmus_yaounde,q3_1,Agent_6,NON
4,3,4,3,3,mistral:7b,data_pmus_yaounde,q3_2,Agent_6,PAR TAXI
4,4,4,3,4,mistral:7b,data_pmus_yaounde,q3_3_1,Agent_6,MSAM
4,4,3,3,3,mistral:7b,data_pmus_yaounde,q3_3_2,Agent_6,10 IEME ARRET
1,1,1,1,3,mistral:7b,data_pmus_yaounde,q4_1_a,Agent_6,nan
4,3,3,3,4,mistral:7b,data_pmus_yaounde,q4_1_b,Agent_6,PLUS DE 20 MINUTES
4,4,2,4,2,mistral:7b,data_pmus_yaounde,q4_2_a,Agent_6,Veuillez indiquer depuis combien de temps vous attendez.
4,3,5,3,4,mistral:7b,data_pmus_yaounde,q4_2_b,Agent_6,30 60 MIN
4,4,4,3,4,mistral:7b,data_pmus_yaounde,q4_3,Agent_6,3400.0
4,3,4,3,4,mistral:7b,data_pmus_yaounde,q4_4,Agent_6,TRAVAIL
3,3,4,3,4,mistral:7b,data_pmus_yaounde,q4_4_autres,Agent_6,ACHAT
5,3,5,3,5,mistral:7b,data_pmus_yaounde,q5_1,Agent_6,ENTRE 55ANS ET 64 ANS
5,3,4,3,5,mistral:7b,data_pmus_yaounde,q5_2,Agent_6,ENTRE 300 001 ET 500 000
5,4,5,3,5,mistral:7b,data_pmus_yaounde,q5_3,Agent_6,HOMME
4,4,4,3,4,mistral:7b,data_pmus_yaounde,centre ville,Agent_7,YAOUNDE
5,4,5,3,5,mistral:7b,data_pmus_yaounde,q1_1,Agent_7,UN QUARTIER DE LA VILLE DE YAOUNDE
4,4,4,3,4,mistral:7b,data_pmus_yaounde,q1_1_a,Agent_7,BITENG
1,1,1,1,3,mistral:7b,data_pmus_yaounde,q1_1_b,Agent_7,nan
4,4,4,3,4,mistral:7b,data_pmus_yaounde,q1_1_c,Agent_7,AFANOYA
5,4,5,3,5,mistral:7b,data_pmus_yaounde,q1_2,Agent_7,UN QUARTIER DE LA VILLE DE YAOUNDE
4,4,4,3,4,mistral:7b,data_pmus_yaounde,q1_2_a,Agent_7,BITENG
4,4,3,3,3,mistral:7b,data_pmus_yaounde,q1_2_b,Agent_7,BITENG
1,1,1,1,3,mistral:7b,data_pmus_yaounde,q1_3_c,Agent_7,nan
3,3,4,3,3,mistral:7b,data_pmus_yaounde,q2_1,Agent_7,A PIED
4,4,3,3,3,mistral:7b,data_pmus_yaounde,q2_2_1,Agent_7,BITENG
1,1,1,1,3,mistral:7b,data_pmus_yaounde,q2_2_2,Agent_7,nan
4,4,3,3,3,mistral:7b,data_pmus_yaounde,q2_3_1,Agent_7,BITENG
1,1,1,1,3,mistral:7b,data_pmus_yaounde,q2_3_2,Agent_7,nan
4,4,5,3,5,mistral:7b,data_pmus_yaounde,q2_3,Agent_7,NON
4,4,4,3,4,mistral:7b,data_pmus_yaounde,q2_4,Agent_7,A PIED
4,4,4,3,4,mistral:7b,data_pmus_yaounde,q2_5_1,Agent_7,BITENG
4,4,4,3,4,mistral:7b,data_pmus_yaounde,q2_5_2,Agent_7,0MPHINE
4,4,4,3,4,mistral:7b,data_pmus_yaounde,q2_6_1,Agent_7,BITENG
4,4,4,3,4,mistral:7b,data_pmus_yaounde,q2_6_2,Agent_7,ENYREE
4,3,5,3,5,mistral:7b,data_pmus_yaounde,q3_1,Agent_7,NON
4,3,4,3,3,mistral:7b,data_pmus_yaounde,q3_2,Agent_7,A PIED
4,4,4,3,4,mistral:7b,data_pmus_yaounde,q3_3_1,Agent_7,BITENG
1,1,1,1,3,mistral:7b,data_pmus_yaounde,q3_3_2,Agent_7,nan
1,1,1,1,3,mistral:7b,data_pmus_yaounde,q4_1_a,Agent_7,nan
1,1,1,1,3,mistral:7b,data_pmus_yaounde,q4_1_b,Agent_7,nan
1,1,1,1,3,mistral:7b,data_pmus_yaounde,q4_2_a,Agent_7,nan
4,3,5,3,4,mistral:7b,data_pmus_yaounde,q4_2_b,Agent_7,MOINS DE 15 MIN
4,4,4,3,4,mistral:7b,data_pmus_yaounde,q4_3,Agent_7,450.0
4,3,4,3,4,mistral:7b,data_pmus_yaounde,q4_4,Agent_7,COURSES
3,3,4,3,4,mistral:7b,data_pmus_yaounde,q4_4_autres,Agent_7,FAIRE DES ACHATS
5,3,5,3,5,mistral:7b,data_pmus_yaounde,q5_1,Agent_7,ENTRE 36 ET 45 ANS
5,3,4,3,5,mistral:7b,data_pmus_yaounde,q5_2,Agent_7,ENTRE 30 001 ET 100 000
5,4,5,3,5,mistral:7b,data_pmus_yaounde,q5_3,Agent_7,FEMME
4,4,4,3,4,mistral:7b,data_pmus_yaounde,centre ville,Agent_8,YAOUNDE
5,4,5,3,5,mistral:7b,data_pmus_yaounde,q1_1,Agent_8,UN QUARTIER DE LA VILLE DE YAOUNDE
4,4,4,3,4,mistral:7b,data_pmus_yaounde,q1_1_a,Agent_8,ABIT
4,4,3,3,3,mistral:7b,data_pmus_yaounde,q1_1_b,Agent_8,10EME ARRET
4,4,4,3,4,mistral:7b,data_pmus_yaounde,q1_1_c,Agent_8,DOUALA
5,4,5,3,5,mistral:7b,data_pmus_yaounde,q1_2,Agent_8,UN QUARTIER DE LA VILLE DE YAOUNDE
4,4,4,3,4,mistral:7b,data_pmus_yaounde,q1_2_a,Agent_8,ABOM
4,4,3,3,3,mistral:7b,data_pmus_yaounde,q1_2_b,Agent_8,10 IEME ARRET
4,4,4,3,4,mistral:7b,data_pmus_yaounde,q1_3_c,Agent_8,DOUALA
3,3,4,3,3,mistral:7b,data_pmus_yaounde,q2_1,Agent_8,PAR BUS AGENCE INTERURBAIN
4,4,3,3,3,mistral:7b,data_pmus_yaounde,q2_2_1,Agent_8,CARREFOUR MBALA DEUX
4,4,3,3,3,mistral:7b,data_pmus_yaounde,q2_2_2,Agent_8,10 E ARRET
4,4,3,3,3,mistral:7b,data_pmus_yaounde,q2_3_1,Agent_8,0LESOA
4,4,3,3,3,mistral:7b,data_pmus_yaounde,q2_3_2,Agent_8,CARREFOUR
4,4,5,3,5,mistral:7b,data_pmus_yaounde,q2_3,Agent_8,NON
4,4,4,3,4,mistral:7b,data_pmus_yaounde,q2_4,Agent_8,PAR BUS AGENCE INTERURBAIN
4,4,4,3,4,mistral:7b,data_pmus_yaounde,q2_5_1,Agent_8,CARREFOUR REGI
4,4,4,3,4,mistral:7b,data_pmus_yaounde,q2_5_2,Agent_8,DOUALA
4,4,4,3,4,mistral:7b,data_pmus_yaounde,q2_6_1,Agent_8,CARREFOUR
4,4,4,3,4,mistral:7b,data_pmus_yaounde,q2_6_2,Agent_8,CARREFOUR
4,3,5,3,5,mistral:7b,data_pmus_yaounde,q3_1,Agent_8,NON
4,3,4,3,3,mistral:7b,data_pmus_yaounde,q3_2,Agent_8,PAR BUS AGENCE INTERURBAIN
4,4,4,3,4,mistral:7b,data_pmus_yaounde,q3_3_1,Agent_8,ACACIA
4,4,3,3,3,mistral:7b,data_pmus_yaounde,q3_3_2,Agent_8,CARREFOUR
4,4,2,4,2,mistral:7b,data_pmus_yaounde,q4_1_a,Agent_8,Veuillez indiquer depuis combien de temps vous attendez.
4,3,3,3,4,mistral:7b,data_pmus_yaounde,q4_1_b,Agent_8,PLUS DE 20 MINUTES
4,4,2,4,2,mistral:7b,data_pmus_yaounde,q4_2_a,Agent_8,Veuillez indiquer depuis combien de temps vous attendez.
4,3,5,3,4,mistral:7b,data_pmus_yaounde,q4_2_b,Agent_8,30 60 MIN
4,4,4,3,4,mistral:7b,data_pmus_yaounde,q4_3,Agent_8,3150.0
4,3,4,3,4,mistral:7b,data_pmus_yaounde,q4_4,Agent_8,TRAVAIL
3,3,4,3,4,mistral:7b,data_pmus_yaounde,q4_4_autres,Agent_8,ACHAT
5,3,5,3,5,mistral:7b,data_pmus_yaounde,q5_1,Agent_8,ENTRE 26 ET 35 ANS
5,3,4,3,5,mistral:7b,data_pmus_yaounde,q5_2,Agent_8,ENTRE 300 001 ET 500 000
5,4,5,3,5,mistral:7b,data_pmus_yaounde,q5_3,Agent_8,HOMME
4,4,4,3,4,mistral:7b,data_pmus_yaounde,centre ville,Agent_9,YAOUNDE
5,4,5,3,5,mistral:7b,data_pmus_yaounde,q1_1,Agent_9,UN QUARTIER DE LA VILLE DE YAOUNDE
4,4,4,3,4,mistral:7b,data_pmus_yaounde,q1_1_a,Agent_9,TITI GARAGE
4,4,3,3,3,mistral:7b,data_pmus_yaounde,q1_1_b,Agent_9,TITI GARAGE
4,4,4,3,4,mistral:7b,data_pmus_yaounde,q1_1_c,Agent_9,AFANOYA
5,4,5,3,5,mistral:7b,data_pmus_yaounde,q1_2,Agent_9,UN QUARTIER DE LA VILLE DE YAOUNDE
4,4,4,3,4,mistral:7b,data_pmus_yaounde,q1_2_a,Agent_9,TITI GARAGE
4,4,3,3,3,mistral:7b,data_pmus_yaounde,q1_2_b,Agent_9,TITI GARAGE
4,4,4,3,4,mistral:7b,data_pmus_yaounde,q1_3_c,Agent_9,AFANOYA
3,3,4,3,3,mistral:7b,data_pmus_yaounde,q2_1,Agent_9,PAR BUS AGENCE INTERURBAIN
4,4,3,3,3,mistral:7b,data_pmus_yaounde,q2_2_1,Agent_9,TITI GARAGE
4,4,3,3,3,mistral:7b,data_pmus_yaounde,q2_2_2,Agent_9,TITI GARAGE
4,4,3,3,3,mistral:7b,data_pmus_yaounde,q2_3_1,Agent_9,0LESOA
4,4,3,3,3,mistral:7b,data_pmus_yaounde,q2_3_2,Agent_9,GAR ROUTIERE
4,4,5,3,5,mistral:7b,data_pmus_yaounde,q2_3,Agent_9,NON
4,4,4,3,4,mistral:7b,data_pmus_yaounde,q2_4,Agent_9,PAR BUS AGENCE INTERURBAIN
4,4,4,3,4,mistral:7b,data_pmus_yaounde,q2_5_1,Agent_9,A B0NAS
4,4,4,3,4,mistral:7b,data_pmus_yaounde,q2_5_2,Agent_9,GAR ROUTIERE
4,4,4,3,4,mistral:7b,data_pmus_yaounde,q2_6_1,Agent_9,ABATTOIR
4,4,4,3,4,mistral:7b,data_pmus_yaounde,q2_6_2,Agent_9,11EME ARRET
4,3,5,3,5,mistral:7b,data_pmus_yaounde,q3_1,Agent_9,NON
4,3,4,3,3,mistral:7b,data_pmus_yaounde,q3_2,Agent_9,PAR BUS AGENCE INTERURBAIN
4,4,4,3,4,mistral:7b,data_pmus_yaounde,q3_3_1,Agent_9,ACACIA
4,4,3,3,3,mistral:7b,data_pmus_yaounde,q3_3_2,Agent_9,TITI GARAGE
1,1,1,1,3,mistral:7b,data_pmus_yaounde,q4_1_a,Agent_9,nan
4,3,3,3,4,mistral:7b,data_pmus_yaounde,q4_1_b,Agent_9,PLUS DE 20 MINUTES
4,4,2,4,2,mistral:7b,data_pmus_yaounde,q4_2_a,Agent_9,Veuillez indiquer depuis combien de temps vous attendez.
4,3,5,3,4,mistral:7b,data_pmus_yaounde,q4_2_b,Agent_9,30 60 MIN
4,4,4,3,4,mistral:7b,data_pmus_yaounde,q4_3,Agent_9,1850.0
4,3,4,3,4,mistral:7b,data_pmus_yaounde,q4_4,Agent_9,COURSES
3,3,4,3,4,mistral:7b,data_pmus_yaounde,q4_4_autres,Agent_9,ETUDES
5,3,5,3,5,mistral:7b,data_pmus_yaounde,q5_1,Agent_9,MOINS DE 18 ANS
5,3,4,3,5,mistral:7b,data_pmus_yaounde,q5_2,Agent_9,ENTRE 30 001 ET 100 000
5,4,5,3,5,mistral:7b,data_pmus_yaounde,q5_3,Agent_9,FEMME
4,4,4,3,4,mistral:7b,data_pmus_yaounde,centre ville,Agent_10,YAOUNDE
5,4,5,3,5,mistral:7b,data_pmus_yaounde,q1_1,Agent_10,UN QUARTIER DE LA VILLE DE YAOUNDE
4,4,4,3,4,mistral:7b,data_pmus_yaounde,q1_1_a,Agent_10,ABIT
4,4,3,3,3,mistral:7b,data_pmus_yaounde,q1_1_b,Agent_10,ECOCO2
4,4,4,3,4,mistral:7b,data_pmus_yaounde,q1_1_c,Agent_10,AFANOYA
5,4,5,3,5,mistral:7b,data_pmus_yaounde,q1_2,Agent_10,UN QUARTIER DE LA VILLE DE YAOUNDE
4,4,4,3,4,mistral:7b,data_pmus_yaounde,q1_2_a,Agent_10,ABOM
4,4,3,3,3,mistral:7b,data_pmus_yaounde,q1_2_b,Agent_10,ECOCO2
4,4,4,3,4,mistral:7b,data_pmus_yaounde,q1_3_c,Agent_10,AFANOYA
3,3,4,3,3,mistral:7b,data_pmus_yaounde,q2_1,Agent_10,A PIED
4,4,3,3,3,mistral:7b,data_pmus_yaounde,q2_2_1,Agent_10,2 CHEVEAU
4,4,3,3,3,mistral:7b,data_pmus_yaounde,q2_2_2,Agent_10,ECOCO2
4,4,3,3,3,mistral:7b,data_pmus_yaounde,q2_3_1,Agent_10,0LESOA
4,4,3,3,3,mistral:7b,data_pmus_yaounde,q2_3_2,Agent_10,0NANA
4,4,5,3,5,mistral:7b,data_pmus_yaounde,q2_3,Agent_10,NON
4,4,4,3,4,mistral:7b,data_pmus_yaounde,q2_4,Agent_10,A PIED
4,4,4,3,4,mistral:7b,data_pmus_yaounde,q2_5_1,Agent_10,A B0NAS
4,4,4,3,4,mistral:7b,data_pmus_yaounde,q2_5_2,Agent_10,NKONG EYEBE
4,4,4,3,4,mistral:7b,data_pmus_yaounde,q2_6_1,Agent_10,ABATTOIR
4,4,4,3,4,mistral:7b,data_pmus_yaounde,q2_6_2,Agent_10,11EME ARRET
4,3,5,3,5,mistral:7b,data_pmus_yaounde,q3_1,Agent_10,NON
4,3,4,3,3,mistral:7b,data_pmus_yaounde,q3_2,Agent_10,PAR BUS AGENCE INTERURBAIN
4,4,4,3,4,mistral:7b,data_pmus_yaounde,q3_3_1,Agent_10,NSIMALEN
4,4,3,3,3,mistral:7b,data_pmus_yaounde,q3_3_2,Agent_10,NSIMALEN
1,1,1,1,3,mistral:7b,data_pmus_yaounde,q4_1_a,Agent_10,nan
1,1,1,1,3,mistral:7b,data_pmus_yaounde,q4_1_b,Agent_10,nan
4,4,2,4,2,mistral:7b,data_pmus_yaounde,q4_2_a,Agent_10,Veuillez indiquer depuis combien de temps vous attendez.
4,3,5,3,4,mistral:7b,data_pmus_yaounde,q4_2_b,Agent_10,MOINS DE 15 MIN
1,1,1,1,3,mistral:7b,data_pmus_yaounde,q4_3,Agent_10,nan
4,3,4,3,4,mistral:7b,data_pmus_yaounde,q4_4,Agent_10,COURSES
3,3,4,3,4,mistral:7b,data_pmus_yaounde,q4_4_autres,Agent_10,LE MARCHE
5,3,5,3,5,mistral:7b,data_pmus_yaounde,q5_1,Agent_10,ENTRE 26 ET 35 ANS
5,3,4,3,5,mistral:7b,data_pmus_yaounde,q5_2,Agent_10,ENTRE 30 001 ET 100 000
5,4,5,3,5,mistral:7b,data_pmus_yaounde,q5_3,Agent_10,HOMME
4,4,4,3,4,mistral:7b,data_pmus_yaounde,centre ville,Agent_11,YAOUNDE
5,4,5,3,5,mistral:7b,data_pmus_yaounde,q1_1,Agent_11,UN QUARTIER DE LA VILLE DE YAOUNDE
4,4,4,3,4,mistral:7b,data_pmus_yaounde,q1_1_a,Agent_11,ETOA MEKI
4,4,3,3,3,mistral:7b,data_pmus_yaounde,q1_1_b,Agent_11,10EME ARRET
4,4,4,3,4,mistral:7b,data_pmus_yaounde,q1_1_c,Agent_11,AFANOYA
5,4,5,3,5,mistral:7b,data_pmus_yaounde,q1_2,Agent_11,UN QUARTIER DE LA VILLE DE YAOUNDE
4,4,4,3,4,mistral:7b,data_pmus_yaounde,q1_2_a,Agent_11,ETOA MEKI
4,4,3,3,3,mistral:7b,data_pmus_yaounde,q1_2_b,Agent_11,10 IEME ARRET
4,4,4,3,4,mistral:7b,data_pmus_yaounde,q1_3_c,Agent_11,AFANOYA
3,3,4,3,3,mistral:7b,data_pmus_yaounde,q2_1,Agent_11,A PIED
4,4,3,3,3,mistral:7b,data_pmus_yaounde,q2_2_1,Agent_11,2 CHEVEAU
4,4,3,3,3,mistral:7b,data_pmus_yaounde,q2_2_2,Agent_11,10 E ARRET
4,4,3,3,3,mistral:7b,data_pmus_yaounde,q2_3_1,Agent_11,0LESOA
1,1,1,1,3,mistral:7b,data_pmus_yaounde,q2_3_2,Agent_11,nan
4,4,5,3,5,mistral:7b,data_pmus_yaounde,q2_3,Agent_11,NON
4,4,4,3,4,mistral:7b,data_pmus_yaounde,q2_4,Agent_11,A PIED
4,4,4,3,4,mistral:7b,data_pmus_yaounde,q2_5_1,Agent_11,ETOA MEKI
4,4,4,3,4,mistral:7b,data_pmus_yaounde,q2_5_2,Agent_11,0MPHINE
4,4,4,3,4,mistral:7b,data_pmus_yaounde,q2_6_1,Agent_11,ABATTOIR
1,1,1,1,3,mistral:7b,data_pmus_yaounde,q2_6_2,Agent_11,nan
4,3,5,3,5,mistral:7b,data_pmus_yaounde,q3_1,Agent_11,NON
4,3,4,3,3,mistral:7b,data_pmus_yaounde,q3_2,Agent_11,A PIED
4,4,4,3,4,mistral:7b,data_pmus_yaounde,q3_3_1,Agent_11,NKOLMEKOUN
4,4,3,3,3,mistral:7b,data_pmus_yaounde,q3_3_2,Agent_11,NKOLMEKOUN
1,1,1,1,3,mistral:7b,data_pmus_yaounde,q4_1_a,Agent_11,nan
4,3,3,3,4,mistral:7b,data_pmus_yaounde,q4_1_b,Agent_11,PLUS DE 20 MINUTES
4,4,2,4,2,mistral:7b,data_pmus_yaounde,q4_2_a,Agent_11,Veuillez indiquer depuis combien de temps vous attendez.
4,3,5,3,4,mistral:7b,data_pmus_yaounde,q4_2_b,Agent_11,PLUS DE 1HEURE
4,4,4,3,4,mistral:7b,data_pmus_yaounde,q4_3,Agent_11,1600.0
4,3,4,3,4,mistral:7b,data_pmus_yaounde,q4_4,Agent_11,D MARCHES ADMINISTRATIVES ET OU SANT
3,3,4,3,4,mistral:7b,data_pmus_yaounde,q4_4_autres,Agent_11,ACHAT
5,3,5,3,5,mistral:7b,data_pmus_yaounde,q5_1,Agent_11,ENTRE 36 ET 45 ANS
5,3,4,3,5,mistral:7b,data_pmus_yaounde,q5_2,Agent_11,ENTRE 30 001 ET 100 000
5,4,5,3,5,mistral:7b,data_pmus_yaounde,q5_3,Agent_11,FEMME
4,4,4,3,4,mistral:7b,data_pmus_yaounde,centre ville,Agent_12,YAOUNDE
5,4,5,3,5,mistral:7b,data_pmus_yaounde,q1_1,Agent_12,UN QUARTIER DE LA VILLE DE YAOUNDE
4,4,4,3,4,mistral:7b,data_pmus_yaounde,q1_1_a,Agent_12,EKIE
4,4,3,3,3,mistral:7b,data_pmus_yaounde,q1_1_b,Agent_12,10EME ARRET
1,1,1,1,3,mistral:7b,data_pmus_yaounde,q1_1_c,Agent_12,nan
5,4,5,3,5,mistral:7b,data_pmus_yaounde,q1_2,Agent_12,UN QUARTIER DE LA VILLE DE YAOUNDE
4,4,4,3,4,mistral:7b,data_pmus_yaounde,q1_2_a,Agent_12,EKIE
4,4,3,3,3,mistral:7b,data_pmus_yaounde,q1_2_b,Agent_12,10 IEME ARRET
1,1,1,1,3,mistral:7b,data_pmus_yaounde,q1_3_c,Agent_12,nan
3,3,4,3,3,mistral:7b,data_pmus_yaounde,q2_1,Agent_12,A PIED
4,4,3,3,3,mistral:7b,data_pmus_yaounde,q2_2_1,Agent_12,2 CHEVEAU
4,4,3,3,3,mistral:7b,data_pmus_yaounde,q2_2_2,Agent_12,10 E ARRET
4,4,3,3,3,mistral:7b,data_pmus_yaounde,q2_3_1,Agent_12,0LESOA
4,4,3,3,3,mistral:7b,data_pmus_yaounde,q2_3_2,Agent_12,AHALA 2EME ECHANGEUR
4,4,5,3,5,mistral:7b,data_pmus_yaounde,q2_3,Agent_12,NON
4,4,4,3,4,mistral:7b,data_pmus_yaounde,q2_4,Agent_12,PAR BUS AGENCE INTERURBAIN
4,4,4,3,4,mistral:7b,data_pmus_yaounde,q2_5_1,Agent_12,A B0NAS
4,4,4,3,4,mistral:7b,data_pmus_yaounde,q2_5_2,Agent_12,0MPHINE
4,4,4,3,4,mistral:7b,data_pmus_yaounde,q2_6_1,Agent_12,AHALA
4,4,4,3,4,mistral:7b,data_pmus_yaounde,q2_6_2,Agent_12,GARE ROUTIERE
4,3,5,3,5,mistral:7b,data_pmus_yaounde,q3_1,Agent_12,NON
4,3,4,3,3,mistral:7b,data_pmus_yaounde,q3_2,Agent_12,A PIED
4,4,4,3,4,mistral:7b,data_pmus_yaounde,q3_3_1,Agent_12,AHALA
4,4,3,3,3,mistral:7b,data_pmus_yaounde,q3_3_2,Agent_12,GARE ROUTIERE
1,1,1,1,3,mistral:7b,data_pmus_yaounde,q4_1_a,Agent_12,nan
4,3,3,3,4,mistral:7b,data_pmus_yaounde,q4_1_b,Agent_12,PLUS DE 20 MINUTES
4,4,2,4,2,mistral:7b,data_pmus_yaounde,q4_2_a,Agent_12,Veuillez indiquer depuis combien de temps vous attendez.
4,3,5,3,4,mistral:7b,data_pmus_yaounde,q4_2_b,Agent_12,PLUS DE 1HEURE
1,1,1,1,3,mistral:7b,data_pmus_yaounde,q4_3,Agent_12,nan
4,3,4,3,4,mistral:7b,data_pmus_yaounde,q4_4,Agent_12,VISITE FAMILLE
3,3,4,3,4,mistral:7b,data_pmus_yaounde,q4_4_autres,Agent_12,ACHAT
5,3,5,3,5,mistral:7b,data_pmus_yaounde,q5_1,Agent_12,ENTRE 26 ET 35 ANS
5,3,4,3,5,mistral:7b,data_pmus_yaounde,q5_2,Agent_12,MOINS DE 30 000
5,4,5,3,5,mistral:7b,data_pmus_yaounde,q5_3,Agent_12,HOMME
4,4,4,3,4,mistral:7b,data_pmus_yaounde,centre ville,Agent_13,YAOUNDE
5,4,5,3,5,mistral:7b,data_pmus_yaounde,q1_1,Agent_13,UN QUARTIER DE LA VILLE DE YAOUNDE
4,4,4,3,4,mistral:7b,data_pmus_yaounde,q1_1_a,Agent_13,ABIT
4,4,3,3,3,mistral:7b,data_pmus_yaounde,q1_1_b,Agent_13,CARREFOUR
4,4,4,3,4,mistral:7b,data_pmus_yaounde,q1_1_c,Agent_13,AFANOYA
5,4,5,3,5,mistral:7b,data_pmus_yaounde,q1_2,Agent_13,UN QUARTIER DE LA VILLE DE YAOUNDE
4,4,4,3,4,mistral:7b,data_pmus_yaounde,q1_2_a,Agent_13,TKA
4,4,3,3,3,mistral:7b,data_pmus_yaounde,q1_2_b,Agent_13,10 IEME ARRET
1,1,1,1,3,mistral:7b,data_pmus_yaounde,q1_3_c,Agent_13,nan
3,3,4,3,3,mistral:7b,data_pmus_yaounde,q2_1,Agent_13,PAR TAXI
4,4,3,3,3,mistral:7b,data_pmus_yaounde,q2_2_1,Agent_13,2 CHEVEAU
4,4,3,3,3,mistral:7b,data_pmus_yaounde,q2_2_2,Agent_13,10 E ARRET
4,4,3,3,3,mistral:7b,data_pmus_yaounde,q2_3_1,Agent_13,0LESOA
4,4,3,3,3,mistral:7b,data_pmus_yaounde,q2_3_2,Agent_13,0NANA
4,4,5,3,5,mistral:7b,data_pmus_yaounde,q2_3,Agent_13,NON
4,4,4,3,4,mistral:7b,data_pmus_yaounde,q2_4,Agent_13,PAR CARGO MINI BUS
4,4,4,3,4,mistral:7b,data_pmus_yaounde,q2_5_1,Agent_13,A B0NAS
4,4,4,3,4,mistral:7b,data_pmus_yaounde,q2_5_2,Agent_13,0MPHINE
4,4,4,3,4,mistral:7b,data_pmus_yaounde,q2_6_1,Agent_13,ABATTOIR
4,4,4,3,4,mistral:7b,data_pmus_yaounde,q2_6_2,Agent_13,11EME ARRET
4,3,5,3,5,mistral:7b,data_pmus_yaounde,q3_1,Agent_13,NON
4,3,4,3,3,mistral:7b,data_pmus_yaounde,q3_2,Agent_13,A PIED
4,4,4,3,4,mistral:7b,data_pmus_yaounde,q3_3_1,Agent_13,ACACIA
4,4,3,3,3,mistral:7b,data_pmus_yaounde,q3_3_2,Agent_13,10 IEME ARRET
4,4,2,4,2,mistral:7b,data_pmus_yaounde,q4_1_a,Agent_13,Veuillez indiquer depuis combien de temps vous attendez.
4,3,3,3,4,mistral:7b,data_pmus_yaounde,q4_1_b,Agent_13,PLUS DE 20 MINUTES
4,4,2,4,2,mistral:7b,data_pmus_yaounde,q4_2_a,Agent_13,Veuillez indiquer depuis combien de temps vous attendez.
4,3,5,3,4,mistral:7b,data_pmus_yaounde,q4_2_b,Agent_13,30 60 MIN
4,4,4,3,4,mistral:7b,data_pmus_yaounde,q4_3,Agent_13,3500.0
4,3,4,3,4,mistral:7b,data_pmus_yaounde,q4_4,Agent_13,TRAVAIL
3,3,4,3,4,mistral:7b,data_pmus_yaounde,q4_4_autres,Agent_13,ACHAT
5,3,5,3,5,mistral:7b,data_pmus_yaounde,q5_1,Agent_13,ENTRE 36 ET 45 ANS
5,3,4,3,5,mistral:7b,data_pmus_yaounde,q5_2,Agent_13,ENTRE 30 001 ET 100 000
5,4,5,3,5,mistral:7b,data_pmus_yaounde,q5_3,Agent_13,HOMME
4,4,4,3,4,mistral:7b,data_pmus_yaounde,centre ville,Agent_14,YAOUNDE
5,4,5,3,5,mistral:7b,data_pmus_yaounde,q1_1,Agent_14,UN QUARTIER DE LA VILLE DE YAOUNDE
4,4,4,3,4,mistral:7b,data_pmus_yaounde,q1_1_a,Agent_14,ABIT
4,4,3,3,3,mistral:7b,data_pmus_yaounde,q1_1_b,Agent_14,10EME ARRET
4,4,4,3,4,mistral:7b,data_pmus_yaounde,q1_1_c,Agent_14,AFANOYA
5,4,5,3,5,mistral:7b,data_pmus_yaounde,q1_2,Agent_14,UN QUARTIER DE LA VILLE DE YAOUNDE
4,4,4,3,4,mistral:7b,data_pmus_yaounde,q1_2_a,Agent_14,ABOM
4,4,3,3,3,mistral:7b,data_pmus_yaounde,q1_2_b,Agent_14,MVOG BETSI
4,4,4,3,4,mistral:7b,data_pmus_yaounde,q1_3_c,Agent_14,AFANOYA
3,3,4,3,3,mistral:7b,data_pmus_yaounde,q2_1,Agent_14,A PIED
4,4,3,3,3,mistral:7b,data_pmus_yaounde,q2_2_1,Agent_14,MVOG BETSI
4,4,3,3,3,mistral:7b,data_pmus_yaounde,q2_2_2,Agent_14,MVOG BETSI
4,4,3,3,3,mistral:7b,data_pmus_yaounde,q2_3_1,Agent_14,MVOG BETSI
4,4,3,3,3,mistral:7b,data_pmus_yaounde,q2_3_2,Agent_14,MVOG BETSI
4,4,5,3,5,mistral:7b,data_pmus_yaounde,q2_3,Agent_14,NON
4,4,4,3,4,mistral:7b,data_pmus_yaounde,q2_4,Agent_14,PAR BUS AGENCE INTERURBAIN
4,4,4,3,4,mistral:7b,data_pmus_yaounde,q2_5_1,Agent_14,MVOG BETSI
4,4,4,3,4,mistral:7b,data_pmus_yaounde,q2_5_2,Agent_14,0MPHINE
4,4,4,3,4,mistral:7b,data_pmus_yaounde,q2_6_1,Agent_14,MVOG BETSI
4,4,4,3,4,mistral:7b,data_pmus_yaounde,q2_6_2,Agent_14,NGOA EKELLE
4,3,5,3,5,mistral:7b,data_pmus_yaounde,q3_1,Agent_14,NON
4,3,4,3,3,mistral:7b,data_pmus_yaounde,q3_2,Agent_14,PAR BUS AGENCE INTERURBAIN
4,4,4,3,4,mistral:7b,data_pmus_yaounde,q3_3_1,Agent_14,NGOA EKELLE
4,4,3,3,3,mistral:7b,data_pmus_yaounde,q3_3_2,Agent_14,MVOG BETSI
1,1,1,1,3,mistral:7b,data_pmus_yaounde,q4_1_a,Agent_14,nan
1,1,1,1,3,mistral:7b,data_pmus_yaounde,q4_1_b,Agent_14,nan
1,1,1,1,3,mistral:7b,data_pmus_yaounde,q4_2_a,Agent_14,nan
4,3,5,3,4,mistral:7b,data_pmus_yaounde,q4_2_b,Agent_14,MOINS DE 15 MIN
4,4,4,3,4,mistral:7b,data_pmus_yaounde,q4_3,Agent_14,2900.0
4,3,4,3,4,mistral:7b,data_pmus_yaounde,q4_4,Agent_14,VISITE FAMILLE
3,3,4,3,4,mistral:7b,data_pmus_yaounde,q4_4_autres,Agent_14,ACHAT
5,3,5,3,5,mistral:7b,data_pmus_yaounde,q5_1,Agent_14,ENTRE 36 ET 45 ANS
5,3,4,3,5,mistral:7b,data_pmus_yaounde,q5_2,Agent_14,ENTRE 30 001 ET 100 000
5,4,5,3,5,mistral:7b,data_pmus_yaounde,q5_3,Agent_14,HOMME
4,4,4,3,4,mistral:7b,data_pmus_yaounde,centre ville,Agent_15,YAOUNDE
5,4,5,3,5,mistral:7b,data_pmus_yaounde,q1_1,Agent_15,UN QUARTIER DE LA VILLE DE YAOUNDE
4,4,4,3,4,mistral:7b,data_pmus_yaounde,q1_1_a,Agent_15,NKOLKAK
1,1,1,1,3,mistral:7b,data_pmus_yaounde,q1_1_b,Agent_15,nan
4,4,4,3,4,mistral:7b,data_pmus_yaounde,q1_1_c,Agent_15,AFANOYA
5,4,5,3,5,mistral:7b,data_pmus_yaounde,q1_2,Agent_15,UN QUARTIER DE LA VILLE DE YAOUNDE
4,4,4,3,4,mistral:7b,data_pmus_yaounde,q1_2_a,Agent_15,ABOM
4,4,3,3,3,mistral:7b,data_pmus_yaounde,q1_2_b,Agent_15,10 IEME ARRET
4,4,4,3,4,mistral:7b,data_pmus_yaounde,q1_3_c,Agent_15,NKOL AFAMBA
3,3,4,3,3,mistral:7b,data_pmus_yaounde,q2_1,Agent_15,PAR BUS AGENCE INTERURBAIN
4,4,3,3,3,mistral:7b,data_pmus_yaounde,q2_2_1,Agent_15,2 CHEVEAU
4,4,3,3,3,mistral:7b,data_pmus_yaounde,q2_2_2,Agent_15,10 E ARRET
4,4,3,3,3,mistral:7b,data_pmus_yaounde,q2_3_1,Agent_15,0LESOA
4,4,3,3,3,mistral:7b,data_pmus_yaounde,q2_3_2,Agent_15,0NANA
4,4,5,3,5,mistral:7b,data_pmus_yaounde,q2_3,Agent_15,NON
4,4,4,3,4,mistral:7b,data_pmus_yaounde,q2_4,Agent_15,PAR BUS AGENCE INTERURBAIN
4,4,4,3,4,mistral:7b,data_pmus_yaounde,q2_5_1,Agent_15,CARREFOUR BASTOS
4,4,4,3,4,mistral:7b,data_pmus_yaounde,q2_5_2,Agent_15,TSINGA VILLAGE
4,4,4,3,4,mistral:7b,data_pmus_yaounde,q2_6_1,Agent_15,TSINGA
4,4,4,3,4,mistral:7b,data_pmus_yaounde,q2_6_2,Agent_15,11EME ARRET
4,3,5,3,5,mistral:7b,data_pmus_yaounde,q3_1,Agent_15,NON
4,3,4,3,3,mistral:7b,data_pmus_yaounde,q3_2,Agent_15,PAR BUS AGENCE INTERURBAIN
4,4,4,3,4,mistral:7b,data_pmus_yaounde,q3_3_1,Agent_15,TSINGA
4,4,3,3,3,mistral:7b,data_pmus_yaounde,q3_3_2,Agent_15,10 IEME ARRET
4,4,2,4,2,mistral:7b,data_pmus_yaounde,q4_1_a,Agent_15,Veuillez indiquer depuis combien de temps vous attendez.
4,3,3,3,4,mistral:7b,data_pmus_yaounde,q4_1_b,Agent_15,MOINS DE 5 MIN
4,4,2,4,2,mistral:7b,data_pmus_yaounde,q4_2_a,Agent_15,Veuillez indiquer depuis combien de temps vous attendez.
4,3,5,3,4,mistral:7b,data_pmus_yaounde,q4_2_b,Agent_15,30 60 MIN
4,4,4,3,4,mistral:7b,data_pmus_yaounde,q4_3,Agent_15,1750.0
4,3,4,3,4,mistral:7b,data_pmus_yaounde,q4_4,Agent_15,TRAVAIL
3,3,4,3,4,mistral:7b,data_pmus_yaounde,q4_4_autres,Agent_15,ACHAT
5,3,5,3,5,mistral:7b,data_pmus_yaounde,q5_1,Agent_15,ENTRE 18 ET 25 ANS
5,3,4,3,5,mistral:7b,data_pmus_yaounde,q5_2,Agent_15,ENTRE 30 001 ET 100 000
5,4,5,3,5,mistral:7b,data_pmus_yaounde,q5_3,Agent_15,HOMME
4,4,4,3,4,mistral:7b,data_pmus_yaounde,centre ville,Agent_16,YAOUNDE
5,4,5,3,5,mistral:7b,data_pmus_yaounde,q1_1,Agent_16,UN QUARTIER DE LA VILLE DE YAOUNDE
4,4,4,3,4,mistral:7b,data_pmus_yaounde,q1_1_a,Agent_16,NOMAYOS
4,4,3,3,3,mistral:7b,data_pmus_yaounde,q1_1_b,Agent_16,NOMAYOS
4,4,4,3,4,mistral:7b,data_pmus_yaounde,q1_1_c,Agent_16,NOMAYOS
5,4,5,3,5,mistral:7b,data_pmus_yaounde,q1_2,Agent_16,UN QUARTIER DE LA VILLE DE YAOUNDE
4,4,4,3,4,mistral:7b,data_pmus_yaounde,q1_2_a,Agent_16,NOMAYOS
4,4,3,3,3,mistral:7b,data_pmus_yaounde,q1_2_b,Agent_16,NOMAYOS
1,1,1,1,3,mistral:7b,data_pmus_yaounde,q1_3_c,Agent_16,nan
3,3,4,3,3,mistral:7b,data_pmus_yaounde,q2_1,Agent_16,PAR BUS AGENCE INTERURBAIN
4,4,3,3,3,mistral:7b,data_pmus_yaounde,q2_2_1,Agent_16,NOMAYOS
4,4,3,3,3,mistral:7b,data_pmus_yaounde,q2_2_2,Agent_16,10 E ARRET
4,4,3,3,3,mistral:7b,data_pmus_yaounde,q2_3_1,Agent_16,0LESOA
4,4,3,3,3,mistral:7b,data_pmus_yaounde,q2_3_2,Agent_16,0NANA
4,4,5,3,5,mistral:7b,data_pmus_yaounde,q2_3,Agent_16,NON
4,4,4,3,4,mistral:7b,data_pmus_yaounde,q2_4,Agent_16,PAR BUS AGENCE INTERURBAIN
4,4,4,3,4,mistral:7b,data_pmus_yaounde,q2_5_1,Agent_16,NKOL FOULOU
4,4,4,3,4,mistral:7b,data_pmus_yaounde,q2_5_2,Agent_16,NIVEAU DES LAMPADER
4,4,4,3,4,mistral:7b,data_pmus_yaounde,q2_6_1,Agent_16,TERMINUS ODJA
4,4,4,3,4,mistral:7b,data_pmus_yaounde,q2_6_2,Agent_16,BARRIERE
4,3,5,3,5,mistral:7b,data_pmus_yaounde,q3_1,Agent_16,NON
4,3,4,3,3,mistral:7b,data_pmus_yaounde,q3_2,Agent_16,PAR BUS AGENCE INTERURBAIN
4,4,4,3,4,mistral:7b,data_pmus_yaounde,q3_3_1,Agent_16,ACACIA
4,4,3,3,3,mistral:7b,data_pmus_yaounde,q3_3_2,Agent_16,10 IEME ARRET
4,4,2,4,2,mistral:7b,data_pmus_yaounde,q4_1_a,Agent_16,Veuillez indiquer depuis combien de temps vous attendez.
4,3,3,3,4,mistral:7b,data_pmus_yaounde,q4_1_b,Agent_16,PLUS DE 20 MINUTES
4,4,2,4,2,mistral:7b,data_pmus_yaounde,q4_2_a,Agent_16,Veuillez indiquer depuis combien de temps vous attendez.
4,3,5,3,4,mistral:7b,data_pmus_yaounde,q4_2_b,Agent_16,15 30 MIN
4,4,4,3,4,mistral:7b,data_pmus_yaounde,q4_3,Agent_16,1550.0
4,3,4,3,4,mistral:7b,data_pmus_yaounde,q4_4,Agent_16,D MARCHES ADMINISTRATIVES ET OU SANT
3,3,4,3,4,mistral:7b,data_pmus_yaounde,q4_4_autres,Agent_16,ACHAT
5,3,5,3,5,mistral:7b,data_pmus_yaounde,q5_1,Agent_16,ENTRE 18 ET 25 ANS
5,3,4,3,5,mistral:7b,data_pmus_yaounde,q5_2,Agent_16,ENTRE 30 001 ET 100 000
5,4,5,3,5,mistral:7b,data_pmus_yaounde,q5_3,Agent_16,HOMME
4,4,4,3,4,mistral:7b,data_pmus_yaounde,centre ville,Agent_17,YAOUNDE
5,4,5,3,5,mistral:7b,data_pmus_yaounde,q1_1,Agent_17,UN QUARTIER DE LA VILLE DE YAOUNDE
4,4,4,3,4,mistral:7b,data_pmus_yaounde,q1_1_a,Agent_17,MVOG BETSI
4,4,3,3,3,mistral:7b,data_pmus_yaounde,q1_1_b,Agent_17,10EME ARRET
4,4,4,3,4,mistral:7b,data_pmus_yaounde,q1_1_c,Agent_17,AFANOYA
5,4,5,3,5,mistral:7b,data_pmus_yaounde,q1_2,Agent_17,UN QUARTIER DE LA VILLE DE YAOUNDE
4,4,4,3,4,mistral:7b,data_pmus_yaounde,q1_2_a,Agent_17,BEATITUDE
4,4,3,3,3,mistral:7b,data_pmus_yaounde,q1_2_b,Agent_17,BEATITUDE
1,1,1,1,3,mistral:7b,data_pmus_yaounde,q1_3_c,Agent_17,nan
3,3,4,3,3,mistral:7b,data_pmus_yaounde,q2_1,Agent_17,A PIED
4,4,3,3,3,mistral:7b,data_pmus_yaounde,q2_2_1,Agent_17,BEATITUDE
1,1,1,1,3,mistral:7b,data_pmus_yaounde,q2_2_2,Agent_17,nan
1,1,1,1,3,mistral:7b,data_pmus_yaounde,q2_3_1,Agent_17,nan
4,4,3,3,3,mistral:7b,data_pmus_yaounde,q2_3_2,Agent_17,BEATITUDE
4,4,5,3,5,mistral:7b,data_pmus_yaounde,q2_3,Agent_17,NON
4,4,4,3,4,mistral:7b,data_pmus_yaounde,q2_4,Agent_17,A PIED
4,4,4,3,4,mistral:7b,data_pmus_yaounde,q2_5_1,Agent_17,NKOL FOULOU
4,4,4,3,4,mistral:7b,data_pmus_yaounde,q2_5_2,Agent_17,0MPHINE
4,4,4,3,4,mistral:7b,data_pmus_yaounde,q2_6_1,Agent_17,NKOL FOULOU
1,1,1,1,3,mistral:7b,data_pmus_yaounde,q2_6_2,Agent_17,nan
4,3,5,3,5,mistral:7b,data_pmus_yaounde,q3_1,Agent_17,NON
4,3,4,3,3,mistral:7b,data_pmus_yaounde,q3_2,Agent_17,A PIED
4,4,4,3,4,mistral:7b,data_pmus_yaounde,q3_3_1,Agent_17,NKOL FOULOU
4,4,3,3,3,mistral:7b,data_pmus_yaounde,q3_3_2,Agent_17,NKOL FOULOU
1,1,1,1,3,mistral:7b,data_pmus_yaounde,q4_1_a,Agent_17,nan
4,3,3,3,4,mistral:7b,data_pmus_yaounde,q4_1_b,Agent_17,PLUS DE 20 MINUTES
4,4,2,4,2,mistral:7b,data_pmus_yaounde,q4_2_a,Agent_17,Veuillez indiquer depuis combien de temps vous attendez.
4,3,5,3,4,mistral:7b,data_pmus_yaounde,q4_2_b,Agent_17,PLUS DE 1HEURE
1,1,1,1,3,mistral:7b,data_pmus_yaounde,q4_3,Agent_17,nan
4,3,4,3,4,mistral:7b,data_pmus_yaounde,q4_4,Agent_17,TRAVAIL
3,3,4,3,4,mistral:7b,data_pmus_yaounde,q4_4_autres,Agent_17,RECUPERE SON VEHICULE
5,3,5,3,5,mistral:7b,data_pmus_yaounde,q5_1,Agent_17,ENTRE 36 ET 45 ANS
5,3,4,3,5,mistral:7b,data_pmus_yaounde,q5_2,Agent_17,MOINS DE 30 000
5,4,5,3,5,mistral:7b,data_pmus_yaounde,q5_3,Agent_17,HOMME
4,4,4,3,4,mistral:7b,data_pmus_yaounde,centre ville,Agent_18,YAOUNDE
5,4,5,3,5,mistral:7b,data_pmus_yaounde,q1_1,Agent_18,UN QUARTIER DE LA VILLE DE YAOUNDE
4,4,4,3,4,mistral:7b,data_pmus_yaounde,q1_1_a,Agent_18,ABIT
4,4,3,3,3,mistral:7b,data_pmus_yaounde,q1_1_b,Agent_18,10EME ARRET
4,4,4,3,4,mistral:7b,data_pmus_yaounde,q1_1_c,Agent_18,AFANOYA
5,4,5,3,5,mistral:7b,data_pmus_yaounde,q1_2,Agent_18,UN QUARTIER DE LA VILLE DE YAOUNDE
4,4,4,3,4,mistral:7b,data_pmus_yaounde,q1_2_a,Agent_18,ABOM
4,4,3,3,3,mistral:7b,data_pmus_yaounde,q1_2_b,Agent_18,10 IEME ARRET
4,4,4,3,4,mistral:7b,data_pmus_yaounde,q1_3_c,Agent_18,AFANOYA
3,3,4,3,3,mistral:7b,data_pmus_yaounde,q2_1,Agent_18,A PIED
4,4,3,3,3,mistral:7b,data_pmus_yaounde,q2_2_1,Agent_18,NOIM2
4,4,3,3,3,mistral:7b,data_pmus_yaounde,q2_2_2,Agent_18,10 E ARRET
4,4,3,3,3,mistral:7b,data_pmus_yaounde,q2_3_1,Agent_18,CAMTEL
4,4,3,3,3,mistral:7b,data_pmus_yaounde,q2_3_2,Agent_18,0NANA
4,4,5,3,5,mistral:7b,data_pmus_yaounde,q2_3,Agent_18,NON
4,4,4,3,4,mistral:7b,data_pmus_yaounde,q2_4,Agent_18,A PIED
4,4,4,3,4,mistral:7b,data_pmus_yaounde,q2_5_1,Agent_18,NHOKELE
4,4,4,3,4,mistral:7b,data_pmus_yaounde,q2_5_2,Agent_18,0MPHINE
4,4,4,3,4,mistral:7b,data_pmus_yaounde,q2_6_1,Agent_18,ABATTOIR
4,4,4,3,4,mistral:7b,data_pmus_yaounde,q2_6_2,Agent_18,GARE ROUTIERE
4,3,5,3,5,mistral:7b,data_pmus_yaounde,q3_1,Agent_18,NON
4,3,4,3,3,mistral:7b,data_pmus_yaounde,q3_2,Agent_18,A PIED
4,4,4,3,4,mistral:7b,data_pmus_yaounde,q3_3_1,Agent_18,MARCHE CENTRAL
4,4,3,3,3,mistral:7b,data_pmus_yaounde,q3_3_2,Agent_18,NSIMALEN
1,1,1,1,3,mistral:7b,data_pmus_yaounde,q4_1_a,Agent_18,nan
4,3,3,3,4,mistral:7b,data_pmus_yaounde,q4_1_b,Agent_18,PLUS DE 20 MINUTES
4,4,2,4,2,mistral:7b,data_pmus_yaounde,q4_2_a,Agent_18,Veuillez indiquer depuis combien de temps vous attendez.
4,3,5,3,4,mistral:7b,data_pmus_yaounde,q4_2_b,Agent_18,MOINS DE 15 MIN
4,4,4,3,4,mistral:7b,data_pmus_yaounde,q4_3,Agent_18,6500.0
4,3,4,3,4,mistral:7b,data_pmus_yaounde,q4_4,Agent_18,VISITE FAMILLE
3,3,4,3,4,mistral:7b,data_pmus_yaounde,q4_4_autres,Agent_18,BALADE
5,3,5,3,5,mistral:7b,data_pmus_yaounde,q5_1,Agent_18,ENTRE 36 ET 45 ANS
5,3,4,3,5,mistral:7b,data_pmus_yaounde,q5_2,Agent_18,ENTRE 30 001 ET 100 000
5,4,5,3,5,mistral:7b,data_pmus_yaounde,q5_3,Agent_18,HOMME
4,4,4,3,4,mistral:7b,data_pmus_yaounde,centre ville,Agent_19,YAOUNDE
5,4,5,3,5,mistral:7b,data_pmus_yaounde,q1_1,Agent_19,UN QUARTIER DE LA VILLE DE YAOUNDE
4,4,4,3,4,mistral:7b,data_pmus_yaounde,q1_1_a,Agent_19,ABIT
1,1,1,1,3,mistral:7b,data_pmus_yaounde,q1_1_b,Agent_19,nan
4,4,4,3,4,mistral:7b,data_pmus_yaounde,q1_1_c,Agent_19,AFANOYA
5,4,5,3,5,mistral:7b,data_pmus_yaounde,q1_2,Agent_19,UN QUARTIER DE LA VILLE DE YAOUNDE
4,4,4,3,4,mistral:7b,data_pmus_yaounde,q1_2_a,Agent_19,ABOM
4,4,3,3,3,mistral:7b,data_pmus_yaounde,q1_2_b,Agent_19,RUE DAMAS
4,4,4,3,4,mistral:7b,data_pmus_yaounde,q1_3_c,Agent_19,AFANOYA
3,3,4,3,3,mistral:7b,data_pmus_yaounde,q2_1,Agent_19,PAR TAXI
4,4,3,3,3,mistral:7b,data_pmus_yaounde,q2_2_1,Agent_19,2 CHEVEAU
4,4,3,3,3,mistral:7b,data_pmus_yaounde,q2_2_2,Agent_19,10 E ARRET
4,4,3,3,3,mistral:7b,data_pmus_yaounde,q2_3_1,Agent_19,DAMAS
4,4,3,3,3,mistral:7b,data_pmus_yaounde,q2_3_2,Agent_19,ROND POINTVDAMAS
4,4,5,3,5,mistral:7b,data_pmus_yaounde,q2_3,Agent_19,NON
4,4,4,3,4,mistral:7b,data_pmus_yaounde,q2_4,Agent_19,PAR TAXI
4,4,4,3,4,mistral:7b,data_pmus_yaounde,q2_5_1,Agent_19,DAMAS
4,4,4,3,4,mistral:7b,data_pmus_yaounde,q2_5_2,Agent_19,0MPHINE
4,4,4,3,4,mistral:7b,data_pmus_yaounde,q2_6_1,Agent_19,DAMAS
4,4,4,3,4,mistral:7b,data_pmus_yaounde,q2_6_2,Agent_19,DAMAS
4,3,5,3,5,mistral:7b,data_pmus_yaounde,q3_1,Agent_19,NON
4,3,4,3,3,mistral:7b,data_pmus_yaounde,q3_2,Agent_19,PAR TAXI
4,4,4,3,4,mistral:7b,data_pmus_yaounde,q3_3_1,Agent_19,DAMAS
4,4,3,4,3,mistral:7b,data_pmus_yaounde,q3_3_2,Agent_19,EN FACE DU MARCHE
4,4,2,4,2,mistral:7b,data_pmus_yaounde,q4_1_a,Agent_19,Veuillez indiquer depuis combien de temps vous attendez.
4,3,3,4,4,mistral:7b,data_pmus_yaounde,q4_1_b,Agent_19,PLUS DE 20 MINUTES
4,4,2,4,2,mistral:7b,data_pmus_yaounde,q4_2_a,Agent_19,Veuillez indiquer depuis combien de temps vous attendez.
4,3,5,4,4,mistral:7b,data_pmus_yaounde,q4_2_b,Agent_19,30 60 MIN
4,4,4,4,4,mistral:7b,data_pmus_yaounde,q4_3,Agent_19,5000.0
4,3,4,4,4,mistral:7b,data_pmus_yaounde,q4_4,Agent_19,VISITE FAMILLE
3,3,4,4,4,mistral:7b,data_pmus_yaounde,q4_4_autres,Agent_19,ACHAT
5,3,5,4,5,mistral:7b,data_pmus_yaounde,q5_1,Agent_19,ENTRE 55ANS ET 64 ANS
5,3,4,4,5,mistral:7b,data_pmus_yaounde,q5_2,Agent_19,ENTRE 30 001 ET 100 000
5,4,5,4,5,mistral:7b,data_pmus_yaounde,q5_3,Agent_19,FEMME
4,4,4,4,4,mistral:7b,data_pmus_yaounde,centre ville,Agent_20,YAOUNDE
5,4,5,4,5,mistral:7b,data_pmus_yaounde,q1_1,Agent_20,UN QUARTIER DE LA VILLE DE YAOUNDE
4,4,4,4,4,mistral:7b,data_pmus_yaounde,q1_1_a,Agent_20,CARREFOUR MEEC
1,1,1,1,3,mistral:7b,data_pmus_yaounde,q1_1_b,Agent_20,nan
4,4,4,4,4,mistral:7b,data_pmus_yaounde,q1_1_c,Agent_20,AFANOYA
5,4,5,4,5,mistral:7b,data_pmus_yaounde,q1_2,Agent_20,UN QUARTIER DE LA VILLE DE YAOUNDE
4,4,4,4,4,mistral:7b,data_pmus_yaounde,q1_2_a,Agent_20,CARREFOUR MEEC
4,4,3,4,3,mistral:7b,data_pmus_yaounde,q1_2_b,Agent_20,10 IEME ARRET
4,4,4,4,4,mistral:7b,data_pmus_yaounde,q1_3_c,Agent_20,AFANOYA
3,3,4,4,3,mistral:7b,data_pmus_yaounde,q2_1,Agent_20,A PIED
4,4,3,4,3,mistral:7b,data_pmus_yaounde,q2_2_1,Agent_20,2 CHEVEAU
4,4,3,4,3,mistral:7b,data_pmus_yaounde,q2_2_2,Agent_20,BAOBA
4,4,3,4,3,mistral:7b,data_pmus_yaounde,q2_3_1,Agent_20,0LESOA
4,4,3,4,3,mistral:7b,data_pmus_yaounde,q2_3_2,Agent_20,CARREF0UR
4,4,5,4,5,mistral:7b,data_pmus_yaounde,q2_3,Agent_20,NON
4,4,4,4,4,mistral:7b,data_pmus_yaounde,q2_4,Agent_20,A PIED
4,4,4,4,4,mistral:7b,data_pmus_yaounde,q2_5_1,Agent_20,MINI FERME
4,4,4,4,4,mistral:7b,data_pmus_yaounde,q2_5_2,Agent_20,0MPHINE
4,4,4,4,4,mistral:7b,data_pmus_yaounde,q2_6_1,Agent_20,ABATTOIR
4,4,4,4,4,mistral:7b,data_pmus_yaounde,q2_6_2,Agent_20,ROND POINT MECC
4,3,5,4,5,mistral:7b,data_pmus_yaounde,q3_1,Agent_20,NON
4,3,4,4,3,mistral:7b,data_pmus_yaounde,q3_2,Agent_20,A PIED
4,4,4,4,4,mistral:7b,data_pmus_yaounde,q3_3_1,Agent_20,ACACIA
4,4,3,4,3,mistral:7b,data_pmus_yaounde,q3_3_2,Agent_20,10 IEME ARRET
1,1,1,1,3,mistral:7b,data_pmus_yaounde,q4_1_a,Agent_20,nan
4,3,3,4,4,mistral:7b,data_pmus_yaounde,q4_1_b,Agent_20,PLUS DE 20 MINUTES
4,4,2,4,2,mistral:7b,data_pmus_yaounde,q4_2_a,Agent_20,Veuillez indiquer depuis combien de temps vous attendez.
4,3,5,4,4,mistral:7b,data_pmus_yaounde,q4_2_b,Agent_20,MOINS DE 15 MIN
4,4,4,4,4,mistral:7b,data_pmus_yaounde,q4_3,Agent_20,208.0
4,3,4,4,4,mistral:7b,data_pmus_yaounde,q4_4,Agent_20,COURSES
3,3,4,4,4,mistral:7b,data_pmus_yaounde,q4_4_autres,Agent_20,FAIRE DES ACHATS
5,3,5,4,5,mistral:7b,data_pmus_yaounde,q5_1,Agent_20,ENTRE 18 ET 25 ANS
5,3,4,4,5,mistral:7b,data_pmus_yaounde,q5_2,Agent_20,ENTRE 30 001 ET 100 000
5,4,5,4,5,mistral:7b,data_pmus_yaounde,q5_3,Agent_20,HOMME
4,4,4,4,4,mistral:7b,data_pmus_yaounde,centre ville,Agent_21,YAOUNDE
5,4,5,4,5,mistral:7b,data_pmus_yaounde,q1_1,Agent_21,UN QUARTIER DE LA VILLE DE YAOUNDE
4,4,4,4,4,mistral:7b,data_pmus_yaounde,q1_1_a,Agent_21,BISCUITERIE
4,4,3,4,3,mistral:7b,data_pmus_yaounde,q1_1_b,Agent_21,BISCUITERIE
1,1,1,1,3,mistral:7b,data_pmus_yaounde,q1_1_c,Agent_21,nan
5,4,5,4,5,mistral:7b,data_pmus_yaounde,q1_2,Agent_21,UN QUARTIER DE LA VILLE DE YAOUNDE
4,4,4,4,4,mistral:7b,data_pmus_yaounde,q1_2_a,Agent_21,MELEN
4,4,3,4,3,mistral:7b,data_pmus_yaounde,q1_2_b,Agent_21,10 IEME ARRET
1,1,1,1,3,mistral:7b,data_pmus_yaounde,q1_3_c,Agent_21,nan
3,3,4,4,3,mistral:7b,data_pmus_yaounde,q2_1,Agent_21,A PIED
4,4,3,4,3,mistral:7b,data_pmus_yaounde,q2_2_1,Agent_21,2 CHEVEAU
4,4,3,4,3,mistral:7b,data_pmus_yaounde,q2_2_2,Agent_21,10 E ARRET
4,4,3,4,3,mistral:7b,data_pmus_yaounde,q2_3_1,Agent_21,MELEN
4,4,3,4,3,mistral:7b,data_pmus_yaounde,q2_3_2,Agent_21,0NANA
4,4,5,4,5,mistral:7b,data_pmus_yaounde,q2_3,Agent_21,NON
4,4,4,4,4,mistral:7b,data_pmus_yaounde,q2_4,Agent_21,A PIED
4,4,4,4,4,mistral:7b,data_pmus_yaounde,q2_5_1,Agent_21,MELEN
4,4,4,4,4,mistral:7b,data_pmus_yaounde,q2_5_2,Agent_21,0MPHINE
4,4,4,4,4,mistral:7b,data_pmus_yaounde,q2_6_1,Agent_21,CENTRE VILLE
4,4,4,4,4,mistral:7b,data_pmus_yaounde,q2_6_2,Agent_21,BIYEME
4,3,5,4,5,mistral:7b,data_pmus_yaounde,q3_1,Agent_21,NON
4,3,4,4,3,mistral:7b,data_pmus_yaounde,q3_2,Agent_21,A PIED
4,4,4,4,4,mistral:7b,data_pmus_yaounde,q3_3_1,Agent_21,ACACIA
4,4,3,4,3,mistral:7b,data_pmus_yaounde,q3_3_2,Agent_21,CENTRE VILLE
1,1,1,1,3,mistral:7b,data_pmus_yaounde,q4_1_a,Agent_21,nan
4,3,3,4,4,mistral:7b,data_pmus_yaounde,q4_1_b,Agent_21,PLUS DE 20 MINUTES
4,4,2,4,2,mistral:7b,data_pmus_yaounde,q4_2_a,Agent_21,Veuillez indiquer depuis combien de temps vous attendez.
4,3,5,4,4,mistral:7b,data_pmus_yaounde,q4_2_b,Agent_21,PLUS DE 1HEURE
1,1,1,1,3,mistral:7b,data_pmus_yaounde,q4_3,Agent_21,nan
4,3,4,4,4,mistral:7b,data_pmus_yaounde,q4_4,Agent_21,COURSES
3,3,4,4,4,mistral:7b,data_pmus_yaounde,q4_4_autres,Agent_21,ACHAT
5,3,5,4,5,mistral:7b,data_pmus_yaounde,q5_1,Agent_21,MOINS DE 18 ANS
5,3,4,4,5,mistral:7b,data_pmus_yaounde,q5_2,Agent_21,ENTRE 30 001 ET 100 000
5,4,5,4,5,mistral:7b,data_pmus_yaounde,q5_3,Agent_21,FEMME
4,4,4,4,4,mistral:7b,data_pmus_yaounde,centre ville,Agent_22,YAOUNDE
5,4,5,4,5,mistral:7b,data_pmus_yaounde,q1_1,Agent_22,UN QUARTIER DE LA VILLE DE YAOUNDE
4,4,4,4,4,mistral:7b,data_pmus_yaounde,q1_1_a,Agent_22,NSIMEYONG
4,4,3,4,3,mistral:7b,data_pmus_yaounde,q1_1_b,Agent_22,10EME ARRET
4,4,4,4,4,mistral:7b,data_pmus_yaounde,q1_1_c,Agent_22,AFANOYA
5,4,5,4,5,mistral:7b,data_pmus_yaounde,q1_2,Agent_22,UN QUARTIER DE LA VILLE DE YAOUNDE
4,4,4,4,4,mistral:7b,data_pmus_yaounde,q1_2_a,Agent_22,FOUDA
4,4,3,4,3,mistral:7b,data_pmus_yaounde,q1_2_b,Agent_22,FOUDA
1,1,1,1,3,mistral:7b,data_pmus_yaounde,q1_3_c,Agent_22,nan
3,3,4,4,3,mistral:7b,data_pmus_yaounde,q2_1,Agent_22,PAR BUS AGENCE INTERURBAIN
4,4,3,4,3,mistral:7b,data_pmus_yaounde,q2_2_1,Agent_22,2 CHEVEAU
4,4,3,4,3,mistral:7b,data_pmus_yaounde,q2_2_2,Agent_22,10 E ARRET
4,4,3,4,3,mistral:7b,data_pmus_yaounde,q2_3_1,Agent_22,FOUDA
4,4,3,4,3,mistral:7b,data_pmus_yaounde,q2_3_2,Agent_22,FOUDA
4,4,5,4,5,mistral:7b,data_pmus_yaounde,q2_3,Agent_22,NON
4,4,4,4,4,mistral:7b,data_pmus_yaounde,q2_4,Agent_22,PAR BUS AGENCE INTERURBAIN
4,4,4,4,4,mistral:7b,data_pmus_yaounde,q2_5_1,Agent_22,FOUDA
4,4,4,4,4,mistral:7b,data_pmus_yaounde,q2_5_2,Agent_22,0MPHINE
4,4,4,4,4,mistral:7b,data_pmus_yaounde,q2_6_1,Agent_22,FOUDA
4,4,4,4,4,mistral:7b,data_pmus_yaounde,q2_6_2,Agent_22,CHAPPELLE
4,3,5,4,5,mistral:7b,data_pmus_yaounde,q3_1,Agent_22,NON
4,3,4,4,3,mistral:7b,data_pmus_yaounde,q3_2,Agent_22,PAR BUS AGENCE INTERURBAIN
4,4,4,4,4,mistral:7b,data_pmus_yaounde,q3_3_1,Agent_22,ACACIA
4,4,3,4,3,mistral:7b,data_pmus_yaounde,q3_3_2,Agent_22,CHAPPELLE
1,1,1,1,3,mistral:7b,data_pmus_yaounde,q4_1_a,Agent_22,nan
4,3,3,4,4,mistral:7b,data_pmus_yaounde,q4_1_b,Agent_22,PLUS DE 20 MINUTES
4,4,2,4,2,mistral:7b,data_pmus_yaounde,q4_2_a,Agent_22,Veuillez indiquer depuis combien de temps vous attendez.
4,3,5,4,4,mistral:7b,data_pmus_yaounde,q4_2_b,Agent_22,15 30 MIN
4,4,4,4,4,mistral:7b,data_pmus_yaounde,q4_3,Agent_22,3000.0
4,3,4,4,4,mistral:7b,data_pmus_yaounde,q4_4,Agent_22,D MARCHES ADMINISTRATIVES ET OU SANT
3,3,4,4,4,mistral:7b,data_pmus_yaounde,q4_4_autres,Agent_22,ACHAT
5,3,5,4,5,mistral:7b,data_pmus_yaounde,q5_1,Agent_22,ENTRE 36 ET 45 ANS
5,3,4,4,5,mistral:7b,data_pmus_yaounde,q5_2,Agent_22,ENTRE 300 001 ET 500 000
5,4,5,4,5,mistral:7b,data_pmus_yaounde,q5_3,Agent_22,FEMME
4,4,4,4,4,mistral:7b,data_pmus_yaounde,centre ville,Agent_23,YAOUNDE
5,4,5,4,5,mistral:7b,data_pmus_yaounde,q1_1,Agent_23,UN QUARTIER DE LA VILLE DE YAOUNDE
4,4,4,4,4,mistral:7b,data_pmus_yaounde,q1_1_a,Agent_23,BRASSERIE
4,4,3,4,3,mistral:7b,data_pmus_yaounde,q1_1_b,Agent_23,BRASSERIE
4,4,4,4,4,mistral:7b,data_pmus_yaounde,q1_1_c,Agent_23,AFANOYA
5,4,5,4,5,mistral:7b,data_pmus_yaounde,q1_2,Agent_23,UN QUARTIER DE LA VILLE DE YAOUNDE
4,4,4,4,4,mistral:7b,data_pmus_yaounde,q1_2_a,Agent_23,BRASSERIE
4,4,3,4,3,mistral:7b,data_pmus_yaounde,q1_2_b,Agent_23,BRASSERIE
4,4,4,4,4,mistral:7b,data_pmus_yaounde,q1_3_c,Agent_23,AFANOYA
3,3,4,4,3,mistral:7b,data_pmus_yaounde,q2_1,Agent_23,A PIED
4,4,3,4,3,mistral:7b,data_pmus_yaounde,q2_2_1,Agent_23,BRASSERIE
4,4,3,4,3,mistral:7b,data_pmus_yaounde,q2_2_2,Agent_23,DEVANT BIULAGERIRE
4,4,3,4,3,mistral:7b,data_pmus_yaounde,q2_3_1,Agent_23,BRASSERIE
4,4,3,4,3,mistral:7b,data_pmus_yaounde,q2_3_2,Agent_23,0NANA
4,4,5,4,5,mistral:7b,data_pmus_yaounde,q2_3,Agent_23,NON
4,4,4,4,4,mistral:7b,data_pmus_yaounde,q2_4,Agent_23,A PIED
4,4,4,4,4,mistral:7b,data_pmus_yaounde,q2_5_1,Agent_23,A B0NAS
4,4,4,4,4,mistral:7b,data_pmus_yaounde,q2_5_2,Agent_23,DERNIER POTEAU
4,4,4,4,4,mistral:7b,data_pmus_yaounde,q2_6_1,Agent_23,ONANA
4,4,4,4,4,mistral:7b,data_pmus_yaounde,q2_6_2,Agent_23,DERNIER POTEAU
4,3,5,4,5,mistral:7b,data_pmus_yaounde,q3_1,Agent_23,NON
4,3,4,4,3,mistral:7b,data_pmus_yaounde,q3_2,Agent_23,A PIED
4,4,4,4,4,mistral:7b,data_pmus_yaounde,q3_3_1,Agent_23,ACACIA
4,4,3,4,3,mistral:7b,data_pmus_yaounde,q3_3_2,Agent_23,DERNIER POTEAU
1,1,1,1,3,mistral:7b,data_pmus_yaounde,q4_1_a,Agent_23,nan
4,3,3,4,4,mistral:7b,data_pmus_yaounde,q4_1_b,Agent_23,MOINS DE 5 MIN
4,4,2,4,2,mistral:7b,data_pmus_yaounde,q4_2_a,Agent_23,Veuillez indiquer depuis combien de temps vous attendez.
4,3,5,4,4,mistral:7b,data_pmus_yaounde,q4_2_b,Agent_23,MOINS DE 15 MIN
4,4,4,4,4,mistral:7b,data_pmus_yaounde,q4_3,Agent_23,200.0
4,3,4,4,4,mistral:7b,data_pmus_yaounde,q4_4,Agent_23,VISITE FAMILLE
3,3,4,4,4,mistral:7b,data_pmus_yaounde,q4_4_autres,Agent_23,REUNION FAMILIALE
5,3,5,4,5,mistral:7b,data_pmus_yaounde,q5_1,Agent_23,ENTRE 26 ET 35 ANS
5,3,4,4,5,mistral:7b,data_pmus_yaounde,q5_2,Agent_23,ENTRE 30 001 ET 100 000
5,4,5,4,5,mistral:7b,data_pmus_yaounde,q5_3,Agent_23,HOMME
4,4,4,4,4,mistral:7b,data_pmus_yaounde,centre ville,Agent_24,YAOUNDE
5,4,5,4,5,mistral:7b,data_pmus_yaounde,q1_1,Agent_24,UN QUARTIER DE LA VILLE DE YAOUNDE
4,4,4,4,4,mistral:7b,data_pmus_yaounde,q1_1_a,Agent_24,MVOG ADA
4,4,3,4,3,mistral:7b,data_pmus_yaounde,q1_1_b,Agent_24,10EME ARRET
4,4,4,4,4,mistral:7b,data_pmus_yaounde,q1_1_c,Agent_24,AFANOYA
5,4,5,4,5,mistral:7b,data_pmus_yaounde,q1_2,Agent_24,UN QUARTIER DE LA VILLE DE YAOUNDE
4,4,4,4,4,mistral:7b,data_pmus_yaounde,q1_2_a,Agent_24,NKOLGA
4,4,3,4,3,mistral:7b,data_pmus_yaounde,q1_2_b,Agent_24,10 IEME ARRET
4,4,4,4,4,mistral:7b,data_pmus_yaounde,q1_3_c,Agent_24,AFANOYA
3,3,4,4,3,mistral:7b,data_pmus_yaounde,q2_1,Agent_24,PAR BUS AGENCE INTERURBAIN
4,4,3,4,3,mistral:7b,data_pmus_yaounde,q2_2_1,Agent_24,2 CHEVEAU
4,4,3,4,3,mistral:7b,data_pmus_yaounde,q2_2_2,Agent_24,10 E ARRET
4,4,3,4,3,mistral:7b,data_pmus_yaounde,q2_3_1,Agent_24,0LESOA
4,4,3,4,3,mistral:7b,data_pmus_yaounde,q2_3_2,Agent_24,0NANA
4,4,5,4,5,mistral:7b,data_pmus_yaounde,q2_3,Agent_24,NON
4,4,4,4,4,mistral:7b,data_pmus_yaounde,q2_4,Agent_24,PAR BUS AGENCE INTERURBAIN
4,4,4,4,4,mistral:7b,data_pmus_yaounde,q2_5_1,Agent_24,A B0NAS
4,4,4,4,4,mistral:7b,data_pmus_yaounde,q2_5_2,Agent_24,0MPHINE
4,4,4,4,4,mistral:7b,data_pmus_yaounde,q2_6_1,Agent_24,ONANA
4,4,4,4,4,mistral:7b,data_pmus_yaounde,q2_6_2,Agent_24,11EME ARRET
4,3,5,4,5,mistral:7b,data_pmus_yaounde,q3_1,Agent_24,NON
4,3,4,4,3,mistral:7b,data_pmus_yaounde,q3_2,Agent_24,PAR BUS AGENCE INTERURBAIN
4,4,4,4,4,mistral:7b,data_pmus_yaounde,q3_3_1,Agent_24,ACACIA
4,4,3,4,3,mistral:7b,data_pmus_yaounde,q3_3_2,Agent_24,10 IEME ARRET
1,1,1,1,3,mistral:7b,data_pmus_yaounde,q4_1_a,Agent_24,nan
4,3,3,4,4,mistral:7b,data_pmus_yaounde,q4_1_b,Agent_24,PLUS DE 20 MINUTES
4,4,2,4,2,mistral:7b,data_pmus_yaounde,q4_2_a,Agent_24,Veuillez indiquer depuis combien de temps vous attendez.
4,3,5,4,4,mistral:7b,data_pmus_yaounde,q4_2_b,Agent_24,30 60 MIN
4,4,4,4,4,mistral:7b,data_pmus_yaounde,q4_3,Agent_24,700.0
4,3,4,4,4,mistral:7b,data_pmus_yaounde,q4_4,Agent_24,TRAVAIL
3,3,4,4,4,mistral:7b,data_pmus_yaounde,q4_4_autres,Agent_24,ACHAT
5,3,5,4,5,mistral:7b,data_pmus_yaounde,q5_1,Agent_24,ENTRE 26 ET 35 ANS
5,3,4,4,5,mistral:7b,data_pmus_yaounde,q5_2,Agent_24,ENTRE 30 001 ET 100 000
5,4,5,4,5,mistral:7b,data_pmus_yaounde,q5_3,Agent_24,FEMME
4,4,4,4,4,mistral:7b,data_pmus_yaounde,centre ville,Agent_25,YAOUNDE
5,4,5,4,5,mistral:7b,data_pmus_yaounde,q1_1,Agent_25,UN QUARTIER DE LA VILLE DE YAOUNDE
4,4,4,4,4,mistral:7b,data_pmus_yaounde,q1_1_a,Agent_25,ABIT
4,4,3,4,3,mistral:7b,data_pmus_yaounde,q1_1_b,Agent_25,10EME ARRET
4,4,4,4,4,mistral:7b,data_pmus_yaounde,q1_1_c,Agent_25,AFANOYA
5,4,5,4,5,mistral:7b,data_pmus_yaounde,q1_2,Agent_25,UN QUARTIER DE LA VILLE DE YAOUNDE
4,4,4,4,4,mistral:7b,data_pmus_yaounde,q1_2_a,Agent_25,LEBOUDI
4,4,3,4,3,mistral:7b,data_pmus_yaounde,q1_2_b,Agent_25,LEBOUDI
4,4,4,4,4,mistral:7b,data_pmus_yaounde,q1_3_c,Agent_25,AFANOYA
3,3,4,4,3,mistral:7b,data_pmus_yaounde,q2_1,Agent_25,PAR BUS AGENCE INTERURBAIN
4,4,3,4,3,mistral:7b,data_pmus_yaounde,q2_2_1,Agent_25,LEBOUDI
4,4,3,4,3,mistral:7b,data_pmus_yaounde,q2_2_2,Agent_25,LEBOUDI
4,4,3,4,3,mistral:7b,data_pmus_yaounde,q2_3_1,Agent_25,LEBOUDI
4,4,3,4,3,mistral:7b,data_pmus_yaounde,q2_3_2,Agent_25,LEBOUDI
4,4,5,4,5,mistral:7b,data_pmus_yaounde,q2_3,Agent_25,NON
4,4,4,4,4,mistral:7b,data_pmus_yaounde,q2_4,Agent_25,PAR BUS AGENCE INTERURBAIN
4,4,4,4,4,mistral:7b,data_pmus_yaounde,q2_5_1,Agent_25,LEBOUDI
4,4,4,4,4,mistral:7b,data_pmus_yaounde,q2_5_2,Agent_25,LEBOUDI
4,4,4,4,4,mistral:7b,data_pmus_yaounde,q2_6_1,Agent_25,LEBOUDI
4,4,4,4,4,mistral:7b,data_pmus_yaounde,q2_6_2,Agent_25,11EME ARRET
4,3,5,4,5,mistral:7b,data_pmus_yaounde,q3_1,Agent_25,NON
4,3,4,4,3,mistral:7b,data_pmus_yaounde,q3_2,Agent_25,PAR BUS AGENCE INTERURBAIN
4,4,4,4,4,mistral:7b,data_pmus_yaounde,q3_3_1,Agent_25,LEBOUDI
4,4,3,4,3,mistral:7b,data_pmus_yaounde,q3_3_2,Agent_25,10 IEME ARRET
1,1,1,1,3,mistral:7b,data_pmus_yaounde,q4_1_a,Agent_25,nan
4,3,3,4,4,mistral:7b,data_pmus_yaounde,q4_1_b,Agent_25,PLUS DE 20 MINUTES
4,4,2,4,2,mistral:7b,data_pmus_yaounde,q4_2_a,Agent_25,Veuillez indiquer depuis combien de temps vous attendez.
4,3,5,4,4,mistral:7b,data_pmus_yaounde,q4_2_b,Agent_25,30 60 MIN
4,4,4,4,4,mistral:7b,data_pmus_yaounde,q4_3,Agent_25,3000.0
4,3,4,4,4,mistral:7b,data_pmus_yaounde,q4_4,Agent_25,VISITE FAMILLE
3,3,4,4,4,mistral:7b,data_pmus_yaounde,q4_4_autres,Agent_25,ACHAT
5,3,5,4,5,mistral:7b,data_pmus_yaounde,q5_1,Agent_25,ENTRE 26 ET 35 ANS
5,3,4,4,5,mistral:7b,data_pmus_yaounde,q5_2,Agent_25,ENTRE 30 001 ET 100 000
5,4,5,4,5,mistral:7b,data_pmus_yaounde,q5_3,Agent_25,HOMME
4,4,4,4,4,mistral:7b,data_pmus_yaounde,centre ville,Agent_26,YAOUNDE
5,4,5,4,5,mistral:7b,data_pmus_yaounde,q1_1,Agent_26,UN QUARTIER DE LA VILLE DE YAOUNDE
4,4,4,4,4,mistral:7b,data_pmus_yaounde,q1_1_a,Agent_26,COLLEGE FOTSO
4,4,3,4,3,mistral:7b,data_pmus_yaounde,q1_1_b,Agent_26,10EME ARRET
4,4,4,4,4,mistral:7b,data_pmus_yaounde,q1_1_c,Agent_26,MVAN
5,4,5,4,5,mistral:7b,data_pmus_yaounde,q1_2,Agent_26,UN QUARTIER DE LA VILLE DE YAOUNDE
4,4,4,4,4,mistral:7b,data_pmus_yaounde,q1_2_a,Agent_26,MVAN
4,4,3,4,3,mistral:7b,data_pmus_yaounde,q1_2_b,Agent_26,MVAN
4,4,4,4,4,mistral:7b,data_pmus_yaounde,q1_3_c,Agent_26,MVAN
3,3,4,4,3,mistral:7b,data_pmus_yaounde,q2_1,Agent_26,PAR BUS AGENCE INTERURBAIN
4,4,3,4,3,mistral:7b,data_pmus_yaounde,q2_2_1,Agent_26,2 CHEVEAU
4,4,3,4,3,mistral:7b,data_pmus_yaounde,q2_2_2,Agent_26,10 E ARRET
4,4,3,4,3,mistral:7b,data_pmus_yaounde,q2_3_1,Agent_26,CARREFOURMVAN
4,4,3,4,3,mistral:7b,data_pmus_yaounde,q2_3_2,Agent_26,0NANA
4,4,5,4,5,mistral:7b,data_pmus_yaounde,q2_3,Agent_26,NON
4,4,4,4,4,mistral:7b,data_pmus_yaounde,q2_4,Agent_26,PAR BUS AGENCE INTERURBAIN
4,4,4,4,4,mistral:7b,data_pmus_yaounde,q2_5_1,Agent_26,MVAN
4,4,4,4,4,mistral:7b,data_pmus_yaounde,q2_5_2,Agent_26,0MPHINE
4,4,4,4,4,mistral:7b,data_pmus_yaounde,q2_6_1,Agent_26,MVAN
4,4,4,4,4,mistral:7b,data_pmus_yaounde,q2_6_2,Agent_26,BEAC
4,3,5,4,5,mistral:7b,data_pmus_yaounde,q3_1,Agent_26,NON
4,3,4,4,3,mistral:7b,data_pmus_yaounde,q3_2,Agent_26,PAR BUS AGENCE INTERURBAIN
4,4,4,4,4,mistral:7b,data_pmus_yaounde,q3_3_1,Agent_26,MARCHE CENTRAL
4,4,3,4,3,mistral:7b,data_pmus_yaounde,q3_3_2,Agent_26,MARCHE CENTRAL
4,4,2,4,2,mistral:7b,data_pmus_yaounde,q4_1_a,Agent_26,Veuillez indiquer depuis combien de temps vous attendez.
4,3,3,4,4,mistral:7b,data_pmus_yaounde,q4_1_b,Agent_26,PLUS DE 20 MINUTES
4,4,2,4,2,mistral:7b,data_pmus_yaounde,q4_2_a,Agent_26,Veuillez indiquer depuis combien de temps vous attendez.
4,3,5,4,4,mistral:7b,data_pmus_yaounde,q4_2_b,Agent_26,30 60 MIN
4,4,4,4,4,mistral:7b,data_pmus_yaounde,q4_3,Agent_26,2000.0
4,3,4,4,4,mistral:7b,data_pmus_yaounde,q4_4,Agent_26,TRAVAIL
3,3,4,4,4,mistral:7b,data_pmus_yaounde,q4_4_autres,Agent_26,COMMERCE
5,3,5,4,5,mistral:7b,data_pmus_yaounde,q5_1,Agent_26,MOINS DE 18 ANS
5,3,4,4,5,mistral:7b,data_pmus_yaounde,q5_2,Agent_26,ENTRE 30 001 ET 100 000
5,4,5,4,5,mistral:7b,data_pmus_yaounde,q5_3,Agent_26,HOMME
4,4,4,4,4,mistral:7b,data_pmus_yaounde,centre ville,Agent_27,YAOUNDE
5,4,5,4,5,mistral:7b,data_pmus_yaounde,q1_1,Agent_27,UN QUARTIER DE LA VILLE DE YAOUNDE
4,4,4,4,4,mistral:7b,data_pmus_yaounde,q1_1_a,Agent_27,NKOLBISSON
4,4,3,4,3,mistral:7b,data_pmus_yaounde,q1_1_b,Agent_27,NKOL NDA
4,4,4,4,4,mistral:7b,data_pmus_yaounde,q1_1_c,Agent_27,NKOLBISSON
5,4,5,4,5,mistral:7b,data_pmus_yaounde,q1_2,Agent_27,UN QUARTIER DE LA VILLE DE YAOUNDE
4,4,4,4,4,mistral:7b,data_pmus_yaounde,q1_2_a,Agent_27,NKOLBISSON
4,4,3,4,3,mistral:7b,data_pmus_yaounde,q1_2_b,Agent_27,NKOLBISSON
4,4,4,4,4,mistral:7b,data_pmus_yaounde,q1_3_c,Agent_27,AFANOYA
3,3,4,4,3,mistral:7b,data_pmus_yaounde,q2_1,Agent_27,PAR BUS AGENCE INTERURBAIN
4,4,3,4,3,mistral:7b,data_pmus_yaounde,q2_2_1,Agent_27,NKO NDONGO
4,4,3,4,3,mistral:7b,data_pmus_yaounde,q2_2_2,Agent_27,10 E ARRET
4,4,3,4,3,mistral:7b,data_pmus_yaounde,q2_3_1,Agent_27,NKOLBISSON
4,4,3,4,3,mistral:7b,data_pmus_yaounde,q2_3_2,Agent_27,NKOLBISSON
4,4,5,4,5,mistral:7b,data_pmus_yaounde,q2_3,Agent_27,NON
4,4,4,4,4,mistral:7b,data_pmus_yaounde,q2_4,Agent_27,A PIED
4,4,4,4,4,mistral:7b,data_pmus_yaounde,q2_5_1,Agent_27,NKOLBISSON
4,4,4,4,4,mistral:7b,data_pmus_yaounde,q2_5_2,Agent_27,NKOLBISSON
4,4,4,4,4,mistral:7b,data_pmus_yaounde,q2_6_1,Agent_27,NKOLBISSON
4,4,4,4,4,mistral:7b,data_pmus_yaounde,q2_6_2,Agent_27,NKOLBISSON
4,3,5,4,5,mistral:7b,data_pmus_yaounde,q3_1,Agent_27,NON
4,3,4,4,3,mistral:7b,data_pmus_yaounde,q3_2,Agent_27,A PIED
4,4,4,4,4,mistral:7b,data_pmus_yaounde,q3_3_1,Agent_27,NKOLBISSON
4,4,3,4,3,mistral:7b,data_pmus_yaounde,q3_3_2,Agent_27,10 IEME ARRET
1,1,1,1,3,mistral:7b,data_pmus_yaounde,q4_1_a,Agent_27,nan
4,3,3,4,4,mistral:7b,data_pmus_yaounde,q4_1_b,Agent_27,PLUS DE 20 MINUTES
4,4,2,4,2,mistral:7b,data_pmus_yaounde,q4_2_a,Agent_27,Veuillez indiquer depuis combien de temps vous attendez.
4,3,5,4,4,mistral:7b,data_pmus_yaounde,q4_2_b,Agent_27,15 30 MIN
4,4,4,4,4,mistral:7b,data_pmus_yaounde,q4_3,Agent_27,2200.0
4,3,4,4,4,mistral:7b,data_pmus_yaounde,q4_4,Agent_27,VISITE FAMILLE
3,3,4,4,4,mistral:7b,data_pmus_yaounde,q4_4_autres,Agent_27,ACHAT
5,3,5,4,5,mistral:7b,data_pmus_yaounde,q5_1,Agent_27,ENTRE 18 ET 25 ANS
5,3,4,4,5,mistral:7b,data_pmus_yaounde,q5_2,Agent_27,MOINS DE 30 000
5,4,5,4,5,mistral:7b,data_pmus_yaounde,q5_3,Agent_27,HOMME
4,4,4,4,4,mistral:7b,data_pmus_yaounde,centre ville,Agent_28,YAOUNDE
5,4,5,4,5,mistral:7b,data_pmus_yaounde,q1_1,Agent_28,UN QUARTIER DE LA VILLE DE YAOUNDE
4,4,4,4,4,mistral:7b,data_pmus_yaounde,q1_1_a,Agent_28,OLEZOA
4,4,3,4,3,mistral:7b,data_pmus_yaounde,q1_1_b,Agent_28,OLEZOA
4,4,4,4,4,mistral:7b,data_pmus_yaounde,q1_1_c,Agent_28,AFANOYA
5,4,5,4,5,mistral:7b,data_pmus_yaounde,q1_2,Agent_28,UN QUARTIER DE LA VILLE DE YAOUNDE
4,4,4,4,4,mistral:7b,data_pmus_yaounde,q1_2_a,Agent_28,EKOUM DOUM
4,4,3,4,3,mistral:7b,data_pmus_yaounde,q1_2_b,Agent_28,EKOUM DOUM
4,4,4,4,4,mistral:7b,data_pmus_yaounde,q1_3_c,Agent_28,AFANOYA
3,3,4,4,3,mistral:7b,data_pmus_yaounde,q2_1,Agent_28,A PIED
4,4,3,4,3,mistral:7b,data_pmus_yaounde,q2_2_1,Agent_28,IMMEUBLE HAPPY
4,4,3,4,3,mistral:7b,data_pmus_yaounde,q2_2_2,Agent_28,IMMEUBLE HAPPY
4,4,3,4,3,mistral:7b,data_pmus_yaounde,q2_3_1,Agent_28,0LESOA
4,4,3,4,3,mistral:7b,data_pmus_yaounde,q2_3_2,Agent_28,0NANA
4,4,5,4,5,mistral:7b,data_pmus_yaounde,q2_3,Agent_28,NON
4,4,4,4,4,mistral:7b,data_pmus_yaounde,q2_4,Agent_28,A PIED
4,4,4,4,4,mistral:7b,data_pmus_yaounde,q2_5_1,Agent_28,EKOUM DOUM
4,4,4,4,4,mistral:7b,data_pmus_yaounde,q2_5_2,Agent_28,0MPHINE
4,4,4,4,4,mistral:7b,data_pmus_yaounde,q2_6_1,Agent_28,ABATTOIR
4,4,4,4,4,mistral:7b,data_pmus_yaounde,q2_6_2,Agent_28,11EME ARRET
4,3,5,4,5,mistral:7b,data_pmus_yaounde,q3_1,Agent_28,NON
4,3,4,4,3,mistral:7b,data_pmus_yaounde,q3_2,Agent_28,A PIED
4,4,4,4,4,mistral:7b,data_pmus_yaounde,q3_3_1,Agent_28,NKOZOA
4,4,3,4,3,mistral:7b,data_pmus_yaounde,q3_3_2,Agent_28,10 IEME ARRET
1,1,1,1,3,mistral:7b,data_pmus_yaounde,q4_1_a,Agent_28,nan
4,3,3,4,4,mistral:7b,data_pmus_yaounde,q4_1_b,Agent_28,PLUS DE 20 MINUTES
4,4,2,4,2,mistral:7b,data_pmus_yaounde,q4_2_a,Agent_28,Veuillez indiquer depuis combien de temps vous attendez.
4,3,5,4,4,mistral:7b,data_pmus_yaounde,q4_2_b,Agent_28,MOINS DE 15 MIN
1,1,1,1,3,mistral:7b,data_pmus_yaounde,q4_3,Agent_28,nan
4,3,4,4,4,mistral:7b,data_pmus_yaounde,q4_4,Agent_28,TRAVAIL
3,3,4,4,4,mistral:7b,data_pmus_yaounde,q4_4_autres,Agent_28,ACHAT
5,3,5,4,5,mistral:7b,data_pmus_yaounde,q5_1,Agent_28,ENTRE 26 ET 35 ANS
5,3,4,4,5,mistral:7b,data_pmus_yaounde,q5_2,Agent_28,ENTRE 300 001 ET 500 000
5,4,5,4,5,mistral:7b,data_pmus_yaounde,q5_3,Agent_28,HOMME
4,4,4,4,4,mistral:7b,data_pmus_yaounde,centre ville,Agent_29,YAOUNDE
5,4,5,4,5,mistral:7b,data_pmus_yaounde,q1_1,Agent_29,UN QUARTIER DE LA VILLE DE YAOUNDE
4,4,4,4,4,mistral:7b,data_pmus_yaounde,q1_1_a,Agent_29,TKC
4,4,3,4,3,mistral:7b,data_pmus_yaounde,q1_1_b,Agent_29,COLLEGE FLEMIE
1,1,1,1,3,mistral:7b,data_pmus_yaounde,q1_1_c,Agent_29,nan
5,4,5,4,5,mistral:7b,data_pmus_yaounde,q1_2,Agent_29,UN QUARTIER DE LA VILLE DE YAOUNDE
4,4,4,4,4,mistral:7b,data_pmus_yaounde,q1_2_a,Agent_29,TKC
4,4,3,4,3,mistral:7b,data_pmus_yaounde,q1_2_b,Agent_29,ENTREE VALLEE
1,1,1,1,3,mistral:7b,data_pmus_yaounde,q1_3_c,Agent_29,nan
3,3,4,4,3,mistral:7b,data_pmus_yaounde,q2_1,Agent_29,PAR BUS AGENCE INTERURBAIN
4,4,3,4,3,mistral:7b,data_pmus_yaounde,q2_2_1,Agent_29,2 CHEVEAU
4,4,3,4,3,mistral:7b,data_pmus_yaounde,q2_2_2,Agent_29,10 E ARRET
4,4,3,4,3,mistral:7b,data_pmus_yaounde,q2_3_1,Agent_29,SIMBOCCK
4,4,3,4,3,mistral:7b,data_pmus_yaounde,q2_3_2,Agent_29,0NANA
4,4,5,4,5,mistral:7b,data_pmus_yaounde,q2_3,Agent_29,NON
4,4,4,4,4,mistral:7b,data_pmus_yaounde,q2_4,Agent_29,PAR BUS AGENCE INTERURBAIN
4,4,4,4,4,mistral:7b,data_pmus_yaounde,q2_5_1,Agent_29,A B0NAS
4,4,4,4,4,mistral:7b,data_pmus_yaounde,q2_5_2,Agent_29,0MPHINE
4,4,4,4,4,mistral:7b,data_pmus_yaounde,q2_6_1,Agent_29,SIMBOC
4,4,4,4,4,mistral:7b,data_pmus_yaounde,q2_6_2,Agent_29,11EME ARRET
4,3,5,4,5,mistral:7b,data_pmus_yaounde,q3_1,Agent_29,NON
4,3,4,4,3,mistral:7b,data_pmus_yaounde,q3_2,Agent_29,PAR BUS AGENCE INTERURBAIN
4,4,4,4,4,mistral:7b,data_pmus_yaounde,q3_3_1,Agent_29,ACACIA
4,4,3,4,3,mistral:7b,data_pmus_yaounde,q3_3_2,Agent_29,10 IEME ARRET
1,1,1,1,3,mistral:7b,data_pmus_yaounde,q4_1_a,Agent_29,nan
4,3,3,4,4,mistral:7b,data_pmus_yaounde,q4_1_b,Agent_29,PLUS DE 20 MINUTES
4,4,2,4,2,mistral:7b,data_pmus_yaounde,q4_2_a,Agent_29,Veuillez indiquer depuis combien de temps vous attendez.
4,3,5,4,4,mistral:7b,data_pmus_yaounde,q4_2_b,Agent_29,PLUS DE 1HEURE
4,4,4,4,4,mistral:7b,data_pmus_yaounde,q4_3,Agent_29,2800.0
4,3,4,4,4,mistral:7b,data_pmus_yaounde,q4_4,Agent_29,D MARCHES ADMINISTRATIVES ET OU SANT
3,3,4,4,4,mistral:7b,data_pmus_yaounde,q4_4_autres,Agent_29,ACHAT
5,3,5,4,5,mistral:7b,data_pmus_yaounde,q5_1,Agent_29,MOINS DE 18 ANS
5,3,4,4,5,mistral:7b,data_pmus_yaounde,q5_2,Agent_29,MOINS DE 30 000
5,4,5,4,5,mistral:7b,data_pmus_yaounde,q5_3,Agent_29,FEMME
4,4,4,4,4,mistral:7b,data_pmus_yaounde,centre ville,Agent_30,YAOUNDE
5,4,5,4,5,mistral:7b,data_pmus_yaounde,q1_1,Agent_30,UN QUARTIER DE LA VILLE DE YAOUNDE
4,4,4,4,4,mistral:7b,data_pmus_yaounde,q1_1_a,Agent_30,NKOA MBANG
4,4,3,4,3,mistral:7b,data_pmus_yaounde,q1_1_b,Agent_30,NKOA MBANG
4,4,4,4,4,mistral:7b,data_pmus_yaounde,q1_1_c,Agent_30,NKOA MBANG
5,4,5,4,5,mistral:7b,data_pmus_yaounde,q1_2,Agent_30,UN QUARTIER DE LA VILLE DE YAOUNDE
4,4,4,4,4,mistral:7b,data_pmus_yaounde,q1_2_a,Agent_30,NKOA MBANG
4,4,3,4,3,mistral:7b,data_pmus_yaounde,q1_2_b,Agent_30,NKOA MBANG
4,4,4,4,4,mistral:7b,data_pmus_yaounde,q1_3_c,Agent_30,NKOMETOU
3,3,4,4,3,mistral:7b,data_pmus_yaounde,q2_1,Agent_30,PAR BUS AGENCE INTERURBAIN
4,4,3,4,3,mistral:7b,data_pmus_yaounde,q2_2_1,Agent_30,NKOA MBANG
4,4,3,4,3,mistral:7b,data_pmus_yaounde,q2_2_2,Agent_30,NKOA MBANG
4,4,3,4,3,mistral:7b,data_pmus_yaounde,q2_3_1,Agent_30,NKOA MBANG
4,4,3,4,3,mistral:7b,data_pmus_yaounde,q2_3_2,Agent_30,A PIED
4,4,5,4,5,mistral:7b,data_pmus_yaounde,q2_3,Agent_30,NON
4,4,4,4,4,mistral:7b,data_pmus_yaounde,q2_4,Agent_30,A PIED
4,4,4,4,4,mistral:7b,data_pmus_yaounde,q2_5_1,Agent_30,NKOA MBANG
4,4,4,4,4,mistral:7b,data_pmus_yaounde,q2_5_2,Agent_30,0MPHINE
4,4,4,4,4,mistral:7b,data_pmus_yaounde,q2_6_1,Agent_30,NKOA MBANG
4,4,4,4,4,mistral:7b,data_pmus_yaounde,q2_6_2,Agent_30,11EME ARRET
4,3,5,4,5,mistral:7b,data_pmus_yaounde,q3_1,Agent_30,NON
4,3,4,4,3,mistral:7b,data_pmus_yaounde,q3_2,Agent_30,PAR BUS AGENCE INTERURBAIN
4,4,4,4,4,mistral:7b,data_pmus_yaounde,q3_3_1,Agent_30,NKOA MBANG
4,4,3,4,3,mistral:7b,data_pmus_yaounde,q3_3_2,Agent_30,NKOA MBANG
1,1,1,1,3,mistral:7b,data_pmus_yaounde,q4_1_a,Agent_30,nan
1,1,1,1,3,mistral:7b,data_pmus_yaounde,q4_1_b,Agent_30,nan
4,4,2,4,2,mistral:7b,data_pmus_yaounde,q4_2_a,Agent_30,Veuillez indiquer depuis combien de temps vous attendez.
4,3,5,4,4,mistral:7b,data_pmus_yaounde,q4_2_b,Agent_30,MOINS DE 15 MIN
4,4,4,4,4,mistral:7b,data_pmus_yaounde,q4_3,Agent_30,550.0
4,3,4,4,4,mistral:7b,data_pmus_yaounde,q4_4,Agent_30,VISITE FAMILLE
3,3,4,4,4,mistral:7b,data_pmus_yaounde,q4_4_autres,Agent_30,ACHAT
5,3,5,4,5,mistral:7b,data_pmus_yaounde,q5_1,Agent_30,ENTRE 36 ET 45 ANS
5,3,4,4,5,mistral:7b,data_pmus_yaounde,q5_2,Agent_30,ENTRE 30 001 ET 100 000
5,4,5,4,5,mistral:7b,data_pmus_yaounde,q5_3,Agent_30,FEMME
4,4,4,4,4,mistral:7b,data_pmus_yaounde,centre ville,Agent_31,YAOUNDE
5,4,5,4,5,mistral:7b,data_pmus_yaounde,q1_1,Agent_31,UN QUARTIER DE LA VILLE DE YAOUNDE
4,4,4,4,4,mistral:7b,data_pmus_yaounde,q1_1_a,Agent_31,NKOLBISSON
4,4,3,4,3,mistral:7b,data_pmus_yaounde,q1_1_b,Agent_31,10EME ARRET
4,4,4,4,4,mistral:7b,data_pmus_yaounde,q1_1_c,Agent_31,NKOLBISSON
5,4,5,4,5,mistral:7b,data_pmus_yaounde,q1_2,Agent_31,UN QUARTIER DE LA VILLE DE YAOUNDE
4,4,4,4,4,mistral:7b,data_pmus_yaounde,q1_2_a,Agent_31,ABOM
4,4,3,4,3,mistral:7b,data_pmus_yaounde,q1_2_b,Agent_31,10 IEME ARRET
1,1,1,1,3,mistral:7b,data_pmus_yaounde,q1_3_c,Agent_31,nan
3,3,4,4,3,mistral:7b,data_pmus_yaounde,q2_1,Agent_31,PAR BUS AGENCE INTERURBAIN
4,4,3,4,3,mistral:7b,data_pmus_yaounde,q2_2_1,Agent_31,2 CHEVEAU
4,4,3,4,3,mistral:7b,data_pmus_yaounde,q2_2_2,Agent_31,CQRDFOUR
4,4,3,4,3,mistral:7b,data_pmus_yaounde,q2_3_1,Agent_31,0LESOA
4,4,3,4,3,mistral:7b,data_pmus_yaounde,q2_3_2,Agent_31,0NANA
4,4,5,4,5,mistral:7b,data_pmus_yaounde,q2_3,Agent_31,NON
4,4,4,4,4,mistral:7b,data_pmus_yaounde,q2_4,Agent_31,PAR BUS AGENCE INTERURBAIN
4,4,4,4,4,mistral:7b,data_pmus_yaounde,q2_5_1,Agent_31,CARREFOUR NOLBISSON
4,4,4,4,4,mistral:7b,data_pmus_yaounde,q2_5_2,Agent_31,0MPHINE
4,4,4,4,4,mistral:7b,data_pmus_yaounde,q2_6_1,Agent_31,ABATTOIR
4,4,4,4,4,mistral:7b,data_pmus_yaounde,q2_6_2,Agent_31,NKOLBISSON
4,3,5,4,5,mistral:7b,data_pmus_yaounde,q3_1,Agent_31,NON
4,3,4,4,3,mistral:7b,data_pmus_yaounde,q3_2,Agent_31,PAR BUS AGENCE INTERURBAIN
4,4,4,4,4,mistral:7b,data_pmus_yaounde,q3_3_1,Agent_31,ACACIA
4,4,3,4,3,mistral:7b,data_pmus_yaounde,q3_3_2,Agent_31,10 IEME ARRET
1,1,1,1,3,mistral:7b,data_pmus_yaounde,q4_1_a,Agent_31,nan
4,3,3,4,4,mistral:7b,data_pmus_yaounde,q4_1_b,Agent_31,PLUS DE 20 MINUTES
4,4,2,4,2,mistral:7b,data_pmus_yaounde,q4_2_a,Agent_31,Veuillez indiquer depuis combien de temps vous attendez.
4,3,5,4,4,mistral:7b,data_pmus_yaounde,q4_2_b,Agent_31,30 60 MIN
4,4,4,4,4,mistral:7b,data_pmus_yaounde,q4_3,Agent_31,1550.0
4,3,4,4,4,mistral:7b,data_pmus_yaounde,q4_4,Agent_31,COURSES
3,3,4,4,4,mistral:7b,data_pmus_yaounde,q4_4_autres,Agent_31,ACHAT
5,3,5,4,5,mistral:7b,data_pmus_yaounde,q5_1,Agent_31,MOINS DE 18 ANS
5,3,4,4,5,mistral:7b,data_pmus_yaounde,q5_2,Agent_31,ENTRE 30 001 ET 100 000
5,4,5,4,5,mistral:7b,data_pmus_yaounde,q5_3,Agent_31,FEMME
4,4,4,4,4,mistral:7b,data_pmus_yaounde,centre ville,Agent_32,YAOUNDE
5,4,5,4,5,mistral:7b,data_pmus_yaounde,q1_1,Agent_32,UN QUARTIER DE LA VILLE DE YAOUNDE
4,4,4,4,4,mistral:7b,data_pmus_yaounde,q1_1_a,Agent_32,ABIT
4,4,3,4,3,mistral:7b,data_pmus_yaounde,q1_1_b,Agent_32,10EME ARRET
4,4,4,4,4,mistral:7b,data_pmus_yaounde,q1_1_c,Agent_32,AFANOYA
5,4,5,4,5,mistral:7b,data_pmus_yaounde,q1_2,Agent_32,UN QUARTIER DE LA VILLE DE YAOUNDE
4,4,4,4,4,mistral:7b,data_pmus_yaounde,q1_2_a,Agent_32,ABOM
4,4,3,4,3,mistral:7b,data_pmus_yaounde,q1_2_b,Agent_32,10 IEME ARRET
4,4,4,4,4,mistral:7b,data_pmus_yaounde,q1_3_c,Agent_32,AFANOYA
3,3,4,4,3,mistral:7b,data_pmus_yaounde,q2_1,Agent_32,PAR BUS AGENCE INTERURBAIN
4,4,3,4,3,mistral:7b,data_pmus_yaounde,q2_2_1,Agent_32,2 CHEVEAU
4,4,3,4,3,mistral:7b,data_pmus_yaounde,q2_2_2,Agent_32,NSIMBOCK
4,4,3,4,3,mistral:7b,data_pmus_yaounde,q2_3_1,Agent_32,NSIMEYONG
4,4,3,4,3,mistral:7b,data_pmus_yaounde,q2_3_2,Agent_32,NSIMEYONG
4,4,5,4,5,mistral:7b,data_pmus_yaounde,q2_3,Agent_32,NON
4,4,4,4,4,mistral:7b,data_pmus_yaounde,q2_4,Agent_32,PAR BUS AGENCE INTERURBAIN
4,4,4,4,4,mistral:7b,data_pmus_yaounde,q2_5_1,Agent_32,NSIMEYONG
4,4,4,4,4,mistral:7b,data_pmus_yaounde,q2_5_2,Agent_32,0MPHINE
4,4,4,4,4,mistral:7b,data_pmus_yaounde,q2_6_1,Agent_32,NSIMEYONG
4,4,4,4,4,mistral:7b,data_pmus_yaounde,q2_6_2,Agent_32,11EME ARRET
4,3,5,4,5,mistral:7b,data_pmus_yaounde,q3_1,Agent_32,NON
4,3,4,4,3,mistral:7b,data_pmus_yaounde,q3_2,Agent_32,PAR BUS AGENCE INTERURBAIN
4,4,4,4,4,mistral:7b,data_pmus_yaounde,q3_3_1,Agent_32,NSIMEYONG
4,4,3,4,3,mistral:7b,data_pmus_yaounde,q3_3_2,Agent_32,NSIMEYONG
1,1,1,1,3,mistral:7b,data_pmus_yaounde,q4_1_a,Agent_32,nan
4,3,3,4,4,mistral:7b,data_pmus_yaounde,q4_1_b,Agent_32,PLUS DE 20 MINUTES
4,4,2,4,2,mistral:7b,data_pmus_yaounde,q4_2_a,Agent_32,Veuillez indiquer depuis combien de temps vous attendez.
4,3,5,4,4,mistral:7b,data_pmus_yaounde,q4_2_b,Agent_32,15 30 MIN
4,4,4,4,4,mistral:7b,data_pmus_yaounde,q4_3,Agent_32,2950.0
4,3,4,4,4,mistral:7b,data_pmus_yaounde,q4_4,Agent_32,COURSES
3,3,4,4,4,mistral:7b,data_pmus_yaounde,q4_4_autres,Agent_32,FAIRE DES ACHATS
5,3,5,4,5,mistral:7b,data_pmus_yaounde,q5_1,Agent_32,ENTRE 18 ET 25 ANS
5,3,4,4,5,mistral:7b,data_pmus_yaounde,q5_2,Agent_32,ENTRE 30 001 ET 100 000
5,4,5,4,5,mistral:7b,data_pmus_yaounde,q5_3,Agent_32,FEMME
4,4,4,4,4,mistral:7b,data_pmus_yaounde,centre ville,Agent_33,YAOUNDE
5,4,5,4,5,mistral:7b,data_pmus_yaounde,q1_1,Agent_33,UN QUARTIER DE LA VILLE DE YAOUNDE
4,4,4,4,4,mistral:7b,data_pmus_yaounde,q1_1_a,Agent_33,NKOLMESSENG
4,4,3,4,3,mistral:7b,data_pmus_yaounde,q1_1_b,Agent_33,10EME ARRET
4,4,4,4,4,mistral:7b,data_pmus_yaounde,q1_1_c,Agent_33,AFANOYA
5,4,5,4,5,mistral:7b,data_pmus_yaounde,q1_2,Agent_33,UN QUARTIER DE LA VILLE DE YAOUNDE
4,4,4,4,4,mistral:7b,data_pmus_yaounde,q1_2_a,Agent_33,NKOLMESSENG
4,4,3,4,3,mistral:7b,data_pmus_yaounde,q1_2_b,Agent_33,NKOLMESSENG
1,1,1,1,3,mistral:7b,data_pmus_yaounde,q1_3_c,Agent_33,nan
3,3,4,4,3,mistral:7b,data_pmus_yaounde,q2_1,Agent_33,A PIED
4,4,3,4,3,mistral:7b,data_pmus_yaounde,q2_2_1,Agent_33,NKOLMESSENG
4,4,3,4,3,mistral:7b,data_pmus_yaounde,q2_2_2,Agent_33,NKOLMESSENG
4,4,3,4,3,mistral:7b,data_pmus_yaounde,q2_3_1,Agent_33,OBILI
4,4,3,4,3,mistral:7b,data_pmus_yaounde,q2_3_2,Agent_33,0NANA
4,4,5,4,5,mistral:7b,data_pmus_yaounde,q2_3,Agent_33,NON
4,4,4,4,4,mistral:7b,data_pmus_yaounde,q2_4,Agent_33,A PIED
4,4,4,4,4,mistral:7b,data_pmus_yaounde,q2_5_1,Agent_33,OBILI
4,4,4,4,4,mistral:7b,data_pmus_yaounde,q2_5_2,Agent_33,0MPHINE
4,4,4,4,4,mistral:7b,data_pmus_yaounde,q2_6_1,Agent_33,OBILI
4,4,4,4,4,mistral:7b,data_pmus_yaounde,q2_6_2,Agent_33,11EME ARRET
4,3,5,4,5,mistral:7b,data_pmus_yaounde,q3_1,Agent_33,NON
4,3,4,4,3,mistral:7b,data_pmus_yaounde,q3_2,Agent_33,PAR BUS AGENCE INTERURBAIN
4,4,4,4,4,mistral:7b,data_pmus_yaounde,q3_3_1,Agent_33,OBILI
4,4,3,4,3,mistral:7b,data_pmus_yaounde,q3_3_2,Agent_33,10 IEME ARRET
1,1,1,1,3,mistral:7b,data_pmus_yaounde,q4_1_a,Agent_33,nan
4,3,3,4,4,mistral:7b,data_pmus_yaounde,q4_1_b,Agent_33,PLUS DE 20 MINUTES
4,4,2,4,2,mistral:7b,data_pmus_yaounde,q4_2_a,Agent_33,Veuillez indiquer depuis combien de temps vous attendez.
4,3,5,4,4,mistral:7b,data_pmus_yaounde,q4_2_b,Agent_33,30 60 MIN
4,4,4,4,4,mistral:7b,data_pmus_yaounde,q4_3,Agent_33,3650.0
4,3,4,4,4,mistral:7b,data_pmus_yaounde,q4_4,Agent_33,TRAVAIL
3,3,4,4,4,mistral:7b,data_pmus_yaounde,q4_4_autres,Agent_33,ACHAT
5,3,5,4,5,mistral:7b,data_pmus_yaounde,q5_1,Agent_33,ENTRE 36 ET 45 ANS
5,3,4,4,5,mistral:7b,data_pmus_yaounde,q5_2,Agent_33,ENTRE 30 001 ET 100 000
5,4,5,4,5,mistral:7b,data_pmus_yaounde,q5_3,Agent_33,HOMME
4,4,4,4,4,mistral:7b,data_pmus_yaounde,centre ville,Agent_34,YAOUNDE
5,4,5,4,5,mistral:7b,data_pmus_yaounde,q1_1,Agent_34,UN QUARTIER DE LA VILLE DE YAOUNDE
4,4,4,4,4,mistral:7b,data_pmus_yaounde,q1_1_a,Agent_34,FOURGEROLLES
4,4,3,4,3,mistral:7b,data_pmus_yaounde,q1_1_b,Agent_34,NKOLBEDE
1,1,1,1,3,mistral:7b,data_pmus_yaounde,q1_1_c,Agent_34,nan
5,4,5,4,5,mistral:7b,data_pmus_yaounde,q1_2,Agent_34,UN QUARTIER DE LA VILLE DE YAOUNDE
4,4,4,4,4,mistral:7b,data_pmus_yaounde,q1_2_a,Agent_34,FOURGEROLLES
4,4,3,4,3,mistral:7b,data_pmus_yaounde,q1_2_b,Agent_34,10 IEME ARRET
1,1,1,1,3,mistral:7b,data_pmus_yaounde,q1_3_c,Agent_34,nan
3,3,4,4,3,mistral:7b,data_pmus_yaounde,q2_1,Agent_34,A PIED
4,4,3,4,3,mistral:7b,data_pmus_yaounde,q2_2_1,Agent_34,2 CHEVEAU
1,1,1,1,3,mistral:7b,data_pmus_yaounde,q2_2_2,Agent_34,nan
4,4,3,4,3,mistral:7b,data_pmus_yaounde,q2_3_1,Agent_34,NKODZO
4,4,3,4,3,mistral:7b,data_pmus_yaounde,q2_3_2,Agent_34,0NANA
4,4,5,4,5,mistral:7b,data_pmus_yaounde,q2_3,Agent_34,NON
4,4,4,4,4,mistral:7b,data_pmus_yaounde,q2_4,Agent_34,A PIED
4,4,4,4,4,mistral:7b,data_pmus_yaounde,q2_5_1,Agent_34,A B0NAS
4,4,4,4,4,mistral:7b,data_pmus_yaounde,q2_5_2,Agent_34,PETIT MARCHE
4,4,4,4,4,mistral:7b,data_pmus_yaounde,q2_6_1,Agent_34,FOURGEROLLES
4,4,4,4,4,mistral:7b,data_pmus_yaounde,q2_6_2,Agent_34,11EME ARRET
4,3,5,4,5,mistral:7b,data_pmus_yaounde,q3_1,Agent_34,NON
4,3,4,4,3,mistral:7b,data_pmus_yaounde,q3_2,Agent_34,A PIED
4,4,4,4,4,mistral:7b,data_pmus_yaounde,q3_3_1,Agent_34,FOURGEROLLES
4,4,3,4,3,mistral:7b,data_pmus_yaounde,q3_3_2,Agent_34,FOURGEROLLES
1,1,1,1,3,mistral:7b,data_pmus_yaounde,q4_1_a,Agent_34,nan
4,3,3,4,4,mistral:7b,data_pmus_yaounde,q4_1_b,Agent_34,PLUS DE 20 MINUTES
4,4,2,4,2,mistral:7b,data_pmus_yaounde,q4_2_a,Agent_34,Veuillez indiquer depuis combien de temps vous attendez.
4,3,5,4,4,mistral:7b,data_pmus_yaounde,q4_2_b,Agent_34,PLUS DE 1HEURE
1,1,1,1,3,mistral:7b,data_pmus_yaounde,q4_3,Agent_34,nan
4,3,4,4,4,mistral:7b,data_pmus_yaounde,q4_4,Agent_34,ACTIVIT S DE LOISIRS
3,3,4,4,4,mistral:7b,data_pmus_yaounde,q4_4_autres,Agent_34,BALADE
5,3,5,4,5,mistral:7b,data_pmus_yaounde,q5_1,Agent_34,ENTRE 18 ET 25 ANS
5,3,4,4,5,mistral:7b,data_pmus_yaounde,q5_2,Agent_34,MOINS DE 30 000
5,4,5,4,5,mistral:7b,data_pmus_yaounde,q5_3,Agent_34,FEMME
4,4,4,4,4,mistral:7b,data_pmus_yaounde,centre ville,Agent_35,YAOUNDE
5,4,5,4,5,mistral:7b,data_pmus_yaounde,q1_1,Agent_35,UN QUARTIER DE LA VILLE DE YAOUNDE
4,4,4,4,4,mistral:7b,data_pmus_yaounde,q1_1_a,Agent_35,MBANKOLO
4,4,3,4,3,mistral:7b,data_pmus_yaounde,q1_1_b,Agent_35,10EME ARRET
4,4,4,4,4,mistral:7b,data_pmus_yaounde,q1_1_c,Agent_35,AFANOYA
5,4,5,4,5,mistral:7b,data_pmus_yaounde,q1_2,Agent_35,UN QUARTIER DE LA VILLE DE YAOUNDE
4,4,4,4,4,mistral:7b,data_pmus_yaounde,q1_2_a,Agent_35,OBAM
4,4,3,4,3,mistral:7b,data_pmus_yaounde,q1_2_b,Agent_35,OBAM
4,4,4,4,4,mistral:7b,data_pmus_yaounde,q1_3_c,Agent_35,AFANOYA
3,3,4,4,3,mistral:7b,data_pmus_yaounde,q2_1,Agent_35,PAR BUS AGENCE INTERURBAIN
4,4,3,4,3,mistral:7b,data_pmus_yaounde,q2_2_1,Agent_35,OBAMONGOLA
4,4,3,4,3,mistral:7b,data_pmus_yaounde,q2_2_2,Agent_35,OBAM
4,4,3,4,3,mistral:7b,data_pmus_yaounde,q2_3_1,Agent_35,0LESOA
4,4,3,4,3,mistral:7b,data_pmus_yaounde,q2_3_2,Agent_35,0NANA
4,4,5,4,5,mistral:7b,data_pmus_yaounde,q2_3,Agent_35,NON
4,4,4,4,4,mistral:7b,data_pmus_yaounde,q2_4,Agent_35,PAR BUS AGENCE INTERURBAIN
4,4,4,4,4,mistral:7b,data_pmus_yaounde,q2_5_1,Agent_35,OBAM
4,4,4,4,4,mistral:7b,data_pmus_yaounde,q2_5_2,Agent_35,OBAM ONGOLA
4,4,4,4,4,mistral:7b,data_pmus_yaounde,q2_6_1,Agent_35,ABATTOIR
4,4,4,4,4,mistral:7b,data_pmus_yaounde,q2_6_2,Agent_35,11EME ARRET
4,3,5,4,5,mistral:7b,data_pmus_yaounde,q3_1,Agent_35,NON
4,3,4,4,3,mistral:7b,data_pmus_yaounde,q3_2,Agent_35,PAR BUS AGENCE INTERURBAIN
4,4,4,4,4,mistral:7b,data_pmus_yaounde,q3_3_1,Agent_35,ACACIA
4,4,3,4,3,mistral:7b,data_pmus_yaounde,q3_3_2,Agent_35,10 IEME ARRET
4,4,2,4,2,mistral:7b,data_pmus_yaounde,q4_1_a,Agent_35,Veuillez indiquer depuis combien de temps vous attendez.
4,3,3,4,4,mistral:7b,data_pmus_yaounde,q4_1_b,Agent_35,PLUS DE 20 MINUTES
4,4,2,4,2,mistral:7b,data_pmus_yaounde,q4_2_a,Agent_35,Veuillez indiquer depuis combien de temps vous attendez.
4,3,5,4,4,mistral:7b,data_pmus_yaounde,q4_2_b,Agent_35,30 60 MIN
4,4,4,4,4,mistral:7b,data_pmus_yaounde,q4_3,Agent_35,4500.0
4,3,4,4,4,mistral:7b,data_pmus_yaounde,q4_4,Agent_35,VISITE FAMILLE
3,3,4,4,4,mistral:7b,data_pmus_yaounde,q4_4_autres,Agent_35,LES SOINS
5,3,5,4,5,mistral:7b,data_pmus_yaounde,q5_1,Agent_35,ENTRE 18 ET 25 ANS
5,3,4,4,5,mistral:7b,data_pmus_yaounde,q5_2,Agent_35,MOINS DE 30 000
5,4,5,4,5,mistral:7b,data_pmus_yaounde,q5_3,Agent_35,FEMME
4,4,4,4,4,mistral:7b,data_pmus_yaounde,centre ville,Agent_36,YAOUNDE
5,4,5,4,5,mistral:7b,data_pmus_yaounde,q1_1,Agent_36,UN QUARTIER DE LA VILLE DE YAOUNDE
4,4,4,4,4,mistral:7b,data_pmus_yaounde,q1_1_a,Agent_36,MVOLYE
4,4,3,4,3,mistral:7b,data_pmus_yaounde,q1_1_b,Agent_36,BASILIQUE
4,4,4,4,4,mistral:7b,data_pmus_yaounde,q1_1_c,Agent_36,AFANOYA
5,4,5,4,5,mistral:7b,data_pmus_yaounde,q1_2,Agent_36,UN QUARTIER DE LA VILLE DE YAOUNDE
4,4,4,4,4,mistral:7b,data_pmus_yaounde,q1_2_a,Agent_36,ABOM
4,4,3,4,3,mistral:7b,data_pmus_yaounde,q1_2_b,Agent_36,SANTA BARBARA
1,1,1,1,3,mistral:7b,data_pmus_yaounde,q1_3_c,Agent_36,nan
3,3,4,4,3,mistral:7b,data_pmus_yaounde,q2_1,Agent_36,PAR BUS AGENCE INTERURBAIN
4,4,3,4,3,mistral:7b,data_pmus_yaounde,q2_2_1,Agent_36,SANTA BARBARA
4,4,3,4,3,mistral:7b,data_pmus_yaounde,q2_2_2,Agent_36,10 E ARRET
4,4,3,4,3,mistral:7b,data_pmus_yaounde,q2_3_1,Agent_36,0LESOA
4,4,3,4,3,mistral:7b,data_pmus_yaounde,q2_3_2,Agent_36,SANTA BARBARA
4,4,5,4,5,mistral:7b,data_pmus_yaounde,q2_3,Agent_36,NON
4,4,4,4,4,mistral:7b,data_pmus_yaounde,q2_4,Agent_36,PAR BUS AGENCE INTERURBAIN
4,4,4,4,4,mistral:7b,data_pmus_yaounde,q2_5_1,Agent_36,A B0NAS
4,4,4,4,4,mistral:7b,data_pmus_yaounde,q2_5_2,Agent_36,0MPHINE
4,4,4,4,4,mistral:7b,data_pmus_yaounde,q2_6_1,Agent_36,ABATTOIR
4,4,4,4,4,mistral:7b,data_pmus_yaounde,q2_6_2,Agent_36,11EME ARRET
4,3,5,4,5,mistral:7b,data_pmus_yaounde,q3_1,Agent_36,NON
4,3,4,4,3,mistral:7b,data_pmus_yaounde,q3_2,Agent_36,PAR BUS AGENCE INTERURBAIN
4,4,4,4,4,mistral:7b,data_pmus_yaounde,q3_3_1,Agent_36,ACACIA
4,4,3,4,3,mistral:7b,data_pmus_yaounde,q3_3_2,Agent_36,NGOLBESOK
1,1,1,1,3,mistral:7b,data_pmus_yaounde,q4_1_a,Agent_36,nan
4,3,3,4,4,mistral:7b,data_pmus_yaounde,q4_1_b,Agent_36,PLUS DE 20 MINUTES
4,4,2,4,2,mistral:7b,data_pmus_yaounde,q4_2_a,Agent_36,Veuillez indiquer depuis combien de temps vous attendez.
4,3,5,4,4,mistral:7b,data_pmus_yaounde,q4_2_b,Agent_36,15 30 MIN
4,4,4,4,4,mistral:7b,data_pmus_yaounde,q4_3,Agent_36,1500.0
4,3,4,4,4,mistral:7b,data_pmus_yaounde,q4_4,Agent_36,VISITE FAMILLE
3,3,4,4,4,mistral:7b,data_pmus_yaounde,q4_4_autres,Agent_36,REUNION FAMILIALE
5,3,5,4,5,mistral:7b,data_pmus_yaounde,q5_1,Agent_36,MOINS DE 18 ANS
5,3,4,4,5,mistral:7b,data_pmus_yaounde,q5_2,Agent_36,ENTRE 30 001 ET 100 000
5,4,5,4,5,mistral:7b,data_pmus_yaounde,q5_3,Agent_36,HOMME
4,4,4,4,4,mistral:7b,data_pmus_yaounde,centre ville,Agent_37,YAOUNDE
5,4,5,4,5,mistral:7b,data_pmus_yaounde,q1_1,Agent_37,UN QUARTIER DE LA VILLE DE YAOUNDE
4,4,4,4,4,mistral:7b,data_pmus_yaounde,q1_1_a,Agent_37,DRAGAGE
4,4,3,4,3,mistral:7b,data_pmus_yaounde,q1_1_b,Agent_37,10EME ARRET
4,4,4,4,4,mistral:7b,data_pmus_yaounde,q1_1_c,Agent_37,AFANOYA
5,4,5,4,5,mistral:7b,data_pmus_yaounde,q1_2,Agent_37,UN QUARTIER DE LA VILLE DE YAOUNDE
4,4,4,4,4,mistral:7b,data_pmus_yaounde,q1_2_a,Agent_37,SANTA BARBARA
4,4,3,4,3,mistral:7b,data_pmus_yaounde,q1_2_b,Agent_37,10 IEME ARRET
1,1,1,1,3,mistral:7b,data_pmus_yaounde,q1_3_c,Agent_37,nan
3,3,4,4,3,mistral:7b,data_pmus_yaounde,q2_1,Agent_37,A PIED
4,4,3,4,3,mistral:7b,data_pmus_yaounde,q2_2_1,Agent_37,DRAGAGE
4,4,3,4,3,mistral:7b,data_pmus_yaounde,q2_2_2,Agent_37,SANTA BARBARA
4,4,3,4,3,mistral:7b,data_pmus_yaounde,q2_3_1,Agent_37,0LESOA
4,4,3,4,3,mistral:7b,data_pmus_yaounde,q2_3_2,Agent_37,SANTA BARBARA
4,4,5,4,5,mistral:7b,data_pmus_yaounde,q2_3,Agent_37,NON
4,4,4,4,4,mistral:7b,data_pmus_yaounde,q2_4,Agent_37,A PIED
4,4,4,4,4,mistral:7b,data_pmus_yaounde,q2_5_1,Agent_37,A B0NAS
4,4,4,4,4,mistral:7b,data_pmus_yaounde,q2_5_2,Agent_37,0MPHINE
4,4,4,4,4,mistral:7b,data_pmus_yaounde,q2_6_1,Agent_37,ABATTOIR
4,4,4,4,4,mistral:7b,data_pmus_yaounde,q2_6_2,Agent_37,CAREFOURE
4,3,5,4,5,mistral:7b,data_pmus_yaounde,q3_1,Agent_37,NON
4,3,4,4,3,mistral:7b,data_pmus_yaounde,q3_2,Agent_37,A PIED
4,4,4,4,4,mistral:7b,data_pmus_yaounde,q3_3_1,Agent_37,ACACIA
4,4,3,4,3,mistral:7b,data_pmus_yaounde,q3_3_2,Agent_37,10 IEME ARRET
1,1,1,1,3,mistral:7b,data_pmus_yaounde,q4_1_a,Agent_37,nan
4,3,3,4,4,mistral:7b,data_pmus_yaounde,q4_1_b,Agent_37,PLUS DE 20 MINUTES
4,4,2,4,2,mistral:7b,data_pmus_yaounde,q4_2_a,Agent_37,Veuillez indiquer depuis combien de temps vous attendez.
4,3,5,4,4,mistral:7b,data_pmus_yaounde,q4_2_b,Agent_37,30 60 MIN
4,4,4,4,4,mistral:7b,data_pmus_yaounde,q4_3,Agent_37,3000.0
4,3,4,4,4,mistral:7b,data_pmus_yaounde,q4_4,Agent_37,TRAVAIL
3,3,4,4,4,mistral:7b,data_pmus_yaounde,q4_4_autres,Agent_37,COMMERCE
5,3,5,4,5,mistral:7b,data_pmus_yaounde,q5_1,Agent_37,ENTRE 18 ET 25 ANS
5,3,4,4,5,mistral:7b,data_pmus_yaounde,q5_2,Agent_37,ENTRE 30 001 ET 100 000
5,4,5,4,5,mistral:7b,data_pmus_yaounde,q5_3,Agent_37,FEMME
4,4,4,4,4,mistral:7b,data_pmus_yaounde,centre ville,Agent_38,YAOUNDE
5,4,5,4,5,mistral:7b,data_pmus_yaounde,q1_1,Agent_38,UN QUARTIER DE LA VILLE DE YAOUNDE
4,4,4,4,4,mistral:7b,data_pmus_yaounde,q1_1_a,Agent_38,NKOL NDA
4,4,3,4,3,mistral:7b,data_pmus_yaounde,q1_1_b,Agent_38,NKOL NDA
4,4,4,4,4,mistral:7b,data_pmus_yaounde,q1_1_c,Agent_38,AFANOYA
5,4,5,4,5,mistral:7b,data_pmus_yaounde,q1_2,Agent_38,UN QUARTIER DE LA VILLE DE YAOUNDE
4,4,4,4,4,mistral:7b,data_pmus_yaounde,q1_2_a,Agent_38,ABOM
4,4,3,4,3,mistral:7b,data_pmus_yaounde,q1_2_b,Agent_38,10 IEME ARRET
4,4,4,4,4,mistral:7b,data_pmus_yaounde,q1_3_c,Agent_38,AFANOYA
3,3,4,4,3,mistral:7b,data_pmus_yaounde,q2_1,Agent_38,A PIED
4,4,3,4,3,mistral:7b,data_pmus_yaounde,q2_2_1,Agent_38,2 CHEVEAU
4,4,3,4,3,mistral:7b,data_pmus_yaounde,q2_2_2,Agent_38,10 E ARRET
4,4,3,4,3,mistral:7b,data_pmus_yaounde,q2_3_1,Agent_38,0LESOA
4,4,3,4,3,mistral:7b,data_pmus_yaounde,q2_3_2,Agent_38,0NANA
4,4,5,4,5,mistral:7b,data_pmus_yaounde,q2_3,Agent_38,NON
4,4,4,4,4,mistral:7b,data_pmus_yaounde,q2_4,Agent_38,A PIED
4,4,4,4,4,mistral:7b,data_pmus_yaounde,q2_5_1,Agent_38,A B0NAS
4,4,4,4,4,mistral:7b,data_pmus_yaounde,q2_5_2,Agent_38,0MPHINE
4,4,4,4,4,mistral:7b,data_pmus_yaounde,q2_6_1,Agent_38,ABATTOIR
4,4,4,4,4,mistral:7b,data_pmus_yaounde,q2_6_2,Agent_38,DERRIERE LYCEE
4,3,5,4,5,mistral:7b,data_pmus_yaounde,q3_1,Agent_38,NON
4,3,4,4,3,mistral:7b,data_pmus_yaounde,q3_2,Agent_38,A PIED
4,4,4,4,4,mistral:7b,data_pmus_yaounde,q3_3_1,Agent_38,ACACIA
4,4,3,4,3,mistral:7b,data_pmus_yaounde,q3_3_2,Agent_38,10 IEME ARRET
1,1,1,1,3,mistral:7b,data_pmus_yaounde,q4_1_a,Agent_38,nan
4,3,3,4,4,mistral:7b,data_pmus_yaounde,q4_1_b,Agent_38,PLUS DE 20 MINUTES
4,4,2,4,2,mistral:7b,data_pmus_yaounde,q4_2_a,Agent_38,Veuillez indiquer depuis combien de temps vous attendez.
4,3,5,4,4,mistral:7b,data_pmus_yaounde,q4_2_b,Agent_38,MOINS DE 15 MIN
4,4,4,4,4,mistral:7b,data_pmus_yaounde,q4_3,Agent_38,350.0
4,3,4,4,4,mistral:7b,data_pmus_yaounde,q4_4,Agent_38,COURSES
3,3,4,4,4,mistral:7b,data_pmus_yaounde,q4_4_autres,Agent_38,LECOLE
5,3,5,4,5,mistral:7b,data_pmus_yaounde,q5_1,Agent_38,MOINS DE 18 ANS
5,3,4,4,5,mistral:7b,data_pmus_yaounde,q5_2,Agent_38,ENTRE 300 001 ET 500 000
5,4,5,4,5,mistral:7b,data_pmus_yaounde,q5_3,Agent_38,FEMME
4,4,4,4,4,mistral:7b,data_pmus_yaounde,centre ville,Agent_39,YAOUNDE
5,4,5,4,5,mistral:7b,data_pmus_yaounde,q1_1,Agent_39,UN QUARTIER DE LA VILLE DE YAOUNDE
4,4,4,4,4,mistral:7b,data_pmus_yaounde,q1_1_a,Agent_39,MENDONG
4,4,3,4,3,mistral:7b,data_pmus_yaounde,q1_1_b,Agent_39,10EME ARRET
4,4,4,4,4,mistral:7b,data_pmus_yaounde,q1_1_c,Agent_39,AFANOYA
5,4,5,4,5,mistral:7b,data_pmus_yaounde,q1_2,Agent_39,UN QUARTIER DE LA VILLE DE YAOUNDE
4,4,4,4,4,mistral:7b,data_pmus_yaounde,q1_2_a,Agent_39,COLLEGE FMI
4,4,3,4,3,mistral:7b,data_pmus_yaounde,q1_2_b,Agent_39,10 IEME ARRET
1,1,1,1,3,mistral:7b,data_pmus_yaounde,q1_3_c,Agent_39,nan
3,3,4,4,3,mistral:7b,data_pmus_yaounde,q2_1,Agent_39,PAR BUS AGENCE INTERURBAIN
4,4,3,4,3,mistral:7b,data_pmus_yaounde,q2_2_1,Agent_39,2 CHEVEAU
4,4,3,4,3,mistral:7b,data_pmus_yaounde,q2_2_2,Agent_39,10 E ARRET
4,4,3,4,3,mistral:7b,data_pmus_yaounde,q2_3_1,Agent_39,0LESOA
4,4,3,4,3,mistral:7b,data_pmus_yaounde,q2_3_2,Agent_39,NKOM KANA
4,4,5,4,5,mistral:7b,data_pmus_yaounde,q2_3,Agent_39,NON
4,4,4,4,4,mistral:7b,data_pmus_yaounde,q2_4,Agent_39,PAR BUS AGENCE INTERURBAIN
4,4,4,4,4,mistral:7b,data_pmus_yaounde,q2_5_1,Agent_39,A B0NAS
4,4,4,4,4,mistral:7b,data_pmus_yaounde,q2_5_2,Agent_39,0MPHINE
4,4,4,4,4,mistral:7b,data_pmus_yaounde,q2_6_1,Agent_39,NKOM KANA
4,4,4,4,4,mistral:7b,data_pmus_yaounde,q2_6_2,Agent_39,11EME ARRET
4,3,5,4,5,mistral:7b,data_pmus_yaounde,q3_1,Agent_39,NON
4,3,4,4,3,mistral:7b,data_pmus_yaounde,q3_2,Agent_39,PAR BUS AGENCE INTERURBAIN
4,4,4,4,4,mistral:7b,data_pmus_yaounde,q3_3_1,Agent_39,ACACIA
4,4,3,4,3,mistral:7b,data_pmus_yaounde,q3_3_2,Agent_39,10 IEME ARRET
4,4,2,4,2,mistral:7b,data_pmus_yaounde,q4_1_a,Agent_39,Veuillez indiquer depuis combien de temps vous attendez.
4,3,3,4,4,mistral:7b,data_pmus_yaounde,q4_1_b,Agent_39,PLUS DE 20 MINUTES
4,4,2,4,2,mistral:7b,data_pmus_yaounde,q4_2_a,Agent_39,Veuillez indiquer depuis combien de temps vous attendez.
4,3,5,4,4,mistral:7b,data_pmus_yaounde,q4_2_b,Agent_39,30 60 MIN
4,4,4,4,4,mistral:7b,data_pmus_yaounde,q4_3,Agent_39,2950.0
4,3,4,4,4,mistral:7b,data_pmus_yaounde,q4_4,Agent_39,TRAVAIL
3,3,4,4,4,mistral:7b,data_pmus_yaounde,q4_4_autres,Agent_39,ACHAT
5,3,5,4,5,mistral:7b,data_pmus_yaounde,q5_1,Agent_39,ENTRE 36 ET 45 ANS
5,3,4,4,5,mistral:7b,data_pmus_yaounde,q5_2,Agent_39,ENTRE 30 001 ET 100 000
5,4,5,4,5,mistral:7b,data_pmus_yaounde,q5_3,Agent_39,HOMME
4,4,4,4,4,mistral:7b,data_pmus_yaounde,centre ville,Agent_40,YAOUNDE
5,4,5,4,5,mistral:7b,data_pmus_yaounde,q1_1,Agent_40,UN QUARTIER DE LA VILLE DE YAOUNDE
4,4,4,4,4,mistral:7b,data_pmus_yaounde,q1_1_a,Agent_40,MBANKOLO
4,4,3,4,3,mistral:7b,data_pmus_yaounde,q1_1_b,Agent_40,NKOL BIKOK
4,4,4,4,4,mistral:7b,data_pmus_yaounde,q1_1_c,Agent_40,AFANOYA
5,4,5,4,5,mistral:7b,data_pmus_yaounde,q1_2,Agent_40,UN QUARTIER DE LA VILLE DE YAOUNDE
4,4,4,4,4,mistral:7b,data_pmus_yaounde,q1_2_a,Agent_40,MBANKOLO
4,4,3,4,3,mistral:7b,data_pmus_yaounde,q1_2_b,Agent_40,NKOL BIKOK
4,4,4,4,4,mistral:7b,data_pmus_yaounde,q1_3_c,Agent_40,AFANOYA
3,3,4,4,3,mistral:7b,data_pmus_yaounde,q2_1,Agent_40,PAR BUS AGENCE INTERURBAIN
4,4,3,4,3,mistral:7b,data_pmus_yaounde,q2_2_1,Agent_40,NKOL BIKOK
4,4,3,4,3,mistral:7b,data_pmus_yaounde,q2_2_2,Agent_40,10 E ARRET
4,4,3,4,3,mistral:7b,data_pmus_yaounde,q2_3_1,Agent_40,0LESOA
4,4,3,4,3,mistral:7b,data_pmus_yaounde,q2_3_2,Agent_40,0NANA
4,4,5,4,5,mistral:7b,data_pmus_yaounde,q2_3,Agent_40,NON
4,4,4,4,4,mistral:7b,data_pmus_yaounde,q2_4,Agent_40,PAR BUS AGENCE INTERURBAIN
4,4,4,4,4,mistral:7b,data_pmus_yaounde,q2_5_1,Agent_40,A B0NAS
4,4,4,4,4,mistral:7b,data_pmus_yaounde,q2_5_2,Agent_40,0MPHINE
4,4,4,4,4,mistral:7b,data_pmus_yaounde,q2_6_1,Agent_40,ABATTOIR
4,4,4,4,4,mistral:7b,data_pmus_yaounde,q2_6_2,Agent_40,11EME ARRET
4,3,5,4,5,mistral:7b,data_pmus_yaounde,q3_1,Agent_40,NON
4,3,4,4,3,mistral:7b,data_pmus_yaounde,q3_2,Agent_40,PAR BUS AGENCE INTERURBAIN
4,4,4,4,4,mistral:7b,data_pmus_yaounde,q3_3_1,Agent_40,ACACIA
4,4,3,4,3,mistral:7b,data_pmus_yaounde,q3_3_2,Agent_40,10 IEME ARRET
1,1,1,1,3,mistral:7b,data_pmus_yaounde,q4_1_a,Agent_40,nan
4,3,3,4,4,mistral:7b,data_pmus_yaounde,q4_1_b,Agent_40,PLUS DE 20 MINUTES
4,4,2,4,2,mistral:7b,data_pmus_yaounde,q4_2_a,Agent_40,Veuillez indiquer depuis combien de temps vous attendez.
4,3,5,4,4,mistral:7b,data_pmus_yaounde,q4_2_b,Agent_40,15 30 MIN
4,4,4,4,4,mistral:7b,data_pmus_yaounde,q4_3,Agent_40,6200.0
4,3,4,4,4,mistral:7b,data_pmus_yaounde,q4_4,Agent_40,TRAVAIL
3,3,4,4,4,mistral:7b,data_pmus_yaounde,q4_4_autres,Agent_40,ACHAT
5,3,5,4,5,mistral:7b,data_pmus_yaounde,q5_1,Agent_40,ENTRE 55ANS ET 64 ANS
5,3,4,4,5,mistral:7b,data_pmus_yaounde,q5_2,Agent_40,ENTRE 30 001 ET 100 000
5,4,5,4,5,mistral:7b,data_pmus_yaounde,q5_3,Agent_40,HOMME
4,4,4,4,4,mistral:7b,data_pmus_yaounde,centre ville,Agent_41,YAOUNDE
5,4,5,4,5,mistral:7b,data_pmus_yaounde,q1_1,Agent_41,UN QUARTIER DE LA VILLE DE YAOUNDE
4,4,4,4,4,mistral:7b,data_pmus_yaounde,q1_1_a,Agent_41,MOKOLO
4,4,3,4,3,mistral:7b,data_pmus_yaounde,q1_1_b,Agent_41,10EME ARRET
1,1,1,1,3,mistral:7b,data_pmus_yaounde,q1_1_c,Agent_41,nan
5,4,5,4,5,mistral:7b,data_pmus_yaounde,q1_2,Agent_41,UN QUARTIER DE LA VILLE DE YAOUNDE
4,4,4,4,4,mistral:7b,data_pmus_yaounde,q1_2_a,Agent_41,MVOG BETSI
4,4,3,4,3,mistral:7b,data_pmus_yaounde,q1_2_b,Agent_41,MVOG BETSI
1,1,1,1,3,mistral:7b,data_pmus_yaounde,q1_3_c,Agent_41,nan
3,3,4,4,3,mistral:7b,data_pmus_yaounde,q2_1,Agent_41,PAR BUS AGENCE INTERURBAIN
4,4,3,4,3,mistral:7b,data_pmus_yaounde,q2_2_1,Agent_41,MVOG BETSI
4,4,3,4,3,mistral:7b,data_pmus_yaounde,q2_2_2,Agent_41,10 E ARRET
4,4,3,4,3,mistral:7b,data_pmus_yaounde,q2_3_1,Agent_41,MVOG BETSI
4,4,3,4,3,mistral:7b,data_pmus_yaounde,q2_3_2,Agent_41,0NANA
4,4,5,4,5,mistral:7b,data_pmus_yaounde,q2_3,Agent_41,NON
4,4,4,4,4,mistral:7b,data_pmus_yaounde,q2_4,Agent_41,PAR BUS AGENCE INTERURBAIN
4,4,4,4,4,mistral:7b,data_pmus_yaounde,q2_5_1,Agent_41,MVOG BETSI
4,4,4,4,4,mistral:7b,data_pmus_yaounde,q2_5_2,Agent_41,0MPHINE
4,4,4,4,4,mistral:7b,data_pmus_yaounde,q2_6_1,Agent_41,MVOG BETSI
4,4,4,4,4,mistral:7b,data_pmus_yaounde,q2_6_2,Agent_41,11EME ARRET
4,3,5,4,5,mistral:7b,data_pmus_yaounde,q3_1,Agent_41,NON
4,3,4,4,3,mistral:7b,data_pmus_yaounde,q3_2,Agent_41,PAR BUS AGENCE INTERURBAIN
4,4,4,4,4,mistral:7b,data_pmus_yaounde,q3_3_1,Agent_41,ACACIA
4,4,3,4,3,mistral:7b,data_pmus_yaounde,q3_3_2,Agent_41,MVOG BETSI
1,1,1,1,3,mistral:7b,data_pmus_yaounde,q4_1_a,Agent_41,nan
4,3,3,4,4,mistral:7b,data_pmus_yaounde,q4_1_b,Agent_41,PLUS DE 20 MINUTES
4,4,2,4,2,mistral:7b,data_pmus_yaounde,q4_2_a,Agent_41,Veuillez indiquer depuis combien de temps vous attendez.
4,3,5,4,4,mistral:7b,data_pmus_yaounde,q4_2_b,Agent_41,MOINS DE 15 MIN
4,4,4,4,4,mistral:7b,data_pmus_yaounde,q4_3,Agent_41,3200.0
4,3,4,4,4,mistral:7b,data_pmus_yaounde,q4_4,Agent_41,ACTIVIT S DE LOISIRS
3,3,4,4,4,mistral:7b,data_pmus_yaounde,q4_4_autres,Agent_41,SPORT ET VISITE AMICALE
5,3,5,4,5,mistral:7b,data_pmus_yaounde,q5_1,Agent_41,ENTRE 55ANS ET 64 ANS
5,3,4,4,5,mistral:7b,data_pmus_yaounde,q5_2,Agent_41,ENTRE 30 001 ET 100 000
5,4,5,4,5,mistral:7b,data_pmus_yaounde,q5_3,Agent_41,HOMME
4,4,4,4,4,mistral:7b,data_pmus_yaounde,centre ville,Agent_42,YAOUNDE
5,4,5,4,5,mistral:7b,data_pmus_yaounde,q1_1,Agent_42,UN QUARTIER DE LA VILLE DE YAOUNDE
4,4,4,4,4,mistral:7b,data_pmus_yaounde,q1_1_a,Agent_42,TONGOLO
4,4,3,4,3,mistral:7b,data_pmus_yaounde,q1_1_b,Agent_42,10EME ARRET
4,4,4,4,4,mistral:7b,data_pmus_yaounde,q1_1_c,Agent_42,AFANOYA
5,4,5,4,5,mistral:7b,data_pmus_yaounde,q1_2,Agent_42,UN QUARTIER DE LA VILLE DE YAOUNDE
4,4,4,4,4,mistral:7b,data_pmus_yaounde,q1_2_a,Agent_42,TONGOLO
4,4,3,4,3,mistral:7b,data_pmus_yaounde,q1_2_b,Agent_42,10 IEME ARRET
4,4,4,4,4,mistral:7b,data_pmus_yaounde,q1_3_c,Agent_42,AFANOYA
3,3,4,4,3,mistral:7b,data_pmus_yaounde,q2_1,Agent_42,A PIED
4,4,3,4,3,mistral:7b,data_pmus_yaounde,q2_2_1,Agent_42,TSINGA
4,4,3,4,3,mistral:7b,data_pmus_yaounde,q2_2_2,Agent_42,TSINGA
4,4,3,4,3,mistral:7b,data_pmus_yaounde,q2_3_1,Agent_42,TONGOLO
4,4,3,4,3,mistral:7b,data_pmus_yaounde,q2_3_2,Agent_42,0NANA
4,4,5,4,5,mistral:7b,data_pmus_yaounde,q2_3,Agent_42,NON
4,4,4,4,4,mistral:7b,data_pmus_yaounde,q2_4,Agent_42,A PIED
4,4,4,4,4,mistral:7b,data_pmus_yaounde,q2_5_1,Agent_42,TSINGA
4,4,4,4,4,mistral:7b,data_pmus_yaounde,q2_5_2,Agent_42,0MPHINE
4,4,4,4,4,mistral:7b,data_pmus_yaounde,q2_6_1,Agent_42,TSINGA
4,4,4,4,4,mistral:7b,data_pmus_yaounde,q2_6_2,Agent_42,ENTREE ITAMBE
4,3,5,4,5,mistral:7b,data_pmus_yaounde,q3_1,Agent_42,NON
4,3,4,4,3,mistral:7b,data_pmus_yaounde,q3_2,Agent_42,A PIED
4,4,4,4,4,mistral:7b,data_pmus_yaounde,q3_3_1,Agent_42,TONGOLO
4,4,3,4,3,mistral:7b,data_pmus_yaounde,q3_3_2,Agent_42,10 IEME ARRET
1,1,1,1,3,mistral:7b,data_pmus_yaounde,q4_1_a,Agent_42,nan
4,3,3,4,4,mistral:7b,data_pmus_yaounde,q4_1_b,Agent_42,PLUS DE 20 MINUTES
4,4,2,4,2,mistral:7b,data_pmus_yaounde,q4_2_a,Agent_42,Veuillez indiquer depuis combien de temps vous attendez.
4,3,5,4,4,mistral:7b,data_pmus_yaounde,q4_2_b,Agent_42,PLUS DE 1HEURE
1,1,1,1,3,mistral:7b,data_pmus_yaounde,q4_3,Agent_42,nan
4,3,4,4,4,mistral:7b,data_pmus_yaounde,q4_4,Agent_42,COURSES
3,3,4,4,4,mistral:7b,data_pmus_yaounde,q4_4_autres,Agent_42,FAIRE DES ACHATS
5,3,5,4,5,mistral:7b,data_pmus_yaounde,q5_1,Agent_42,ENTRE 55ANS ET 64 ANS
5,3,4,4,5,mistral:7b,data_pmus_yaounde,q5_2,Agent_42,ENTRE 30 001 ET 100 000
5,4,5,4,5,mistral:7b,data_pmus_yaounde,q5_3,Agent_42,HOMME
4,4,4,4,4,mistral:7b,data_pmus_yaounde,centre ville,Agent_43,YAOUNDE
5,4,5,4,5,mistral:7b,data_pmus_yaounde,q1_1,Agent_43,UN QUARTIER DE LA VILLE DE YAOUNDE
4,4,4,4,4,mistral:7b,data_pmus_yaounde,q1_1_a,Agent_43,MVOG EKOUSSOU
4,4,3,4,3,mistral:7b,data_pmus_yaounde,q1_1_b,Agent_43,10EME ARRET
4,4,4,4,4,mistral:7b,data_pmus_yaounde,q1_1_c,Agent_43,AFANOYA
5,4,5,4,5,mistral:7b,data_pmus_yaounde,q1_2,Agent_43,UN QUARTIER DE LA VILLE DE YAOUNDE
4,4,4,4,4,mistral:7b,data_pmus_yaounde,q1_2_a,Agent_43,ABOM
4,4,3,4,3,mistral:7b,data_pmus_yaounde,q1_2_b,Agent_43,10 IEME ARRET
1,1,1,1,3,mistral:7b,data_pmus_yaounde,q1_3_c,Agent_43,nan
3,3,4,4,3,mistral:7b,data_pmus_yaounde,q2_1,Agent_43,PAR BUS AGENCE INTERURBAIN
4,4,3,4,3,mistral:7b,data_pmus_yaounde,q2_2_1,Agent_43,2 CHEVEAU
4,4,3,4,3,mistral:7b,data_pmus_yaounde,q2_2_2,Agent_43,10 E ARRET
4,4,3,4,3,mistral:7b,data_pmus_yaounde,q2_3_1,Agent_43,0LESOA
4,4,3,4,3,mistral:7b,data_pmus_yaounde,q2_3_2,Agent_43,POINT DE BUS
4,4,5,4,5,mistral:7b,data_pmus_yaounde,q2_3,Agent_43,NON
4,4,4,4,4,mistral:7b,data_pmus_yaounde,q2_4,Agent_43,PAR BUS AGENCE INTERURBAIN
4,4,4,4,4,mistral:7b,data_pmus_yaounde,q2_5_1,Agent_43,A B0NAS
4,4,4,4,4,mistral:7b,data_pmus_yaounde,q2_5_2,Agent_43,MVOG EKOUSO
4,4,4,4,4,mistral:7b,data_pmus_yaounde,q2_6_1,Agent_43,ABATTOIR
4,4,4,4,4,mistral:7b,data_pmus_yaounde,q2_6_2,Agent_43,HOPITAL GENRERAL
4,3,5,4,5,mistral:7b,data_pmus_yaounde,q3_1,Agent_43,NON
4,3,4,4,3,mistral:7b,data_pmus_yaounde,q3_2,Agent_43,PAR BUS AGENCE INTERURBAIN
4,4,4,4,4,mistral:7b,data_pmus_yaounde,q3_3_1,Agent_43,ACACIA
4,4,3,4,3,mistral:7b,data_pmus_yaounde,q3_3_2,Agent_43,MONTEE DU CENTRE
4,4,2,4,2,mistral:7b,data_pmus_yaounde,q4_1_a,Agent_43,Veuillez indiquer depuis combien de temps vous attendez.
4,3,3,4,4,mistral:7b,data_pmus_yaounde,q4_1_b,Agent_43,PLUS DE 20 MINUTES
4,4,2,4,2,mistral:7b,data_pmus_yaounde,q4_2_a,Agent_43,Veuillez indiquer depuis combien de temps vous attendez.
4,3,5,4,4,mistral:7b,data_pmus_yaounde,q4_2_b,Agent_43,30 60 MIN
4,4,4,4,4,mistral:7b,data_pmus_yaounde,q4_3,Agent_43,600.0
4,3,4,4,4,mistral:7b,data_pmus_yaounde,q4_4,Agent_43,TRAVAIL
3,3,4,4,4,mistral:7b,data_pmus_yaounde,q4_4_autres,Agent_43,ACHAT
5,3,5,4,5,mistral:7b,data_pmus_yaounde,q5_1,Agent_43,ENTRE 36 ET 45 ANS
5,3,4,4,5,mistral:7b,data_pmus_yaounde,q5_2,Agent_43,ENTRE 300 001 ET 500 000
5,4,5,4,5,mistral:7b,data_pmus_yaounde,q5_3,Agent_43,FEMME
4,4,4,4,4,mistral:7b,data_pmus_yaounde,centre ville,Agent_44,YAOUNDE
5,4,5,4,5,mistral:7b,data_pmus_yaounde,q1_1,Agent_44,UN QUARTIER DE LA VILLE DE YAOUNDE
4,4,4,4,4,mistral:7b,data_pmus_yaounde,q1_1_a,Agent_44,OFEBE
4,4,3,4,3,mistral:7b,data_pmus_yaounde,q1_1_b,Agent_44,OFEBE
4,4,4,4,4,mistral:7b,data_pmus_yaounde,q1_1_c,Agent_44,AFANOYA
5,4,5,4,5,mistral:7b,data_pmus_yaounde,q1_2,Agent_44,UN QUARTIER DE LA VILLE DE YAOUNDE
4,4,4,4,4,mistral:7b,data_pmus_yaounde,q1_2_a,Agent_44,ABOM
4,4,3,4,3,mistral:7b,data_pmus_yaounde,q1_2_b,Agent_44,10 IEME ARRET
4,4,4,4,4,mistral:7b,data_pmus_yaounde,q1_3_c,Agent_44,AFANOYA
3,3,4,4,3,mistral:7b,data_pmus_yaounde,q2_1,Agent_44,PAR BUS AGENCE INTERURBAIN
4,4,3,4,3,mistral:7b,data_pmus_yaounde,q2_2_1,Agent_44,2 CHEVEAU
4,4,3,4,3,mistral:7b,data_pmus_yaounde,q2_2_2,Agent_44,10 E ARRET
4,4,3,4,3,mistral:7b,data_pmus_yaounde,q2_3_1,Agent_44,0LESOA
4,4,3,4,3,mistral:7b,data_pmus_yaounde,q2_3_2,Agent_44,0NANA
4,4,5,4,5,mistral:7b,data_pmus_yaounde,q2_3,Agent_44,NON
4,4,4,4,4,mistral:7b,data_pmus_yaounde,q2_4,Agent_44,PAR BUS AGENCE INTERURBAIN
4,4,4,4,4,mistral:7b,data_pmus_yaounde,q2_5_1,Agent_44,A B0NAS
4,4,4,4,4,mistral:7b,data_pmus_yaounde,q2_5_2,Agent_44,0MPHINE
4,4,4,4,4,mistral:7b,data_pmus_yaounde,q2_6_1,Agent_44,ABATTOIR
4,4,4,4,4,mistral:7b,data_pmus_yaounde,q2_6_2,Agent_44,11EME ARRET
4,3,5,4,5,mistral:7b,data_pmus_yaounde,q3_1,Agent_44,NON
4,3,4,4,3,mistral:7b,data_pmus_yaounde,q3_2,Agent_44,PAR BUS AGENCE INTERURBAIN
4,4,4,4,4,mistral:7b,data_pmus_yaounde,q3_3_1,Agent_44,VILLAGE BAR
4,4,3,4,3,mistral:7b,data_pmus_yaounde,q3_3_2,Agent_44,VILLAGE BAR
1,1,1,1,3,mistral:7b,data_pmus_yaounde,q4_1_a,Agent_44,nan
4,3,3,4,4,mistral:7b,data_pmus_yaounde,q4_1_b,Agent_44,PLUS DE 20 MINUTES
4,4,2,4,2,mistral:7b,data_pmus_yaounde,q4_2_a,Agent_44,Veuillez indiquer depuis combien de temps vous attendez.
4,3,5,4,4,mistral:7b,data_pmus_yaounde,q4_2_b,Agent_44,15 30 MIN
4,4,4,4,4,mistral:7b,data_pmus_yaounde,q4_3,Agent_44,350.0
4,3,4,4,4,mistral:7b,data_pmus_yaounde,q4_4,Agent_44,COURSES
3,3,4,4,4,mistral:7b,data_pmus_yaounde,q4_4_autres,Agent_44,FAIRE DES ACHATS
5,3,5,4,5,mistral:7b,data_pmus_yaounde,q5_1,Agent_44,ENTRE 55ANS ET 64 ANS
5,3,4,4,5,mistral:7b,data_pmus_yaounde,q5_2,Agent_44,ENTRE 30 001 ET 100 000
5,4,5,4,5,mistral:7b,data_pmus_yaounde,q5_3,Agent_44,FEMME
4,4,4,4,4,mistral:7b,data_pmus_yaounde,centre ville,Agent_45,YAOUNDE
5,4,5,4,5,mistral:7b,data_pmus_yaounde,q1_1,Agent_45,UN QUARTIER DE LA VILLE DE YAOUNDE
4,4,4,4,4,mistral:7b,data_pmus_yaounde,q1_1_a,Agent_45,ABIT
4,4,3,4,3,mistral:7b,data_pmus_yaounde,q1_1_b,Agent_45,10EME ARRET
4,4,4,4,4,mistral:7b,data_pmus_yaounde,q1_1_c,Agent_45,AFANOYA
5,4,5,4,5,mistral:7b,data_pmus_yaounde,q1_2,Agent_45,UN QUARTIER DE LA VILLE DE YAOUNDE
4,4,4,4,4,mistral:7b,data_pmus_yaounde,q1_2_a,Agent_45,OLEZOA
4,4,3,4,3,mistral:7b,data_pmus_yaounde,q1_2_b,Agent_45,OLEZOA
1,1,1,1,3,mistral:7b,data_pmus_yaounde,q1_3_c,Agent_45,nan
3,3,4,4,3,mistral:7b,data_pmus_yaounde,q2_1,Agent_45,PAR BUS AGENCE INTERURBAIN
4,4,3,4,3,mistral:7b,data_pmus_yaounde,q2_2_1,Agent_45,OLEZOA
4,4,3,4,3,mistral:7b,data_pmus_yaounde,q2_2_2,Agent_45,OLEZOA
4,4,3,4,3,mistral:7b,data_pmus_yaounde,q2_3_1,Agent_45,OLEZOA
4,4,3,4,3,mistral:7b,data_pmus_yaounde,q2_3_2,Agent_45,0NANA
4,4,5,4,5,mistral:7b,data_pmus_yaounde,q2_3,Agent_45,NON
4,4,4,4,4,mistral:7b,data_pmus_yaounde,q2_4,Agent_45,PAR BUS AGENCE INTERURBAIN
4,4,4,4,4,mistral:7b,data_pmus_yaounde,q2_5_1,Agent_45,OLEZOA
4,4,4,4,4,mistral:7b,data_pmus_yaounde,q2_5_2,Agent_45,0MPHINE
4,4,4,4,4,mistral:7b,data_pmus_yaounde,q2_6_1,Agent_45,OLEZOA
4,4,4,4,4,mistral:7b,data_pmus_yaounde,q2_6_2,Agent_45,11EME ARRET
4,3,5,4,5,mistral:7b,data_pmus_yaounde,q3_1,Agent_45,NON
4,3,4,4,3,mistral:7b,data_pmus_yaounde,q3_2,Agent_45,PAR BUS STACY
4,4,4,4,4,mistral:7b,data_pmus_yaounde,q3_3_1,Agent_45,ACACIA
4,4,3,4,3,mistral:7b,data_pmus_yaounde,q3_3_2,Agent_45,10 IEME ARRET
1,1,1,1,3,mistral:7b,data_pmus_yaounde,q4_1_a,Agent_45,nan
4,3,3,4,4,mistral:7b,data_pmus_yaounde,q4_1_b,Agent_45,PLUS DE 20 MINUTES
4,4,2,4,2,mistral:7b,data_pmus_yaounde,q4_2_a,Agent_45,Veuillez indiquer depuis combien de temps vous attendez.
4,3,5,4,4,mistral:7b,data_pmus_yaounde,q4_2_b,Agent_45,30 60 MIN
4,4,4,4,4,mistral:7b,data_pmus_yaounde,q4_3,Agent_45,3400.0
4,3,4,4,4,mistral:7b,data_pmus_yaounde,q4_4,Agent_45,TRAVAIL
3,3,4,4,4,mistral:7b,data_pmus_yaounde,q4_4_autres,Agent_45,ACHAT
5,3,5,4,5,mistral:7b,data_pmus_yaounde,q5_1,Agent_45,ENTRE 36 ET 45 ANS
5,3,4,4,5,mistral:7b,data_pmus_yaounde,q5_2,Agent_45,ENTRE 30 001 ET 100 000
5,4,5,4,5,mistral:7b,data_pmus_yaounde,q5_3,Agent_45,HOMME
4,4,4,4,4,mistral:7b,data_pmus_yaounde,centre ville,Agent_46,YAOUNDE
5,4,5,4,5,mistral:7b,data_pmus_yaounde,q1_1,Agent_46,UN QUARTIER DE LA VILLE DE YAOUNDE
4,4,4,4,4,mistral:7b,data_pmus_yaounde,q1_1_a,Agent_46,ABIT
4,4,3,4,3,mistral:7b,data_pmus_yaounde,q1_1_b,Agent_46,10EME ARRET
4,4,4,4,4,mistral:7b,data_pmus_yaounde,q1_1_c,Agent_46,AFANOYA
5,4,5,4,5,mistral:7b,data_pmus_yaounde,q1_2,Agent_46,UN QUARTIER DE LA VILLE DE YAOUNDE
4,4,4,4,4,mistral:7b,data_pmus_yaounde,q1_2_a,Agent_46,ABOM
4,4,3,4,3,mistral:7b,data_pmus_yaounde,q1_2_b,Agent_46,10 IEME ARRET
4,4,4,4,4,mistral:7b,data_pmus_yaounde,q1_3_c,Agent_46,MBANKOLO
3,3,4,4,3,mistral:7b,data_pmus_yaounde,q2_1,Agent_46,PAR BUS AGENCE INTERURBAIN
4,4,3,4,3,mistral:7b,data_pmus_yaounde,q2_2_1,Agent_46,2 CHEVEAU
4,4,3,4,3,mistral:7b,data_pmus_yaounde,q2_2_2,Agent_46,10 E ARRET
4,4,3,4,3,mistral:7b,data_pmus_yaounde,q2_3_1,Agent_46,BRASSERIE
4,4,3,4,3,mistral:7b,data_pmus_yaounde,q2_3_2,Agent_46,CARREFOURDES CARREAUX
4,4,5,4,5,mistral:7b,data_pmus_yaounde,q2_3,Agent_46,NON
4,4,4,4,4,mistral:7b,data_pmus_yaounde,q2_4,Agent_46,PAR BUS AGENCE INTERURBAIN
4,4,4,4,4,mistral:7b,data_pmus_yaounde,q2_5_1,Agent_46,A B0NAS
4,4,4,4,4,mistral:7b,data_pmus_yaounde,q2_5_2,Agent_46,0MPHINE
4,4,4,4,4,mistral:7b,data_pmus_yaounde,q2_6_1,Agent_46,ABATTOIR
4,4,4,4,4,mistral:7b,data_pmus_yaounde,q2_6_2,Agent_46,CARREFOUR
4,3,5,4,5,mistral:7b,data_pmus_yaounde,q3_1,Agent_46,NON
4,3,4,4,3,mistral:7b,data_pmus_yaounde,q3_2,Agent_46,PAR BUS AGENCE INTERURBAIN
4,4,4,4,4,mistral:7b,data_pmus_yaounde,q3_3_1,Agent_46,ACACIA
4,4,3,4,3,mistral:7b,data_pmus_yaounde,q3_3_2,Agent_46,CARREFOUR
4,4,2,4,2,mistral:7b,data_pmus_yaounde,q4_1_a,Agent_46,Veuillez indiquer depuis combien de temps vous attendez.
4,3,3,4,4,mistral:7b,data_pmus_yaounde,q4_1_b,Agent_46,PLUS DE 20 MINUTES
4,4,2,4,2,mistral:7b,data_pmus_yaounde,q4_2_a,Agent_46,Veuillez indiquer depuis combien de temps vous attendez.
4,3,5,4,4,mistral:7b,data_pmus_yaounde,q4_2_b,Agent_46,MOINS DE 15 MIN
4,4,4,4,4,mistral:7b,data_pmus_yaounde,q4_3,Agent_46,2100.0
4,3,4,4,4,mistral:7b,data_pmus_yaounde,q4_4,Agent_46,VISITE FAMILLE
3,3,4,4,4,mistral:7b,data_pmus_yaounde,q4_4_autres,Agent_46,ACHAT
5,3,5,4,5,mistral:7b,data_pmus_yaounde,q5_1,Agent_46,ENTRE 18 ET 25 ANS
5,3,4,4,5,mistral:7b,data_pmus_yaounde,q5_2,Agent_46,ENTRE 30 001 ET 100 000
5,4,5,4,5,mistral:7b,data_pmus_yaounde,q5_3,Agent_46,HOMME
4,4,4,4,4,mistral:7b,data_pmus_yaounde,centre ville,Agent_47,YAOUNDE
5,4,5,4,5,mistral:7b,data_pmus_yaounde,q1_1,Agent_47,UN QUARTIER DE LA VILLE DE YAOUNDE
4,4,4,4,4,mistral:7b,data_pmus_yaounde,q1_1_a,Agent_47,JOUVENCE
4,4,3,4,3,mistral:7b,data_pmus_yaounde,q1_1_b,Agent_47,10EME ARRET
4,4,4,4,4,mistral:7b,data_pmus_yaounde,q1_1_c,Agent_47,AFANOYA
5,4,5,4,5,mistral:7b,data_pmus_yaounde,q1_2,Agent_47,UN QUARTIER DE LA VILLE DE YAOUNDE
4,4,4,4,4,mistral:7b,data_pmus_yaounde,q1_2_a,Agent_47,JOUVENCE
4,4,3,4,3,mistral:7b,data_pmus_yaounde,q1_2_b,Agent_47,10 IEME ARRET
1,1,1,1,3,mistral:7b,data_pmus_yaounde,q1_3_c,Agent_47,nan
3,3,4,4,3,mistral:7b,data_pmus_yaounde,q2_1,Agent_47,PAR BUS AGENCE INTERURBAIN
4,4,3,4,3,mistral:7b,data_pmus_yaounde,q2_2_1,Agent_47,2 CHEVEAU
4,4,3,4,3,mistral:7b,data_pmus_yaounde,q2_2_2,Agent_47,10 E ARRET
4,4,3,4,3,mistral:7b,data_pmus_yaounde,q2_3_1,Agent_47,0LESOA
4,4,3,4,3,mistral:7b,data_pmus_yaounde,q2_3_2,Agent_47,C A THEDRALE
4,4,5,4,5,mistral:7b,data_pmus_yaounde,q2_3,Agent_47,NON
4,4,4,4,4,mistral:7b,data_pmus_yaounde,q2_4,Agent_47,PAR BUS AGENCE INTERURBAIN
4,4,4,4,4,mistral:7b,data_pmus_yaounde,q2_5_1,Agent_47,A B0NAS
4,4,4,4,4,mistral:7b,data_pmus_yaounde,q2_5_2,Agent_47,UNIVERSITE
4,4,4,4,4,mistral:7b,data_pmus_yaounde,q2_6_1,Agent_47,UNIVERSITE
4,4,4,4,4,mistral:7b,data_pmus_yaounde,q2_6_2,Agent_47,UNIVERSITE
4,3,5,4,5,mistral:7b,data_pmus_yaounde,q3_1,Agent_47,NON
4,3,4,4,3,mistral:7b,data_pmus_yaounde,q3_2,Agent_47,PAR BUS AGENCE INTERURBAIN
4,4,4,4,4,mistral:7b,data_pmus_yaounde,q3_3_1,Agent_47,ACACIA
4,4,3,4,3,mistral:7b,data_pmus_yaounde,q3_3_2,Agent_47,UNIVERSITE
4,4,2,4,2,mistral:7b,data_pmus_yaounde,q4_1_a,Agent_47,Veuillez indiquer depuis combien de temps vous attendez.
4,3,3,4,4,mistral:7b,data_pmus_yaounde,q4_1_b,Agent_47,PLUS DE 20 MINUTES
4,4,2,4,2,mistral:7b,data_pmus_yaounde,q4_2_a,Agent_47,Veuillez indiquer depuis combien de temps vous attendez.
4,3,5,4,4,mistral:7b,data_pmus_yaounde,q4_2_b,Agent_47,15 30 MIN
4,4,4,4,4,mistral:7b,data_pmus_yaounde,q4_3,Agent_47,2500.0
4,3,4,4,4,mistral:7b,data_pmus_yaounde,q4_4,Agent_47,COURSES
3,3,4,4,4,mistral:7b,data_pmus_yaounde,q4_4_autres,Agent_47,ETUDES
5,3,5,4,5,mistral:7b,data_pmus_yaounde,q5_1,Agent_47,ENTRE 18 ET 25 ANS
5,3,4,4,5,mistral:7b,data_pmus_yaounde,q5_2,Agent_47,ENTRE 30 001 ET 100 000
5,4,5,4,5,mistral:7b,data_pmus_yaounde,q5_3,Agent_47,HOMME
4,4,4,4,4,mistral:7b,data_pmus_yaounde,centre ville,Agent_48,YAOUNDE
5,4,5,4,5,mistral:7b,data_pmus_yaounde,q1_1,Agent_48,UN QUARTIER DE LA VILLE DE YAOUNDE
4,4,4,4,4,mistral:7b,data_pmus_yaounde,q1_1_a,Agent_48,ETOA MEKI
4,4,3,4,3,mistral:7b,data_pmus_yaounde,q1_1_b,Agent_48,10EME ARRET
4,4,4,4,4,mistral:7b,data_pmus_yaounde,q1_1_c,Agent_48,AFANOYA
5,4,5,4,5,mistral:7b,data_pmus_yaounde,q1_2,Agent_48,UN QUARTIER DE LA VILLE DE YAOUNDE
4,4,4,4,4,mistral:7b,data_pmus_yaounde,q1_2_a,Agent_48,AHALA
4,4,3,4,3,mistral:7b,data_pmus_yaounde,q1_2_b,Agent_48,10 IEME ARRET
4,4,4,4,4,mistral:7b,data_pmus_yaounde,q1_3_c,Agent_48,AFANOYA
3,3,4,4,3,mistral:7b,data_pmus_yaounde,q2_1,Agent_48,PAR BUS AGENCE INTERURBAIN
4,4,3,4,3,mistral:7b,data_pmus_yaounde,q2_2_1,Agent_48,AHALA
4,4,3,4,3,mistral:7b,data_pmus_yaounde,q2_2_2,Agent_48,10 E ARRET
4,4,3,4,3,mistral:7b,data_pmus_yaounde,q2_3_1,Agent_48,AHALA
4,4,3,4,3,mistral:7b,data_pmus_yaounde,q2_3_2,Agent_48,0NANA
4,4,5,4,5,mistral:7b,data_pmus_yaounde,q2_3,Agent_48,NON
4,4,4,4,4,mistral:7b,data_pmus_yaounde,q2_4,Agent_48,PAR BUS AGENCE INTERURBAIN
4,4,4,4,4,mistral:7b,data_pmus_yaounde,q2_5_1,Agent_48,ETOA MEKI
4,4,4,4,4,mistral:7b,data_pmus_yaounde,q2_5_2,Agent_48,0MPHINE
4,4,4,4,4,mistral:7b,data_pmus_yaounde,q2_6_1,Agent_48,ONANA
4,4,4,4,4,mistral:7b,data_pmus_yaounde,q2_6_2,Agent_48,11EME ARRET
4,3,5,4,5,mistral:7b,data_pmus_yaounde,q3_1,Agent_48,NON
4,3,4,4,3,mistral:7b,data_pmus_yaounde,q3_2,Agent_48,PAR BUS AGENCE INTERURBAIN
4,4,4,4,4,mistral:7b,data_pmus_yaounde,q3_3_1,Agent_48,NSIMEYONG
4,4,3,4,3,mistral:7b,data_pmus_yaounde,q3_3_2,Agent_48,NSIMEYONG
1,1,1,1,3,mistral:7b,data_pmus_yaounde,q4_1_a,Agent_48,nan
4,3,3,4,4,mistral:7b,data_pmus_yaounde,q4_1_b,Agent_48,PLUS DE 20 MINUTES
4,4,2,4,2,mistral:7b,data_pmus_yaounde,q4_2_a,Agent_48,Veuillez indiquer depuis combien de temps vous attendez.
4,3,5,4,4,mistral:7b,data_pmus_yaounde,q4_2_b,Agent_48,15 30 MIN
4,4,4,4,4,mistral:7b,data_pmus_yaounde,q4_3,Agent_48,1100.0
4,3,4,4,4,mistral:7b,data_pmus_yaounde,q4_4,Agent_48,VISITE FAMILLE
3,3,4,4,4,mistral:7b,data_pmus_yaounde,q4_4_autres,Agent_48,ACHAT
5,3,5,4,5,mistral:7b,data_pmus_yaounde,q5_1,Agent_48,MOINS DE 18 ANS
5,3,4,4,5,mistral:7b,data_pmus_yaounde,q5_2,Agent_48,MOINS DE 30 000
5,4,5,4,5,mistral:7b,data_pmus_yaounde,q5_3,Agent_48,FEMME
4,4,4,4,4,mistral:7b,data_pmus_yaounde,centre ville,Agent_49,YAOUNDE
5,4,5,4,5,mistral:7b,data_pmus_yaounde,q1_1,Agent_49,UN QUARTIER DE LA VILLE DE YAOUNDE
4,4,4,4,4,mistral:7b,data_pmus_yaounde,q1_1_a,Agent_49,ABIT
4,4,3,4,3,mistral:7b,data_pmus_yaounde,q1_1_b,Agent_49,10EME ARRET
4,4,4,4,4,mistral:7b,data_pmus_yaounde,q1_1_c,Agent_49,AFANOYA
5,4,5,4,5,mistral:7b,data_pmus_yaounde,q1_2,Agent_49,UN QUARTIER DE LA VILLE DE YAOUNDE
4,4,4,4,4,mistral:7b,data_pmus_yaounde,q1_2_a,Agent_49,ABOM
4,4,3,4,3,mistral:7b,data_pmus_yaounde,q1_2_b,Agent_49,10 IEME ARRET
4,4,4,4,4,mistral:7b,data_pmus_yaounde,q1_3_c,Agent_49,AFANOYA
3,3,4,4,3,mistral:7b,data_pmus_yaounde,q2_1,Agent_49,A PIED
4,4,3,4,3,mistral:7b,data_pmus_yaounde,q2_2_1,Agent_49,2 CHEVEAU
1,1,1,1,3,mistral:7b,data_pmus_yaounde,q2_2_2,Agent_49,nan
4,4,3,4,3,mistral:7b,data_pmus_yaounde,q2_3_1,Agent_49,0LESOA
4,4,3,4,3,mistral:7b,data_pmus_yaounde,q2_3_2,Agent_49,0NANA
4,4,5,4,5,mistral:7b,data_pmus_yaounde,q2_3,Agent_49,NON
4,4,4,4,4,mistral:7b,data_pmus_yaounde,q2_4,Agent_49,PAR TAXI
4,4,4,4,4,mistral:7b,data_pmus_yaounde,q2_5_1,Agent_49,A B0NAS
4,4,4,4,4,mistral:7b,data_pmus_yaounde,q2_5_2,Agent_49,DANS LE QUARTIER
4,4,4,4,4,mistral:7b,data_pmus_yaounde,q2_6_1,Agent_49,CENTRE VILLE
4,4,4,4,4,mistral:7b,data_pmus_yaounde,q2_6_2,Agent_49,CENTRE VILLE
4,3,5,4,5,mistral:7b,data_pmus_yaounde,q3_1,Agent_49,NON
4,3,4,4,3,mistral:7b,data_pmus_yaounde,q3_2,Agent_49,PAR TAXI
4,4,4,4,4,mistral:7b,data_pmus_yaounde,q3_3_1,Agent_49,CENTRE VILLE
4,4,3,4,3,mistral:7b,data_pmus_yaounde,q3_3_2,Agent_49,CENTRE VILLE
1,1,1,1,3,mistral:7b,data_pmus_yaounde,q4_1_a,Agent_49,nan
4,3,3,4,4,mistral:7b,data_pmus_yaounde,q4_1_b,Agent_49,PLUS DE 20 MINUTES
4,4,2,4,2,mistral:7b,data_pmus_yaounde,q4_2_a,Agent_49,Veuillez indiquer depuis combien de temps vous attendez.
4,3,5,4,4,mistral:7b,data_pmus_yaounde,q4_2_b,Agent_49,PLUS DE 1HEURE
4,4,4,4,4,mistral:7b,data_pmus_yaounde,q4_3,Agent_49,2500.0
4,3,4,4,4,mistral:7b,data_pmus_yaounde,q4_4,Agent_49,VISITE FAMILLE
3,3,4,4,4,mistral:7b,data_pmus_yaounde,q4_4_autres,Agent_49,BALADE
5,3,5,4,5,mistral:7b,data_pmus_yaounde,q5_1,Agent_49,ENTRE 18 ET 25 ANS
5,3,4,4,5,mistral:7b,data_pmus_yaounde,q5_2,Agent_49,ENTRE 30 001 ET 100 000
5,4,5,4,5,mistral:7b,data_pmus_yaounde,q5_3,Agent_49,FEMME
4,4,4,4,4,mistral:7b,data_pmus_yaounde,centre ville,Agent_50,YAOUNDE
5,4,5,4,5,mistral:7b,data_pmus_yaounde,q1_1,Agent_50,UN QUARTIER DE LA VILLE DE YAOUNDE
4,4,4,4,4,mistral:7b,data_pmus_yaounde,q1_1_a,Agent_50,MENDONG
4,4,3,4,3,mistral:7b,data_pmus_yaounde,q1_1_b,Agent_50,10EME ARRET
4,4,4,4,4,mistral:7b,data_pmus_yaounde,q1_1_c,Agent_50,MVAN
5,4,5,4,5,mistral:7b,data_pmus_yaounde,q1_2,Agent_50,UN QUARTIER DE LA VILLE DE YAOUNDE
4,4,4,4,4,mistral:7b,data_pmus_yaounde,q1_2_a,Agent_50,MENDONG
4,4,3,4,3,mistral:7b,data_pmus_yaounde,q1_2_b,Agent_50,MENDONG
4,4,4,4,4,mistral:7b,data_pmus_yaounde,q1_3_c,Agent_50,MVAN
3,3,4,4,3,mistral:7b,data_pmus_yaounde,q2_1,Agent_50,PAR TAXI
4,4,3,4,3,mistral:7b,data_pmus_yaounde,q2_2_1,Agent_50,MVAN
4,4,3,4,3,mistral:7b,data_pmus_yaounde,q2_2_2,Agent_50,SIMBOCK CAMP MILITAIRE
4,4,3,4,3,mistral:7b,data_pmus_yaounde,q2_3_1,Agent_50,QUARTIER GENERAL
4,4,3,4,3,mistral:7b,data_pmus_yaounde,q2_3_2,Agent_50,QUARTIER GENERAL
4,4,5,4,5,mistral:7b,data_pmus_yaounde,q2_3,Agent_50,NON
4,4,4,4,4,mistral:7b,data_pmus_yaounde,q2_4,Agent_50,PAR BUS AGENCE INTERURBAIN
4,4,4,4,4,mistral:7b,data_pmus_yaounde,q2_5_1,Agent_50,MENDONG
4,4,4,4,4,mistral:7b,data_pmus_yaounde,q2_5_2,Agent_50,0MPHINE
4,4,4,4,4,mistral:7b,data_pmus_yaounde,q2_6_1,Agent_50,MENDONG
4,4,4,4,4,mistral:7b,data_pmus_yaounde,q2_6_2,Agent_50,DERRIERE LYCEE
4,3,5,4,5,mistral:7b,data_pmus_yaounde,q3_1,Agent_50,NON
4,3,4,4,3,mistral:7b,data_pmus_yaounde,q3_2,Agent_50,A PIED
4,4,4,4,4,mistral:7b,data_pmus_yaounde,q3_3_1,Agent_50,MENDONG
4,4,3,4,3,mistral:7b,data_pmus_yaounde,q3_3_2,Agent_50,MENDONG
1,1,1,1,3,mistral:7b,data_pmus_yaounde,q4_1_a,Agent_50,nan
4,3,3,4,4,mistral:7b,data_pmus_yaounde,q4_1_b,Agent_50,PLUS DE 20 MINUTES
4,4,2,4,2,mistral:7b,data_pmus_yaounde,q4_2_a,Agent_50,Veuillez indiquer depuis combien de temps vous attendez.
4,3,5,4,4,mistral:7b,data_pmus_yaounde,q4_2_b,Agent_50,MOINS DE 15 MIN
4,4,4,4,4,mistral:7b,data_pmus_yaounde,q4_3,Agent_50,100.0
4,3,4,4,4,mistral:7b,data_pmus_yaounde,q4_4,Agent_50,ACTIVIT S DE LOISIRS
3,3,4,4,4,mistral:7b,data_pmus_yaounde,q4_4_autres,Agent_50,SPORT ET VISITE AMICALE
5,3,5,4,5,mistral:7b,data_pmus_yaounde,q5_1,Agent_50,ENTRE 26 ET 35 ANS
5,3,4,4,5,mistral:7b,data_pmus_yaounde,q5_2,Agent_50,ENTRE 30 001 ET 100 000
5,4,5,4,5,mistral:7b,data_pmus_yaounde,q5_3,Agent_50,HOMME
4,4,4,4,4,mistral:7b,data_pmus_yaounde,centre ville,Agent_51,YAOUNDE
5,4,5,4,5,mistral:7b,data_pmus_yaounde,q1_1,Agent_51,UN QUARTIER DE LA VILLE DE YAOUNDE
4,4,4,4,4,mistral:7b,data_pmus_yaounde,q1_1_a,Agent_51,ETOUDI
4,4,3,4,3,mistral:7b,data_pmus_yaounde,q1_1_b,Agent_51,10EME ARRET
4,4,4,4,4,mistral:7b,data_pmus_yaounde,q1_1_c,Agent_51,AFANOYA
5,4,5,4,5,mistral:7b,data_pmus_yaounde,q1_2,Agent_51,UN QUARTIER DE LA VILLE DE YAOUNDE
4,4,4,4,4,mistral:7b,data_pmus_yaounde,q1_2_a,Agent_51,ETOUDI
4,4,3,4,3,mistral:7b,data_pmus_yaounde,q1_2_b,Agent_51,10 IEME ARRET
4,4,4,4,4,mistral:7b,data_pmus_yaounde,q1_3_c,Agent_51,AFANOYA
3,3,4,4,3,mistral:7b,data_pmus_yaounde,q2_1,Agent_51,A PIED
4,4,3,4,3,mistral:7b,data_pmus_yaounde,q2_2_1,Agent_51,2 CHEVEAU
4,4,3,4,3,mistral:7b,data_pmus_yaounde,q2_2_2,Agent_51,10EME
4,4,3,4,3,mistral:7b,data_pmus_yaounde,q2_3_1,Agent_51,0LESOA
4,4,3,4,3,mistral:7b,data_pmus_yaounde,q2_3_2,Agent_51,0NANA
4,4,5,4,5,mistral:7b,data_pmus_yaounde,q2_3,Agent_51,NON
4,4,4,4,4,mistral:7b,data_pmus_yaounde,q2_4,Agent_51,A PIED
4,4,4,4,4,mistral:7b,data_pmus_yaounde,q2_5_1,Agent_51,ETOUDI
4,4,4,4,4,mistral:7b,data_pmus_yaounde,q2_5_2,Agent_51,0MPHINE
4,4,4,4,4,mistral:7b,data_pmus_yaounde,q2_6_1,Agent_51,ETOUDI
4,4,4,4,4,mistral:7b,data_pmus_yaounde,q2_6_2,Agent_51,11EME ARRET
4,3,5,4,5,mistral:7b,data_pmus_yaounde,q3_1,Agent_51,NON
4,3,4,4,3,mistral:7b,data_pmus_yaounde,q3_2,Agent_51,A PIED
4,4,4,4,4,mistral:7b,data_pmus_yaounde,q3_3_1,Agent_51,ETOUDI
4,4,3,4,3,mistral:7b,data_pmus_yaounde,q3_3_2,Agent_51,10 IEME ARRET
1,1,1,1,3,mistral:7b,data_pmus_yaounde,q4_1_a,Agent_51,nan
4,3,3,4,4,mistral:7b,data_pmus_yaounde,q4_1_b,Agent_51,PLUS DE 20 MINUTES
4,4,2,4,2,mistral:7b,data_pmus_yaounde,q4_2_a,Agent_51,Veuillez indiquer depuis combien de temps vous attendez.
4,3,5,4,4,mistral:7b,data_pmus_yaounde,q4_2_b,Agent_51,15 30 MIN
4,4,4,4,4,mistral:7b,data_pmus_yaounde,q4_3,Agent_51,300.0
4,3,4,4,4,mistral:7b,data_pmus_yaounde,q4_4,Agent_51,TRAVAIL
3,3,4,4,4,mistral:7b,data_pmus_yaounde,q4_4_autres,Agent_51,LES AFFAIRES
5,3,5,4,5,mistral:7b,data_pmus_yaounde,q5_1,Agent_51,ENTRE 36 ET 45 ANS
5,3,4,4,5,mistral:7b,data_pmus_yaounde,q5_2,Agent_51,ENTRE 30 001 ET 100 000
5,4,5,4,5,mistral:7b,data_pmus_yaounde,q5_3,Agent_51,FEMME
4,4,4,4,4,mistral:7b,data_pmus_yaounde,centre ville,Agent_52,YAOUNDE
5,4,5,4,5,mistral:7b,data_pmus_yaounde,q1_1,Agent_52,UN QUARTIER DE LA VILLE DE YAOUNDE
4,4,4,4,4,mistral:7b,data_pmus_yaounde,q1_1_a,Agent_52,NKOZOA
4,4,3,4,3,mistral:7b,data_pmus_yaounde,q1_1_b,Agent_52,AU NIVEAU DE LA STATION
4,4,4,4,4,mistral:7b,data_pmus_yaounde,q1_1_c,Agent_52,NKOLANGA
5,4,5,4,5,mistral:7b,data_pmus_yaounde,q1_2,Agent_52,UN QUARTIER DE LA VILLE DE YAOUNDE
4,4,4,4,4,mistral:7b,data_pmus_yaounde,q1_2_a,Agent_52,NKOZOA
4,4,3,4,3,mistral:7b,data_pmus_yaounde,q1_2_b,Agent_52,NKOZOA
4,4,4,4,4,mistral:7b,data_pmus_yaounde,q1_3_c,Agent_52,AFANOYA
3,3,4,4,3,mistral:7b,data_pmus_yaounde,q2_1,Agent_52,PAR BUS AGENCE INTERURBAIN
4,4,3,4,3,mistral:7b,data_pmus_yaounde,q2_2_1,Agent_52,2 CHEVEAU
4,4,3,4,3,mistral:7b,data_pmus_yaounde,q2_2_2,Agent_52,IAI
4,4,3,4,3,mistral:7b,data_pmus_yaounde,q2_3_1,Agent_52,0LESOA
4,4,3,4,3,mistral:7b,data_pmus_yaounde,q2_3_2,Agent_52,0NANA
4,4,5,4,5,mistral:7b,data_pmus_yaounde,q2_3,Agent_52,NON
4,4,4,4,4,mistral:7b,data_pmus_yaounde,q2_4,Agent_52,PAR BUS AGENCE INTERURBAIN
4,4,4,4,4,mistral:7b,data_pmus_yaounde,q2_5_1,Agent_52,A B0NAS
4,4,4,4,4,mistral:7b,data_pmus_yaounde,q2_5_2,Agent_52,AGENCE VOYAGE MERYLAND
4,4,4,4,4,mistral:7b,data_pmus_yaounde,q2_6_1,Agent_52,ABATTOIR
4,4,4,4,4,mistral:7b,data_pmus_yaounde,q2_6_2,Agent_52,11EME ARRET
4,3,5,4,5,mistral:7b,data_pmus_yaounde,q3_1,Agent_52,NON
4,3,4,4,3,mistral:7b,data_pmus_yaounde,q3_2,Agent_52,PAR BUS AGENCE INTERURBAIN
4,4,4,4,4,mistral:7b,data_pmus_yaounde,q3_3_1,Agent_52,ACACIA
4,4,3,4,3,mistral:7b,data_pmus_yaounde,q3_3_2,Agent_52,ACACIA
1,1,1,1,3,mistral:7b,data_pmus_yaounde,q4_1_a,Agent_52,nan
4,3,3,4,4,mistral:7b,data_pmus_yaounde,q4_1_b,Agent_52,PLUS DE 20 MINUTES
4,4,2,4,2,mistral:7b,data_pmus_yaounde,q4_2_a,Agent_52,Veuillez indiquer depuis combien de temps vous attendez.
4,3,5,4,4,mistral:7b,data_pmus_yaounde,q4_2_b,Agent_52,PLUS DE 1HEURE
1,1,1,1,3,mistral:7b,data_pmus_yaounde,q4_3,Agent_52,nan
4,3,4,4,4,mistral:7b,data_pmus_yaounde,q4_4,Agent_52,COURSES
3,3,4,4,4,mistral:7b,data_pmus_yaounde,q4_4_autres,Agent_52,ETUDES
5,3,5,4,5,mistral:7b,data_pmus_yaounde,q5_1,Agent_52,ENTRE 18 ET 25 ANS
5,3,4,4,5,mistral:7b,data_pmus_yaounde,q5_2,Agent_52,ENTRE 300 001 ET 500 000
5,4,5,4,5,mistral:7b,data_pmus_yaounde,q5_3,Agent_52,HOMME
4,4,4,4,4,mistral:7b,data_pmus_yaounde,centre ville,Agent_53,YAOUNDE
5,4,5,4,5,mistral:7b,data_pmus_yaounde,q1_1,Agent_53,UN QUARTIER DE LA VILLE DE YAOUNDE
4,4,4,4,4,mistral:7b,data_pmus_yaounde,q1_1_a,Agent_53,NKO NDONGO
4,4,3,4,3,mistral:7b,data_pmus_yaounde,q1_1_b,Agent_53,NANGA CITY
4,4,4,4,4,mistral:7b,data_pmus_yaounde,q1_1_c,Agent_53,AFANOYA
5,4,5,4,5,mistral:7b,data_pmus_yaounde,q1_2,Agent_53,UN QUARTIER DE LA VILLE DE YAOUNDE
4,4,4,4,4,mistral:7b,data_pmus_yaounde,q1_2_a,Agent_53,ELIG EFFA
4,4,3,4,3,mistral:7b,data_pmus_yaounde,q1_2_b,Agent_53,ELIG EFFA
1,1,1,1,3,mistral:7b,data_pmus_yaounde,q1_3_c,Agent_53,nan
3,3,4,4,3,mistral:7b,data_pmus_yaounde,q2_1,Agent_53,PAR BUS AGENCE INTERURBAIN
4,4,3,4,3,mistral:7b,data_pmus_yaounde,q2_2_1,Agent_53,NKO NDONGO
4,4,3,4,3,mistral:7b,data_pmus_yaounde,q2_2_2,Agent_53,10 E ARRET
4,4,3,4,3,mistral:7b,data_pmus_yaounde,q2_3_1,Agent_53,ELIG EFFA
4,4,3,4,3,mistral:7b,data_pmus_yaounde,q2_3_2,Agent_53,0NANA
4,4,5,4,5,mistral:7b,data_pmus_yaounde,q2_3,Agent_53,NON
4,4,4,4,4,mistral:7b,data_pmus_yaounde,q2_4,Agent_53,A PIED
4,4,4,4,4,mistral:7b,data_pmus_yaounde,q2_5_1,Agent_53,A B0NAS
4,4,4,4,4,mistral:7b,data_pmus_yaounde,q2_5_2,Agent_53,0MPHINE
4,4,4,4,4,mistral:7b,data_pmus_yaounde,q2_6_1,Agent_53,NKOA MBANG
4,4,4,4,4,mistral:7b,data_pmus_yaounde,q2_6_2,Agent_53,11EME ARRET
4,3,5,4,5,mistral:7b,data_pmus_yaounde,q3_1,Agent_53,NON
4,3,4,4,3,mistral:7b,data_pmus_yaounde,q3_2,Agent_53,A PIED
4,4,4,4,4,mistral:7b,data_pmus_yaounde,q3_3_1,Agent_53,NKO NDONGO
4,4,3,4,3,mistral:7b,data_pmus_yaounde,q3_3_2,Agent_53,10 IEME ARRET
1,1,1,1,3,mistral:7b,data_pmus_yaounde,q4_1_a,Agent_53,nan
4,3,3,4,4,mistral:7b,data_pmus_yaounde,q4_1_b,Agent_53,PLUS DE 20 MINUTES
4,4,2,4,2,mistral:7b,data_pmus_yaounde,q4_2_a,Agent_53,Veuillez indiquer depuis combien de temps vous attendez.
4,3,5,4,4,mistral:7b,data_pmus_yaounde,q4_2_b,Agent_53,PLUS DE 1HEURE
1,1,1,1,3,mistral:7b,data_pmus_yaounde,q4_3,Agent_53,nan
4,3,4,4,4,mistral:7b,data_pmus_yaounde,q4_4,Agent_53,SPORTIVES
3,3,4,4,4,mistral:7b,data_pmus_yaounde,q4_4_autres,Agent_53,SPORT ET VISITE AMICALE
5,3,5,4,5,mistral:7b,data_pmus_yaounde,q5_1,Agent_53,ENTRE 18 ET 25 ANS
5,3,4,4,5,mistral:7b,data_pmus_yaounde,q5_2,Agent_53,ENTRE 30 001 ET 100 000
5,4,5,4,5,mistral:7b,data_pmus_yaounde,q5_3,Agent_53,HOMME
4,4,4,4,4,mistral:7b,data_pmus_yaounde,centre ville,Agent_54,YAOUNDE
5,4,5,4,5,mistral:7b,data_pmus_yaounde,q1_1,Agent_54,UN QUARTIER DE LA VILLE DE YAOUNDE
4,4,4,4,4,mistral:7b,data_pmus_yaounde,q1_1_a,Agent_54,TONGOLO
4,4,3,4,3,mistral:7b,data_pmus_yaounde,q1_1_b,Agent_54,PHARMACIE DU STADE
4,4,4,4,4,mistral:7b,data_pmus_yaounde,q1_1_c,Agent_54,AFANOYA
5,4,5,4,5,mistral:7b,data_pmus_yaounde,q1_2,Agent_54,UN QUARTIER DE LA VILLE DE YAOUNDE
4,4,4,4,4,mistral:7b,data_pmus_yaounde,q1_2_a,Agent_54,TONGOLO
4,4,3,4,3,mistral:7b,data_pmus_yaounde,q1_2_b,Agent_54,10 IEME ARRET
4,4,4,4,4,mistral:7b,data_pmus_yaounde,q1_3_c,Agent_54,AFANOYA
3,3,4,4,3,mistral:7b,data_pmus_yaounde,q2_1,Agent_54,A PIED
4,4,3,4,3,mistral:7b,data_pmus_yaounde,q2_2_1,Agent_54,2 CHEVEAU
4,4,3,4,3,mistral:7b,data_pmus_yaounde,q2_2_2,Agent_54,10 E ARRET
4,4,3,4,3,mistral:7b,data_pmus_yaounde,q2_3_1,Agent_54,TONGOLO
4,4,3,4,3,mistral:7b,data_pmus_yaounde,q2_3_2,Agent_54,IMMEUBLE ROSE
4,4,5,4,5,mistral:7b,data_pmus_yaounde,q2_3,Agent_54,NON
4,4,4,4,4,mistral:7b,data_pmus_yaounde,q2_4,Agent_54,A PIED
4,4,4,4,4,mistral:7b,data_pmus_yaounde,q2_5_1,Agent_54,A B0NAS
4,4,4,4,4,mistral:7b,data_pmus_yaounde,q2_5_2,Agent_54,0MPHINE
4,4,4,4,4,mistral:7b,data_pmus_yaounde,q2_6_1,Agent_54,STADE
4,4,4,4,4,mistral:7b,data_pmus_yaounde,q2_6_2,Agent_54,11EME ARRET
4,3,5,4,5,mistral:7b,data_pmus_yaounde,q3_1,Agent_54,NON
4,3,4,4,3,mistral:7b,data_pmus_yaounde,q3_2,Agent_54,A PIED
4,4,4,4,4,mistral:7b,data_pmus_yaounde,q3_3_1,Agent_54,ACACIA
4,4,3,4,3,mistral:7b,data_pmus_yaounde,q3_3_2,Agent_54,10 IEME ARRET
1,1,1,1,3,mistral:7b,data_pmus_yaounde,q4_1_a,Agent_54,nan
4,3,3,4,4,mistral:7b,data_pmus_yaounde,q4_1_b,Agent_54,PLUS DE 20 MINUTES
4,4,2,4,2,mistral:7b,data_pmus_yaounde,q4_2_a,Agent_54,Veuillez indiquer depuis combien de temps vous attendez.
4,3,5,4,4,mistral:7b,data_pmus_yaounde,q4_2_b,Agent_54,MOINS DE 15 MIN
1,1,1,1,3,mistral:7b,data_pmus_yaounde,q4_3,Agent_54,nan
4,3,4,4,4,mistral:7b,data_pmus_yaounde,q4_4,Agent_54,COURSES
3,3,4,4,4,mistral:7b,data_pmus_yaounde,q4_4_autres,Agent_54,FAIRE DES ACHATS
5,3,5,4,5,mistral:7b,data_pmus_yaounde,q5_1,Agent_54,ENTRE 36 ET 45 ANS
5,3,4,4,5,mistral:7b,data_pmus_yaounde,q5_2,Agent_54,ENTRE 300 001 ET 500 000
5,4,5,4,5,mistral:7b,data_pmus_yaounde,q5_3,Agent_54,FEMME
4,4,4,4,4,mistral:7b,data_pmus_yaounde,centre ville,Agent_55,YAOUNDE
5,4,5,4,5,mistral:7b,data_pmus_yaounde,q1_1,Agent_55,UN QUARTIER DE LA VILLE DE YAOUNDE
4,4,4,4,4,mistral:7b,data_pmus_yaounde,q1_1_a,Agent_55,ABIT
4,4,3,4,3,mistral:7b,data_pmus_yaounde,q1_1_b,Agent_55,10EME ARRET
4,4,4,4,4,mistral:7b,data_pmus_yaounde,q1_1_c,Agent_55,AFANOYA
5,4,5,4,5,mistral:7b,data_pmus_yaounde,q1_2,Agent_55,UN QUARTIER DE LA VILLE DE YAOUNDE
4,4,4,4,4,mistral:7b,data_pmus_yaounde,q1_2_a,Agent_55,ABOM
4,4,3,4,3,mistral:7b,data_pmus_yaounde,q1_2_b,Agent_55,10 IEME ARRET
1,1,1,1,3,mistral:7b,data_pmus_yaounde,q1_3_c,Agent_55,nan
3,3,4,4,3,mistral:7b,data_pmus_yaounde,q2_1,Agent_55,PAR BUS AGENCE INTERURBAIN
4,4,3,4,3,mistral:7b,data_pmus_yaounde,q2_2_1,Agent_55,2 CHEVEAU
4,4,3,4,3,mistral:7b,data_pmus_yaounde,q2_2_2,Agent_55,10 E ARRET
4,4,3,4,3,mistral:7b,data_pmus_yaounde,q2_3_1,Agent_55,0LESOA
4,4,3,4,3,mistral:7b,data_pmus_yaounde,q2_3_2,Agent_55,0NANA
4,4,5,4,5,mistral:7b,data_pmus_yaounde,q2_3,Agent_55,NON
4,4,4,4,4,mistral:7b,data_pmus_yaounde,q2_4,Agent_55,A PIED
4,4,4,4,4,mistral:7b,data_pmus_yaounde,q2_5_1,Agent_55,MVOG BETSI
4,4,4,4,4,mistral:7b,data_pmus_yaounde,q2_5_2,Agent_55,0MPHINE
4,4,4,4,4,mistral:7b,data_pmus_yaounde,q2_6_1,Agent_55,MVOG BETSI
4,4,4,4,4,mistral:7b,data_pmus_yaounde,q2_6_2,Agent_55,11EME ARRET
4,3,5,4,5,mistral:7b,data_pmus_yaounde,q3_1,Agent_55,NON
4,3,4,4,3,mistral:7b,data_pmus_yaounde,q3_2,Agent_55,PAR BUS AGENCE INTERURBAIN
4,4,4,4,4,mistral:7b,data_pmus_yaounde,q3_3_1,Agent_55,ACACIA
4,4,3,4,3,mistral:7b,data_pmus_yaounde,q3_3_2,Agent_55,10 IEME ARRET
4,4,2,4,2,mistral:7b,data_pmus_yaounde,q4_1_a,Agent_55,Veuillez indiquer depuis combien de temps vous attendez.
4,3,3,4,4,mistral:7b,data_pmus_yaounde,q4_1_b,Agent_55,MOINS DE 5 MIN
4,4,2,4,2,mistral:7b,data_pmus_yaounde,q4_2_a,Agent_55,Veuillez indiquer depuis combien de temps vous attendez.
4,3,5,4,4,mistral:7b,data_pmus_yaounde,q4_2_b,Agent_55,15 30 MIN
4,4,4,4,4,mistral:7b,data_pmus_yaounde,q4_3,Agent_55,200.0
4,3,4,4,4,mistral:7b,data_pmus_yaounde,q4_4,Agent_55,TRAVAIL
3,3,4,4,4,mistral:7b,data_pmus_yaounde,q4_4_autres,Agent_55,ACHAT
5,3,5,4,5,mistral:7b,data_pmus_yaounde,q5_1,Agent_55,ENTRE 26 ET 35 ANS
5,3,4,4,5,mistral:7b,data_pmus_yaounde,q5_2,Agent_55,ENTRE 30 001 ET 100 000
5,4,5,4,5,mistral:7b,data_pmus_yaounde,q5_3,Agent_55,HOMME
4,4,4,4,4,mistral:7b,data_pmus_yaounde,centre ville,Agent_56,YAOUNDE
5,4,5,4,5,mistral:7b,data_pmus_yaounde,q1_1,Agent_56,UN QUARTIER DE LA VILLE DE YAOUNDE
4,4,4,4,4,mistral:7b,data_pmus_yaounde,q1_1_a,Agent_56,ABIT
4,4,3,4,3,mistral:7b,data_pmus_yaounde,q1_1_b,Agent_56,10EME ARRET
4,4,4,4,4,mistral:7b,data_pmus_yaounde,q1_1_c,Agent_56,AFANOYA
5,4,5,4,5,mistral:7b,data_pmus_yaounde,q1_2,Agent_56,UN QUARTIER DE LA VILLE DE YAOUNDE
4,4,4,4,4,mistral:7b,data_pmus_yaounde,q1_2_a,Agent_56,BITOTOL
4,4,3,4,3,mistral:7b,data_pmus_yaounde,q1_2_b,Agent_56,BITOTOL
1,1,1,1,3,mistral:7b,data_pmus_yaounde,q1_3_c,Agent_56,nan
3,3,4,4,3,mistral:7b,data_pmus_yaounde,q2_1,Agent_56,A PIED
4,4,3,4,3,mistral:7b,data_pmus_yaounde,q2_2_1,Agent_56,2 CHEVEAU
4,4,3,4,3,mistral:7b,data_pmus_yaounde,q2_2_2,Agent_56,10 E ARRET
4,4,3,4,3,mistral:7b,data_pmus_yaounde,q2_3_1,Agent_56,0LESOA
4,4,3,4,3,mistral:7b,data_pmus_yaounde,q2_3_2,Agent_56,0NANA
4,4,5,4,5,mistral:7b,data_pmus_yaounde,q2_3,Agent_56,NON
4,4,4,4,4,mistral:7b,data_pmus_yaounde,q2_4,Agent_56,A PIED
4,4,4,4,4,mistral:7b,data_pmus_yaounde,q2_5_1,Agent_56,NGOUSSO
4,4,4,4,4,mistral:7b,data_pmus_yaounde,q2_5_2,Agent_56,NGOUSSO
4,4,4,4,4,mistral:7b,data_pmus_yaounde,q2_6_1,Agent_56,NGOUSSO
4,4,4,4,4,mistral:7b,data_pmus_yaounde,q2_6_2,Agent_56,IMMEUBLE ROSE
4,3,5,4,5,mistral:7b,data_pmus_yaounde,q3_1,Agent_56,NON
4,3,4,4,3,mistral:7b,data_pmus_yaounde,q3_2,Agent_56,A PIED
4,4,4,4,4,mistral:7b,data_pmus_yaounde,q3_3_1,Agent_56,ACACIA
4,4,3,4,3,mistral:7b,data_pmus_yaounde,q3_3_2,Agent_56,10 IEME ARRET
1,1,1,1,3,mistral:7b,data_pmus_yaounde,q4_1_a,Agent_56,nan
4,3,3,4,4,mistral:7b,data_pmus_yaounde,q4_1_b,Agent_56,PLUS DE 20 MINUTES
4,4,2,4,2,mistral:7b,data_pmus_yaounde,q4_2_a,Agent_56,Veuillez indiquer depuis combien de temps vous attendez.
4,3,5,4,4,mistral:7b,data_pmus_yaounde,q4_2_b,Agent_56,15 30 MIN
4,4,4,4,4,mistral:7b,data_pmus_yaounde,q4_3,Agent_56,1850.0
4,3,4,4,4,mistral:7b,data_pmus_yaounde,q4_4,Agent_56,TRAVAIL
3,3,4,4,4,mistral:7b,data_pmus_yaounde,q4_4_autres,Agent_56,ACHAT
5,3,5,4,5,mistral:7b,data_pmus_yaounde,q5_1,Agent_56,ENTRE 55ANS ET 64 ANS
5,3,4,4,5,mistral:7b,data_pmus_yaounde,q5_2,Agent_56,ENTRE 30 001 ET 100 000
5,4,5,4,5,mistral:7b,data_pmus_yaounde,q5_3,Agent_56,HOMME
4,4,4,4,4,mistral:7b,data_pmus_yaounde,centre ville,Agent_57,YAOUNDE
5,4,5,4,5,mistral:7b,data_pmus_yaounde,q1_1,Agent_57,UN QUARTIER DE LA VILLE DE YAOUNDE
4,4,4,4,4,mistral:7b,data_pmus_yaounde,q1_1_a,Agent_57,CARRIERE
4,4,3,4,3,mistral:7b,data_pmus_yaounde,q1_1_b,Agent_57,CARRIERRE
4,4,4,4,4,mistral:7b,data_pmus_yaounde,q1_1_c,Agent_57,AFANOYA
5,4,5,4,5,mistral:7b,data_pmus_yaounde,q1_2,Agent_57,UN QUARTIER DE LA VILLE DE YAOUNDE
4,4,4,4,4,mistral:7b,data_pmus_yaounde,q1_2_a,Agent_57,LEBOUDI
4,4,3,4,3,mistral:7b,data_pmus_yaounde,q1_2_b,Agent_57,LEBOUDI
1,1,1,1,3,mistral:7b,data_pmus_yaounde,q1_3_c,Agent_57,nan
3,3,4,4,3,mistral:7b,data_pmus_yaounde,q2_1,Agent_57,PAR BUS AGENCE INTERURBAIN
4,4,3,4,3,mistral:7b,data_pmus_yaounde,q2_2_1,Agent_57,LEBOUDI
4,4,3,4,3,mistral:7b,data_pmus_yaounde,q2_2_2,Agent_57,LEBOUDI
4,4,3,4,3,mistral:7b,data_pmus_yaounde,q2_3_1,Agent_57,LEBOUDI
4,4,3,4,3,mistral:7b,data_pmus_yaounde,q2_3_2,Agent_57,LEBOUDI
4,4,5,4,5,mistral:7b,data_pmus_yaounde,q2_3,Agent_57,NON
4,4,4,4,4,mistral:7b,data_pmus_yaounde,q2_4,Agent_57,PAR BUS AGENCE INTERURBAIN
4,4,4,4,4,mistral:7b,data_pmus_yaounde,q2_5_1,Agent_57,LEBOUDI
4,4,4,4,4,mistral:7b,data_pmus_yaounde,q2_5_2,Agent_57,LEBOUDI
4,4,4,4,4,mistral:7b,data_pmus_yaounde,q2_6_1,Agent_57,LEBOUDI
4,4,4,4,4,mistral:7b,data_pmus_yaounde,q2_6_2,Agent_57,11EME ARRET
4,3,5,4,5,mistral:7b,data_pmus_yaounde,q3_1,Agent_57,NON
4,3,4,4,3,mistral:7b,data_pmus_yaounde,q3_2,Agent_57,PAR BUS AGENCE INTERURBAIN
4,4,4,4,4,mistral:7b,data_pmus_yaounde,q3_3_1,Agent_57,LEBOUDI
4,4,3,4,3,mistral:7b,data_pmus_yaounde,q3_3_2,Agent_57,LEBOUDI
1,1,1,1,3,mistral:7b,data_pmus_yaounde,q4_1_a,Agent_57,nan
4,3,3,4,4,mistral:7b,data_pmus_yaounde,q4_1_b,Agent_57,PLUS DE 20 MINUTES
4,4,2,4,2,mistral:7b,data_pmus_yaounde,q4_2_a,Agent_57,Veuillez indiquer depuis combien de temps vous attendez.
4,3,5,4,4,mistral:7b,data_pmus_yaounde,q4_2_b,Agent_57,15 30 MIN
4,4,4,4,4,mistral:7b,data_pmus_yaounde,q4_3,Agent_57,1500.0
4,3,4,4,4,mistral:7b,data_pmus_yaounde,q4_4,Agent_57,TRAVAIL
3,3,4,4,4,mistral:7b,data_pmus_yaounde,q4_4_autres,Agent_57,ACHAT
5,3,5,4,5,mistral:7b,data_pmus_yaounde,q5_1,Agent_57,ENTRE 36 ET 45 ANS
5,3,4,4,5,mistral:7b,data_pmus_yaounde,q5_2,Agent_57,MOINS DE 30 000
5,4,5,4,5,mistral:7b,data_pmus_yaounde,q5_3,Agent_57,FEMME
4,4,4,4,4,mistral:7b,data_pmus_yaounde,centre ville,Agent_58,YAOUNDE
5,4,5,4,5,mistral:7b,data_pmus_yaounde,q1_1,Agent_58,UN QUARTIER DE LA VILLE DE YAOUNDE
4,4,4,4,4,mistral:7b,data_pmus_yaounde,q1_1_a,Agent_58,MELEN
4,4,3,4,3,mistral:7b,data_pmus_yaounde,q1_1_b,Agent_58,IMMEUBLE MACABO
4,4,4,4,4,mistral:7b,data_pmus_yaounde,q1_1_c,Agent_58,AFANOYA
5,4,5,4,5,mistral:7b,data_pmus_yaounde,q1_2,Agent_58,UN QUARTIER DE LA VILLE DE YAOUNDE
4,4,4,4,4,mistral:7b,data_pmus_yaounde,q1_2_a,Agent_58,MELEN
4,4,3,4,3,mistral:7b,data_pmus_yaounde,q1_2_b,Agent_58,10 IEME ARRET
1,1,1,1,3,mistral:7b,data_pmus_yaounde,q1_3_c,Agent_58,nan
3,3,4,4,3,mistral:7b,data_pmus_yaounde,q2_1,Agent_58,PAR BUS AGENCE INTERURBAIN
4,4,3,4,3,mistral:7b,data_pmus_yaounde,q2_2_1,Agent_58,2 CHEVEAU
4,4,3,4,3,mistral:7b,data_pmus_yaounde,q2_2_2,Agent_58,MADAGASCAR
4,4,3,4,3,mistral:7b,data_pmus_yaounde,q2_3_1,Agent_58,MADAGASCAR
4,4,3,4,3,mistral:7b,data_pmus_yaounde,q2_3_2,Agent_58,0NANA
4,4,5,4,5,mistral:7b,data_pmus_yaounde,q2_3,Agent_58,NON
4,4,4,4,4,mistral:7b,data_pmus_yaounde,q2_4,Agent_58,PAR BUS STACY
4,4,4,4,4,mistral:7b,data_pmus_yaounde,q2_5_1,Agent_58,A B0NAS
4,4,4,4,4,mistral:7b,data_pmus_yaounde,q2_5_2,Agent_58,0MPHINE
4,4,4,4,4,mistral:7b,data_pmus_yaounde,q2_6_1,Agent_58,MADAGASCAR
4,4,4,4,4,mistral:7b,data_pmus_yaounde,q2_6_2,Agent_58,11EME ARRET
4,3,5,4,5,mistral:7b,data_pmus_yaounde,q3_1,Agent_58,NON
4,3,4,4,3,mistral:7b,data_pmus_yaounde,q3_2,Agent_58,PAR BUS STACY
4,4,4,4,4,mistral:7b,data_pmus_yaounde,q3_3_1,Agent_58,MADAGASCAR
4,4,3,4,3,mistral:7b,data_pmus_yaounde,q3_3_2,Agent_58,MADAGASCAR
1,1,1,1,3,mistral:7b,data_pmus_yaounde,q4_1_a,Agent_58,nan
4,3,3,4,4,mistral:7b,data_pmus_yaounde,q4_1_b,Agent_58,PLUS DE 20 MINUTES
4,4,2,4,2,mistral:7b,data_pmus_yaounde,q4_2_a,Agent_58,Veuillez indiquer depuis combien de temps vous attendez.
4,3,5,4,4,mistral:7b,data_pmus_yaounde,q4_2_b,Agent_58,15 30 MIN
4,4,4,4,4,mistral:7b,data_pmus_yaounde,q4_3,Agent_58,3150.0
4,3,4,4,4,mistral:7b,data_pmus_yaounde,q4_4,Agent_58,COURSES
3,3,4,4,4,mistral:7b,data_pmus_yaounde,q4_4_autres,Agent_58,ACHAT
5,3,5,4,5,mistral:7b,data_pmus_yaounde,q5_1,Agent_58,MOINS DE 18 ANS
5,3,4,4,5,mistral:7b,data_pmus_yaounde,q5_2,Agent_58,MOINS DE 30 000
5,4,5,4,5,mistral:7b,data_pmus_yaounde,q5_3,Agent_58,HOMME
4,4,4,4,4,mistral:7b,data_pmus_yaounde,centre ville,Agent_59,YAOUNDE
5,4,5,4,5,mistral:7b,data_pmus_yaounde,q1_1,Agent_59,UN QUARTIER DE LA VILLE DE YAOUNDE
4,4,4,4,4,mistral:7b,data_pmus_yaounde,q1_1_a,Agent_59,ABIT
4,4,3,4,3,mistral:7b,data_pmus_yaounde,q1_1_b,Agent_59,ESCALIER
4,4,4,4,4,mistral:7b,data_pmus_yaounde,q1_1_c,Agent_59,AFANOYA
5,4,5,4,5,mistral:7b,data_pmus_yaounde,q1_2,Agent_59,UN QUARTIER DE LA VILLE DE YAOUNDE
4,4,4,4,4,mistral:7b,data_pmus_yaounde,q1_2_a,Agent_59,ABOM
4,4,3,4,3,mistral:7b,data_pmus_yaounde,q1_2_b,Agent_59,10 IEME ARRET
1,1,1,1,3,mistral:7b,data_pmus_yaounde,q1_3_c,Agent_59,nan
3,3,4,4,3,mistral:7b,data_pmus_yaounde,q2_1,Agent_59,A PIED
4,4,3,4,3,mistral:7b,data_pmus_yaounde,q2_2_1,Agent_59,CARREFOUR MBOCKABAM
4,4,3,4,3,mistral:7b,data_pmus_yaounde,q2_2_2,Agent_59,EWAE ESCALIER
4,4,3,4,3,mistral:7b,data_pmus_yaounde,q2_3_1,Agent_59,0LESOA
4,4,3,4,3,mistral:7b,data_pmus_yaounde,q2_3_2,Agent_59,BITENG
4,4,5,4,5,mistral:7b,data_pmus_yaounde,q2_3,Agent_59,NON
4,4,4,4,4,mistral:7b,data_pmus_yaounde,q2_4,Agent_59,A PIED
4,4,4,4,4,mistral:7b,data_pmus_yaounde,q2_5_1,Agent_59,BITENG
4,4,4,4,4,mistral:7b,data_pmus_yaounde,q2_5_2,Agent_59,0MPHINE
4,4,4,4,4,mistral:7b,data_pmus_yaounde,q2_6_1,Agent_59,BITENG
4,4,4,4,4,mistral:7b,data_pmus_yaounde,q2_6_2,Agent_59,ESCALIER
4,3,5,4,5,mistral:7b,data_pmus_yaounde,q3_1,Agent_59,NON
4,3,4,4,3,mistral:7b,data_pmus_yaounde,q3_2,Agent_59,A PIED
4,4,4,4,4,mistral:7b,data_pmus_yaounde,q3_3_1,Agent_59,BITENG
4,4,3,4,3,mistral:7b,data_pmus_yaounde,q3_3_2,Agent_59,2CHEVAUX
1,1,1,1,3,mistral:7b,data_pmus_yaounde,q4_1_a,Agent_59,nan
4,3,3,4,4,mistral:7b,data_pmus_yaounde,q4_1_b,Agent_59,PLUS DE 20 MINUTES
4,4,2,4,2,mistral:7b,data_pmus_yaounde,q4_2_a,Agent_59,Veuillez indiquer depuis combien de temps vous attendez.
4,3,5,4,4,mistral:7b,data_pmus_yaounde,q4_2_b,Agent_59,MOINS DE 15 MIN
4,4,4,4,4,mistral:7b,data_pmus_yaounde,q4_3,Agent_59,1550.0
4,3,4,4,4,mistral:7b,data_pmus_yaounde,q4_4,Agent_59,COURSES
3,3,4,4,4,mistral:7b,data_pmus_yaounde,q4_4_autres,Agent_59,FAIRE DES ACHATS
5,3,5,4,5,mistral:7b,data_pmus_yaounde,q5_1,Agent_59,ENTRE 18 ET 25 ANS
5,3,4,4,5,mistral:7b,data_pmus_yaounde,q5_2,Agent_59,ENTRE 300 001 ET 500 000
5,4,5,4,5,mistral:7b,data_pmus_yaounde,q5_3,Agent_59,FEMME
4,4,4,4,4,mistral:7b,data_pmus_yaounde,centre ville,Agent_60,YAOUNDE
5,4,5,4,5,mistral:7b,data_pmus_yaounde,q1_1,Agent_60,UN QUARTIER DE LA VILLE DE YAOUNDE
4,4,4,4,4,mistral:7b,data_pmus_yaounde,q1_1_a,Agent_60,ODZA
4,4,3,4,3,mistral:7b,data_pmus_yaounde,q1_1_b,Agent_60,10EME ARRET
4,4,4,4,4,mistral:7b,data_pmus_yaounde,q1_1_c,Agent_60,AFANOYA
5,4,5,4,5,mistral:7b,data_pmus_yaounde,q1_2,Agent_60,UN QUARTIER DE LA VILLE DE YAOUNDE
4,4,4,4,4,mistral:7b,data_pmus_yaounde,q1_2_a,Agent_60,ODZA
4,4,3,4,3,mistral:7b,data_pmus_yaounde,q1_2_b,Agent_60,COLLEGE
4,4,4,4,4,mistral:7b,data_pmus_yaounde,q1_3_c,Agent_60,NGOGMAPOUBI
3,3,4,4,3,mistral:7b,data_pmus_yaounde,q2_1,Agent_60,A PIED
4,4,3,4,3,mistral:7b,data_pmus_yaounde,q2_2_1,Agent_60,2 CHEVEAU
4,4,3,4,3,mistral:7b,data_pmus_yaounde,q2_2_2,Agent_60,A PIED
4,4,3,4,3,mistral:7b,data_pmus_yaounde,q2_3_1,Agent_60,BARRIERE
4,4,3,4,3,mistral:7b,data_pmus_yaounde,q2_3_2,Agent_60,BARRIERE
4,4,5,4,5,mistral:7b,data_pmus_yaounde,q2_3,Agent_60,NON
4,4,4,4,4,mistral:7b,data_pmus_yaounde,q2_4,Agent_60,A PIED
4,4,4,4,4,mistral:7b,data_pmus_yaounde,q2_5_1,Agent_60,A B0NAS
4,4,4,4,4,mistral:7b,data_pmus_yaounde,q2_5_2,Agent_60,BARRIERE
4,4,4,4,4,mistral:7b,data_pmus_yaounde,q2_6_1,Agent_60,BARRIERE
4,4,4,4,4,mistral:7b,data_pmus_yaounde,q2_6_2,Agent_60,COLLEGE
4,3,5,4,5,mistral:7b,data_pmus_yaounde,q3_1,Agent_60,NON
4,3,4,4,3,mistral:7b,data_pmus_yaounde,q3_2,Agent_60,A PIED
4,4,4,4,4,mistral:7b,data_pmus_yaounde,q3_3_1,Agent_60,BARRIERE
4,4,3,4,3,mistral:7b,data_pmus_yaounde,q3_3_2,Agent_60,10 IEME ARRET
1,1,1,1,3,mistral:7b,data_pmus_yaounde,q4_1_a,Agent_60,nan
4,3,3,4,4,mistral:7b,data_pmus_yaounde,q4_1_b,Agent_60,PLUS DE 20 MINUTES
4,4,2,4,2,mistral:7b,data_pmus_yaounde,q4_2_a,Agent_60,Veuillez indiquer depuis combien de temps vous attendez.
4,3,5,4,4,mistral:7b,data_pmus_yaounde,q4_2_b,Agent_60,MOINS DE 15 MIN
4,4,4,4,4,mistral:7b,data_pmus_yaounde,q4_3,Agent_60,450.0
4,3,4,4,4,mistral:7b,data_pmus_yaounde,q4_4,Agent_60,TRAVAIL
3,3,4,4,4,mistral:7b,data_pmus_yaounde,q4_4_autres,Agent_60,COMMERCE
5,3,5,4,5,mistral:7b,data_pmus_yaounde,q5_1,Agent_60,MOINS DE 18 ANS
5,3,4,4,5,mistral:7b,data_pmus_yaounde,q5_2,Agent_60,ENTRE 300 001 ET 500 000
5,4,5,4,5,mistral:7b,data_pmus_yaounde,q5_3,Agent_60,FEMME
4,4,4,4,4,mistral:7b,data_pmus_yaounde,centre ville,Agent_61,YAOUNDE
5,4,5,4,5,mistral:7b,data_pmus_yaounde,q1_1,Agent_61,UN QUARTIER DE LA VILLE DE YAOUNDE
4,4,4,4,4,mistral:7b,data_pmus_yaounde,q1_1_a,Agent_61,ETOUDI
4,4,3,4,3,mistral:7b,data_pmus_yaounde,q1_1_b,Agent_61,10EME ARRET
4,4,4,4,4,mistral:7b,data_pmus_yaounde,q1_1_c,Agent_61,AFANOYA
5,4,5,4,5,mistral:7b,data_pmus_yaounde,q1_2,Agent_61,UN QUARTIER DE LA VILLE DE YAOUNDE
4,4,4,4,4,mistral:7b,data_pmus_yaounde,q1_2_a,Agent_61,FEBE
4,4,3,4,3,mistral:7b,data_pmus_yaounde,q1_2_b,Agent_61,10 IEME ARRET
1,1,1,1,3,mistral:7b,data_pmus_yaounde,q1_3_c,Agent_61,nan
3,3,4,4,3,mistral:7b,data_pmus_yaounde,q2_1,Agent_61,A PIED
4,4,3,4,3,mistral:7b,data_pmus_yaounde,q2_2_1,Agent_61,FEBE
4,4,3,4,3,mistral:7b,data_pmus_yaounde,q2_2_2,Agent_61,10 E ARRET
4,4,3,4,3,mistral:7b,data_pmus_yaounde,q2_3_1,Agent_61,0LESOA
4,4,3,4,3,mistral:7b,data_pmus_yaounde,q2_3_2,Agent_61,0NANA
4,4,5,4,5,mistral:7b,data_pmus_yaounde,q2_3,Agent_61,NON
4,4,4,4,4,mistral:7b,data_pmus_yaounde,q2_4,Agent_61,PAR BUS AGENCE INTERURBAIN
4,4,4,4,4,mistral:7b,data_pmus_yaounde,q2_5_1,Agent_61,A B0NAS
4,4,4,4,4,mistral:7b,data_pmus_yaounde,q2_5_2,Agent_61,AHALA
4,4,4,4,4,mistral:7b,data_pmus_yaounde,q2_6_1,Agent_61,ETOUDI
4,4,4,4,4,mistral:7b,data_pmus_yaounde,q2_6_2,Agent_61,11EME ARRET
4,3,5,4,5,mistral:7b,data_pmus_yaounde,q3_1,Agent_61,NON
4,3,4,4,3,mistral:7b,data_pmus_yaounde,q3_2,Agent_61,A PIED
4,4,4,4,4,mistral:7b,data_pmus_yaounde,q3_3_1,Agent_61,AHALA
4,4,3,4,3,mistral:7b,data_pmus_yaounde,q3_3_2,Agent_61,10 IEME ARRET
1,1,1,1,3,mistral:7b,data_pmus_yaounde,q4_1_a,Agent_61,nan
4,3,3,4,4,mistral:7b,data_pmus_yaounde,q4_1_b,Agent_61,PLUS DE 20 MINUTES
4,4,2,4,2,mistral:7b,data_pmus_yaounde,q4_2_a,Agent_61,Veuillez indiquer depuis combien de temps vous attendez.
4,3,5,4,4,mistral:7b,data_pmus_yaounde,q4_2_b,Agent_61,30 60 MIN
4,4,4,4,4,mistral:7b,data_pmus_yaounde,q4_3,Agent_61,100.0
4,3,4,4,4,mistral:7b,data_pmus_yaounde,q4_4,Agent_61,COURSES
3,3,4,4,4,mistral:7b,data_pmus_yaounde,q4_4_autres,Agent_61,ACHAT
5,3,5,4,5,mistral:7b,data_pmus_yaounde,q5_1,Agent_61,MOINS DE 18 ANS
5,3,4,4,5,mistral:7b,data_pmus_yaounde,q5_2,Agent_61,ENTRE 300 001 ET 500 000
5,4,5,4,5,mistral:7b,data_pmus_yaounde,q5_3,Agent_61,FEMME
4,4,4,4,4,mistral:7b,data_pmus_yaounde,centre ville,Agent_62,YAOUNDE
5,4,5,4,5,mistral:7b,data_pmus_yaounde,q1_1,Agent_62,UN QUARTIER DE LA VILLE DE YAOUNDE
4,4,4,4,4,mistral:7b,data_pmus_yaounde,q1_1_a,Agent_62,OLEMBE
4,4,3,4,3,mistral:7b,data_pmus_yaounde,q1_1_b,Agent_62,DESCENTE DJOANASSI
4,4,4,4,4,mistral:7b,data_pmus_yaounde,q1_1_c,Agent_62,AFANOYA
5,4,5,4,5,mistral:7b,data_pmus_yaounde,q1_2,Agent_62,UN QUARTIER DE LA VILLE DE YAOUNDE
4,4,4,4,4,mistral:7b,data_pmus_yaounde,q1_2_a,Agent_62,OLEMBE
4,4,3,4,3,mistral:7b,data_pmus_yaounde,q1_2_b,Agent_62,OLEMBE
4,4,4,4,4,mistral:7b,data_pmus_yaounde,q1_3_c,Agent_62,AFANOYA
3,3,4,4,3,mistral:7b,data_pmus_yaounde,q2_1,Agent_62,PAR BUS AGENCE INTERURBAIN
4,4,3,4,3,mistral:7b,data_pmus_yaounde,q2_2_1,Agent_62,2 CHEVEAU
1,1,1,1,3,mistral:7b,data_pmus_yaounde,q2_2_2,Agent_62,nan
4,4,3,4,3,mistral:7b,data_pmus_yaounde,q2_3_1,Agent_62,B A RRIERE
4,4,3,4,3,mistral:7b,data_pmus_yaounde,q2_3_2,Agent_62,0NANA
4,4,5,4,5,mistral:7b,data_pmus_yaounde,q2_3,Agent_62,NON
4,4,4,4,4,mistral:7b,data_pmus_yaounde,q2_4,Agent_62,PAR BUS AGENCE INTERURBAIN
4,4,4,4,4,mistral:7b,data_pmus_yaounde,q2_5_1,Agent_62,A B0NAS
4,4,4,4,4,mistral:7b,data_pmus_yaounde,q2_5_2,Agent_62,0MPHINE
4,4,4,4,4,mistral:7b,data_pmus_yaounde,q2_6_1,Agent_62,OLEMBE
4,4,4,4,4,mistral:7b,data_pmus_yaounde,q2_6_2,Agent_62,MIMBOMAN TERMINUS
4,3,5,4,5,mistral:7b,data_pmus_yaounde,q3_1,Agent_62,NON
4,3,4,4,3,mistral:7b,data_pmus_yaounde,q3_2,Agent_62,PAR BUS AGENCE INTERURBAIN
4,4,4,4,4,mistral:7b,data_pmus_yaounde,q3_3_1,Agent_62,ACACIA
4,4,3,4,3,mistral:7b,data_pmus_yaounde,q3_3_2,Agent_62,10 IEME ARRET
1,1,1,1,3,mistral:7b,data_pmus_yaounde,q4_1_a,Agent_62,nan
4,3,3,4,4,mistral:7b,data_pmus_yaounde,q4_1_b,Agent_62,PLUS DE 20 MINUTES
4,4,2,4,2,mistral:7b,data_pmus_yaounde,q4_2_a,Agent_62,Veuillez indiquer depuis combien de temps vous attendez.
4,3,5,4,4,mistral:7b,data_pmus_yaounde,q4_2_b,Agent_62,15 30 MIN
4,4,4,4,4,mistral:7b,data_pmus_yaounde,q4_3,Agent_62,3200.0
4,3,4,4,4,mistral:7b,data_pmus_yaounde,q4_4,Agent_62,TRAVAIL
3,3,4,4,4,mistral:7b,data_pmus_yaounde,q4_4_autres,Agent_62,ACHAT
5,3,5,4,5,mistral:7b,data_pmus_yaounde,q5_1,Agent_62,ENTRE 26 ET 35 ANS
5,3,4,4,5,mistral:7b,data_pmus_yaounde,q5_2,Agent_62,ENTRE 30 001 ET 100 000
5,4,5,4,5,mistral:7b,data_pmus_yaounde,q5_3,Agent_62,HOMME
4,4,4,4,4,mistral:7b,data_pmus_yaounde,centre ville,Agent_63,YAOUNDE
5,4,5,4,5,mistral:7b,data_pmus_yaounde,q1_1,Agent_63,UN QUARTIER DE LA VILLE DE YAOUNDE
4,4,4,4,4,mistral:7b,data_pmus_yaounde,q1_1_a,Agent_63,MELEN
1,1,1,1,3,mistral:7b,data_pmus_yaounde,q1_1_b,Agent_63,nan
4,4,4,4,4,mistral:7b,data_pmus_yaounde,q1_1_c,Agent_63,AFANOYA
5,4,5,4,5,mistral:7b,data_pmus_yaounde,q1_2,Agent_63,UN QUARTIER DE LA VILLE DE YAOUNDE
4,4,4,4,4,mistral:7b,data_pmus_yaounde,q1_2_a,Agent_63,MELEN
1,1,1,1,3,mistral:7b,data_pmus_yaounde,q1_2_b,Agent_63,nan
1,1,1,1,3,mistral:7b,data_pmus_yaounde,q1_3_c,Agent_63,nan
3,3,4,4,3,mistral:7b,data_pmus_yaounde,q2_1,Agent_63,PAR BUS AGENCE INTERURBAIN
4,4,3,4,3,mistral:7b,data_pmus_yaounde,q2_2_1,Agent_63,2 CHEVEAU
1,1,1,1,3,mistral:7b,data_pmus_yaounde,q2_2_2,Agent_63,nan
4,4,3,4,3,mistral:7b,data_pmus_yaounde,q2_3_1,Agent_63,MELEN
4,4,3,4,3,mistral:7b,data_pmus_yaounde,q2_3_2,Agent_63,LYCEE
4,4,5,4,5,mistral:7b,data_pmus_yaounde,q2_3,Agent_63,NON
4,4,4,4,4,mistral:7b,data_pmus_yaounde,q2_4,Agent_63,A PIED
4,4,4,4,4,mistral:7b,data_pmus_yaounde,q2_5_1,Agent_63,A B0NAS
4,4,4,4,4,mistral:7b,data_pmus_yaounde,q2_5_2,Agent_63,0MPHINE
4,4,4,4,4,mistral:7b,data_pmus_yaounde,q2_6_1,Agent_63,ABATTOIR
4,4,4,4,4,mistral:7b,data_pmus_yaounde,q2_6_2,Agent_63,11EME ARRET
4,3,5,4,5,mistral:7b,data_pmus_yaounde,q3_1,Agent_63,NON
4,3,4,4,3,mistral:7b,data_pmus_yaounde,q3_2,Agent_63,A PIED
4,4,4,4,4,mistral:7b,data_pmus_yaounde,q3_3_1,Agent_63,ACACIA
1,1,1,1,3,mistral:7b,data_pmus_yaounde,q3_3_2,Agent_63,nan
1,1,1,1,3,mistral:7b,data_pmus_yaounde,q4_1_a,Agent_63,nan
4,3,3,4,4,mistral:7b,data_pmus_yaounde,q4_1_b,Agent_63,PLUS DE 20 MINUTES
4,4,2,4,2,mistral:7b,data_pmus_yaounde,q4_2_a,Agent_63,Veuillez indiquer depuis combien de temps vous attendez.
4,3,5,4,4,mistral:7b,data_pmus_yaounde,q4_2_b,Agent_63,30 60 MIN
4,4,4,4,4,mistral:7b,data_pmus_yaounde,q4_3,Agent_63,3400.0
4,3,4,4,4,mistral:7b,data_pmus_yaounde,q4_4,Agent_63,COURSES
3,3,4,4,4,mistral:7b,data_pmus_yaounde,q4_4_autres,Agent_63,ACHAT
5,3,5,4,5,mistral:7b,data_pmus_yaounde,q5_1,Agent_63,MOINS DE 18 ANS
5,3,4,4,5,mistral:7b,data_pmus_yaounde,q5_2,Agent_63,MOINS DE 30 000
5,4,5,4,5,mistral:7b,data_pmus_yaounde,q5_3,Agent_63,HOMME
4,4,4,4,4,mistral:7b,data_pmus_yaounde,centre ville,Agent_64,YAOUNDE
5,4,5,4,5,mistral:7b,data_pmus_yaounde,q1_1,Agent_64,UN QUARTIER DE LA VILLE DE YAOUNDE
4,4,4,4,4,mistral:7b,data_pmus_yaounde,q1_1_a,Agent_64,NKOZOA
4,4,3,4,3,mistral:7b,data_pmus_yaounde,q1_1_b,Agent_64,NKOZOA
4,4,4,4,4,mistral:7b,data_pmus_yaounde,q1_1_c,Agent_64,AFANOYA
5,4,5,4,5,mistral:7b,data_pmus_yaounde,q1_2,Agent_64,UN QUARTIER DE LA VILLE DE YAOUNDE
4,4,4,4,4,mistral:7b,data_pmus_yaounde,q1_2_a,Agent_64,NKOZOA
4,4,3,4,3,mistral:7b,data_pmus_yaounde,q1_2_b,Agent_64,NKOZOA
4,4,4,4,4,mistral:7b,data_pmus_yaounde,q1_3_c,Agent_64,NKOZOA
3,3,4,4,3,mistral:7b,data_pmus_yaounde,q2_1,Agent_64,PAR BUS AGENCE INTERURBAIN
4,4,3,4,3,mistral:7b,data_pmus_yaounde,q2_2_1,Agent_64,NKOLBISSON
4,4,3,4,3,mistral:7b,data_pmus_yaounde,q2_2_2,Agent_64,NKOLBISSON
4,4,3,4,3,mistral:7b,data_pmus_yaounde,q2_3_1,Agent_64,NKOLBISSON
4,4,3,4,3,mistral:7b,data_pmus_yaounde,q2_3_2,Agent_64,NKOLBISSON
4,4,5,4,5,mistral:7b,data_pmus_yaounde,q2_3,Agent_64,NON
4,4,4,4,4,mistral:7b,data_pmus_yaounde,q2_4,Agent_64,PAR BUS AGENCE INTERURBAIN
4,4,4,4,4,mistral:7b,data_pmus_yaounde,q2_5_1,Agent_64,NKOLBISSON
4,4,4,4,4,mistral:7b,data_pmus_yaounde,q2_5_2,Agent_64,NKOLBISSON
4,4,4,4,4,mistral:7b,data_pmus_yaounde,q2_6_1,Agent_64,NKOLBISSON
4,4,4,4,4,mistral:7b,data_pmus_yaounde,q2_6_2,Agent_64,NKOLBISSON
4,3,5,4,5,mistral:7b,data_pmus_yaounde,q3_1,Agent_64,NON
4,3,4,4,3,mistral:7b,data_pmus_yaounde,q3_2,Agent_64,PAR BUS AGENCE INTERURBAIN
4,4,4,4,4,mistral:7b,data_pmus_yaounde,q3_3_1,Agent_64,NKOLBISSON
4,4,3,4,3,mistral:7b,data_pmus_yaounde,q3_3_2,Agent_64,10 IEME ARRET
4,4,2,4,2,mistral:7b,data_pmus_yaounde,q4_1_a,Agent_64,Veuillez indiquer depuis combien de temps vous attendez.
4,3,3,4,4,mistral:7b,data_pmus_yaounde,q4_1_b,Agent_64,PLUS DE 20 MINUTES
4,4,2,4,2,mistral:7b,data_pmus_yaounde,q4_2_a,Agent_64,Veuillez indiquer depuis combien de temps vous attendez.
4,3,5,4,4,mistral:7b,data_pmus_yaounde,q4_2_b,Agent_64,15 30 MIN
4,4,4,4,4,mistral:7b,data_pmus_yaounde,q4_3,Agent_64,1550.0
4,3,4,4,4,mistral:7b,data_pmus_yaounde,q4_4,Agent_64,VISITE FAMILLE
3,3,4,4,4,mistral:7b,data_pmus_yaounde,q4_4_autres,Agent_64,ETUDES
5,3,5,4,5,mistral:7b,data_pmus_yaounde,q5_1,Agent_64,MOINS DE 18 ANS
5,3,4,4,5,mistral:7b,data_pmus_yaounde,q5_2,Agent_64,ENTRE 30 001 ET 100 000
5,4,5,4,5,mistral:7b,data_pmus_yaounde,q5_3,Agent_64,HOMME
4,4,4,4,4,mistral:7b,data_pmus_yaounde,centre ville,Agent_65,YAOUNDE
5,4,5,4,5,mistral:7b,data_pmus_yaounde,q1_1,Agent_65,UN QUARTIER DE LA VILLE DE YAOUNDE
4,4,4,4,4,mistral:7b,data_pmus_yaounde,q1_1_a,Agent_65,ABIT
4,4,3,4,3,mistral:7b,data_pmus_yaounde,q1_1_b,Agent_65,10EME ARRET
4,4,4,4,4,mistral:7b,data_pmus_yaounde,q1_1_c,Agent_65,AFANOYA
5,4,5,4,5,mistral:7b,data_pmus_yaounde,q1_2,Agent_65,UN QUARTIER DE LA VILLE DE YAOUNDE
4,4,4,4,4,mistral:7b,data_pmus_yaounde,q1_2_a,Agent_65,ABOM
4,4,3,4,3,mistral:7b,data_pmus_yaounde,q1_2_b,Agent_65,10 IEME ARRET
4,4,4,4,4,mistral:7b,data_pmus_yaounde,q1_3_c,Agent_65,AFANOYA
3,3,4,4,3,mistral:7b,data_pmus_yaounde,q2_1,Agent_65,PAR BUS AGENCE INTERURBAIN
4,4,3,4,3,mistral:7b,data_pmus_yaounde,q2_2_1,Agent_65,MKOLOBISSONO
4,4,3,4,3,mistral:7b,data_pmus_yaounde,q2_2_2,Agent_65,EBOULE ME MFOU
4,4,3,4,3,mistral:7b,data_pmus_yaounde,q2_3_1,Agent_65,0LESOA
4,4,3,4,3,mistral:7b,data_pmus_yaounde,q2_3_2,Agent_65,NKOLGOUE
4,4,5,4,5,mistral:7b,data_pmus_yaounde,q2_3,Agent_65,NON
4,4,4,4,4,mistral:7b,data_pmus_yaounde,q2_4,Agent_65,A PIED
4,4,4,4,4,mistral:7b,data_pmus_yaounde,q2_5_1,Agent_65,CARREFOUR NOLBISSON
4,4,4,4,4,mistral:7b,data_pmus_yaounde,q2_5_2,Agent_65,NKOLBISSON
4,4,4,4,4,mistral:7b,data_pmus_yaounde,q2_6_1,Agent_65,CARREFOUR
4,4,4,4,4,mistral:7b,data_pmus_yaounde,q2_6_2,Agent_65,CENTRE VILLE
4,3,5,4,5,mistral:7b,data_pmus_yaounde,q3_1,Agent_65,NON
4,3,4,4,3,mistral:7b,data_pmus_yaounde,q3_2,Agent_65,A PIED
4,4,4,4,4,mistral:7b,data_pmus_yaounde,q3_3_1,Agent_65,CENTRE VILLE
4,4,3,4,3,mistral:7b,data_pmus_yaounde,q3_3_2,Agent_65,CENTRE VILLE
1,1,1,1,3,mistral:7b,data_pmus_yaounde,q4_1_a,Agent_65,nan
4,3,3,4,4,mistral:7b,data_pmus_yaounde,q4_1_b,Agent_65,PLUS DE 20 MINUTES
4,4,2,4,2,mistral:7b,data_pmus_yaounde,q4_2_a,Agent_65,Veuillez indiquer depuis combien de temps vous attendez.
4,3,5,4,4,mistral:7b,data_pmus_yaounde,q4_2_b,Agent_65,15 30 MIN
4,4,4,4,4,mistral:7b,data_pmus_yaounde,q4_3,Agent_65,450.0
4,3,4,4,4,mistral:7b,data_pmus_yaounde,q4_4,Agent_65,VISITE FAMILLE
3,3,4,4,4,mistral:7b,data_pmus_yaounde,q4_4_autres,Agent_65,EXPEDITION COURRIER
5,3,5,4,5,mistral:7b,data_pmus_yaounde,q5_1,Agent_65,ENTRE 55ANS ET 64 ANS
5,3,4,4,5,mistral:7b,data_pmus_yaounde,q5_2,Agent_65,ENTRE 30 001 ET 100 000
5,4,5,4,5,mistral:7b,data_pmus_yaounde,q5_3,Agent_65,HOMME
4,4,4,4,4,mistral:7b,data_pmus_yaounde,centre ville,Agent_66,YAOUNDE
5,4,5,4,5,mistral:7b,data_pmus_yaounde,q1_1,Agent_66,UN QUARTIER DE LA VILLE DE YAOUNDE
4,4,4,4,4,mistral:7b,data_pmus_yaounde,q1_1_a,Agent_66,ABIT
4,4,3,4,3,mistral:7b,data_pmus_yaounde,q1_1_b,Agent_66,10EME ARRET
4,4,4,4,4,mistral:7b,data_pmus_yaounde,q1_1_c,Agent_66,AFANOYA
5,4,5,4,5,mistral:7b,data_pmus_yaounde,q1_2,Agent_66,UN QUARTIER DE LA VILLE DE YAOUNDE
4,4,4,4,4,mistral:7b,data_pmus_yaounde,q1_2_a,Agent_66,ACACIA
4,4,3,4,3,mistral:7b,data_pmus_yaounde,q1_2_b,Agent_66,10 IEME ARRET
4,4,4,4,4,mistral:7b,data_pmus_yaounde,q1_3_c,Agent_66,AFANOYA
3,3,4,4,3,mistral:7b,data_pmus_yaounde,q2_1,Agent_66,A PIED
4,4,3,4,3,mistral:7b,data_pmus_yaounde,q2_2_1,Agent_66,2 CHEVEAU
4,4,3,4,3,mistral:7b,data_pmus_yaounde,q2_2_2,Agent_66,10 E ARRET
4,4,3,4,3,mistral:7b,data_pmus_yaounde,q2_3_1,Agent_66,MENDONG
4,4,3,4,3,mistral:7b,data_pmus_yaounde,q2_3_2,Agent_66,CARREFOUR
4,4,5,4,5,mistral:7b,data_pmus_yaounde,q2_3,Agent_66,NON
4,4,4,4,4,mistral:7b,data_pmus_yaounde,q2_4,Agent_66,A PIED
4,4,4,4,4,mistral:7b,data_pmus_yaounde,q2_5_1,Agent_66,MENDONG
4,4,4,4,4,mistral:7b,data_pmus_yaounde,q2_5_2,Agent_66,CARREFOUR
4,4,4,4,4,mistral:7b,data_pmus_yaounde,q2_6_1,Agent_66,CARREFOUR
4,4,4,4,4,mistral:7b,data_pmus_yaounde,q2_6_2,Agent_66,CARREFOUR
4,3,5,4,5,mistral:7b,data_pmus_yaounde,q3_1,Agent_66,NON
4,3,4,4,3,mistral:7b,data_pmus_yaounde,q3_2,Agent_66,A PIED
4,4,4,4,4,mistral:7b,data_pmus_yaounde,q3_3_1,Agent_66,ACACIA
4,4,3,4,3,mistral:7b,data_pmus_yaounde,q3_3_2,Agent_66,CARREFOUR
1,1,1,1,3,mistral:7b,data_pmus_yaounde,q4_1_a,Agent_66,nan
4,3,3,4,4,mistral:7b,data_pmus_yaounde,q4_1_b,Agent_66,PLUS DE 20 MINUTES
4,4,2,4,2,mistral:7b,data_pmus_yaounde,q4_2_a,Agent_66,Veuillez indiquer depuis combien de temps vous attendez.
4,3,5,4,4,mistral:7b,data_pmus_yaounde,q4_2_b,Agent_66,PLUS DE 1HEURE
4,4,4,4,4,mistral:7b,data_pmus_yaounde,q4_3,Agent_66,1550.0
4,3,4,4,4,mistral:7b,data_pmus_yaounde,q4_4,Agent_66,VISITE FAMILLE
3,3,4,4,4,mistral:7b,data_pmus_yaounde,q4_4_autres,Agent_66,ACHAT
5,3,5,4,5,mistral:7b,data_pmus_yaounde,q5_1,Agent_66,ENTRE 55ANS ET 64 ANS
5,3,4,4,5,mistral:7b,data_pmus_yaounde,q5_2,Agent_66,MOINS DE 30 000
5,4,5,4,5,mistral:7b,data_pmus_yaounde,q5_3,Agent_66,HOMME
4,4,4,4,4,mistral:7b,data_pmus_yaounde,centre ville,Agent_67,YAOUNDE
5,4,5,4,5,mistral:7b,data_pmus_yaounde,q1_1,Agent_67,UN QUARTIER DE LA VILLE DE YAOUNDE
4,4,4,4,4,mistral:7b,data_pmus_yaounde,q1_1_a,Agent_67,OYOM ABANG
4,4,3,4,3,mistral:7b,data_pmus_yaounde,q1_1_b,Agent_67,OYOM ABANG
1,1,1,1,3,mistral:7b,data_pmus_yaounde,q1_1_c,Agent_67,nan
5,4,5,4,5,mistral:7b,data_pmus_yaounde,q1_2,Agent_67,UN QUARTIER DE LA VILLE DE YAOUNDE
4,4,4,4,4,mistral:7b,data_pmus_yaounde,q1_2_a,Agent_67,OYOM ABANG
4,4,3,4,3,mistral:7b,data_pmus_yaounde,q1_2_b,Agent_67,RUE FOE
1,1,1,1,3,mistral:7b,data_pmus_yaounde,q1_3_c,Agent_67,nan
3,3,4,4,3,mistral:7b,data_pmus_yaounde,q2_1,Agent_67,PAR BUS AGENCE INTERURBAIN
4,4,3,4,3,mistral:7b,data_pmus_yaounde,q2_2_1,Agent_67,2 CHEVEAU
4,4,3,4,3,mistral:7b,data_pmus_yaounde,q2_2_2,Agent_67,10 E ARRET
4,4,3,4,3,mistral:7b,data_pmus_yaounde,q2_3_1,Agent_67,RUE FOE
4,4,3,4,3,mistral:7b,data_pmus_yaounde,q2_3_2,Agent_67,0NANA
4,4,5,4,5,mistral:7b,data_pmus_yaounde,q2_3,Agent_67,NON
4,4,4,4,4,mistral:7b,data_pmus_yaounde,q2_4,Agent_67,PAR BUS AGENCE INTERURBAIN
4,4,4,4,4,mistral:7b,data_pmus_yaounde,q2_5_1,Agent_67,A B0NAS
4,4,4,4,4,mistral:7b,data_pmus_yaounde,q2_5_2,Agent_67,0MPHINE
4,4,4,4,4,mistral:7b,data_pmus_yaounde,q2_6_1,Agent_67,ABATTOIR
4,4,4,4,4,mistral:7b,data_pmus_yaounde,q2_6_2,Agent_67,11EME ARRET
4,3,5,4,5,mistral:7b,data_pmus_yaounde,q3_1,Agent_67,NON
4,3,4,4,3,mistral:7b,data_pmus_yaounde,q3_2,Agent_67,PAR BUS AGENCE INTERURBAIN
4,4,4,4,4,mistral:7b,data_pmus_yaounde,q3_3_1,Agent_67,RUE FOE
4,4,3,4,3,mistral:7b,data_pmus_yaounde,q3_3_2,Agent_67,RUE FOE
1,1,1,1,3,mistral:7b,data_pmus_yaounde,q4_1_a,Agent_67,nan
4,3,3,4,4,mistral:7b,data_pmus_yaounde,q4_1_b,Agent_67,PLUS DE 20 MINUTES
4,4,2,4,2,mistral:7b,data_pmus_yaounde,q4_2_a,Agent_67,Veuillez indiquer depuis combien de temps vous attendez.
4,3,5,4,4,mistral:7b,data_pmus_yaounde,q4_2_b,Agent_67,PLUS DE 1HEURE
4,4,4,4,4,mistral:7b,data_pmus_yaounde,q4_3,Agent_67,3150.0
4,3,4,4,4,mistral:7b,data_pmus_yaounde,q4_4,Agent_67,TRAVAIL
3,3,4,4,4,mistral:7b,data_pmus_yaounde,q4_4_autres,Agent_67,ACHAT
5,3,5,4,5,mistral:7b,data_pmus_yaounde,q5_1,Agent_67,ENTRE 55ANS ET 64 ANS
5,3,4,4,5,mistral:7b,data_pmus_yaounde,q5_2,Agent_67,ENTRE 30 001 ET 100 000
5,4,5,4,5,mistral:7b,data_pmus_yaounde,q5_3,Agent_67,HOMME
4,4,4,4,4,mistral:7b,data_pmus_yaounde,centre ville,Agent_68,YAOUNDE
5,4,5,4,5,mistral:7b,data_pmus_yaounde,q1_1,Agent_68,UN QUARTIER DE LA VILLE DE YAOUNDE
4,4,4,4,4,mistral:7b,data_pmus_yaounde,q1_1_a,Agent_68,ABIT
4,4,3,4,3,mistral:7b,data_pmus_yaounde,q1_1_b,Agent_68,CHAPRLLE
4,4,4,4,4,mistral:7b,data_pmus_yaounde,q1_1_c,Agent_68,AFANOYA
5,4,5,4,5,mistral:7b,data_pmus_yaounde,q1_2,Agent_68,UN QUARTIER DE LA VILLE DE YAOUNDE
4,4,4,4,4,mistral:7b,data_pmus_yaounde,q1_2_a,Agent_68,LEBOUDI
4,4,3,4,3,mistral:7b,data_pmus_yaounde,q1_2_b,Agent_68,LEBOUDI
1,1,1,1,3,mistral:7b,data_pmus_yaounde,q1_3_c,Agent_68,nan
3,3,4,4,3,mistral:7b,data_pmus_yaounde,q2_1,Agent_68,PAR BUS AGENCE INTERURBAIN
4,4,3,4,3,mistral:7b,data_pmus_yaounde,q2_2_1,Agent_68,LEBOUDI
4,4,3,4,3,mistral:7b,data_pmus_yaounde,q2_2_2,Agent_68,CHAPPELLE
4,4,3,4,3,mistral:7b,data_pmus_yaounde,q2_3_1,Agent_68,LEBOUDI
4,4,3,4,3,mistral:7b,data_pmus_yaounde,q2_3_2,Agent_68,LEBOUDI
4,4,5,4,5,mistral:7b,data_pmus_yaounde,q2_3,Agent_68,NON
4,4,4,4,4,mistral:7b,data_pmus_yaounde,q2_4,Agent_68,PAR BUS AGENCE INTERURBAIN
4,4,4,4,4,mistral:7b,data_pmus_yaounde,q2_5_1,Agent_68,LEBOUDI
4,4,4,4,4,mistral:7b,data_pmus_yaounde,q2_5_2,Agent_68,CHAPPELLE
4,4,4,4,4,mistral:7b,data_pmus_yaounde,q2_6_1,Agent_68,LEBOUDI
4,4,4,4,4,mistral:7b,data_pmus_yaounde,q2_6_2,Agent_68,CAPELLE
4,3,5,4,5,mistral:7b,data_pmus_yaounde,q3_1,Agent_68,NON
4,3,4,4,3,mistral:7b,data_pmus_yaounde,q3_2,Agent_68,PAR BUS AGENCE INTERURBAIN
4,4,4,4,4,mistral:7b,data_pmus_yaounde,q3_3_1,Agent_68,LEBOUDI
4,4,3,4,3,mistral:7b,data_pmus_yaounde,q3_3_2,Agent_68,LEBOUDI
4,4,2,4,2,mistral:7b,data_pmus_yaounde,q4_1_a,Agent_68,Veuillez indiquer depuis combien de temps vous attendez.
4,3,3,4,4,mistral:7b,data_pmus_yaounde,q4_1_b,Agent_68,PLUS DE 20 MINUTES
4,4,2,4,2,mistral:7b,data_pmus_yaounde,q4_2_a,Agent_68,Veuillez indiquer depuis combien de temps vous attendez.
4,3,5,4,4,mistral:7b,data_pmus_yaounde,q4_2_b,Agent_68,15 30 MIN
4,4,4,4,4,mistral:7b,data_pmus_yaounde,q4_3,Agent_68,450.0
4,3,4,4,4,mistral:7b,data_pmus_yaounde,q4_4,Agent_68,TRAVAIL
3,3,4,4,4,mistral:7b,data_pmus_yaounde,q4_4_autres,Agent_68,ACHAT
5,3,5,4,5,mistral:7b,data_pmus_yaounde,q5_1,Agent_68,ENTRE 55ANS ET 64 ANS
5,3,4,4,5,mistral:7b,data_pmus_yaounde,q5_2,Agent_68,ENTRE 30 001 ET 100 000
5,4,5,4,5,mistral:7b,data_pmus_yaounde,q5_3,Agent_68,FEMME
4,4,4,4,4,mistral:7b,data_pmus_yaounde,centre ville,Agent_69,YAOUNDE
5,4,5,4,5,mistral:7b,data_pmus_yaounde,q1_1,Agent_69,UN QUARTIER DE LA VILLE DE YAOUNDE
4,4,4,4,4,mistral:7b,data_pmus_yaounde,q1_1_a,Agent_69,ETOA MEKI
4,4,3,4,3,mistral:7b,data_pmus_yaounde,q1_1_b,Agent_69,FOYER BANJOUN
4,4,4,4,4,mistral:7b,data_pmus_yaounde,q1_1_c,Agent_69,AFANOYA
5,4,5,4,5,mistral:7b,data_pmus_yaounde,q1_2,Agent_69,UN QUARTIER DE LA VILLE DE YAOUNDE
4,4,4,4,4,mistral:7b,data_pmus_yaounde,q1_2_a,Agent_69,ETOA MEKI
4,4,3,4,3,mistral:7b,data_pmus_yaounde,q1_2_b,Agent_69,10 IEME ARRET
1,1,1,1,3,mistral:7b,data_pmus_yaounde,q1_3_c,Agent_69,nan
3,3,4,4,3,mistral:7b,data_pmus_yaounde,q2_1,Agent_69,A PIED
4,4,3,4,3,mistral:7b,data_pmus_yaounde,q2_2_1,Agent_69,2 CHEVEAU
4,4,3,4,3,mistral:7b,data_pmus_yaounde,q2_2_2,Agent_69,10 E ARRET
4,4,3,4,3,mistral:7b,data_pmus_yaounde,q2_3_1,Agent_69,0LESOA
4,4,3,4,3,mistral:7b,data_pmus_yaounde,q2_3_2,Agent_69,0NANA
4,4,5,4,5,mistral:7b,data_pmus_yaounde,q2_3,Agent_69,NON
4,4,4,4,4,mistral:7b,data_pmus_yaounde,q2_4,Agent_69,A PIED
4,4,4,4,4,mistral:7b,data_pmus_yaounde,q2_5_1,Agent_69,A B0NAS
4,4,4,4,4,mistral:7b,data_pmus_yaounde,q2_5_2,Agent_69,0MPHINE
4,4,4,4,4,mistral:7b,data_pmus_yaounde,q2_6_1,Agent_69,ABATTOIR
4,4,4,4,4,mistral:7b,data_pmus_yaounde,q2_6_2,Agent_69,11EME ARRET
4,3,5,4,5,mistral:7b,data_pmus_yaounde,q3_1,Agent_69,NON
4,3,4,4,3,mistral:7b,data_pmus_yaounde,q3_2,Agent_69,A PIED
4,4,4,4,4,mistral:7b,data_pmus_yaounde,q3_3_1,Agent_69,ACACIA
4,4,3,4,3,mistral:7b,data_pmus_yaounde,q3_3_2,Agent_69,10 IEME ARRET
1,1,1,1,3,mistral:7b,data_pmus_yaounde,q4_1_a,Agent_69,nan
4,3,3,4,4,mistral:7b,data_pmus_yaounde,q4_1_b,Agent_69,PLUS DE 20 MINUTES
4,4,2,4,2,mistral:7b,data_pmus_yaounde,q4_2_a,Agent_69,Veuillez indiquer depuis combien de temps vous attendez.
4,3,5,4,4,mistral:7b,data_pmus_yaounde,q4_2_b,Agent_69,MOINS DE 15 MIN
1,1,1,1,3,mistral:7b,data_pmus_yaounde,q4_3,Agent_69,nan
4,3,4,4,4,mistral:7b,data_pmus_yaounde,q4_4,Agent_69,COURSES
3,3,4,4,4,mistral:7b,data_pmus_yaounde,q4_4_autres,Agent_69,ACHAT
5,3,5,4,5,mistral:7b,data_pmus_yaounde,q5_1,Agent_69,MOINS DE 18 ANS
5,3,4,4,5,mistral:7b,data_pmus_yaounde,q5_2,Agent_69,MOINS DE 30 000
5,4,5,4,5,mistral:7b,data_pmus_yaounde,q5_3,Agent_69,FEMME
4,4,4,4,4,mistral:7b,data_pmus_yaounde,centre ville,Agent_70,YAOUNDE
5,4,5,4,5,mistral:7b,data_pmus_yaounde,q1_1,Agent_70,UN QUARTIER DE LA VILLE DE YAOUNDE
4,4,4,4,4,mistral:7b,data_pmus_yaounde,q1_1_a,Agent_70,OYOM ABANG
4,4,3,4,3,mistral:7b,data_pmus_yaounde,q1_1_b,Agent_70,CARRIERRE
4,4,4,4,4,mistral:7b,data_pmus_yaounde,q1_1_c,Agent_70,AFANOYA
5,4,5,4,5,mistral:7b,data_pmus_yaounde,q1_2,Agent_70,UN QUARTIER DE LA VILLE DE YAOUNDE
4,4,4,4,4,mistral:7b,data_pmus_yaounde,q1_2_a,Agent_70,ETOA MEKI
4,4,3,4,3,mistral:7b,data_pmus_yaounde,q1_2_b,Agent_70,10 IEME ARRET
1,1,1,1,3,mistral:7b,data_pmus_yaounde,q1_3_c,Agent_70,nan
3,3,4,4,3,mistral:7b,data_pmus_yaounde,q2_1,Agent_70,PAR BUS AGENCE INTERURBAIN
4,4,3,4,3,mistral:7b,data_pmus_yaounde,q2_2_1,Agent_70,2 CHEVEAU
4,4,3,4,3,mistral:7b,data_pmus_yaounde,q2_2_2,Agent_70,10 E ARRET
4,4,3,4,3,mistral:7b,data_pmus_yaounde,q2_3_1,Agent_70,0LESOA
4,4,3,4,3,mistral:7b,data_pmus_yaounde,q2_3_2,Agent_70,ENTRE CITE
4,4,5,4,5,mistral:7b,data_pmus_yaounde,q2_3,Agent_70,NON
4,4,4,4,4,mistral:7b,data_pmus_yaounde,q2_4,Agent_70,PAR CARGO MINI BUS
4,4,4,4,4,mistral:7b,data_pmus_yaounde,q2_5_1,Agent_70,ENTRE CITE
4,4,4,4,4,mistral:7b,data_pmus_yaounde,q2_5_2,Agent_70,ENTREE CARRIERE
4,4,4,4,4,mistral:7b,data_pmus_yaounde,q2_6_1,Agent_70,ENTRE CITE
4,4,4,4,4,mistral:7b,data_pmus_yaounde,q2_6_2,Agent_70,CAMP SONEL
4,3,5,4,5,mistral:7b,data_pmus_yaounde,q3_1,Agent_70,NON
4,3,4,4,3,mistral:7b,data_pmus_yaounde,q3_2,Agent_70,PAR TAXI
4,4,4,4,4,mistral:7b,data_pmus_yaounde,q3_3_1,Agent_70,ACACIA
4,4,3,4,3,mistral:7b,data_pmus_yaounde,q3_3_2,Agent_70,C ARREFOUR
4,4,2,4,2,mistral:7b,data_pmus_yaounde,q4_1_a,Agent_70,Veuillez indiquer depuis combien de temps vous attendez.
4,3,3,4,4,mistral:7b,data_pmus_yaounde,q4_1_b,Agent_70,PLUS DE 20 MINUTES
4,4,2,4,2,mistral:7b,data_pmus_yaounde,q4_2_a,Agent_70,Veuillez indiquer depuis combien de temps vous attendez.
4,3,5,4,4,mistral:7b,data_pmus_yaounde,q4_2_b,Agent_70,30 60 MIN
4,4,4,4,4,mistral:7b,data_pmus_yaounde,q4_3,Agent_70,3300.0
4,3,4,4,4,mistral:7b,data_pmus_yaounde,q4_4,Agent_70,TRAVAIL
3,3,4,4,4,mistral:7b,data_pmus_yaounde,q4_4_autres,Agent_70,ACHAT
5,3,5,4,5,mistral:7b,data_pmus_yaounde,q5_1,Agent_70,ENTRE 18 ET 25 ANS
5,3,4,4,5,mistral:7b,data_pmus_yaounde,q5_2,Agent_70,ENTRE 30 001 ET 100 000
5,4,5,4,5,mistral:7b,data_pmus_yaounde,q5_3,Agent_70,HOMME
4,4,4,4,4,mistral:7b,data_pmus_yaounde,centre ville,Agent_71,YAOUNDE
5,4,5,4,5,mistral:7b,data_pmus_yaounde,q1_1,Agent_71,UN QUARTIER DE LA VILLE DE YAOUNDE
4,4,4,4,4,mistral:7b,data_pmus_yaounde,q1_1_a,Agent_71,NKOLANGA
4,4,3,4,3,mistral:7b,data_pmus_yaounde,q1_1_b,Agent_71,NKOLNDOM
4,4,4,4,4,mistral:7b,data_pmus_yaounde,q1_1_c,Agent_71,NKOLANGA
5,4,5,4,5,mistral:7b,data_pmus_yaounde,q1_2,Agent_71,UN QUARTIER DE LA VILLE DE YAOUNDE
4,4,4,4,4,mistral:7b,data_pmus_yaounde,q1_2_a,Agent_71,NKOLANGA
4,4,3,4,3,mistral:7b,data_pmus_yaounde,q1_2_b,Agent_71,NKOLANGA
4,4,4,4,4,mistral:7b,data_pmus_yaounde,q1_3_c,Agent_71,AFANOYA
3,3,4,4,3,mistral:7b,data_pmus_yaounde,q2_1,Agent_71,A PIED
4,4,3,4,3,mistral:7b,data_pmus_yaounde,q2_2_1,Agent_71,NKOLANGA
4,4,3,4,3,mistral:7b,data_pmus_yaounde,q2_2_2,Agent_71,NKOLANGA
4,4,3,4,3,mistral:7b,data_pmus_yaounde,q2_3_1,Agent_71,0LESOA
4,4,3,4,3,mistral:7b,data_pmus_yaounde,q2_3_2,Agent_71,0NANA
4,4,5,4,5,mistral:7b,data_pmus_yaounde,q2_3,Agent_71,NON
4,4,4,4,4,mistral:7b,data_pmus_yaounde,q2_4,Agent_71,A PIED
4,4,4,4,4,mistral:7b,data_pmus_yaounde,q2_5_1,Agent_71,A B0NAS
4,4,4,4,4,mistral:7b,data_pmus_yaounde,q2_5_2,Agent_71,NKOL ONDOM
4,4,4,4,4,mistral:7b,data_pmus_yaounde,q2_6_1,Agent_71,NKOLANGA
4,4,4,4,4,mistral:7b,data_pmus_yaounde,q2_6_2,Agent_71,11EME ARRET
4,3,5,4,5,mistral:7b,data_pmus_yaounde,q3_1,Agent_71,NON
4,3,4,4,3,mistral:7b,data_pmus_yaounde,q3_2,Agent_71,A PIED
4,4,4,4,4,mistral:7b,data_pmus_yaounde,q3_3_1,Agent_71,NKOLANGA
4,4,3,4,3,mistral:7b,data_pmus_yaounde,q3_3_2,Agent_71,NKOLANGA
1,1,1,1,3,mistral:7b,data_pmus_yaounde,q4_1_a,Agent_71,nan
1,1,1,1,3,mistral:7b,data_pmus_yaounde,q4_1_b,Agent_71,nan
1,1,1,1,3,mistral:7b,data_pmus_yaounde,q4_2_a,Agent_71,nan
4,3,5,4,4,mistral:7b,data_pmus_yaounde,q4_2_b,Agent_71,MOINS DE 15 MIN
4,4,4,4,4,mistral:7b,data_pmus_yaounde,q4_3,Agent_71,2300.0
4,3,4,4,4,mistral:7b,data_pmus_yaounde,q4_4,Agent_71,VISITE FAMILLE
3,3,4,4,4,mistral:7b,data_pmus_yaounde,q4_4_autres,Agent_71,REUNION FAMILIALE
5,3,5,4,5,mistral:7b,data_pmus_yaounde,q5_1,Agent_71,ENTRE 18 ET 25 ANS
5,3,4,4,5,mistral:7b,data_pmus_yaounde,q5_2,Agent_71,ENTRE 30 001 ET 100 000
5,4,5,4,5,mistral:7b,data_pmus_yaounde,q5_3,Agent_71,HOMME
4,4,4,4,4,mistral:7b,data_pmus_yaounde,centre ville,Agent_72,YAOUNDE
5,4,5,4,5,mistral:7b,data_pmus_yaounde,q1_1,Agent_72,UN QUARTIER DE LA VILLE DE YAOUNDE
4,4,4,4,4,mistral:7b,data_pmus_yaounde,q1_1_a,Agent_72,NLONGKAK
4,4,3,4,3,mistral:7b,data_pmus_yaounde,q1_1_b,Agent_72,ATELIER BOIS
4,4,4,4,4,mistral:7b,data_pmus_yaounde,q1_1_c,Agent_72,AFANOYA
5,4,5,4,5,mistral:7b,data_pmus_yaounde,q1_2,Agent_72,UN QUARTIER DE LA VILLE DE YAOUNDE
4,4,4,4,4,mistral:7b,data_pmus_yaounde,q1_2_a,Agent_72,TITI GARAGE
4,4,3,4,3,mistral:7b,data_pmus_yaounde,q1_2_b,Agent_72,TITI GARAGE
1,1,1,1,3,mistral:7b,data_pmus_yaounde,q1_3_c,Agent_72,nan
3,3,4,4,3,mistral:7b,data_pmus_yaounde,q2_1,Agent_72,PAR BUS AGENCE INTERURBAIN
4,4,3,4,3,mistral:7b,data_pmus_yaounde,q2_2_1,Agent_72,TITI GARAGE
4,4,3,4,3,mistral:7b,data_pmus_yaounde,q2_2_2,Agent_72,TITI GARAGE
4,4,3,4,3,mistral:7b,data_pmus_yaounde,q2_3_1,Agent_72,0LESOA
4,4,3,4,3,mistral:7b,data_pmus_yaounde,q2_3_2,Agent_72,0NANA
4,4,5,4,5,mistral:7b,data_pmus_yaounde,q2_3,Agent_72,NON
4,4,4,4,4,mistral:7b,data_pmus_yaounde,q2_4,Agent_72,PAR BUS AGENCE INTERURBAIN
4,4,4,4,4,mistral:7b,data_pmus_yaounde,q2_5_1,Agent_72,A B0NAS
4,4,4,4,4,mistral:7b,data_pmus_yaounde,q2_5_2,Agent_72,0MPHINE
4,4,4,4,4,mistral:7b,data_pmus_yaounde,q2_6_1,Agent_72,ABATTOIR
4,4,4,4,4,mistral:7b,data_pmus_yaounde,q2_6_2,Agent_72,GARE ROUTIERE
4,3,5,4,5,mistral:7b,data_pmus_yaounde,q3_1,Agent_72,NON
4,3,4,4,3,mistral:7b,data_pmus_yaounde,q3_2,Agent_72,PAR BUS AGENCE INTERURBAIN
4,4,4,4,4,mistral:7b,data_pmus_yaounde,q3_3_1,Agent_72,TITI GARAGE
4,4,3,4,3,mistral:7b,data_pmus_yaounde,q3_3_2,Agent_72,TITI GARAGE
1,1,1,1,3,mistral:7b,data_pmus_yaounde,q4_1_a,Agent_72,nan
1,1,1,1,3,mistral:7b,data_pmus_yaounde,q4_1_b,Agent_72,nan
4,4,2,4,2,mistral:7b,data_pmus_yaounde,q4_2_a,Agent_72,Veuillez indiquer depuis combien de temps vous attendez.
4,3,5,4,4,mistral:7b,data_pmus_yaounde,q4_2_b,Agent_72,30 60 MIN
4,4,4,4,4,mistral:7b,data_pmus_yaounde,q4_3,Agent_72,300.0
4,3,4,4,4,mistral:7b,data_pmus_yaounde,q4_4,Agent_72,COURSES
3,3,4,4,4,mistral:7b,data_pmus_yaounde,q4_4_autres,Agent_72,ACHAT
5,3,5,4,5,mistral:7b,data_pmus_yaounde,q5_1,Agent_72,ENTRE 18 ET 25 ANS
5,3,4,4,5,mistral:7b,data_pmus_yaounde,q5_2,Agent_72,MOINS DE 30 000
5,4,5,4,5,mistral:7b,data_pmus_yaounde,q5_3,Agent_72,FEMME
4,4,4,4,4,mistral:7b,data_pmus_yaounde,centre ville,Agent_73,YAOUNDE
5,4,5,4,5,mistral:7b,data_pmus_yaounde,q1_1,Agent_73,UN QUARTIER DE LA VILLE DE YAOUNDE
4,4,4,4,4,mistral:7b,data_pmus_yaounde,q1_1_a,Agent_73,CITE VERTE
4,4,3,4,3,mistral:7b,data_pmus_yaounde,q1_1_b,Agent_73,DERRIERE LE GEORGES 5
4,4,4,4,4,mistral:7b,data_pmus_yaounde,q1_1_c,Agent_73,AFANOYA
5,4,5,4,5,mistral:7b,data_pmus_yaounde,q1_2,Agent_73,UN QUARTIER DE LA VILLE DE YAOUNDE
4,4,4,4,4,mistral:7b,data_pmus_yaounde,q1_2_a,Agent_73,CITE VERTE
4,4,3,4,3,mistral:7b,data_pmus_yaounde,q1_2_b,Agent_73,10 IEME ARRET
1,1,1,1,3,mistral:7b,data_pmus_yaounde,q1_3_c,Agent_73,nan
3,3,4,4,3,mistral:7b,data_pmus_yaounde,q2_1,Agent_73,A PIED
4,4,3,4,3,mistral:7b,data_pmus_yaounde,q2_2_1,Agent_73,2 CHEVEAU
4,4,3,4,3,mistral:7b,data_pmus_yaounde,q2_2_2,Agent_73,10 E ARRET
4,4,3,4,3,mistral:7b,data_pmus_yaounde,q2_3_1,Agent_73,CITE VERTE
4,4,3,4,3,mistral:7b,data_pmus_yaounde,q2_3_2,Agent_73,DEVANT SA PORTE
4,4,5,4,5,mistral:7b,data_pmus_yaounde,q2_3,Agent_73,NON
4,4,4,4,4,mistral:7b,data_pmus_yaounde,q2_4,Agent_73,A PIED
4,4,4,4,4,mistral:7b,data_pmus_yaounde,q2_5_1,Agent_73,CITE VERTE
4,4,4,4,4,mistral:7b,data_pmus_yaounde,q2_5_2,Agent_73,0MPHINE
4,4,4,4,4,mistral:7b,data_pmus_yaounde,q2_6_1,Agent_73,ABATTOIR
4,4,4,4,4,mistral:7b,data_pmus_yaounde,q2_6_2,Agent_73,11EME ARRET
4,3,5,4,5,mistral:7b,data_pmus_yaounde,q3_1,Agent_73,NON
4,3,4,4,3,mistral:7b,data_pmus_yaounde,q3_2,Agent_73,A PIED
4,4,4,4,4,mistral:7b,data_pmus_yaounde,q3_3_1,Agent_73,YOYO BAR
4,4,3,4,3,mistral:7b,data_pmus_yaounde,q3_3_2,Agent_73,YOYO BAR
1,1,1,1,3,mistral:7b,data_pmus_yaounde,q4_1_a,Agent_73,nan
4,3,3,4,4,mistral:7b,data_pmus_yaounde,q4_1_b,Agent_73,MOINS DE 5 MIN
4,4,2,4,2,mistral:7b,data_pmus_yaounde,q4_2_a,Agent_73,Veuillez indiquer depuis combien de temps vous attendez.
4,3,5,4,4,mistral:7b,data_pmus_yaounde,q4_2_b,Agent_73,MOINS DE 15 MIN
4,4,4,4,4,mistral:7b,data_pmus_yaounde,q4_3,Agent_73,3000.0
4,3,4,4,4,mistral:7b,data_pmus_yaounde,q4_4,Agent_73,SPORTIVES
3,3,4,4,4,mistral:7b,data_pmus_yaounde,q4_4_autres,Agent_73,SPORT ET VISITE AMICALE
5,3,5,4,5,mistral:7b,data_pmus_yaounde,q5_1,Agent_73,ENTRE 18 ET 25 ANS
5,3,4,4,5,mistral:7b,data_pmus_yaounde,q5_2,Agent_73,ENTRE 30 001 ET 100 000
5,4,5,4,5,mistral:7b,data_pmus_yaounde,q5_3,Agent_73,HOMME
4,4,4,4,4,mistral:7b,data_pmus_yaounde,centre ville,Agent_74,YAOUNDE
5,4,5,4,5,mistral:7b,data_pmus_yaounde,q1_1,Agent_74,UN QUARTIER DE LA VILLE DE YAOUNDE
4,4,4,4,4,mistral:7b,data_pmus_yaounde,q1_1_a,Agent_74,ETOUG EBE
4,4,3,4,3,mistral:7b,data_pmus_yaounde,q1_1_b,Agent_74,10EME ARRET
4,4,4,4,4,mistral:7b,data_pmus_yaounde,q1_1_c,Agent_74,AFANOYA
5,4,5,4,5,mistral:7b,data_pmus_yaounde,q1_2,Agent_74,UN QUARTIER DE LA VILLE DE YAOUNDE
4,4,4,4,4,mistral:7b,data_pmus_yaounde,q1_2_a,Agent_74,ETOUG EBE
4,4,3,4,3,mistral:7b,data_pmus_yaounde,q1_2_b,Agent_74,ETOUG EBE
1,1,1,1,3,mistral:7b,data_pmus_yaounde,q1_3_c,Agent_74,nan
3,3,4,4,3,mistral:7b,data_pmus_yaounde,q2_1,Agent_74,PAR BUS AGENCE INTERURBAIN
4,4,3,4,3,mistral:7b,data_pmus_yaounde,q2_2_1,Agent_74,ETOUG EBE
4,4,3,4,3,mistral:7b,data_pmus_yaounde,q2_2_2,Agent_74,10 E ARRET
4,4,3,4,3,mistral:7b,data_pmus_yaounde,q2_3_1,Agent_74,ETOUG EBE
4,4,3,4,3,mistral:7b,data_pmus_yaounde,q2_3_2,Agent_74,0NANA
4,4,5,4,5,mistral:7b,data_pmus_yaounde,q2_3,Agent_74,NON
4,4,4,4,4,mistral:7b,data_pmus_yaounde,q2_4,Agent_74,PAR BUS AGENCE INTERURBAIN
4,4,4,4,4,mistral:7b,data_pmus_yaounde,q2_5_1,Agent_74,A B0NAS
4,4,4,4,4,mistral:7b,data_pmus_yaounde,q2_5_2,Agent_74,ETOUG EBE
4,4,4,4,4,mistral:7b,data_pmus_yaounde,q2_6_1,Agent_74,ABATTOIR
4,4,4,4,4,mistral:7b,data_pmus_yaounde,q2_6_2,Agent_74,11EME ARRET
4,3,5,4,5,mistral:7b,data_pmus_yaounde,q3_1,Agent_74,NON
4,3,4,4,3,mistral:7b,data_pmus_yaounde,q3_2,Agent_74,PAR BUS AGENCE INTERURBAIN
4,4,4,4,4,mistral:7b,data_pmus_yaounde,q3_3_1,Agent_74,ETOUG EBE
4,4,3,4,3,mistral:7b,data_pmus_yaounde,q3_3_2,Agent_74,POND
4,4,2,4,2,mistral:7b,data_pmus_yaounde,q4_1_a,Agent_74,Veuillez indiquer depuis combien de temps vous attendez.
4,3,3,4,4,mistral:7b,data_pmus_yaounde,q4_1_b,Agent_74,PLUS DE 20 MINUTES
4,4,2,4,2,mistral:7b,data_pmus_yaounde,q4_2_a,Agent_74,Veuillez indiquer depuis combien de temps vous attendez.
4,3,5,4,4,mistral:7b,data_pmus_yaounde,q4_2_b,Agent_74,15 30 MIN
4,4,4,4,4,mistral:7b,data_pmus_yaounde,q4_3,Agent_74,300.0
4,3,4,4,4,mistral:7b,data_pmus_yaounde,q4_4,Agent_74,COURSES
3,3,4,4,4,mistral:7b,data_pmus_yaounde,q4_4_autres,Agent_74,ETUDES
5,3,5,4,5,mistral:7b,data_pmus_yaounde,q5_1,Agent_74,ENTRE 18 ET 25 ANS
5,3,4,4,5,mistral:7b,data_pmus_yaounde,q5_2,Agent_74,ENTRE 30 001 ET 100 000
5,4,5,4,5,mistral:7b,data_pmus_yaounde,q5_3,Agent_74,FEMME
4,4,4,4,4,mistral:7b,data_pmus_yaounde,centre ville,Agent_75,YAOUNDE
5,4,5,4,5,mistral:7b,data_pmus_yaounde,q1_1,Agent_75,UN QUARTIER DE LA VILLE DE YAOUNDE
4,4,4,4,4,mistral:7b,data_pmus_yaounde,q1_1_a,Agent_75,ABIT
4,4,3,4,3,mistral:7b,data_pmus_yaounde,q1_1_b,Agent_75,GENDARMERIE
4,4,4,4,4,mistral:7b,data_pmus_yaounde,q1_1_c,Agent_75,AFANOYA
5,4,5,4,5,mistral:7b,data_pmus_yaounde,q1_2,Agent_75,UN QUARTIER DE LA VILLE DE YAOUNDE
4,4,4,4,4,mistral:7b,data_pmus_yaounde,q1_2_a,Agent_75,ABOM
4,4,3,4,3,mistral:7b,data_pmus_yaounde,q1_2_b,Agent_75,GENDARMERIE
4,4,4,4,4,mistral:7b,data_pmus_yaounde,q1_3_c,Agent_75,AFANOYA
3,3,4,4,3,mistral:7b,data_pmus_yaounde,q2_1,Agent_75,A PIED
4,4,3,4,3,mistral:7b,data_pmus_yaounde,q2_2_1,Agent_75,GENDARMERIE
4,4,3,4,3,mistral:7b,data_pmus_yaounde,q2_2_2,Agent_75,GENDARMERIE
4,4,3,4,3,mistral:7b,data_pmus_yaounde,q2_3_1,Agent_75,EFOULAN
4,4,3,4,3,mistral:7b,data_pmus_yaounde,q2_3_2,Agent_75,0NANA
4,4,5,4,5,mistral:7b,data_pmus_yaounde,q2_3,Agent_75,NON
4,4,4,4,4,mistral:7b,data_pmus_yaounde,q2_4,Agent_75,A PIED
4,4,4,4,4,mistral:7b,data_pmus_yaounde,q2_5_1,Agent_75,EFOULAN
4,4,4,4,4,mistral:7b,data_pmus_yaounde,q2_5_2,Agent_75,0MPHINE
4,4,4,4,4,mistral:7b,data_pmus_yaounde,q2_6_1,Agent_75,EFOULAN
4,4,4,4,4,mistral:7b,data_pmus_yaounde,q2_6_2,Agent_75,11EME ARRET
4,3,5,4,5,mistral:7b,data_pmus_yaounde,q3_1,Agent_75,NON
4,3,4,4,3,mistral:7b,data_pmus_yaounde,q3_2,Agent_75,A PIED
4,4,4,4,4,mistral:7b,data_pmus_yaounde,q3_3_1,Agent_75,EFOULAN
4,4,3,4,3,mistral:7b,data_pmus_yaounde,q3_3_2,Agent_75,10 IEME ARRET
1,1,1,1,3,mistral:7b,data_pmus_yaounde,q4_1_a,Agent_75,nan
1,1,1,1,3,mistral:7b,data_pmus_yaounde,q4_1_b,Agent_75,nan
4,4,2,4,2,mistral:7b,data_pmus_yaounde,q4_2_a,Agent_75,Veuillez indiquer depuis combien de temps vous attendez.
4,3,5,4,4,mistral:7b,data_pmus_yaounde,q4_2_b,Agent_75,MOINS DE 15 MIN
1,1,1,1,3,mistral:7b,data_pmus_yaounde,q4_3,Agent_75,nan
4,3,4,4,4,mistral:7b,data_pmus_yaounde,q4_4,Agent_75,ACTIVIT S DE LOISIRS
3,3,4,4,4,mistral:7b,data_pmus_yaounde,q4_4_autres,Agent_75,COMMERCE
5,3,5,4,5,mistral:7b,data_pmus_yaounde,q5_1,Agent_75,MOINS DE 18 ANS
5,3,4,4,5,mistral:7b,data_pmus_yaounde,q5_2,Agent_75,ENTRE 30 001 ET 100 000
5,4,5,4,5,mistral:7b,data_pmus_yaounde,q5_3,Agent_75,FEMME
4,4,4,4,4,mistral:7b,data_pmus_yaounde,centre ville,Agent_76,YAOUNDE
5,4,5,4,5,mistral:7b,data_pmus_yaounde,q1_1,Agent_76,UN QUARTIER DE LA VILLE DE YAOUNDE
4,4,4,4,4,mistral:7b,data_pmus_yaounde,q1_1_a,Agent_76,ABIT
4,4,3,4,3,mistral:7b,data_pmus_yaounde,q1_1_b,Agent_76,10EME ARRET
4,4,4,4,4,mistral:7b,data_pmus_yaounde,q1_1_c,Agent_76,AFANOYA
5,4,5,4,5,mistral:7b,data_pmus_yaounde,q1_2,Agent_76,UN QUARTIER DE LA VILLE DE YAOUNDE
4,4,4,4,4,mistral:7b,data_pmus_yaounde,q1_2_a,Agent_76,ETOUDI
4,4,3,4,3,mistral:7b,data_pmus_yaounde,q1_2_b,Agent_76,10 IEME ARRET
4,4,4,4,4,mistral:7b,data_pmus_yaounde,q1_3_c,Agent_76,AFANOYA
3,3,4,4,3,mistral:7b,data_pmus_yaounde,q2_1,Agent_76,PAR TAXI
4,4,3,4,3,mistral:7b,data_pmus_yaounde,q2_2_1,Agent_76,FEBE
4,4,3,4,3,mistral:7b,data_pmus_yaounde,q2_2_2,Agent_76,10 E ARRET
4,4,3,4,3,mistral:7b,data_pmus_yaounde,q2_3_1,Agent_76,ETOUDI
4,4,3,4,3,mistral:7b,data_pmus_yaounde,q2_3_2,Agent_76,ETOUDI
4,4,5,4,5,mistral:7b,data_pmus_yaounde,q2_3,Agent_76,NON
4,4,4,4,4,mistral:7b,data_pmus_yaounde,q2_4,Agent_76,PAR TAXI
4,4,4,4,4,mistral:7b,data_pmus_yaounde,q2_5_1,Agent_76,ETOUDI
4,4,4,4,4,mistral:7b,data_pmus_yaounde,q2_5_2,Agent_76,0MPHINE
4,4,4,4,4,mistral:7b,data_pmus_yaounde,q2_6_1,Agent_76,ETOUDI
4,4,4,4,4,mistral:7b,data_pmus_yaounde,q2_6_2,Agent_76,11EME ARRET
4,3,5,4,5,mistral:7b,data_pmus_yaounde,q3_1,Agent_76,NON
4,3,4,4,3,mistral:7b,data_pmus_yaounde,q3_2,Agent_76,PAR TAXI
4,4,4,4,4,mistral:7b,data_pmus_yaounde,q3_3_1,Agent_76,ETOUDI
4,4,3,4,3,mistral:7b,data_pmus_yaounde,q3_3_2,Agent_76,10 IEME ARRET
1,1,1,1,3,mistral:7b,data_pmus_yaounde,q4_1_a,Agent_76,nan
4,3,3,4,4,mistral:7b,data_pmus_yaounde,q4_1_b,Agent_76,PLUS DE 20 MINUTES
4,4,2,4,2,mistral:7b,data_pmus_yaounde,q4_2_a,Agent_76,Veuillez indiquer depuis combien de temps vous attendez.
4,3,5,4,4,mistral:7b,data_pmus_yaounde,q4_2_b,Agent_76,30 60 MIN
4,4,4,4,4,mistral:7b,data_pmus_yaounde,q4_3,Agent_76,2800.0
4,3,4,4,4,mistral:7b,data_pmus_yaounde,q4_4,Agent_76,VISITE FAMILLE
3,3,4,4,4,mistral:7b,data_pmus_yaounde,q4_4_autres,Agent_76,ACHAT
5,3,5,4,5,mistral:7b,data_pmus_yaounde,q5_1,Agent_76,ENTRE 36 ET 45 ANS
5,3,4,4,5,mistral:7b,data_pmus_yaounde,q5_2,Agent_76,ENTRE 300 001 ET 500 000
5,4,5,4,5,mistral:7b,data_pmus_yaounde,q5_3,Agent_76,FEMME
4,4,4,4,4,mistral:7b,data_pmus_yaounde,centre ville,Agent_77,YAOUNDE
5,4,5,4,5,mistral:7b,data_pmus_yaounde,q1_1,Agent_77,UN QUARTIER DE LA VILLE DE YAOUNDE
4,4,4,4,4,mistral:7b,data_pmus_yaounde,q1_1_a,Agent_77,MVAN
4,4,3,4,3,mistral:7b,data_pmus_yaounde,q1_1_b,Agent_77,10EME ARRET
4,4,4,4,4,mistral:7b,data_pmus_yaounde,q1_1_c,Agent_77,AFANOYA
5,4,5,4,5,mistral:7b,data_pmus_yaounde,q1_2,Agent_77,UN QUARTIER DE LA VILLE DE YAOUNDE
4,4,4,4,4,mistral:7b,data_pmus_yaounde,q1_2_a,Agent_77,EMMIA
4,4,3,4,3,mistral:7b,data_pmus_yaounde,q1_2_b,Agent_77,10 IEME ARRET
4,4,4,4,4,mistral:7b,data_pmus_yaounde,q1_3_c,Agent_77,AFANOYA
3,3,4,4,3,mistral:7b,data_pmus_yaounde,q2_1,Agent_77,A PIED
4,4,3,4,3,mistral:7b,data_pmus_yaounde,q2_2_1,Agent_77,2 CHEVEAU
4,4,3,4,3,mistral:7b,data_pmus_yaounde,q2_2_2,Agent_77,10 E ARRET
4,4,3,4,3,mistral:7b,data_pmus_yaounde,q2_3_1,Agent_77,MVAN
4,4,3,4,3,mistral:7b,data_pmus_yaounde,q2_3_2,Agent_77,A PIED
4,4,5,4,5,mistral:7b,data_pmus_yaounde,q2_3,Agent_77,NON
4,4,4,4,4,mistral:7b,data_pmus_yaounde,q2_4,Agent_77,A PIED
4,4,4,4,4,mistral:7b,data_pmus_yaounde,q2_5_1,Agent_77,A B0NAS
4,4,4,4,4,mistral:7b,data_pmus_yaounde,q2_5_2,Agent_77,0MPHINE
4,4,4,4,4,mistral:7b,data_pmus_yaounde,q2_6_1,Agent_77,ABATTOIR
4,4,4,4,4,mistral:7b,data_pmus_yaounde,q2_6_2,Agent_77,AWAE
4,3,5,4,5,mistral:7b,data_pmus_yaounde,q3_1,Agent_77,NON
4,3,4,4,3,mistral:7b,data_pmus_yaounde,q3_2,Agent_77,A PIED
4,4,4,4,4,mistral:7b,data_pmus_yaounde,q3_3_1,Agent_77,ACACIA
4,4,3,4,3,mistral:7b,data_pmus_yaounde,q3_3_2,Agent_77,CARREFOUR
1,1,1,1,3,mistral:7b,data_pmus_yaounde,q4_1_a,Agent_77,nan
4,3,3,4,4,mistral:7b,data_pmus_yaounde,q4_1_b,Agent_77,PLUS DE 20 MINUTES
4,4,2,4,2,mistral:7b,data_pmus_yaounde,q4_2_a,Agent_77,Veuillez indiquer depuis combien de temps vous attendez.
4,3,5,4,4,mistral:7b,data_pmus_yaounde,q4_2_b,Agent_77,15 30 MIN
4,4,4,4,4,mistral:7b,data_pmus_yaounde,q4_3,Agent_77,3650.0
4,3,4,4,4,mistral:7b,data_pmus_yaounde,q4_4,Agent_77,VISITE FAMILLE
3,3,4,4,4,mistral:7b,data_pmus_yaounde,q4_4_autres,Agent_77,ACHAT
5,3,5,4,5,mistral:7b,data_pmus_yaounde,q5_1,Agent_77,ENTRE 55ANS ET 64 ANS
5,3,4,4,5,mistral:7b,data_pmus_yaounde,q5_2,Agent_77,ENTRE 30 001 ET 100 000
5,4,5,4,5,mistral:7b,data_pmus_yaounde,q5_3,Agent_77,FEMME
4,4,4,4,4,mistral:7b,data_pmus_yaounde,centre ville,Agent_78,YAOUNDE
5,4,5,4,5,mistral:7b,data_pmus_yaounde,q1_1,Agent_78,UN QUARTIER DE LA VILLE DE YAOUNDE
4,4,4,4,4,mistral:7b,data_pmus_yaounde,q1_1_a,Agent_78,TSINGA
4,4,3,4,3,mistral:7b,data_pmus_yaounde,q1_1_b,Agent_78,DAMAS ENTREE CONTENAIRE
4,4,4,4,4,mistral:7b,data_pmus_yaounde,q1_1_c,Agent_78,AFANOYA
5,4,5,4,5,mistral:7b,data_pmus_yaounde,q1_2,Agent_78,UN QUARTIER DE LA VILLE DE YAOUNDE
4,4,4,4,4,mistral:7b,data_pmus_yaounde,q1_2_a,Agent_78,ABOM
4,4,3,4,3,mistral:7b,data_pmus_yaounde,q1_2_b,Agent_78,10 IEME ARRET
4,4,4,4,4,mistral:7b,data_pmus_yaounde,q1_3_c,Agent_78,NKOL FOULOU
3,3,4,4,3,mistral:7b,data_pmus_yaounde,q2_1,Agent_78,PAR BUS AGENCE INTERURBAIN
4,4,3,4,3,mistral:7b,data_pmus_yaounde,q2_2_1,Agent_78,NKOLMESSENG
4,4,3,4,3,mistral:7b,data_pmus_yaounde,q2_2_2,Agent_78,NKOLMESSENG
4,4,3,4,3,mistral:7b,data_pmus_yaounde,q2_3_1,Agent_78,NKOLMESSENG
4,4,3,4,3,mistral:7b,data_pmus_yaounde,q2_3_2,Agent_78,0NANA
4,4,5,4,5,mistral:7b,data_pmus_yaounde,q2_3,Agent_78,NON
4,4,4,4,4,mistral:7b,data_pmus_yaounde,q2_4,Agent_78,PAR BUS AGENCE INTERURBAIN
4,4,4,4,4,mistral:7b,data_pmus_yaounde,q2_5_1,Agent_78,NKOLMESSENG
4,4,4,4,4,mistral:7b,data_pmus_yaounde,q2_5_2,Agent_78,0MPHINE
4,4,4,4,4,mistral:7b,data_pmus_yaounde,q2_6_1,Agent_78,TSINGA
4,4,4,4,4,mistral:7b,data_pmus_yaounde,q2_6_2,Agent_78,11EME ARRET
4,3,5,4,5,mistral:7b,data_pmus_yaounde,q3_1,Agent_78,NON
4,3,4,4,3,mistral:7b,data_pmus_yaounde,q3_2,Agent_78,PAR BUS AGENCE INTERURBAIN
4,4,4,4,4,mistral:7b,data_pmus_yaounde,q3_3_1,Agent_78,TSINGA
4,4,3,4,3,mistral:7b,data_pmus_yaounde,q3_3_2,Agent_78,10 IEME ARRET
1,1,1,1,3,mistral:7b,data_pmus_yaounde,q4_1_a,Agent_78,nan
4,3,3,4,4,mistral:7b,data_pmus_yaounde,q4_1_b,Agent_78,MOINS DE 5 MIN
4,4,2,4,2,mistral:7b,data_pmus_yaounde,q4_2_a,Agent_78,Veuillez indiquer depuis combien de temps vous attendez.
4,3,5,4,4,mistral:7b,data_pmus_yaounde,q4_2_b,Agent_78,MOINS DE 15 MIN
4,4,4,4,4,mistral:7b,data_pmus_yaounde,q4_3,Agent_78,3300.0
4,3,4,4,4,mistral:7b,data_pmus_yaounde,q4_4,Agent_78,VISITE FAMILLE
3,3,4,4,4,mistral:7b,data_pmus_yaounde,q4_4_autres,Agent_78,REUNION FAMILIALE
5,3,5,4,5,mistral:7b,data_pmus_yaounde,q5_1,Agent_78,ENTRE 26 ET 35 ANS
5,3,4,4,5,mistral:7b,data_pmus_yaounde,q5_2,Agent_78,ENTRE 30 001 ET 100 000
5,4,5,4,5,mistral:7b,data_pmus_yaounde,q5_3,Agent_78,FEMME
4,4,4,4,4,mistral:7b,data_pmus_yaounde,centre ville,Agent_79,YAOUNDE
5,4,5,4,5,mistral:7b,data_pmus_yaounde,q1_1,Agent_79,UN QUARTIER DE LA VILLE DE YAOUNDE
4,4,4,4,4,mistral:7b,data_pmus_yaounde,q1_1_a,Agent_79,ABIT
4,4,3,4,3,mistral:7b,data_pmus_yaounde,q1_1_b,Agent_79,10EME ARRET
4,4,4,4,4,mistral:7b,data_pmus_yaounde,q1_1_c,Agent_79,AFANOYA
5,4,5,4,5,mistral:7b,data_pmus_yaounde,q1_2,Agent_79,UN QUARTIER DE LA VILLE DE YAOUNDE
4,4,4,4,4,mistral:7b,data_pmus_yaounde,q1_2_a,Agent_79,BARRIERE
4,4,3,4,3,mistral:7b,data_pmus_yaounde,q1_2_b,Agent_79,BARRIERE
4,4,4,4,4,mistral:7b,data_pmus_yaounde,q1_3_c,Agent_79,AFANOYA
3,3,4,4,3,mistral:7b,data_pmus_yaounde,q2_1,Agent_79,PAR BUS STACY
4,4,3,4,3,mistral:7b,data_pmus_yaounde,q2_2_1,Agent_79,BARRIERE
4,4,3,4,3,mistral:7b,data_pmus_yaounde,q2_2_2,Agent_79,10 E ARRET
4,4,3,4,3,mistral:7b,data_pmus_yaounde,q2_3_1,Agent_79,BARRIERE
4,4,3,4,3,mistral:7b,data_pmus_yaounde,q2_3_2,Agent_79,BARRIERE
4,4,5,4,5,mistral:7b,data_pmus_yaounde,q2_3,Agent_79,NON
4,4,4,4,4,mistral:7b,data_pmus_yaounde,q2_4,Agent_79,PAR BUS STACY
4,4,4,4,4,mistral:7b,data_pmus_yaounde,q2_5_1,Agent_79,BARRIERE
4,4,4,4,4,mistral:7b,data_pmus_yaounde,q2_5_2,Agent_79,BARRIERE
4,4,4,4,4,mistral:7b,data_pmus_yaounde,q2_6_1,Agent_79,BARRIERE
4,4,4,4,4,mistral:7b,data_pmus_yaounde,q2_6_2,Agent_79,BARRIERE
4,3,5,4,5,mistral:7b,data_pmus_yaounde,q3_1,Agent_79,NON
4,3,4,4,3,mistral:7b,data_pmus_yaounde,q3_2,Agent_79,PAR BUS STACY
4,4,4,4,4,mistral:7b,data_pmus_yaounde,q3_3_1,Agent_79,BARRIERE
4,4,3,4,3,mistral:7b,data_pmus_yaounde,q3_3_2,Agent_79,BARRIERE
4,4,2,4,2,mistral:7b,data_pmus_yaounde,q4_1_a,Agent_79,Veuillez indiquer depuis combien de temps vous attendez.
4,3,3,4,4,mistral:7b,data_pmus_yaounde,q4_1_b,Agent_79,PLUS DE 20 MINUTES
4,4,2,4,2,mistral:7b,data_pmus_yaounde,q4_2_a,Agent_79,Veuillez indiquer depuis combien de temps vous attendez.
4,3,5,4,4,mistral:7b,data_pmus_yaounde,q4_2_b,Agent_79,15 30 MIN
4,4,4,4,4,mistral:7b,data_pmus_yaounde,q4_3,Agent_79,3250.0
4,3,4,4,4,mistral:7b,data_pmus_yaounde,q4_4,Agent_79,TRAVAIL
3,3,4,4,4,mistral:7b,data_pmus_yaounde,q4_4_autres,Agent_79,COMMERCE
5,3,5,4,5,mistral:7b,data_pmus_yaounde,q5_1,Agent_79,MOINS DE 18 ANS
5,3,4,4,5,mistral:7b,data_pmus_yaounde,q5_2,Agent_79,MOINS DE 30 000
5,4,5,4,5,mistral:7b,data_pmus_yaounde,q5_3,Agent_79,HOMME
4,4,4,4,4,mistral:7b,data_pmus_yaounde,centre ville,Agent_80,YAOUNDE
5,4,5,4,5,mistral:7b,data_pmus_yaounde,q1_1,Agent_80,UN QUARTIER DE LA VILLE DE YAOUNDE
4,4,4,4,4,mistral:7b,data_pmus_yaounde,q1_1_a,Agent_80,NKO NDONGO
4,4,3,4,3,mistral:7b,data_pmus_yaounde,q1_1_b,Agent_80,10EME ARRET
4,4,4,4,4,mistral:7b,data_pmus_yaounde,q1_1_c,Agent_80,AFANOYA
5,4,5,4,5,mistral:7b,data_pmus_yaounde,q1_2,Agent_80,UN QUARTIER DE LA VILLE DE YAOUNDE
4,4,4,4,4,mistral:7b,data_pmus_yaounde,q1_2_a,Agent_80,NKO NDONGO
4,4,3,4,3,mistral:7b,data_pmus_yaounde,q1_2_b,Agent_80,10 IEME ARRET
1,1,1,1,3,mistral:7b,data_pmus_yaounde,q1_3_c,Agent_80,nan
3,3,4,4,3,mistral:7b,data_pmus_yaounde,q2_1,Agent_80,A PIED
4,4,3,4,3,mistral:7b,data_pmus_yaounde,q2_2_1,Agent_80,2 CHEVEAU
4,4,3,4,3,mistral:7b,data_pmus_yaounde,q2_2_2,Agent_80,10 E ARRET
4,4,3,4,3,mistral:7b,data_pmus_yaounde,q2_3_1,Agent_80,0LESOA
4,4,3,4,3,mistral:7b,data_pmus_yaounde,q2_3_2,Agent_80,0NANA
4,4,5,4,5,mistral:7b,data_pmus_yaounde,q2_3,Agent_80,NON
4,4,4,4,4,mistral:7b,data_pmus_yaounde,q2_4,Agent_80,PAR CARGO MINI BUS
4,4,4,4,4,mistral:7b,data_pmus_yaounde,q2_5_1,Agent_80,A B0NAS
4,4,4,4,4,mistral:7b,data_pmus_yaounde,q2_5_2,Agent_80,0MPHINE
4,4,4,4,4,mistral:7b,data_pmus_yaounde,q2_6_1,Agent_80,ABATTOIR
4,4,4,4,4,mistral:7b,data_pmus_yaounde,q2_6_2,Agent_80,11EME ARRET
4,3,5,4,5,mistral:7b,data_pmus_yaounde,q3_1,Agent_80,NON
4,3,4,4,3,mistral:7b,data_pmus_yaounde,q3_2,Agent_80,A PIED
4,4,4,4,4,mistral:7b,data_pmus_yaounde,q3_3_1,Agent_80,ACACIA
4,4,3,4,3,mistral:7b,data_pmus_yaounde,q3_3_2,Agent_80,NKOLIZIE
1,1,1,1,3,mistral:7b,data_pmus_yaounde,q4_1_a,Agent_80,nan
4,3,3,4,4,mistral:7b,data_pmus_yaounde,q4_1_b,Agent_80,PLUS DE 20 MINUTES
4,4,2,4,2,mistral:7b,data_pmus_yaounde,q4_2_a,Agent_80,Veuillez indiquer depuis combien de temps vous attendez.
4,3,5,4,4,mistral:7b,data_pmus_yaounde,q4_2_b,Agent_80,MOINS DE 15 MIN
1,1,1,1,3,mistral:7b,data_pmus_yaounde,q4_3,Agent_80,nan
4,3,4,4,4,mistral:7b,data_pmus_yaounde,q4_4,Agent_80,COURSES
3,3,4,4,4,mistral:7b,data_pmus_yaounde,q4_4_autres,Agent_80,ETUDES
5,3,5,4,5,mistral:7b,data_pmus_yaounde,q5_1,Agent_80,ENTRE 18 ET 25 ANS
5,3,4,4,5,mistral:7b,data_pmus_yaounde,q5_2,Agent_80,MOINS DE 30 000
5,4,5,4,5,mistral:7b,data_pmus_yaounde,q5_3,Agent_80,FEMME
4,4,4,4,4,mistral:7b,data_pmus_yaounde,centre ville,Agent_81,YAOUNDE
5,4,5,4,5,mistral:7b,data_pmus_yaounde,q1_1,Agent_81,UN QUARTIER DE LA VILLE DE YAOUNDE
4,4,4,4,4,mistral:7b,data_pmus_yaounde,q1_1_a,Agent_81,ABIT
4,4,3,4,3,mistral:7b,data_pmus_yaounde,q1_1_b,Agent_81,SIMBOCK
4,4,4,4,4,mistral:7b,data_pmus_yaounde,q1_1_c,Agent_81,AFANOYA
5,4,5,4,5,mistral:7b,data_pmus_yaounde,q1_2,Agent_81,UN QUARTIER DE LA VILLE DE YAOUNDE
4,4,4,4,4,mistral:7b,data_pmus_yaounde,q1_2_a,Agent_81,SIMBOCK
4,4,3,4,3,mistral:7b,data_pmus_yaounde,q1_2_b,Agent_81,10 IEME ARRET
4,4,4,4,4,mistral:7b,data_pmus_yaounde,q1_3_c,Agent_81,AFANOYA
3,3,4,4,3,mistral:7b,data_pmus_yaounde,q2_1,Agent_81,A PIED
4,4,3,4,3,mistral:7b,data_pmus_yaounde,q2_2_1,Agent_81,SIMBOCK
4,4,3,4,3,mistral:7b,data_pmus_yaounde,q2_2_2,Agent_81,CH A PELLE
4,4,3,4,3,mistral:7b,data_pmus_yaounde,q2_3_1,Agent_81,0LESOA
4,4,3,4,3,mistral:7b,data_pmus_yaounde,q2_3_2,Agent_81,0NANA
4,4,5,4,5,mistral:7b,data_pmus_yaounde,q2_3,Agent_81,NON
4,4,4,4,4,mistral:7b,data_pmus_yaounde,q2_4,Agent_81,A PIED
4,4,4,4,4,mistral:7b,data_pmus_yaounde,q2_5_1,Agent_81,SIMBOCK
4,4,4,4,4,mistral:7b,data_pmus_yaounde,q2_5_2,Agent_81,0MPHINE
4,4,4,4,4,mistral:7b,data_pmus_yaounde,q2_6_1,Agent_81,SIMBOOCK
4,4,4,4,4,mistral:7b,data_pmus_yaounde,q2_6_2,Agent_81,SGC DE TIKA
4,3,5,4,5,mistral:7b,data_pmus_yaounde,q3_1,Agent_81,NON
4,3,4,4,3,mistral:7b,data_pmus_yaounde,q3_2,Agent_81,A PIED
4,4,4,4,4,mistral:7b,data_pmus_yaounde,q3_3_1,Agent_81,ACACIA
4,4,3,4,3,mistral:7b,data_pmus_yaounde,q3_3_2,Agent_81,10 IEME ARRET
1,1,1,1,3,mistral:7b,data_pmus_yaounde,q4_1_a,Agent_81,nan
4,3,3,4,4,mistral:7b,data_pmus_yaounde,q4_1_b,Agent_81,PLUS DE 20 MINUTES
4,4,2,4,2,mistral:7b,data_pmus_yaounde,q4_2_a,Agent_81,Veuillez indiquer depuis combien de temps vous attendez.
4,3,5,4,4,mistral:7b,data_pmus_yaounde,q4_2_b,Agent_81,MOINS DE 15 MIN
4,4,4,4,4,mistral:7b,data_pmus_yaounde,q4_3,Agent_81,350.0
4,3,4,4,4,mistral:7b,data_pmus_yaounde,q4_4,Agent_81,D MARCHES ADMINISTRATIVES ET OU SANT
3,3,4,4,4,mistral:7b,data_pmus_yaounde,q4_4_autres,Agent_81,ACHAT
5,3,5,4,5,mistral:7b,data_pmus_yaounde,q5_1,Agent_81,ENTRE 36 ET 45 ANS
5,3,4,4,5,mistral:7b,data_pmus_yaounde,q5_2,Agent_81,ENTRE 300 001 ET 500 000
5,4,5,4,5,mistral:7b,data_pmus_yaounde,q5_3,Agent_81,FEMME
4,4,4,4,4,mistral:7b,data_pmus_yaounde,centre ville,Agent_82,YAOUNDE
5,4,5,4,5,mistral:7b,data_pmus_yaounde,q1_1,Agent_82,UN QUARTIER DE LA VILLE DE YAOUNDE
4,4,4,4,4,mistral:7b,data_pmus_yaounde,q1_1_a,Agent_82,TERMINUS
4,4,3,4,3,mistral:7b,data_pmus_yaounde,q1_1_b,Agent_82,10EME ARRET
4,4,4,4,4,mistral:7b,data_pmus_yaounde,q1_1_c,Agent_82,NGOUMOU
5,4,5,4,5,mistral:7b,data_pmus_yaounde,q1_2,Agent_82,UN QUARTIER DE LA VILLE DE YAOUNDE
4,4,4,4,4,mistral:7b,data_pmus_yaounde,q1_2_a,Agent_82,NGOUMOU
4,4,3,4,3,mistral:7b,data_pmus_yaounde,q1_2_b,Agent_82,10 IEME ARRET
4,4,4,4,4,mistral:7b,data_pmus_yaounde,q1_3_c,Agent_82,NGOUMOU
3,3,4,4,3,mistral:7b,data_pmus_yaounde,q2_1,Agent_82,PAR BUS AGENCE INTERURBAIN
4,4,3,4,3,mistral:7b,data_pmus_yaounde,q2_2_1,Agent_82,NGOUMOU
4,4,3,4,3,mistral:7b,data_pmus_yaounde,q2_2_2,Agent_82,10 E ARRET
4,4,3,4,3,mistral:7b,data_pmus_yaounde,q2_3_1,Agent_82,0LESOA
4,4,3,4,3,mistral:7b,data_pmus_yaounde,q2_3_2,Agent_82,0NANA
4,4,5,4,5,mistral:7b,data_pmus_yaounde,q2_3,Agent_82,NON
4,4,4,4,4,mistral:7b,data_pmus_yaounde,q2_4,Agent_82,PAR BUS AGENCE INTERURBAIN
4,4,4,4,4,mistral:7b,data_pmus_yaounde,q2_5_1,Agent_82,TERMINUS
4,4,4,4,4,mistral:7b,data_pmus_yaounde,q2_5_2,Agent_82,TERMINUS
4,4,4,4,4,mistral:7b,data_pmus_yaounde,q2_6_1,Agent_82,ABATTOIR
4,4,4,4,4,mistral:7b,data_pmus_yaounde,q2_6_2,Agent_82,11EME ARRET
4,3,5,4,5,mistral:7b,data_pmus_yaounde,q3_1,Agent_82,NON
4,3,4,4,3,mistral:7b,data_pmus_yaounde,q3_2,Agent_82,PAR BUS AGENCE INTERURBAIN
4,4,4,4,4,mistral:7b,data_pmus_yaounde,q3_3_1,Agent_82,TERMINUS
4,4,3,4,3,mistral:7b,data_pmus_yaounde,q3_3_2,Agent_82,TERMINUS
1,1,1,1,3,mistral:7b,data_pmus_yaounde,q4_1_a,Agent_82,nan
4,3,3,4,4,mistral:7b,data_pmus_yaounde,q4_1_b,Agent_82,PLUS DE 20 MINUTES
4,4,2,4,2,mistral:7b,data_pmus_yaounde,q4_2_a,Agent_82,Veuillez indiquer depuis combien de temps vous attendez.
4,3,5,4,4,mistral:7b,data_pmus_yaounde,q4_2_b,Agent_82,MOINS DE 15 MIN
4,4,4,4,4,mistral:7b,data_pmus_yaounde,q4_3,Agent_82,2900.0
4,3,4,4,4,mistral:7b,data_pmus_yaounde,q4_4,Agent_82,ACTIVIT S DE LOISIRS
3,3,4,4,4,mistral:7b,data_pmus_yaounde,q4_4_autres,Agent_82,BALADE
5,3,5,4,5,mistral:7b,data_pmus_yaounde,q5_1,Agent_82,ENTRE 18 ET 25 ANS
5,3,4,4,5,mistral:7b,data_pmus_yaounde,q5_2,Agent_82,ENTRE 30 001 ET 100 000
5,4,5,4,5,mistral:7b,data_pmus_yaounde,q5_3,Agent_82,HOMME
4,4,4,4,4,mistral:7b,data_pmus_yaounde,centre ville,Agent_83,YAOUNDE
5,4,5,4,5,mistral:7b,data_pmus_yaounde,q1_1,Agent_83,UN QUARTIER DE LA VILLE DE YAOUNDE
4,4,4,4,4,mistral:7b,data_pmus_yaounde,q1_1_a,Agent_83,ABIT
1,1,1,1,3,mistral:7b,data_pmus_yaounde,q1_1_b,Agent_83,nan
4,4,4,4,4,mistral:7b,data_pmus_yaounde,q1_1_c,Agent_83,AFANOYA
5,4,5,4,5,mistral:7b,data_pmus_yaounde,q1_2,Agent_83,UN QUARTIER DE LA VILLE DE YAOUNDE
4,4,4,4,4,mistral:7b,data_pmus_yaounde,q1_2_a,Agent_83,ABOM
1,1,1,1,3,mistral:7b,data_pmus_yaounde,q1_2_b,Agent_83,nan
4,4,4,4,4,mistral:7b,data_pmus_yaounde,q1_3_c,Agent_83,AFANOYA
3,3,4,4,3,mistral:7b,data_pmus_yaounde,q2_1,Agent_83,A PIED
1,1,1,1,3,mistral:7b,data_pmus_yaounde,q2_2_1,Agent_83,nan
1,1,1,1,3,mistral:7b,data_pmus_yaounde,q2_2_2,Agent_83,nan
1,1,1,1,3,mistral:7b,data_pmus_yaounde,q2_3_1,Agent_83,nan
1,1,1,1,3,mistral:7b,data_pmus_yaounde,q2_3_2,Agent_83,nan
4,4,5,4,5,mistral:7b,data_pmus_yaounde,q2_3,Agent_83,NON
4,4,4,4,4,mistral:7b,data_pmus_yaounde,q2_4,Agent_83,A PIED
1,1,1,1,3,mistral:7b,data_pmus_yaounde,q2_5_1,Agent_83,nan
1,1,1,1,3,mistral:7b,data_pmus_yaounde,q2_5_2,Agent_83,nan
4,4,4,4,4,mistral:7b,data_pmus_yaounde,q2_6_1,Agent_83,EFOULAN
4,4,4,4,4,mistral:7b,data_pmus_yaounde,q2_6_2,Agent_83,11EME ARRET
4,3,5,4,5,mistral:7b,data_pmus_yaounde,q3_1,Agent_83,NON
4,3,4,4,3,mistral:7b,data_pmus_yaounde,q3_2,Agent_83,A PIED
4,4,4,4,4,mistral:7b,data_pmus_yaounde,q3_3_1,Agent_83,EFOULAN
4,4,3,4,3,mistral:7b,data_pmus_yaounde,q3_3_2,Agent_83,10 IEME ARRET
1,1,1,1,3,mistral:7b,data_pmus_yaounde,q4_1_a,Agent_83,nan
4,3,3,4,4,mistral:7b,data_pmus_yaounde,q4_1_b,Agent_83,PLUS DE 20 MINUTES
4,4,2,4,2,mistral:7b,data_pmus_yaounde,q4_2_a,Agent_83,Veuillez indiquer depuis combien de temps vous attendez.
4,3,5,4,4,mistral:7b,data_pmus_yaounde,q4_2_b,Agent_83,MOINS DE 15 MIN
4,4,4,4,4,mistral:7b,data_pmus_yaounde,q4_3,Agent_83,2500.0
4,3,4,4,4,mistral:7b,data_pmus_yaounde,q4_4,Agent_83,COURSES
3,3,4,4,4,mistral:7b,data_pmus_yaounde,q4_4_autres,Agent_83,FAIRE DU MARCHE
5,3,5,4,5,mistral:7b,data_pmus_yaounde,q5_1,Agent_83,ENTRE 18 ET 25 ANS
5,3,4,4,5,mistral:7b,data_pmus_yaounde,q5_2,Agent_83,ENTRE 30 001 ET 100 000
5,4,5,4,5,mistral:7b,data_pmus_yaounde,q5_3,Agent_83,HOMME
4,4,4,4,4,mistral:7b,data_pmus_yaounde,centre ville,Agent_84,YAOUNDE
5,4,5,4,5,mistral:7b,data_pmus_yaounde,q1_1,Agent_84,UN QUARTIER DE LA VILLE DE YAOUNDE
4,4,4,4,4,mistral:7b,data_pmus_yaounde,q1_1_a,Agent_84,EKOUNOU
1,1,1,1,3,mistral:7b,data_pmus_yaounde,q1_1_b,Agent_84,nan
4,4,4,4,4,mistral:7b,data_pmus_yaounde,q1_1_c,Agent_84,AFANOYA
5,4,5,4,5,mistral:7b,data_pmus_yaounde,q1_2,Agent_84,UN QUARTIER DE LA VILLE DE YAOUNDE
4,4,4,4,4,mistral:7b,data_pmus_yaounde,q1_2_a,Agent_84,EKOUNOU
4,4,3,4,3,mistral:7b,data_pmus_yaounde,q1_2_b,Agent_84,10 IEME ARRET
4,4,4,4,4,mistral:7b,data_pmus_yaounde,q1_3_c,Agent_84,AFANOYA
3,3,4,4,3,mistral:7b,data_pmus_yaounde,q2_1,Agent_84,PAR BUS AGENCE INTERURBAIN
4,4,3,4,3,mistral:7b,data_pmus_yaounde,q2_2_1,Agent_84,2 CHEVEAU
4,4,3,4,3,mistral:7b,data_pmus_yaounde,q2_2_2,Agent_84,10 E ARRET
4,4,3,4,3,mistral:7b,data_pmus_yaounde,q2_3_1,Agent_84,CARREFOUR
4,4,3,4,3,mistral:7b,data_pmus_yaounde,q2_3_2,Agent_84,CARREFOUR
4,4,5,4,5,mistral:7b,data_pmus_yaounde,q2_3,Agent_84,NON
4,4,4,4,4,mistral:7b,data_pmus_yaounde,q2_4,Agent_84,PAR BUS AGENCE INTERURBAIN
4,4,4,4,4,mistral:7b,data_pmus_yaounde,q2_5_1,Agent_84,A B0NAS
4,4,4,4,4,mistral:7b,data_pmus_yaounde,q2_5_2,Agent_84,CARREFOUR
4,4,4,4,4,mistral:7b,data_pmus_yaounde,q2_6_1,Agent_84,CARREFOUR
4,4,4,4,4,mistral:7b,data_pmus_yaounde,q2_6_2,Agent_84,CARREFOUR
4,3,5,4,5,mistral:7b,data_pmus_yaounde,q3_1,Agent_84,NON
4,3,4,4,3,mistral:7b,data_pmus_yaounde,q3_2,Agent_84,PAR BUS AGENCE INTERURBAIN
4,4,4,4,4,mistral:7b,data_pmus_yaounde,q3_3_1,Agent_84,ACACIA
4,4,3,4,3,mistral:7b,data_pmus_yaounde,q3_3_2,Agent_84,CARREFOUR
1,1,1,1,3,mistral:7b,data_pmus_yaounde,q4_1_a,Agent_84,nan
4,3,3,4,4,mistral:7b,data_pmus_yaounde,q4_1_b,Agent_84,PLUS DE 20 MINUTES
4,4,2,4,2,mistral:7b,data_pmus_yaounde,q4_2_a,Agent_84,Veuillez indiquer depuis combien de temps vous attendez.
4,3,5,4,4,mistral:7b,data_pmus_yaounde,q4_2_b,Agent_84,PLUS DE 1HEURE
4,4,4,4,4,mistral:7b,data_pmus_yaounde,q4_3,Agent_84,650.0
4,3,4,4,4,mistral:7b,data_pmus_yaounde,q4_4,Agent_84,TRAVAIL
3,3,4,4,4,mistral:7b,data_pmus_yaounde,q4_4_autres,Agent_84,ETUDES
5,3,5,4,5,mistral:7b,data_pmus_yaounde,q5_1,Agent_84,MOINS DE 18 ANS
5,3,4,4,5,mistral:7b,data_pmus_yaounde,q5_2,Agent_84,MOINS DE 30 000
5,4,5,4,5,mistral:7b,data_pmus_yaounde,q5_3,Agent_84,HOMME
4,4,4,4,4,mistral:7b,data_pmus_yaounde,centre ville,Agent_85,YAOUNDE
5,4,5,4,5,mistral:7b,data_pmus_yaounde,q1_1,Agent_85,UN QUARTIER DE LA VILLE DE YAOUNDE
4,4,4,4,4,mistral:7b,data_pmus_yaounde,q1_1_a,Agent_85,ABIT
1,1,1,1,3,mistral:7b,data_pmus_yaounde,q1_1_b,Agent_85,nan
4,4,4,4,4,mistral:7b,data_pmus_yaounde,q1_1_c,Agent_85,AFANOYA
5,4,5,4,5,mistral:7b,data_pmus_yaounde,q1_2,Agent_85,UN QUARTIER DE LA VILLE DE YAOUNDE
4,4,4,4,4,mistral:7b,data_pmus_yaounde,q1_2_a,Agent_85,ABOM
4,4,3,4,3,mistral:7b,data_pmus_yaounde,q1_2_b,Agent_85,CITRON
1,1,1,1,3,mistral:7b,data_pmus_yaounde,q1_3_c,Agent_85,nan
3,3,4,4,3,mistral:7b,data_pmus_yaounde,q2_1,Agent_85,A PIED
4,4,3,4,3,mistral:7b,data_pmus_yaounde,q2_2_1,Agent_85,2 CHEVEAU
4,4,3,4,3,mistral:7b,data_pmus_yaounde,q2_2_2,Agent_85,10 E ARRET
4,4,3,4,3,mistral:7b,data_pmus_yaounde,q2_3_1,Agent_85,0LESOA
4,4,3,4,3,mistral:7b,data_pmus_yaounde,q2_3_2,Agent_85,A PIED
4,4,5,4,5,mistral:7b,data_pmus_yaounde,q2_3,Agent_85,NON
4,4,4,4,4,mistral:7b,data_pmus_yaounde,q2_4,Agent_85,PAR BUS AGENCE INTERURBAIN
4,4,4,4,4,mistral:7b,data_pmus_yaounde,q2_5_1,Agent_85,A B0NAS
4,4,4,4,4,mistral:7b,data_pmus_yaounde,q2_5_2,Agent_85,0MPHINE
4,4,4,4,4,mistral:7b,data_pmus_yaounde,q2_6_1,Agent_85,ABATTOIR
4,4,4,4,4,mistral:7b,data_pmus_yaounde,q2_6_2,Agent_85,11EME ARRET
4,3,5,4,5,mistral:7b,data_pmus_yaounde,q3_1,Agent_85,NON
4,3,4,4,3,mistral:7b,data_pmus_yaounde,q3_2,Agent_85,PAR BUS AGENCE INTERURBAIN
4,4,4,4,4,mistral:7b,data_pmus_yaounde,q3_3_1,Agent_85,ACACIA
1,1,1,1,3,mistral:7b,data_pmus_yaounde,q3_3_2,Agent_85,nan
1,1,1,1,3,mistral:7b,data_pmus_yaounde,q4_1_a,Agent_85,nan
1,1,1,1,3,mistral:7b,data_pmus_yaounde,q4_1_b,Agent_85,nan
4,4,2,4,2,mistral:7b,data_pmus_yaounde,q4_2_a,Agent_85,Veuillez indiquer depuis combien de temps vous attendez.
4,3,5,4,4,mistral:7b,data_pmus_yaounde,q4_2_b,Agent_85,MOINS DE 15 MIN
4,4,4,4,4,mistral:7b,data_pmus_yaounde,q4_3,Agent_85,7000.0
4,3,4,4,4,mistral:7b,data_pmus_yaounde,q4_4,Agent_85,VISITE FAMILLE
3,3,4,4,4,mistral:7b,data_pmus_yaounde,q4_4_autres,Agent_85,ACHAT
5,3,5,4,5,mistral:7b,data_pmus_yaounde,q5_1,Agent_85,ENTRE 18 ET 25 ANS
5,3,4,4,5,mistral:7b,data_pmus_yaounde,q5_2,Agent_85,ENTRE 30 001 ET 100 000
5,4,5,4,5,mistral:7b,data_pmus_yaounde,q5_3,Agent_85,FEMME
4,4,4,4,4,mistral:7b,data_pmus_yaounde,centre ville,Agent_86,YAOUNDE
5,4,5,4,5,mistral:7b,data_pmus_yaounde,q1_1,Agent_86,UN QUARTIER DE LA VILLE DE YAOUNDE
4,4,4,4,4,mistral:7b,data_pmus_yaounde,q1_1_a,Agent_86,AWAE ESCALIER
4,4,3,4,3,mistral:7b,data_pmus_yaounde,q1_1_b,Agent_86,NSIBOK
4,4,4,4,4,mistral:7b,data_pmus_yaounde,q1_1_c,Agent_86,NKOA MBANG
5,4,5,4,5,mistral:7b,data_pmus_yaounde,q1_2,Agent_86,UN QUARTIER DE LA VILLE DE YAOUNDE
4,4,4,4,4,mistral:7b,data_pmus_yaounde,q1_2_a,Agent_86,NKOA MBANG
4,4,3,4,3,mistral:7b,data_pmus_yaounde,q1_2_b,Agent_86,NKOA MBANG
4,4,4,4,4,mistral:7b,data_pmus_yaounde,q1_3_c,Agent_86,NKOA MBANG
3,3,4,4,3,mistral:7b,data_pmus_yaounde,q2_1,Agent_86,PAR BUS AGENCE INTERURBAIN
4,4,3,4,3,mistral:7b,data_pmus_yaounde,q2_2_1,Agent_86,EWAE ESCALIER
4,4,3,4,3,mistral:7b,data_pmus_yaounde,q2_2_2,Agent_86,NKOA MBANG
4,4,3,4,3,mistral:7b,data_pmus_yaounde,q2_3_1,Agent_86,0LESOA
4,4,3,4,3,mistral:7b,data_pmus_yaounde,q2_3_2,Agent_86,NKOA MBANG
4,4,5,4,5,mistral:7b,data_pmus_yaounde,q2_3,Agent_86,NON
4,4,4,4,4,mistral:7b,data_pmus_yaounde,q2_4,Agent_86,PAR BUS AGENCE INTERURBAIN
4,4,4,4,4,mistral:7b,data_pmus_yaounde,q2_5_1,Agent_86,NKOA MBANG
4,4,4,4,4,mistral:7b,data_pmus_yaounde,q2_5_2,Agent_86,0MPHINE
4,4,4,4,4,mistral:7b,data_pmus_yaounde,q2_6_1,Agent_86,NKOA MBANG
4,4,4,4,4,mistral:7b,data_pmus_yaounde,q2_6_2,Agent_86,AWAE
4,3,5,4,5,mistral:7b,data_pmus_yaounde,q3_1,Agent_86,NON
4,3,4,4,3,mistral:7b,data_pmus_yaounde,q3_2,Agent_86,PAR BUS AGENCE INTERURBAIN
4,4,4,4,4,mistral:7b,data_pmus_yaounde,q3_3_1,Agent_86,NKOA MBANG
4,4,3,4,3,mistral:7b,data_pmus_yaounde,q3_3_2,Agent_86,NKOA MBANG
4,4,2,4,2,mistral:7b,data_pmus_yaounde,q4_1_a,Agent_86,Veuillez indiquer depuis combien de temps vous attendez.
4,3,3,4,4,mistral:7b,data_pmus_yaounde,q4_1_b,Agent_86,PLUS DE 20 MINUTES
4,4,2,4,2,mistral:7b,data_pmus_yaounde,q4_2_a,Agent_86,Veuillez indiquer depuis combien de temps vous attendez.
4,3,5,4,4,mistral:7b,data_pmus_yaounde,q4_2_b,Agent_86,30 60 MIN
4,4,4,4,4,mistral:7b,data_pmus_yaounde,q4_3,Agent_86,3650.0
4,3,4,4,4,mistral:7b,data_pmus_yaounde,q4_4,Agent_86,TRAVAIL
3,3,4,4,4,mistral:7b,data_pmus_yaounde,q4_4_autres,Agent_86,COMMERCE
5,3,5,4,5,mistral:7b,data_pmus_yaounde,q5_1,Agent_86,ENTRE 18 ET 25 ANS
5,3,4,4,5,mistral:7b,data_pmus_yaounde,q5_2,Agent_86,ENTRE 300 001 ET 500 000
5,4,5,4,5,mistral:7b,data_pmus_yaounde,q5_3,Agent_86,HOMME
4,4,4,4,4,mistral:7b,data_pmus_yaounde,centre ville,Agent_87,YAOUNDE
5,4,5,4,5,mistral:7b,data_pmus_yaounde,q1_1,Agent_87,UN QUARTIER DE LA VILLE DE YAOUNDE
4,4,4,4,4,mistral:7b,data_pmus_yaounde,q1_1_a,Agent_87,NKOZOA
4,4,3,4,3,mistral:7b,data_pmus_yaounde,q1_1_b,Agent_87,ENTRE CHAMPS DE TIR
4,4,4,4,4,mistral:7b,data_pmus_yaounde,q1_1_c,Agent_87,AFANOYA
5,4,5,4,5,mistral:7b,data_pmus_yaounde,q1_2,Agent_87,UN QUARTIER DE LA VILLE DE YAOUNDE
4,4,4,4,4,mistral:7b,data_pmus_yaounde,q1_2_a,Agent_87,ABOM
4,4,3,4,3,mistral:7b,data_pmus_yaounde,q1_2_b,Agent_87,NKOZOA
4,4,4,4,4,mistral:7b,data_pmus_yaounde,q1_3_c,Agent_87,NKOZOA
3,3,4,4,3,mistral:7b,data_pmus_yaounde,q2_1,Agent_87,PAR BUS AGENCE INTERURBAIN
4,4,3,4,3,mistral:7b,data_pmus_yaounde,q2_2_1,Agent_87,2 CHEVEAU
4,4,3,4,3,mistral:7b,data_pmus_yaounde,q2_2_2,Agent_87,10 E ARRET
4,4,3,4,3,mistral:7b,data_pmus_yaounde,q2_3_1,Agent_87,0LESOA
4,4,3,4,3,mistral:7b,data_pmus_yaounde,q2_3_2,Agent_87,0NANA
4,4,5,4,5,mistral:7b,data_pmus_yaounde,q2_3,Agent_87,NON
4,4,4,4,4,mistral:7b,data_pmus_yaounde,q2_4,Agent_87,PAR BUS AGENCE INTERURBAIN
4,4,4,4,4,mistral:7b,data_pmus_yaounde,q2_5_1,Agent_87,A B0NAS
4,4,4,4,4,mistral:7b,data_pmus_yaounde,q2_5_2,Agent_87,0MPHINE
4,4,4,4,4,mistral:7b,data_pmus_yaounde,q2_6_1,Agent_87,ABATTOIR
4,4,4,4,4,mistral:7b,data_pmus_yaounde,q2_6_2,Agent_87,11EME ARRET
4,3,5,4,5,mistral:7b,data_pmus_yaounde,q3_1,Agent_87,NON
4,3,4,4,3,mistral:7b,data_pmus_yaounde,q3_2,Agent_87,PAR BUS AGENCE INTERURBAIN
4,4,4,4,4,mistral:7b,data_pmus_yaounde,q3_3_1,Agent_87,ACACIA
4,4,3,4,3,mistral:7b,data_pmus_yaounde,q3_3_2,Agent_87,10 IEME ARRET
1,1,1,1,3,mistral:7b,data_pmus_yaounde,q4_1_a,Agent_87,nan
4,3,3,4,4,mistral:7b,data_pmus_yaounde,q4_1_b,Agent_87,10 20 MINUTES
4,4,2,4,2,mistral:7b,data_pmus_yaounde,q4_2_a,Agent_87,Veuillez indiquer depuis combien de temps vous attendez.
4,3,5,4,4,mistral:7b,data_pmus_yaounde,q4_2_b,Agent_87,15 30 MIN
4,4,4,4,4,mistral:7b,data_pmus_yaounde,q4_3,Agent_87,400.0
4,3,4,4,4,mistral:7b,data_pmus_yaounde,q4_4,Agent_87,TRAVAIL
3,3,4,4,4,mistral:7b,data_pmus_yaounde,q4_4_autres,Agent_87,ACHAT
5,3,5,4,5,mistral:7b,data_pmus_yaounde,q5_1,Agent_87,ENTRE 36 ET 45 ANS
5,3,4,4,5,mistral:7b,data_pmus_yaounde,q5_2,Agent_87,ENTRE 300 001 ET 500 000
5,4,5,4,5,mistral:7b,data_pmus_yaounde,q5_3,Agent_87,HOMME
4,4,4,4,4,mistral:7b,data_pmus_yaounde,centre ville,Agent_88,YAOUNDE
5,4,5,4,5,mistral:7b,data_pmus_yaounde,q1_1,Agent_88,UN QUARTIER DE LA VILLE DE YAOUNDE
4,4,4,4,4,mistral:7b,data_pmus_yaounde,q1_1_a,Agent_88,CITE VERTE
4,4,3,4,3,mistral:7b,data_pmus_yaounde,q1_1_b,Agent_88,CITE VERTE
4,4,4,4,4,mistral:7b,data_pmus_yaounde,q1_1_c,Agent_88,AFANOYA
5,4,5,4,5,mistral:7b,data_pmus_yaounde,q1_2,Agent_88,UN QUARTIER DE LA VILLE DE YAOUNDE
4,4,4,4,4,mistral:7b,data_pmus_yaounde,q1_2_a,Agent_88,CITE VERTE
4,4,3,4,3,mistral:7b,data_pmus_yaounde,q1_2_b,Agent_88,CITE VERTE
4,4,4,4,4,mistral:7b,data_pmus_yaounde,q1_3_c,Agent_88,AFANOYA
3,3,4,4,3,mistral:7b,data_pmus_yaounde,q2_1,Agent_88,A PIED
4,4,3,4,3,mistral:7b,data_pmus_yaounde,q2_2_1,Agent_88,CITE VERTE
4,4,3,4,3,mistral:7b,data_pmus_yaounde,q2_2_2,Agent_88,10 E ARRET
4,4,3,4,3,mistral:7b,data_pmus_yaounde,q2_3_1,Agent_88,CITE VERTE
4,4,3,4,3,mistral:7b,data_pmus_yaounde,q2_3_2,Agent_88,0NANA
4,4,5,4,5,mistral:7b,data_pmus_yaounde,q2_3,Agent_88,NON
4,4,4,4,4,mistral:7b,data_pmus_yaounde,q2_4,Agent_88,A PIED
4,4,4,4,4,mistral:7b,data_pmus_yaounde,q2_5_1,Agent_88,CITE VERTE
4,4,4,4,4,mistral:7b,data_pmus_yaounde,q2_5_2,Agent_88,0MPHINE
4,4,4,4,4,mistral:7b,data_pmus_yaounde,q2_6_1,Agent_88,ABATTOIR
4,4,4,4,4,mistral:7b,data_pmus_yaounde,q2_6_2,Agent_88,11EME ARRET
4,3,5,4,5,mistral:7b,data_pmus_yaounde,q3_1,Agent_88,NON
4,3,4,4,3,mistral:7b,data_pmus_yaounde,q3_2,Agent_88,A PIED
4,4,4,4,4,mistral:7b,data_pmus_yaounde,q3_3_1,Agent_88,CITE VERTE
4,4,3,4,3,mistral:7b,data_pmus_yaounde,q3_3_2,Agent_88,CITE VERTE
1,1,1,1,3,mistral:7b,data_pmus_yaounde,q4_1_a,Agent_88,nan
1,1,1,1,3,mistral:7b,data_pmus_yaounde,q4_1_b,Agent_88,nan
4,4,2,4,2,mistral:7b,data_pmus_yaounde,q4_2_a,Agent_88,Veuillez indiquer depuis combien de temps vous attendez.
4,3,5,4,4,mistral:7b,data_pmus_yaounde,q4_2_b,Agent_88,MOINS DE 15 MIN
4,4,4,4,4,mistral:7b,data_pmus_yaounde,q4_3,Agent_88,500.0
4,3,4,4,4,mistral:7b,data_pmus_yaounde,q4_4,Agent_88,TRAVAIL
3,3,4,4,4,mistral:7b,data_pmus_yaounde,q4_4_autres,Agent_88,COMMERCE
5,3,5,4,5,mistral:7b,data_pmus_yaounde,q5_1,Agent_88,ENTRE 18 ET 25 ANS
5,3,4,4,5,mistral:7b,data_pmus_yaounde,q5_2,Agent_88,ENTRE 300 001 ET 500 000
5,4,5,4,5,mistral:7b,data_pmus_yaounde,q5_3,Agent_88,FEMME
4,4,4,4,4,mistral:7b,data_pmus_yaounde,centre ville,Agent_89,YAOUNDE
5,4,5,4,5,mistral:7b,data_pmus_yaounde,q1_1,Agent_89,UN QUARTIER DE LA VILLE DE YAOUNDE
4,4,4,4,4,mistral:7b,data_pmus_yaounde,q1_1_a,Agent_89,ABIT
4,4,3,4,3,mistral:7b,data_pmus_yaounde,q1_1_b,Agent_89,10EME ARRET
4,4,4,4,4,mistral:7b,data_pmus_yaounde,q1_1_c,Agent_89,AFANOYA
5,4,5,4,5,mistral:7b,data_pmus_yaounde,q1_2,Agent_89,UN QUARTIER DE LA VILLE DE YAOUNDE
4,4,4,4,4,mistral:7b,data_pmus_yaounde,q1_2_a,Agent_89,ABOM
4,4,3,4,3,mistral:7b,data_pmus_yaounde,q1_2_b,Agent_89,10 IEME ARRET
1,1,1,1,3,mistral:7b,data_pmus_yaounde,q1_3_c,Agent_89,nan
3,3,4,4,3,mistral:7b,data_pmus_yaounde,q2_1,Agent_89,PAR BUS AGENCE INTERURBAIN
4,4,3,4,3,mistral:7b,data_pmus_yaounde,q2_2_1,Agent_89,2 CHEVEAU
4,4,3,4,3,mistral:7b,data_pmus_yaounde,q2_2_2,Agent_89,10 E ARRET
4,4,3,4,3,mistral:7b,data_pmus_yaounde,q2_3_1,Agent_89,0LESOA
4,4,3,4,3,mistral:7b,data_pmus_yaounde,q2_3_2,Agent_89,LEBOUDI
4,4,5,4,5,mistral:7b,data_pmus_yaounde,q2_3,Agent_89,NON
4,4,4,4,4,mistral:7b,data_pmus_yaounde,q2_4,Agent_89,PAR BUS AGENCE INTERURBAIN
4,4,4,4,4,mistral:7b,data_pmus_yaounde,q2_5_1,Agent_89,LEBOUDI
4,4,4,4,4,mistral:7b,data_pmus_yaounde,q2_5_2,Agent_89,LEBOUDI
4,4,4,4,4,mistral:7b,data_pmus_yaounde,q2_6_1,Agent_89,LEBOUDI
4,4,4,4,4,mistral:7b,data_pmus_yaounde,q2_6_2,Agent_89,11EME ARRET
4,3,5,4,5,mistral:7b,data_pmus_yaounde,q3_1,Agent_89,NON
4,3,4,4,3,mistral:7b,data_pmus_yaounde,q3_2,Agent_89,PAR BUS AGENCE INTERURBAIN
4,4,4,4,4,mistral:7b,data_pmus_yaounde,q3_3_1,Agent_89,MONATELE
4,4,3,4,3,mistral:7b,data_pmus_yaounde,q3_3_2,Agent_89,10 IEME ARRET
4,4,2,4,2,mistral:7b,data_pmus_yaounde,q4_1_a,Agent_89,Veuillez indiquer depuis combien de temps vous attendez.
4,3,3,4,4,mistral:7b,data_pmus_yaounde,q4_1_b,Agent_89,PLUS DE 20 MINUTES
4,4,2,4,2,mistral:7b,data_pmus_yaounde,q4_2_a,Agent_89,Veuillez indiquer depuis combien de temps vous attendez.
4,3,5,4,4,mistral:7b,data_pmus_yaounde,q4_2_b,Agent_89,30 60 MIN
4,4,4,4,4,mistral:7b,data_pmus_yaounde,q4_3,Agent_89,2700.0
4,3,4,4,4,mistral:7b,data_pmus_yaounde,q4_4,Agent_89,TRAVAIL
3,3,4,4,4,mistral:7b,data_pmus_yaounde,q4_4_autres,Agent_89,ACHAT
5,3,5,4,5,mistral:7b,data_pmus_yaounde,q5_1,Agent_89,ENTRE 36 ET 45 ANS
5,3,4,4,5,mistral:7b,data_pmus_yaounde,q5_2,Agent_89,ENTRE 30 001 ET 100 000
5,4,5,4,5,mistral:7b,data_pmus_yaounde,q5_3,Agent_89,HOMME
4,4,4,4,4,mistral:7b,data_pmus_yaounde,centre ville,Agent_90,YAOUNDE
5,4,5,4,5,mistral:7b,data_pmus_yaounde,q1_1,Agent_90,UN QUARTIER DE LA VILLE DE YAOUNDE
4,4,4,4,4,mistral:7b,data_pmus_yaounde,q1_1_a,Agent_90,ELIG ESSONO
4,4,3,4,3,mistral:7b,data_pmus_yaounde,q1_1_b,Agent_90,ELIG ESSONO
4,4,4,4,4,mistral:7b,data_pmus_yaounde,q1_1_c,Agent_90,AFANOYA
5,4,5,4,5,mistral:7b,data_pmus_yaounde,q1_2,Agent_90,UN QUARTIER DE LA VILLE DE YAOUNDE
4,4,4,4,4,mistral:7b,data_pmus_yaounde,q1_2_a,Agent_90,ELIG ESSONO
4,4,3,4,3,mistral:7b,data_pmus_yaounde,q1_2_b,Agent_90,ELIG ESSONO
4,4,4,4,4,mistral:7b,data_pmus_yaounde,q1_3_c,Agent_90,AFANOYA
3,3,4,4,3,mistral:7b,data_pmus_yaounde,q2_1,Agent_90,A PIED
4,4,3,4,3,mistral:7b,data_pmus_yaounde,q2_2_1,Agent_90,MOTO
4,4,3,4,3,mistral:7b,data_pmus_yaounde,q2_2_2,Agent_90,10 E ARRET
4,4,3,4,3,mistral:7b,data_pmus_yaounde,q2_3_1,Agent_90,0LESOA
4,4,3,4,3,mistral:7b,data_pmus_yaounde,q2_3_2,Agent_90,0NANA
4,4,5,4,5,mistral:7b,data_pmus_yaounde,q2_3,Agent_90,NON
4,4,4,4,4,mistral:7b,data_pmus_yaounde,q2_4,Agent_90,A PIED
4,4,4,4,4,mistral:7b,data_pmus_yaounde,q2_5_1,Agent_90,A B0NAS
4,4,4,4,4,mistral:7b,data_pmus_yaounde,q2_5_2,Agent_90,0MPHINE
4,4,4,4,4,mistral:7b,data_pmus_yaounde,q2_6_1,Agent_90,ELIG ESSONO
4,4,4,4,4,mistral:7b,data_pmus_yaounde,q2_6_2,Agent_90,11EME ARRET
4,3,5,4,5,mistral:7b,data_pmus_yaounde,q3_1,Agent_90,NON
4,3,4,4,3,mistral:7b,data_pmus_yaounde,q3_2,Agent_90,A PIED
4,4,4,4,4,mistral:7b,data_pmus_yaounde,q3_3_1,Agent_90,ELIG ESSONO
4,4,3,4,3,mistral:7b,data_pmus_yaounde,q3_3_2,Agent_90,CROIX ROUGE
1,1,1,1,3,mistral:7b,data_pmus_yaounde,q4_1_a,Agent_90,nan
1,1,1,1,3,mistral:7b,data_pmus_yaounde,q4_1_b,Agent_90,nan
4,4,2,4,2,mistral:7b,data_pmus_yaounde,q4_2_a,Agent_90,Veuillez indiquer depuis combien de temps vous attendez.
4,3,5,4,4,mistral:7b,data_pmus_yaounde,q4_2_b,Agent_90,MOINS DE 15 MIN
4,4,4,4,4,mistral:7b,data_pmus_yaounde,q4_3,Agent_90,400.0
4,3,4,4,4,mistral:7b,data_pmus_yaounde,q4_4,Agent_90,VISITE FAMILLE
3,3,4,4,4,mistral:7b,data_pmus_yaounde,q4_4_autres,Agent_90,ACHAT
5,3,5,4,5,mistral:7b,data_pmus_yaounde,q5_1,Agent_90,ENTRE 36 ET 45 ANS
5,3,4,4,5,mistral:7b,data_pmus_yaounde,q5_2,Agent_90,ENTRE 30 001 ET 100 000
5,4,5,4,5,mistral:7b,data_pmus_yaounde,q5_3,Agent_90,FEMME
4,4,4,4,4,mistral:7b,data_pmus_yaounde,centre ville,Agent_91,YAOUNDE
5,4,5,4,5,mistral:7b,data_pmus_yaounde,q1_1,Agent_91,UN QUARTIER DE LA VILLE DE YAOUNDE
4,4,4,4,4,mistral:7b,data_pmus_yaounde,q1_1_a,Agent_91,NIOM
4,4,3,4,3,mistral:7b,data_pmus_yaounde,q1_1_b,Agent_91,NDI SAMBA
1,1,1,1,3,mistral:7b,data_pmus_yaounde,q1_1_c,Agent_91,nan
5,4,5,4,5,mistral:7b,data_pmus_yaounde,q1_2,Agent_91,UN QUARTIER DE LA VILLE DE YAOUNDE
4,4,4,4,4,mistral:7b,data_pmus_yaounde,q1_2_a,Agent_91,NIOM
4,4,3,4,3,mistral:7b,data_pmus_yaounde,q1_2_b,Agent_91,NDI SAMBA
1,1,1,1,3,mistral:7b,data_pmus_yaounde,q1_3_c,Agent_91,nan
3,3,4,4,3,mistral:7b,data_pmus_yaounde,q2_1,Agent_91,A PIED
4,4,3,4,3,mistral:7b,data_pmus_yaounde,q2_2_1,Agent_91,2 CHEVEAU
1,1,1,1,3,mistral:7b,data_pmus_yaounde,q2_2_2,Agent_91,nan
1,1,1,1,3,mistral:7b,data_pmus_yaounde,q2_3_1,Agent_91,nan
1,1,1,1,3,mistral:7b,data_pmus_yaounde,q2_3_2,Agent_91,nan
4,4,5,4,5,mistral:7b,data_pmus_yaounde,q2_3,Agent_91,NON
4,4,4,4,4,mistral:7b,data_pmus_yaounde,q2_4,Agent_91,PAR TAXI
1,1,1,1,3,mistral:7b,data_pmus_yaounde,q2_5_1,Agent_91,nan
1,1,1,1,3,mistral:7b,data_pmus_yaounde,q2_5_2,Agent_91,nan
4,4,4,4,4,mistral:7b,data_pmus_yaounde,q2_6_1,Agent_91,NGOA EKELLE
4,4,4,4,4,mistral:7b,data_pmus_yaounde,q2_6_2,Agent_91,NGOA EKELLE
4,3,5,4,5,mistral:7b,data_pmus_yaounde,q3_1,Agent_91,NON
4,3,4,4,3,mistral:7b,data_pmus_yaounde,q3_2,Agent_91,A PIED
4,4,4,4,4,mistral:7b,data_pmus_yaounde,q3_3_1,Agent_91,NGOA EKELLE
4,4,3,4,3,mistral:7b,data_pmus_yaounde,q3_3_2,Agent_91,NGOA EKELLE
1,1,1,1,3,mistral:7b,data_pmus_yaounde,q4_1_a,Agent_91,nan
4,3,3,4,4,mistral:7b,data_pmus_yaounde,q4_1_b,Agent_91,PLUS DE 20 MINUTES
4,4,2,4,2,mistral:7b,data_pmus_yaounde,q4_2_a,Agent_91,Veuillez indiquer depuis combien de temps vous attendez.
4,3,5,4,4,mistral:7b,data_pmus_yaounde,q4_2_b,Agent_91,15 30 MIN
4,4,4,4,4,mistral:7b,data_pmus_yaounde,q4_3,Agent_91,3000.0
4,3,4,4,4,mistral:7b,data_pmus_yaounde,q4_4,Agent_91,COURSES
3,3,4,4,4,mistral:7b,data_pmus_yaounde,q4_4_autres,Agent_91,FAIRE DES ACHATS
5,3,5,4,5,mistral:7b,data_pmus_yaounde,q5_1,Agent_91,ENTRE 26 ET 35 ANS
5,3,4,4,5,mistral:7b,data_pmus_yaounde,q5_2,Agent_91,ENTRE 30 001 ET 100 000
5,4,5,4,5,mistral:7b,data_pmus_yaounde,q5_3,Agent_91,HOMME
4,4,4,4,4,mistral:7b,data_pmus_yaounde,centre ville,Agent_92,YAOUNDE
5,4,5,4,5,mistral:7b,data_pmus_yaounde,q1_1,Agent_92,UN QUARTIER DE LA VILLE DE YAOUNDE
4,4,4,4,4,mistral:7b,data_pmus_yaounde,q1_1_a,Agent_92,ABIT
4,4,3,4,3,mistral:7b,data_pmus_yaounde,q1_1_b,Agent_92,10EME ARRET
4,4,4,4,4,mistral:7b,data_pmus_yaounde,q1_1_c,Agent_92,AFANOYA
5,4,5,4,5,mistral:7b,data_pmus_yaounde,q1_2,Agent_92,UN QUARTIER DE LA VILLE DE YAOUNDE
4,4,4,4,4,mistral:7b,data_pmus_yaounde,q1_2_a,Agent_92,ESSOS
4,4,3,4,3,mistral:7b,data_pmus_yaounde,q1_2_b,Agent_92,CANSONEL
4,4,4,4,4,mistral:7b,data_pmus_yaounde,q1_3_c,Agent_92,NKOL AFAMBA
3,3,4,4,3,mistral:7b,data_pmus_yaounde,q2_1,Agent_92,A PIED
4,4,3,4,3,mistral:7b,data_pmus_yaounde,q2_2_1,Agent_92,CANSONEL
4,4,3,4,3,mistral:7b,data_pmus_yaounde,q2_2_2,Agent_92,10 E ARRET
4,4,3,4,3,mistral:7b,data_pmus_yaounde,q2_3_1,Agent_92,0LESOA
4,4,3,4,3,mistral:7b,data_pmus_yaounde,q2_3_2,Agent_92,SONEL
4,4,5,4,5,mistral:7b,data_pmus_yaounde,q2_3,Agent_92,NON
4,4,4,4,4,mistral:7b,data_pmus_yaounde,q2_4,Agent_92,PAR BUS STACY
4,4,4,4,4,mistral:7b,data_pmus_yaounde,q2_5_1,Agent_92,A B0NAS
4,4,4,4,4,mistral:7b,data_pmus_yaounde,q2_5_2,Agent_92,CAMP SONEL
4,4,4,4,4,mistral:7b,data_pmus_yaounde,q2_6_1,Agent_92,ABATTOIR
4,4,4,4,4,mistral:7b,data_pmus_yaounde,q2_6_2,Agent_92,SONEL CENTRAL
4,3,5,4,5,mistral:7b,data_pmus_yaounde,q3_1,Agent_92,NON
4,3,4,4,3,mistral:7b,data_pmus_yaounde,q3_2,Agent_92,PAR BUS STACY
4,4,4,4,4,mistral:7b,data_pmus_yaounde,q3_3_1,Agent_92,ACACIA
4,4,3,4,3,mistral:7b,data_pmus_yaounde,q3_3_2,Agent_92,CAMP SONEL
1,1,1,1,3,mistral:7b,data_pmus_yaounde,q4_1_a,Agent_92,nan
4,3,3,4,4,mistral:7b,data_pmus_yaounde,q4_1_b,Agent_92,PLUS DE 20 MINUTES
4,4,2,4,2,mistral:7b,data_pmus_yaounde,q4_2_a,Agent_92,Veuillez indiquer depuis combien de temps vous attendez.
4,3,5,4,4,mistral:7b,data_pmus_yaounde,q4_2_b,Agent_92,PLUS DE 1HEURE
4,4,4,4,4,mistral:7b,data_pmus_yaounde,q4_3,Agent_92,600.0
4,3,4,4,4,mistral:7b,data_pmus_yaounde,q4_4,Agent_92,ACTIVIT S DE LOISIRS
3,3,4,4,4,mistral:7b,data_pmus_yaounde,q4_4_autres,Agent_92,SPORT ET VISITE AMICALE
5,3,5,4,5,mistral:7b,data_pmus_yaounde,q5_1,Agent_92,ENTRE 18 ET 25 ANS
5,3,4,4,5,mistral:7b,data_pmus_yaounde,q5_2,Agent_92,MOINS DE 30 000
5,4,5,4,5,mistral:7b,data_pmus_yaounde,q5_3,Agent_92,FEMME
4,4,4,4,4,mistral:7b,data_pmus_yaounde,centre ville,Agent_93,YAOUNDE
5,4,5,4,5,mistral:7b,data_pmus_yaounde,q1_1,Agent_93,UN QUARTIER DE LA VILLE DE YAOUNDE
4,4,4,4,4,mistral:7b,data_pmus_yaounde,q1_1_a,Agent_93,ABIT
4,4,3,4,3,mistral:7b,data_pmus_yaounde,q1_1_b,Agent_93,10EME ARRET
4,4,4,4,4,mistral:7b,data_pmus_yaounde,q1_1_c,Agent_93,AFANOYA
5,4,5,4,5,mistral:7b,data_pmus_yaounde,q1_2,Agent_93,UN QUARTIER DE LA VILLE DE YAOUNDE
4,4,4,4,4,mistral:7b,data_pmus_yaounde,q1_2_a,Agent_93,TAM TAM
4,4,3,4,3,mistral:7b,data_pmus_yaounde,q1_2_b,Agent_93,10 IEME ARRET
4,4,4,4,4,mistral:7b,data_pmus_yaounde,q1_3_c,Agent_93,AFANOYA
3,3,4,4,3,mistral:7b,data_pmus_yaounde,q2_1,Agent_93,A PIED
4,4,3,4,3,mistral:7b,data_pmus_yaounde,q2_2_1,Agent_93,2 CHEVEAU
4,4,3,4,3,mistral:7b,data_pmus_yaounde,q2_2_2,Agent_93,10 E ARRET
1,1,1,1,3,mistral:7b,data_pmus_yaounde,q2_3_1,Agent_93,nan
4,4,3,4,3,mistral:7b,data_pmus_yaounde,q2_3_2,Agent_93,TAM TAM
4,4,5,4,5,mistral:7b,data_pmus_yaounde,q2_3,Agent_93,NON
4,4,4,4,4,mistral:7b,data_pmus_yaounde,q2_4,Agent_93,A PIED
4,4,4,4,4,mistral:7b,data_pmus_yaounde,q2_5_1,Agent_93,TAM TAM
4,4,4,4,4,mistral:7b,data_pmus_yaounde,q2_5_2,Agent_93,0MPHINE
4,4,4,4,4,mistral:7b,data_pmus_yaounde,q2_6_1,Agent_93,ABATTOIR
4,4,4,4,4,mistral:7b,data_pmus_yaounde,q2_6_2,Agent_93,ENTREE ITAMBE
4,3,5,4,5,mistral:7b,data_pmus_yaounde,q3_1,Agent_93,NON
4,3,4,4,3,mistral:7b,data_pmus_yaounde,q3_2,Agent_93,A PIED
1,1,1,1,3,mistral:7b,data_pmus_yaounde,q3_3_1,Agent_93,nan
4,4,3,4,3,mistral:7b,data_pmus_yaounde,q3_3_2,Agent_93,10 IEME ARRET
1,1,1,1,3,mistral:7b,data_pmus_yaounde,q4_1_a,Agent_93,nan
1,1,1,1,3,mistral:7b,data_pmus_yaounde,q4_1_b,Agent_93,nan
1,1,1,1,3,mistral:7b,data_pmus_yaounde,q4_2_a,Agent_93,nan
4,3,5,4,4,mistral:7b,data_pmus_yaounde,q4_2_b,Agent_93,MOINS DE 15 MIN
4,4,4,4,4,mistral:7b,data_pmus_yaounde,q4_3,Agent_93,100.0
4,3,4,4,4,mistral:7b,data_pmus_yaounde,q4_4,Agent_93,VISITE FAMILLE
3,3,4,4,4,mistral:7b,data_pmus_yaounde,q4_4_autres,Agent_93,DEUIL
5,3,5,4,5,mistral:7b,data_pmus_yaounde,q5_1,Agent_93,ENTRE 55ANS ET 64 ANS
5,3,4,4,5,mistral:7b,data_pmus_yaounde,q5_2,Agent_93,ENTRE 30 001 ET 100 000
5,4,5,4,5,mistral:7b,data_pmus_yaounde,q5_3,Agent_93,FEMME
4,4,4,4,4,mistral:7b,data_pmus_yaounde,centre ville,Agent_94,YAOUNDE
5,4,5,4,5,mistral:7b,data_pmus_yaounde,q1_1,Agent_94,UN QUARTIER DE LA VILLE DE YAOUNDE
4,4,4,4,4,mistral:7b,data_pmus_yaounde,q1_1_a,Agent_94,NKOA MBANG
4,4,3,4,3,mistral:7b,data_pmus_yaounde,q1_1_b,Agent_94,NKOA MBANG
4,4,4,4,4,mistral:7b,data_pmus_yaounde,q1_1_c,Agent_94,AFANOYA
5,4,5,4,5,mistral:7b,data_pmus_yaounde,q1_2,Agent_94,UN QUARTIER DE LA VILLE DE YAOUNDE
4,4,4,4,4,mistral:7b,data_pmus_yaounde,q1_2_a,Agent_94,NKOA MBANG
4,4,3,4,3,mistral:7b,data_pmus_yaounde,q1_2_b,Agent_94,NKOA MBANG
4,4,4,4,4,mistral:7b,data_pmus_yaounde,q1_3_c,Agent_94,AFANOYA
3,3,4,4,3,mistral:7b,data_pmus_yaounde,q2_1,Agent_94,A PIED
4,4,3,4,3,mistral:7b,data_pmus_yaounde,q2_2_1,Agent_94,NKOA MBANG
4,4,3,4,3,mistral:7b,data_pmus_yaounde,q2_2_2,Agent_94,NKOA MBANG
4,4,3,4,3,mistral:7b,data_pmus_yaounde,q2_3_1,Agent_94,NKOA MBANG
4,4,3,4,3,mistral:7b,data_pmus_yaounde,q2_3_2,Agent_94,NKOA MBANG
4,4,5,4,5,mistral:7b,data_pmus_yaounde,q2_3,Agent_94,NON
4,4,4,4,4,mistral:7b,data_pmus_yaounde,q2_4,Agent_94,A PIED
4,4,4,4,4,mistral:7b,data_pmus_yaounde,q2_5_1,Agent_94,NKOA MBANG
4,4,4,4,4,mistral:7b,data_pmus_yaounde,q2_5_2,Agent_94,0MPHINE
4,4,4,4,4,mistral:7b,data_pmus_yaounde,q2_6_1,Agent_94,NKOA MBANG
4,4,4,4,4,mistral:7b,data_pmus_yaounde,q2_6_2,Agent_94,11EME ARRET
4,3,5,4,5,mistral:7b,data_pmus_yaounde,q3_1,Agent_94,NON
4,3,4,4,3,mistral:7b,data_pmus_yaounde,q3_2,Agent_94,A PIED
4,4,4,4,4,mistral:7b,data_pmus_yaounde,q3_3_1,Agent_94,NKOA MBANG
4,4,3,4,3,mistral:7b,data_pmus_yaounde,q3_3_2,Agent_94,NKOA MBANG
1,1,1,1,3,mistral:7b,data_pmus_yaounde,q4_1_a,Agent_94,nan
4,3,3,4,4,mistral:7b,data_pmus_yaounde,q4_1_b,Agent_94,PLUS DE 20 MINUTES
4,4,2,4,2,mistral:7b,data_pmus_yaounde,q4_2_a,Agent_94,Veuillez indiquer depuis combien de temps vous attendez.
4,3,5,4,4,mistral:7b,data_pmus_yaounde,q4_2_b,Agent_94,PLUS DE 1HEURE
4,4,4,4,4,mistral:7b,data_pmus_yaounde,q4_3,Agent_94,1500.0
4,3,4,4,4,mistral:7b,data_pmus_yaounde,q4_4,Agent_94,VISITE FAMILLE
3,3,4,4,4,mistral:7b,data_pmus_yaounde,q4_4_autres,Agent_94,ACHAT
5,3,5,4,5,mistral:7b,data_pmus_yaounde,q5_1,Agent_94,ENTRE 18 ET 25 ANS
5,3,4,4,5,mistral:7b,data_pmus_yaounde,q5_2,Agent_94,ENTRE 30 001 ET 100 000
5,4,5,4,5,mistral:7b,data_pmus_yaounde,q5_3,Agent_94,FEMME
4,4,4,4,4,mistral:7b,data_pmus_yaounde,centre ville,Agent_95,YAOUNDE
5,4,5,4,5,mistral:7b,data_pmus_yaounde,q1_1,Agent_95,UN QUARTIER DE LA VILLE DE YAOUNDE
4,4,4,4,4,mistral:7b,data_pmus_yaounde,q1_1_a,Agent_95,ABIT
4,4,3,4,3,mistral:7b,data_pmus_yaounde,q1_1_b,Agent_95,10EME ARRET
4,4,4,4,4,mistral:7b,data_pmus_yaounde,q1_1_c,Agent_95,AFANOYA
5,4,5,4,5,mistral:7b,data_pmus_yaounde,q1_2,Agent_95,UN QUARTIER DE LA VILLE DE YAOUNDE
4,4,4,4,4,mistral:7b,data_pmus_yaounde,q1_2_a,Agent_95,FOURGEROLLES
4,4,3,4,3,mistral:7b,data_pmus_yaounde,q1_2_b,Agent_95,FOURGEROLLES
1,1,1,1,3,mistral:7b,data_pmus_yaounde,q1_3_c,Agent_95,nan
3,3,4,4,3,mistral:7b,data_pmus_yaounde,q2_1,Agent_95,PAR BUS AGENCE INTERURBAIN
4,4,3,4,3,mistral:7b,data_pmus_yaounde,q2_2_1,Agent_95,FOURGEROLLES
4,4,3,4,3,mistral:7b,data_pmus_yaounde,q2_2_2,Agent_95,FOURGEROLLES
4,4,3,4,3,mistral:7b,data_pmus_yaounde,q2_3_1,Agent_95,FOURGEROLLES
4,4,3,4,3,mistral:7b,data_pmus_yaounde,q2_3_2,Agent_95,0NANA
4,4,5,4,5,mistral:7b,data_pmus_yaounde,q2_3,Agent_95,NON
4,4,4,4,4,mistral:7b,data_pmus_yaounde,q2_4,Agent_95,PAR BUS AGENCE INTERURBAIN
4,4,4,4,4,mistral:7b,data_pmus_yaounde,q2_5_1,Agent_95,FOURGEROLLES
4,4,4,4,4,mistral:7b,data_pmus_yaounde,q2_5_2,Agent_95,FOURGEROLLES
4,4,4,4,4,mistral:7b,data_pmus_yaounde,q2_6_1,Agent_95,FOURGEROLLES
4,4,4,4,4,mistral:7b,data_pmus_yaounde,q2_6_2,Agent_95,UNIVERSITE
4,3,5,4,5,mistral:7b,data_pmus_yaounde,q3_1,Agent_95,NON
4,3,4,4,3,mistral:7b,data_pmus_yaounde,q3_2,Agent_95,PAR BUS AGENCE INTERURBAIN
4,4,4,4,4,mistral:7b,data_pmus_yaounde,q3_3_1,Agent_95,FOURGEROLLES
4,4,3,4,3,mistral:7b,data_pmus_yaounde,q3_3_2,Agent_95,FOURGEROLLES
1,1,1,1,3,mistral:7b,data_pmus_yaounde,q4_1_a,Agent_95,nan
4,3,3,4,4,mistral:7b,data_pmus_yaounde,q4_1_b,Agent_95,PLUS DE 20 MINUTES
4,4,2,4,2,mistral:7b,data_pmus_yaounde,q4_2_a,Agent_95,Veuillez indiquer depuis combien de temps vous attendez.
4,3,5,4,4,mistral:7b,data_pmus_yaounde,q4_2_b,Agent_95,MOINS DE 15 MIN
4,4,4,4,4,mistral:7b,data_pmus_yaounde,q4_3,Agent_95,208.0
4,3,4,4,4,mistral:7b,data_pmus_yaounde,q4_4,Agent_95,COURSES
3,3,4,4,4,mistral:7b,data_pmus_yaounde,q4_4_autres,Agent_95,ETUDES
5,3,5,4,5,mistral:7b,data_pmus_yaounde,q5_1,Agent_95,ENTRE 18 ET 25 ANS
5,3,4,4,5,mistral:7b,data_pmus_yaounde,q5_2,Agent_95,MOINS DE 30 000
5,4,5,4,5,mistral:7b,data_pmus_yaounde,q5_3,Agent_95,HOMME
4,4,4,4,4,mistral:7b,data_pmus_yaounde,centre ville,Agent_96,YAOUNDE
5,4,5,4,5,mistral:7b,data_pmus_yaounde,q1_1,Agent_96,UN QUARTIER DE LA VILLE DE YAOUNDE
4,4,4,4,4,mistral:7b,data_pmus_yaounde,q1_1_a,Agent_96,NKONDENGUI
4,4,3,4,3,mistral:7b,data_pmus_yaounde,q1_1_b,Agent_96,DESCRNTE NKONDENGUI
1,1,1,1,3,mistral:7b,data_pmus_yaounde,q1_1_c,Agent_96,nan
5,4,5,4,5,mistral:7b,data_pmus_yaounde,q1_2,Agent_96,UN QUARTIER DE LA VILLE DE YAOUNDE
4,4,4,4,4,mistral:7b,data_pmus_yaounde,q1_2_a,Agent_96,NKONDENGUI
4,4,3,4,3,mistral:7b,data_pmus_yaounde,q1_2_b,Agent_96,DESCENTE CORGNEE
1,1,1,1,3,mistral:7b,data_pmus_yaounde,q1_3_c,Agent_96,nan
3,3,4,4,3,mistral:7b,data_pmus_yaounde,q2_1,Agent_96,PAR TAXI
4,4,3,4,3,mistral:7b,data_pmus_yaounde,q2_2_1,Agent_96,2 CHEVEAU
4,4,3,4,3,mistral:7b,data_pmus_yaounde,q2_2_2,Agent_96,10 E ARRET
4,4,3,4,3,mistral:7b,data_pmus_yaounde,q2_3_1,Agent_96,0LESOA
4,4,3,4,3,mistral:7b,data_pmus_yaounde,q2_3_2,Agent_96,TERMINUSODJA
4,4,5,4,5,mistral:7b,data_pmus_yaounde,q2_3,Agent_96,NON
4,4,4,4,4,mistral:7b,data_pmus_yaounde,q2_4,Agent_96,PAR TAXI
4,4,4,4,4,mistral:7b,data_pmus_yaounde,q2_5_1,Agent_96,A B0NAS
4,4,4,4,4,mistral:7b,data_pmus_yaounde,q2_5_2,Agent_96,NKONDENGUI
4,4,4,4,4,mistral:7b,data_pmus_yaounde,q2_6_1,Agent_96,ABATTOIR
4,4,4,4,4,mistral:7b,data_pmus_yaounde,q2_6_2,Agent_96,11EME ARRET
4,3,5,4,5,mistral:7b,data_pmus_yaounde,q3_1,Agent_96,NON
4,3,4,4,3,mistral:7b,data_pmus_yaounde,q3_2,Agent_96,PAR TAXI
4,4,4,4,4,mistral:7b,data_pmus_yaounde,q3_3_1,Agent_96,NKONDENGUI
4,4,3,4,3,mistral:7b,data_pmus_yaounde,q3_3_2,Agent_96,DESCENTE
1,1,1,1,3,mistral:7b,data_pmus_yaounde,q4_1_a,Agent_96,nan
4,3,3,4,4,mistral:7b,data_pmus_yaounde,q4_1_b,Agent_96,PLUS DE 20 MINUTES
4,4,2,4,2,mistral:7b,data_pmus_yaounde,q4_2_a,Agent_96,Veuillez indiquer depuis combien de temps vous attendez.
4,3,5,4,4,mistral:7b,data_pmus_yaounde,q4_2_b,Agent_96,15 30 MIN
1,1,1,1,3,mistral:7b,data_pmus_yaounde,q4_3,Agent_96,nan
4,3,4,4,4,mistral:7b,data_pmus_yaounde,q4_4,Agent_96,D MARCHES ADMINISTRATIVES ET OU SANT
3,3,4,4,4,mistral:7b,data_pmus_yaounde,q4_4_autres,Agent_96,ACHAT
5,3,5,4,5,mistral:7b,data_pmus_yaounde,q5_1,Agent_96,MOINS DE 18 ANS
5,3,4,4,5,mistral:7b,data_pmus_yaounde,q5_2,Agent_96,MOINS DE 30 000
5,4,5,4,5,mistral:7b,data_pmus_yaounde,q5_3,Agent_96,HOMME
4,4,4,4,4,mistral:7b,data_pmus_yaounde,centre ville,Agent_97,YAOUNDE
5,4,5,4,5,mistral:7b,data_pmus_yaounde,q1_1,Agent_97,UN QUARTIER DE LA VILLE DE YAOUNDE
4,4,4,4,4,mistral:7b,data_pmus_yaounde,q1_1_a,Agent_97,NKOL FOULOU
4,4,3,4,3,mistral:7b,data_pmus_yaounde,q1_1_b,Agent_97,NKOL FOULOU
4,4,4,4,4,mistral:7b,data_pmus_yaounde,q1_1_c,Agent_97,AFANOYA
5,4,5,4,5,mistral:7b,data_pmus_yaounde,q1_2,Agent_97,UN QUARTIER DE LA VILLE DE YAOUNDE
4,4,4,4,4,mistral:7b,data_pmus_yaounde,q1_2_a,Agent_97,NKOL FOULOU
4,4,3,4,3,mistral:7b,data_pmus_yaounde,q1_2_b,Agent_97,NKOL FOULOU
4,4,4,4,4,mistral:7b,data_pmus_yaounde,q1_3_c,Agent_97,NKOL FOULOU
3,3,4,4,3,mistral:7b,data_pmus_yaounde,q2_1,Agent_97,PAR BUS AGENCE INTERURBAIN
4,4,3,4,3,mistral:7b,data_pmus_yaounde,q2_2_1,Agent_97,NKOL FOULOU
4,4,3,4,3,mistral:7b,data_pmus_yaounde,q2_2_2,Agent_97,NKOL FOULOU
4,4,3,4,3,mistral:7b,data_pmus_yaounde,q2_3_1,Agent_97,0LESOA
4,4,3,4,3,mistral:7b,data_pmus_yaounde,q2_3_2,Agent_97,ENTREEE
4,4,5,4,5,mistral:7b,data_pmus_yaounde,q2_3,Agent_97,NON
4,4,4,4,4,mistral:7b,data_pmus_yaounde,q2_4,Agent_97,PAR BUS AGENCE INTERURBAIN
4,4,4,4,4,mistral:7b,data_pmus_yaounde,q2_5_1,Agent_97,A B0NAS
4,4,4,4,4,mistral:7b,data_pmus_yaounde,q2_5_2,Agent_97,0MPHINE
4,4,4,4,4,mistral:7b,data_pmus_yaounde,q2_6_1,Agent_97,ABATTOIR
4,4,4,4,4,mistral:7b,data_pmus_yaounde,q2_6_2,Agent_97,11EME ARRET
4,3,5,4,5,mistral:7b,data_pmus_yaounde,q3_1,Agent_97,NON
4,3,4,4,3,mistral:7b,data_pmus_yaounde,q3_2,Agent_97,PAR BUS AGENCE INTERURBAIN
4,4,4,4,4,mistral:7b,data_pmus_yaounde,q3_3_1,Agent_97,NKOLIZIER
4,4,3,4,3,mistral:7b,data_pmus_yaounde,q3_3_2,Agent_97,ENTREE WAGUEE
4,4,2,4,2,mistral:7b,data_pmus_yaounde,q4_1_a,Agent_97,Veuillez indiquer depuis combien de temps vous attendez.
4,3,3,4,4,mistral:7b,data_pmus_yaounde,q4_1_b,Agent_97,PLUS DE 20 MINUTES
4,4,2,4,2,mistral:7b,data_pmus_yaounde,q4_2_a,Agent_97,Veuillez indiquer depuis combien de temps vous attendez.
4,3,5,4,4,mistral:7b,data_pmus_yaounde,q4_2_b,Agent_97,30 60 MIN
4,4,4,4,4,mistral:7b,data_pmus_yaounde,q4_3,Agent_97,100.0
4,3,4,4,4,mistral:7b,data_pmus_yaounde,q4_4,Agent_97,VISITE FAMILLE
3,3,4,4,4,mistral:7b,data_pmus_yaounde,q4_4_autres,Agent_97,ACHAT
5,3,5,4,5,mistral:7b,data_pmus_yaounde,q5_1,Agent_97,ENTRE 18 ET 25 ANS
5,3,4,4,5,mistral:7b,data_pmus_yaounde,q5_2,Agent_97,ENTRE 30 001 ET 100 000
5,4,5,4,5,mistral:7b,data_pmus_yaounde,q5_3,Agent_97,HOMME
4,4,4,4,4,mistral:7b,data_pmus_yaounde,centre ville,Agent_98,YAOUNDE
5,4,5,4,5,mistral:7b,data_pmus_yaounde,q1_1,Agent_98,UN QUARTIER DE LA VILLE DE YAOUNDE
4,4,4,4,4,mistral:7b,data_pmus_yaounde,q1_1_a,Agent_98,ESSOS
4,4,3,4,3,mistral:7b,data_pmus_yaounde,q1_1_b,Agent_98,10EME ARRET
1,1,1,1,3,mistral:7b,data_pmus_yaounde,q1_1_c,Agent_98,nan
5,4,5,4,5,mistral:7b,data_pmus_yaounde,q1_2,Agent_98,UN QUARTIER DE LA VILLE DE YAOUNDE
4,4,4,4,4,mistral:7b,data_pmus_yaounde,q1_2_a,Agent_98,BASTOS
4,4,3,4,3,mistral:7b,data_pmus_yaounde,q1_2_b,Agent_98,BASTOS
1,1,1,1,3,mistral:7b,data_pmus_yaounde,q1_3_c,Agent_98,nan
3,3,4,4,3,mistral:7b,data_pmus_yaounde,q2_1,Agent_98,A PIED
4,4,3,4,3,mistral:7b,data_pmus_yaounde,q2_2_1,Agent_98,NKOLMESSENG
4,4,3,4,3,mistral:7b,data_pmus_yaounde,q2_2_2,Agent_98,NKOLMESSENG
4,4,3,4,3,mistral:7b,data_pmus_yaounde,q2_3_1,Agent_98,NKOLMESSENG
4,4,3,4,3,mistral:7b,data_pmus_yaounde,q2_3_2,Agent_98,0NANA
4,4,5,4,5,mistral:7b,data_pmus_yaounde,q2_3,Agent_98,NON
4,4,4,4,4,mistral:7b,data_pmus_yaounde,q2_4,Agent_98,A PIED
4,4,4,4,4,mistral:7b,data_pmus_yaounde,q2_5_1,Agent_98,CARREFOUR BASTOS
4,4,4,4,4,mistral:7b,data_pmus_yaounde,q2_5_2,Agent_98,0MPHINE
4,4,4,4,4,mistral:7b,data_pmus_yaounde,q2_6_1,Agent_98,ABATTOIR
4,4,4,4,4,mistral:7b,data_pmus_yaounde,q2_6_2,Agent_98,11EME ARRET
4,3,5,4,5,mistral:7b,data_pmus_yaounde,q3_1,Agent_98,NON
4,3,4,4,3,mistral:7b,data_pmus_yaounde,q3_2,Agent_98,A PIED
4,4,4,4,4,mistral:7b,data_pmus_yaounde,q3_3_1,Agent_98,NKOLMESSENG
4,4,3,4,3,mistral:7b,data_pmus_yaounde,q3_3_2,Agent_98,10 IEME ARRET
1,1,1,1,3,mistral:7b,data_pmus_yaounde,q4_1_a,Agent_98,nan
4,3,3,4,4,mistral:7b,data_pmus_yaounde,q4_1_b,Agent_98,MOINS DE 5 MIN
4,4,2,4,2,mistral:7b,data_pmus_yaounde,q4_2_a,Agent_98,Veuillez indiquer depuis combien de temps vous attendez.
4,3,5,4,4,mistral:7b,data_pmus_yaounde,q4_2_b,Agent_98,MOINS DE 15 MIN
4,4,4,4,4,mistral:7b,data_pmus_yaounde,q4_3,Agent_98,400.0
4,3,4,4,4,mistral:7b,data_pmus_yaounde,q4_4,Agent_98,COURSES
3,3,4,4,4,mistral:7b,data_pmus_yaounde,q4_4_autres,Agent_98,ETUDES
5,3,5,4,5,mistral:7b,data_pmus_yaounde,q5_1,Agent_98,MOINS DE 18 ANS
5,3,4,4,5,mistral:7b,data_pmus_yaounde,q5_2,Agent_98,ENTRE 300 001 ET 500 000
5,4,5,4,5,mistral:7b,data_pmus_yaounde,q5_3,Agent_98,FEMME
4,4,4,4,4,mistral:7b,data_pmus_yaounde,centre ville,Agent_99,YAOUNDE
5,4,5,4,5,mistral:7b,data_pmus_yaounde,q1_1,Agent_99,UN QUARTIER DE LA VILLE DE YAOUNDE
4,4,4,4,4,mistral:7b,data_pmus_yaounde,q1_1_a,Agent_99,ELEVEUR
4,4,3,4,3,mistral:7b,data_pmus_yaounde,q1_1_b,Agent_99,BETHANIE
4,4,4,4,4,mistral:7b,data_pmus_yaounde,q1_1_c,Agent_99,AFANOYA
5,4,5,4,5,mistral:7b,data_pmus_yaounde,q1_2,Agent_99,UN QUARTIER DE LA VILLE DE YAOUNDE
4,4,4,4,4,mistral:7b,data_pmus_yaounde,q1_2_a,Agent_99,CENTRE VILLE
4,4,3,4,3,mistral:7b,data_pmus_yaounde,q1_2_b,Agent_99,10 IEME ARRET
1,1,1,1,3,mistral:7b,data_pmus_yaounde,q1_3_c,Agent_99,nan
3,3,4,4,3,mistral:7b,data_pmus_yaounde,q2_1,Agent_99,PAR BUS AGENCE INTERURBAIN
4,4,3,4,3,mistral:7b,data_pmus_yaounde,q2_2_1,Agent_99,2 CHEVEAU
4,4,3,4,3,mistral:7b,data_pmus_yaounde,q2_2_2,Agent_99,10 E ARRET
4,4,3,4,3,mistral:7b,data_pmus_yaounde,q2_3_1,Agent_99,0LESOA
4,4,3,4,3,mistral:7b,data_pmus_yaounde,q2_3_2,Agent_99,CARROUF
4,4,5,4,5,mistral:7b,data_pmus_yaounde,q2_3,Agent_99,NON
4,4,4,4,4,mistral:7b,data_pmus_yaounde,q2_4,Agent_99,PAR BUS AGENCE INTERURBAIN
4,4,4,4,4,mistral:7b,data_pmus_yaounde,q2_5_1,Agent_99,CENTRE VILLE
4,4,4,4,4,mistral:7b,data_pmus_yaounde,q2_5_2,Agent_99,0MPHINE
4,4,4,4,4,mistral:7b,data_pmus_yaounde,q2_6_1,Agent_99,CENTRE VILLE
4,4,4,4,4,mistral:7b,data_pmus_yaounde,q2_6_2,Agent_99,CENTRE VILLE
4,3,5,4,5,mistral:7b,data_pmus_yaounde,q3_1,Agent_99,NON
4,3,4,4,3,mistral:7b,data_pmus_yaounde,q3_2,Agent_99,PAR BUS AGENCE INTERURBAIN
4,4,4,4,4,mistral:7b,data_pmus_yaounde,q3_3_1,Agent_99,CENTRE VILLE
4,4,3,4,3,mistral:7b,data_pmus_yaounde,q3_3_2,Agent_99,CENTRE VILLE
4,4,2,4,2,mistral:7b,data_pmus_yaounde,q4_1_a,Agent_99,Veuillez indiquer depuis combien de temps vous attendez.
4,3,3,4,4,mistral:7b,data_pmus_yaounde,q4_1_b,Agent_99,PLUS DE 20 MINUTES
4,4,2,4,2,mistral:7b,data_pmus_yaounde,q4_2_a,Agent_99,Veuillez indiquer depuis combien de temps vous attendez.
4,3,5,4,4,mistral:7b,data_pmus_yaounde,q4_2_b,Agent_99,30 60 MIN
4,4,4,4,4,mistral:7b,data_pmus_yaounde,q4_3,Agent_99,3600.0
4,3,4,4,4,mistral:7b,data_pmus_yaounde,q4_4,Agent_99,D MARCHES ADMINISTRATIVES ET OU SANT
3,3,4,4,4,mistral:7b,data_pmus_yaounde,q4_4_autres,Agent_99,ACHAT
5,3,5,4,5,mistral:7b,data_pmus_yaounde,q5_1,Agent_99,ENTRE 26 ET 35 ANS
5,3,4,4,5,mistral:7b,data_pmus_yaounde,q5_2,Agent_99,MOINS DE 30 000
5,4,5,4,5,mistral:7b,data_pmus_yaounde,q5_3,Agent_99,FEMME
4,4,4,4,4,mistral:7b,data_pmus_yaounde,centre ville,Agent_100,YAOUNDE
5,4,5,4,5,mistral:7b,data_pmus_yaounde,q1_1,Agent_100,UN QUARTIER DE LA VILLE DE YAOUNDE
4,4,4,4,4,mistral:7b,data_pmus_yaounde,q1_1_a,Agent_100,NKOA MBANG
4,4,3,4,3,mistral:7b,data_pmus_yaounde,q1_1_b,Agent_100,NKOA MBANG
4,4,4,4,4,mistral:7b,data_pmus_yaounde,q1_1_c,Agent_100,AFANOYA
5,4,5,4,5,mistral:7b,data_pmus_yaounde,q1_2,Agent_100,UN QUARTIER DE LA VILLE DE YAOUNDE
4,4,4,4,4,mistral:7b,data_pmus_yaounde,q1_2_a,Agent_100,NKOA MBANG
4,4,3,4,3,mistral:7b,data_pmus_yaounde,q1_2_b,Agent_100,NKOA MBANG
4,4,4,4,4,mistral:7b,data_pmus_yaounde,q1_3_c,Agent_100,AFANOYA
3,3,4,4,3,mistral:7b,data_pmus_yaounde,q2_1,Agent_100,PAR BUS AGENCE INTERURBAIN
4,4,3,4,3,mistral:7b,data_pmus_yaounde,q2_2_1,Agent_100,2 CHEVEAU
4,4,3,4,3,mistral:7b,data_pmus_yaounde,q2_2_2,Agent_100,10 E ARRET
4,4,3,4,3,mistral:7b,data_pmus_yaounde,q2_3_1,Agent_100,0LESOA
4,4,3,4,3,mistral:7b,data_pmus_yaounde,q2_3_2,Agent_100,VILLAGE FOBE
4,4,5,4,5,mistral:7b,data_pmus_yaounde,q2_3,Agent_100,NON
4,4,4,4,4,mistral:7b,data_pmus_yaounde,q2_4,Agent_100,PAR BUS AGENCE INTERURBAIN
4,4,4,4,4,mistral:7b,data_pmus_yaounde,q2_5_1,Agent_100,A B0NAS
4,4,4,4,4,mistral:7b,data_pmus_yaounde,q2_5_2,Agent_100,0MPHINE
4,4,4,4,4,mistral:7b,data_pmus_yaounde,q2_6_1,Agent_100,ABATTOIR
4,4,4,4,4,mistral:7b,data_pmus_yaounde,q2_6_2,Agent_100,NKOLBISSON
4,3,5,4,5,mistral:7b,data_pmus_yaounde,q3_1,Agent_100,NON
4,3,4,4,3,mistral:7b,data_pmus_yaounde,q3_2,Agent_100,PAR BUS AGENCE INTERURBAIN
4,4,4,4,4,mistral:7b,data_pmus_yaounde,q3_3_1,Agent_100,ACACIA
4,4,3,4,3,mistral:7b,data_pmus_yaounde,q3_3_2,Agent_100,10 IEME ARRET
1,1,1,1,3,mistral:7b,data_pmus_yaounde,q4_1_a,Agent_100,nan
4,3,3,4,4,mistral:7b,data_pmus_yaounde,q4_1_b,Agent_100,PLUS DE 20 MINUTES
4,4,2,4,2,mistral:7b,data_pmus_yaounde,q4_2_a,Agent_100,Veuillez indiquer depuis combien de temps vous attendez.
4,3,5,4,4,mistral:7b,data_pmus_yaounde,q4_2_b,Agent_100,30 60 MIN
4,4,4,4,4,mistral:7b,data_pmus_yaounde,q4_3,Agent_100,7000.0
4,3,4,4,4,mistral:7b,data_pmus_yaounde,q4_4,Agent_100,TRAVAIL
3,3,4,4,4,mistral:7b,data_pmus_yaounde,q4_4_autres,Agent_100,ACHAT
5,3,5,4,5,mistral:7b,data_pmus_yaounde,q5_1,Agent_100,ENTRE 36 ET 45 ANS
5,3,4,4,5,mistral:7b,data_pmus_yaounde,q5_2,Agent_100,ENTRE 30 001 ET 100 000
5,4,5,4,5,mistral:7b,data_pmus_yaounde,q5_3,Agent_100,HOMME
4,4,4,4,4,mistral:7b,data_pmus_yaounde,centre ville,Agent_101,YAOUNDE
5,4,5,4,5,mistral:7b,data_pmus_yaounde,q1_1,Agent_101,UN QUARTIER DE LA VILLE DE YAOUNDE
4,4,4,4,4,mistral:7b,data_pmus_yaounde,q1_1_a,Agent_101,NSIMEYONG
4,4,3,4,3,mistral:7b,data_pmus_yaounde,q1_1_b,Agent_101,PERCEPTION
4,4,4,4,4,mistral:7b,data_pmus_yaounde,q1_1_c,Agent_101,AFANOYA
5,4,5,4,5,mistral:7b,data_pmus_yaounde,q1_2,Agent_101,UN QUARTIER DE LA VILLE DE YAOUNDE
4,4,4,4,4,mistral:7b,data_pmus_yaounde,q1_2_a,Agent_101,NSIMEYONG
4,4,3,4,3,mistral:7b,data_pmus_yaounde,q1_2_b,Agent_101,PERCEPTION
4,4,4,4,4,mistral:7b,data_pmus_yaounde,q1_3_c,Agent_101,AFANOYA
3,3,4,4,3,mistral:7b,data_pmus_yaounde,q2_1,Agent_101,PAR BUS AGENCE INTERURBAIN
4,4,3,4,3,mistral:7b,data_pmus_yaounde,q2_2_1,Agent_101,2 CHEVEAU
4,4,3,4,3,mistral:7b,data_pmus_yaounde,q2_2_2,Agent_101,PERCEPTION
4,4,3,4,3,mistral:7b,data_pmus_yaounde,q2_3_1,Agent_101,0LESOA
4,4,3,4,3,mistral:7b,data_pmus_yaounde,q2_3_2,Agent_101,PERCEPTION
4,4,5,4,5,mistral:7b,data_pmus_yaounde,q2_3,Agent_101,NON
4,4,4,4,4,mistral:7b,data_pmus_yaounde,q2_4,Agent_101,PAR BUS AGENCE INTERURBAIN
4,4,4,4,4,mistral:7b,data_pmus_yaounde,q2_5_1,Agent_101,A B0NAS
4,4,4,4,4,mistral:7b,data_pmus_yaounde,q2_5_2,Agent_101,0MPHINE
4,4,4,4,4,mistral:7b,data_pmus_yaounde,q2_6_1,Agent_101,ABATTOIR
4,4,4,4,4,mistral:7b,data_pmus_yaounde,q2_6_2,Agent_101,NGOA EKELLE
4,3,5,4,5,mistral:7b,data_pmus_yaounde,q3_1,Agent_101,NON
4,3,4,4,3,mistral:7b,data_pmus_yaounde,q3_2,Agent_101,PAR TAXI
4,4,4,4,4,mistral:7b,data_pmus_yaounde,q3_3_1,Agent_101,NGOA EKELLE
4,4,3,4,3,mistral:7b,data_pmus_yaounde,q3_3_2,Agent_101,10 IEME ARRET
1,1,1,1,3,mistral:7b,data_pmus_yaounde,q4_1_a,Agent_101,nan
4,3,3,4,4,mistral:7b,data_pmus_yaounde,q4_1_b,Agent_101,PLUS DE 20 MINUTES
4,4,2,4,2,mistral:7b,data_pmus_yaounde,q4_2_a,Agent_101,Veuillez indiquer depuis combien de temps vous attendez.
4,3,5,4,4,mistral:7b,data_pmus_yaounde,q4_2_b,Agent_101,PLUS DE 1HEURE
4,4,4,4,4,mistral:7b,data_pmus_yaounde,q4_3,Agent_101,2950.0
4,3,4,4,4,mistral:7b,data_pmus_yaounde,q4_4,Agent_101,VISITE FAMILLE
3,3,4,4,4,mistral:7b,data_pmus_yaounde,q4_4_autres,Agent_101,ACHAT
5,3,5,4,5,mistral:7b,data_pmus_yaounde,q5_1,Agent_101,ENTRE 55ANS ET 64 ANS
5,3,4,4,5,mistral:7b,data_pmus_yaounde,q5_2,Agent_101,ENTRE 300 001 ET 500 000
5,4,5,4,5,mistral:7b,data_pmus_yaounde,q5_3,Agent_101,HOMME
4,4,4,4,4,mistral:7b,data_pmus_yaounde,centre ville,Agent_102,YAOUNDE
5,4,5,4,5,mistral:7b,data_pmus_yaounde,q1_1,Agent_102,UN QUARTIER DE LA VILLE DE YAOUNDE
4,4,4,4,4,mistral:7b,data_pmus_yaounde,q1_1_a,Agent_102,ETOA MEKI
1,1,1,1,3,mistral:7b,data_pmus_yaounde,q1_1_b,Agent_102,nan
4,4,4,4,4,mistral:7b,data_pmus_yaounde,q1_1_c,Agent_102,AFANOYA
5,4,5,4,5,mistral:7b,data_pmus_yaounde,q1_2,Agent_102,UN QUARTIER DE LA VILLE DE YAOUNDE
4,4,4,4,4,mistral:7b,data_pmus_yaounde,q1_2_a,Agent_102,ETOA MEKI
4,4,3,4,3,mistral:7b,data_pmus_yaounde,q1_2_b,Agent_102,10 IEME ARRET
4,4,4,4,4,mistral:7b,data_pmus_yaounde,q1_3_c,Agent_102,AFANOYA
3,3,4,4,3,mistral:7b,data_pmus_yaounde,q2_1,Agent_102,PAR BUS AGENCE INTERURBAIN
4,4,3,4,3,mistral:7b,data_pmus_yaounde,q2_2_1,Agent_102,2 CHEVEAU
4,4,3,4,3,mistral:7b,data_pmus_yaounde,q2_2_2,Agent_102,10 E ARRET
4,4,3,4,3,mistral:7b,data_pmus_yaounde,q2_3_1,Agent_102,ETOA MEKI
4,4,3,4,3,mistral:7b,data_pmus_yaounde,q2_3_2,Agent_102,0NANA
4,4,5,4,5,mistral:7b,data_pmus_yaounde,q2_3,Agent_102,NON
4,4,4,4,4,mistral:7b,data_pmus_yaounde,q2_4,Agent_102,PAR BUS AGENCE INTERURBAIN
4,4,4,4,4,mistral:7b,data_pmus_yaounde,q2_5_1,Agent_102,ETOA MEKI
4,4,4,4,4,mistral:7b,data_pmus_yaounde,q2_5_2,Agent_102,0MPHINE
4,4,4,4,4,mistral:7b,data_pmus_yaounde,q2_6_1,Agent_102,ABATTOIR
1,1,1,1,3,mistral:7b,data_pmus_yaounde,q2_6_2,Agent_102,nan
4,3,5,4,5,mistral:7b,data_pmus_yaounde,q3_1,Agent_102,NON
4,3,4,4,3,mistral:7b,data_pmus_yaounde,q3_2,Agent_102,PAR BUS AGENCE INTERURBAIN
4,4,4,4,4,mistral:7b,data_pmus_yaounde,q3_3_1,Agent_102,ETOA MEKI
4,4,3,4,3,mistral:7b,data_pmus_yaounde,q3_3_2,Agent_102,10 IEME ARRET
1,1,1,1,3,mistral:7b,data_pmus_yaounde,q4_1_a,Agent_102,nan
4,3,3,4,4,mistral:7b,data_pmus_yaounde,q4_1_b,Agent_102,PLUS DE 20 MINUTES
4,4,2,4,2,mistral:7b,data_pmus_yaounde,q4_2_a,Agent_102,Veuillez indiquer depuis combien de temps vous attendez.
4,3,5,4,4,mistral:7b,data_pmus_yaounde,q4_2_b,Agent_102,30 60 MIN
4,4,4,4,4,mistral:7b,data_pmus_yaounde,q4_3,Agent_102,150.0
4,3,4,4,4,mistral:7b,data_pmus_yaounde,q4_4,Agent_102,VISITE FAMILLE
3,3,4,4,4,mistral:7b,data_pmus_yaounde,q4_4_autres,Agent_102,ACHAT
5,3,5,4,5,mistral:7b,data_pmus_yaounde,q5_1,Agent_102,ENTRE 36 ET 45 ANS
5,3,4,4,5,mistral:7b,data_pmus_yaounde,q5_2,Agent_102,ENTRE 30 001 ET 100 000
5,4,5,4,5,mistral:7b,data_pmus_yaounde,q5_3,Agent_102,HOMME
4,4,4,4,4,mistral:7b,data_pmus_yaounde,centre ville,Agent_103,YAOUNDE
5,4,5,4,5,mistral:7b,data_pmus_yaounde,q1_1,Agent_103,UN QUARTIER DE LA VILLE DE YAOUNDE
4,4,4,4,4,mistral:7b,data_pmus_yaounde,q1_1_a,Agent_103,MFOU
4,4,3,4,3,mistral:7b,data_pmus_yaounde,q1_1_b,Agent_103,MFOU
4,4,4,4,4,mistral:7b,data_pmus_yaounde,q1_1_c,Agent_103,MFOU
5,4,5,4,5,mistral:7b,data_pmus_yaounde,q1_2,Agent_103,UN QUARTIER DE LA VILLE DE YAOUNDE
4,4,4,4,4,mistral:7b,data_pmus_yaounde,q1_2_a,Agent_103,MFOU
4,4,3,4,3,mistral:7b,data_pmus_yaounde,q1_2_b,Agent_103,MFOU
4,4,4,4,4,mistral:7b,data_pmus_yaounde,q1_3_c,Agent_103,MFOU
3,3,4,4,3,mistral:7b,data_pmus_yaounde,q2_1,Agent_103,A PIED
4,4,3,4,3,mistral:7b,data_pmus_yaounde,q2_2_1,Agent_103,MENDONG
4,4,3,4,3,mistral:7b,data_pmus_yaounde,q2_2_2,Agent_103,MENDONG
4,4,3,4,3,mistral:7b,data_pmus_yaounde,q2_3_1,Agent_103,MENDONG
4,4,3,4,3,mistral:7b,data_pmus_yaounde,q2_3_2,Agent_103,MENDONG
4,4,5,4,5,mistral:7b,data_pmus_yaounde,q2_3,Agent_103,NON
4,4,4,4,4,mistral:7b,data_pmus_yaounde,q2_4,Agent_103,A PIED
4,4,4,4,4,mistral:7b,data_pmus_yaounde,q2_5_1,Agent_103,MENDONG
4,4,4,4,4,mistral:7b,data_pmus_yaounde,q2_5_2,Agent_103,MENDONG
4,4,4,4,4,mistral:7b,data_pmus_yaounde,q2_6_1,Agent_103,MENDONG
4,4,4,4,4,mistral:7b,data_pmus_yaounde,q2_6_2,Agent_103,MENDONG
4,3,5,4,5,mistral:7b,data_pmus_yaounde,q3_1,Agent_103,NON
4,3,4,4,3,mistral:7b,data_pmus_yaounde,q3_2,Agent_103,A PIED
4,4,4,4,4,mistral:7b,data_pmus_yaounde,q3_3_1,Agent_103,MENDONG
4,4,3,4,3,mistral:7b,data_pmus_yaounde,q3_3_2,Agent_103,MENDONG
1,1,1,1,3,mistral:7b,data_pmus_yaounde,q4_1_a,Agent_103,nan
4,3,3,4,4,mistral:7b,data_pmus_yaounde,q4_1_b,Agent_103,PLUS DE 20 MINUTES
4,4,2,4,2,mistral:7b,data_pmus_yaounde,q4_2_a,Agent_103,Veuillez indiquer depuis combien de temps vous attendez.
4,3,5,4,4,mistral:7b,data_pmus_yaounde,q4_2_b,Agent_103,30 60 MIN
4,4,4,4,4,mistral:7b,data_pmus_yaounde,q4_3,Agent_103,1750.0
4,3,4,4,4,mistral:7b,data_pmus_yaounde,q4_4,Agent_103,TRAVAIL
3,3,4,4,4,mistral:7b,data_pmus_yaounde,q4_4_autres,Agent_103,ACHAT
5,3,5,4,5,mistral:7b,data_pmus_yaounde,q5_1,Agent_103,ENTRE 36 ET 45 ANS
5,3,4,4,5,mistral:7b,data_pmus_yaounde,q5_2,Agent_103,ENTRE 30 001 ET 100 000
5,4,5,4,5,mistral:7b,data_pmus_yaounde,q5_3,Agent_103,FEMME
4,4,4,4,4,mistral:7b,data_pmus_yaounde,centre ville,Agent_104,YAOUNDE
5,4,5,4,5,mistral:7b,data_pmus_yaounde,q1_1,Agent_104,UN QUARTIER DE LA VILLE DE YAOUNDE
4,4,4,4,4,mistral:7b,data_pmus_yaounde,q1_1_a,Agent_104,ABIT
4,4,3,4,3,mistral:7b,data_pmus_yaounde,q1_1_b,Agent_104,NKOAYOS
1,1,1,1,3,mistral:7b,data_pmus_yaounde,q1_1_c,Agent_104,nan
5,4,5,4,5,mistral:7b,data_pmus_yaounde,q1_2,Agent_104,UN QUARTIER DE LA VILLE DE YAOUNDE
4,4,4,4,4,mistral:7b,data_pmus_yaounde,q1_2_a,Agent_104,POSTE CENTRALE
4,4,3,4,3,mistral:7b,data_pmus_yaounde,q1_2_b,Agent_104,POSTE CENTRALE
1,1,1,1,3,mistral:7b,data_pmus_yaounde,q1_3_c,Agent_104,nan
3,3,4,4,3,mistral:7b,data_pmus_yaounde,q2_1,Agent_104,PAR TAXI
4,4,3,4,3,mistral:7b,data_pmus_yaounde,q2_2_1,Agent_104,POSTE CENTRALE
4,4,3,4,3,mistral:7b,data_pmus_yaounde,q2_2_2,Agent_104,POSTE CENTRALE
4,4,3,4,3,mistral:7b,data_pmus_yaounde,q2_3_1,Agent_104,POSTE CENTRALE
4,4,3,4,3,mistral:7b,data_pmus_yaounde,q2_3_2,Agent_104,POSTE CENTRALE
4,4,5,4,5,mistral:7b,data_pmus_yaounde,q2_3,Agent_104,NON
4,4,4,4,4,mistral:7b,data_pmus_yaounde,q2_4,Agent_104,PAR TAXI
4,4,4,4,4,mistral:7b,data_pmus_yaounde,q2_5_1,Agent_104,POSTE CENTRALE
4,4,4,4,4,mistral:7b,data_pmus_yaounde,q2_5_2,Agent_104,POSTE CENTRALE
4,4,4,4,4,mistral:7b,data_pmus_yaounde,q2_6_1,Agent_104,POSTE CENTRALE
4,4,4,4,4,mistral:7b,data_pmus_yaounde,q2_6_2,Agent_104,SONEL CENTRAL
4,3,5,4,5,mistral:7b,data_pmus_yaounde,q3_1,Agent_104,NON
4,3,4,4,3,mistral:7b,data_pmus_yaounde,q3_2,Agent_104,PAR TAXI
4,4,4,4,4,mistral:7b,data_pmus_yaounde,q3_3_1,Agent_104,SONEL CENTRAL
4,4,3,4,3,mistral:7b,data_pmus_yaounde,q3_3_2,Agent_104,SONEL CENTRAL
4,4,2,4,2,mistral:7b,data_pmus_yaounde,q4_1_a,Agent_104,Veuillez indiquer depuis combien de temps vous attendez.
4,3,3,4,4,mistral:7b,data_pmus_yaounde,q4_1_b,Agent_104,PLUS DE 20 MINUTES
4,4,2,4,2,mistral:7b,data_pmus_yaounde,q4_2_a,Agent_104,Veuillez indiquer depuis combien de temps vous attendez.
4,3,5,4,4,mistral:7b,data_pmus_yaounde,q4_2_b,Agent_104,30 60 MIN
4,4,4,4,4,mistral:7b,data_pmus_yaounde,q4_3,Agent_104,5200.0
4,3,4,4,4,mistral:7b,data_pmus_yaounde,q4_4,Agent_104,TRAVAIL
3,3,4,4,4,mistral:7b,data_pmus_yaounde,q4_4_autres,Agent_104,ACHAT
5,3,5,4,5,mistral:7b,data_pmus_yaounde,q5_1,Agent_104,ENTRE 36 ET 45 ANS
5,3,4,4,5,mistral:7b,data_pmus_yaounde,q5_2,Agent_104,ENTRE 300 001 ET 500 000
5,4,5,4,5,mistral:7b,data_pmus_yaounde,q5_3,Agent_104,HOMME
4,4,4,4,4,mistral:7b,data_pmus_yaounde,centre ville,Agent_105,YAOUNDE
5,4,5,4,5,mistral:7b,data_pmus_yaounde,q1_1,Agent_105,UN QUARTIER DE LA VILLE DE YAOUNDE
4,4,4,4,4,mistral:7b,data_pmus_yaounde,q1_1_a,Agent_105,ABIT
4,4,3,4,3,mistral:7b,data_pmus_yaounde,q1_1_b,Agent_105,NKOL BIKOK
4,4,4,4,4,mistral:7b,data_pmus_yaounde,q1_1_c,Agent_105,AFANOYA
5,4,5,4,5,mistral:7b,data_pmus_yaounde,q1_2,Agent_105,UN QUARTIER DE LA VILLE DE YAOUNDE
4,4,4,4,4,mistral:7b,data_pmus_yaounde,q1_2_a,Agent_105,KOLBIKI
4,4,3,4,3,mistral:7b,data_pmus_yaounde,q1_2_b,Agent_105,10 IEME ARRET
1,1,1,1,3,mistral:7b,data_pmus_yaounde,q1_3_c,Agent_105,nan
3,3,4,4,3,mistral:7b,data_pmus_yaounde,q2_1,Agent_105,PAR BUS AGENCE INTERURBAIN
4,4,3,4,3,mistral:7b,data_pmus_yaounde,q2_2_1,Agent_105,2 CHEVEAU
4,4,3,4,3,mistral:7b,data_pmus_yaounde,q2_2_2,Agent_105,10 E ARRET
4,4,3,4,3,mistral:7b,data_pmus_yaounde,q2_3_1,Agent_105,0LESOA
4,4,3,4,3,mistral:7b,data_pmus_yaounde,q2_3_2,Agent_105,ARRET BUS
4,4,5,4,5,mistral:7b,data_pmus_yaounde,q2_3,Agent_105,NON
4,4,4,4,4,mistral:7b,data_pmus_yaounde,q2_4,Agent_105,A PIED
4,4,4,4,4,mistral:7b,data_pmus_yaounde,q2_5_1,Agent_105,A B0NAS
4,4,4,4,4,mistral:7b,data_pmus_yaounde,q2_5_2,Agent_105,0MPHINE
4,4,4,4,4,mistral:7b,data_pmus_yaounde,q2_6_1,Agent_105,ABATTOIR
4,4,4,4,4,mistral:7b,data_pmus_yaounde,q2_6_2,Agent_105,ARRET BUS
4,3,5,4,5,mistral:7b,data_pmus_yaounde,q3_1,Agent_105,NON
4,3,4,4,3,mistral:7b,data_pmus_yaounde,q3_2,Agent_105,A PIED
4,4,4,4,4,mistral:7b,data_pmus_yaounde,q3_3_1,Agent_105,ACACIA
4,4,3,4,3,mistral:7b,data_pmus_yaounde,q3_3_2,Agent_105,10 IEME ARRET
1,1,1,1,3,mistral:7b,data_pmus_yaounde,q4_1_a,Agent_105,nan
4,3,3,4,4,mistral:7b,data_pmus_yaounde,q4_1_b,Agent_105,PLUS DE 20 MINUTES
4,4,2,4,2,mistral:7b,data_pmus_yaounde,q4_2_a,Agent_105,Veuillez indiquer depuis combien de temps vous attendez.
4,3,5,4,4,mistral:7b,data_pmus_yaounde,q4_2_b,Agent_105,30 60 MIN
4,4,4,4,4,mistral:7b,data_pmus_yaounde,q4_3,Agent_105,125.0
4,3,4,4,4,mistral:7b,data_pmus_yaounde,q4_4,Agent_105,VISITE FAMILLE
3,3,4,4,4,mistral:7b,data_pmus_yaounde,q4_4_autres,Agent_105,ETUDES
5,3,5,4,5,mistral:7b,data_pmus_yaounde,q5_1,Agent_105,MOINS DE 18 ANS
5,3,4,4,5,mistral:7b,data_pmus_yaounde,q5_2,Agent_105,MOINS DE 30 000
5,4,5,4,5,mistral:7b,data_pmus_yaounde,q5_3,Agent_105,FEMME
4,4,4,4,4,mistral:7b,data_pmus_yaounde,centre ville,Agent_106,YAOUNDE
5,4,5,4,5,mistral:7b,data_pmus_yaounde,q1_1,Agent_106,UN QUARTIER DE LA VILLE DE YAOUNDE
4,4,4,4,4,mistral:7b,data_pmus_yaounde,q1_1_a,Agent_106,CITE VERTE
4,4,3,4,3,mistral:7b,data_pmus_yaounde,q1_1_b,Agent_106,MONTEE CARNAVALE
4,4,4,4,4,mistral:7b,data_pmus_yaounde,q1_1_c,Agent_106,AFANOYA
5,4,5,4,5,mistral:7b,data_pmus_yaounde,q1_2,Agent_106,UN QUARTIER DE LA VILLE DE YAOUNDE
4,4,4,4,4,mistral:7b,data_pmus_yaounde,q1_2_a,Agent_106,CARREFOUR MEEC
4,4,3,4,3,mistral:7b,data_pmus_yaounde,q1_2_b,Agent_106,10 IEME ARRET
4,4,4,4,4,mistral:7b,data_pmus_yaounde,q1_3_c,Agent_106,AFANOYA
3,3,4,4,3,mistral:7b,data_pmus_yaounde,q2_1,Agent_106,A PIED
4,4,3,4,3,mistral:7b,data_pmus_yaounde,q2_2_1,Agent_106,2 CHEVEAU
4,4,3,4,3,mistral:7b,data_pmus_yaounde,q2_2_2,Agent_106,10 E ARRET
4,4,3,4,3,mistral:7b,data_pmus_yaounde,q2_3_1,Agent_106,ROND POINT MEEC
4,4,3,4,3,mistral:7b,data_pmus_yaounde,q2_3_2,Agent_106,0NANA
4,4,5,4,5,mistral:7b,data_pmus_yaounde,q2_3,Agent_106,NON
4,4,4,4,4,mistral:7b,data_pmus_yaounde,q2_4,Agent_106,A PIED
4,4,4,4,4,mistral:7b,data_pmus_yaounde,q2_5_1,Agent_106,A B0NAS
4,4,4,4,4,mistral:7b,data_pmus_yaounde,q2_5_2,Agent_106,ROND POINT
4,4,4,4,4,mistral:7b,data_pmus_yaounde,q2_6_1,Agent_106,CARREFOUR
4,4,4,4,4,mistral:7b,data_pmus_yaounde,q2_6_2,Agent_106,CARREFOUR
4,3,5,4,5,mistral:7b,data_pmus_yaounde,q3_1,Agent_106,NON
4,3,4,4,3,mistral:7b,data_pmus_yaounde,q3_2,Agent_106,A PIED
4,4,4,4,4,mistral:7b,data_pmus_yaounde,q3_3_1,Agent_106,ACACIA
4,4,3,4,3,mistral:7b,data_pmus_yaounde,q3_3_2,Agent_106,CARREFOUR
1,1,1,1,3,mistral:7b,data_pmus_yaounde,q4_1_a,Agent_106,nan
4,3,3,4,4,mistral:7b,data_pmus_yaounde,q4_1_b,Agent_106,PLUS DE 20 MINUTES
4,4,2,4,2,mistral:7b,data_pmus_yaounde,q4_2_a,Agent_106,Veuillez indiquer depuis combien de temps vous attendez.
4,3,5,4,4,mistral:7b,data_pmus_yaounde,q4_2_b,Agent_106,15 30 MIN
4,4,4,4,4,mistral:7b,data_pmus_yaounde,q4_3,Agent_106,2900.0
4,3,4,4,4,mistral:7b,data_pmus_yaounde,q4_4,Agent_106,VISITE FAMILLE
3,3,4,4,4,mistral:7b,data_pmus_yaounde,q4_4_autres,Agent_106,ACHAT
5,3,5,4,5,mistral:7b,data_pmus_yaounde,q5_1,Agent_106,ENTRE 18 ET 25 ANS
5,3,4,4,5,mistral:7b,data_pmus_yaounde,q5_2,Agent_106,ENTRE 30 001 ET 100 000
5,4,5,4,5,mistral:7b,data_pmus_yaounde,q5_3,Agent_106,HOMME
4,4,4,4,4,mistral:7b,data_pmus_yaounde,centre ville,Agent_107,YAOUNDE
5,4,5,4,5,mistral:7b,data_pmus_yaounde,q1_1,Agent_107,UN QUARTIER DE LA VILLE DE YAOUNDE
4,4,4,4,4,mistral:7b,data_pmus_yaounde,q1_1_a,Agent_107,ABIT
4,4,3,4,3,mistral:7b,data_pmus_yaounde,q1_1_b,Agent_107,10EME ARRET
4,4,4,4,4,mistral:7b,data_pmus_yaounde,q1_1_c,Agent_107,AFANOYA
5,4,5,4,5,mistral:7b,data_pmus_yaounde,q1_2,Agent_107,UN QUARTIER DE LA VILLE DE YAOUNDE
4,4,4,4,4,mistral:7b,data_pmus_yaounde,q1_2_a,Agent_107,ETOUG EBE
4,4,3,4,3,mistral:7b,data_pmus_yaounde,q1_2_b,Agent_107,10 IEME ARRET
4,4,4,4,4,mistral:7b,data_pmus_yaounde,q1_3_c,Agent_107,AFANOYA
3,3,4,4,3,mistral:7b,data_pmus_yaounde,q2_1,Agent_107,A PIED
4,4,3,4,3,mistral:7b,data_pmus_yaounde,q2_2_1,Agent_107,2 CHEVEAU
4,4,3,4,3,mistral:7b,data_pmus_yaounde,q2_2_2,Agent_107,10 E ARRET
4,4,3,4,3,mistral:7b,data_pmus_yaounde,q2_3_1,Agent_107,CENTRE ETOUH EBE
4,4,3,4,3,mistral:7b,data_pmus_yaounde,q2_3_2,Agent_107,0NANA
4,4,5,4,5,mistral:7b,data_pmus_yaounde,q2_3,Agent_107,NON
4,4,4,4,4,mistral:7b,data_pmus_yaounde,q2_4,Agent_107,A PIED
4,4,4,4,4,mistral:7b,data_pmus_yaounde,q2_5_1,Agent_107,A B0NAS
4,4,4,4,4,mistral:7b,data_pmus_yaounde,q2_5_2,Agent_107,0MPHINE
4,4,4,4,4,mistral:7b,data_pmus_yaounde,q2_6_1,Agent_107,HOTEL DE VILLE
4,4,4,4,4,mistral:7b,data_pmus_yaounde,q2_6_2,Agent_107,11EME ARRET
4,3,5,4,5,mistral:7b,data_pmus_yaounde,q3_1,Agent_107,NON
4,3,4,4,3,mistral:7b,data_pmus_yaounde,q3_2,Agent_107,PAR TAXI
4,4,4,4,4,mistral:7b,data_pmus_yaounde,q3_3_1,Agent_107,ETOUG EBE
4,4,3,4,3,mistral:7b,data_pmus_yaounde,q3_3_2,Agent_107,10 IEME ARRET
1,1,1,1,3,mistral:7b,data_pmus_yaounde,q4_1_a,Agent_107,nan
4,3,3,4,4,mistral:7b,data_pmus_yaounde,q4_1_b,Agent_107,PLUS DE 20 MINUTES
4,4,2,4,2,mistral:7b,data_pmus_yaounde,q4_2_a,Agent_107,Veuillez indiquer depuis combien de temps vous attendez.
4,3,5,4,4,mistral:7b,data_pmus_yaounde,q4_2_b,Agent_107,PLUS DE 1HEURE
4,4,4,4,4,mistral:7b,data_pmus_yaounde,q4_3,Agent_107,5000.0
4,3,4,4,4,mistral:7b,data_pmus_yaounde,q4_4,Agent_107,VISITE FAMILLE
3,3,4,4,4,mistral:7b,data_pmus_yaounde,q4_4_autres,Agent_107,BALADE
5,3,5,4,5,mistral:7b,data_pmus_yaounde,q5_1,Agent_107,ENTRE 18 ET 25 ANS
5,3,4,4,5,mistral:7b,data_pmus_yaounde,q5_2,Agent_107,ENTRE 300 001 ET 500 000
5,4,5,4,5,mistral:7b,data_pmus_yaounde,q5_3,Agent_107,HOMME
4,4,4,4,4,mistral:7b,data_pmus_yaounde,centre ville,Agent_108,YAOUNDE
5,4,5,4,5,mistral:7b,data_pmus_yaounde,q1_1,Agent_108,UN QUARTIER DE LA VILLE DE YAOUNDE
4,4,4,4,4,mistral:7b,data_pmus_yaounde,q1_1_a,Agent_108,ABIT
4,4,3,4,3,mistral:7b,data_pmus_yaounde,q1_1_b,Agent_108,NKOL BIKOK
4,4,4,4,4,mistral:7b,data_pmus_yaounde,q1_1_c,Agent_108,AFANOYA
5,4,5,4,5,mistral:7b,data_pmus_yaounde,q1_2,Agent_108,UN QUARTIER DE LA VILLE DE YAOUNDE
4,4,4,4,4,mistral:7b,data_pmus_yaounde,q1_2_a,Agent_108,ABOM
4,4,3,4,3,mistral:7b,data_pmus_yaounde,q1_2_b,Agent_108,10 IEME ARRET
4,4,4,4,4,mistral:7b,data_pmus_yaounde,q1_3_c,Agent_108,AFANOYA
3,3,4,4,3,mistral:7b,data_pmus_yaounde,q2_1,Agent_108,PAR TAXI
4,4,3,4,3,mistral:7b,data_pmus_yaounde,q2_2_1,Agent_108,2 CHEVEAU
4,4,3,4,3,mistral:7b,data_pmus_yaounde,q2_2_2,Agent_108,10 E ARRET
4,4,3,4,3,mistral:7b,data_pmus_yaounde,q2_3_1,Agent_108,0LESOA
4,4,3,4,3,mistral:7b,data_pmus_yaounde,q2_3_2,Agent_108,NKOL ZIE
4,4,5,4,5,mistral:7b,data_pmus_yaounde,q2_3,Agent_108,NON
4,4,4,4,4,mistral:7b,data_pmus_yaounde,q2_4,Agent_108,PAR TAXI
4,4,4,4,4,mistral:7b,data_pmus_yaounde,q2_5_1,Agent_108,A B0NAS
4,4,4,4,4,mistral:7b,data_pmus_yaounde,q2_5_2,Agent_108,EN HAUT
4,4,4,4,4,mistral:7b,data_pmus_yaounde,q2_6_1,Agent_108,ABATTOIR
4,4,4,4,4,mistral:7b,data_pmus_yaounde,q2_6_2,Agent_108,EN HAUT
4,3,5,4,5,mistral:7b,data_pmus_yaounde,q3_1,Agent_108,NON
4,3,4,4,3,mistral:7b,data_pmus_yaounde,q3_2,Agent_108,PAR TAXI
4,4,4,4,4,mistral:7b,data_pmus_yaounde,q3_3_1,Agent_108,ACACIA
4,4,3,4,3,mistral:7b,data_pmus_yaounde,q3_3_2,Agent_108,NKOA MBANG
1,1,1,1,3,mistral:7b,data_pmus_yaounde,q4_1_a,Agent_108,nan
4,3,3,4,4,mistral:7b,data_pmus_yaounde,q4_1_b,Agent_108,PLUS DE 20 MINUTES
4,4,2,4,2,mistral:7b,data_pmus_yaounde,q4_2_a,Agent_108,Veuillez indiquer depuis combien de temps vous attendez.
4,3,5,4,4,mistral:7b,data_pmus_yaounde,q4_2_b,Agent_108,15 30 MIN
4,4,4,4,4,mistral:7b,data_pmus_yaounde,q4_3,Agent_108,800.0
4,3,4,4,4,mistral:7b,data_pmus_yaounde,q4_4,Agent_108,VISITE FAMILLE
3,3,4,4,4,mistral:7b,data_pmus_yaounde,q4_4_autres,Agent_108,ACHAT
5,3,5,4,5,mistral:7b,data_pmus_yaounde,q5_1,Agent_108,ENTRE 26 ET 35 ANS
5,3,4,4,5,mistral:7b,data_pmus_yaounde,q5_2,Agent_108,ENTRE 30 001 ET 100 000
5,4,5,4,5,mistral:7b,data_pmus_yaounde,q5_3,Agent_108,FEMME
4,4,4,4,4,mistral:7b,data_pmus_yaounde,centre ville,Agent_109,YAOUNDE
5,4,5,4,5,mistral:7b,data_pmus_yaounde,q1_1,Agent_109,UN QUARTIER DE LA VILLE DE YAOUNDE
4,4,4,4,4,mistral:7b,data_pmus_yaounde,q1_1_a,Agent_109,OYOM ABANG
4,4,3,4,3,mistral:7b,data_pmus_yaounde,q1_1_b,Agent_109,NKOL ZIE
1,1,1,1,3,mistral:7b,data_pmus_yaounde,q1_1_c,Agent_109,nan
5,4,5,4,5,mistral:7b,data_pmus_yaounde,q1_2,Agent_109,UN QUARTIER DE LA VILLE DE YAOUNDE
4,4,4,4,4,mistral:7b,data_pmus_yaounde,q1_2_a,Agent_109,ABOM
4,4,3,4,3,mistral:7b,data_pmus_yaounde,q1_2_b,Agent_109,NKOL BIKOK
1,1,1,1,3,mistral:7b,data_pmus_yaounde,q1_3_c,Agent_109,nan
3,3,4,4,3,mistral:7b,data_pmus_yaounde,q2_1,Agent_109,A PIED
4,4,3,4,3,mistral:7b,data_pmus_yaounde,q2_2_1,Agent_109,NKOL BIKOK
4,4,3,4,3,mistral:7b,data_pmus_yaounde,q2_2_2,Agent_109,10 E ARRET
4,4,3,4,3,mistral:7b,data_pmus_yaounde,q2_3_1,Agent_109,NGOA EKELLE
4,4,3,4,3,mistral:7b,data_pmus_yaounde,q2_3_2,Agent_109,0NANA
4,4,5,4,5,mistral:7b,data_pmus_yaounde,q2_3,Agent_109,NON
4,4,4,4,4,mistral:7b,data_pmus_yaounde,q2_4,Agent_109,A PIED
4,4,4,4,4,mistral:7b,data_pmus_yaounde,q2_5_1,Agent_109,NGOA EKELLE
4,4,4,4,4,mistral:7b,data_pmus_yaounde,q2_5_2,Agent_109,0MPHINE
4,4,4,4,4,mistral:7b,data_pmus_yaounde,q2_6_1,Agent_109,NGOA EKELLE
4,4,4,4,4,mistral:7b,data_pmus_yaounde,q2_6_2,Agent_109,NGOA EKELLE
4,3,5,4,5,mistral:7b,data_pmus_yaounde,q3_1,Agent_109,NON
4,3,4,4,3,mistral:7b,data_pmus_yaounde,q3_2,Agent_109,PAR BUS AGENCE INTERURBAIN
4,4,4,4,4,mistral:7b,data_pmus_yaounde,q3_3_1,Agent_109,NGOA EKELLE
4,4,3,4,3,mistral:7b,data_pmus_yaounde,q3_3_2,Agent_109,10 IEME ARRET
1,1,1,1,3,mistral:7b,data_pmus_yaounde,q4_1_a,Agent_109,nan
4,3,3,4,4,mistral:7b,data_pmus_yaounde,q4_1_b,Agent_109,PLUS DE 20 MINUTES
4,4,2,4,2,mistral:7b,data_pmus_yaounde,q4_2_a,Agent_109,Veuillez indiquer depuis combien de temps vous attendez.
4,3,5,4,4,mistral:7b,data_pmus_yaounde,q4_2_b,Agent_109,MOINS DE 15 MIN
4,4,4,4,4,mistral:7b,data_pmus_yaounde,q4_3,Agent_109,850.0
4,3,4,4,4,mistral:7b,data_pmus_yaounde,q4_4,Agent_109,COURSES
3,3,4,4,4,mistral:7b,data_pmus_yaounde,q4_4_autres,Agent_109,FAIRE DES ACHATS
5,3,5,4,5,mistral:7b,data_pmus_yaounde,q5_1,Agent_109,ENTRE 18 ET 25 ANS
5,3,4,4,5,mistral:7b,data_pmus_yaounde,q5_2,Agent_109,MOINS DE 30 000
5,4,5,4,5,mistral:7b,data_pmus_yaounde,q5_3,Agent_109,FEMME
4,4,4,4,4,mistral:7b,data_pmus_yaounde,centre ville,Agent_110,YAOUNDE
5,4,5,4,5,mistral:7b,data_pmus_yaounde,q1_1,Agent_110,UN QUARTIER DE LA VILLE DE YAOUNDE
4,4,4,4,4,mistral:7b,data_pmus_yaounde,q1_1_a,Agent_110,WARDA
4,4,3,4,3,mistral:7b,data_pmus_yaounde,q1_1_b,Agent_110,ELEVEUR
1,1,1,1,3,mistral:7b,data_pmus_yaounde,q1_1_c,Agent_110,nan
5,4,5,4,5,mistral:7b,data_pmus_yaounde,q1_2,Agent_110,UN QUARTIER DE LA VILLE DE YAOUNDE
4,4,4,4,4,mistral:7b,data_pmus_yaounde,q1_2_a,Agent_110,WARDA
4,4,3,4,3,mistral:7b,data_pmus_yaounde,q1_2_b,Agent_110,ELEVEUR
1,1,1,1,3,mistral:7b,data_pmus_yaounde,q1_3_c,Agent_110,nan
3,3,4,4,3,mistral:7b,data_pmus_yaounde,q2_1,Agent_110,A PIED
4,4,3,4,3,mistral:7b,data_pmus_yaounde,q2_2_1,Agent_110,ELEVEUR
4,4,3,4,3,mistral:7b,data_pmus_yaounde,q2_2_2,Agent_110,ELEVEUR
4,4,3,4,3,mistral:7b,data_pmus_yaounde,q2_3_1,Agent_110,RETRAITE
4,4,3,4,3,mistral:7b,data_pmus_yaounde,q2_3_2,Agent_110,RETRAITE
4,4,5,4,5,mistral:7b,data_pmus_yaounde,q2_3,Agent_110,NON
4,4,4,4,4,mistral:7b,data_pmus_yaounde,q2_4,Agent_110,PAR TAXI
4,4,4,4,4,mistral:7b,data_pmus_yaounde,q2_5_1,Agent_110,ELEVEUR
4,4,4,4,4,mistral:7b,data_pmus_yaounde,q2_5_2,Agent_110,MBALLA 2
4,4,4,4,4,mistral:7b,data_pmus_yaounde,q2_6_1,Agent_110,ELEVEUR
4,4,4,4,4,mistral:7b,data_pmus_yaounde,q2_6_2,Agent_110,11EME ARRET
4,3,5,4,5,mistral:7b,data_pmus_yaounde,q3_1,Agent_110,NON
4,3,4,4,3,mistral:7b,data_pmus_yaounde,q3_2,Agent_110,PAR BUS AGENCE INTERURBAIN
4,4,4,4,4,mistral:7b,data_pmus_yaounde,q3_3_1,Agent_110,MBALLA 2
4,4,3,4,3,mistral:7b,data_pmus_yaounde,q3_3_2,Agent_110,10 IEME ARRET
1,1,1,1,3,mistral:7b,data_pmus_yaounde,q4_1_a,Agent_110,nan
4,3,3,4,4,mistral:7b,data_pmus_yaounde,q4_1_b,Agent_110,PLUS DE 20 MINUTES
4,4,2,4,2,mistral:7b,data_pmus_yaounde,q4_2_a,Agent_110,Veuillez indiquer depuis combien de temps vous attendez.
4,3,5,4,4,mistral:7b,data_pmus_yaounde,q4_2_b,Agent_110,PLUS DE 1HEURE
4,4,4,4,4,mistral:7b,data_pmus_yaounde,q4_3,Agent_110,1600.0
4,3,4,4,4,mistral:7b,data_pmus_yaounde,q4_4,Agent_110,ACTIVIT S DE LOISIRS
3,3,4,4,4,mistral:7b,data_pmus_yaounde,q4_4_autres,Agent_110,SPORT ET VISITE AMICALE
5,3,5,4,5,mistral:7b,data_pmus_yaounde,q5_1,Agent_110,ENTRE 18 ET 25 ANS
5,3,4,4,5,mistral:7b,data_pmus_yaounde,q5_2,Agent_110,ENTRE 30 001 ET 100 000
5,4,5,4,5,mistral:7b,data_pmus_yaounde,q5_3,Agent_110,FEMME
4,4,4,4,4,mistral:7b,data_pmus_yaounde,centre ville,Agent_111,YAOUNDE
5,4,5,4,5,mistral:7b,data_pmus_yaounde,q1_1,Agent_111,UN QUARTIER DE LA VILLE DE YAOUNDE
4,4,4,4,4,mistral:7b,data_pmus_yaounde,q1_1_a,Agent_111,ETOA MEKI
4,4,3,4,3,mistral:7b,data_pmus_yaounde,q1_1_b,Agent_111,10EME ARRET
1,1,1,1,3,mistral:7b,data_pmus_yaounde,q1_1_c,Agent_111,nan
5,4,5,4,5,mistral:7b,data_pmus_yaounde,q1_2,Agent_111,UN QUARTIER DE LA VILLE DE YAOUNDE
4,4,4,4,4,mistral:7b,data_pmus_yaounde,q1_2_a,Agent_111,ETOA MEKI
4,4,3,4,3,mistral:7b,data_pmus_yaounde,q1_2_b,Agent_111,10 IEME ARRET
1,1,1,1,3,mistral:7b,data_pmus_yaounde,q1_3_c,Agent_111,nan
3,3,4,4,3,mistral:7b,data_pmus_yaounde,q2_1,Agent_111,A PIED
4,4,3,4,3,mistral:7b,data_pmus_yaounde,q2_2_1,Agent_111,2 CHEVEAU
4,4,3,4,3,mistral:7b,data_pmus_yaounde,q2_2_2,Agent_111,10 E ARRET
4,4,3,4,3,mistral:7b,data_pmus_yaounde,q2_3_1,Agent_111,0LESOA
4,4,3,4,3,mistral:7b,data_pmus_yaounde,q2_3_2,Agent_111,CAREFUR
4,4,5,4,5,mistral:7b,data_pmus_yaounde,q2_3,Agent_111,NON
4,4,4,4,4,mistral:7b,data_pmus_yaounde,q2_4,Agent_111,A PIED
4,4,4,4,4,mistral:7b,data_pmus_yaounde,q2_5_1,Agent_111,A B0NAS
4,4,4,4,4,mistral:7b,data_pmus_yaounde,q2_5_2,Agent_111,0MPHINE
4,4,4,4,4,mistral:7b,data_pmus_yaounde,q2_6_1,Agent_111,MVAN
4,4,4,4,4,mistral:7b,data_pmus_yaounde,q2_6_2,Agent_111,CARREFOUR
4,3,5,4,5,mistral:7b,data_pmus_yaounde,q3_1,Agent_111,NON
4,3,4,4,3,mistral:7b,data_pmus_yaounde,q3_2,Agent_111,A PIED
4,4,4,4,4,mistral:7b,data_pmus_yaounde,q3_3_1,Agent_111,ACACIA
4,4,3,4,3,mistral:7b,data_pmus_yaounde,q3_3_2,Agent_111,CARREFOUR
1,1,1,1,3,mistral:7b,data_pmus_yaounde,q4_1_a,Agent_111,nan
4,3,3,4,4,mistral:7b,data_pmus_yaounde,q4_1_b,Agent_111,PLUS DE 20 MINUTES
4,4,2,4,2,mistral:7b,data_pmus_yaounde,q4_2_a,Agent_111,Veuillez indiquer depuis combien de temps vous attendez.
4,3,5,4,4,mistral:7b,data_pmus_yaounde,q4_2_b,Agent_111,MOINS DE 15 MIN
4,4,4,4,4,mistral:7b,data_pmus_yaounde,q4_3,Agent_111,850.0
4,3,4,4,4,mistral:7b,data_pmus_yaounde,q4_4,Agent_111,AMIS
3,3,4,4,4,mistral:7b,data_pmus_yaounde,q4_4_autres,Agent_111,BALADE
5,3,5,4,5,mistral:7b,data_pmus_yaounde,q5_1,Agent_111,ENTRE 18 ET 25 ANS
5,3,4,4,5,mistral:7b,data_pmus_yaounde,q5_2,Agent_111,ENTRE 300 001 ET 500 000
5,4,5,4,5,mistral:7b,data_pmus_yaounde,q5_3,Agent_111,FEMME
4,4,4,4,4,mistral:7b,data_pmus_yaounde,centre ville,Agent_112,YAOUNDE
5,4,5,4,5,mistral:7b,data_pmus_yaounde,q1_1,Agent_112,UN QUARTIER DE LA VILLE DE YAOUNDE
4,4,4,4,4,mistral:7b,data_pmus_yaounde,q1_1_a,Agent_112,MVOG ADA
4,4,3,4,3,mistral:7b,data_pmus_yaounde,q1_1_b,Agent_112,10EME ARRET
4,4,4,4,4,mistral:7b,data_pmus_yaounde,q1_1_c,Agent_112,AFANOYA
5,4,5,4,5,mistral:7b,data_pmus_yaounde,q1_2,Agent_112,UN QUARTIER DE LA VILLE DE YAOUNDE
4,4,4,4,4,mistral:7b,data_pmus_yaounde,q1_2_a,Agent_112,MVOG ADA
4,4,3,4,3,mistral:7b,data_pmus_yaounde,q1_2_b,Agent_112,MVOG ADA
1,1,1,1,3,mistral:7b,data_pmus_yaounde,q1_3_c,Agent_112,nan
3,3,4,4,3,mistral:7b,data_pmus_yaounde,q2_1,Agent_112,PAR BUS AGENCE INTERURBAIN
4,4,3,4,3,mistral:7b,data_pmus_yaounde,q2_2_1,Agent_112,2 CHEVEAU
1,1,1,1,3,mistral:7b,data_pmus_yaounde,q2_2_2,Agent_112,nan
4,4,3,4,3,mistral:7b,data_pmus_yaounde,q2_3_1,Agent_112,0LESOA
4,4,3,4,3,mistral:7b,data_pmus_yaounde,q2_3_2,Agent_112,0NANA
4,4,5,4,5,mistral:7b,data_pmus_yaounde,q2_3,Agent_112,NON
4,4,4,4,4,mistral:7b,data_pmus_yaounde,q2_4,Agent_112,A PIED
4,4,4,4,4,mistral:7b,data_pmus_yaounde,q2_5_1,Agent_112,A B0NAS
4,4,4,4,4,mistral:7b,data_pmus_yaounde,q2_5_2,Agent_112,APRES LE C A MPUS
4,4,4,4,4,mistral:7b,data_pmus_yaounde,q2_6_1,Agent_112,ABATTOIR
4,4,4,4,4,mistral:7b,data_pmus_yaounde,q2_6_2,Agent_112,11EME ARRET
4,3,5,4,5,mistral:7b,data_pmus_yaounde,q3_1,Agent_112,NON
4,3,4,4,3,mistral:7b,data_pmus_yaounde,q3_2,Agent_112,PAR BUS AGENCE INTERURBAIN
4,4,4,4,4,mistral:7b,data_pmus_yaounde,q3_3_1,Agent_112,RUE CEPER
4,4,3,4,3,mistral:7b,data_pmus_yaounde,q3_3_2,Agent_112,ABATTOIR
1,1,1,1,3,mistral:7b,data_pmus_yaounde,q4_1_a,Agent_112,nan
4,3,3,4,4,mistral:7b,data_pmus_yaounde,q4_1_b,Agent_112,PLUS DE 20 MINUTES
4,4,2,4,2,mistral:7b,data_pmus_yaounde,q4_2_a,Agent_112,Veuillez indiquer depuis combien de temps vous attendez.
4,3,5,4,4,mistral:7b,data_pmus_yaounde,q4_2_b,Agent_112,15 30 MIN
4,4,4,4,4,mistral:7b,data_pmus_yaounde,q4_3,Agent_112,2200.0
4,3,4,4,4,mistral:7b,data_pmus_yaounde,q4_4,Agent_112,D MARCHES ADMINISTRATIVES ET OU SANT
3,3,4,4,4,mistral:7b,data_pmus_yaounde,q4_4_autres,Agent_112,ACHAT
5,3,5,4,5,mistral:7b,data_pmus_yaounde,q5_1,Agent_112,ENTRE 26 ET 35 ANS
5,3,4,4,5,mistral:7b,data_pmus_yaounde,q5_2,Agent_112,ENTRE 30 001 ET 100 000
5,4,5,4,5,mistral:7b,data_pmus_yaounde,q5_3,Agent_112,FEMME
4,4,4,4,4,mistral:7b,data_pmus_yaounde,centre ville,Agent_113,YAOUNDE
5,4,5,4,5,mistral:7b,data_pmus_yaounde,q1_1,Agent_113,UN QUARTIER DE LA VILLE DE YAOUNDE
4,4,4,4,4,mistral:7b,data_pmus_yaounde,q1_1_a,Agent_113,ETOA MEKI
1,1,1,1,3,mistral:7b,data_pmus_yaounde,q1_1_b,Agent_113,nan
4,4,4,4,4,mistral:7b,data_pmus_yaounde,q1_1_c,Agent_113,AFANOYA
5,4,5,4,5,mistral:7b,data_pmus_yaounde,q1_2,Agent_113,UN QUARTIER DE LA VILLE DE YAOUNDE
4,4,4,4,4,mistral:7b,data_pmus_yaounde,q1_2_a,Agent_113,ETOA MEKI
4,4,3,4,3,mistral:7b,data_pmus_yaounde,q1_2_b,Agent_113,10 IEME ARRET
1,1,1,1,3,mistral:7b,data_pmus_yaounde,q1_3_c,Agent_113,nan
3,3,4,4,3,mistral:7b,data_pmus_yaounde,q2_1,Agent_113,A PIED
1,1,1,1,3,mistral:7b,data_pmus_yaounde,q2_2_1,Agent_113,nan
1,1,1,1,3,mistral:7b,data_pmus_yaounde,q2_2_2,Agent_113,nan
1,1,1,1,3,mistral:7b,data_pmus_yaounde,q2_3_1,Agent_113,nan
1,1,1,1,3,mistral:7b,data_pmus_yaounde,q2_3_2,Agent_113,nan
4,4,5,4,5,mistral:7b,data_pmus_yaounde,q2_3,Agent_113,NON
4,4,4,4,4,mistral:7b,data_pmus_yaounde,q2_4,Agent_113,A PIED
4,4,4,4,4,mistral:7b,data_pmus_yaounde,q2_5_1,Agent_113,MELEN
4,4,4,4,4,mistral:7b,data_pmus_yaounde,q2_5_2,Agent_113,0MPHINE
1,1,1,1,3,mistral:7b,data_pmus_yaounde,q2_6_1,Agent_113,nan
1,1,1,1,3,mistral:7b,data_pmus_yaounde,q2_6_2,Agent_113,nan
4,3,5,4,5,mistral:7b,data_pmus_yaounde,q3_1,Agent_113,NON
4,3,4,4,3,mistral:7b,data_pmus_yaounde,q3_2,Agent_113,PAR TAXI
4,4,4,4,4,mistral:7b,data_pmus_yaounde,q3_3_1,Agent_113,MELEN
4,4,3,4,3,mistral:7b,data_pmus_yaounde,q3_3_2,Agent_113,NKONDA
1,1,1,1,3,mistral:7b,data_pmus_yaounde,q4_1_a,Agent_113,nan
4,3,3,4,4,mistral:7b,data_pmus_yaounde,q4_1_b,Agent_113,PLUS DE 20 MINUTES
4,4,2,4,2,mistral:7b,data_pmus_yaounde,q4_2_a,Agent_113,Veuillez indiquer depuis combien de temps vous attendez.
4,3,5,4,4,mistral:7b,data_pmus_yaounde,q4_2_b,Agent_113,30 60 MIN
4,4,4,4,4,mistral:7b,data_pmus_yaounde,q4_3,Agent_113,2200.0
4,3,4,4,4,mistral:7b,data_pmus_yaounde,q4_4,Agent_113,VISITE FAMILLE
3,3,4,4,4,mistral:7b,data_pmus_yaounde,q4_4_autres,Agent_113,ACHAT
5,3,5,4,5,mistral:7b,data_pmus_yaounde,q5_1,Agent_113,ENTRE 18 ET 25 ANS
5,3,4,4,5,mistral:7b,data_pmus_yaounde,q5_2,Agent_113,ENTRE 30 001 ET 100 000
5,4,5,4,5,mistral:7b,data_pmus_yaounde,q5_3,Agent_113,FEMME
4,4,4,4,4,mistral:7b,data_pmus_yaounde,centre ville,Agent_114,YAOUNDE
5,4,5,4,5,mistral:7b,data_pmus_yaounde,q1_1,Agent_114,UN QUARTIER DE LA VILLE DE YAOUNDE
4,4,4,4,4,mistral:7b,data_pmus_yaounde,q1_1_a,Agent_114,OLEMBE
4,4,3,4,3,mistral:7b,data_pmus_yaounde,q1_1_b,Agent_114,10EME ARRET
4,4,4,4,4,mistral:7b,data_pmus_yaounde,q1_1_c,Agent_114,AFANOYA
5,4,5,4,5,mistral:7b,data_pmus_yaounde,q1_2,Agent_114,UN QUARTIER DE LA VILLE DE YAOUNDE
4,4,4,4,4,mistral:7b,data_pmus_yaounde,q1_2_a,Agent_114,ETOUDI
4,4,3,4,3,mistral:7b,data_pmus_yaounde,q1_2_b,Agent_114,10 IEME ARRET
4,4,4,4,4,mistral:7b,data_pmus_yaounde,q1_3_c,Agent_114,AFANOYA
3,3,4,4,3,mistral:7b,data_pmus_yaounde,q2_1,Agent_114,A PIED
4,4,3,4,3,mistral:7b,data_pmus_yaounde,q2_2_1,Agent_114,2 CHEVEAU
4,4,3,4,3,mistral:7b,data_pmus_yaounde,q2_2_2,Agent_114,10 E ARRET
4,4,3,4,3,mistral:7b,data_pmus_yaounde,q2_3_1,Agent_114,0LESOA
4,4,3,4,3,mistral:7b,data_pmus_yaounde,q2_3_2,Agent_114,ETOUDI
4,4,5,4,5,mistral:7b,data_pmus_yaounde,q2_3,Agent_114,NON
4,4,4,4,4,mistral:7b,data_pmus_yaounde,q2_4,Agent_114,A PIED
4,4,4,4,4,mistral:7b,data_pmus_yaounde,q2_5_1,Agent_114,ETOUDI
4,4,4,4,4,mistral:7b,data_pmus_yaounde,q2_5_2,Agent_114,0MPHINE
4,4,4,4,4,mistral:7b,data_pmus_yaounde,q2_6_1,Agent_114,ETOUDI
4,4,4,4,4,mistral:7b,data_pmus_yaounde,q2_6_2,Agent_114,11EME ARRET
4,3,5,4,5,mistral:7b,data_pmus_yaounde,q3_1,Agent_114,NON
4,3,4,4,3,mistral:7b,data_pmus_yaounde,q3_2,Agent_114,A PIED
4,4,4,4,4,mistral:7b,data_pmus_yaounde,q3_3_1,Agent_114,ETOUDI
4,4,3,4,3,mistral:7b,data_pmus_yaounde,q3_3_2,Agent_114,10 IEME ARRET
1,1,1,1,3,mistral:7b,data_pmus_yaounde,q4_1_a,Agent_114,nan
4,3,3,4,4,mistral:7b,data_pmus_yaounde,q4_1_b,Agent_114,PLUS DE 20 MINUTES
4,4,2,4,2,mistral:7b,data_pmus_yaounde,q4_2_a,Agent_114,Veuillez indiquer depuis combien de temps vous attendez.
4,3,5,4,4,mistral:7b,data_pmus_yaounde,q4_2_b,Agent_114,15 30 MIN
4,4,4,4,4,mistral:7b,data_pmus_yaounde,q4_3,Agent_114,2800.0
4,3,4,4,4,mistral:7b,data_pmus_yaounde,q4_4,Agent_114,VISITE FAMILLE
3,3,4,4,4,mistral:7b,data_pmus_yaounde,q4_4_autres,Agent_114,REUNION FAMILIALE
5,3,5,4,5,mistral:7b,data_pmus_yaounde,q5_1,Agent_114,ENTRE 18 ET 25 ANS
5,3,4,4,5,mistral:7b,data_pmus_yaounde,q5_2,Agent_114,ENTRE 30 001 ET 100 000
5,4,5,4,5,mistral:7b,data_pmus_yaounde,q5_3,Agent_114,FEMME
4,4,4,4,4,mistral:7b,data_pmus_yaounde,centre ville,Agent_115,YAOUNDE
5,4,5,4,5,mistral:7b,data_pmus_yaounde,q1_1,Agent_115,UN QUARTIER DE LA VILLE DE YAOUNDE
4,4,4,4,4,mistral:7b,data_pmus_yaounde,q1_1_a,Agent_115,SANTA BARBARA
4,4,3,4,3,mistral:7b,data_pmus_yaounde,q1_1_b,Agent_115,CAMPUS
4,4,4,4,4,mistral:7b,data_pmus_yaounde,q1_1_c,Agent_115,AFANOYA
5,4,5,4,5,mistral:7b,data_pmus_yaounde,q1_2,Agent_115,UN QUARTIER DE LA VILLE DE YAOUNDE
4,4,4,4,4,mistral:7b,data_pmus_yaounde,q1_2_a,Agent_115,EMIA
4,4,3,4,3,mistral:7b,data_pmus_yaounde,q1_2_b,Agent_115,CAMPUS
1,1,1,1,3,mistral:7b,data_pmus_yaounde,q1_3_c,Agent_115,nan
3,3,4,4,3,mistral:7b,data_pmus_yaounde,q2_1,Agent_115,PAR BUS AGENCE INTERURBAIN
4,4,3,4,3,mistral:7b,data_pmus_yaounde,q2_2_1,Agent_115,2 CHEVEAU
4,4,3,4,3,mistral:7b,data_pmus_yaounde,q2_2_2,Agent_115,CAMPUS
4,4,3,4,3,mistral:7b,data_pmus_yaounde,q2_3_1,Agent_115,EMIA
4,4,3,4,3,mistral:7b,data_pmus_yaounde,q2_3_2,Agent_115,CAMPUS
4,4,5,4,5,mistral:7b,data_pmus_yaounde,q2_3,Agent_115,NON
4,4,4,4,4,mistral:7b,data_pmus_yaounde,q2_4,Agent_115,PAR BUS AGENCE INTERURBAIN
4,4,4,4,4,mistral:7b,data_pmus_yaounde,q2_5_1,Agent_115,A B0NAS
4,4,4,4,4,mistral:7b,data_pmus_yaounde,q2_5_2,Agent_115,0MPHINE
4,4,4,4,4,mistral:7b,data_pmus_yaounde,q2_6_1,Agent_115,ABATTOIR
4,4,4,4,4,mistral:7b,data_pmus_yaounde,q2_6_2,Agent_115,CAMPUS
4,3,5,4,5,mistral:7b,data_pmus_yaounde,q3_1,Agent_115,NON
4,3,4,4,3,mistral:7b,data_pmus_yaounde,q3_2,Agent_115,PAR BUS AGENCE INTERURBAIN
4,4,4,4,4,mistral:7b,data_pmus_yaounde,q3_3_1,Agent_115,EMIA
4,4,3,4,3,mistral:7b,data_pmus_yaounde,q3_3_2,Agent_115,EMIA
1,1,1,1,3,mistral:7b,data_pmus_yaounde,q4_1_a,Agent_115,nan
4,3,3,4,4,mistral:7b,data_pmus_yaounde,q4_1_b,Agent_115,PLUS DE 20 MINUTES
4,4,2,4,2,mistral:7b,data_pmus_yaounde,q4_2_a,Agent_115,Veuillez indiquer depuis combien de temps vous attendez.
4,3,5,4,4,mistral:7b,data_pmus_yaounde,q4_2_b,Agent_115,30 60 MIN
4,4,4,4,4,mistral:7b,data_pmus_yaounde,q4_3,Agent_115,1350.0
4,3,4,4,4,mistral:7b,data_pmus_yaounde,q4_4,Agent_115,TRAVAIL
3,3,4,4,4,mistral:7b,data_pmus_yaounde,q4_4_autres,Agent_115,ETUDES
5,3,5,4,5,mistral:7b,data_pmus_yaounde,q5_1,Agent_115,ENTRE 18 ET 25 ANS
5,3,4,4,5,mistral:7b,data_pmus_yaounde,q5_2,Agent_115,ENTRE 30 001 ET 100 000
5,4,5,4,5,mistral:7b,data_pmus_yaounde,q5_3,Agent_115,HOMME
4,4,4,4,4,mistral:7b,data_pmus_yaounde,centre ville,Agent_116,YAOUNDE
5,4,5,4,5,mistral:7b,data_pmus_yaounde,q1_1,Agent_116,UN QUARTIER DE LA VILLE DE YAOUNDE
4,4,4,4,4,mistral:7b,data_pmus_yaounde,q1_1_a,Agent_116,BRIQUETERIE
1,1,1,1,3,mistral:7b,data_pmus_yaounde,q1_1_b,Agent_116,nan
4,4,4,4,4,mistral:7b,data_pmus_yaounde,q1_1_c,Agent_116,AFANOYA
5,4,5,4,5,mistral:7b,data_pmus_yaounde,q1_2,Agent_116,UN QUARTIER DE LA VILLE DE YAOUNDE
4,4,4,4,4,mistral:7b,data_pmus_yaounde,q1_2_a,Agent_116,WARDA
4,4,3,4,3,mistral:7b,data_pmus_yaounde,q1_2_b,Agent_116,10 IEME ARRET
1,1,1,1,3,mistral:7b,data_pmus_yaounde,q1_3_c,Agent_116,nan
3,3,4,4,3,mistral:7b,data_pmus_yaounde,q2_1,Agent_116,A PIED
4,4,3,4,3,mistral:7b,data_pmus_yaounde,q2_2_1,Agent_116,2 CHEVEAU
4,4,3,4,3,mistral:7b,data_pmus_yaounde,q2_2_2,Agent_116,10 E ARRET
4,4,3,4,3,mistral:7b,data_pmus_yaounde,q2_3_1,Agent_116,BRIQUETERIE
4,4,3,4,3,mistral:7b,data_pmus_yaounde,q2_3_2,Agent_116,BRIQUETERIE
4,4,5,4,5,mistral:7b,data_pmus_yaounde,q2_3,Agent_116,NON
4,4,4,4,4,mistral:7b,data_pmus_yaounde,q2_4,Agent_116,A PIED
4,4,4,4,4,mistral:7b,data_pmus_yaounde,q2_5_1,Agent_116,A B0NAS
4,4,4,4,4,mistral:7b,data_pmus_yaounde,q2_5_2,Agent_116,WARDA
4,4,4,4,4,mistral:7b,data_pmus_yaounde,q2_6_1,Agent_116,ABATTOIR
4,4,4,4,4,mistral:7b,data_pmus_yaounde,q2_6_2,Agent_116,11EME ARRET
4,3,5,4,5,mistral:7b,data_pmus_yaounde,q3_1,Agent_116,NON
4,3,4,4,3,mistral:7b,data_pmus_yaounde,q3_2,Agent_116,A PIED
4,4,4,4,4,mistral:7b,data_pmus_yaounde,q3_3_1,Agent_116,WARDA
4,4,3,4,3,mistral:7b,data_pmus_yaounde,q3_3_2,Agent_116,10 IEME ARRET
1,1,1,1,3,mistral:7b,data_pmus_yaounde,q4_1_a,Agent_116,nan
4,3,3,4,4,mistral:7b,data_pmus_yaounde,q4_1_b,Agent_116,PLUS DE 20 MINUTES
4,4,2,4,2,mistral:7b,data_pmus_yaounde,q4_2_a,Agent_116,Veuillez indiquer depuis combien de temps vous attendez.
4,3,5,4,4,mistral:7b,data_pmus_yaounde,q4_2_b,Agent_116,30 60 MIN
4,4,4,4,4,mistral:7b,data_pmus_yaounde,q4_3,Agent_116,4512.0
4,3,4,4,4,mistral:7b,data_pmus_yaounde,q4_4,Agent_116,TRAVAIL
3,3,4,4,4,mistral:7b,data_pmus_yaounde,q4_4_autres,Agent_116,ACHAT
5,3,5,4,5,mistral:7b,data_pmus_yaounde,q5_1,Agent_116,ENTRE 36 ET 45 ANS
5,3,4,4,5,mistral:7b,data_pmus_yaounde,q5_2,Agent_116,ENTRE 30 001 ET 100 000
5,4,5,4,5,mistral:7b,data_pmus_yaounde,q5_3,Agent_116,HOMME
4,4,4,4,4,mistral:7b,data_pmus_yaounde,centre ville,Agent_117,YAOUNDE
5,4,5,4,5,mistral:7b,data_pmus_yaounde,q1_1,Agent_117,UN QUARTIER DE LA VILLE DE YAOUNDE
4,4,4,4,4,mistral:7b,data_pmus_yaounde,q1_1_a,Agent_117,ACACIA
1,1,1,1,3,mistral:7b,data_pmus_yaounde,q1_1_b,Agent_117,nan
4,4,4,4,4,mistral:7b,data_pmus_yaounde,q1_1_c,Agent_117,AFANOYA
5,4,5,4,5,mistral:7b,data_pmus_yaounde,q1_2,Agent_117,UN QUARTIER DE LA VILLE DE YAOUNDE
4,4,4,4,4,mistral:7b,data_pmus_yaounde,q1_2_a,Agent_117,ABOM
1,1,1,1,3,mistral:7b,data_pmus_yaounde,q1_2_b,Agent_117,nan
1,1,1,1,3,mistral:7b,data_pmus_yaounde,q1_3_c,Agent_117,nan
3,3,4,4,3,mistral:7b,data_pmus_yaounde,q2_1,Agent_117,PAR BUS AGENCE INTERURBAIN
4,4,3,4,3,mistral:7b,data_pmus_yaounde,q2_2_1,Agent_117,2 CHEVEAU
4,4,3,4,3,mistral:7b,data_pmus_yaounde,q2_2_2,Agent_117,10 E ARRET
4,4,3,4,3,mistral:7b,data_pmus_yaounde,q2_3_1,Agent_117,0LESOA
4,4,3,4,3,mistral:7b,data_pmus_yaounde,q2_3_2,Agent_117,0NANA
4,4,5,4,5,mistral:7b,data_pmus_yaounde,q2_3,Agent_117,NON
4,4,4,4,4,mistral:7b,data_pmus_yaounde,q2_4,Agent_117,PAR BUS STACY
4,4,4,4,4,mistral:7b,data_pmus_yaounde,q2_5_1,Agent_117,A B0NAS
4,4,4,4,4,mistral:7b,data_pmus_yaounde,q2_5_2,Agent_117,JOUVENCE
4,4,4,4,4,mistral:7b,data_pmus_yaounde,q2_6_1,Agent_117,ABATTOIR
4,4,4,4,4,mistral:7b,data_pmus_yaounde,q2_6_2,Agent_117,11EME ARRET
4,3,5,4,5,mistral:7b,data_pmus_yaounde,q3_1,Agent_117,NON
4,3,4,4,3,mistral:7b,data_pmus_yaounde,q3_2,Agent_117,A PIED
4,4,4,4,4,mistral:7b,data_pmus_yaounde,q3_3_1,Agent_117,JOUVENCE
4,4,3,4,3,mistral:7b,data_pmus_yaounde,q3_3_2,Agent_117,JOUVENCE
1,1,1,1,3,mistral:7b,data_pmus_yaounde,q4_1_a,Agent_117,nan
4,3,3,4,4,mistral:7b,data_pmus_yaounde,q4_1_b,Agent_117,PLUS DE 20 MINUTES
4,4,2,4,2,mistral:7b,data_pmus_yaounde,q4_2_a,Agent_117,Veuillez indiquer depuis combien de temps vous attendez.
4,3,5,4,4,mistral:7b,data_pmus_yaounde,q4_2_b,Agent_117,15 30 MIN
4,4,4,4,4,mistral:7b,data_pmus_yaounde,q4_3,Agent_117,3250.0
4,3,4,4,4,mistral:7b,data_pmus_yaounde,q4_4,Agent_117,ACTIVIT S DE LOISIRS
3,3,4,4,4,mistral:7b,data_pmus_yaounde,q4_4_autres,Agent_117,BALADE
5,3,5,4,5,mistral:7b,data_pmus_yaounde,q5_1,Agent_117,MOINS DE 18 ANS
5,3,4,4,5,mistral:7b,data_pmus_yaounde,q5_2,Agent_117,MOINS DE 30 000
5,4,5,4,5,mistral:7b,data_pmus_yaounde,q5_3,Agent_117,FEMME
4,4,4,4,4,mistral:7b,data_pmus_yaounde,centre ville,Agent_118,YAOUNDE
5,4,5,4,5,mistral:7b,data_pmus_yaounde,q1_1,Agent_118,UN QUARTIER DE LA VILLE DE YAOUNDE
4,4,4,4,4,mistral:7b,data_pmus_yaounde,q1_1_a,Agent_118,EMOMBO
4,4,3,4,3,mistral:7b,data_pmus_yaounde,q1_1_b,Agent_118,10EME ARRET
1,1,1,1,3,mistral:7b,data_pmus_yaounde,q1_1_c,Agent_118,nan
5,4,5,4,5,mistral:7b,data_pmus_yaounde,q1_2,Agent_118,UN QUARTIER DE LA VILLE DE YAOUNDE
4,4,4,4,4,mistral:7b,data_pmus_yaounde,q1_2_a,Agent_118,EMOMBO
4,4,3,4,3,mistral:7b,data_pmus_yaounde,q1_2_b,Agent_118,10 IEME ARRET
1,1,1,1,3,mistral:7b,data_pmus_yaounde,q1_3_c,Agent_118,nan
3,3,4,4,3,mistral:7b,data_pmus_yaounde,q2_1,Agent_118,A PIED
4,4,3,4,3,mistral:7b,data_pmus_yaounde,q2_2_1,Agent_118,EMOMBO
4,4,3,4,3,mistral:7b,data_pmus_yaounde,q2_2_2,Agent_118,10 E ARRET
4,4,3,4,3,mistral:7b,data_pmus_yaounde,q2_3_1,Agent_118,EMOMBO
4,4,3,4,3,mistral:7b,data_pmus_yaounde,q2_3_2,Agent_118,0NANA
4,4,5,4,5,mistral:7b,data_pmus_yaounde,q2_3,Agent_118,NON
4,4,4,4,4,mistral:7b,data_pmus_yaounde,q2_4,Agent_118,PAR BUS AGENCE INTERURBAIN
4,4,4,4,4,mistral:7b,data_pmus_yaounde,q2_5_1,Agent_118,EMOMBO
4,4,4,4,4,mistral:7b,data_pmus_yaounde,q2_5_2,Agent_118,0MPHINE
4,4,4,4,4,mistral:7b,data_pmus_yaounde,q2_6_1,Agent_118,EMOMBO
4,4,4,4,4,mistral:7b,data_pmus_yaounde,q2_6_2,Agent_118,11EME ARRET
4,3,5,4,5,mistral:7b,data_pmus_yaounde,q3_1,Agent_118,NON
4,3,4,4,3,mistral:7b,data_pmus_yaounde,q3_2,Agent_118,PAR BUS AGENCE INTERURBAIN
4,4,4,4,4,mistral:7b,data_pmus_yaounde,q3_3_1,Agent_118,EMOMBO
4,4,3,4,3,mistral:7b,data_pmus_yaounde,q3_3_2,Agent_118,10 IEME ARRET
1,1,1,1,3,mistral:7b,data_pmus_yaounde,q4_1_a,Agent_118,nan
4,3,3,4,4,mistral:7b,data_pmus_yaounde,q4_1_b,Agent_118,PLUS DE 20 MINUTES
4,4,2,4,2,mistral:7b,data_pmus_yaounde,q4_2_a,Agent_118,Veuillez indiquer depuis combien de temps vous attendez.
4,3,5,4,4,mistral:7b,data_pmus_yaounde,q4_2_b,Agent_118,PLUS DE 1HEURE
4,4,4,4,4,mistral:7b,data_pmus_yaounde,q4_3,Agent_118,4500.0
4,3,4,4,4,mistral:7b,data_pmus_yaounde,q4_4,Agent_118,SPORTIVES
3,3,4,4,4,mistral:7b,data_pmus_yaounde,q4_4_autres,Agent_118,SPORT ET VISITE AMICALE
5,3,5,4,5,mistral:7b,data_pmus_yaounde,q5_1,Agent_118,ENTRE 26 ET 35 ANS
5,3,4,4,5,mistral:7b,data_pmus_yaounde,q5_2,Agent_118,ENTRE 30 001 ET 100 000
5,4,5,4,5,mistral:7b,data_pmus_yaounde,q5_3,Agent_118,HOMME
4,4,4,4,4,mistral:7b,data_pmus_yaounde,centre ville,Agent_119,YAOUNDE
5,4,5,4,5,mistral:7b,data_pmus_yaounde,q1_1,Agent_119,UN QUARTIER DE LA VILLE DE YAOUNDE
4,4,4,4,4,mistral:7b,data_pmus_yaounde,q1_1_a,Agent_119,ELIG NKOLO
4,4,3,4,3,mistral:7b,data_pmus_yaounde,q1_1_b,Agent_119,CARREFOURBEIGNET
4,4,4,4,4,mistral:7b,data_pmus_yaounde,q1_1_c,Agent_119,AFANOYA
5,4,5,4,5,mistral:7b,data_pmus_yaounde,q1_2,Agent_119,UN QUARTIER DE LA VILLE DE YAOUNDE
4,4,4,4,4,mistral:7b,data_pmus_yaounde,q1_2_a,Agent_119,ABOM
4,4,3,4,3,mistral:7b,data_pmus_yaounde,q1_2_b,Agent_119,10 IEME ARRET
4,4,4,4,4,mistral:7b,data_pmus_yaounde,q1_3_c,Agent_119,AFANOYA
3,3,4,4,3,mistral:7b,data_pmus_yaounde,q2_1,Agent_119,A PIED
4,4,3,4,3,mistral:7b,data_pmus_yaounde,q2_2_1,Agent_119,ELIG NKOLO
4,4,3,4,3,mistral:7b,data_pmus_yaounde,q2_2_2,Agent_119,10 E ARRET
4,4,3,4,3,mistral:7b,data_pmus_yaounde,q2_3_1,Agent_119,0LESOA
4,4,3,4,3,mistral:7b,data_pmus_yaounde,q2_3_2,Agent_119,0NANA
4,4,5,4,5,mistral:7b,data_pmus_yaounde,q2_3,Agent_119,NON
4,4,4,4,4,mistral:7b,data_pmus_yaounde,q2_4,Agent_119,A PIED
4,4,4,4,4,mistral:7b,data_pmus_yaounde,q2_5_1,Agent_119,A B0NAS
4,4,4,4,4,mistral:7b,data_pmus_yaounde,q2_5_2,Agent_119,BARRIERE
4,4,4,4,4,mistral:7b,data_pmus_yaounde,q2_6_1,Agent_119,BARRIERE
4,4,4,4,4,mistral:7b,data_pmus_yaounde,q2_6_2,Agent_119,BARRIERE
4,3,5,4,5,mistral:7b,data_pmus_yaounde,q3_1,Agent_119,NON
4,3,4,4,3,mistral:7b,data_pmus_yaounde,q3_2,Agent_119,PAR BUS AGENCE INTERURBAIN
4,4,4,4,4,mistral:7b,data_pmus_yaounde,q3_3_1,Agent_119,BARRIERE
4,4,3,4,3,mistral:7b,data_pmus_yaounde,q3_3_2,Agent_119,BARRIERE
1,1,1,1,3,mistral:7b,data_pmus_yaounde,q4_1_a,Agent_119,nan
4,3,3,4,4,mistral:7b,data_pmus_yaounde,q4_1_b,Agent_119,PLUS DE 20 MINUTES
4,4,2,4,2,mistral:7b,data_pmus_yaounde,q4_2_a,Agent_119,Veuillez indiquer depuis combien de temps vous attendez.
4,3,5,4,4,mistral:7b,data_pmus_yaounde,q4_2_b,Agent_119,30 60 MIN
4,4,4,4,4,mistral:7b,data_pmus_yaounde,q4_3,Agent_119,700.0
4,3,4,4,4,mistral:7b,data_pmus_yaounde,q4_4,Agent_119,TRAVAIL
3,3,4,4,4,mistral:7b,data_pmus_yaounde,q4_4_autres,Agent_119,ACHAT
5,3,5,4,5,mistral:7b,data_pmus_yaounde,q5_1,Agent_119,ENTRE 18 ET 25 ANS
5,3,4,4,5,mistral:7b,data_pmus_yaounde,q5_2,Agent_119,ENTRE 30 001 ET 100 000
5,4,5,4,5,mistral:7b,data_pmus_yaounde,q5_3,Agent_119,HOMME
4,4,4,4,4,mistral:7b,data_pmus_yaounde,centre ville,Agent_120,YAOUNDE
5,4,5,4,5,mistral:7b,data_pmus_yaounde,q1_1,Agent_120,UN QUARTIER DE LA VILLE DE YAOUNDE
4,4,4,4,4,mistral:7b,data_pmus_yaounde,q1_1_a,Agent_120,OMNISIPORT
4,4,3,4,3,mistral:7b,data_pmus_yaounde,q1_1_b,Agent_120,10EME ARRET
4,4,4,4,4,mistral:7b,data_pmus_yaounde,q1_1_c,Agent_120,AFANOYA
5,4,5,4,5,mistral:7b,data_pmus_yaounde,q1_2,Agent_120,UN QUARTIER DE LA VILLE DE YAOUNDE
4,4,4,4,4,mistral:7b,data_pmus_yaounde,q1_2_a,Agent_120,COLMESING
4,4,3,4,3,mistral:7b,data_pmus_yaounde,q1_2_b,Agent_120,10 IEME ARRET
4,4,4,4,4,mistral:7b,data_pmus_yaounde,q1_3_c,Agent_120,AFANOYA
3,3,4,4,3,mistral:7b,data_pmus_yaounde,q2_1,Agent_120,PAR BUS AGENCE INTERURBAIN
4,4,3,4,3,mistral:7b,data_pmus_yaounde,q2_2_1,Agent_120,2 CHEVEAU
4,4,3,4,3,mistral:7b,data_pmus_yaounde,q2_2_2,Agent_120,KOLMESING
4,4,3,4,3,mistral:7b,data_pmus_yaounde,q2_3_1,Agent_120,0LESOA
4,4,3,4,3,mistral:7b,data_pmus_yaounde,q2_3_2,Agent_120,0NANA
4,4,5,4,5,mistral:7b,data_pmus_yaounde,q2_3,Agent_120,NON
4,4,4,4,4,mistral:7b,data_pmus_yaounde,q2_4,Agent_120,PAR BUS STACY
4,4,4,4,4,mistral:7b,data_pmus_yaounde,q2_5_1,Agent_120,A B0NAS
4,4,4,4,4,mistral:7b,data_pmus_yaounde,q2_5_2,Agent_120,0MPHINE
4,4,4,4,4,mistral:7b,data_pmus_yaounde,q2_6_1,Agent_120,ABATTOIR
4,4,4,4,4,mistral:7b,data_pmus_yaounde,q2_6_2,Agent_120,11EME ARRET
4,3,5,4,5,mistral:7b,data_pmus_yaounde,q3_1,Agent_120,NON
4,3,4,4,3,mistral:7b,data_pmus_yaounde,q3_2,Agent_120,A PIED
4,4,4,4,4,mistral:7b,data_pmus_yaounde,q3_3_1,Agent_120,ACACIA
4,4,3,4,3,mistral:7b,data_pmus_yaounde,q3_3_2,Agent_120,10 IEME ARRET
1,1,1,1,3,mistral:7b,data_pmus_yaounde,q4_1_a,Agent_120,nan
4,3,3,4,4,mistral:7b,data_pmus_yaounde,q4_1_b,Agent_120,PLUS DE 20 MINUTES
4,4,2,4,2,mistral:7b,data_pmus_yaounde,q4_2_a,Agent_120,Veuillez indiquer depuis combien de temps vous attendez.
4,3,5,4,4,mistral:7b,data_pmus_yaounde,q4_2_b,Agent_120,30 60 MIN
4,4,4,4,4,mistral:7b,data_pmus_yaounde,q4_3,Agent_120,3400.0
4,3,4,4,4,mistral:7b,data_pmus_yaounde,q4_4,Agent_120,COURSES
3,3,4,4,4,mistral:7b,data_pmus_yaounde,q4_4_autres,Agent_120,ETUDES
5,3,5,4,5,mistral:7b,data_pmus_yaounde,q5_1,Agent_120,MOINS DE 18 ANS
5,3,4,4,5,mistral:7b,data_pmus_yaounde,q5_2,Agent_120,ENTRE 30 001 ET 100 000
5,4,5,4,5,mistral:7b,data_pmus_yaounde,q5_3,Agent_120,FEMME
4,4,4,4,4,mistral:7b,data_pmus_yaounde,centre ville,Agent_121,YAOUNDE
5,4,5,4,5,mistral:7b,data_pmus_yaounde,q1_1,Agent_121,UN QUARTIER DE LA VILLE DE YAOUNDE
4,4,4,4,4,mistral:7b,data_pmus_yaounde,q1_1_a,Agent_121,ACACIA
4,4,3,4,3,mistral:7b,data_pmus_yaounde,q1_1_b,Agent_121,SCALOM
4,4,4,4,4,mistral:7b,data_pmus_yaounde,q1_1_c,Agent_121,AFANOYA
5,4,5,4,5,mistral:7b,data_pmus_yaounde,q1_2,Agent_121,UN QUARTIER DE LA VILLE DE YAOUNDE
4,4,4,4,4,mistral:7b,data_pmus_yaounde,q1_2_a,Agent_121,ACACIA
4,4,3,4,3,mistral:7b,data_pmus_yaounde,q1_2_b,Agent_121,SCALOM
4,4,4,4,4,mistral:7b,data_pmus_yaounde,q1_3_c,Agent_121,AFANOYA
3,3,4,4,3,mistral:7b,data_pmus_yaounde,q2_1,Agent_121,PAR BUS AGENCE INTERURBAIN
4,4,3,4,3,mistral:7b,data_pmus_yaounde,q2_2_1,Agent_121,SCALOM
4,4,3,4,3,mistral:7b,data_pmus_yaounde,q2_2_2,Agent_121,SCALOM
4,4,3,4,3,mistral:7b,data_pmus_yaounde,q2_3_1,Agent_121,SCALOM
4,4,3,4,3,mistral:7b,data_pmus_yaounde,q2_3_2,Agent_121,0NANA
4,4,5,4,5,mistral:7b,data_pmus_yaounde,q2_3,Agent_121,NON
4,4,4,4,4,mistral:7b,data_pmus_yaounde,q2_4,Agent_121,PAR BUS AGENCE INTERURBAIN
4,4,4,4,4,mistral:7b,data_pmus_yaounde,q2_5_1,Agent_121,SCALOM
4,4,4,4,4,mistral:7b,data_pmus_yaounde,q2_5_2,Agent_121,0MPHINE
4,4,4,4,4,mistral:7b,data_pmus_yaounde,q2_6_1,Agent_121,ACACIA
4,4,4,4,4,mistral:7b,data_pmus_yaounde,q2_6_2,Agent_121,ACACIA
4,3,5,4,5,mistral:7b,data_pmus_yaounde,q3_1,Agent_121,NON
4,3,4,4,3,mistral:7b,data_pmus_yaounde,q3_2,Agent_121,PAR BUS AGENCE INTERURBAIN
4,4,4,4,4,mistral:7b,data_pmus_yaounde,q3_3_1,Agent_121,ACACIA
4,4,3,4,3,mistral:7b,data_pmus_yaounde,q3_3_2,Agent_121,SKALOM
1,1,1,1,3,mistral:7b,data_pmus_yaounde,q4_1_a,Agent_121,nan
4,3,3,4,4,mistral:7b,data_pmus_yaounde,q4_1_b,Agent_121,PLUS DE 20 MINUTES
4,4,2,4,2,mistral:7b,data_pmus_yaounde,q4_2_a,Agent_121,Veuillez indiquer depuis combien de temps vous attendez.
4,3,5,4,4,mistral:7b,data_pmus_yaounde,q4_2_b,Agent_121,15 30 MIN
4,4,4,4,4,mistral:7b,data_pmus_yaounde,q4_3,Agent_121,13500.0
4,3,4,4,4,mistral:7b,data_pmus_yaounde,q4_4,Agent_121,COURSES
3,3,4,4,4,mistral:7b,data_pmus_yaounde,q4_4_autres,Agent_121,ACHAT
5,3,5,4,5,mistral:7b,data_pmus_yaounde,q5_1,Agent_121,MOINS DE 18 ANS
5,3,4,4,5,mistral:7b,data_pmus_yaounde,q5_2,Agent_121,ENTRE 30 001 ET 100 000
5,4,5,4,5,mistral:7b,data_pmus_yaounde,q5_3,Agent_121,FEMME
4,4,4,4,4,mistral:7b,data_pmus_yaounde,centre ville,Agent_122,YAOUNDE
5,4,5,4,5,mistral:7b,data_pmus_yaounde,q1_1,Agent_122,UN QUARTIER DE LA VILLE DE YAOUNDE
4,4,4,4,4,mistral:7b,data_pmus_yaounde,q1_1_a,Agent_122,ABIT
4,4,3,4,3,mistral:7b,data_pmus_yaounde,q1_1_b,Agent_122,10EME ARRET
4,4,4,4,4,mistral:7b,data_pmus_yaounde,q1_1_c,Agent_122,AFANOYA
5,4,5,4,5,mistral:7b,data_pmus_yaounde,q1_2,Agent_122,UN QUARTIER DE LA VILLE DE YAOUNDE
4,4,4,4,4,mistral:7b,data_pmus_yaounde,q1_2_a,Agent_122,SIMBOCK
4,4,3,4,3,mistral:7b,data_pmus_yaounde,q1_2_b,Agent_122,10 IEME ARRET
1,1,1,1,3,mistral:7b,data_pmus_yaounde,q1_3_c,Agent_122,nan
3,3,4,4,3,mistral:7b,data_pmus_yaounde,q2_1,Agent_122,PAR BUS AGENCE INTERURBAIN
4,4,3,4,3,mistral:7b,data_pmus_yaounde,q2_2_1,Agent_122,2 CHEVEAU
4,4,3,4,3,mistral:7b,data_pmus_yaounde,q2_2_2,Agent_122,10 E ARRET
4,4,3,4,3,mistral:7b,data_pmus_yaounde,q2_3_1,Agent_122,0LESOA
4,4,3,4,3,mistral:7b,data_pmus_yaounde,q2_3_2,Agent_122,0NANA
4,4,5,4,5,mistral:7b,data_pmus_yaounde,q2_3,Agent_122,NON
4,4,4,4,4,mistral:7b,data_pmus_yaounde,q2_4,Agent_122,A PIED
4,4,4,4,4,mistral:7b,data_pmus_yaounde,q2_5_1,Agent_122,SIMBOCK
4,4,4,4,4,mistral:7b,data_pmus_yaounde,q2_5_2,Agent_122,0MPHINE
4,4,4,4,4,mistral:7b,data_pmus_yaounde,q2_6_1,Agent_122,ABATTOIR
4,4,4,4,4,mistral:7b,data_pmus_yaounde,q2_6_2,Agent_122,11EME ARRET
4,3,5,4,5,mistral:7b,data_pmus_yaounde,q3_1,Agent_122,NON
4,3,4,4,3,mistral:7b,data_pmus_yaounde,q3_2,Agent_122,PAR BUS AGENCE INTERURBAIN
4,4,4,4,4,mistral:7b,data_pmus_yaounde,q3_3_1,Agent_122,ACACIA
4,4,3,4,3,mistral:7b,data_pmus_yaounde,q3_3_2,Agent_122,ENTREE SIMBOCK
1,1,1,1,3,mistral:7b,data_pmus_yaounde,q4_1_a,Agent_122,nan
4,3,3,4,4,mistral:7b,data_pmus_yaounde,q4_1_b,Agent_122,PLUS DE 20 MINUTES
4,4,2,4,2,mistral:7b,data_pmus_yaounde,q4_2_a,Agent_122,Veuillez indiquer depuis combien de temps vous attendez.
4,3,5,4,4,mistral:7b,data_pmus_yaounde,q4_2_b,Agent_122,30 60 MIN
4,4,4,4,4,mistral:7b,data_pmus_yaounde,q4_3,Agent_122,3150.0
4,3,4,4,4,mistral:7b,data_pmus_yaounde,q4_4,Agent_122,AUTRES
3,3,4,4,4,mistral:7b,data_pmus_yaounde,q4_4_autres,Agent_122,ETUDES
5,3,5,4,5,mistral:7b,data_pmus_yaounde,q5_1,Agent_122,MOINS DE 18 ANS
5,3,4,4,5,mistral:7b,data_pmus_yaounde,q5_2,Agent_122,ENTRE 30 001 ET 100 000
5,4,5,4,5,mistral:7b,data_pmus_yaounde,q5_3,Agent_122,HOMME
4,4,4,4,4,mistral:7b,data_pmus_yaounde,centre ville,Agent_123,YAOUNDE
5,4,5,4,5,mistral:7b,data_pmus_yaounde,q1_1,Agent_123,UN QUARTIER DE LA VILLE DE YAOUNDE
4,4,4,4,4,mistral:7b,data_pmus_yaounde,q1_1_a,Agent_123,ABIT
4,4,3,4,3,mistral:7b,data_pmus_yaounde,q1_1_b,Agent_123,ANCIENNE GARE
4,4,4,4,4,mistral:7b,data_pmus_yaounde,q1_1_c,Agent_123,AFANOYA
5,4,5,4,5,mistral:7b,data_pmus_yaounde,q1_2,Agent_123,UN QUARTIER DE LA VILLE DE YAOUNDE
4,4,4,4,4,mistral:7b,data_pmus_yaounde,q1_2_a,Agent_123,ABOM
4,4,3,4,3,mistral:7b,data_pmus_yaounde,q1_2_b,Agent_123,ANCIEN BINAM
1,1,1,1,3,mistral:7b,data_pmus_yaounde,q1_3_c,Agent_123,nan
3,3,4,4,3,mistral:7b,data_pmus_yaounde,q2_1,Agent_123,A PIED
4,4,3,4,3,mistral:7b,data_pmus_yaounde,q2_2_1,Agent_123,2 CHEVEAU
4,4,3,4,3,mistral:7b,data_pmus_yaounde,q2_2_2,Agent_123,10 E ARRET
4,4,3,4,3,mistral:7b,data_pmus_yaounde,q2_3_1,Agent_123,ACACIA
4,4,3,4,3,mistral:7b,data_pmus_yaounde,q2_3_2,Agent_123,0NANA
4,4,5,4,5,mistral:7b,data_pmus_yaounde,q2_3,Agent_123,NON
4,4,4,4,4,mistral:7b,data_pmus_yaounde,q2_4,Agent_123,A PIED
4,4,4,4,4,mistral:7b,data_pmus_yaounde,q2_5_1,Agent_123,ACACIA
4,4,4,4,4,mistral:7b,data_pmus_yaounde,q2_5_2,Agent_123,ACACIA
4,4,4,4,4,mistral:7b,data_pmus_yaounde,q2_6_1,Agent_123,ACACIA
4,4,4,4,4,mistral:7b,data_pmus_yaounde,q2_6_2,Agent_123,ACACIA
4,3,5,4,5,mistral:7b,data_pmus_yaounde,q3_1,Agent_123,NON
4,3,4,4,3,mistral:7b,data_pmus_yaounde,q3_2,Agent_123,A PIED
4,4,4,4,4,mistral:7b,data_pmus_yaounde,q3_3_1,Agent_123,ACACIA
4,4,3,4,3,mistral:7b,data_pmus_yaounde,q3_3_2,Agent_123,ACACIA
1,1,1,1,3,mistral:7b,data_pmus_yaounde,q4_1_a,Agent_123,nan
1,1,1,1,3,mistral:7b,data_pmus_yaounde,q4_1_b,Agent_123,nan
1,1,1,1,3,mistral:7b,data_pmus_yaounde,q4_2_a,Agent_123,nan
4,3,5,4,4,mistral:7b,data_pmus_yaounde,q4_2_b,Agent_123,MOINS DE 15 MIN
1,1,1,1,3,mistral:7b,data_pmus_yaounde,q4_3,Agent_123,nan
4,3,4,4,4,mistral:7b,data_pmus_yaounde,q4_4,Agent_123,TRAVAIL
3,3,4,4,4,mistral:7b,data_pmus_yaounde,q4_4_autres,Agent_123,COMMERCE
5,3,5,4,5,mistral:7b,data_pmus_yaounde,q5_1,Agent_123,ENTRE 36 ET 45 ANS
5,3,4,4,5,mistral:7b,data_pmus_yaounde,q5_2,Agent_123,ENTRE 30 001 ET 100 000
5,4,5,4,5,mistral:7b,data_pmus_yaounde,q5_3,Agent_123,HOMME
4,4,4,4,4,mistral:7b,data_pmus_yaounde,centre ville,Agent_124,YAOUNDE
5,4,5,4,5,mistral:7b,data_pmus_yaounde,q1_1,Agent_124,UN QUARTIER DE LA VILLE DE YAOUNDE
4,4,4,4,4,mistral:7b,data_pmus_yaounde,q1_1_a,Agent_124,ABIT
1,1,1,1,3,mistral:7b,data_pmus_yaounde,q1_1_b,Agent_124,nan
4,4,4,4,4,mistral:7b,data_pmus_yaounde,q1_1_c,Agent_124,AFANOYA
5,4,5,4,5,mistral:7b,data_pmus_yaounde,q1_2,Agent_124,UN QUARTIER DE LA VILLE DE YAOUNDE
4,4,4,4,4,mistral:7b,data_pmus_yaounde,q1_2_a,Agent_124,BARRIERE
4,4,3,4,3,mistral:7b,data_pmus_yaounde,q1_2_b,Agent_124,BARRIERE
4,4,4,4,4,mistral:7b,data_pmus_yaounde,q1_3_c,Agent_124,AFANOYA
3,3,4,4,3,mistral:7b,data_pmus_yaounde,q2_1,Agent_124,PAR BUS AGENCE INTERURBAIN
4,4,3,4,3,mistral:7b,data_pmus_yaounde,q2_2_1,Agent_124,BARRIERE
1,1,1,1,3,mistral:7b,data_pmus_yaounde,q2_2_2,Agent_124,nan
4,4,3,4,3,mistral:7b,data_pmus_yaounde,q2_3_1,Agent_124,BARRIERE
1,1,1,1,3,mistral:7b,data_pmus_yaounde,q2_3_2,Agent_124,nan
4,4,5,4,5,mistral:7b,data_pmus_yaounde,q2_3,Agent_124,NON
4,4,4,4,4,mistral:7b,data_pmus_yaounde,q2_4,Agent_124,PAR BUS AGENCE INTERURBAIN
4,4,4,4,4,mistral:7b,data_pmus_yaounde,q2_5_1,Agent_124,NSIMALEN
4,4,4,4,4,mistral:7b,data_pmus_yaounde,q2_5_2,Agent_124,BARRIERE
4,4,4,4,4,mistral:7b,data_pmus_yaounde,q2_6_1,Agent_124,BARRIERE
4,4,4,4,4,mistral:7b,data_pmus_yaounde,q2_6_2,Agent_124,BARRIERE
4,3,5,4,5,mistral:7b,data_pmus_yaounde,q3_1,Agent_124,NON
4,3,4,4,3,mistral:7b,data_pmus_yaounde,q3_2,Agent_124,PAR BUS AGENCE INTERURBAIN
4,4,4,4,4,mistral:7b,data_pmus_yaounde,q3_3_1,Agent_124,BARRIERE
4,4,3,4,3,mistral:7b,data_pmus_yaounde,q3_3_2,Agent_124,BARRIERE
1,1,1,1,3,mistral:7b,data_pmus_yaounde,q4_1_a,Agent_124,nan
1,1,1,1,3,mistral:7b,data_pmus_yaounde,q4_1_b,Agent_124,nan
4,4,2,4,2,mistral:7b,data_pmus_yaounde,q4_2_a,Agent_124,Veuillez indiquer depuis combien de temps vous attendez.
4,3,5,4,4,mistral:7b,data_pmus_yaounde,q4_2_b,Agent_124,30 60 MIN
4,4,4,4,4,mistral:7b,data_pmus_yaounde,q4_3,Agent_124,1250.0
4,3,4,4,4,mistral:7b,data_pmus_yaounde,q4_4,Agent_124,VISITE FAMILLE
3,3,4,4,4,mistral:7b,data_pmus_yaounde,q4_4_autres,Agent_124,BALADE
5,3,5,4,5,mistral:7b,data_pmus_yaounde,q5_1,Agent_124,MOINS DE 18 ANS
5,3,4,4,5,mistral:7b,data_pmus_yaounde,q5_2,Agent_124,ENTRE 30 001 ET 100 000
5,4,5,4,5,mistral:7b,data_pmus_yaounde,q5_3,Agent_124,FEMME
4,4,4,4,4,mistral:7b,data_pmus_yaounde,centre ville,Agent_125,YAOUNDE
5,4,5,4,5,mistral:7b,data_pmus_yaounde,q1_1,Agent_125,UN QUARTIER DE LA VILLE DE YAOUNDE
4,4,4,4,4,mistral:7b,data_pmus_yaounde,q1_1_a,Agent_125,MENDONG
4,4,3,4,3,mistral:7b,data_pmus_yaounde,q1_1_b,Agent_125,10EME ARRET
4,4,4,4,4,mistral:7b,data_pmus_yaounde,q1_1_c,Agent_125,AFANOYA
5,4,5,4,5,mistral:7b,data_pmus_yaounde,q1_2,Agent_125,UN QUARTIER DE LA VILLE DE YAOUNDE
4,4,4,4,4,mistral:7b,data_pmus_yaounde,q1_2_a,Agent_125,MENDONG
4,4,3,4,3,mistral:7b,data_pmus_yaounde,q1_2_b,Agent_125,10 IEME ARRET
1,1,1,1,3,mistral:7b,data_pmus_yaounde,q1_3_c,Agent_125,nan
3,3,4,4,3,mistral:7b,data_pmus_yaounde,q2_1,Agent_125,PAR BUS AGENCE INTERURBAIN
4,4,3,4,3,mistral:7b,data_pmus_yaounde,q2_2_1,Agent_125,SIMBOCK
4,4,3,4,3,mistral:7b,data_pmus_yaounde,q2_2_2,Agent_125,10 E ARRET
4,4,3,4,3,mistral:7b,data_pmus_yaounde,q2_3_1,Agent_125,0LESOA
4,4,3,4,3,mistral:7b,data_pmus_yaounde,q2_3_2,Agent_125,ENTREE SIMBOCK
4,4,5,4,5,mistral:7b,data_pmus_yaounde,q2_3,Agent_125,NON
4,4,4,4,4,mistral:7b,data_pmus_yaounde,q2_4,Agent_125,PAR BUS AGENCE INTERURBAIN
4,4,4,4,4,mistral:7b,data_pmus_yaounde,q2_5_1,Agent_125,SIMBOCK
4,4,4,4,4,mistral:7b,data_pmus_yaounde,q2_5_2,Agent_125,0MPHINE
4,4,4,4,4,mistral:7b,data_pmus_yaounde,q2_6_1,Agent_125,ABATTOIR
4,4,4,4,4,mistral:7b,data_pmus_yaounde,q2_6_2,Agent_125,SIMBOCK
4,3,5,4,5,mistral:7b,data_pmus_yaounde,q3_1,Agent_125,NON
4,3,4,4,3,mistral:7b,data_pmus_yaounde,q3_2,Agent_125,A PIED
4,4,4,4,4,mistral:7b,data_pmus_yaounde,q3_3_1,Agent_125,SIMBOCK
4,4,3,4,3,mistral:7b,data_pmus_yaounde,q3_3_2,Agent_125,10 IEME ARRET
1,1,1,1,3,mistral:7b,data_pmus_yaounde,q4_1_a,Agent_125,nan
4,3,3,4,4,mistral:7b,data_pmus_yaounde,q4_1_b,Agent_125,PLUS DE 20 MINUTES
4,4,2,4,2,mistral:7b,data_pmus_yaounde,q4_2_a,Agent_125,Veuillez indiquer depuis combien de temps vous attendez.
4,3,5,4,4,mistral:7b,data_pmus_yaounde,q4_2_b,Agent_125,PLUS DE 1HEURE
4,4,4,4,4,mistral:7b,data_pmus_yaounde,q4_3,Agent_125,3800.0
4,3,4,4,4,mistral:7b,data_pmus_yaounde,q4_4,Agent_125,TRAVAIL
3,3,4,4,4,mistral:7b,data_pmus_yaounde,q4_4_autres,Agent_125,ACHAT
5,3,5,4,5,mistral:7b,data_pmus_yaounde,q5_1,Agent_125,ENTRE 55ANS ET 64 ANS
5,3,4,4,5,mistral:7b,data_pmus_yaounde,q5_2,Agent_125,ENTRE 30 001 ET 100 000
5,4,5,4,5,mistral:7b,data_pmus_yaounde,q5_3,Agent_125,HOMME
4,4,4,4,4,mistral:7b,data_pmus_yaounde,centre ville,Agent_126,YAOUNDE
5,4,5,4,5,mistral:7b,data_pmus_yaounde,q1_1,Agent_126,UN QUARTIER DE LA VILLE DE YAOUNDE
4,4,4,4,4,mistral:7b,data_pmus_yaounde,q1_1_a,Agent_126,EYEGUE
4,4,3,4,3,mistral:7b,data_pmus_yaounde,q1_1_b,Agent_126,NKOLODOM
4,4,4,4,4,mistral:7b,data_pmus_yaounde,q1_1_c,Agent_126,AFANOYA
5,4,5,4,5,mistral:7b,data_pmus_yaounde,q1_2,Agent_126,UN QUARTIER DE LA VILLE DE YAOUNDE
4,4,4,4,4,mistral:7b,data_pmus_yaounde,q1_2_a,Agent_126,NKOMO
4,4,3,4,3,mistral:7b,data_pmus_yaounde,q1_2_b,Agent_126,NKOMO
4,4,4,4,4,mistral:7b,data_pmus_yaounde,q1_3_c,Agent_126,NKOMO
3,3,4,4,3,mistral:7b,data_pmus_yaounde,q2_1,Agent_126,PAR BUS AGENCE INTERURBAIN
4,4,3,4,3,mistral:7b,data_pmus_yaounde,q2_2_1,Agent_126,EKOUNOU
4,4,3,4,3,mistral:7b,data_pmus_yaounde,q2_2_2,Agent_126,10 E ARRET
4,4,3,4,3,mistral:7b,data_pmus_yaounde,q2_3_1,Agent_126,EKOUNOU
4,4,3,4,3,mistral:7b,data_pmus_yaounde,q2_3_2,Agent_126,EKOUNOU
4,4,5,4,5,mistral:7b,data_pmus_yaounde,q2_3,Agent_126,NON
4,4,4,4,4,mistral:7b,data_pmus_yaounde,q2_4,Agent_126,PAR CARGO MINI BUS
4,4,4,4,4,mistral:7b,data_pmus_yaounde,q2_5_1,Agent_126,EKOUNOU
4,4,4,4,4,mistral:7b,data_pmus_yaounde,q2_5_2,Agent_126,0MPHINE
4,4,4,4,4,mistral:7b,data_pmus_yaounde,q2_6_1,Agent_126,EKOUNOU
4,4,4,4,4,mistral:7b,data_pmus_yaounde,q2_6_2,Agent_126,11EME ARRET
4,3,5,4,5,mistral:7b,data_pmus_yaounde,q3_1,Agent_126,NON
4,3,4,4,3,mistral:7b,data_pmus_yaounde,q3_2,Agent_126,PAR CARGO MINI BUS
4,4,4,4,4,mistral:7b,data_pmus_yaounde,q3_3_1,Agent_126,EKOUNOU
4,4,3,4,3,mistral:7b,data_pmus_yaounde,q3_3_2,Agent_126,10 IEME ARRET
4,4,2,4,2,mistral:7b,data_pmus_yaounde,q4_1_a,Agent_126,Veuillez indiquer depuis combien de temps vous attendez.
4,3,3,4,4,mistral:7b,data_pmus_yaounde,q4_1_b,Agent_126,10 20 MINUTES
4,4,2,4,2,mistral:7b,data_pmus_yaounde,q4_2_a,Agent_126,Veuillez indiquer depuis combien de temps vous attendez.
4,3,5,4,4,mistral:7b,data_pmus_yaounde,q4_2_b,Agent_126,15 30 MIN
4,4,4,4,4,mistral:7b,data_pmus_yaounde,q4_3,Agent_126,3300.0
4,3,4,4,4,mistral:7b,data_pmus_yaounde,q4_4,Agent_126,TRAVAIL
3,3,4,4,4,mistral:7b,data_pmus_yaounde,q4_4_autres,Agent_126,ACHAT
5,3,5,4,5,mistral:7b,data_pmus_yaounde,q5_1,Agent_126,ENTRE 36 ET 45 ANS
5,3,4,4,5,mistral:7b,data_pmus_yaounde,q5_2,Agent_126,ENTRE 30 001 ET 100 000
5,4,5,4,5,mistral:7b,data_pmus_yaounde,q5_3,Agent_126,HOMME
4,4,4,4,4,mistral:7b,data_pmus_yaounde,centre ville,Agent_127,YAOUNDE
5,4,5,4,5,mistral:7b,data_pmus_yaounde,q1_1,Agent_127,UN QUARTIER DE LA VILLE DE YAOUNDE
4,4,4,4,4,mistral:7b,data_pmus_yaounde,q1_1_a,Agent_127,NKOLBISSON
4,4,3,4,3,mistral:7b,data_pmus_yaounde,q1_1_b,Agent_127,10EME ARRET
4,4,4,4,4,mistral:7b,data_pmus_yaounde,q1_1_c,Agent_127,AFANOYA
5,4,5,4,5,mistral:7b,data_pmus_yaounde,q1_2,Agent_127,UN QUARTIER DE LA VILLE DE YAOUNDE
4,4,4,4,4,mistral:7b,data_pmus_yaounde,q1_2_a,Agent_127,NSIMALEN
4,4,3,4,3,mistral:7b,data_pmus_yaounde,q1_2_b,Agent_127,NSIMALEN
4,4,4,4,4,mistral:7b,data_pmus_yaounde,q1_3_c,Agent_127,NSIMALEN
3,3,4,4,3,mistral:7b,data_pmus_yaounde,q2_1,Agent_127,PAR BUS AGENCE INTERURBAIN
4,4,3,4,3,mistral:7b,data_pmus_yaounde,q2_2_1,Agent_127,2 CHEVEAU
4,4,3,4,3,mistral:7b,data_pmus_yaounde,q2_2_2,Agent_127,NKOLBISSON
4,4,3,4,3,mistral:7b,data_pmus_yaounde,q2_3_1,Agent_127,NKOLBISSON
4,4,3,4,3,mistral:7b,data_pmus_yaounde,q2_3_2,Agent_127,NKOLBISSON
4,4,5,4,5,mistral:7b,data_pmus_yaounde,q2_3,Agent_127,NON
4,4,4,4,4,mistral:7b,data_pmus_yaounde,q2_4,Agent_127,PAR BUS AGENCE INTERURBAIN
4,4,4,4,4,mistral:7b,data_pmus_yaounde,q2_5_1,Agent_127,A B0NAS
4,4,4,4,4,mistral:7b,data_pmus_yaounde,q2_5_2,Agent_127,NKOLBISSON
4,4,4,4,4,mistral:7b,data_pmus_yaounde,q2_6_1,Agent_127,NKOLBISSON
4,4,4,4,4,mistral:7b,data_pmus_yaounde,q2_6_2,Agent_127,NKOLBISSON
4,3,5,4,5,mistral:7b,data_pmus_yaounde,q3_1,Agent_127,NON
4,3,4,4,3,mistral:7b,data_pmus_yaounde,q3_2,Agent_127,PAR BUS AGENCE INTERURBAIN
4,4,4,4,4,mistral:7b,data_pmus_yaounde,q3_3_1,Agent_127,NKOLBISSON
4,4,3,4,3,mistral:7b,data_pmus_yaounde,q3_3_2,Agent_127,10 IEME ARRET
4,4,2,4,2,mistral:7b,data_pmus_yaounde,q4_1_a,Agent_127,Veuillez indiquer depuis combien de temps vous attendez.
4,3,3,4,4,mistral:7b,data_pmus_yaounde,q4_1_b,Agent_127,PLUS DE 20 MINUTES
4,4,2,4,2,mistral:7b,data_pmus_yaounde,q4_2_a,Agent_127,Veuillez indiquer depuis combien de temps vous attendez.
4,3,5,4,4,mistral:7b,data_pmus_yaounde,q4_2_b,Agent_127,30 60 MIN
4,4,4,4,4,mistral:7b,data_pmus_yaounde,q4_3,Agent_127,1350.0
4,3,4,4,4,mistral:7b,data_pmus_yaounde,q4_4,Agent_127,TRAVAIL
3,3,4,4,4,mistral:7b,data_pmus_yaounde,q4_4_autres,Agent_127,COMMERCE
5,3,5,4,5,mistral:7b,data_pmus_yaounde,q5_1,Agent_127,ENTRE 18 ET 25 ANS
5,3,4,4,5,mistral:7b,data_pmus_yaounde,q5_2,Agent_127,ENTRE 30 001 ET 100 000
5,4,5,4,5,mistral:7b,data_pmus_yaounde,q5_3,Agent_127,HOMME
4,4,4,4,4,mistral:7b,data_pmus_yaounde,centre ville,Agent_128,YAOUNDE
5,4,5,4,5,mistral:7b,data_pmus_yaounde,q1_1,Agent_128,UN QUARTIER DE LA VILLE DE YAOUNDE
4,4,4,4,4,mistral:7b,data_pmus_yaounde,q1_1_a,Agent_128,BARRIERE
4,4,3,4,3,mistral:7b,data_pmus_yaounde,q1_1_b,Agent_128,10EME ARRET
4,4,4,4,4,mistral:7b,data_pmus_yaounde,q1_1_c,Agent_128,CARRIERE
5,4,5,4,5,mistral:7b,data_pmus_yaounde,q1_2,Agent_128,UN QUARTIER DE LA VILLE DE YAOUNDE
4,4,4,4,4,mistral:7b,data_pmus_yaounde,q1_2_a,Agent_128,CARRIERE
4,4,3,4,3,mistral:7b,data_pmus_yaounde,q1_2_b,Agent_128,10 IEME ARRET
4,4,4,4,4,mistral:7b,data_pmus_yaounde,q1_3_c,Agent_128,YAOUNDE
3,3,4,4,3,mistral:7b,data_pmus_yaounde,q2_1,Agent_128,PAR BUS AGENCE INTERURBAIN
4,4,3,4,3,mistral:7b,data_pmus_yaounde,q2_2_1,Agent_128,BARRIERE
4,4,3,4,3,mistral:7b,data_pmus_yaounde,q2_2_2,Agent_128,10 E ARRET
4,4,3,4,3,mistral:7b,data_pmus_yaounde,q2_3_1,Agent_128,0LESOA
4,4,3,4,3,mistral:7b,data_pmus_yaounde,q2_3_2,Agent_128,0NANA
4,4,5,4,5,mistral:7b,data_pmus_yaounde,q2_3,Agent_128,NON
4,4,4,4,4,mistral:7b,data_pmus_yaounde,q2_4,Agent_128,A PIED
4,4,4,4,4,mistral:7b,data_pmus_yaounde,q2_5_1,Agent_128,A B0NAS
4,4,4,4,4,mistral:7b,data_pmus_yaounde,q2_5_2,Agent_128,DEPOT GUINESS
4,4,4,4,4,mistral:7b,data_pmus_yaounde,q2_6_1,Agent_128,BARRIERE
4,4,4,4,4,mistral:7b,data_pmus_yaounde,q2_6_2,Agent_128,BARRIERE
4,3,5,4,5,mistral:7b,data_pmus_yaounde,q3_1,Agent_128,NON
4,3,4,4,3,mistral:7b,data_pmus_yaounde,q3_2,Agent_128,PAR BUS AGENCE INTERURBAIN
4,4,4,4,4,mistral:7b,data_pmus_yaounde,q3_3_1,Agent_128,CARRIERE
4,4,3,4,3,mistral:7b,data_pmus_yaounde,q3_3_2,Agent_128,CARRIERE
4,4,2,4,2,mistral:7b,data_pmus_yaounde,q4_1_a,Agent_128,Veuillez indiquer depuis combien de temps vous attendez.
4,3,3,4,4,mistral:7b,data_pmus_yaounde,q4_1_b,Agent_128,PLUS DE 20 MINUTES
4,4,2,4,2,mistral:7b,data_pmus_yaounde,q4_2_a,Agent_128,Veuillez indiquer depuis combien de temps vous attendez.
4,3,5,4,4,mistral:7b,data_pmus_yaounde,q4_2_b,Agent_128,30 60 MIN
4,4,4,4,4,mistral:7b,data_pmus_yaounde,q4_3,Agent_128,1650.0
4,3,4,4,4,mistral:7b,data_pmus_yaounde,q4_4,Agent_128,TRAVAIL
3,3,4,4,4,mistral:7b,data_pmus_yaounde,q4_4_autres,Agent_128,ACHAT
5,3,5,4,5,mistral:7b,data_pmus_yaounde,q5_1,Agent_128,ENTRE 36 ET 45 ANS
5,3,4,4,5,mistral:7b,data_pmus_yaounde,q5_2,Agent_128,ENTRE 30 001 ET 100 000
5,4,5,4,5,mistral:7b,data_pmus_yaounde,q5_3,Agent_128,HOMME
4,4,4,4,4,mistral:7b,data_pmus_yaounde,centre ville,Agent_129,YAOUNDE
5,4,5,4,5,mistral:7b,data_pmus_yaounde,q1_1,Agent_129,UN QUARTIER DE LA VILLE DE YAOUNDE
4,4,4,4,4,mistral:7b,data_pmus_yaounde,q1_1_a,Agent_129,AFANOYA
4,4,3,4,3,mistral:7b,data_pmus_yaounde,q1_1_b,Agent_129,10EME ARRET
4,4,4,4,4,mistral:7b,data_pmus_yaounde,q1_1_c,Agent_129,AFANOYA
5,4,5,4,5,mistral:7b,data_pmus_yaounde,q1_2,Agent_129,UN QUARTIER DE LA VILLE DE YAOUNDE
4,4,4,4,4,mistral:7b,data_pmus_yaounde,q1_2_a,Agent_129,AFANOYA
4,4,3,4,3,mistral:7b,data_pmus_yaounde,q1_2_b,Agent_129,10 IEME ARRET
4,4,4,4,4,mistral:7b,data_pmus_yaounde,q1_3_c,Agent_129,AFANOYA
3,3,4,4,3,mistral:7b,data_pmus_yaounde,q2_1,Agent_129,PAR BUS AGENCE INTERURBAIN
4,4,3,4,3,mistral:7b,data_pmus_yaounde,q2_2_1,Agent_129,2 CHEVEAU
4,4,3,4,3,mistral:7b,data_pmus_yaounde,q2_2_2,Agent_129,10 E ARRET
4,4,3,4,3,mistral:7b,data_pmus_yaounde,q2_3_1,Agent_129,NGOAUKELE
4,4,3,4,3,mistral:7b,data_pmus_yaounde,q2_3_2,Agent_129,NGOA EKELLE
4,4,5,4,5,mistral:7b,data_pmus_yaounde,q2_3,Agent_129,NON
4,4,4,4,4,mistral:7b,data_pmus_yaounde,q2_4,Agent_129,A PIED
4,4,4,4,4,mistral:7b,data_pmus_yaounde,q2_5_1,Agent_129,A B0NAS
4,4,4,4,4,mistral:7b,data_pmus_yaounde,q2_5_2,Agent_129,0MPHINE
4,4,4,4,4,mistral:7b,data_pmus_yaounde,q2_6_1,Agent_129,CARREFOUR
4,4,4,4,4,mistral:7b,data_pmus_yaounde,q2_6_2,Agent_129,CARREFOUR
4,3,5,4,5,mistral:7b,data_pmus_yaounde,q3_1,Agent_129,NON
4,3,4,4,3,mistral:7b,data_pmus_yaounde,q3_2,Agent_129,A PIED
4,4,4,4,4,mistral:7b,data_pmus_yaounde,q3_3_1,Agent_129,ACACIA
4,4,3,4,3,mistral:7b,data_pmus_yaounde,q3_3_2,Agent_129,CARREFOUR
1,1,1,1,3,mistral:7b,data_pmus_yaounde,q4_1_a,Agent_129,nan
4,3,3,4,4,mistral:7b,data_pmus_yaounde,q4_1_b,Agent_129,PLUS DE 20 MINUTES
4,4,2,4,2,mistral:7b,data_pmus_yaounde,q4_2_a,Agent_129,Veuillez indiquer depuis combien de temps vous attendez.
4,3,5,4,4,mistral:7b,data_pmus_yaounde,q4_2_b,Agent_129,15 30 MIN
4,4,4,4,4,mistral:7b,data_pmus_yaounde,q4_3,Agent_129,3300.0
4,3,4,4,4,mistral:7b,data_pmus_yaounde,q4_4,Agent_129,COURSES
3,3,4,4,4,mistral:7b,data_pmus_yaounde,q4_4_autres,Agent_129,FAIRE DU MARCHE
5,3,5,4,5,mistral:7b,data_pmus_yaounde,q5_1,Agent_129,ENTRE 18 ET 25 ANS
5,3,4,4,5,mistral:7b,data_pmus_yaounde,q5_2,Agent_129,MOINS DE 30 000
5,4,5,4,5,mistral:7b,data_pmus_yaounde,q5_3,Agent_129,HOMME
4,4,4,4,4,mistral:7b,data_pmus_yaounde,centre ville,Agent_130,YAOUNDE
5,4,5,4,5,mistral:7b,data_pmus_yaounde,q1_1,Agent_130,UN QUARTIER DE LA VILLE DE YAOUNDE
4,4,4,4,4,mistral:7b,data_pmus_yaounde,q1_1_a,Agent_130,CENTRE VILLE
4,4,3,4,3,mistral:7b,data_pmus_yaounde,q1_1_b,Agent_130,10EME ARRET
4,4,4,4,4,mistral:7b,data_pmus_yaounde,q1_1_c,Agent_130,AFANOYA
5,4,5,4,5,mistral:7b,data_pmus_yaounde,q1_2,Agent_130,UN QUARTIER DE LA VILLE DE YAOUNDE
4,4,4,4,4,mistral:7b,data_pmus_yaounde,q1_2_a,Agent_130,CENTRE VILLE
4,4,3,4,3,mistral:7b,data_pmus_yaounde,q1_2_b,Agent_130,10 IEME ARRET
1,1,1,1,3,mistral:7b,data_pmus_yaounde,q1_3_c,Agent_130,nan
3,3,4,4,3,mistral:7b,data_pmus_yaounde,q2_1,Agent_130,PAR BUS AGENCE INTERURBAIN
4,4,3,4,3,mistral:7b,data_pmus_yaounde,q2_2_1,Agent_130,2 CHEVEAU
4,4,3,4,3,mistral:7b,data_pmus_yaounde,q2_2_2,Agent_130,10 E ARRET
4,4,3,4,3,mistral:7b,data_pmus_yaounde,q2_3_1,Agent_130,0LESOA
4,4,3,4,3,mistral:7b,data_pmus_yaounde,q2_3_2,Agent_130,0NANA
4,4,5,4,5,mistral:7b,data_pmus_yaounde,q2_3,Agent_130,NON
4,4,4,4,4,mistral:7b,data_pmus_yaounde,q2_4,Agent_130,PAR BUS AGENCE INTERURBAIN
4,4,4,4,4,mistral:7b,data_pmus_yaounde,q2_5_1,Agent_130,TERMINUS
4,4,4,4,4,mistral:7b,data_pmus_yaounde,q2_5_2,Agent_130,0MPHINE
4,4,4,4,4,mistral:7b,data_pmus_yaounde,q2_6_1,Agent_130,TERMINUS ODJA
4,4,4,4,4,mistral:7b,data_pmus_yaounde,q2_6_2,Agent_130,AVENUE KENNEDY
4,3,5,4,5,mistral:7b,data_pmus_yaounde,q3_1,Agent_130,NON
4,3,4,4,3,mistral:7b,data_pmus_yaounde,q3_2,Agent_130,PAR BUS AGENCE INTERURBAIN
4,4,4,4,4,mistral:7b,data_pmus_yaounde,q3_3_1,Agent_130,ACACIA
4,4,3,4,3,mistral:7b,data_pmus_yaounde,q3_3_2,Agent_130,NKOMO
1,1,1,1,3,mistral:7b,data_pmus_yaounde,q4_1_a,Agent_130,nan
4,3,3,4,4,mistral:7b,data_pmus_yaounde,q4_1_b,Agent_130,PLUS DE 20 MINUTES
4,4,2,4,2,mistral:7b,data_pmus_yaounde,q4_2_a,Agent_130,Veuillez indiquer depuis combien de temps vous attendez.
4,3,5,4,4,mistral:7b,data_pmus_yaounde,q4_2_b,Agent_130,15 30 MIN
4,4,4,4,4,mistral:7b,data_pmus_yaounde,q4_3,Agent_130,800.0
4,3,4,4,4,mistral:7b,data_pmus_yaounde,q4_4,Agent_130,VISITE FAMILLE
3,3,4,4,4,mistral:7b,data_pmus_yaounde,q4_4_autres,Agent_130,RETOUR A LA MAISON
5,3,5,4,5,mistral:7b,data_pmus_yaounde,q5_1,Agent_130,ENTRE 18 ET 25 ANS
5,3,4,4,5,mistral:7b,data_pmus_yaounde,q5_2,Agent_130,MOINS DE 30 000
5,4,5,4,5,mistral:7b,data_pmus_yaounde,q5_3,Agent_130,FEMME
4,4,4,4,4,mistral:7b,data_pmus_yaounde,centre ville,Agent_131,YAOUNDE
5,4,5,4,5,mistral:7b,data_pmus_yaounde,q1_1,Agent_131,UN QUARTIER DE LA VILLE DE YAOUNDE
4,4,4,4,4,mistral:7b,data_pmus_yaounde,q1_1_a,Agent_131,NKOLMESSENG
4,4,3,4,3,mistral:7b,data_pmus_yaounde,q1_1_b,Agent_131,10EME ARRET
4,4,4,4,4,mistral:7b,data_pmus_yaounde,q1_1_c,Agent_131,AFANOYA
5,4,5,4,5,mistral:7b,data_pmus_yaounde,q1_2,Agent_131,UN QUARTIER DE LA VILLE DE YAOUNDE
4,4,4,4,4,mistral:7b,data_pmus_yaounde,q1_2_a,Agent_131,NKOLMESSENG
4,4,3,4,3,mistral:7b,data_pmus_yaounde,q1_2_b,Agent_131,NKOLMESSENG
4,4,4,4,4,mistral:7b,data_pmus_yaounde,q1_3_c,Agent_131,AFANOYA
3,3,4,4,3,mistral:7b,data_pmus_yaounde,q2_1,Agent_131,PAR BUS AGENCE INTERURBAIN
4,4,3,4,3,mistral:7b,data_pmus_yaounde,q2_2_1,Agent_131,NKOLMESSENG
4,4,3,4,3,mistral:7b,data_pmus_yaounde,q2_2_2,Agent_131,NKOLMESSENG
4,4,3,4,3,mistral:7b,data_pmus_yaounde,q2_3_1,Agent_131,NKOLMESSENG
4,4,3,4,3,mistral:7b,data_pmus_yaounde,q2_3_2,Agent_131,0NANA
4,4,5,4,5,mistral:7b,data_pmus_yaounde,q2_3,Agent_131,NON
4,4,4,4,4,mistral:7b,data_pmus_yaounde,q2_4,Agent_131,A PIED
4,4,4,4,4,mistral:7b,data_pmus_yaounde,q2_5_1,Agent_131,NKOLMESSENG
4,4,4,4,4,mistral:7b,data_pmus_yaounde,q2_5_2,Agent_131,0MPHINE
4,4,4,4,4,mistral:7b,data_pmus_yaounde,q2_6_1,Agent_131,ABATTOIR
4,4,4,4,4,mistral:7b,data_pmus_yaounde,q2_6_2,Agent_131,11EME ARRET
4,3,5,4,5,mistral:7b,data_pmus_yaounde,q3_1,Agent_131,NON
4,3,4,4,3,mistral:7b,data_pmus_yaounde,q3_2,Agent_131,A PIED
4,4,4,4,4,mistral:7b,data_pmus_yaounde,q3_3_1,Agent_131,NKOLMESSENG
4,4,3,4,3,mistral:7b,data_pmus_yaounde,q3_3_2,Agent_131,10 IEME ARRET
1,1,1,1,3,mistral:7b,data_pmus_yaounde,q4_1_a,Agent_131,nan
4,3,3,4,4,mistral:7b,data_pmus_yaounde,q4_1_b,Agent_131,PLUS DE 20 MINUTES
4,4,2,4,2,mistral:7b,data_pmus_yaounde,q4_2_a,Agent_131,Veuillez indiquer depuis combien de temps vous attendez.
4,3,5,4,4,mistral:7b,data_pmus_yaounde,q4_2_b,Agent_131,PLUS DE 1HEURE
1,1,1,1,3,mistral:7b,data_pmus_yaounde,q4_3,Agent_131,nan
4,3,4,4,4,mistral:7b,data_pmus_yaounde,q4_4,Agent_131,VISITE FAMILLE
3,3,4,4,4,mistral:7b,data_pmus_yaounde,q4_4_autres,Agent_131,ACHAT
5,3,5,4,5,mistral:7b,data_pmus_yaounde,q5_1,Agent_131,ENTRE 18 ET 25 ANS
5,3,4,4,5,mistral:7b,data_pmus_yaounde,q5_2,Agent_131,ENTRE 30 001 ET 100 000
5,4,5,4,5,mistral:7b,data_pmus_yaounde,q5_3,Agent_131,FEMME
4,4,4,4,4,mistral:7b,data_pmus_yaounde,centre ville,Agent_132,YAOUNDE
5,4,5,4,5,mistral:7b,data_pmus_yaounde,q1_1,Agent_132,UN QUARTIER DE LA VILLE DE YAOUNDE
4,4,4,4,4,mistral:7b,data_pmus_yaounde,q1_1_a,Agent_132,ABIT
1,1,1,1,3,mistral:7b,data_pmus_yaounde,q1_1_b,Agent_132,nan
1,1,1,1,3,mistral:7b,data_pmus_yaounde,q1_1_c,Agent_132,nan
5,4,5,4,5,mistral:7b,data_pmus_yaounde,q1_2,Agent_132,UN QUARTIER DE LA VILLE DE YAOUNDE
4,4,4,4,4,mistral:7b,data_pmus_yaounde,q1_2_a,Agent_132,ABOM
4,4,3,4,3,mistral:7b,data_pmus_yaounde,q1_2_b,Agent_132,10 IEME ARRET
1,1,1,1,3,mistral:7b,data_pmus_yaounde,q1_3_c,Agent_132,nan
3,3,4,4,3,mistral:7b,data_pmus_yaounde,q2_1,Agent_132,PAR BUS AGENCE INTERURBAIN
4,4,3,4,3,mistral:7b,data_pmus_yaounde,q2_2_1,Agent_132,AUBERGE BLUE
4,4,3,4,3,mistral:7b,data_pmus_yaounde,q2_2_2,Agent_132,10 E ARRET
4,4,3,4,3,mistral:7b,data_pmus_yaounde,q2_3_1,Agent_132,0LESOA
4,4,3,4,3,mistral:7b,data_pmus_yaounde,q2_3_2,Agent_132,0NANA
4,4,5,4,5,mistral:7b,data_pmus_yaounde,q2_3,Agent_132,NON
4,4,4,4,4,mistral:7b,data_pmus_yaounde,q2_4,Agent_132,PAR BUS AGENCE INTERURBAIN
4,4,4,4,4,mistral:7b,data_pmus_yaounde,q2_5_1,Agent_132,AUBERGE BLEU
4,4,4,4,4,mistral:7b,data_pmus_yaounde,q2_5_2,Agent_132,0MPHINE
4,4,4,4,4,mistral:7b,data_pmus_yaounde,q2_6_1,Agent_132,ABATTOIR
4,4,4,4,4,mistral:7b,data_pmus_yaounde,q2_6_2,Agent_132,11EME ARRET
4,3,5,4,5,mistral:7b,data_pmus_yaounde,q3_1,Agent_132,NON
4,3,4,4,3,mistral:7b,data_pmus_yaounde,q3_2,Agent_132,PAR BUS AGENCE INTERURBAIN
4,4,4,4,4,mistral:7b,data_pmus_yaounde,q3_3_1,Agent_132,ACACIA
4,4,3,4,3,mistral:7b,data_pmus_yaounde,q3_3_2,Agent_132,ABATTOIR
1,1,1,1,3,mistral:7b,data_pmus_yaounde,q4_1_a,Agent_132,nan
4,3,3,4,4,mistral:7b,data_pmus_yaounde,q4_1_b,Agent_132,PLUS DE 20 MINUTES
4,4,2,4,2,mistral:7b,data_pmus_yaounde,q4_2_a,Agent_132,Veuillez indiquer depuis combien de temps vous attendez.
4,3,5,4,4,mistral:7b,data_pmus_yaounde,q4_2_b,Agent_132,PLUS DE 1HEURE
4,4,4,4,4,mistral:7b,data_pmus_yaounde,q4_3,Agent_132,3250.0
4,3,4,4,4,mistral:7b,data_pmus_yaounde,q4_4,Agent_132,COURSES
3,3,4,4,4,mistral:7b,data_pmus_yaounde,q4_4_autres,Agent_132,ETUDES
5,3,5,4,5,mistral:7b,data_pmus_yaounde,q5_1,Agent_132,ENTRE 18 ET 25 ANS
5,3,4,4,5,mistral:7b,data_pmus_yaounde,q5_2,Agent_132,ENTRE 300 001 ET 500 000
5,4,5,4,5,mistral:7b,data_pmus_yaounde,q5_3,Agent_132,HOMME
4,4,4,4,4,mistral:7b,data_pmus_yaounde,centre ville,Agent_133,YAOUNDE
5,4,5,4,5,mistral:7b,data_pmus_yaounde,q1_1,Agent_133,UN QUARTIER DE LA VILLE DE YAOUNDE
4,4,4,4,4,mistral:7b,data_pmus_yaounde,q1_1_a,Agent_133,MFOU
4,4,3,4,3,mistral:7b,data_pmus_yaounde,q1_1_b,Agent_133,10EME ARRET
4,4,4,4,4,mistral:7b,data_pmus_yaounde,q1_1_c,Agent_133,AFANOYA
5,4,5,4,5,mistral:7b,data_pmus_yaounde,q1_2,Agent_133,UN QUARTIER DE LA VILLE DE YAOUNDE
4,4,4,4,4,mistral:7b,data_pmus_yaounde,q1_2_a,Agent_133,MFOU
4,4,3,4,3,mistral:7b,data_pmus_yaounde,q1_2_b,Agent_133,MFOU
1,1,1,1,3,mistral:7b,data_pmus_yaounde,q1_3_c,Agent_133,nan
3,3,4,4,3,mistral:7b,data_pmus_yaounde,q2_1,Agent_133,A PIED
4,4,3,4,3,mistral:7b,data_pmus_yaounde,q2_2_1,Agent_133,MFOU
1,1,1,1,3,mistral:7b,data_pmus_yaounde,q2_2_2,Agent_133,nan
4,4,3,4,3,mistral:7b,data_pmus_yaounde,q2_3_1,Agent_133,MFOU
1,1,1,1,3,mistral:7b,data_pmus_yaounde,q2_3_2,Agent_133,nan
4,4,5,4,5,mistral:7b,data_pmus_yaounde,q2_3,Agent_133,NON
4,4,4,4,4,mistral:7b,data_pmus_yaounde,q2_4,Agent_133,A PIED
4,4,4,4,4,mistral:7b,data_pmus_yaounde,q2_5_1,Agent_133,MFOU
1,1,1,1,3,mistral:7b,data_pmus_yaounde,q2_5_2,Agent_133,nan
4,4,4,4,4,mistral:7b,data_pmus_yaounde,q2_6_1,Agent_133,ABATTOIR
1,1,1,1,3,mistral:7b,data_pmus_yaounde,q2_6_2,Agent_133,nan
4,3,5,4,5,mistral:7b,data_pmus_yaounde,q3_1,Agent_133,NON
4,3,4,4,3,mistral:7b,data_pmus_yaounde,q3_2,Agent_133,A PIED
4,4,4,4,4,mistral:7b,data_pmus_yaounde,q3_3_1,Agent_133,ACACIA
4,4,3,4,3,mistral:7b,data_pmus_yaounde,q3_3_2,Agent_133,ABATTOIR
1,1,1,1,3,mistral:7b,data_pmus_yaounde,q4_1_a,Agent_133,nan
4,3,3,4,4,mistral:7b,data_pmus_yaounde,q4_1_b,Agent_133,MOINS DE 5 MIN
4,4,2,4,2,mistral:7b,data_pmus_yaounde,q4_2_a,Agent_133,Veuillez indiquer depuis combien de temps vous attendez.
4,3,5,4,4,mistral:7b,data_pmus_yaounde,q4_2_b,Agent_133,MOINS DE 15 MIN
4,4,4,4,4,mistral:7b,data_pmus_yaounde,q4_3,Agent_133,100.0
4,3,4,4,4,mistral:7b,data_pmus_yaounde,q4_4,Agent_133,TRAVAIL
3,3,4,4,4,mistral:7b,data_pmus_yaounde,q4_4_autres,Agent_133,ACHAT
5,3,5,4,5,mistral:7b,data_pmus_yaounde,q5_1,Agent_133,ENTRE 26 ET 35 ANS
5,3,4,4,5,mistral:7b,data_pmus_yaounde,q5_2,Agent_133,ENTRE 30 001 ET 100 000
5,4,5,4,5,mistral:7b,data_pmus_yaounde,q5_3,Agent_133,HOMME
4,4,4,4,4,mistral:7b,data_pmus_yaounde,centre ville,Agent_134,YAOUNDE
5,4,5,4,5,mistral:7b,data_pmus_yaounde,q1_1,Agent_134,UN QUARTIER DE LA VILLE DE YAOUNDE
4,4,4,4,4,mistral:7b,data_pmus_yaounde,q1_1_a,Agent_134,NKOLMESSENG
4,4,3,4,3,mistral:7b,data_pmus_yaounde,q1_1_b,Agent_134,NKOLNDZIE
4,4,4,4,4,mistral:7b,data_pmus_yaounde,q1_1_c,Agent_134,AFANOYA
5,4,5,4,5,mistral:7b,data_pmus_yaounde,q1_2,Agent_134,UN QUARTIER DE LA VILLE DE YAOUNDE
4,4,4,4,4,mistral:7b,data_pmus_yaounde,q1_2_a,Agent_134,NKOLMESSENG
4,4,3,4,3,mistral:7b,data_pmus_yaounde,q1_2_b,Agent_134,NKOLMESSENG
1,1,1,1,3,mistral:7b,data_pmus_yaounde,q1_3_c,Agent_134,nan
3,3,4,4,3,mistral:7b,data_pmus_yaounde,q2_1,Agent_134,A PIED
4,4,3,4,3,mistral:7b,data_pmus_yaounde,q2_2_1,Agent_134,NKOLMESSENG
4,4,3,4,3,mistral:7b,data_pmus_yaounde,q2_2_2,Agent_134,NKOLMESSENG
4,4,3,4,3,mistral:7b,data_pmus_yaounde,q2_3_1,Agent_134,NKOLMESSENG
4,4,3,4,3,mistral:7b,data_pmus_yaounde,q2_3_2,Agent_134,0NANA
4,4,5,4,5,mistral:7b,data_pmus_yaounde,q2_3,Agent_134,NON
4,4,4,4,4,mistral:7b,data_pmus_yaounde,q2_4,Agent_134,A PIED
4,4,4,4,4,mistral:7b,data_pmus_yaounde,q2_5_1,Agent_134,NKOLMESSENG
4,4,4,4,4,mistral:7b,data_pmus_yaounde,q2_5_2,Agent_134,0MPHINE
4,4,4,4,4,mistral:7b,data_pmus_yaounde,q2_6_1,Agent_134,ABATTOIR
4,4,4,4,4,mistral:7b,data_pmus_yaounde,q2_6_2,Agent_134,11EME ARRET
4,3,5,4,5,mistral:7b,data_pmus_yaounde,q3_1,Agent_134,NON
4,3,4,4,3,mistral:7b,data_pmus_yaounde,q3_2,Agent_134,A PIED
4,4,4,4,4,mistral:7b,data_pmus_yaounde,q3_3_1,Agent_134,NKOLMESSENG
4,4,3,4,3,mistral:7b,data_pmus_yaounde,q3_3_2,Agent_134,10 IEME ARRET
1,1,1,1,3,mistral:7b,data_pmus_yaounde,q4_1_a,Agent_134,nan
4,3,3,4,4,mistral:7b,data_pmus_yaounde,q4_1_b,Agent_134,PLUS DE 20 MINUTES
4,4,2,4,2,mistral:7b,data_pmus_yaounde,q4_2_a,Agent_134,Veuillez indiquer depuis combien de temps vous attendez.
4,3,5,4,4,mistral:7b,data_pmus_yaounde,q4_2_b,Agent_134,15 30 MIN
4,4,4,4,4,mistral:7b,data_pmus_yaounde,q4_3,Agent_134,700.0
4,3,4,4,4,mistral:7b,data_pmus_yaounde,q4_4,Agent_134,COURSES
3,3,4,4,4,mistral:7b,data_pmus_yaounde,q4_4_autres,Agent_134,FAIRE DES ACHATS
5,3,5,4,5,mistral:7b,data_pmus_yaounde,q5_1,Agent_134,ENTRE 18 ET 25 ANS
5,3,4,4,5,mistral:7b,data_pmus_yaounde,q5_2,Agent_134,ENTRE 30 001 ET 100 000
5,4,5,4,5,mistral:7b,data_pmus_yaounde,q5_3,Agent_134,HOMME
4,4,4,4,4,mistral:7b,data_pmus_yaounde,centre ville,Agent_135,YAOUNDE
5,4,5,4,5,mistral:7b,data_pmus_yaounde,q1_1,Agent_135,UN QUARTIER DE LA VILLE DE YAOUNDE
4,4,4,4,4,mistral:7b,data_pmus_yaounde,q1_1_a,Agent_135,DRAGAGE
1,1,1,1,3,mistral:7b,data_pmus_yaounde,q1_1_b,Agent_135,nan
4,4,4,4,4,mistral:7b,data_pmus_yaounde,q1_1_c,Agent_135,AFANOYA
5,4,5,4,5,mistral:7b,data_pmus_yaounde,q1_2,Agent_135,UN QUARTIER DE LA VILLE DE YAOUNDE
4,4,4,4,4,mistral:7b,data_pmus_yaounde,q1_2_a,Agent_135,DRAGAGE
4,4,3,4,3,mistral:7b,data_pmus_yaounde,q1_2_b,Agent_135,10 IEME ARRET
1,1,1,1,3,mistral:7b,data_pmus_yaounde,q1_3_c,Agent_135,nan
3,3,4,4,3,mistral:7b,data_pmus_yaounde,q2_1,Agent_135,A PIED
4,4,3,4,3,mistral:7b,data_pmus_yaounde,q2_2_1,Agent_135,2 CHEVEAU
4,4,3,4,3,mistral:7b,data_pmus_yaounde,q2_2_2,Agent_135,10 E ARRET
4,4,3,4,3,mistral:7b,data_pmus_yaounde,q2_3_1,Agent_135,0LESOA
4,4,3,4,3,mistral:7b,data_pmus_yaounde,q2_3_2,Agent_135,0NANA
4,4,5,4,5,mistral:7b,data_pmus_yaounde,q2_3,Agent_135,NON
4,4,4,4,4,mistral:7b,data_pmus_yaounde,q2_4,Agent_135,A PIED
4,4,4,4,4,mistral:7b,data_pmus_yaounde,q2_5_1,Agent_135,A B0NAS
4,4,4,4,4,mistral:7b,data_pmus_yaounde,q2_5_2,Agent_135,NKONG EYEBE
4,4,4,4,4,mistral:7b,data_pmus_yaounde,q2_6_1,Agent_135,CHAPPELLE
4,4,4,4,4,mistral:7b,data_pmus_yaounde,q2_6_2,Agent_135,CAMTEL
4,3,5,4,5,mistral:7b,data_pmus_yaounde,q3_1,Agent_135,NON
4,3,4,4,3,mistral:7b,data_pmus_yaounde,q3_2,Agent_135,A PIED
4,4,4,4,4,mistral:7b,data_pmus_yaounde,q3_3_1,Agent_135,ACACIA
1,1,1,1,3,mistral:7b,data_pmus_yaounde,q3_3_2,Agent_135,nan
1,1,1,1,3,mistral:7b,data_pmus_yaounde,q4_1_a,Agent_135,nan
4,3,3,4,4,mistral:7b,data_pmus_yaounde,q4_1_b,Agent_135,MOINS DE 5 MIN
4,4,2,4,2,mistral:7b,data_pmus_yaounde,q4_2_a,Agent_135,Veuillez indiquer depuis combien de temps vous attendez.
4,3,5,4,4,mistral:7b,data_pmus_yaounde,q4_2_b,Agent_135,MOINS DE 15 MIN
4,4,4,4,4,mistral:7b,data_pmus_yaounde,q4_3,Agent_135,1700.0
4,3,4,4,4,mistral:7b,data_pmus_yaounde,q4_4,Agent_135,VISITE FAMILLE
3,3,4,4,4,mistral:7b,data_pmus_yaounde,q4_4_autres,Agent_135,ETUDES
5,3,5,4,5,mistral:7b,data_pmus_yaounde,q5_1,Agent_135,MOINS DE 18 ANS
5,3,4,4,5,mistral:7b,data_pmus_yaounde,q5_2,Agent_135,ENTRE 30 001 ET 100 000
5,4,5,4,5,mistral:7b,data_pmus_yaounde,q5_3,Agent_135,HOMME
4,4,4,4,4,mistral:7b,data_pmus_yaounde,centre ville,Agent_136,YAOUNDE
5,4,5,4,5,mistral:7b,data_pmus_yaounde,q1_1,Agent_136,UN QUARTIER DE LA VILLE DE YAOUNDE
4,4,4,4,4,mistral:7b,data_pmus_yaounde,q1_1_a,Agent_136,ELIG EDZOA
1,1,1,1,3,mistral:7b,data_pmus_yaounde,q1_1_b,Agent_136,nan
4,4,4,4,4,mistral:7b,data_pmus_yaounde,q1_1_c,Agent_136,AFANOYA
5,4,5,4,5,mistral:7b,data_pmus_yaounde,q1_2,Agent_136,UN QUARTIER DE LA VILLE DE YAOUNDE
4,4,4,4,4,mistral:7b,data_pmus_yaounde,q1_2_a,Agent_136,ELIG EDZOA
4,4,3,4,3,mistral:7b,data_pmus_yaounde,q1_2_b,Agent_136,SAFCA
4,4,4,4,4,mistral:7b,data_pmus_yaounde,q1_3_c,Agent_136,AFANOYA
3,3,4,4,3,mistral:7b,data_pmus_yaounde,q2_1,Agent_136,PAR BUS AGENCE INTERURBAIN
4,4,3,4,3,mistral:7b,data_pmus_yaounde,q2_2_1,Agent_136,2 CHEVEAU
4,4,3,4,3,mistral:7b,data_pmus_yaounde,q2_2_2,Agent_136,GARE VOYAGEUR
4,4,3,4,3,mistral:7b,data_pmus_yaounde,q2_3_1,Agent_136,EMOMBO
4,4,3,4,3,mistral:7b,data_pmus_yaounde,q2_3_2,Agent_136,0NANA
4,4,5,4,5,mistral:7b,data_pmus_yaounde,q2_3,Agent_136,NON
4,4,4,4,4,mistral:7b,data_pmus_yaounde,q2_4,Agent_136,PAR BUS AGENCE INTERURBAIN
4,4,4,4,4,mistral:7b,data_pmus_yaounde,q2_5_1,Agent_136,A B0NAS
4,4,4,4,4,mistral:7b,data_pmus_yaounde,q2_5_2,Agent_136,0MPHINE
4,4,4,4,4,mistral:7b,data_pmus_yaounde,q2_6_1,Agent_136,ABATTOIR
4,4,4,4,4,mistral:7b,data_pmus_yaounde,q2_6_2,Agent_136,ANCIENNE MAIRIE
4,3,5,4,5,mistral:7b,data_pmus_yaounde,q3_1,Agent_136,NON
4,3,4,4,3,mistral:7b,data_pmus_yaounde,q3_2,Agent_136,PAR BUS AGENCE INTERURBAIN
4,4,4,4,4,mistral:7b,data_pmus_yaounde,q3_3_1,Agent_136,ACACIA
4,4,3,4,3,mistral:7b,data_pmus_yaounde,q3_3_2,Agent_136,SAFCA
4,4,2,4,2,mistral:7b,data_pmus_yaounde,q4_1_a,Agent_136,Veuillez indiquer depuis combien de temps vous attendez.
4,3,3,4,4,mistral:7b,data_pmus_yaounde,q4_1_b,Agent_136,PLUS DE 20 MINUTES
4,4,2,4,2,mistral:7b,data_pmus_yaounde,q4_2_a,Agent_136,Veuillez indiquer depuis combien de temps vous attendez.
4,3,5,4,4,mistral:7b,data_pmus_yaounde,q4_2_b,Agent_136,15 30 MIN
4,4,4,4,4,mistral:7b,data_pmus_yaounde,q4_3,Agent_136,3000.0
4,3,4,4,4,mistral:7b,data_pmus_yaounde,q4_4,Agent_136,TRAVAIL
3,3,4,4,4,mistral:7b,data_pmus_yaounde,q4_4_autres,Agent_136,ACHAT
5,3,5,4,5,mistral:7b,data_pmus_yaounde,q5_1,Agent_136,ENTRE 36 ET 45 ANS
5,3,4,4,5,mistral:7b,data_pmus_yaounde,q5_2,Agent_136,MOINS DE 30 000
5,4,5,4,5,mistral:7b,data_pmus_yaounde,q5_3,Agent_136,HOMME
4,4,4,4,4,mistral:7b,data_pmus_yaounde,centre ville,Agent_137,YAOUNDE
5,4,5,4,5,mistral:7b,data_pmus_yaounde,q1_1,Agent_137,UN QUARTIER DE LA VILLE DE YAOUNDE
4,4,4,4,4,mistral:7b,data_pmus_yaounde,q1_1_a,Agent_137,JOUVENCE
4,4,3,4,3,mistral:7b,data_pmus_yaounde,q1_1_b,Agent_137,NKOMBASSI
4,4,4,4,4,mistral:7b,data_pmus_yaounde,q1_1_c,Agent_137,AFANOYA
5,4,5,4,5,mistral:7b,data_pmus_yaounde,q1_2,Agent_137,UN QUARTIER DE LA VILLE DE YAOUNDE
4,4,4,4,4,mistral:7b,data_pmus_yaounde,q1_2_a,Agent_137,AHALA
4,4,3,4,3,mistral:7b,data_pmus_yaounde,q1_2_b,Agent_137,10 IEME ARRET
1,1,1,1,3,mistral:7b,data_pmus_yaounde,q1_3_c,Agent_137,nan
3,3,4,4,3,mistral:7b,data_pmus_yaounde,q2_1,Agent_137,PAR BUS AGENCE INTERURBAIN
4,4,3,4,3,mistral:7b,data_pmus_yaounde,q2_2_1,Agent_137,2 CHEVEAU
4,4,3,4,3,mistral:7b,data_pmus_yaounde,q2_2_2,Agent_137,10EME
4,4,3,4,3,mistral:7b,data_pmus_yaounde,q2_3_1,Agent_137,0LESOA
4,4,3,4,3,mistral:7b,data_pmus_yaounde,q2_3_2,Agent_137,MONTEEJOUVENCE
4,4,5,4,5,mistral:7b,data_pmus_yaounde,q2_3,Agent_137,NON
4,4,4,4,4,mistral:7b,data_pmus_yaounde,q2_4,Agent_137,PAR BUS AGENCE INTERURBAIN
4,4,4,4,4,mistral:7b,data_pmus_yaounde,q2_5_1,Agent_137,A B0NAS
4,4,4,4,4,mistral:7b,data_pmus_yaounde,q2_5_2,Agent_137,0MPHINE
4,4,4,4,4,mistral:7b,data_pmus_yaounde,q2_6_1,Agent_137,ABATTOIR
4,4,4,4,4,mistral:7b,data_pmus_yaounde,q2_6_2,Agent_137,11EME ARRET
4,3,5,4,5,mistral:7b,data_pmus_yaounde,q3_1,Agent_137,NON
4,3,4,4,3,mistral:7b,data_pmus_yaounde,q3_2,Agent_137,PAR BUS AGENCE INTERURBAIN
4,4,4,4,4,mistral:7b,data_pmus_yaounde,q3_3_1,Agent_137,ACACIA
4,4,3,4,3,mistral:7b,data_pmus_yaounde,q3_3_2,Agent_137,10 IEME ARRET
4,4,2,4,2,mistral:7b,data_pmus_yaounde,q4_1_a,Agent_137,Veuillez indiquer depuis combien de temps vous attendez.
4,3,3,4,4,mistral:7b,data_pmus_yaounde,q4_1_b,Agent_137,PLUS DE 20 MINUTES
4,4,2,4,2,mistral:7b,data_pmus_yaounde,q4_2_a,Agent_137,Veuillez indiquer depuis combien de temps vous attendez.
4,3,5,4,4,mistral:7b,data_pmus_yaounde,q4_2_b,Agent_137,15 30 MIN
4,4,4,4,4,mistral:7b,data_pmus_yaounde,q4_3,Agent_137,2900.0
4,3,4,4,4,mistral:7b,data_pmus_yaounde,q4_4,Agent_137,TRAVAIL
3,3,4,4,4,mistral:7b,data_pmus_yaounde,q4_4_autres,Agent_137,COMMERCE
5,3,5,4,5,mistral:7b,data_pmus_yaounde,q5_1,Agent_137,ENTRE 18 ET 25 ANS
5,3,4,4,5,mistral:7b,data_pmus_yaounde,q5_2,Agent_137,ENTRE 30 001 ET 100 000
5,4,5,4,5,mistral:7b,data_pmus_yaounde,q5_3,Agent_137,FEMME
4,4,4,4,4,mistral:7b,data_pmus_yaounde,centre ville,Agent_138,YAOUNDE
5,4,5,4,5,mistral:7b,data_pmus_yaounde,q1_1,Agent_138,UN QUARTIER DE LA VILLE DE YAOUNDE
4,4,4,4,4,mistral:7b,data_pmus_yaounde,q1_1_a,Agent_138,NKOLMESSENG
4,4,3,4,3,mistral:7b,data_pmus_yaounde,q1_1_b,Agent_138,10EME ARRET
4,4,4,4,4,mistral:7b,data_pmus_yaounde,q1_1_c,Agent_138,AFANOYA
5,4,5,4,5,mistral:7b,data_pmus_yaounde,q1_2,Agent_138,UN QUARTIER DE LA VILLE DE YAOUNDE
4,4,4,4,4,mistral:7b,data_pmus_yaounde,q1_2_a,Agent_138,ABOM
4,4,3,4,3,mistral:7b,data_pmus_yaounde,q1_2_b,Agent_138,NKONDENGUI
1,1,1,1,3,mistral:7b,data_pmus_yaounde,q1_3_c,Agent_138,nan
3,3,4,4,3,mistral:7b,data_pmus_yaounde,q2_1,Agent_138,PAR BUS AGENCE INTERURBAIN
4,4,3,4,3,mistral:7b,data_pmus_yaounde,q2_2_1,Agent_138,8EME
4,4,3,4,3,mistral:7b,data_pmus_yaounde,q2_2_2,Agent_138,10 E ARRET
4,4,3,4,3,mistral:7b,data_pmus_yaounde,q2_3_1,Agent_138,0LESOA
4,4,3,4,3,mistral:7b,data_pmus_yaounde,q2_3_2,Agent_138,0NANA
4,4,5,4,5,mistral:7b,data_pmus_yaounde,q2_3,Agent_138,NON
4,4,4,4,4,mistral:7b,data_pmus_yaounde,q2_4,Agent_138,PAR BUS AGENCE INTERURBAIN
4,4,4,4,4,mistral:7b,data_pmus_yaounde,q2_5_1,Agent_138,A B0NAS
4,4,4,4,4,mistral:7b,data_pmus_yaounde,q2_5_2,Agent_138,0MPHINE
4,4,4,4,4,mistral:7b,data_pmus_yaounde,q2_6_1,Agent_138,ABATTOIR
4,4,4,4,4,mistral:7b,data_pmus_yaounde,q2_6_2,Agent_138,11EME ARRET
4,3,5,4,5,mistral:7b,data_pmus_yaounde,q3_1,Agent_138,NON
4,3,4,4,3,mistral:7b,data_pmus_yaounde,q3_2,Agent_138,PAR BUS STACY
4,4,4,4,4,mistral:7b,data_pmus_yaounde,q3_3_1,Agent_138,ACACIA
4,4,3,4,3,mistral:7b,data_pmus_yaounde,q3_3_2,Agent_138,CARREFOUR
1,1,1,1,3,mistral:7b,data_pmus_yaounde,q4_1_a,Agent_138,nan
4,3,3,4,4,mistral:7b,data_pmus_yaounde,q4_1_b,Agent_138,PLUS DE 20 MINUTES
4,4,2,4,2,mistral:7b,data_pmus_yaounde,q4_2_a,Agent_138,Veuillez indiquer depuis combien de temps vous attendez.
4,3,5,4,4,mistral:7b,data_pmus_yaounde,q4_2_b,Agent_138,PLUS DE 1HEURE
4,4,4,4,4,mistral:7b,data_pmus_yaounde,q4_3,Agent_138,3650.0
4,3,4,4,4,mistral:7b,data_pmus_yaounde,q4_4,Agent_138,TRAVAIL
3,3,4,4,4,mistral:7b,data_pmus_yaounde,q4_4_autres,Agent_138,ACHAT
5,3,5,4,5,mistral:7b,data_pmus_yaounde,q5_1,Agent_138,ENTRE 36 ET 45 ANS
5,3,4,4,5,mistral:7b,data_pmus_yaounde,q5_2,Agent_138,ENTRE 30 001 ET 100 000
5,4,5,4,5,mistral:7b,data_pmus_yaounde,q5_3,Agent_138,HOMME
4,4,4,4,4,mistral:7b,data_pmus_yaounde,centre ville,Agent_139,YAOUNDE
5,4,5,4,5,mistral:7b,data_pmus_yaounde,q1_1,Agent_139,UN QUARTIER DE LA VILLE DE YAOUNDE
4,4,4,4,4,mistral:7b,data_pmus_yaounde,q1_1_a,Agent_139,ABIT
1,1,1,1,3,mistral:7b,data_pmus_yaounde,q1_1_b,Agent_139,nan
4,4,4,4,4,mistral:7b,data_pmus_yaounde,q1_1_c,Agent_139,AFANOYA
5,4,5,4,5,mistral:7b,data_pmus_yaounde,q1_2,Agent_139,UN QUARTIER DE LA VILLE DE YAOUNDE
4,4,4,4,4,mistral:7b,data_pmus_yaounde,q1_2_a,Agent_139,SANGNELINA
4,4,3,4,3,mistral:7b,data_pmus_yaounde,q1_2_b,Agent_139,10 IEME ARRET
4,4,4,4,4,mistral:7b,data_pmus_yaounde,q1_3_c,Agent_139,AFANOYA
3,3,4,4,3,mistral:7b,data_pmus_yaounde,q2_1,Agent_139,PAR BUS AGENCE INTERURBAIN
4,4,3,4,3,mistral:7b,data_pmus_yaounde,q2_2_1,Agent_139,2 CHEVEAU
4,4,3,4,3,mistral:7b,data_pmus_yaounde,q2_2_2,Agent_139,10 E ARRET
4,4,3,4,3,mistral:7b,data_pmus_yaounde,q2_3_1,Agent_139,0LESOA
4,4,3,4,3,mistral:7b,data_pmus_yaounde,q2_3_2,Agent_139,ENNTREE
4,4,5,4,5,mistral:7b,data_pmus_yaounde,q2_3,Agent_139,NON
4,4,4,4,4,mistral:7b,data_pmus_yaounde,q2_4,Agent_139,PAR BUS AGENCE INTERURBAIN
4,4,4,4,4,mistral:7b,data_pmus_yaounde,q2_5_1,Agent_139,A B0NAS
4,4,4,4,4,mistral:7b,data_pmus_yaounde,q2_5_2,Agent_139,HOPITAL
4,4,4,4,4,mistral:7b,data_pmus_yaounde,q2_6_1,Agent_139,ABATTOIR
4,4,4,4,4,mistral:7b,data_pmus_yaounde,q2_6_2,Agent_139,BORNE FONTAINE
4,3,5,4,5,mistral:7b,data_pmus_yaounde,q3_1,Agent_139,NON
4,3,4,4,3,mistral:7b,data_pmus_yaounde,q3_2,Agent_139,PAR BUS AGENCE INTERURBAIN
4,4,4,4,4,mistral:7b,data_pmus_yaounde,q3_3_1,Agent_139,ACACIA
4,4,3,4,3,mistral:7b,data_pmus_yaounde,q3_3_2,Agent_139,BORNE FONTAINE
4,4,2,4,2,mistral:7b,data_pmus_yaounde,q4_1_a,Agent_139,Veuillez indiquer depuis combien de temps vous attendez.
4,3,3,4,4,mistral:7b,data_pmus_yaounde,q4_1_b,Agent_139,PLUS DE 20 MINUTES
4,4,2,4,2,mistral:7b,data_pmus_yaounde,q4_2_a,Agent_139,Veuillez indiquer depuis combien de temps vous attendez.
4,3,5,4,4,mistral:7b,data_pmus_yaounde,q4_2_b,Agent_139,30 60 MIN
4,4,4,4,4,mistral:7b,data_pmus_yaounde,q4_3,Agent_139,2800.0
4,3,4,4,4,mistral:7b,data_pmus_yaounde,q4_4,Agent_139,TRAVAIL
3,3,4,4,4,mistral:7b,data_pmus_yaounde,q4_4_autres,Agent_139,ACHAT
5,3,5,4,5,mistral:7b,data_pmus_yaounde,q5_1,Agent_139,ENTRE 36 ET 45 ANS
5,3,4,4,5,mistral:7b,data_pmus_yaounde,q5_2,Agent_139,ENTRE 30 001 ET 100 000
5,4,5,4,5,mistral:7b,data_pmus_yaounde,q5_3,Agent_139,HOMME
4,4,4,4,4,mistral:7b,data_pmus_yaounde,centre ville,Agent_140,YAOUNDE
5,4,5,4,5,mistral:7b,data_pmus_yaounde,q1_1,Agent_140,UN QUARTIER DE LA VILLE DE YAOUNDE
4,4,4,4,4,mistral:7b,data_pmus_yaounde,q1_1_a,Agent_140,ABIT
4,4,3,4,3,mistral:7b,data_pmus_yaounde,q1_1_b,Agent_140,10EME ARRET
4,4,4,4,4,mistral:7b,data_pmus_yaounde,q1_1_c,Agent_140,AFANOYA
5,4,5,4,5,mistral:7b,data_pmus_yaounde,q1_2,Agent_140,UN QUARTIER DE LA VILLE DE YAOUNDE
4,4,4,4,4,mistral:7b,data_pmus_yaounde,q1_2_a,Agent_140,NKONGOA
4,4,3,4,3,mistral:7b,data_pmus_yaounde,q1_2_b,Agent_140,10 IEME ARRET
4,4,4,4,4,mistral:7b,data_pmus_yaounde,q1_3_c,Agent_140,AFANOYA
3,3,4,4,3,mistral:7b,data_pmus_yaounde,q2_1,Agent_140,PAR TAXI
4,4,3,4,3,mistral:7b,data_pmus_yaounde,q2_2_1,Agent_140,NKONGOA
4,4,3,4,3,mistral:7b,data_pmus_yaounde,q2_2_2,Agent_140,10 E ARRET
4,4,3,4,3,mistral:7b,data_pmus_yaounde,q2_3_1,Agent_140,0LESOA
4,4,3,4,3,mistral:7b,data_pmus_yaounde,q2_3_2,Agent_140,0NANA
4,4,5,4,5,mistral:7b,data_pmus_yaounde,q2_3,Agent_140,NON
4,4,4,4,4,mistral:7b,data_pmus_yaounde,q2_4,Agent_140,PAR TAXI
4,4,4,4,4,mistral:7b,data_pmus_yaounde,q2_5_1,Agent_140,HOTEL DU PLATEAU
4,4,4,4,4,mistral:7b,data_pmus_yaounde,q2_5_2,Agent_140,HOTEL DU PLATEAU
4,4,4,4,4,mistral:7b,data_pmus_yaounde,q2_6_1,Agent_140,ABATTOIR
4,4,4,4,4,mistral:7b,data_pmus_yaounde,q2_6_2,Agent_140,HOTEL
4,3,5,4,5,mistral:7b,data_pmus_yaounde,q3_1,Agent_140,NON
4,3,4,4,3,mistral:7b,data_pmus_yaounde,q3_2,Agent_140,PAR TAXI
4,4,4,4,4,mistral:7b,data_pmus_yaounde,q3_3_1,Agent_140,ACACIA
4,4,3,4,3,mistral:7b,data_pmus_yaounde,q3_3_2,Agent_140,ABATTOIR
4,4,2,4,2,mistral:7b,data_pmus_yaounde,q4_1_a,Agent_140,Veuillez indiquer depuis combien de temps vous attendez.
4,3,3,4,4,mistral:7b,data_pmus_yaounde,q4_1_b,Agent_140,PLUS DE 20 MINUTES
4,4,2,4,2,mistral:7b,data_pmus_yaounde,q4_2_a,Agent_140,Veuillez indiquer depuis combien de temps vous attendez.
4,3,5,4,4,mistral:7b,data_pmus_yaounde,q4_2_b,Agent_140,30 60 MIN
4,4,4,4,4,mistral:7b,data_pmus_yaounde,q4_3,Agent_140,2000.0
4,3,4,4,4,mistral:7b,data_pmus_yaounde,q4_4,Agent_140,TRAVAIL
3,3,4,4,4,mistral:7b,data_pmus_yaounde,q4_4_autres,Agent_140,ACHAT
5,3,5,4,5,mistral:7b,data_pmus_yaounde,q5_1,Agent_140,ENTRE 36 ET 45 ANS
5,3,4,4,5,mistral:7b,data_pmus_yaounde,q5_2,Agent_140,ENTRE 30 001 ET 100 000
5,4,5,4,5,mistral:7b,data_pmus_yaounde,q5_3,Agent_140,HOMME
4,4,4,4,4,mistral:7b,data_pmus_yaounde,centre ville,Agent_141,YAOUNDE
5,4,5,4,5,mistral:7b,data_pmus_yaounde,q1_1,Agent_141,UN QUARTIER DE LA VILLE DE YAOUNDE
4,4,4,4,4,mistral:7b,data_pmus_yaounde,q1_1_a,Agent_141,OLEMBE
4,4,3,4,3,mistral:7b,data_pmus_yaounde,q1_1_b,Agent_141,STADE MILITAIRE
4,4,4,4,4,mistral:7b,data_pmus_yaounde,q1_1_c,Agent_141,AFANOYA
5,4,5,4,5,mistral:7b,data_pmus_yaounde,q1_2,Agent_141,UN QUARTIER DE LA VILLE DE YAOUNDE
4,4,4,4,4,mistral:7b,data_pmus_yaounde,q1_2_a,Agent_141,ABOM
4,4,3,4,3,mistral:7b,data_pmus_yaounde,q1_2_b,Agent_141,OLEMBE
4,4,4,4,4,mistral:7b,data_pmus_yaounde,q1_3_c,Agent_141,AFANOYA
3,3,4,4,3,mistral:7b,data_pmus_yaounde,q2_1,Agent_141,A PIED
4,4,3,4,3,mistral:7b,data_pmus_yaounde,q2_2_1,Agent_141,OLEMBE
4,4,3,4,3,mistral:7b,data_pmus_yaounde,q2_2_2,Agent_141,BASE MILITAIRE
4,4,3,4,3,mistral:7b,data_pmus_yaounde,q2_3_1,Agent_141,0LESOA
4,4,3,4,3,mistral:7b,data_pmus_yaounde,q2_3_2,Agent_141,0NANA
4,4,5,4,5,mistral:7b,data_pmus_yaounde,q2_3,Agent_141,NON
4,4,4,4,4,mistral:7b,data_pmus_yaounde,q2_4,Agent_141,A PIED
4,4,4,4,4,mistral:7b,data_pmus_yaounde,q2_5_1,Agent_141,BASE MILITAIRE
4,4,4,4,4,mistral:7b,data_pmus_yaounde,q2_5_2,Agent_141,BASE MILITAIRE
4,4,4,4,4,mistral:7b,data_pmus_yaounde,q2_6_1,Agent_141,ABATTOIR
4,4,4,4,4,mistral:7b,data_pmus_yaounde,q2_6_2,Agent_141,11EME ARRET
4,3,5,4,5,mistral:7b,data_pmus_yaounde,q3_1,Agent_141,NON
4,3,4,4,3,mistral:7b,data_pmus_yaounde,q3_2,Agent_141,A PIED
4,4,4,4,4,mistral:7b,data_pmus_yaounde,q3_3_1,Agent_141,ACACIA
4,4,3,4,3,mistral:7b,data_pmus_yaounde,q3_3_2,Agent_141,CAMP MILLITAIRE
1,1,1,1,3,mistral:7b,data_pmus_yaounde,q4_1_a,Agent_141,nan
1,1,1,1,3,mistral:7b,data_pmus_yaounde,q4_1_b,Agent_141,nan
4,4,2,4,2,mistral:7b,data_pmus_yaounde,q4_2_a,Agent_141,Veuillez indiquer depuis combien de temps vous attendez.
4,3,5,4,4,mistral:7b,data_pmus_yaounde,q4_2_b,Agent_141,MOINS DE 15 MIN
4,4,4,4,4,mistral:7b,data_pmus_yaounde,q4_3,Agent_141,2600.0
4,3,4,4,4,mistral:7b,data_pmus_yaounde,q4_4,Agent_141,TRAVAIL
3,3,4,4,4,mistral:7b,data_pmus_yaounde,q4_4_autres,Agent_141,ACHAT
5,3,5,4,5,mistral:7b,data_pmus_yaounde,q5_1,Agent_141,ENTRE 55ANS ET 64 ANS
5,3,4,4,5,mistral:7b,data_pmus_yaounde,q5_2,Agent_141,ENTRE 300 001 ET 500 000
5,4,5,4,5,mistral:7b,data_pmus_yaounde,q5_3,Agent_141,HOMME
4,4,4,4,4,mistral:7b,data_pmus_yaounde,centre ville,Agent_142,YAOUNDE
5,4,5,4,5,mistral:7b,data_pmus_yaounde,q1_1,Agent_142,UN QUARTIER DE LA VILLE DE YAOUNDE
4,4,4,4,4,mistral:7b,data_pmus_yaounde,q1_1_a,Agent_142,ABIT
1,1,1,1,3,mistral:7b,data_pmus_yaounde,q1_1_b,Agent_142,nan
4,4,4,4,4,mistral:7b,data_pmus_yaounde,q1_1_c,Agent_142,AFANOYA
5,4,5,4,5,mistral:7b,data_pmus_yaounde,q1_2,Agent_142,UN QUARTIER DE LA VILLE DE YAOUNDE
4,4,4,4,4,mistral:7b,data_pmus_yaounde,q1_2_a,Agent_142,SIMBOCK
4,4,3,4,3,mistral:7b,data_pmus_yaounde,q1_2_b,Agent_142,10 IEME ARRET
4,4,4,4,4,mistral:7b,data_pmus_yaounde,q1_3_c,Agent_142,AFANOYA
3,3,4,4,3,mistral:7b,data_pmus_yaounde,q2_1,Agent_142,PAR BUS AGENCE INTERURBAIN
4,4,3,4,3,mistral:7b,data_pmus_yaounde,q2_2_1,Agent_142,2 CHEVEAU
4,4,3,4,3,mistral:7b,data_pmus_yaounde,q2_2_2,Agent_142,10 E ARRET
4,4,3,4,3,mistral:7b,data_pmus_yaounde,q2_3_1,Agent_142,0LESOA
4,4,3,4,3,mistral:7b,data_pmus_yaounde,q2_3_2,Agent_142,0NANA
4,4,5,4,5,mistral:7b,data_pmus_yaounde,q2_3,Agent_142,NON
4,4,4,4,4,mistral:7b,data_pmus_yaounde,q2_4,Agent_142,PAR TAXI
4,4,4,4,4,mistral:7b,data_pmus_yaounde,q2_5_1,Agent_142,A B0NAS
4,4,4,4,4,mistral:7b,data_pmus_yaounde,q2_5_2,Agent_142,0MPHINE
4,4,4,4,4,mistral:7b,data_pmus_yaounde,q2_6_1,Agent_142,ABATTOIR
4,4,4,4,4,mistral:7b,data_pmus_yaounde,q2_6_2,Agent_142,11EME ARRET
4,3,5,4,5,mistral:7b,data_pmus_yaounde,q3_1,Agent_142,NON
4,3,4,4,3,mistral:7b,data_pmus_yaounde,q3_2,Agent_142,PAR BUS AGENCE INTERURBAIN
4,4,4,4,4,mistral:7b,data_pmus_yaounde,q3_3_1,Agent_142,ACACIA
4,4,3,4,3,mistral:7b,data_pmus_yaounde,q3_3_2,Agent_142,NKOA MBANG
1,1,1,1,3,mistral:7b,data_pmus_yaounde,q4_1_a,Agent_142,nan
4,3,3,4,4,mistral:7b,data_pmus_yaounde,q4_1_b,Agent_142,PLUS DE 20 MINUTES
4,4,2,4,2,mistral:7b,data_pmus_yaounde,q4_2_a,Agent_142,Veuillez indiquer depuis combien de temps vous attendez.
4,3,5,4,4,mistral:7b,data_pmus_yaounde,q4_2_b,Agent_142,MOINS DE 15 MIN
4,4,4,4,4,mistral:7b,data_pmus_yaounde,q4_3,Agent_142,100.0
4,3,4,4,4,mistral:7b,data_pmus_yaounde,q4_4,Agent_142,VISITE FAMILLE
3,3,4,4,4,mistral:7b,data_pmus_yaounde,q4_4_autres,Agent_142,ACHAT
5,3,5,4,5,mistral:7b,data_pmus_yaounde,q5_1,Agent_142,ENTRE 26 ET 35 ANS
5,3,4,4,5,mistral:7b,data_pmus_yaounde,q5_2,Agent_142,ENTRE 30 001 ET 100 000
5,4,5,4,5,mistral:7b,data_pmus_yaounde,q5_3,Agent_142,HOMME
4,4,4,4,4,mistral:7b,data_pmus_yaounde,centre ville,Agent_143,YAOUNDE
5,4,5,4,5,mistral:7b,data_pmus_yaounde,q1_1,Agent_143,UN QUARTIER DE LA VILLE DE YAOUNDE
4,4,4,4,4,mistral:7b,data_pmus_yaounde,q1_1_a,Agent_143,FOUDA
4,4,3,4,3,mistral:7b,data_pmus_yaounde,q1_1_b,Agent_143,10EME ARRET
4,4,4,4,4,mistral:7b,data_pmus_yaounde,q1_1_c,Agent_143,AFANOYA
5,4,5,4,5,mistral:7b,data_pmus_yaounde,q1_2,Agent_143,UN QUARTIER DE LA VILLE DE YAOUNDE
4,4,4,4,4,mistral:7b,data_pmus_yaounde,q1_2_a,Agent_143,SANTA BARBARA
4,4,3,4,3,mistral:7b,data_pmus_yaounde,q1_2_b,Agent_143,SANTA BARBARA
1,1,1,1,3,mistral:7b,data_pmus_yaounde,q1_3_c,Agent_143,nan
3,3,4,4,3,mistral:7b,data_pmus_yaounde,q2_1,Agent_143,PAR BUS AGENCE INTERURBAIN
4,4,3,4,3,mistral:7b,data_pmus_yaounde,q2_2_1,Agent_143,SANTA BARBARA
4,4,3,4,3,mistral:7b,data_pmus_yaounde,q2_2_2,Agent_143,SANTA BARBARA
4,4,3,4,3,mistral:7b,data_pmus_yaounde,q2_3_1,Agent_143,0LESOA
4,4,3,4,3,mistral:7b,data_pmus_yaounde,q2_3_2,Agent_143,SANTA BARBARA
4,4,5,4,5,mistral:7b,data_pmus_yaounde,q2_3,Agent_143,NON
4,4,4,4,4,mistral:7b,data_pmus_yaounde,q2_4,Agent_143,PAR BUS AGENCE INTERURBAIN
4,4,4,4,4,mistral:7b,data_pmus_yaounde,q2_5_1,Agent_143,A B0NAS
4,4,4,4,4,mistral:7b,data_pmus_yaounde,q2_5_2,Agent_143,0MPHINE
4,4,4,4,4,mistral:7b,data_pmus_yaounde,q2_6_1,Agent_143,ABATTOIR
4,4,4,4,4,mistral:7b,data_pmus_yaounde,q2_6_2,Agent_143,HUITIEME
4,3,5,4,5,mistral:7b,data_pmus_yaounde,q3_1,Agent_143,NON
4,3,4,4,3,mistral:7b,data_pmus_yaounde,q3_2,Agent_143,PAR TAXI
4,4,4,4,4,mistral:7b,data_pmus_yaounde,q3_3_1,Agent_143,HUITIEME
4,4,3,4,3,mistral:7b,data_pmus_yaounde,q3_3_2,Agent_143,HUITIEME
1,1,1,1,3,mistral:7b,data_pmus_yaounde,q4_1_a,Agent_143,nan
4,3,3,4,4,mistral:7b,data_pmus_yaounde,q4_1_b,Agent_143,PLUS DE 20 MINUTES
4,4,2,4,2,mistral:7b,data_pmus_yaounde,q4_2_a,Agent_143,Veuillez indiquer depuis combien de temps vous attendez.
4,3,5,4,4,mistral:7b,data_pmus_yaounde,q4_2_b,Agent_143,15 30 MIN
4,4,4,4,4,mistral:7b,data_pmus_yaounde,q4_3,Agent_143,3250.0
4,3,4,4,4,mistral:7b,data_pmus_yaounde,q4_4,Agent_143,COURSES
3,3,4,4,4,mistral:7b,data_pmus_yaounde,q4_4_autres,Agent_143,ETUDES
5,3,5,4,5,mistral:7b,data_pmus_yaounde,q5_1,Agent_143,ENTRE 18 ET 25 ANS
5,3,4,4,5,mistral:7b,data_pmus_yaounde,q5_2,Agent_143,ENTRE 30 001 ET 100 000
5,4,5,4,5,mistral:7b,data_pmus_yaounde,q5_3,Agent_143,FEMME
4,4,4,4,4,mistral:7b,data_pmus_yaounde,centre ville,Agent_144,YAOUNDE
5,4,5,4,5,mistral:7b,data_pmus_yaounde,q1_1,Agent_144,UN QUARTIER DE LA VILLE DE YAOUNDE
4,4,4,4,4,mistral:7b,data_pmus_yaounde,q1_1_a,Agent_144,SANTA BARBARA
4,4,3,4,3,mistral:7b,data_pmus_yaounde,q1_1_b,Agent_144,AU NIVEAU DU TCHADE
4,4,4,4,4,mistral:7b,data_pmus_yaounde,q1_1_c,Agent_144,AFANOYA
5,4,5,4,5,mistral:7b,data_pmus_yaounde,q1_2,Agent_144,UN QUARTIER DE LA VILLE DE YAOUNDE
4,4,4,4,4,mistral:7b,data_pmus_yaounde,q1_2_a,Agent_144,TSINGA
4,4,3,4,3,mistral:7b,data_pmus_yaounde,q1_2_b,Agent_144,TSINGA
1,1,1,1,3,mistral:7b,data_pmus_yaounde,q1_3_c,Agent_144,nan
3,3,4,4,3,mistral:7b,data_pmus_yaounde,q2_1,Agent_144,PAR BUS AGENCE INTERURBAIN
4,4,3,4,3,mistral:7b,data_pmus_yaounde,q2_2_1,Agent_144,AU NIVEAU DE CARREFOUR BANANE
4,4,3,4,3,mistral:7b,data_pmus_yaounde,q2_2_2,Agent_144,TSINGA
4,4,3,4,3,mistral:7b,data_pmus_yaounde,q2_3_1,Agent_144,TSINGA
4,4,3,4,3,mistral:7b,data_pmus_yaounde,q2_3_2,Agent_144,TSINGA
4,4,5,4,5,mistral:7b,data_pmus_yaounde,q2_3,Agent_144,NON
4,4,4,4,4,mistral:7b,data_pmus_yaounde,q2_4,Agent_144,PAR BUS STACY
4,4,4,4,4,mistral:7b,data_pmus_yaounde,q2_5_1,Agent_144,TSINGA
4,4,4,4,4,mistral:7b,data_pmus_yaounde,q2_5_2,Agent_144,0MPHINE
4,4,4,4,4,mistral:7b,data_pmus_yaounde,q2_6_1,Agent_144,TSINGA
4,4,4,4,4,mistral:7b,data_pmus_yaounde,q2_6_2,Agent_144,11EME ARRET
4,3,5,4,5,mistral:7b,data_pmus_yaounde,q3_1,Agent_144,NON
4,3,4,4,3,mistral:7b,data_pmus_yaounde,q3_2,Agent_144,PAR BUS AGENCE INTERURBAIN
4,4,4,4,4,mistral:7b,data_pmus_yaounde,q3_3_1,Agent_144,TSINGA
4,4,3,4,3,mistral:7b,data_pmus_yaounde,q3_3_2,Agent_144,10 IEME ARRET
1,1,1,1,3,mistral:7b,data_pmus_yaounde,q4_1_a,Agent_144,nan
4,3,3,4,4,mistral:7b,data_pmus_yaounde,q4_1_b,Agent_144,PLUS DE 20 MINUTES
4,4,2,4,2,mistral:7b,data_pmus_yaounde,q4_2_a,Agent_144,Veuillez indiquer depuis combien de temps vous attendez.
4,3,5,4,4,mistral:7b,data_pmus_yaounde,q4_2_b,Agent_144,30 60 MIN
4,4,4,4,4,mistral:7b,data_pmus_yaounde,q4_3,Agent_144,1600.0
4,3,4,4,4,mistral:7b,data_pmus_yaounde,q4_4,Agent_144,COURSES
3,3,4,4,4,mistral:7b,data_pmus_yaounde,q4_4_autres,Agent_144,ETUDES
5,3,5,4,5,mistral:7b,data_pmus_yaounde,q5_1,Agent_144,ENTRE 18 ET 25 ANS
5,3,4,4,5,mistral:7b,data_pmus_yaounde,q5_2,Agent_144,MOINS DE 30 000
5,4,5,4,5,mistral:7b,data_pmus_yaounde,q5_3,Agent_144,FEMME
4,4,4,4,4,mistral:7b,data_pmus_yaounde,centre ville,Agent_145,YAOUNDE
5,4,5,4,5,mistral:7b,data_pmus_yaounde,q1_1,Agent_145,UN QUARTIER DE LA VILLE DE YAOUNDE
4,4,4,4,4,mistral:7b,data_pmus_yaounde,q1_1_a,Agent_145,CARRIERE
4,4,3,4,3,mistral:7b,data_pmus_yaounde,q1_1_b,Agent_145,10EME ARRET
4,4,4,4,4,mistral:7b,data_pmus_yaounde,q1_1_c,Agent_145,CARRIERE
5,4,5,4,5,mistral:7b,data_pmus_yaounde,q1_2,Agent_145,UN QUARTIER DE LA VILLE DE YAOUNDE
4,4,4,4,4,mistral:7b,data_pmus_yaounde,q1_2_a,Agent_145,ABOM
4,4,3,4,3,mistral:7b,data_pmus_yaounde,q1_2_b,Agent_145,ENTRE KAMENI
1,1,1,1,3,mistral:7b,data_pmus_yaounde,q1_3_c,Agent_145,nan
3,3,4,4,3,mistral:7b,data_pmus_yaounde,q2_1,Agent_145,PAR BUS AGENCE INTERURBAIN
4,4,3,4,3,mistral:7b,data_pmus_yaounde,q2_2_1,Agent_145,SIMBOCK
4,4,3,4,3,mistral:7b,data_pmus_yaounde,q2_2_2,Agent_145,DERRIERE LA BASE
4,4,3,4,3,mistral:7b,data_pmus_yaounde,q2_3_1,Agent_145,0LESOA
4,4,3,4,3,mistral:7b,data_pmus_yaounde,q2_3_2,Agent_145,CARREFOURCARREFOUR
4,4,5,4,5,mistral:7b,data_pmus_yaounde,q2_3,Agent_145,NON
4,4,4,4,4,mistral:7b,data_pmus_yaounde,q2_4,Agent_145,A PIED
4,4,4,4,4,mistral:7b,data_pmus_yaounde,q2_5_1,Agent_145,CARRIERE
4,4,4,4,4,mistral:7b,data_pmus_yaounde,q2_5_2,Agent_145,CARREFOUR
4,4,4,4,4,mistral:7b,data_pmus_yaounde,q2_6_1,Agent_145,CARRIERE
4,4,4,4,4,mistral:7b,data_pmus_yaounde,q2_6_2,Agent_145,CARREFOUR
4,3,5,4,5,mistral:7b,data_pmus_yaounde,q3_1,Agent_145,NON
4,3,4,4,3,mistral:7b,data_pmus_yaounde,q3_2,Agent_145,PAR BUS AGENCE INTERURBAIN
4,4,4,4,4,mistral:7b,data_pmus_yaounde,q3_3_1,Agent_145,CARRIERE
4,4,3,4,3,mistral:7b,data_pmus_yaounde,q3_3_2,Agent_145,CARRIERE
1,1,1,1,3,mistral:7b,data_pmus_yaounde,q4_1_a,Agent_145,nan
4,3,3,4,4,mistral:7b,data_pmus_yaounde,q4_1_b,Agent_145,PLUS DE 20 MINUTES
4,4,2,4,2,mistral:7b,data_pmus_yaounde,q4_2_a,Agent_145,Veuillez indiquer depuis combien de temps vous attendez.
4,3,5,4,4,mistral:7b,data_pmus_yaounde,q4_2_b,Agent_145,MOINS DE 15 MIN
4,4,4,4,4,mistral:7b,data_pmus_yaounde,q4_3,Agent_145,125.0
4,3,4,4,4,mistral:7b,data_pmus_yaounde,q4_4,Agent_145,AMIS
3,3,4,4,4,mistral:7b,data_pmus_yaounde,q4_4_autres,Agent_145,BALADE
5,3,5,4,5,mistral:7b,data_pmus_yaounde,q5_1,Agent_145,ENTRE 18 ET 25 ANS
5,3,4,4,5,mistral:7b,data_pmus_yaounde,q5_2,Agent_145,ENTRE 30 001 ET 100 000
5,4,5,4,5,mistral:7b,data_pmus_yaounde,q5_3,Agent_145,HOMME
4,4,4,4,4,mistral:7b,data_pmus_yaounde,centre ville,Agent_146,YAOUNDE
5,4,5,4,5,mistral:7b,data_pmus_yaounde,q1_1,Agent_146,UN QUARTIER DE LA VILLE DE YAOUNDE
4,4,4,4,4,mistral:7b,data_pmus_yaounde,q1_1_a,Agent_146,ABIT
4,4,3,4,3,mistral:7b,data_pmus_yaounde,q1_1_b,Agent_146,MVAN
4,4,4,4,4,mistral:7b,data_pmus_yaounde,q1_1_c,Agent_146,AFANOYA
5,4,5,4,5,mistral:7b,data_pmus_yaounde,q1_2,Agent_146,UN QUARTIER DE LA VILLE DE YAOUNDE
4,4,4,4,4,mistral:7b,data_pmus_yaounde,q1_2_a,Agent_146,MENDONG
4,4,3,4,3,mistral:7b,data_pmus_yaounde,q1_2_b,Agent_146,SIMBONK MENDON
1,1,1,1,3,mistral:7b,data_pmus_yaounde,q1_3_c,Agent_146,nan
3,3,4,4,3,mistral:7b,data_pmus_yaounde,q2_1,Agent_146,A PIED
4,4,3,4,3,mistral:7b,data_pmus_yaounde,q2_2_1,Agent_146,2 CHEVEAU
4,4,3,4,3,mistral:7b,data_pmus_yaounde,q2_2_2,Agent_146,10 E ARRET
4,4,3,4,3,mistral:7b,data_pmus_yaounde,q2_3_1,Agent_146,0LESOA
4,4,3,4,3,mistral:7b,data_pmus_yaounde,q2_3_2,Agent_146,N SAM
4,4,5,4,5,mistral:7b,data_pmus_yaounde,q2_3,Agent_146,NON
4,4,4,4,4,mistral:7b,data_pmus_yaounde,q2_4,Agent_146,A PIED
4,4,4,4,4,mistral:7b,data_pmus_yaounde,q2_5_1,Agent_146,MENDONG
4,4,4,4,4,mistral:7b,data_pmus_yaounde,q2_5_2,Agent_146,MENDONG
4,4,4,4,4,mistral:7b,data_pmus_yaounde,q2_6_1,Agent_146,MENDONG
4,4,4,4,4,mistral:7b,data_pmus_yaounde,q2_6_2,Agent_146,MENDONG
4,3,5,4,5,mistral:7b,data_pmus_yaounde,q3_1,Agent_146,NON
4,3,4,4,3,mistral:7b,data_pmus_yaounde,q3_2,Agent_146,A PIED
4,4,4,4,4,mistral:7b,data_pmus_yaounde,q3_3_1,Agent_146,MENDONG
4,4,3,4,3,mistral:7b,data_pmus_yaounde,q3_3_2,Agent_146,MENDONG
4,4,2,4,2,mistral:7b,data_pmus_yaounde,q4_1_a,Agent_146,Veuillez indiquer depuis combien de temps vous attendez.
4,3,3,4,4,mistral:7b,data_pmus_yaounde,q4_1_b,Agent_146,10 20 MINUTES
4,4,2,4,2,mistral:7b,data_pmus_yaounde,q4_2_a,Agent_146,Veuillez indiquer depuis combien de temps vous attendez.
4,3,5,4,4,mistral:7b,data_pmus_yaounde,q4_2_b,Agent_146,MOINS DE 15 MIN
4,4,4,4,4,mistral:7b,data_pmus_yaounde,q4_3,Agent_146,380.0
4,3,4,4,4,mistral:7b,data_pmus_yaounde,q4_4,Agent_146,ACTIVIT S DE LOISIRS
3,3,4,4,4,mistral:7b,data_pmus_yaounde,q4_4_autres,Agent_146,BALADE
5,3,5,4,5,mistral:7b,data_pmus_yaounde,q5_1,Agent_146,ENTRE 36 ET 45 ANS
5,3,4,4,5,mistral:7b,data_pmus_yaounde,q5_2,Agent_146,ENTRE 300 001 ET 500 000
5,4,5,4,5,mistral:7b,data_pmus_yaounde,q5_3,Agent_146,FEMME
4,4,4,4,4,mistral:7b,data_pmus_yaounde,centre ville,Agent_147,YAOUNDE
5,4,5,4,5,mistral:7b,data_pmus_yaounde,q1_1,Agent_147,UN QUARTIER DE LA VILLE DE YAOUNDE
4,4,4,4,4,mistral:7b,data_pmus_yaounde,q1_1_a,Agent_147,EKOUNOU
4,4,3,4,3,mistral:7b,data_pmus_yaounde,q1_1_b,Agent_147,10EME ARRET
4,4,4,4,4,mistral:7b,data_pmus_yaounde,q1_1_c,Agent_147,AFANOYA
5,4,5,4,5,mistral:7b,data_pmus_yaounde,q1_2,Agent_147,UN QUARTIER DE LA VILLE DE YAOUNDE
4,4,4,4,4,mistral:7b,data_pmus_yaounde,q1_2_a,Agent_147,EKOUNOU
4,4,3,4,3,mistral:7b,data_pmus_yaounde,q1_2_b,Agent_147,10 IEME ARRET
4,4,4,4,4,mistral:7b,data_pmus_yaounde,q1_3_c,Agent_147,AFANOYA
3,3,4,4,3,mistral:7b,data_pmus_yaounde,q2_1,Agent_147,PAR BUS AGENCE INTERURBAIN
4,4,3,4,3,mistral:7b,data_pmus_yaounde,q2_2_1,Agent_147,2 CHEVEAU
4,4,3,4,3,mistral:7b,data_pmus_yaounde,q2_2_2,Agent_147,10 E ARRET
4,4,3,4,3,mistral:7b,data_pmus_yaounde,q2_3_1,Agent_147,EKOUNOU
4,4,3,4,3,mistral:7b,data_pmus_yaounde,q2_3_2,Agent_147,EKOUNOU
4,4,5,4,5,mistral:7b,data_pmus_yaounde,q2_3,Agent_147,NON
4,4,4,4,4,mistral:7b,data_pmus_yaounde,q2_4,Agent_147,PAR BUS AGENCE INTERURBAIN
4,4,4,4,4,mistral:7b,data_pmus_yaounde,q2_5_1,Agent_147,EKOUNOU
4,4,4,4,4,mistral:7b,data_pmus_yaounde,q2_5_2,Agent_147,COLLEGE
4,4,4,4,4,mistral:7b,data_pmus_yaounde,q2_6_1,Agent_147,EKOUNOU
4,4,4,4,4,mistral:7b,data_pmus_yaounde,q2_6_2,Agent_147,COLLEGE
4,3,5,4,5,mistral:7b,data_pmus_yaounde,q3_1,Agent_147,NON
4,3,4,4,3,mistral:7b,data_pmus_yaounde,q3_2,Agent_147,PAR BUS AGENCE INTERURBAIN
4,4,4,4,4,mistral:7b,data_pmus_yaounde,q3_3_1,Agent_147,ACACIA
4,4,3,4,3,mistral:7b,data_pmus_yaounde,q3_3_2,Agent_147,MONTE EKOUNOU
4,4,2,4,2,mistral:7b,data_pmus_yaounde,q4_1_a,Agent_147,Veuillez indiquer depuis combien de temps vous attendez.
4,3,3,4,4,mistral:7b,data_pmus_yaounde,q4_1_b,Agent_147,MOINS DE 5 MIN
4,4,2,4,2,mistral:7b,data_pmus_yaounde,q4_2_a,Agent_147,Veuillez indiquer depuis combien de temps vous attendez.
4,3,5,4,4,mistral:7b,data_pmus_yaounde,q4_2_b,Agent_147,MOINS DE 15 MIN
4,4,4,4,4,mistral:7b,data_pmus_yaounde,q4_3,Agent_147,1350.0
4,3,4,4,4,mistral:7b,data_pmus_yaounde,q4_4,Agent_147,D MARCHES ADMINISTRATIVES ET OU SANT
3,3,4,4,4,mistral:7b,data_pmus_yaounde,q4_4_autres,Agent_147,LES AFFAIRES
5,3,5,4,5,mistral:7b,data_pmus_yaounde,q5_1,Agent_147,ENTRE 55ANS ET 64 ANS
5,3,4,4,5,mistral:7b,data_pmus_yaounde,q5_2,Agent_147,ENTRE 300 001 ET 500 000
5,4,5,4,5,mistral:7b,data_pmus_yaounde,q5_3,Agent_147,HOMME
4,4,4,4,4,mistral:7b,data_pmus_yaounde,centre ville,Agent_148,YAOUNDE
5,4,5,4,5,mistral:7b,data_pmus_yaounde,q1_1,Agent_148,UN QUARTIER DE LA VILLE DE YAOUNDE
4,4,4,4,4,mistral:7b,data_pmus_yaounde,q1_1_a,Agent_148,ABIT
4,4,3,4,3,mistral:7b,data_pmus_yaounde,q1_1_b,Agent_148,10EME ARRET
4,4,4,4,4,mistral:7b,data_pmus_yaounde,q1_1_c,Agent_148,AFANOYA
5,4,5,4,5,mistral:7b,data_pmus_yaounde,q1_2,Agent_148,UN QUARTIER DE LA VILLE DE YAOUNDE
4,4,4,4,4,mistral:7b,data_pmus_yaounde,q1_2_a,Agent_148,ABOM
4,4,3,4,3,mistral:7b,data_pmus_yaounde,q1_2_b,Agent_148,10 IEME ARRET
4,4,4,4,4,mistral:7b,data_pmus_yaounde,q1_3_c,Agent_148,AFANOYA
3,3,4,4,3,mistral:7b,data_pmus_yaounde,q2_1,Agent_148,PAR BUS AGENCE INTERURBAIN
4,4,3,4,3,mistral:7b,data_pmus_yaounde,q2_2_1,Agent_148,NKOLBISS0NG
4,4,3,4,3,mistral:7b,data_pmus_yaounde,q2_2_2,Agent_148,CHU
4,4,3,4,3,mistral:7b,data_pmus_yaounde,q2_3_1,Agent_148,NKOM KANA
4,4,3,4,3,mistral:7b,data_pmus_yaounde,q2_3_2,Agent_148,NKOM KANA
4,4,5,4,5,mistral:7b,data_pmus_yaounde,q2_3,Agent_148,NON
4,4,4,4,4,mistral:7b,data_pmus_yaounde,q2_4,Agent_148,A PIED
4,4,4,4,4,mistral:7b,data_pmus_yaounde,q2_5_1,Agent_148,A B0NAS
1,1,1,1,3,mistral:7b,data_pmus_yaounde,q2_5_2,Agent_148,nan
4,4,4,4,4,mistral:7b,data_pmus_yaounde,q2_6_1,Agent_148,NKOM KANA
4,4,4,4,4,mistral:7b,data_pmus_yaounde,q2_6_2,Agent_148,11EME ARRET
4,3,5,4,5,mistral:7b,data_pmus_yaounde,q3_1,Agent_148,NON
4,3,4,4,3,mistral:7b,data_pmus_yaounde,q3_2,Agent_148,A PIED
4,4,4,4,4,mistral:7b,data_pmus_yaounde,q3_3_1,Agent_148,NKOM KANA
4,4,3,4,3,mistral:7b,data_pmus_yaounde,q3_3_2,Agent_148,NKOM KANA
1,1,1,1,3,mistral:7b,data_pmus_yaounde,q4_1_a,Agent_148,nan
1,1,1,1,3,mistral:7b,data_pmus_yaounde,q4_1_b,Agent_148,nan
1,1,1,1,3,mistral:7b,data_pmus_yaounde,q4_2_a,Agent_148,nan
4,3,5,4,4,mistral:7b,data_pmus_yaounde,q4_2_b,Agent_148,MOINS DE 15 MIN
4,4,4,4,4,mistral:7b,data_pmus_yaounde,q4_3,Agent_148,350.0
4,3,4,4,4,mistral:7b,data_pmus_yaounde,q4_4,Agent_148,VISITE FAMILLE
3,3,4,4,4,mistral:7b,data_pmus_yaounde,q4_4_autres,Agent_148,REUNION FAMILIALE
5,3,5,4,5,mistral:7b,data_pmus_yaounde,q5_1,Agent_148,ENTRE 26 ET 35 ANS
5,3,4,4,5,mistral:7b,data_pmus_yaounde,q5_2,Agent_148,ENTRE 300 001 ET 500 000
5,4,5,4,5,mistral:7b,data_pmus_yaounde,q5_3,Agent_148,FEMME
4,4,4,4,4,mistral:7b,data_pmus_yaounde,centre ville,Agent_149,YAOUNDE
5,4,5,4,5,mistral:7b,data_pmus_yaounde,q1_1,Agent_149,UN QUARTIER DE LA VILLE DE YAOUNDE
4,4,4,4,4,mistral:7b,data_pmus_yaounde,q1_1_a,Agent_149,ABIT
4,4,3,4,3,mistral:7b,data_pmus_yaounde,q1_1_b,Agent_149,10EME ARRET
4,4,4,4,4,mistral:7b,data_pmus_yaounde,q1_1_c,Agent_149,AFANOYA
5,4,5,4,5,mistral:7b,data_pmus_yaounde,q1_2,Agent_149,UN QUARTIER DE LA VILLE DE YAOUNDE
4,4,4,4,4,mistral:7b,data_pmus_yaounde,q1_2_a,Agent_149,NKOM KANA
4,4,3,4,3,mistral:7b,data_pmus_yaounde,q1_2_b,Agent_149,10 IEME ARRET
4,4,4,4,4,mistral:7b,data_pmus_yaounde,q1_3_c,Agent_149,AFANOYA
3,3,4,4,3,mistral:7b,data_pmus_yaounde,q2_1,Agent_149,A PIED
4,4,3,4,3,mistral:7b,data_pmus_yaounde,q2_2_1,Agent_149,2 CHEVEAU
4,4,3,4,3,mistral:7b,data_pmus_yaounde,q2_2_2,Agent_149,NKOM KANA
4,4,3,4,3,mistral:7b,data_pmus_yaounde,q2_3_1,Agent_149,0LESOA
4,4,3,4,3,mistral:7b,data_pmus_yaounde,q2_3_2,Agent_149,NKOM KANA
4,4,5,4,5,mistral:7b,data_pmus_yaounde,q2_3,Agent_149,NON
4,4,4,4,4,mistral:7b,data_pmus_yaounde,q2_4,Agent_149,A PIED
4,4,4,4,4,mistral:7b,data_pmus_yaounde,q2_5_1,Agent_149,A B0NAS
4,4,4,4,4,mistral:7b,data_pmus_yaounde,q2_5_2,Agent_149,0MPHINE
4,4,4,4,4,mistral:7b,data_pmus_yaounde,q2_6_1,Agent_149,NKOM KANA
4,4,4,4,4,mistral:7b,data_pmus_yaounde,q2_6_2,Agent_149,11EME ARRET
4,3,5,4,5,mistral:7b,data_pmus_yaounde,q3_1,Agent_149,NON
4,3,4,4,3,mistral:7b,data_pmus_yaounde,q3_2,Agent_149,A PIED
4,4,4,4,4,mistral:7b,data_pmus_yaounde,q3_3_1,Agent_149,NKOM KANA
4,4,3,4,3,mistral:7b,data_pmus_yaounde,q3_3_2,Agent_149,NKOM KANA
1,1,1,1,3,mistral:7b,data_pmus_yaounde,q4_1_a,Agent_149,nan
1,1,1,1,3,mistral:7b,data_pmus_yaounde,q4_1_b,Agent_149,nan
1,1,1,1,3,mistral:7b,data_pmus_yaounde,q4_2_a,Agent_149,nan
4,3,5,4,4,mistral:7b,data_pmus_yaounde,q4_2_b,Agent_149,MOINS DE 15 MIN
1,1,1,1,3,mistral:7b,data_pmus_yaounde,q4_3,Agent_149,nan
4,3,4,4,4,mistral:7b,data_pmus_yaounde,q4_4,Agent_149,VISITE FAMILLE
3,3,4,4,4,mistral:7b,data_pmus_yaounde,q4_4_autres,Agent_149,ACHAT
5,3,5,4,5,mistral:7b,data_pmus_yaounde,q5_1,Agent_149,ENTRE 36 ET 45 ANS
5,3,4,4,5,mistral:7b,data_pmus_yaounde,q5_2,Agent_149,ENTRE 30 001 ET 100 000
5,4,5,4,5,mistral:7b,data_pmus_yaounde,q5_3,Agent_149,HOMME
4,4,4,4,4,mistral:7b,data_pmus_yaounde,centre ville,Agent_150,YAOUNDE
5,4,5,4,5,mistral:7b,data_pmus_yaounde,q1_1,Agent_150,UN QUARTIER DE LA VILLE DE YAOUNDE
4,4,4,4,4,mistral:7b,data_pmus_yaounde,q1_1_a,Agent_150,NGOUSSO
1,1,1,1,3,mistral:7b,data_pmus_yaounde,q1_1_b,Agent_150,nan
1,1,1,1,3,mistral:7b,data_pmus_yaounde,q1_1_c,Agent_150,nan
5,4,5,4,5,mistral:7b,data_pmus_yaounde,q1_2,Agent_150,UN QUARTIER DE LA VILLE DE YAOUNDE
4,4,4,4,4,mistral:7b,data_pmus_yaounde,q1_2_a,Agent_150,NGOUSSO
4,4,3,4,3,mistral:7b,data_pmus_yaounde,q1_2_b,Agent_150,NGOUSSO
4,4,4,4,4,mistral:7b,data_pmus_yaounde,q1_3_c,Agent_150,AFANOYA
3,3,4,4,3,mistral:7b,data_pmus_yaounde,q2_1,Agent_150,PAR BUS AGENCE INTERURBAIN
4,4,3,4,3,mistral:7b,data_pmus_yaounde,q2_2_1,Agent_150,NGOUSSO
4,4,3,4,3,mistral:7b,data_pmus_yaounde,q2_2_2,Agent_150,NGOUSSO
4,4,3,4,3,mistral:7b,data_pmus_yaounde,q2_3_1,Agent_150,NGOUSSO
4,4,3,4,3,mistral:7b,data_pmus_yaounde,q2_3_2,Agent_150,0NANA
4,4,5,4,5,mistral:7b,data_pmus_yaounde,q2_3,Agent_150,NON
4,4,4,4,4,mistral:7b,data_pmus_yaounde,q2_4,Agent_150,PAR TAXI
4,4,4,4,4,mistral:7b,data_pmus_yaounde,q2_5_1,Agent_150,NGOUSSO
4,4,4,4,4,mistral:7b,data_pmus_yaounde,q2_5_2,Agent_150,NGOUSSO
4,4,4,4,4,mistral:7b,data_pmus_yaounde,q2_6_1,Agent_150,NGOUSSO
4,4,4,4,4,mistral:7b,data_pmus_yaounde,q2_6_2,Agent_150,11EME ARRET
4,3,5,4,5,mistral:7b,data_pmus_yaounde,q3_1,Agent_150,NON
4,3,4,4,3,mistral:7b,data_pmus_yaounde,q3_2,Agent_150,PAR BUS AGENCE INTERURBAIN
4,4,4,4,4,mistral:7b,data_pmus_yaounde,q3_3_1,Agent_150,NGOUSSO
4,4,3,4,3,mistral:7b,data_pmus_yaounde,q3_3_2,Agent_150,10 IEME ARRET
1,1,1,1,3,mistral:7b,data_pmus_yaounde,q4_1_a,Agent_150,nan
4,3,3,4,4,mistral:7b,data_pmus_yaounde,q4_1_b,Agent_150,PLUS DE 20 MINUTES
4,4,2,4,2,mistral:7b,data_pmus_yaounde,q4_2_a,Agent_150,Veuillez indiquer depuis combien de temps vous attendez.
4,3,5,4,4,mistral:7b,data_pmus_yaounde,q4_2_b,Agent_150,MOINS DE 15 MIN
4,4,4,4,4,mistral:7b,data_pmus_yaounde,q4_3,Agent_150,2200.0
4,3,4,4,4,mistral:7b,data_pmus_yaounde,q4_4,Agent_150,VISITE FAMILLE
3,3,4,4,4,mistral:7b,data_pmus_yaounde,q4_4_autres,Agent_150,ACHAT
5,3,5,4,5,mistral:7b,data_pmus_yaounde,q5_1,Agent_150,ENTRE 26 ET 35 ANS
5,3,4,4,5,mistral:7b,data_pmus_yaounde,q5_2,Agent_150,ENTRE 30 001 ET 100 000
5,4,5,4,5,mistral:7b,data_pmus_yaounde,q5_3,Agent_150,HOMME
4,4,4,4,4,mistral:7b,data_pmus_yaounde,centre ville,Agent_151,YAOUNDE
5,4,5,4,5,mistral:7b,data_pmus_yaounde,q1_1,Agent_151,UN QUARTIER DE LA VILLE DE YAOUNDE
4,4,4,4,4,mistral:7b,data_pmus_yaounde,q1_1_a,Agent_151,MBANKOLO
1,1,1,1,3,mistral:7b,data_pmus_yaounde,q1_1_b,Agent_151,nan
1,1,1,1,3,mistral:7b,data_pmus_yaounde,q1_1_c,Agent_151,nan
5,4,5,4,5,mistral:7b,data_pmus_yaounde,q1_2,Agent_151,UN QUARTIER DE LA VILLE DE YAOUNDE
4,4,4,4,4,mistral:7b,data_pmus_yaounde,q1_2_a,Agent_151,MBANKOLO
4,4,3,4,3,mistral:7b,data_pmus_yaounde,q1_2_b,Agent_151,VILLAGE FOBE
1,1,1,1,3,mistral:7b,data_pmus_yaounde,q1_3_c,Agent_151,nan
3,3,4,4,3,mistral:7b,data_pmus_yaounde,q2_1,Agent_151,PAR TAXI
4,4,3,4,3,mistral:7b,data_pmus_yaounde,q2_2_1,Agent_151,2 CHEVEAU
4,4,3,4,3,mistral:7b,data_pmus_yaounde,q2_2_2,Agent_151,10 E ARRET
4,4,3,4,3,mistral:7b,data_pmus_yaounde,q2_3_1,Agent_151,VILLAGE FOBE
4,4,3,4,3,mistral:7b,data_pmus_yaounde,q2_3_2,Agent_151,VILLAGE FOBE
4,4,5,4,5,mistral:7b,data_pmus_yaounde,q2_3,Agent_151,NON
4,4,4,4,4,mistral:7b,data_pmus_yaounde,q2_4,Agent_151,PAR TAXI
4,4,4,4,4,mistral:7b,data_pmus_yaounde,q2_5_1,Agent_151,MBANKOLO
4,4,4,4,4,mistral:7b,data_pmus_yaounde,q2_5_2,Agent_151,MBANKOLO
4,4,4,4,4,mistral:7b,data_pmus_yaounde,q2_6_1,Agent_151,ABATTOIR
4,4,4,4,4,mistral:7b,data_pmus_yaounde,q2_6_2,Agent_151,11EME ARRET
4,3,5,4,5,mistral:7b,data_pmus_yaounde,q3_1,Agent_151,NON
4,3,4,4,3,mistral:7b,data_pmus_yaounde,q3_2,Agent_151,PAR TAXI
4,4,4,4,4,mistral:7b,data_pmus_yaounde,q3_3_1,Agent_151,MBANKOLO
4,4,3,4,3,mistral:7b,data_pmus_yaounde,q3_3_2,Agent_151,10 IEME ARRET
1,1,1,1,3,mistral:7b,data_pmus_yaounde,q4_1_a,Agent_151,nan
4,3,3,4,4,mistral:7b,data_pmus_yaounde,q4_1_b,Agent_151,PLUS DE 20 MINUTES
4,4,2,4,2,mistral:7b,data_pmus_yaounde,q4_2_a,Agent_151,Veuillez indiquer depuis combien de temps vous attendez.
4,3,5,4,4,mistral:7b,data_pmus_yaounde,q4_2_b,Agent_151,30 60 MIN
4,4,4,4,4,mistral:7b,data_pmus_yaounde,q4_3,Agent_151,1010.0
4,3,4,4,4,mistral:7b,data_pmus_yaounde,q4_4,Agent_151,TRAVAIL
3,3,4,4,4,mistral:7b,data_pmus_yaounde,q4_4_autres,Agent_151,ACHAT
5,3,5,4,5,mistral:7b,data_pmus_yaounde,q5_1,Agent_151,ENTRE 18 ET 25 ANS
5,3,4,4,5,mistral:7b,data_pmus_yaounde,q5_2,Agent_151,MOINS DE 30 000
5,4,5,4,5,mistral:7b,data_pmus_yaounde,q5_3,Agent_151,FEMME
4,4,4,4,4,mistral:7b,data_pmus_yaounde,centre ville,Agent_152,YAOUNDE
5,4,5,4,5,mistral:7b,data_pmus_yaounde,q1_1,Agent_152,UN QUARTIER DE LA VILLE DE YAOUNDE
4,4,4,4,4,mistral:7b,data_pmus_yaounde,q1_1_a,Agent_152,OYOM ABANG
4,4,3,4,3,mistral:7b,data_pmus_yaounde,q1_1_b,Agent_152,OYOM ABANG
4,4,4,4,4,mistral:7b,data_pmus_yaounde,q1_1_c,Agent_152,AFANOYA
5,4,5,4,5,mistral:7b,data_pmus_yaounde,q1_2,Agent_152,UN QUARTIER DE LA VILLE DE YAOUNDE
4,4,4,4,4,mistral:7b,data_pmus_yaounde,q1_2_a,Agent_152,OYOM ABANG
4,4,3,4,3,mistral:7b,data_pmus_yaounde,q1_2_b,Agent_152,10 IEME ARRET
4,4,4,4,4,mistral:7b,data_pmus_yaounde,q1_3_c,Agent_152,AFANOYA
3,3,4,4,3,mistral:7b,data_pmus_yaounde,q2_1,Agent_152,A PIED
4,4,3,4,3,mistral:7b,data_pmus_yaounde,q2_2_1,Agent_152,2 CHEVEAU
4,4,3,4,3,mistral:7b,data_pmus_yaounde,q2_2_2,Agent_152,10 E ARRET
4,4,3,4,3,mistral:7b,data_pmus_yaounde,q2_3_1,Agent_152,CARREFOURE MEC
4,4,3,4,3,mistral:7b,data_pmus_yaounde,q2_3_2,Agent_152,0NANA
4,4,5,4,5,mistral:7b,data_pmus_yaounde,q2_3,Agent_152,NON
4,4,4,4,4,mistral:7b,data_pmus_yaounde,q2_4,Agent_152,PAR TAXI
4,4,4,4,4,mistral:7b,data_pmus_yaounde,q2_5_1,Agent_152,A B0NAS
4,4,4,4,4,mistral:7b,data_pmus_yaounde,q2_5_2,Agent_152,0MPHINE
4,4,4,4,4,mistral:7b,data_pmus_yaounde,q2_6_1,Agent_152,CREFOUR MEC
4,4,4,4,4,mistral:7b,data_pmus_yaounde,q2_6_2,Agent_152,ROND POINT MECC
4,3,5,4,5,mistral:7b,data_pmus_yaounde,q3_1,Agent_152,NON
4,3,4,4,3,mistral:7b,data_pmus_yaounde,q3_2,Agent_152,A PIED
4,4,4,4,4,mistral:7b,data_pmus_yaounde,q3_3_1,Agent_152,CARREFOUR MEEC
4,4,3,4,3,mistral:7b,data_pmus_yaounde,q3_3_2,Agent_152,10 IEME ARRET
1,1,1,1,3,mistral:7b,data_pmus_yaounde,q4_1_a,Agent_152,nan
4,3,3,4,4,mistral:7b,data_pmus_yaounde,q4_1_b,Agent_152,PLUS DE 20 MINUTES
4,4,2,4,2,mistral:7b,data_pmus_yaounde,q4_2_a,Agent_152,Veuillez indiquer depuis combien de temps vous attendez.
4,3,5,4,4,mistral:7b,data_pmus_yaounde,q4_2_b,Agent_152,15 30 MIN
4,4,4,4,4,mistral:7b,data_pmus_yaounde,q4_3,Agent_152,350.0
4,3,4,4,4,mistral:7b,data_pmus_yaounde,q4_4,Agent_152,TRAVAIL
3,3,4,4,4,mistral:7b,data_pmus_yaounde,q4_4_autres,Agent_152,COMMERCE
5,3,5,4,5,mistral:7b,data_pmus_yaounde,q5_1,Agent_152,ENTRE 26 ET 35 ANS
5,3,4,4,5,mistral:7b,data_pmus_yaounde,q5_2,Agent_152,ENTRE 30 001 ET 100 000
5,4,5,4,5,mistral:7b,data_pmus_yaounde,q5_3,Agent_152,FEMME
4,4,4,4,4,mistral:7b,data_pmus_yaounde,centre ville,Agent_153,YAOUNDE
5,4,5,4,5,mistral:7b,data_pmus_yaounde,q1_1,Agent_153,UN QUARTIER DE LA VILLE DE YAOUNDE
4,4,4,4,4,mistral:7b,data_pmus_yaounde,q1_1_a,Agent_153,EFOULAN
4,4,3,4,3,mistral:7b,data_pmus_yaounde,q1_1_b,Agent_153,CAPMUS
1,1,1,1,3,mistral:7b,data_pmus_yaounde,q1_1_c,Agent_153,nan
5,4,5,4,5,mistral:7b,data_pmus_yaounde,q1_2,Agent_153,UN QUARTIER DE LA VILLE DE YAOUNDE
4,4,4,4,4,mistral:7b,data_pmus_yaounde,q1_2_a,Agent_153,EFOULAN
4,4,3,4,3,mistral:7b,data_pmus_yaounde,q1_2_b,Agent_153,10 IEME ARRET
1,1,1,1,3,mistral:7b,data_pmus_yaounde,q1_3_c,Agent_153,nan
3,3,4,4,3,mistral:7b,data_pmus_yaounde,q2_1,Agent_153,PAR BUS AGENCE INTERURBAIN
4,4,3,4,3,mistral:7b,data_pmus_yaounde,q2_2_1,Agent_153,2 CHEVEAU
4,4,3,4,3,mistral:7b,data_pmus_yaounde,q2_2_2,Agent_153,10 E ARRET
4,4,3,4,3,mistral:7b,data_pmus_yaounde,q2_3_1,Agent_153,MEECCARREFOUR
4,4,3,4,3,mistral:7b,data_pmus_yaounde,q2_3_2,Agent_153,CAREFOURE
4,4,5,4,5,mistral:7b,data_pmus_yaounde,q2_3,Agent_153,NON
4,4,4,4,4,mistral:7b,data_pmus_yaounde,q2_4,Agent_153,PAR BUS AGENCE INTERURBAIN
4,4,4,4,4,mistral:7b,data_pmus_yaounde,q2_5_1,Agent_153,A B0NAS
4,4,4,4,4,mistral:7b,data_pmus_yaounde,q2_5_2,Agent_153,0MPHINE
4,4,4,4,4,mistral:7b,data_pmus_yaounde,q2_6_1,Agent_153,ABATTOIR
4,4,4,4,4,mistral:7b,data_pmus_yaounde,q2_6_2,Agent_153,CENTRE DES HANDICAPES
4,3,5,4,5,mistral:7b,data_pmus_yaounde,q3_1,Agent_153,NON
4,3,4,4,3,mistral:7b,data_pmus_yaounde,q3_2,Agent_153,PAR BUS AGENCE INTERURBAIN
4,4,4,4,4,mistral:7b,data_pmus_yaounde,q3_3_1,Agent_153,MVOLYE
4,4,3,4,3,mistral:7b,data_pmus_yaounde,q3_3_2,Agent_153,10 IEME ARRET
1,1,1,1,3,mistral:7b,data_pmus_yaounde,q4_1_a,Agent_153,nan
4,3,3,4,4,mistral:7b,data_pmus_yaounde,q4_1_b,Agent_153,PLUS DE 20 MINUTES
4,4,2,4,2,mistral:7b,data_pmus_yaounde,q4_2_a,Agent_153,Veuillez indiquer depuis combien de temps vous attendez.
4,3,5,4,4,mistral:7b,data_pmus_yaounde,q4_2_b,Agent_153,30 60 MIN
4,4,4,4,4,mistral:7b,data_pmus_yaounde,q4_3,Agent_153,13500.0
4,3,4,4,4,mistral:7b,data_pmus_yaounde,q4_4,Agent_153,VISITE FAMILLE
3,3,4,4,4,mistral:7b,data_pmus_yaounde,q4_4_autres,Agent_153,BALADE
5,3,5,4,5,mistral:7b,data_pmus_yaounde,q5_1,Agent_153,MOINS DE 18 ANS
5,3,4,4,5,mistral:7b,data_pmus_yaounde,q5_2,Agent_153,ENTRE 30 001 ET 100 000
5,4,5,4,5,mistral:7b,data_pmus_yaounde,q5_3,Agent_153,HOMME
4,4,4,4,4,mistral:7b,data_pmus_yaounde,centre ville,Agent_154,YAOUNDE
5,4,5,4,5,mistral:7b,data_pmus_yaounde,q1_1,Agent_154,UN QUARTIER DE LA VILLE DE YAOUNDE
4,4,4,4,4,mistral:7b,data_pmus_yaounde,q1_1_a,Agent_154,ABIT
4,4,3,4,3,mistral:7b,data_pmus_yaounde,q1_1_b,Agent_154,10EME ARRET
4,4,4,4,4,mistral:7b,data_pmus_yaounde,q1_1_c,Agent_154,AFANOYA
5,4,5,4,5,mistral:7b,data_pmus_yaounde,q1_2,Agent_154,UN QUARTIER DE LA VILLE DE YAOUNDE
4,4,4,4,4,mistral:7b,data_pmus_yaounde,q1_2_a,Agent_154,NKONDENGUI
4,4,3,4,3,mistral:7b,data_pmus_yaounde,q1_2_b,Agent_154,NKONDENGUI
1,1,1,1,3,mistral:7b,data_pmus_yaounde,q1_3_c,Agent_154,nan
3,3,4,4,3,mistral:7b,data_pmus_yaounde,q2_1,Agent_154,A PIED
4,4,3,4,3,mistral:7b,data_pmus_yaounde,q2_2_1,Agent_154,NKONDENGUI
4,4,3,4,3,mistral:7b,data_pmus_yaounde,q2_2_2,Agent_154,10 E ARRET
4,4,3,4,3,mistral:7b,data_pmus_yaounde,q2_3_1,Agent_154,NKONDENGUI
4,4,3,4,3,mistral:7b,data_pmus_yaounde,q2_3_2,Agent_154,NKONDENGUI
4,4,5,4,5,mistral:7b,data_pmus_yaounde,q2_3,Agent_154,NON
4,4,4,4,4,mistral:7b,data_pmus_yaounde,q2_4,Agent_154,A PIED
4,4,4,4,4,mistral:7b,data_pmus_yaounde,q2_5_1,Agent_154,A B0NAS
4,4,4,4,4,mistral:7b,data_pmus_yaounde,q2_5_2,Agent_154,NKONDENGUI
4,4,4,4,4,mistral:7b,data_pmus_yaounde,q2_6_1,Agent_154,NKONDENGUI
4,4,4,4,4,mistral:7b,data_pmus_yaounde,q2_6_2,Agent_154,11EME ARRET
4,3,5,4,5,mistral:7b,data_pmus_yaounde,q3_1,Agent_154,NON
4,3,4,4,3,mistral:7b,data_pmus_yaounde,q3_2,Agent_154,A PIED
4,4,4,4,4,mistral:7b,data_pmus_yaounde,q3_3_1,Agent_154,NKONDENGUI
4,4,3,4,3,mistral:7b,data_pmus_yaounde,q3_3_2,Agent_154,NKONDENGUI
1,1,1,1,3,mistral:7b,data_pmus_yaounde,q4_1_a,Agent_154,nan
1,1,1,1,3,mistral:7b,data_pmus_yaounde,q4_1_b,Agent_154,nan
1,1,1,1,3,mistral:7b,data_pmus_yaounde,q4_2_a,Agent_154,nan
4,3,5,4,4,mistral:7b,data_pmus_yaounde,q4_2_b,Agent_154,MOINS DE 15 MIN
4,4,4,4,4,mistral:7b,data_pmus_yaounde,q4_3,Agent_154,2500.0
4,3,4,4,4,mistral:7b,data_pmus_yaounde,q4_4,Agent_154,COURSES
3,3,4,4,4,mistral:7b,data_pmus_yaounde,q4_4_autres,Agent_154,FAIRE DES ACHATS
5,3,5,4,5,mistral:7b,data_pmus_yaounde,q5_1,Agent_154,ENTRE 26 ET 35 ANS
5,3,4,4,5,mistral:7b,data_pmus_yaounde,q5_2,Agent_154,MOINS DE 30 000
5,4,5,4,5,mistral:7b,data_pmus_yaounde,q5_3,Agent_154,FEMME
4,4,4,4,4,mistral:7b,data_pmus_yaounde,centre ville,Agent_155,YAOUNDE
5,4,5,4,5,mistral:7b,data_pmus_yaounde,q1_1,Agent_155,UN QUARTIER DE LA VILLE DE YAOUNDE
4,4,4,4,4,mistral:7b,data_pmus_yaounde,q1_1_a,Agent_155,MENDONG
4,4,3,4,3,mistral:7b,data_pmus_yaounde,q1_1_b,Agent_155,SOUS MANGUIER
4,4,4,4,4,mistral:7b,data_pmus_yaounde,q1_1_c,Agent_155,AFANOYA
5,4,5,4,5,mistral:7b,data_pmus_yaounde,q1_2,Agent_155,UN QUARTIER DE LA VILLE DE YAOUNDE
4,4,4,4,4,mistral:7b,data_pmus_yaounde,q1_2_a,Agent_155,MENDONG
4,4,3,4,3,mistral:7b,data_pmus_yaounde,q1_2_b,Agent_155,10 IEME ARRET
4,4,4,4,4,mistral:7b,data_pmus_yaounde,q1_3_c,Agent_155,AFANOYA
3,3,4,4,3,mistral:7b,data_pmus_yaounde,q2_1,Agent_155,PAR BUS AGENCE INTERURBAIN
4,4,3,4,3,mistral:7b,data_pmus_yaounde,q2_2_1,Agent_155,2 CHEVEAU
4,4,3,4,3,mistral:7b,data_pmus_yaounde,q2_2_2,Agent_155,10 E ARRET
4,4,3,4,3,mistral:7b,data_pmus_yaounde,q2_3_1,Agent_155,0LESOA
4,4,3,4,3,mistral:7b,data_pmus_yaounde,q2_3_2,Agent_155,PALAIS DE JUSTICE
4,4,5,4,5,mistral:7b,data_pmus_yaounde,q2_3,Agent_155,NON
4,4,4,4,4,mistral:7b,data_pmus_yaounde,q2_4,Agent_155,PAR BUS AGENCE INTERURBAIN
4,4,4,4,4,mistral:7b,data_pmus_yaounde,q2_5_1,Agent_155,NGOA EKELLE
4,4,4,4,4,mistral:7b,data_pmus_yaounde,q2_5_2,Agent_155,NIVEAU DES LAMPADER
4,4,4,4,4,mistral:7b,data_pmus_yaounde,q2_6_1,Agent_155,ETOUDI
4,4,4,4,4,mistral:7b,data_pmus_yaounde,q2_6_2,Agent_155,MENDONG
4,3,5,4,5,mistral:7b,data_pmus_yaounde,q3_1,Agent_155,NON
4,3,4,4,3,mistral:7b,data_pmus_yaounde,q3_2,Agent_155,A PIED
4,4,4,4,4,mistral:7b,data_pmus_yaounde,q3_3_1,Agent_155,MENDONG
4,4,3,4,3,mistral:7b,data_pmus_yaounde,q3_3_2,Agent_155,MENDONG
4,4,2,4,2,mistral:7b,data_pmus_yaounde,q4_1_a,Agent_155,Veuillez indiquer depuis combien de temps vous attendez.
4,3,3,4,4,mistral:7b,data_pmus_yaounde,q4_1_b,Agent_155,PLUS DE 20 MINUTES
4,4,2,4,2,mistral:7b,data_pmus_yaounde,q4_2_a,Agent_155,Veuillez indiquer depuis combien de temps vous attendez.
4,3,5,4,4,mistral:7b,data_pmus_yaounde,q4_2_b,Agent_155,15 30 MIN
4,4,4,4,4,mistral:7b,data_pmus_yaounde,q4_3,Agent_155,3500.0
4,3,4,4,4,mistral:7b,data_pmus_yaounde,q4_4,Agent_155,D MARCHES ADMINISTRATIVES ET OU SANT
3,3,4,4,4,mistral:7b,data_pmus_yaounde,q4_4_autres,Agent_155,ACHAT
5,3,5,4,5,mistral:7b,data_pmus_yaounde,q5_1,Agent_155,ENTRE 36 ET 45 ANS
5,3,4,4,5,mistral:7b,data_pmus_yaounde,q5_2,Agent_155,ENTRE 300 001 ET 500 000
5,4,5,4,5,mistral:7b,data_pmus_yaounde,q5_3,Agent_155,HOMME
4,4,4,4,4,mistral:7b,data_pmus_yaounde,centre ville,Agent_156,YAOUNDE
5,4,5,4,5,mistral:7b,data_pmus_yaounde,q1_1,Agent_156,UN QUARTIER DE LA VILLE DE YAOUNDE
4,4,4,4,4,mistral:7b,data_pmus_yaounde,q1_1_a,Agent_156,CENTRE VILLE
4,4,3,4,3,mistral:7b,data_pmus_yaounde,q1_1_b,Agent_156,DERRIERE EGLISE LA MEEC
4,4,4,4,4,mistral:7b,data_pmus_yaounde,q1_1_c,Agent_156,CENTRE VILLE
5,4,5,4,5,mistral:7b,data_pmus_yaounde,q1_2,Agent_156,UN QUARTIER DE LA VILLE DE YAOUNDE
4,4,4,4,4,mistral:7b,data_pmus_yaounde,q1_2_a,Agent_156,FOUDA
4,4,3,4,3,mistral:7b,data_pmus_yaounde,q1_2_b,Agent_156,10 IEME ARRET
4,4,4,4,4,mistral:7b,data_pmus_yaounde,q1_3_c,Agent_156,AFANOYA
3,3,4,4,3,mistral:7b,data_pmus_yaounde,q2_1,Agent_156,PAR BUS AGENCE INTERURBAIN
4,4,3,4,3,mistral:7b,data_pmus_yaounde,q2_2_1,Agent_156,2 CHEVEAU
4,4,3,4,3,mistral:7b,data_pmus_yaounde,q2_2_2,Agent_156,10 E ARRET
4,4,3,4,3,mistral:7b,data_pmus_yaounde,q2_3_1,Agent_156,AVENUE KENNEDY
4,4,3,4,3,mistral:7b,data_pmus_yaounde,q2_3_2,Agent_156,SHELL
4,4,5,4,5,mistral:7b,data_pmus_yaounde,q2_3,Agent_156,NON
4,4,4,4,4,mistral:7b,data_pmus_yaounde,q2_4,Agent_156,PAR BUS AGENCE INTERURBAIN
4,4,4,4,4,mistral:7b,data_pmus_yaounde,q2_5_1,Agent_156,CENTRE VILLE
4,4,4,4,4,mistral:7b,data_pmus_yaounde,q2_5_2,Agent_156,0MPHINE
4,4,4,4,4,mistral:7b,data_pmus_yaounde,q2_6_1,Agent_156,CENTRE VILLE
4,4,4,4,4,mistral:7b,data_pmus_yaounde,q2_6_2,Agent_156,CENTRE VILLE
4,3,5,4,5,mistral:7b,data_pmus_yaounde,q3_1,Agent_156,NON
4,3,4,4,3,mistral:7b,data_pmus_yaounde,q3_2,Agent_156,PAR BUS AGENCE INTERURBAIN
4,4,4,4,4,mistral:7b,data_pmus_yaounde,q3_3_1,Agent_156,CENTRE VILLE
4,4,3,4,3,mistral:7b,data_pmus_yaounde,q3_3_2,Agent_156,CENTRE VILLE
4,4,2,4,2,mistral:7b,data_pmus_yaounde,q4_1_a,Agent_156,Veuillez indiquer depuis combien de temps vous attendez.
4,3,3,4,4,mistral:7b,data_pmus_yaounde,q4_1_b,Agent_156,PLUS DE 20 MINUTES
4,4,2,4,2,mistral:7b,data_pmus_yaounde,q4_2_a,Agent_156,Veuillez indiquer depuis combien de temps vous attendez.
4,3,5,4,4,mistral:7b,data_pmus_yaounde,q4_2_b,Agent_156,15 30 MIN
4,4,4,4,4,mistral:7b,data_pmus_yaounde,q4_3,Agent_156,120.0
4,3,4,4,4,mistral:7b,data_pmus_yaounde,q4_4,Agent_156,VISITE FAMILLE
3,3,4,4,4,mistral:7b,data_pmus_yaounde,q4_4_autres,Agent_156,ACHAT
5,3,5,4,5,mistral:7b,data_pmus_yaounde,q5_1,Agent_156,ENTRE 18 ET 25 ANS
5,3,4,4,5,mistral:7b,data_pmus_yaounde,q5_2,Agent_156,ENTRE 30 001 ET 100 000
5,4,5,4,5,mistral:7b,data_pmus_yaounde,q5_3,Agent_156,HOMME
4,4,4,4,4,mistral:7b,data_pmus_yaounde,centre ville,Agent_157,YAOUNDE
5,4,5,4,5,mistral:7b,data_pmus_yaounde,q1_1,Agent_157,UN QUARTIER DE LA VILLE DE YAOUNDE
4,4,4,4,4,mistral:7b,data_pmus_yaounde,q1_1_a,Agent_157,ABIT
1,1,1,1,3,mistral:7b,data_pmus_yaounde,q1_1_b,Agent_157,nan
4,4,4,4,4,mistral:7b,data_pmus_yaounde,q1_1_c,Agent_157,AFANOYA
5,4,5,4,5,mistral:7b,data_pmus_yaounde,q1_2,Agent_157,UN QUARTIER DE LA VILLE DE YAOUNDE
4,4,4,4,4,mistral:7b,data_pmus_yaounde,q1_2_a,Agent_157,ABOM
4,4,3,4,3,mistral:7b,data_pmus_yaounde,q1_2_b,Agent_157,MONTE SAPLET
4,4,4,4,4,mistral:7b,data_pmus_yaounde,q1_3_c,Agent_157,AFANOYA
3,3,4,4,3,mistral:7b,data_pmus_yaounde,q2_1,Agent_157,PAR BUS AGENCE INTERURBAIN
4,4,3,4,3,mistral:7b,data_pmus_yaounde,q2_2_1,Agent_157,2 CHEVEAU
4,4,3,4,3,mistral:7b,data_pmus_yaounde,q2_2_2,Agent_157,10 E ARRET
4,4,3,4,3,mistral:7b,data_pmus_yaounde,q2_3_1,Agent_157,0LESOA
4,4,3,4,3,mistral:7b,data_pmus_yaounde,q2_3_2,Agent_157,NKOLBISSON
4,4,5,4,5,mistral:7b,data_pmus_yaounde,q2_3,Agent_157,NON
4,4,4,4,4,mistral:7b,data_pmus_yaounde,q2_4,Agent_157,PAR BUS AGENCE INTERURBAIN
4,4,4,4,4,mistral:7b,data_pmus_yaounde,q2_5_1,Agent_157,A B0NAS
4,4,4,4,4,mistral:7b,data_pmus_yaounde,q2_5_2,Agent_157,0MPHINE
4,4,4,4,4,mistral:7b,data_pmus_yaounde,q2_6_1,Agent_157,NKOLBISSON
4,4,4,4,4,mistral:7b,data_pmus_yaounde,q2_6_2,Agent_157,11EME ARRET
4,3,5,4,5,mistral:7b,data_pmus_yaounde,q3_1,Agent_157,NON
4,3,4,4,3,mistral:7b,data_pmus_yaounde,q3_2,Agent_157,PAR BUS AGENCE INTERURBAIN
4,4,4,4,4,mistral:7b,data_pmus_yaounde,q3_3_1,Agent_157,ACACIA
4,4,3,4,3,mistral:7b,data_pmus_yaounde,q3_3_2,Agent_157,ENTREE CARRIRE
1,1,1,1,3,mistral:7b,data_pmus_yaounde,q4_1_a,Agent_157,nan
4,3,3,4,4,mistral:7b,data_pmus_yaounde,q4_1_b,Agent_157,PLUS DE 20 MINUTES
4,4,2,4,2,mistral:7b,data_pmus_yaounde,q4_2_a,Agent_157,Veuillez indiquer depuis combien de temps vous attendez.
4,3,5,4,4,mistral:7b,data_pmus_yaounde,q4_2_b,Agent_157,PLUS DE 1HEURE
4,4,4,4,4,mistral:7b,data_pmus_yaounde,q4_3,Agent_157,208.0
4,3,4,4,4,mistral:7b,data_pmus_yaounde,q4_4,Agent_157,TRAVAIL
3,3,4,4,4,mistral:7b,data_pmus_yaounde,q4_4_autres,Agent_157,COMMERCE
5,3,5,4,5,mistral:7b,data_pmus_yaounde,q5_1,Agent_157,ENTRE 18 ET 25 ANS
5,3,4,4,5,mistral:7b,data_pmus_yaounde,q5_2,Agent_157,MOINS DE 30 000
5,4,5,4,5,mistral:7b,data_pmus_yaounde,q5_3,Agent_157,HOMME
4,4,4,4,4,mistral:7b,data_pmus_yaounde,centre ville,Agent_158,YAOUNDE
5,4,5,4,5,mistral:7b,data_pmus_yaounde,q1_1,Agent_158,UN QUARTIER DE LA VILLE DE YAOUNDE
4,4,4,4,4,mistral:7b,data_pmus_yaounde,q1_1_a,Agent_158,MVOG ADA
4,4,3,4,3,mistral:7b,data_pmus_yaounde,q1_1_b,Agent_158,CARRIERE APRES COLLEGE P RE MONTI
4,4,4,4,4,mistral:7b,data_pmus_yaounde,q1_1_c,Agent_158,AFANOYA
5,4,5,4,5,mistral:7b,data_pmus_yaounde,q1_2,Agent_158,UN QUARTIER DE LA VILLE DE YAOUNDE
4,4,4,4,4,mistral:7b,data_pmus_yaounde,q1_2_a,Agent_158,MVOG ADA
4,4,3,4,3,mistral:7b,data_pmus_yaounde,q1_2_b,Agent_158,10 IEME ARRET
4,4,4,4,4,mistral:7b,data_pmus_yaounde,q1_3_c,Agent_158,NKOZOA
3,3,4,4,3,mistral:7b,data_pmus_yaounde,q2_1,Agent_158,PAR BUS AGENCE INTERURBAIN
4,4,3,4,3,mistral:7b,data_pmus_yaounde,q2_2_1,Agent_158,2 CHEVEAU
4,4,3,4,3,mistral:7b,data_pmus_yaounde,q2_2_2,Agent_158,10 E ARRET
4,4,3,4,3,mistral:7b,data_pmus_yaounde,q2_3_1,Agent_158,ELIG EFFA
4,4,3,4,3,mistral:7b,data_pmus_yaounde,q2_3_2,Agent_158,0NANA
4,4,5,4,5,mistral:7b,data_pmus_yaounde,q2_3,Agent_158,NON
4,4,4,4,4,mistral:7b,data_pmus_yaounde,q2_4,Agent_158,PAR BUS AGENCE INTERURBAIN
4,4,4,4,4,mistral:7b,data_pmus_yaounde,q2_5_1,Agent_158,A B0NAS
4,4,4,4,4,mistral:7b,data_pmus_yaounde,q2_5_2,Agent_158,A L INTERIEUR DU CAMPUS
4,4,4,4,4,mistral:7b,data_pmus_yaounde,q2_6_1,Agent_158,ONANA
4,4,4,4,4,mistral:7b,data_pmus_yaounde,q2_6_2,Agent_158,UNIVERSITE
4,3,5,4,5,mistral:7b,data_pmus_yaounde,q3_1,Agent_158,NON
4,3,4,4,3,mistral:7b,data_pmus_yaounde,q3_2,Agent_158,A PIED
4,4,4,4,4,mistral:7b,data_pmus_yaounde,q3_3_1,Agent_158,CARREFOUR DES CARREAUX
4,4,3,4,3,mistral:7b,data_pmus_yaounde,q3_3_2,Agent_158,HOTEL MIRADOR
1,1,1,1,3,mistral:7b,data_pmus_yaounde,q4_1_a,Agent_158,nan
4,3,3,4,4,mistral:7b,data_pmus_yaounde,q4_1_b,Agent_158,MOINS DE 5 MIN
4,4,2,4,2,mistral:7b,data_pmus_yaounde,q4_2_a,Agent_158,Veuillez indiquer depuis combien de temps vous attendez.
4,3,5,4,4,mistral:7b,data_pmus_yaounde,q4_2_b,Agent_158,MOINS DE 15 MIN
4,4,4,4,4,mistral:7b,data_pmus_yaounde,q4_3,Agent_158,2100.0
4,3,4,4,4,mistral:7b,data_pmus_yaounde,q4_4,Agent_158,TRAVAIL
3,3,4,4,4,mistral:7b,data_pmus_yaounde,q4_4_autres,Agent_158,ETUDES
5,3,5,4,5,mistral:7b,data_pmus_yaounde,q5_1,Agent_158,ENTRE 18 ET 25 ANS
5,3,4,4,5,mistral:7b,data_pmus_yaounde,q5_2,Agent_158,ENTRE 30 001 ET 100 000
5,4,5,4,5,mistral:7b,data_pmus_yaounde,q5_3,Agent_158,HOMME
4,4,4,4,4,mistral:7b,data_pmus_yaounde,centre ville,Agent_159,YAOUNDE
5,4,5,4,5,mistral:7b,data_pmus_yaounde,q1_1,Agent_159,UN QUARTIER DE LA VILLE DE YAOUNDE
4,4,4,4,4,mistral:7b,data_pmus_yaounde,q1_1_a,Agent_159,ABIT
4,4,3,4,3,mistral:7b,data_pmus_yaounde,q1_1_b,Agent_159,DERRIERE IRAD
4,4,4,4,4,mistral:7b,data_pmus_yaounde,q1_1_c,Agent_159,AFANOYA
5,4,5,4,5,mistral:7b,data_pmus_yaounde,q1_2,Agent_159,UN QUARTIER DE LA VILLE DE YAOUNDE
4,4,4,4,4,mistral:7b,data_pmus_yaounde,q1_2_a,Agent_159,MBALLA 2
4,4,3,4,3,mistral:7b,data_pmus_yaounde,q1_2_b,Agent_159,MBALLA 2
4,4,4,4,4,mistral:7b,data_pmus_yaounde,q1_3_c,Agent_159,AFANOYA
3,3,4,4,3,mistral:7b,data_pmus_yaounde,q2_1,Agent_159,PAR BUS AGENCE INTERURBAIN
4,4,3,4,3,mistral:7b,data_pmus_yaounde,q2_2_1,Agent_159,MBALLA 2
4,4,3,4,3,mistral:7b,data_pmus_yaounde,q2_2_2,Agent_159,DEVANT LE GEORGE 5
4,4,3,4,3,mistral:7b,data_pmus_yaounde,q2_3_1,Agent_159,MBALLA 2
4,4,3,4,3,mistral:7b,data_pmus_yaounde,q2_3_2,Agent_159,0NANA
4,4,5,4,5,mistral:7b,data_pmus_yaounde,q2_3,Agent_159,NON
4,4,4,4,4,mistral:7b,data_pmus_yaounde,q2_4,Agent_159,A PIED
4,4,4,4,4,mistral:7b,data_pmus_yaounde,q2_5_1,Agent_159,A B0NAS
4,4,4,4,4,mistral:7b,data_pmus_yaounde,q2_5_2,Agent_159,AHALA
4,4,4,4,4,mistral:7b,data_pmus_yaounde,q2_6_1,Agent_159,ABATTOIR
1,1,1,1,3,mistral:7b,data_pmus_yaounde,q2_6_2,Agent_159,nan
4,3,5,4,5,mistral:7b,data_pmus_yaounde,q3_1,Agent_159,NON
4,3,4,4,3,mistral:7b,data_pmus_yaounde,q3_2,Agent_159,PAR BUS AGENCE INTERURBAIN
4,4,4,4,4,mistral:7b,data_pmus_yaounde,q3_3_1,Agent_159,ACACIA
4,4,3,4,3,mistral:7b,data_pmus_yaounde,q3_3_2,Agent_159,MOTO GEORGES
1,1,1,1,3,mistral:7b,data_pmus_yaounde,q4_1_a,Agent_159,nan
4,3,3,4,4,mistral:7b,data_pmus_yaounde,q4_1_b,Agent_159,MOINS DE 5 MIN
4,4,2,4,2,mistral:7b,data_pmus_yaounde,q4_2_a,Agent_159,Veuillez indiquer depuis combien de temps vous attendez.
4,3,5,4,4,mistral:7b,data_pmus_yaounde,q4_2_b,Agent_159,MOINS DE 15 MIN
4,4,4,4,4,mistral:7b,data_pmus_yaounde,q4_3,Agent_159,2600.0
4,3,4,4,4,mistral:7b,data_pmus_yaounde,q4_4,Agent_159,VISITE FAMILLE
3,3,4,4,4,mistral:7b,data_pmus_yaounde,q4_4_autres,Agent_159,ACHAT
5,3,5,4,5,mistral:7b,data_pmus_yaounde,q5_1,Agent_159,ENTRE 36 ET 45 ANS
5,3,4,4,5,mistral:7b,data_pmus_yaounde,q5_2,Agent_159,ENTRE 30 001 ET 100 000
5,4,5,4,5,mistral:7b,data_pmus_yaounde,q5_3,Agent_159,HOMME
4,4,4,4,4,mistral:7b,data_pmus_yaounde,centre ville,Agent_160,YAOUNDE
5,4,5,4,5,mistral:7b,data_pmus_yaounde,q1_1,Agent_160,UN QUARTIER DE LA VILLE DE YAOUNDE
4,4,4,4,4,mistral:7b,data_pmus_yaounde,q1_1_a,Agent_160,CARRIERE
4,4,3,4,3,mistral:7b,data_pmus_yaounde,q1_1_b,Agent_160,10EME ARRET
4,4,4,4,4,mistral:7b,data_pmus_yaounde,q1_1_c,Agent_160,CARRIERE
5,4,5,4,5,mistral:7b,data_pmus_yaounde,q1_2,Agent_160,UN QUARTIER DE LA VILLE DE YAOUNDE
4,4,4,4,4,mistral:7b,data_pmus_yaounde,q1_2_a,Agent_160,CARRIERE
4,4,3,4,3,mistral:7b,data_pmus_yaounde,q1_2_b,Agent_160,10 IEME ARRET
1,1,1,1,3,mistral:7b,data_pmus_yaounde,q1_3_c,Agent_160,nan
3,3,4,4,3,mistral:7b,data_pmus_yaounde,q2_1,Agent_160,A PIED
4,4,3,4,3,mistral:7b,data_pmus_yaounde,q2_2_1,Agent_160,2 CHEVEAU
4,4,3,4,3,mistral:7b,data_pmus_yaounde,q2_2_2,Agent_160,10 E ARRET
4,4,3,4,3,mistral:7b,data_pmus_yaounde,q2_3_1,Agent_160,MQNGUIER
4,4,3,4,3,mistral:7b,data_pmus_yaounde,q2_3_2,Agent_160,0NANA
4,4,5,4,5,mistral:7b,data_pmus_yaounde,q2_3,Agent_160,NON
4,4,4,4,4,mistral:7b,data_pmus_yaounde,q2_4,Agent_160,A PIED
4,4,4,4,4,mistral:7b,data_pmus_yaounde,q2_5_1,Agent_160,MARCHE MFOUNDI
4,4,4,4,4,mistral:7b,data_pmus_yaounde,q2_5_2,Agent_160,0MPHINE
4,4,4,4,4,mistral:7b,data_pmus_yaounde,q2_6_1,Agent_160,CARRIERE
4,4,4,4,4,mistral:7b,data_pmus_yaounde,q2_6_2,Agent_160,11EME ARRET
4,3,5,4,5,mistral:7b,data_pmus_yaounde,q3_1,Agent_160,NON
4,3,4,4,3,mistral:7b,data_pmus_yaounde,q3_2,Agent_160,A PIED
4,4,4,4,4,mistral:7b,data_pmus_yaounde,q3_3_1,Agent_160,CARRIERE
4,4,3,4,3,mistral:7b,data_pmus_yaounde,q3_3_2,Agent_160,10 IEME ARRET
1,1,1,1,3,mistral:7b,data_pmus_yaounde,q4_1_a,Agent_160,nan
4,3,3,4,4,mistral:7b,data_pmus_yaounde,q4_1_b,Agent_160,PLUS DE 20 MINUTES
4,4,2,4,2,mistral:7b,data_pmus_yaounde,q4_2_a,Agent_160,Veuillez indiquer depuis combien de temps vous attendez.
4,3,5,4,4,mistral:7b,data_pmus_yaounde,q4_2_b,Agent_160,MOINS DE 15 MIN
4,4,4,4,4,mistral:7b,data_pmus_yaounde,q4_3,Agent_160,250.0
1,1,1,1,3,mistral:7b,data_pmus_yaounde,q4_4,Agent_160,nan
3,3,4,4,4,mistral:7b,data_pmus_yaounde,q4_4_autres,Agent_160,FAIRE DU MARCHE
5,3,5,4,5,mistral:7b,data_pmus_yaounde,q5_1,Agent_160,ENTRE 55ANS ET 64 ANS
5,3,4,4,5,mistral:7b,data_pmus_yaounde,q5_2,Agent_160,ENTRE 30 001 ET 100 000
5,4,5,4,5,mistral:7b,data_pmus_yaounde,q5_3,Agent_160,HOMME
4,4,4,4,4,mistral:7b,data_pmus_yaounde,centre ville,Agent_161,YAOUNDE
5,4,5,4,5,mistral:7b,data_pmus_yaounde,q1_1,Agent_161,UN QUARTIER DE LA VILLE DE YAOUNDE
4,4,4,4,4,mistral:7b,data_pmus_yaounde,q1_1_a,Agent_161,MESSASSI
1,1,1,1,3,mistral:7b,data_pmus_yaounde,q1_1_b,Agent_161,nan
1,1,1,1,3,mistral:7b,data_pmus_yaounde,q1_1_c,Agent_161,nan
5,4,5,4,5,mistral:7b,data_pmus_yaounde,q1_2,Agent_161,UN QUARTIER DE LA VILLE DE YAOUNDE
4,4,4,4,4,mistral:7b,data_pmus_yaounde,q1_2_a,Agent_161,MESSASSI
1,1,1,1,3,mistral:7b,data_pmus_yaounde,q1_2_b,Agent_161,nan
1,1,1,1,3,mistral:7b,data_pmus_yaounde,q1_3_c,Agent_161,nan
3,3,4,4,3,mistral:7b,data_pmus_yaounde,q2_1,Agent_161,A PIED
4,4,3,4,3,mistral:7b,data_pmus_yaounde,q2_2_1,Agent_161,CARREFOUR MESSAASSI
4,4,3,4,3,mistral:7b,data_pmus_yaounde,q2_2_2,Agent_161,EKOUM DOUM
4,4,3,4,3,mistral:7b,data_pmus_yaounde,q2_3_1,Agent_161,EKOUM DOUM
4,4,3,4,3,mistral:7b,data_pmus_yaounde,q2_3_2,Agent_161,0NANA
4,4,5,4,5,mistral:7b,data_pmus_yaounde,q2_3,Agent_161,NON
4,4,4,4,4,mistral:7b,data_pmus_yaounde,q2_4,Agent_161,A PIED
4,4,4,4,4,mistral:7b,data_pmus_yaounde,q2_5_1,Agent_161,CARREFOUR NSSIMEYONG
4,4,4,4,4,mistral:7b,data_pmus_yaounde,q2_5_2,Agent_161,0MPHINE
4,4,4,4,4,mistral:7b,data_pmus_yaounde,q2_6_1,Agent_161,ABATTOIR
4,4,4,4,4,mistral:7b,data_pmus_yaounde,q2_6_2,Agent_161,CARREFOUR
4,3,5,4,5,mistral:7b,data_pmus_yaounde,q3_1,Agent_161,NON
4,3,4,4,3,mistral:7b,data_pmus_yaounde,q3_2,Agent_161,A PIED
4,4,4,4,4,mistral:7b,data_pmus_yaounde,q3_3_1,Agent_161,ACACIA
4,4,3,4,3,mistral:7b,data_pmus_yaounde,q3_3_2,Agent_161,CARREFOUR
1,1,1,1,3,mistral:7b,data_pmus_yaounde,q4_1_a,Agent_161,nan
4,3,3,4,4,mistral:7b,data_pmus_yaounde,q4_1_b,Agent_161,MOINS DE 5 MIN
4,4,2,4,2,mistral:7b,data_pmus_yaounde,q4_2_a,Agent_161,Veuillez indiquer depuis combien de temps vous attendez.
4,3,5,4,4,mistral:7b,data_pmus_yaounde,q4_2_b,Agent_161,15 30 MIN
4,4,4,4,4,mistral:7b,data_pmus_yaounde,q4_3,Agent_161,3800.0
4,3,4,4,4,mistral:7b,data_pmus_yaounde,q4_4,Agent_161,COURSES
3,3,4,4,4,mistral:7b,data_pmus_yaounde,q4_4_autres,Agent_161,FAIRE DES ACHATS
5,3,5,4,5,mistral:7b,data_pmus_yaounde,q5_1,Agent_161,ENTRE 36 ET 45 ANS
5,3,4,4,5,mistral:7b,data_pmus_yaounde,q5_2,Agent_161,ENTRE 300 001 ET 500 000
5,4,5,4,5,mistral:7b,data_pmus_yaounde,q5_3,Agent_161,FEMME
4,4,4,4,4,mistral:7b,data_pmus_yaounde,centre ville,Agent_162,YAOUNDE
5,4,5,4,5,mistral:7b,data_pmus_yaounde,q1_1,Agent_162,UN QUARTIER DE LA VILLE DE YAOUNDE
4,4,4,4,4,mistral:7b,data_pmus_yaounde,q1_1_a,Agent_162,MINKAN
4,4,3,4,3,mistral:7b,data_pmus_yaounde,q1_1_b,Agent_162,10EME ARRET
4,4,4,4,4,mistral:7b,data_pmus_yaounde,q1_1_c,Agent_162,AFANOYA
5,4,5,4,5,mistral:7b,data_pmus_yaounde,q1_2,Agent_162,UN QUARTIER DE LA VILLE DE YAOUNDE
4,4,4,4,4,mistral:7b,data_pmus_yaounde,q1_2_a,Agent_162,ABOM
4,4,3,4,3,mistral:7b,data_pmus_yaounde,q1_2_b,Agent_162,10 IEME ARRET
4,4,4,4,4,mistral:7b,data_pmus_yaounde,q1_3_c,Agent_162,AFANOYA
3,3,4,4,3,mistral:7b,data_pmus_yaounde,q2_1,Agent_162,PAR BUS AGENCE INTERURBAIN
4,4,3,4,3,mistral:7b,data_pmus_yaounde,q2_2_1,Agent_162,2 CHEVEAU
4,4,3,4,3,mistral:7b,data_pmus_yaounde,q2_2_2,Agent_162,CARREFOUR
4,4,3,4,3,mistral:7b,data_pmus_yaounde,q2_3_1,Agent_162,CARREFOUR
4,4,3,4,3,mistral:7b,data_pmus_yaounde,q2_3_2,Agent_162,CARREFOUR
4,4,5,4,5,mistral:7b,data_pmus_yaounde,q2_3,Agent_162,NON
4,4,4,4,4,mistral:7b,data_pmus_yaounde,q2_4,Agent_162,PAR BUS AGENCE INTERURBAIN
4,4,4,4,4,mistral:7b,data_pmus_yaounde,q2_5_1,Agent_162,A B0NAS
4,4,4,4,4,mistral:7b,data_pmus_yaounde,q2_5_2,Agent_162,CARREFOUR
4,4,4,4,4,mistral:7b,data_pmus_yaounde,q2_6_1,Agent_162,ELIG ESSONO
4,4,4,4,4,mistral:7b,data_pmus_yaounde,q2_6_2,Agent_162,11EME ARRET
4,3,5,4,5,mistral:7b,data_pmus_yaounde,q3_1,Agent_162,NON
4,3,4,4,3,mistral:7b,data_pmus_yaounde,q3_2,Agent_162,PAR BUS AGENCE INTERURBAIN
4,4,4,4,4,mistral:7b,data_pmus_yaounde,q3_3_1,Agent_162,ELIG ESSONO
4,4,3,4,3,mistral:7b,data_pmus_yaounde,q3_3_2,Agent_162,ELIG ESSONO
1,1,1,1,3,mistral:7b,data_pmus_yaounde,q4_1_a,Agent_162,nan
4,3,3,4,4,mistral:7b,data_pmus_yaounde,q4_1_b,Agent_162,PLUS DE 20 MINUTES
4,4,2,4,2,mistral:7b,data_pmus_yaounde,q4_2_a,Agent_162,Veuillez indiquer depuis combien de temps vous attendez.
4,3,5,4,4,mistral:7b,data_pmus_yaounde,q4_2_b,Agent_162,30 60 MIN
4,4,4,4,4,mistral:7b,data_pmus_yaounde,q4_3,Agent_162,300.0
4,3,4,4,4,mistral:7b,data_pmus_yaounde,q4_4,Agent_162,COURSES
3,3,4,4,4,mistral:7b,data_pmus_yaounde,q4_4_autres,Agent_162,FAIRE DES ACHATS
5,3,5,4,5,mistral:7b,data_pmus_yaounde,q5_1,Agent_162,ENTRE 36 ET 45 ANS
5,3,4,4,5,mistral:7b,data_pmus_yaounde,q5_2,Agent_162,ENTRE 30 001 ET 100 000
5,4,5,4,5,mistral:7b,data_pmus_yaounde,q5_3,Agent_162,FEMME
4,4,4,4,4,mistral:7b,data_pmus_yaounde,centre ville,Agent_163,YAOUNDE
5,4,5,4,5,mistral:7b,data_pmus_yaounde,q1_1,Agent_163,UN QUARTIER DE LA VILLE DE YAOUNDE
4,4,4,4,4,mistral:7b,data_pmus_yaounde,q1_1_a,Agent_163,ABIT
4,4,3,4,3,mistral:7b,data_pmus_yaounde,q1_1_b,Agent_163,SOUS MANGUIER
4,4,4,4,4,mistral:7b,data_pmus_yaounde,q1_1_c,Agent_163,AFANOYA
5,4,5,4,5,mistral:7b,data_pmus_yaounde,q1_2,Agent_163,UN QUARTIER DE LA VILLE DE YAOUNDE
4,4,4,4,4,mistral:7b,data_pmus_yaounde,q1_2_a,Agent_163,ABOM
4,4,3,4,3,mistral:7b,data_pmus_yaounde,q1_2_b,Agent_163,10 IEME ARRET
4,4,4,4,4,mistral:7b,data_pmus_yaounde,q1_3_c,Agent_163,AFANOYA
3,3,4,4,3,mistral:7b,data_pmus_yaounde,q2_1,Agent_163,PAR BUS AGENCE INTERURBAIN
4,4,3,4,3,mistral:7b,data_pmus_yaounde,q2_2_1,Agent_163,2 CHEVEAU
4,4,3,4,3,mistral:7b,data_pmus_yaounde,q2_2_2,Agent_163,10 E ARRET
4,4,3,4,3,mistral:7b,data_pmus_yaounde,q2_3_1,Agent_163,0LESOA
4,4,3,4,3,mistral:7b,data_pmus_yaounde,q2_3_2,Agent_163,AUCUN
4,4,5,4,5,mistral:7b,data_pmus_yaounde,q2_3,Agent_163,NON
4,4,4,4,4,mistral:7b,data_pmus_yaounde,q2_4,Agent_163,PAR BUS AGENCE INTERURBAIN
4,4,4,4,4,mistral:7b,data_pmus_yaounde,q2_5_1,Agent_163,NIOM
4,4,4,4,4,mistral:7b,data_pmus_yaounde,q2_5_2,Agent_163,0MPHINE
4,4,4,4,4,mistral:7b,data_pmus_yaounde,q2_6_1,Agent_163,ABATTOIR
4,4,4,4,4,mistral:7b,data_pmus_yaounde,q2_6_2,Agent_163,11EME ARRET
4,3,5,4,5,mistral:7b,data_pmus_yaounde,q3_1,Agent_163,NON
4,3,4,4,3,mistral:7b,data_pmus_yaounde,q3_2,Agent_163,PAR BUS AGENCE INTERURBAIN
4,4,4,4,4,mistral:7b,data_pmus_yaounde,q3_3_1,Agent_163,CITE VERTE
4,4,3,4,3,mistral:7b,data_pmus_yaounde,q3_3_2,Agent_163,CITE VERTE
1,1,1,1,3,mistral:7b,data_pmus_yaounde,q4_1_a,Agent_163,nan
4,3,3,4,4,mistral:7b,data_pmus_yaounde,q4_1_b,Agent_163,PLUS DE 20 MINUTES
4,4,2,4,2,mistral:7b,data_pmus_yaounde,q4_2_a,Agent_163,Veuillez indiquer depuis combien de temps vous attendez.
4,3,5,4,4,mistral:7b,data_pmus_yaounde,q4_2_b,Agent_163,15 30 MIN
4,4,4,4,4,mistral:7b,data_pmus_yaounde,q4_3,Agent_163,380.0
4,3,4,4,4,mistral:7b,data_pmus_yaounde,q4_4,Agent_163,TRAVAIL
3,3,4,4,4,mistral:7b,data_pmus_yaounde,q4_4_autres,Agent_163,ACHAT
5,3,5,4,5,mistral:7b,data_pmus_yaounde,q5_1,Agent_163,ENTRE 26 ET 35 ANS
5,3,4,4,5,mistral:7b,data_pmus_yaounde,q5_2,Agent_163,ENTRE 30 001 ET 100 000
5,4,5,4,5,mistral:7b,data_pmus_yaounde,q5_3,Agent_163,HOMME
4,4,4,4,4,mistral:7b,data_pmus_yaounde,centre ville,Agent_164,YAOUNDE
5,4,5,4,5,mistral:7b,data_pmus_yaounde,q1_1,Agent_164,UN QUARTIER DE LA VILLE DE YAOUNDE
4,4,4,4,4,mistral:7b,data_pmus_yaounde,q1_1_a,Agent_164,ETETAK
4,4,3,4,3,mistral:7b,data_pmus_yaounde,q1_1_b,Agent_164,DERRIERE LE SNACK BAR SAFARI
4,4,4,4,4,mistral:7b,data_pmus_yaounde,q1_1_c,Agent_164,AFANOYA
5,4,5,4,5,mistral:7b,data_pmus_yaounde,q1_2,Agent_164,UN QUARTIER DE LA VILLE DE YAOUNDE
4,4,4,4,4,mistral:7b,data_pmus_yaounde,q1_2_a,Agent_164,ETETAK
4,4,3,4,3,mistral:7b,data_pmus_yaounde,q1_2_b,Agent_164,10 IEME ARRET
1,1,1,1,3,mistral:7b,data_pmus_yaounde,q1_3_c,Agent_164,nan
3,3,4,4,3,mistral:7b,data_pmus_yaounde,q2_1,Agent_164,PAR BUS AGENCE INTERURBAIN
4,4,3,4,3,mistral:7b,data_pmus_yaounde,q2_2_1,Agent_164,POSTE CENTRALE
4,4,3,4,3,mistral:7b,data_pmus_yaounde,q2_2_2,Agent_164,POSTE CENTRALE
4,4,3,4,3,mistral:7b,data_pmus_yaounde,q2_3_1,Agent_164,POSTE CENTRALE
4,4,3,4,3,mistral:7b,data_pmus_yaounde,q2_3_2,Agent_164,0NANA
4,4,5,4,5,mistral:7b,data_pmus_yaounde,q2_3,Agent_164,NON
4,4,4,4,4,mistral:7b,data_pmus_yaounde,q2_4,Agent_164,PAR BUS AGENCE INTERURBAIN
4,4,4,4,4,mistral:7b,data_pmus_yaounde,q2_5_1,Agent_164,POSTE CENTRALE
4,4,4,4,4,mistral:7b,data_pmus_yaounde,q2_5_2,Agent_164,POSTE CENTRALE
4,4,4,4,4,mistral:7b,data_pmus_yaounde,q2_6_1,Agent_164,POSTE CENTRALE
4,4,4,4,4,mistral:7b,data_pmus_yaounde,q2_6_2,Agent_164,POSTE CENTRALE
4,3,5,4,5,mistral:7b,data_pmus_yaounde,q3_1,Agent_164,NON
4,3,4,4,3,mistral:7b,data_pmus_yaounde,q3_2,Agent_164,PAR BUS AGENCE INTERURBAIN
4,4,4,4,4,mistral:7b,data_pmus_yaounde,q3_3_1,Agent_164,ACACIA
4,4,3,4,3,mistral:7b,data_pmus_yaounde,q3_3_2,Agent_164,POSTE CENTRALE
4,4,2,4,2,mistral:7b,data_pmus_yaounde,q4_1_a,Agent_164,Veuillez indiquer depuis combien de temps vous attendez.
4,3,3,4,4,mistral:7b,data_pmus_yaounde,q4_1_b,Agent_164,MOINS DE 5 MIN
4,4,2,4,2,mistral:7b,data_pmus_yaounde,q4_2_a,Agent_164,Veuillez indiquer depuis combien de temps vous attendez.
4,3,5,4,4,mistral:7b,data_pmus_yaounde,q4_2_b,Agent_164,15 30 MIN
4,4,4,4,4,mistral:7b,data_pmus_yaounde,q4_3,Agent_164,380.0
4,3,4,4,4,mistral:7b,data_pmus_yaounde,q4_4,Agent_164,COURSES
3,3,4,4,4,mistral:7b,data_pmus_yaounde,q4_4_autres,Agent_164,ACHAT
5,3,5,4,5,mistral:7b,data_pmus_yaounde,q5_1,Agent_164,ENTRE 26 ET 35 ANS
5,3,4,4,5,mistral:7b,data_pmus_yaounde,q5_2,Agent_164,ENTRE 30 001 ET 100 000
5,4,5,4,5,mistral:7b,data_pmus_yaounde,q5_3,Agent_164,HOMME
4,4,4,4,4,mistral:7b,data_pmus_yaounde,centre ville,Agent_165,YAOUNDE
5,4,5,4,5,mistral:7b,data_pmus_yaounde,q1_1,Agent_165,UN QUARTIER DE LA VILLE DE YAOUNDE
4,4,4,4,4,mistral:7b,data_pmus_yaounde,q1_1_a,Agent_165,ABIT
4,4,3,4,3,mistral:7b,data_pmus_yaounde,q1_1_b,Agent_165,CARREFOUR
4,4,4,4,4,mistral:7b,data_pmus_yaounde,q1_1_c,Agent_165,AFANOYA
5,4,5,4,5,mistral:7b,data_pmus_yaounde,q1_2,Agent_165,UN QUARTIER DE LA VILLE DE YAOUNDE
4,4,4,4,4,mistral:7b,data_pmus_yaounde,q1_2_a,Agent_165,ABOM
4,4,3,4,3,mistral:7b,data_pmus_yaounde,q1_2_b,Agent_165,CARREFOUR
4,4,4,4,4,mistral:7b,data_pmus_yaounde,q1_3_c,Agent_165,AFANOYA
3,3,4,4,3,mistral:7b,data_pmus_yaounde,q2_1,Agent_165,PAR BUS AGENCE INTERURBAIN
4,4,3,4,3,mistral:7b,data_pmus_yaounde,q2_2_1,Agent_165,ENTRER ECOLE
4,4,3,4,3,mistral:7b,data_pmus_yaounde,q2_2_2,Agent_165,CARREFOUR
4,4,3,4,3,mistral:7b,data_pmus_yaounde,q2_3_1,Agent_165,0LESOA
4,4,3,4,3,mistral:7b,data_pmus_yaounde,q2_3_2,Agent_165,CARREFOUR
4,4,5,4,5,mistral:7b,data_pmus_yaounde,q2_3,Agent_165,NON
4,4,4,4,4,mistral:7b,data_pmus_yaounde,q2_4,Agent_165,PAR BUS AGENCE INTERURBAIN
4,4,4,4,4,mistral:7b,data_pmus_yaounde,q2_5_1,Agent_165,A LA RDPC
4,4,4,4,4,mistral:7b,data_pmus_yaounde,q2_5_2,Agent_165,CARREFOUR
4,4,4,4,4,mistral:7b,data_pmus_yaounde,q2_6_1,Agent_165,CARREFOUR
4,4,4,4,4,mistral:7b,data_pmus_yaounde,q2_6_2,Agent_165,CARREFOUR
4,3,5,4,5,mistral:7b,data_pmus_yaounde,q3_1,Agent_165,NON
4,3,4,4,3,mistral:7b,data_pmus_yaounde,q3_2,Agent_165,PAR BUS AGENCE INTERURBAIN
4,4,4,4,4,mistral:7b,data_pmus_yaounde,q3_3_1,Agent_165,ACACIA
4,4,3,4,3,mistral:7b,data_pmus_yaounde,q3_3_2,Agent_165,CARREFOUR
1,1,1,1,3,mistral:7b,data_pmus_yaounde,q4_1_a,Agent_165,nan
4,3,3,4,4,mistral:7b,data_pmus_yaounde,q4_1_b,Agent_165,PLUS DE 20 MINUTES
4,4,2,4,2,mistral:7b,data_pmus_yaounde,q4_2_a,Agent_165,Veuillez indiquer depuis combien de temps vous attendez.
4,3,5,4,4,mistral:7b,data_pmus_yaounde,q4_2_b,Agent_165,MOINS DE 15 MIN
4,4,4,4,4,mistral:7b,data_pmus_yaounde,q4_3,Agent_165,600.0
4,3,4,4,4,mistral:7b,data_pmus_yaounde,q4_4,Agent_165,COURSES
3,3,4,4,4,mistral:7b,data_pmus_yaounde,q4_4_autres,Agent_165,ETUDES
5,3,5,4,5,mistral:7b,data_pmus_yaounde,q5_1,Agent_165,ENTRE 18 ET 25 ANS
5,3,4,4,5,mistral:7b,data_pmus_yaounde,q5_2,Agent_165,ENTRE 30 001 ET 100 000
5,4,5,4,5,mistral:7b,data_pmus_yaounde,q5_3,Agent_165,FEMME
4,4,4,4,4,mistral:7b,data_pmus_yaounde,centre ville,Agent_166,YAOUNDE
5,4,5,4,5,mistral:7b,data_pmus_yaounde,q1_1,Agent_166,UN QUARTIER DE LA VILLE DE YAOUNDE
4,4,4,4,4,mistral:7b,data_pmus_yaounde,q1_1_a,Agent_166,ABIT
4,4,3,4,3,mistral:7b,data_pmus_yaounde,q1_1_b,Agent_166,10EME ARRET
4,4,4,4,4,mistral:7b,data_pmus_yaounde,q1_1_c,Agent_166,AFANOYA
5,4,5,4,5,mistral:7b,data_pmus_yaounde,q1_2,Agent_166,UN QUARTIER DE LA VILLE DE YAOUNDE
4,4,4,4,4,mistral:7b,data_pmus_yaounde,q1_2_a,Agent_166,ABOM
4,4,3,4,3,mistral:7b,data_pmus_yaounde,q1_2_b,Agent_166,10 IEME ARRET
1,1,1,1,3,mistral:7b,data_pmus_yaounde,q1_3_c,Agent_166,nan
3,3,4,4,3,mistral:7b,data_pmus_yaounde,q2_1,Agent_166,PAR BUS AGENCE INTERURBAIN
4,4,3,4,3,mistral:7b,data_pmus_yaounde,q2_2_1,Agent_166,AWAE
4,4,3,4,3,mistral:7b,data_pmus_yaounde,q2_2_2,Agent_166,10 E ARRET
4,4,3,4,3,mistral:7b,data_pmus_yaounde,q2_3_1,Agent_166,0LESOA
4,4,3,4,3,mistral:7b,data_pmus_yaounde,q2_3_2,Agent_166,CARREFIUR
4,4,5,4,5,mistral:7b,data_pmus_yaounde,q2_3,Agent_166,NON
4,4,4,4,4,mistral:7b,data_pmus_yaounde,q2_4,Agent_166,PAR BUS AGENCE INTERURBAIN
4,4,4,4,4,mistral:7b,data_pmus_yaounde,q2_5_1,Agent_166,A B0NAS
4,4,4,4,4,mistral:7b,data_pmus_yaounde,q2_5_2,Agent_166,0MPHINE
4,4,4,4,4,mistral:7b,data_pmus_yaounde,q2_6_1,Agent_166,ABATTOIR
1,1,1,1,3,mistral:7b,data_pmus_yaounde,q2_6_2,Agent_166,nan
4,3,5,4,5,mistral:7b,data_pmus_yaounde,q3_1,Agent_166,NON
4,3,4,4,3,mistral:7b,data_pmus_yaounde,q3_2,Agent_166,PAR BUS AGENCE INTERURBAIN
4,4,4,4,4,mistral:7b,data_pmus_yaounde,q3_3_1,Agent_166,AWAE
4,4,3,4,3,mistral:7b,data_pmus_yaounde,q3_3_2,Agent_166,CRNTRAL
1,1,1,1,3,mistral:7b,data_pmus_yaounde,q4_1_a,Agent_166,nan
4,3,3,4,4,mistral:7b,data_pmus_yaounde,q4_1_b,Agent_166,PLUS DE 20 MINUTES
4,4,2,4,2,mistral:7b,data_pmus_yaounde,q4_2_a,Agent_166,Veuillez indiquer depuis combien de temps vous attendez.
4,3,5,4,4,mistral:7b,data_pmus_yaounde,q4_2_b,Agent_166,MOINS DE 15 MIN
4,4,4,4,4,mistral:7b,data_pmus_yaounde,q4_3,Agent_166,800.0
4,3,4,4,4,mistral:7b,data_pmus_yaounde,q4_4,Agent_166,TRAVAIL
3,3,4,4,4,mistral:7b,data_pmus_yaounde,q4_4_autres,Agent_166,COMMERCE
5,3,5,4,5,mistral:7b,data_pmus_yaounde,q5_1,Agent_166,ENTRE 36 ET 45 ANS
5,3,4,4,5,mistral:7b,data_pmus_yaounde,q5_2,Agent_166,ENTRE 300 001 ET 500 000
5,4,5,4,5,mistral:7b,data_pmus_yaounde,q5_3,Agent_166,FEMME
4,4,4,4,4,mistral:7b,data_pmus_yaounde,centre ville,Agent_167,YAOUNDE
5,4,5,4,5,mistral:7b,data_pmus_yaounde,q1_1,Agent_167,UN QUARTIER DE LA VILLE DE YAOUNDE
4,4,4,4,4,mistral:7b,data_pmus_yaounde,q1_1_a,Agent_167,MVAN
4,4,3,4,3,mistral:7b,data_pmus_yaounde,q1_1_b,Agent_167,10EME ARRET
4,4,4,4,4,mistral:7b,data_pmus_yaounde,q1_1_c,Agent_167,MVAN
5,4,5,4,5,mistral:7b,data_pmus_yaounde,q1_2,Agent_167,UN QUARTIER DE LA VILLE DE YAOUNDE
4,4,4,4,4,mistral:7b,data_pmus_yaounde,q1_2_a,Agent_167,MVOG TIGUI
4,4,3,4,3,mistral:7b,data_pmus_yaounde,q1_2_b,Agent_167,10 IEME ARRET
4,4,4,4,4,mistral:7b,data_pmus_yaounde,q1_3_c,Agent_167,MVAN
3,3,4,4,3,mistral:7b,data_pmus_yaounde,q2_1,Agent_167,PAR BUS AGENCE INTERURBAIN
4,4,3,4,3,mistral:7b,data_pmus_yaounde,q2_2_1,Agent_167,2 CHEVEAU
4,4,3,4,3,mistral:7b,data_pmus_yaounde,q2_2_2,Agent_167,DEUXIEME ECHANGEUR
4,4,3,4,3,mistral:7b,data_pmus_yaounde,q2_3_1,Agent_167,0LESOA
4,4,3,4,3,mistral:7b,data_pmus_yaounde,q2_3_2,Agent_167,0NANA
4,4,5,4,5,mistral:7b,data_pmus_yaounde,q2_3,Agent_167,NON
4,4,4,4,4,mistral:7b,data_pmus_yaounde,q2_4,Agent_167,PAR BUS AGENCE INTERURBAIN
4,4,4,4,4,mistral:7b,data_pmus_yaounde,q2_5_1,Agent_167,A B0NAS
4,4,4,4,4,mistral:7b,data_pmus_yaounde,q2_5_2,Agent_167,CARREFOUR
4,4,4,4,4,mistral:7b,data_pmus_yaounde,q2_6_1,Agent_167,CARREFOUR
4,4,4,4,4,mistral:7b,data_pmus_yaounde,q2_6_2,Agent_167,CARREFOUR
4,3,5,4,5,mistral:7b,data_pmus_yaounde,q3_1,Agent_167,NON
4,3,4,4,3,mistral:7b,data_pmus_yaounde,q3_2,Agent_167,PAR BUS AGENCE INTERURBAIN
4,4,4,4,4,mistral:7b,data_pmus_yaounde,q3_3_1,Agent_167,ACACIA
4,4,3,4,3,mistral:7b,data_pmus_yaounde,q3_3_2,Agent_167,10 IEME ARRET
1,1,1,1,3,mistral:7b,data_pmus_yaounde,q4_1_a,Agent_167,nan
4,3,3,4,4,mistral:7b,data_pmus_yaounde,q4_1_b,Agent_167,PLUS DE 20 MINUTES
4,4,2,4,2,mistral:7b,data_pmus_yaounde,q4_2_a,Agent_167,Veuillez indiquer depuis combien de temps vous attendez.
4,3,5,4,4,mistral:7b,data_pmus_yaounde,q4_2_b,Agent_167,30 60 MIN
4,4,4,4,4,mistral:7b,data_pmus_yaounde,q4_3,Agent_167,4500.0
4,3,4,4,4,mistral:7b,data_pmus_yaounde,q4_4,Agent_167,VISITE FAMILLE
3,3,4,4,4,mistral:7b,data_pmus_yaounde,q4_4_autres,Agent_167,BALADE
5,3,5,4,5,mistral:7b,data_pmus_yaounde,q5_1,Agent_167,ENTRE 26 ET 35 ANS
5,3,4,4,5,mistral:7b,data_pmus_yaounde,q5_2,Agent_167,ENTRE 30 001 ET 100 000
5,4,5,4,5,mistral:7b,data_pmus_yaounde,q5_3,Agent_167,HOMME
4,4,4,4,4,mistral:7b,data_pmus_yaounde,centre ville,Agent_168,YAOUNDE
5,4,5,4,5,mistral:7b,data_pmus_yaounde,q1_1,Agent_168,UN QUARTIER DE LA VILLE DE YAOUNDE
4,4,4,4,4,mistral:7b,data_pmus_yaounde,q1_1_a,Agent_168,MVAN
4,4,3,4,3,mistral:7b,data_pmus_yaounde,q1_1_b,Agent_168,MVAN
4,4,4,4,4,mistral:7b,data_pmus_yaounde,q1_1_c,Agent_168,MVAN
5,4,5,4,5,mistral:7b,data_pmus_yaounde,q1_2,Agent_168,UN QUARTIER DE LA VILLE DE YAOUNDE
4,4,4,4,4,mistral:7b,data_pmus_yaounde,q1_2_a,Agent_168,MVAN
4,4,3,4,3,mistral:7b,data_pmus_yaounde,q1_2_b,Agent_168,MVAN
4,4,4,4,4,mistral:7b,data_pmus_yaounde,q1_3_c,Agent_168,MVAN
3,3,4,4,3,mistral:7b,data_pmus_yaounde,q2_1,Agent_168,A PIED
4,4,3,4,3,mistral:7b,data_pmus_yaounde,q2_2_1,Agent_168,MVAN
4,4,3,4,3,mistral:7b,data_pmus_yaounde,q2_2_2,Agent_168,MVAN
4,4,3,4,3,mistral:7b,data_pmus_yaounde,q2_3_1,Agent_168,MVAN
4,4,3,4,3,mistral:7b,data_pmus_yaounde,q2_3_2,Agent_168,0NANA
4,4,5,4,5,mistral:7b,data_pmus_yaounde,q2_3,Agent_168,NON
4,4,4,4,4,mistral:7b,data_pmus_yaounde,q2_4,Agent_168,A PIED
4,4,4,4,4,mistral:7b,data_pmus_yaounde,q2_5_1,Agent_168,MVAN
4,4,4,4,4,mistral:7b,data_pmus_yaounde,q2_5_2,Agent_168,0MPHINE
4,4,4,4,4,mistral:7b,data_pmus_yaounde,q2_6_1,Agent_168,MVAN
4,4,4,4,4,mistral:7b,data_pmus_yaounde,q2_6_2,Agent_168,MVAN
4,3,5,4,5,mistral:7b,data_pmus_yaounde,q3_1,Agent_168,NON
4,3,4,4,3,mistral:7b,data_pmus_yaounde,q3_2,Agent_168,A PIED
4,4,4,4,4,mistral:7b,data_pmus_yaounde,q3_3_1,Agent_168,MVAN
4,4,3,4,3,mistral:7b,data_pmus_yaounde,q3_3_2,Agent_168,MVAN
1,1,1,1,3,mistral:7b,data_pmus_yaounde,q4_1_a,Agent_168,nan
4,3,3,4,4,mistral:7b,data_pmus_yaounde,q4_1_b,Agent_168,MOINS DE 5 MIN
4,4,2,4,2,mistral:7b,data_pmus_yaounde,q4_2_a,Agent_168,Veuillez indiquer depuis combien de temps vous attendez.
4,3,5,4,4,mistral:7b,data_pmus_yaounde,q4_2_b,Agent_168,MOINS DE 15 MIN
1,1,1,1,3,mistral:7b,data_pmus_yaounde,q4_3,Agent_168,nan
4,3,4,4,4,mistral:7b,data_pmus_yaounde,q4_4,Agent_168,ACTIVIT S DE LOISIRS
3,3,4,4,4,mistral:7b,data_pmus_yaounde,q4_4_autres,Agent_168,BALADE
5,3,5,4,5,mistral:7b,data_pmus_yaounde,q5_1,Agent_168,ENTRE 26 ET 35 ANS
5,3,4,4,5,mistral:7b,data_pmus_yaounde,q5_2,Agent_168,ENTRE 30 001 ET 100 000
5,4,5,4,5,mistral:7b,data_pmus_yaounde,q5_3,Agent_168,FEMME
4,4,4,4,4,mistral:7b,data_pmus_yaounde,centre ville,Agent_169,YAOUNDE
5,4,5,4,5,mistral:7b,data_pmus_yaounde,q1_1,Agent_169,UN QUARTIER DE LA VILLE DE YAOUNDE
4,4,4,4,4,mistral:7b,data_pmus_yaounde,q1_1_a,Agent_169,MVOG BETSI
4,4,3,4,3,mistral:7b,data_pmus_yaounde,q1_1_b,Agent_169,MVOG ATANGANA MBALLA
1,1,1,1,3,mistral:7b,data_pmus_yaounde,q1_1_c,Agent_169,nan
5,4,5,4,5,mistral:7b,data_pmus_yaounde,q1_2,Agent_169,UN QUARTIER DE LA VILLE DE YAOUNDE
4,4,4,4,4,mistral:7b,data_pmus_yaounde,q1_2_a,Agent_169,MVOG ATANGANA MBALLA
4,4,3,4,3,mistral:7b,data_pmus_yaounde,q1_2_b,Agent_169,10 IEME ARRET
1,1,1,1,3,mistral:7b,data_pmus_yaounde,q1_3_c,Agent_169,nan
3,3,4,4,3,mistral:7b,data_pmus_yaounde,q2_1,Agent_169,A PIED
4,4,3,4,3,mistral:7b,data_pmus_yaounde,q2_2_1,Agent_169,MVOG ATANGANA MBALLA
4,4,3,4,3,mistral:7b,data_pmus_yaounde,q2_2_2,Agent_169,10 E ARRET
4,4,3,4,3,mistral:7b,data_pmus_yaounde,q2_3_1,Agent_169,0LESOA
4,4,3,4,3,mistral:7b,data_pmus_yaounde,q2_3_2,Agent_169,0NANA
4,4,5,4,5,mistral:7b,data_pmus_yaounde,q2_3,Agent_169,NON
4,4,4,4,4,mistral:7b,data_pmus_yaounde,q2_4,Agent_169,A PIED
4,4,4,4,4,mistral:7b,data_pmus_yaounde,q2_5_1,Agent_169,MVOG BETSI
4,4,4,4,4,mistral:7b,data_pmus_yaounde,q2_5_2,Agent_169,A L INTERIEUR DU CAMPUS
4,4,4,4,4,mistral:7b,data_pmus_yaounde,q2_6_1,Agent_169,MVOG BETSI
4,4,4,4,4,mistral:7b,data_pmus_yaounde,q2_6_2,Agent_169,11EME ARRET
4,3,5,4,5,mistral:7b,data_pmus_yaounde,q3_1,Agent_169,NON
4,3,4,4,3,mistral:7b,data_pmus_yaounde,q3_2,Agent_169,A PIED
4,4,4,4,4,mistral:7b,data_pmus_yaounde,q3_3_1,Agent_169,MVOG BETSI
4,4,3,4,3,mistral:7b,data_pmus_yaounde,q3_3_2,Agent_169,MVOG BETSI
1,1,1,1,3,mistral:7b,data_pmus_yaounde,q4_1_a,Agent_169,nan
4,3,3,4,4,mistral:7b,data_pmus_yaounde,q4_1_b,Agent_169,PLUS DE 20 MINUTES
4,4,2,4,2,mistral:7b,data_pmus_yaounde,q4_2_a,Agent_169,Veuillez indiquer depuis combien de temps vous attendez.
4,3,5,4,4,mistral:7b,data_pmus_yaounde,q4_2_b,Agent_169,PLUS DE 1HEURE
1,1,1,1,3,mistral:7b,data_pmus_yaounde,q4_3,Agent_169,nan
4,3,4,4,4,mistral:7b,data_pmus_yaounde,q4_4,Agent_169,COURSES
3,3,4,4,4,mistral:7b,data_pmus_yaounde,q4_4_autres,Agent_169,ETUDES
5,3,5,4,5,mistral:7b,data_pmus_yaounde,q5_1,Agent_169,ENTRE 18 ET 25 ANS
5,3,4,4,5,mistral:7b,data_pmus_yaounde,q5_2,Agent_169,ENTRE 30 001 ET 100 000
5,4,5,4,5,mistral:7b,data_pmus_yaounde,q5_3,Agent_169,FEMME
4,4,4,4,4,mistral:7b,data_pmus_yaounde,centre ville,Agent_170,YAOUNDE
5,4,5,4,5,mistral:7b,data_pmus_yaounde,q1_1,Agent_170,UN QUARTIER DE LA VILLE DE YAOUNDE
4,4,4,4,4,mistral:7b,data_pmus_yaounde,q1_1_a,Agent_170,NLONGKAK
4,4,3,4,3,mistral:7b,data_pmus_yaounde,q1_1_b,Agent_170,CARREFOUR
4,4,4,4,4,mistral:7b,data_pmus_yaounde,q1_1_c,Agent_170,AFANOYA
5,4,5,4,5,mistral:7b,data_pmus_yaounde,q1_2,Agent_170,UN QUARTIER DE LA VILLE DE YAOUNDE
4,4,4,4,4,mistral:7b,data_pmus_yaounde,q1_2_a,Agent_170,NLONGKAK
4,4,3,4,3,mistral:7b,data_pmus_yaounde,q1_2_b,Agent_170,CARREFOUR
1,1,1,1,3,mistral:7b,data_pmus_yaounde,q1_3_c,Agent_170,nan
3,3,4,4,3,mistral:7b,data_pmus_yaounde,q2_1,Agent_170,PAR BUS AGENCE INTERURBAIN
4,4,3,4,3,mistral:7b,data_pmus_yaounde,q2_2_1,Agent_170,2 CHEVEAU
4,4,3,4,3,mistral:7b,data_pmus_yaounde,q2_2_2,Agent_170,CARREFOUR
4,4,3,4,3,mistral:7b,data_pmus_yaounde,q2_3_1,Agent_170,LONKKAK
4,4,3,4,3,mistral:7b,data_pmus_yaounde,q2_3_2,Agent_170,CARREFOUR
4,4,5,4,5,mistral:7b,data_pmus_yaounde,q2_3,Agent_170,NON
4,4,4,4,4,mistral:7b,data_pmus_yaounde,q2_4,Agent_170,A PIED
4,4,4,4,4,mistral:7b,data_pmus_yaounde,q2_5_1,Agent_170,A B0NAS
4,4,4,4,4,mistral:7b,data_pmus_yaounde,q2_5_2,Agent_170,CARREFOUR
4,4,4,4,4,mistral:7b,data_pmus_yaounde,q2_6_1,Agent_170,CARREFOUR
4,4,4,4,4,mistral:7b,data_pmus_yaounde,q2_6_2,Agent_170,CARREFOUR
4,3,5,4,5,mistral:7b,data_pmus_yaounde,q3_1,Agent_170,NON
4,3,4,4,3,mistral:7b,data_pmus_yaounde,q3_2,Agent_170,PAR BUS AGENCE INTERURBAIN
4,4,4,4,4,mistral:7b,data_pmus_yaounde,q3_3_1,Agent_170,BRIQUETERIE
4,4,3,4,3,mistral:7b,data_pmus_yaounde,q3_3_2,Agent_170,BRIQUETERIE
1,1,1,1,3,mistral:7b,data_pmus_yaounde,q4_1_a,Agent_170,nan
4,3,3,4,4,mistral:7b,data_pmus_yaounde,q4_1_b,Agent_170,PLUS DE 20 MINUTES
4,4,2,4,2,mistral:7b,data_pmus_yaounde,q4_2_a,Agent_170,Veuillez indiquer depuis combien de temps vous attendez.
4,3,5,4,4,mistral:7b,data_pmus_yaounde,q4_2_b,Agent_170,15 30 MIN
4,4,4,4,4,mistral:7b,data_pmus_yaounde,q4_3,Agent_170,400.0
4,3,4,4,4,mistral:7b,data_pmus_yaounde,q4_4,Agent_170,COURSES
3,3,4,4,4,mistral:7b,data_pmus_yaounde,q4_4_autres,Agent_170,FAIRE DES ACHATS
5,3,5,4,5,mistral:7b,data_pmus_yaounde,q5_1,Agent_170,MOINS DE 18 ANS
5,3,4,4,5,mistral:7b,data_pmus_yaounde,q5_2,Agent_170,ENTRE 30 001 ET 100 000
5,4,5,4,5,mistral:7b,data_pmus_yaounde,q5_3,Agent_170,FEMME
4,4,4,4,4,mistral:7b,data_pmus_yaounde,centre ville,Agent_171,YAOUNDE
5,4,5,4,5,mistral:7b,data_pmus_yaounde,q1_1,Agent_171,UN QUARTIER DE LA VILLE DE YAOUNDE
4,4,4,4,4,mistral:7b,data_pmus_yaounde,q1_1_a,Agent_171,DAMAS
4,4,3,4,3,mistral:7b,data_pmus_yaounde,q1_1_b,Agent_171,NIME 2
4,4,4,4,4,mistral:7b,data_pmus_yaounde,q1_1_c,Agent_171,AFANOYA
5,4,5,4,5,mistral:7b,data_pmus_yaounde,q1_2,Agent_171,UN QUARTIER DE LA VILLE DE YAOUNDE
4,4,4,4,4,mistral:7b,data_pmus_yaounde,q1_2_a,Agent_171,DAMAS
4,4,3,4,3,mistral:7b,data_pmus_yaounde,q1_2_b,Agent_171,10 IEME ARRET
1,1,1,1,3,mistral:7b,data_pmus_yaounde,q1_3_c,Agent_171,nan
3,3,4,4,3,mistral:7b,data_pmus_yaounde,q2_1,Agent_171,A PIED
4,4,3,4,3,mistral:7b,data_pmus_yaounde,q2_2_1,Agent_171,2 CHEVEAU
4,4,3,4,3,mistral:7b,data_pmus_yaounde,q2_2_2,Agent_171,10 E ARRET
4,4,3,4,3,mistral:7b,data_pmus_yaounde,q2_3_1,Agent_171,DAMAS
4,4,3,4,3,mistral:7b,data_pmus_yaounde,q2_3_2,Agent_171,DAMAS
4,4,5,4,5,mistral:7b,data_pmus_yaounde,q2_3,Agent_171,NON
4,4,4,4,4,mistral:7b,data_pmus_yaounde,q2_4,Agent_171,A PIED
4,4,4,4,4,mistral:7b,data_pmus_yaounde,q2_5_1,Agent_171,A B0NAS
4,4,4,4,4,mistral:7b,data_pmus_yaounde,q2_5_2,Agent_171,0MPHINE
4,4,4,4,4,mistral:7b,data_pmus_yaounde,q2_6_1,Agent_171,DAMAS
4,4,4,4,4,mistral:7b,data_pmus_yaounde,q2_6_2,Agent_171,DAMAS
4,3,5,4,5,mistral:7b,data_pmus_yaounde,q3_1,Agent_171,NON
4,3,4,4,3,mistral:7b,data_pmus_yaounde,q3_2,Agent_171,A PIED
4,4,4,4,4,mistral:7b,data_pmus_yaounde,q3_3_1,Agent_171,ACACIA
4,4,3,4,3,mistral:7b,data_pmus_yaounde,q3_3_2,Agent_171,10 IEME ARRET
1,1,1,1,3,mistral:7b,data_pmus_yaounde,q4_1_a,Agent_171,nan
4,3,3,4,4,mistral:7b,data_pmus_yaounde,q4_1_b,Agent_171,PLUS DE 20 MINUTES
4,4,2,4,2,mistral:7b,data_pmus_yaounde,q4_2_a,Agent_171,Veuillez indiquer depuis combien de temps vous attendez.
4,3,5,4,4,mistral:7b,data_pmus_yaounde,q4_2_b,Agent_171,MOINS DE 15 MIN
4,4,4,4,4,mistral:7b,data_pmus_yaounde,q4_3,Agent_171,1010.0
4,3,4,4,4,mistral:7b,data_pmus_yaounde,q4_4,Agent_171,D MARCHES ADMINISTRATIVES ET OU SANT
3,3,4,4,4,mistral:7b,data_pmus_yaounde,q4_4_autres,Agent_171,ACHAT
5,3,5,4,5,mistral:7b,data_pmus_yaounde,q5_1,Agent_171,ENTRE 36 ET 45 ANS
5,3,4,4,5,mistral:7b,data_pmus_yaounde,q5_2,Agent_171,ENTRE 30 001 ET 100 000
5,4,5,4,5,mistral:7b,data_pmus_yaounde,q5_3,Agent_171,HOMME
4,4,4,4,4,mistral:7b,data_pmus_yaounde,centre ville,Agent_172,YAOUNDE
5,4,5,4,5,mistral:7b,data_pmus_yaounde,q1_1,Agent_172,UN QUARTIER DE LA VILLE DE YAOUNDE
4,4,4,4,4,mistral:7b,data_pmus_yaounde,q1_1_a,Agent_172,NKOL BIKOK
4,4,3,4,3,mistral:7b,data_pmus_yaounde,q1_1_b,Agent_172,TRADEX
4,4,4,4,4,mistral:7b,data_pmus_yaounde,q1_1_c,Agent_172,AFANOYA
5,4,5,4,5,mistral:7b,data_pmus_yaounde,q1_2,Agent_172,UN QUARTIER DE LA VILLE DE YAOUNDE
4,4,4,4,4,mistral:7b,data_pmus_yaounde,q1_2_a,Agent_172,MVOLYE
4,4,3,4,3,mistral:7b,data_pmus_yaounde,q1_2_b,Agent_172,10 IEME ARRET
4,4,4,4,4,mistral:7b,data_pmus_yaounde,q1_3_c,Agent_172,AFANOYA
3,3,4,4,3,mistral:7b,data_pmus_yaounde,q2_1,Agent_172,PAR TAXI
4,4,3,4,3,mistral:7b,data_pmus_yaounde,q2_2_1,Agent_172,NKOL BIKOK
4,4,3,4,3,mistral:7b,data_pmus_yaounde,q2_2_2,Agent_172,10 E ARRET
4,4,3,4,3,mistral:7b,data_pmus_yaounde,q2_3_1,Agent_172,0LESOA
4,4,3,4,3,mistral:7b,data_pmus_yaounde,q2_3_2,Agent_172,TRADEXNSIMBOCK
4,4,5,4,5,mistral:7b,data_pmus_yaounde,q2_3,Agent_172,NON
4,4,4,4,4,mistral:7b,data_pmus_yaounde,q2_4,Agent_172,PAR BUS AGENCE INTERURBAIN
4,4,4,4,4,mistral:7b,data_pmus_yaounde,q2_5_1,Agent_172,TRADEX
4,4,4,4,4,mistral:7b,data_pmus_yaounde,q2_5_2,Agent_172,0MPHINE
4,4,4,4,4,mistral:7b,data_pmus_yaounde,q2_6_1,Agent_172,TRADEX
4,4,4,4,4,mistral:7b,data_pmus_yaounde,q2_6_2,Agent_172,11EME ARRET
4,3,5,4,5,mistral:7b,data_pmus_yaounde,q3_1,Agent_172,NON
4,3,4,4,3,mistral:7b,data_pmus_yaounde,q3_2,Agent_172,PAR TAXI
4,4,4,4,4,mistral:7b,data_pmus_yaounde,q3_3_1,Agent_172,ACACIA
4,4,3,4,3,mistral:7b,data_pmus_yaounde,q3_3_2,Agent_172,NKOLMEKOUN
1,1,1,1,3,mistral:7b,data_pmus_yaounde,q4_1_a,Agent_172,nan
4,3,3,4,4,mistral:7b,data_pmus_yaounde,q4_1_b,Agent_172,PLUS DE 20 MINUTES
4,4,2,4,2,mistral:7b,data_pmus_yaounde,q4_2_a,Agent_172,Veuillez indiquer depuis combien de temps vous attendez.
4,3,5,4,4,mistral:7b,data_pmus_yaounde,q4_2_b,Agent_172,MOINS DE 15 MIN
4,4,4,4,4,mistral:7b,data_pmus_yaounde,q4_3,Agent_172,12000.0
4,3,4,4,4,mistral:7b,data_pmus_yaounde,q4_4,Agent_172,ACTIVIT S DE LOISIRS
3,3,4,4,4,mistral:7b,data_pmus_yaounde,q4_4_autres,Agent_172,SPORT ET VISITE AMICALE
5,3,5,4,5,mistral:7b,data_pmus_yaounde,q5_1,Agent_172,ENTRE 36 ET 45 ANS
5,3,4,4,5,mistral:7b,data_pmus_yaounde,q5_2,Agent_172,ENTRE 30 001 ET 100 000
5,4,5,4,5,mistral:7b,data_pmus_yaounde,q5_3,Agent_172,FEMME
4,4,4,4,4,mistral:7b,data_pmus_yaounde,centre ville,Agent_173,YAOUNDE
5,4,5,4,5,mistral:7b,data_pmus_yaounde,q1_1,Agent_173,UN QUARTIER DE LA VILLE DE YAOUNDE
4,4,4,4,4,mistral:7b,data_pmus_yaounde,q1_1_a,Agent_173,MVOG BETSI
1,1,1,1,3,mistral:7b,data_pmus_yaounde,q1_1_b,Agent_173,nan
4,4,4,4,4,mistral:7b,data_pmus_yaounde,q1_1_c,Agent_173,AFANOYA
5,4,5,4,5,mistral:7b,data_pmus_yaounde,q1_2,Agent_173,UN QUARTIER DE LA VILLE DE YAOUNDE
4,4,4,4,4,mistral:7b,data_pmus_yaounde,q1_2_a,Agent_173,ABOM
4,4,3,4,3,mistral:7b,data_pmus_yaounde,q1_2_b,Agent_173,10 IEME ARRET
4,4,4,4,4,mistral:7b,data_pmus_yaounde,q1_3_c,Agent_173,AFANOYA
3,3,4,4,3,mistral:7b,data_pmus_yaounde,q2_1,Agent_173,A PIED
4,4,3,4,3,mistral:7b,data_pmus_yaounde,q2_2_1,Agent_173,2 CHEVEAU
4,4,3,4,3,mistral:7b,data_pmus_yaounde,q2_2_2,Agent_173,10 E ARRET
4,4,3,4,3,mistral:7b,data_pmus_yaounde,q2_3_1,Agent_173,HOLY INFANT
4,4,3,4,3,mistral:7b,data_pmus_yaounde,q2_3_2,Agent_173,HOLY INFANT
4,4,5,4,5,mistral:7b,data_pmus_yaounde,q2_3,Agent_173,NON
4,4,4,4,4,mistral:7b,data_pmus_yaounde,q2_4,Agent_173,A PIED
4,4,4,4,4,mistral:7b,data_pmus_yaounde,q2_5_1,Agent_173,A B0NAS
4,4,4,4,4,mistral:7b,data_pmus_yaounde,q2_5_2,Agent_173,0MPHINE
4,4,4,4,4,mistral:7b,data_pmus_yaounde,q2_6_1,Agent_173,ABATTOIR
4,4,4,4,4,mistral:7b,data_pmus_yaounde,q2_6_2,Agent_173,11EME ARRET
4,3,5,4,5,mistral:7b,data_pmus_yaounde,q3_1,Agent_173,NON
4,3,4,4,3,mistral:7b,data_pmus_yaounde,q3_2,Agent_173,A PIED
4,4,4,4,4,mistral:7b,data_pmus_yaounde,q3_3_1,Agent_173,ACACIA
4,4,3,4,3,mistral:7b,data_pmus_yaounde,q3_3_2,Agent_173,10 IEME ARRET
1,1,1,1,3,mistral:7b,data_pmus_yaounde,q4_1_a,Agent_173,nan
1,1,1,1,3,mistral:7b,data_pmus_yaounde,q4_1_b,Agent_173,nan
4,4,2,4,2,mistral:7b,data_pmus_yaounde,q4_2_a,Agent_173,Veuillez indiquer depuis combien de temps vous attendez.
4,3,5,4,4,mistral:7b,data_pmus_yaounde,q4_2_b,Agent_173,30 60 MIN
4,4,4,4,4,mistral:7b,data_pmus_yaounde,q4_3,Agent_173,1100.0
4,3,4,4,4,mistral:7b,data_pmus_yaounde,q4_4,Agent_173,COURSES
3,3,4,4,4,mistral:7b,data_pmus_yaounde,q4_4_autres,Agent_173,ACHAT
5,3,5,4,5,mistral:7b,data_pmus_yaounde,q5_1,Agent_173,MOINS DE 18 ANS
5,3,4,4,5,mistral:7b,data_pmus_yaounde,q5_2,Agent_173,ENTRE 30 001 ET 100 000
5,4,5,4,5,mistral:7b,data_pmus_yaounde,q5_3,Agent_173,FEMME
4,4,4,4,4,mistral:7b,data_pmus_yaounde,centre ville,Agent_174,YAOUNDE
5,4,5,4,5,mistral:7b,data_pmus_yaounde,q1_1,Agent_174,UN QUARTIER DE LA VILLE DE YAOUNDE
4,4,4,4,4,mistral:7b,data_pmus_yaounde,q1_1_a,Agent_174,MESSA
4,4,3,4,3,mistral:7b,data_pmus_yaounde,q1_1_b,Agent_174,MESSAME NDONGO
1,1,1,1,3,mistral:7b,data_pmus_yaounde,q1_1_c,Agent_174,nan
5,4,5,4,5,mistral:7b,data_pmus_yaounde,q1_2,Agent_174,UN QUARTIER DE LA VILLE DE YAOUNDE
4,4,4,4,4,mistral:7b,data_pmus_yaounde,q1_2_a,Agent_174,MESSA
4,4,3,4,3,mistral:7b,data_pmus_yaounde,q1_2_b,Agent_174,MESSA
1,1,1,1,3,mistral:7b,data_pmus_yaounde,q1_3_c,Agent_174,nan
3,3,4,4,3,mistral:7b,data_pmus_yaounde,q2_1,Agent_174,PAR BUS AGENCE INTERURBAIN
4,4,3,4,3,mistral:7b,data_pmus_yaounde,q2_2_1,Agent_174,2 CHEVEAU
4,4,3,4,3,mistral:7b,data_pmus_yaounde,q2_2_2,Agent_174,10 E ARRET
4,4,3,4,3,mistral:7b,data_pmus_yaounde,q2_3_1,Agent_174,0LESOA
4,4,3,4,3,mistral:7b,data_pmus_yaounde,q2_3_2,Agent_174,NKOLBISSON
4,4,5,4,5,mistral:7b,data_pmus_yaounde,q2_3,Agent_174,NON
4,4,4,4,4,mistral:7b,data_pmus_yaounde,q2_4,Agent_174,PAR TAXI
4,4,4,4,4,mistral:7b,data_pmus_yaounde,q2_5_1,Agent_174,MESSA
4,4,4,4,4,mistral:7b,data_pmus_yaounde,q2_5_2,Agent_174,MESSA
4,4,4,4,4,mistral:7b,data_pmus_yaounde,q2_6_1,Agent_174,ABATTOIR
4,4,4,4,4,mistral:7b,data_pmus_yaounde,q2_6_2,Agent_174,11EME ARRET
4,3,5,4,5,mistral:7b,data_pmus_yaounde,q3_1,Agent_174,NON
4,3,4,4,3,mistral:7b,data_pmus_yaounde,q3_2,Agent_174,PAR BUS AGENCE INTERURBAIN
4,4,4,4,4,mistral:7b,data_pmus_yaounde,q3_3_1,Agent_174,MESSA
4,4,3,4,3,mistral:7b,data_pmus_yaounde,q3_3_2,Agent_174,10 IEME ARRET
1,1,1,1,3,mistral:7b,data_pmus_yaounde,q4_1_a,Agent_174,nan
1,1,1,1,3,mistral:7b,data_pmus_yaounde,q4_1_b,Agent_174,nan
4,4,2,4,2,mistral:7b,data_pmus_yaounde,q4_2_a,Agent_174,Veuillez indiquer depuis combien de temps vous attendez.
4,3,5,4,4,mistral:7b,data_pmus_yaounde,q4_2_b,Agent_174,15 30 MIN
4,4,4,4,4,mistral:7b,data_pmus_yaounde,q4_3,Agent_174,1000.0
4,3,4,4,4,mistral:7b,data_pmus_yaounde,q4_4,Agent_174,VISITE FAMILLE
3,3,4,4,4,mistral:7b,data_pmus_yaounde,q4_4_autres,Agent_174,ACHAT
5,3,5,4,5,mistral:7b,data_pmus_yaounde,q5_1,Agent_174,ENTRE 18 ET 25 ANS
5,3,4,4,5,mistral:7b,data_pmus_yaounde,q5_2,Agent_174,ENTRE 30 001 ET 100 000
5,4,5,4,5,mistral:7b,data_pmus_yaounde,q5_3,Agent_174,FEMME
4,4,4,4,4,mistral:7b,data_pmus_yaounde,centre ville,Agent_175,YAOUNDE
5,4,5,4,5,mistral:7b,data_pmus_yaounde,q1_1,Agent_175,UN QUARTIER DE LA VILLE DE YAOUNDE
4,4,4,4,4,mistral:7b,data_pmus_yaounde,q1_1_a,Agent_175,NSIMEYONG
1,1,1,1,3,mistral:7b,data_pmus_yaounde,q1_1_b,Agent_175,nan
1,1,1,1,3,mistral:7b,data_pmus_yaounde,q1_1_c,Agent_175,nan
5,4,5,4,5,mistral:7b,data_pmus_yaounde,q1_2,Agent_175,UN QUARTIER DE LA VILLE DE YAOUNDE
4,4,4,4,4,mistral:7b,data_pmus_yaounde,q1_2_a,Agent_175,NSIMEYONG
4,4,3,4,3,mistral:7b,data_pmus_yaounde,q1_2_b,Agent_175,NSIMEYONG
1,1,1,1,3,mistral:7b,data_pmus_yaounde,q1_3_c,Agent_175,nan
3,3,4,4,3,mistral:7b,data_pmus_yaounde,q2_1,Agent_175,A PIED
4,4,3,4,3,mistral:7b,data_pmus_yaounde,q2_2_1,Agent_175,NSIMEYONG
4,4,3,4,3,mistral:7b,data_pmus_yaounde,q2_2_2,Agent_175,NSIMEYONG
4,4,3,4,3,mistral:7b,data_pmus_yaounde,q2_3_1,Agent_175,NSIMEYONG
4,4,3,4,3,mistral:7b,data_pmus_yaounde,q2_3_2,Agent_175,NSIMEYONG
4,4,5,4,5,mistral:7b,data_pmus_yaounde,q2_3,Agent_175,NON
4,4,4,4,4,mistral:7b,data_pmus_yaounde,q2_4,Agent_175,A PIED
4,4,4,4,4,mistral:7b,data_pmus_yaounde,q2_5_1,Agent_175,NSIMEYONG
4,4,4,4,4,mistral:7b,data_pmus_yaounde,q2_5_2,Agent_175,0MPHINE
4,4,4,4,4,mistral:7b,data_pmus_yaounde,q2_6_1,Agent_175,NSIMEYONG
4,4,4,4,4,mistral:7b,data_pmus_yaounde,q2_6_2,Agent_175,11EME ARRET
4,3,5,4,5,mistral:7b,data_pmus_yaounde,q3_1,Agent_175,NON
4,3,4,4,3,mistral:7b,data_pmus_yaounde,q3_2,Agent_175,A PIED
4,4,4,4,4,mistral:7b,data_pmus_yaounde,q3_3_1,Agent_175,NSIMEYONG
4,4,3,4,3,mistral:7b,data_pmus_yaounde,q3_3_2,Agent_175,NSIMEYONG
1,1,1,1,3,mistral:7b,data_pmus_yaounde,q4_1_a,Agent_175,nan
1,1,1,1,3,mistral:7b,data_pmus_yaounde,q4_1_b,Agent_175,nan
1,1,1,1,3,mistral:7b,data_pmus_yaounde,q4_2_a,Agent_175,nan
4,3,5,4,4,mistral:7b,data_pmus_yaounde,q4_2_b,Agent_175,MOINS DE 15 MIN
4,4,4,4,4,mistral:7b,data_pmus_yaounde,q4_3,Agent_175,1600.0
4,3,4,4,4,mistral:7b,data_pmus_yaounde,q4_4,Agent_175,TRAVAIL
3,3,4,4,4,mistral:7b,data_pmus_yaounde,q4_4_autres,Agent_175,FAIRE DU MARCHE
5,3,5,4,5,mistral:7b,data_pmus_yaounde,q5_1,Agent_175,ENTRE 36 ET 45 ANS
5,3,4,4,5,mistral:7b,data_pmus_yaounde,q5_2,Agent_175,MOINS DE 30 000
5,4,5,4,5,mistral:7b,data_pmus_yaounde,q5_3,Agent_175,FEMME
4,4,4,4,4,mistral:7b,data_pmus_yaounde,centre ville,Agent_176,YAOUNDE
5,4,5,4,5,mistral:7b,data_pmus_yaounde,q1_1,Agent_176,UN QUARTIER DE LA VILLE DE YAOUNDE
4,4,4,4,4,mistral:7b,data_pmus_yaounde,q1_1_a,Agent_176,SIMBOCK
4,4,3,4,3,mistral:7b,data_pmus_yaounde,q1_1_b,Agent_176,MELI MELO HOTEL QUARTIER FOUDA
4,4,4,4,4,mistral:7b,data_pmus_yaounde,q1_1_c,Agent_176,AFANOYA
5,4,5,4,5,mistral:7b,data_pmus_yaounde,q1_2,Agent_176,UN QUARTIER DE LA VILLE DE YAOUNDE
4,4,4,4,4,mistral:7b,data_pmus_yaounde,q1_2_a,Agent_176,SIMBOCK
4,4,3,4,3,mistral:7b,data_pmus_yaounde,q1_2_b,Agent_176,10 IEME ARRET
1,1,1,1,3,mistral:7b,data_pmus_yaounde,q1_3_c,Agent_176,nan
3,3,4,4,3,mistral:7b,data_pmus_yaounde,q2_1,Agent_176,A PIED
4,4,3,4,3,mistral:7b,data_pmus_yaounde,q2_2_1,Agent_176,2 CHEVEAU
4,4,3,4,3,mistral:7b,data_pmus_yaounde,q2_2_2,Agent_176,10 E ARRET
4,4,3,4,3,mistral:7b,data_pmus_yaounde,q2_3_1,Agent_176,ENTRE LYCEE AH A LA
4,4,3,4,3,mistral:7b,data_pmus_yaounde,q2_3_2,Agent_176,0NANA
4,4,5,4,5,mistral:7b,data_pmus_yaounde,q2_3,Agent_176,NON
4,4,4,4,4,mistral:7b,data_pmus_yaounde,q2_4,Agent_176,PAR BUS STACY
4,4,4,4,4,mistral:7b,data_pmus_yaounde,q2_5_1,Agent_176,A B0NAS
4,4,4,4,4,mistral:7b,data_pmus_yaounde,q2_5_2,Agent_176,ENTREE COMPLEXE
4,4,4,4,4,mistral:7b,data_pmus_yaounde,q2_6_1,Agent_176,MADAGASCAR
4,4,4,4,4,mistral:7b,data_pmus_yaounde,q2_6_2,Agent_176,MADAGASCAR
4,3,5,4,5,mistral:7b,data_pmus_yaounde,q3_1,Agent_176,NON
4,3,4,4,3,mistral:7b,data_pmus_yaounde,q3_2,Agent_176,A PIED
4,4,4,4,4,mistral:7b,data_pmus_yaounde,q3_3_1,Agent_176,MADAGASCAR
4,4,3,4,3,mistral:7b,data_pmus_yaounde,q3_3_2,Agent_176,MADAGASCAR
4,4,2,4,2,mistral:7b,data_pmus_yaounde,q4_1_a,Agent_176,Veuillez indiquer depuis combien de temps vous attendez.
4,3,3,4,4,mistral:7b,data_pmus_yaounde,q4_1_b,Agent_176,PLUS DE 20 MINUTES
4,4,2,4,2,mistral:7b,data_pmus_yaounde,q4_2_a,Agent_176,Veuillez indiquer depuis combien de temps vous attendez.
4,3,5,4,4,mistral:7b,data_pmus_yaounde,q4_2_b,Agent_176,30 60 MIN
4,4,4,4,4,mistral:7b,data_pmus_yaounde,q4_3,Agent_176,3800.0
4,3,4,4,4,mistral:7b,data_pmus_yaounde,q4_4,Agent_176,COURSES
3,3,4,4,4,mistral:7b,data_pmus_yaounde,q4_4_autres,Agent_176,FAIRE DES ACHATS
5,3,5,4,5,mistral:7b,data_pmus_yaounde,q5_1,Agent_176,ENTRE 36 ET 45 ANS
5,3,4,4,5,mistral:7b,data_pmus_yaounde,q5_2,Agent_176,ENTRE 30 001 ET 100 000
5,4,5,4,5,mistral:7b,data_pmus_yaounde,q5_3,Agent_176,FEMME
4,4,4,4,4,mistral:7b,data_pmus_yaounde,centre ville,Agent_177,YAOUNDE
5,4,5,4,5,mistral:7b,data_pmus_yaounde,q1_1,Agent_177,UN QUARTIER DE LA VILLE DE YAOUNDE
4,4,4,4,4,mistral:7b,data_pmus_yaounde,q1_1_a,Agent_177,ABIT
4,4,3,4,3,mistral:7b,data_pmus_yaounde,q1_1_b,Agent_177,NKOLNDZIE
4,4,4,4,4,mistral:7b,data_pmus_yaounde,q1_1_c,Agent_177,AFANOYA
5,4,5,4,5,mistral:7b,data_pmus_yaounde,q1_2,Agent_177,UN QUARTIER DE LA VILLE DE YAOUNDE
4,4,4,4,4,mistral:7b,data_pmus_yaounde,q1_2_a,Agent_177,NSIMEYONG
4,4,3,4,3,mistral:7b,data_pmus_yaounde,q1_2_b,Agent_177,10 IEME ARRET
4,4,4,4,4,mistral:7b,data_pmus_yaounde,q1_3_c,Agent_177,NKOL AFAMBA
3,3,4,4,3,mistral:7b,data_pmus_yaounde,q2_1,Agent_177,PAR BUS AGENCE INTERURBAIN
4,4,3,4,3,mistral:7b,data_pmus_yaounde,q2_2_1,Agent_177,MARIA ROSA
4,4,3,4,3,mistral:7b,data_pmus_yaounde,q2_2_2,Agent_177,MARIA ROSA
4,4,3,4,3,mistral:7b,data_pmus_yaounde,q2_3_1,Agent_177,0LESOA
4,4,3,4,3,mistral:7b,data_pmus_yaounde,q2_3_2,Agent_177,0NANA
4,4,5,4,5,mistral:7b,data_pmus_yaounde,q2_3,Agent_177,NON
4,4,4,4,4,mistral:7b,data_pmus_yaounde,q2_4,Agent_177,PAR BUS AGENCE INTERURBAIN
4,4,4,4,4,mistral:7b,data_pmus_yaounde,q2_5_1,Agent_177,MARIA ROSA
4,4,4,4,4,mistral:7b,data_pmus_yaounde,q2_5_2,Agent_177,0MPHINE
4,4,4,4,4,mistral:7b,data_pmus_yaounde,q2_6_1,Agent_177,AHALA
4,4,4,4,4,mistral:7b,data_pmus_yaounde,q2_6_2,Agent_177,11EME ARRET
4,3,5,4,5,mistral:7b,data_pmus_yaounde,q3_1,Agent_177,NON
4,3,4,4,3,mistral:7b,data_pmus_yaounde,q3_2,Agent_177,PAR BUS AGENCE INTERURBAIN
4,4,4,4,4,mistral:7b,data_pmus_yaounde,q3_3_1,Agent_177,ACACIA
4,4,3,4,3,mistral:7b,data_pmus_yaounde,q3_3_2,Agent_177,10 IEME ARRET
1,1,1,1,3,mistral:7b,data_pmus_yaounde,q4_1_a,Agent_177,nan
4,3,3,4,4,mistral:7b,data_pmus_yaounde,q4_1_b,Agent_177,PLUS DE 20 MINUTES
4,4,2,4,2,mistral:7b,data_pmus_yaounde,q4_2_a,Agent_177,Veuillez indiquer depuis combien de temps vous attendez.
4,3,5,4,4,mistral:7b,data_pmus_yaounde,q4_2_b,Agent_177,MOINS DE 15 MIN
4,4,4,4,4,mistral:7b,data_pmus_yaounde,q4_3,Agent_177,3150.0
4,3,4,4,4,mistral:7b,data_pmus_yaounde,q4_4,Agent_177,VISITE FAMILLE
3,3,4,4,4,mistral:7b,data_pmus_yaounde,q4_4_autres,Agent_177,ACHAT
5,3,5,4,5,mistral:7b,data_pmus_yaounde,q5_1,Agent_177,ENTRE 18 ET 25 ANS
5,3,4,4,5,mistral:7b,data_pmus_yaounde,q5_2,Agent_177,ENTRE 30 001 ET 100 000
5,4,5,4,5,mistral:7b,data_pmus_yaounde,q5_3,Agent_177,HOMME
4,4,4,4,4,mistral:7b,data_pmus_yaounde,centre ville,Agent_178,YAOUNDE
5,4,5,4,5,mistral:7b,data_pmus_yaounde,q1_1,Agent_178,UN QUARTIER DE LA VILLE DE YAOUNDE
4,4,4,4,4,mistral:7b,data_pmus_yaounde,q1_1_a,Agent_178,DAKAR
4,4,3,4,3,mistral:7b,data_pmus_yaounde,q1_1_b,Agent_178,DERRIERE LE GARAGE
4,4,4,4,4,mistral:7b,data_pmus_yaounde,q1_1_c,Agent_178,AFANOYA
5,4,5,4,5,mistral:7b,data_pmus_yaounde,q1_2,Agent_178,UN QUARTIER DE LA VILLE DE YAOUNDE
4,4,4,4,4,mistral:7b,data_pmus_yaounde,q1_2_a,Agent_178,SOA
4,4,3,4,3,mistral:7b,data_pmus_yaounde,q1_2_b,Agent_178,SOA
1,1,1,1,3,mistral:7b,data_pmus_yaounde,q1_3_c,Agent_178,nan
3,3,4,4,3,mistral:7b,data_pmus_yaounde,q2_1,Agent_178,PAR BUS AGENCE INTERURBAIN
4,4,3,4,3,mistral:7b,data_pmus_yaounde,q2_2_1,Agent_178,SIMBOCK
4,4,3,4,3,mistral:7b,data_pmus_yaounde,q2_2_2,Agent_178,10 E ARRET
4,4,3,4,3,mistral:7b,data_pmus_yaounde,q2_3_1,Agent_178,0LESOA
4,4,3,4,3,mistral:7b,data_pmus_yaounde,q2_3_2,Agent_178,0NANA
4,4,5,4,5,mistral:7b,data_pmus_yaounde,q2_3,Agent_178,NON
4,4,4,4,4,mistral:7b,data_pmus_yaounde,q2_4,Agent_178,PAR BUS AGENCE INTERURBAIN
4,4,4,4,4,mistral:7b,data_pmus_yaounde,q2_5_1,Agent_178,SIMBOCK
4,4,4,4,4,mistral:7b,data_pmus_yaounde,q2_5_2,Agent_178,0MPHINE
4,4,4,4,4,mistral:7b,data_pmus_yaounde,q2_6_1,Agent_178,ABATTOIR
4,4,4,4,4,mistral:7b,data_pmus_yaounde,q2_6_2,Agent_178,11EME ARRET
4,3,5,4,5,mistral:7b,data_pmus_yaounde,q3_1,Agent_178,NON
4,3,4,4,3,mistral:7b,data_pmus_yaounde,q3_2,Agent_178,PAR BUS AGENCE INTERURBAIN
4,4,4,4,4,mistral:7b,data_pmus_yaounde,q3_3_1,Agent_178,ACACIA
4,4,3,4,3,mistral:7b,data_pmus_yaounde,q3_3_2,Agent_178,ABATTOIR
4,4,2,4,2,mistral:7b,data_pmus_yaounde,q4_1_a,Agent_178,Veuillez indiquer depuis combien de temps vous attendez.
4,3,3,4,4,mistral:7b,data_pmus_yaounde,q4_1_b,Agent_178,PLUS DE 20 MINUTES
4,4,2,4,2,mistral:7b,data_pmus_yaounde,q4_2_a,Agent_178,Veuillez indiquer depuis combien de temps vous attendez.
4,3,5,4,4,mistral:7b,data_pmus_yaounde,q4_2_b,Agent_178,15 30 MIN
4,4,4,4,4,mistral:7b,data_pmus_yaounde,q4_3,Agent_178,2000.0
4,3,4,4,4,mistral:7b,data_pmus_yaounde,q4_4,Agent_178,TRAVAIL
3,3,4,4,4,mistral:7b,data_pmus_yaounde,q4_4_autres,Agent_178,ACHAT
5,3,5,4,5,mistral:7b,data_pmus_yaounde,q5_1,Agent_178,ENTRE 36 ET 45 ANS
5,3,4,4,5,mistral:7b,data_pmus_yaounde,q5_2,Agent_178,ENTRE 30 001 ET 100 000
5,4,5,4,5,mistral:7b,data_pmus_yaounde,q5_3,Agent_178,HOMME
4,4,4,4,4,mistral:7b,data_pmus_yaounde,centre ville,Agent_179,YAOUNDE
5,4,5,4,5,mistral:7b,data_pmus_yaounde,q1_1,Agent_179,UN QUARTIER DE LA VILLE DE YAOUNDE
4,4,4,4,4,mistral:7b,data_pmus_yaounde,q1_1_a,Agent_179,POSTE CENTRALE
1,1,1,1,3,mistral:7b,data_pmus_yaounde,q1_1_b,Agent_179,nan
1,1,1,1,3,mistral:7b,data_pmus_yaounde,q1_1_c,Agent_179,nan
5,4,5,4,5,mistral:7b,data_pmus_yaounde,q1_2,Agent_179,UN QUARTIER DE LA VILLE DE YAOUNDE
4,4,4,4,4,mistral:7b,data_pmus_yaounde,q1_2_a,Agent_179,POSTE CENTRALE
4,4,3,4,3,mistral:7b,data_pmus_yaounde,q1_2_b,Agent_179,POSTE CENTRALE
1,1,1,1,3,mistral:7b,data_pmus_yaounde,q1_3_c,Agent_179,nan
3,3,4,4,3,mistral:7b,data_pmus_yaounde,q2_1,Agent_179,A PIED
4,4,3,4,3,mistral:7b,data_pmus_yaounde,q2_2_1,Agent_179,POSTE CENTRALE
1,1,1,1,3,mistral:7b,data_pmus_yaounde,q2_2_2,Agent_179,nan
4,4,3,4,3,mistral:7b,data_pmus_yaounde,q2_3_1,Agent_179,POSTE CENTRALE
4,4,3,4,3,mistral:7b,data_pmus_yaounde,q2_3_2,Agent_179,POSTE CENTRALE
4,4,5,4,5,mistral:7b,data_pmus_yaounde,q2_3,Agent_179,NON
4,4,4,4,4,mistral:7b,data_pmus_yaounde,q2_4,Agent_179,A PIED
4,4,4,4,4,mistral:7b,data_pmus_yaounde,q2_5_1,Agent_179,POSTE CENTRALE
4,4,4,4,4,mistral:7b,data_pmus_yaounde,q2_5_2,Agent_179,POSTE CENTRALE
4,4,4,4,4,mistral:7b,data_pmus_yaounde,q2_6_1,Agent_179,POSTE CENTRALE
4,4,4,4,4,mistral:7b,data_pmus_yaounde,q2_6_2,Agent_179,POSTE CENTRALE
4,3,5,4,5,mistral:7b,data_pmus_yaounde,q3_1,Agent_179,NON
4,3,4,4,3,mistral:7b,data_pmus_yaounde,q3_2,Agent_179,A PIED
1,1,1,1,3,mistral:7b,data_pmus_yaounde,q3_3_1,Agent_179,nan
1,1,1,1,3,mistral:7b,data_pmus_yaounde,q3_3_2,Agent_179,nan
1,1,1,1,3,mistral:7b,data_pmus_yaounde,q4_1_a,Agent_179,nan
1,1,1,1,3,mistral:7b,data_pmus_yaounde,q4_1_b,Agent_179,nan
1,1,1,1,3,mistral:7b,data_pmus_yaounde,q4_2_a,Agent_179,nan
4,3,5,4,4,mistral:7b,data_pmus_yaounde,q4_2_b,Agent_179,MOINS DE 15 MIN
4,4,4,4,4,mistral:7b,data_pmus_yaounde,q4_3,Agent_179,300.0
4,3,4,4,4,mistral:7b,data_pmus_yaounde,q4_4,Agent_179,SPORTIVES
3,3,4,4,4,mistral:7b,data_pmus_yaounde,q4_4_autres,Agent_179,SPORT ET VISITE AMICALE
5,3,5,4,5,mistral:7b,data_pmus_yaounde,q5_1,Agent_179,ENTRE 55ANS ET 64 ANS
5,3,4,4,5,mistral:7b,data_pmus_yaounde,q5_2,Agent_179,ENTRE 30 001 ET 100 000
5,4,5,4,5,mistral:7b,data_pmus_yaounde,q5_3,Agent_179,HOMME
4,4,4,4,4,mistral:7b,data_pmus_yaounde,centre ville,Agent_180,YAOUNDE
5,4,5,4,5,mistral:7b,data_pmus_yaounde,q1_1,Agent_180,UN QUARTIER DE LA VILLE DE YAOUNDE
4,4,4,4,4,mistral:7b,data_pmus_yaounde,q1_1_a,Agent_180,ABIT
4,4,3,4,3,mistral:7b,data_pmus_yaounde,q1_1_b,Agent_180,10EME ARRET
4,4,4,4,4,mistral:7b,data_pmus_yaounde,q1_1_c,Agent_180,AFANOYA
5,4,5,4,5,mistral:7b,data_pmus_yaounde,q1_2,Agent_180,UN QUARTIER DE LA VILLE DE YAOUNDE
4,4,4,4,4,mistral:7b,data_pmus_yaounde,q1_2_a,Agent_180,ABOM
4,4,3,4,3,mistral:7b,data_pmus_yaounde,q1_2_b,Agent_180,APRES LES RAILS
1,1,1,1,3,mistral:7b,data_pmus_yaounde,q1_3_c,Agent_180,nan
3,3,4,4,3,mistral:7b,data_pmus_yaounde,q2_1,Agent_180,A PIED
4,4,3,4,3,mistral:7b,data_pmus_yaounde,q2_2_1,Agent_180,2 CHEVEAU
4,4,3,4,3,mistral:7b,data_pmus_yaounde,q2_2_2,Agent_180,APRES LES RAILS
4,4,3,4,3,mistral:7b,data_pmus_yaounde,q2_3_1,Agent_180,0LESOA
4,4,3,4,3,mistral:7b,data_pmus_yaounde,q2_3_2,Agent_180,0NANA
4,4,5,4,5,mistral:7b,data_pmus_yaounde,q2_3,Agent_180,NON
4,4,4,4,4,mistral:7b,data_pmus_yaounde,q2_4,Agent_180,A PIED
4,4,4,4,4,mistral:7b,data_pmus_yaounde,q2_5_1,Agent_180,A B0NAS
4,4,4,4,4,mistral:7b,data_pmus_yaounde,q2_5_2,Agent_180,0MPHINE
4,4,4,4,4,mistral:7b,data_pmus_yaounde,q2_6_1,Agent_180,ABATTOIR
4,4,4,4,4,mistral:7b,data_pmus_yaounde,q2_6_2,Agent_180,11EME ARRET
4,3,5,4,5,mistral:7b,data_pmus_yaounde,q3_1,Agent_180,NON
4,3,4,4,3,mistral:7b,data_pmus_yaounde,q3_2,Agent_180,A PIED
4,4,4,4,4,mistral:7b,data_pmus_yaounde,q3_3_1,Agent_180,ACACIA
4,4,3,4,3,mistral:7b,data_pmus_yaounde,q3_3_2,Agent_180,10 IEME ARRET
1,1,1,1,3,mistral:7b,data_pmus_yaounde,q4_1_a,Agent_180,nan
4,3,3,4,4,mistral:7b,data_pmus_yaounde,q4_1_b,Agent_180,10 20 MINUTES
4,4,2,4,2,mistral:7b,data_pmus_yaounde,q4_2_a,Agent_180,Veuillez indiquer depuis combien de temps vous attendez.
4,3,5,4,4,mistral:7b,data_pmus_yaounde,q4_2_b,Agent_180,15 30 MIN
4,4,4,4,4,mistral:7b,data_pmus_yaounde,q4_3,Agent_180,300.0
4,3,4,4,4,mistral:7b,data_pmus_yaounde,q4_4,Agent_180,TRAVAIL
3,3,4,4,4,mistral:7b,data_pmus_yaounde,q4_4_autres,Agent_180,ACHAT
5,3,5,4,5,mistral:7b,data_pmus_yaounde,q5_1,Agent_180,ENTRE 36 ET 45 ANS
5,3,4,4,5,mistral:7b,data_pmus_yaounde,q5_2,Agent_180,ENTRE 30 001 ET 100 000
5,4,5,4,5,mistral:7b,data_pmus_yaounde,q5_3,Agent_180,FEMME
4,4,4,4,4,mistral:7b,data_pmus_yaounde,centre ville,Agent_181,YAOUNDE
5,4,5,4,5,mistral:7b,data_pmus_yaounde,q1_1,Agent_181,UN QUARTIER DE LA VILLE DE YAOUNDE
4,4,4,4,4,mistral:7b,data_pmus_yaounde,q1_1_a,Agent_181,NKOMO
1,1,1,1,3,mistral:7b,data_pmus_yaounde,q1_1_b,Agent_181,nan
4,4,4,4,4,mistral:7b,data_pmus_yaounde,q1_1_c,Agent_181,AFANOYA
5,4,5,4,5,mistral:7b,data_pmus_yaounde,q1_2,Agent_181,UN QUARTIER DE LA VILLE DE YAOUNDE
4,4,4,4,4,mistral:7b,data_pmus_yaounde,q1_2_a,Agent_181,NKOMO
4,4,3,4,3,mistral:7b,data_pmus_yaounde,q1_2_b,Agent_181,NKOMO
1,1,1,1,3,mistral:7b,data_pmus_yaounde,q1_3_c,Agent_181,nan
3,3,4,4,3,mistral:7b,data_pmus_yaounde,q2_1,Agent_181,A PIED
4,4,3,4,3,mistral:7b,data_pmus_yaounde,q2_2_1,Agent_181,NKOMO
4,4,3,4,3,mistral:7b,data_pmus_yaounde,q2_2_2,Agent_181,10 E ARRET
4,4,3,4,3,mistral:7b,data_pmus_yaounde,q2_3_1,Agent_181,NKOMO
4,4,3,4,3,mistral:7b,data_pmus_yaounde,q2_3_2,Agent_181,0NANA
4,4,5,4,5,mistral:7b,data_pmus_yaounde,q2_3,Agent_181,NON
4,4,4,4,4,mistral:7b,data_pmus_yaounde,q2_4,Agent_181,A PIED
4,4,4,4,4,mistral:7b,data_pmus_yaounde,q2_5_1,Agent_181,NKOMO
4,4,4,4,4,mistral:7b,data_pmus_yaounde,q2_5_2,Agent_181,0MPHINE
4,4,4,4,4,mistral:7b,data_pmus_yaounde,q2_6_1,Agent_181,NKOMO
4,4,4,4,4,mistral:7b,data_pmus_yaounde,q2_6_2,Agent_181,11EME ARRET
4,3,5,4,5,mistral:7b,data_pmus_yaounde,q3_1,Agent_181,NON
4,3,4,4,3,mistral:7b,data_pmus_yaounde,q3_2,Agent_181,A PIED
4,4,4,4,4,mistral:7b,data_pmus_yaounde,q3_3_1,Agent_181,EKOUNOU
4,4,3,4,3,mistral:7b,data_pmus_yaounde,q3_3_2,Agent_181,10 IEME ARRET
1,1,1,1,3,mistral:7b,data_pmus_yaounde,q4_1_a,Agent_181,nan
4,3,3,4,4,mistral:7b,data_pmus_yaounde,q4_1_b,Agent_181,PLUS DE 20 MINUTES
4,4,2,4,2,mistral:7b,data_pmus_yaounde,q4_2_a,Agent_181,Veuillez indiquer depuis combien de temps vous attendez.
4,3,5,4,4,mistral:7b,data_pmus_yaounde,q4_2_b,Agent_181,15 30 MIN
4,4,4,4,4,mistral:7b,data_pmus_yaounde,q4_3,Agent_181,1650.0
4,3,4,4,4,mistral:7b,data_pmus_yaounde,q4_4,Agent_181,ACTIVIT S DE LOISIRS
3,3,4,4,4,mistral:7b,data_pmus_yaounde,q4_4_autres,Agent_181,LE MARCHE
5,3,5,4,5,mistral:7b,data_pmus_yaounde,q5_1,Agent_181,ENTRE 55ANS ET 64 ANS
5,3,4,4,5,mistral:7b,data_pmus_yaounde,q5_2,Agent_181,ENTRE 30 001 ET 100 000
5,4,5,4,5,mistral:7b,data_pmus_yaounde,q5_3,Agent_181,HOMME
4,4,4,4,4,mistral:7b,data_pmus_yaounde,centre ville,Agent_182,YAOUNDE
5,4,5,4,5,mistral:7b,data_pmus_yaounde,q1_1,Agent_182,UN QUARTIER DE LA VILLE DE YAOUNDE
4,4,4,4,4,mistral:7b,data_pmus_yaounde,q1_1_a,Agent_182,OMNISIPORT
4,4,3,4,3,mistral:7b,data_pmus_yaounde,q1_1_b,Agent_182,10EME ARRET
4,4,4,4,4,mistral:7b,data_pmus_yaounde,q1_1_c,Agent_182,AFANOYA
5,4,5,4,5,mistral:7b,data_pmus_yaounde,q1_2,Agent_182,UN QUARTIER DE LA VILLE DE YAOUNDE
4,4,4,4,4,mistral:7b,data_pmus_yaounde,q1_2_a,Agent_182,FOURGEROLLES
4,4,3,4,3,mistral:7b,data_pmus_yaounde,q1_2_b,Agent_182,FOURGEROLLES
1,1,1,1,3,mistral:7b,data_pmus_yaounde,q1_3_c,Agent_182,nan
3,3,4,4,3,mistral:7b,data_pmus_yaounde,q2_1,Agent_182,A PIED
4,4,3,4,3,mistral:7b,data_pmus_yaounde,q2_2_1,Agent_182,FOURGEROLLES
4,4,3,4,3,mistral:7b,data_pmus_yaounde,q2_2_2,Agent_182,FOURGEROLLES
4,4,3,4,3,mistral:7b,data_pmus_yaounde,q2_3_1,Agent_182,FOURGEROLLES
4,4,3,4,3,mistral:7b,data_pmus_yaounde,q2_3_2,Agent_182,FOURGEROLLES
4,4,5,4,5,mistral:7b,data_pmus_yaounde,q2_3,Agent_182,NON
4,4,4,4,4,mistral:7b,data_pmus_yaounde,q2_4,Agent_182,A PIED
4,4,4,4,4,mistral:7b,data_pmus_yaounde,q2_5_1,Agent_182,FOURGEROLLES
4,4,4,4,4,mistral:7b,data_pmus_yaounde,q2_5_2,Agent_182,FOURGEROLLES
4,4,4,4,4,mistral:7b,data_pmus_yaounde,q2_6_1,Agent_182,FOURGEROLLES
4,4,4,4,4,mistral:7b,data_pmus_yaounde,q2_6_2,Agent_182,11EME ARRET
4,3,5,4,5,mistral:7b,data_pmus_yaounde,q3_1,Agent_182,NON
4,3,4,4,3,mistral:7b,data_pmus_yaounde,q3_2,Agent_182,A PIED
4,4,4,4,4,mistral:7b,data_pmus_yaounde,q3_3_1,Agent_182,FOURGEROLLES
4,4,3,4,3,mistral:7b,data_pmus_yaounde,q3_3_2,Agent_182,FOURGEROLLES
1,1,1,1,3,mistral:7b,data_pmus_yaounde,q4_1_a,Agent_182,nan
4,3,3,4,4,mistral:7b,data_pmus_yaounde,q4_1_b,Agent_182,PLUS DE 20 MINUTES
4,4,2,4,2,mistral:7b,data_pmus_yaounde,q4_2_a,Agent_182,Veuillez indiquer depuis combien de temps vous attendez.
4,3,5,4,4,mistral:7b,data_pmus_yaounde,q4_2_b,Agent_182,30 60 MIN
4,4,4,4,4,mistral:7b,data_pmus_yaounde,q4_3,Agent_182,1650.0
4,3,4,4,4,mistral:7b,data_pmus_yaounde,q4_4,Agent_182,ACTIVIT S DE LOISIRS
3,3,4,4,4,mistral:7b,data_pmus_yaounde,q4_4_autres,Agent_182,SPORT ET VISITE AMICALE
5,3,5,4,5,mistral:7b,data_pmus_yaounde,q5_1,Agent_182,MOINS DE 18 ANS
5,3,4,4,5,mistral:7b,data_pmus_yaounde,q5_2,Agent_182,ENTRE 30 001 ET 100 000
5,4,5,4,5,mistral:7b,data_pmus_yaounde,q5_3,Agent_182,FEMME
4,4,4,4,4,mistral:7b,data_pmus_yaounde,centre ville,Agent_183,YAOUNDE
5,4,5,4,5,mistral:7b,data_pmus_yaounde,q1_1,Agent_183,UN QUARTIER DE LA VILLE DE YAOUNDE
4,4,4,4,4,mistral:7b,data_pmus_yaounde,q1_1_a,Agent_183,NKOA MBANG
4,4,3,4,3,mistral:7b,data_pmus_yaounde,q1_1_b,Agent_183,NKOA MBANG
4,4,4,4,4,mistral:7b,data_pmus_yaounde,q1_1_c,Agent_183,AFANOYA
5,4,5,4,5,mistral:7b,data_pmus_yaounde,q1_2,Agent_183,UN QUARTIER DE LA VILLE DE YAOUNDE
4,4,4,4,4,mistral:7b,data_pmus_yaounde,q1_2_a,Agent_183,ABOM
4,4,3,4,3,mistral:7b,data_pmus_yaounde,q1_2_b,Agent_183,10 IEME ARRET
4,4,4,4,4,mistral:7b,data_pmus_yaounde,q1_3_c,Agent_183,NKOA MBANG
3,3,4,4,3,mistral:7b,data_pmus_yaounde,q2_1,Agent_183,A PIED
4,4,3,4,3,mistral:7b,data_pmus_yaounde,q2_2_1,Agent_183,NKOA MBANG
4,4,3,4,3,mistral:7b,data_pmus_yaounde,q2_2_2,Agent_183,10 E ARRET
4,4,3,4,3,mistral:7b,data_pmus_yaounde,q2_3_1,Agent_183,NKOA MBANG
4,4,3,4,3,mistral:7b,data_pmus_yaounde,q2_3_2,Agent_183,0NANA
4,4,5,4,5,mistral:7b,data_pmus_yaounde,q2_3,Agent_183,NON
4,4,4,4,4,mistral:7b,data_pmus_yaounde,q2_4,Agent_183,A PIED
4,4,4,4,4,mistral:7b,data_pmus_yaounde,q2_5_1,Agent_183,NKOA MBANG
4,4,4,4,4,mistral:7b,data_pmus_yaounde,q2_5_2,Agent_183,MBALLA 2
4,4,4,4,4,mistral:7b,data_pmus_yaounde,q2_6_1,Agent_183,ABATTOIR
4,4,4,4,4,mistral:7b,data_pmus_yaounde,q2_6_2,Agent_183,11EME ARRET
4,3,5,4,5,mistral:7b,data_pmus_yaounde,q3_1,Agent_183,NON
4,3,4,4,3,mistral:7b,data_pmus_yaounde,q3_2,Agent_183,A PIED
4,4,4,4,4,mistral:7b,data_pmus_yaounde,q3_3_1,Agent_183,MBALLA 2
4,4,3,4,3,mistral:7b,data_pmus_yaounde,q3_3_2,Agent_183,10 IEME ARRET
1,1,1,1,3,mistral:7b,data_pmus_yaounde,q4_1_a,Agent_183,nan
4,3,3,4,4,mistral:7b,data_pmus_yaounde,q4_1_b,Agent_183,PLUS DE 20 MINUTES
4,4,2,4,2,mistral:7b,data_pmus_yaounde,q4_2_a,Agent_183,Veuillez indiquer depuis combien de temps vous attendez.
4,3,5,4,4,mistral:7b,data_pmus_yaounde,q4_2_b,Agent_183,30 60 MIN
4,4,4,4,4,mistral:7b,data_pmus_yaounde,q4_3,Agent_183,1850.0
4,3,4,4,4,mistral:7b,data_pmus_yaounde,q4_4,Agent_183,D MARCHES ADMINISTRATIVES ET OU SANT
3,3,4,4,4,mistral:7b,data_pmus_yaounde,q4_4_autres,Agent_183,ACHAT
5,3,5,4,5,mistral:7b,data_pmus_yaounde,q5_1,Agent_183,ENTRE 18 ET 25 ANS
5,3,4,4,5,mistral:7b,data_pmus_yaounde,q5_2,Agent_183,ENTRE 30 001 ET 100 000
5,4,5,4,5,mistral:7b,data_pmus_yaounde,q5_3,Agent_183,FEMME
4,4,4,4,4,mistral:7b,data_pmus_yaounde,centre ville,Agent_184,YAOUNDE
5,4,5,4,5,mistral:7b,data_pmus_yaounde,q1_1,Agent_184,UN QUARTIER DE LA VILLE DE YAOUNDE
4,4,4,4,4,mistral:7b,data_pmus_yaounde,q1_1_a,Agent_184,ACACIA
4,4,3,4,3,mistral:7b,data_pmus_yaounde,q1_1_b,Agent_184,NKOLBISSON
4,4,4,4,4,mistral:7b,data_pmus_yaounde,q1_1_c,Agent_184,NKOLBISSON
5,4,5,4,5,mistral:7b,data_pmus_yaounde,q1_2,Agent_184,UN QUARTIER DE LA VILLE DE YAOUNDE
4,4,4,4,4,mistral:7b,data_pmus_yaounde,q1_2_a,Agent_184,ACACIA
4,4,3,4,3,mistral:7b,data_pmus_yaounde,q1_2_b,Agent_184,NKOLBIKOK
1,1,1,1,3,mistral:7b,data_pmus_yaounde,q1_3_c,Agent_184,nan
3,3,4,4,3,mistral:7b,data_pmus_yaounde,q2_1,Agent_184,A PIED
4,4,3,4,3,mistral:7b,data_pmus_yaounde,q2_2_1,Agent_184,2 CHEVEAU
4,4,3,4,3,mistral:7b,data_pmus_yaounde,q2_2_2,Agent_184,10 E ARRET
4,4,3,4,3,mistral:7b,data_pmus_yaounde,q2_3_1,Agent_184,0LESOA
4,4,3,4,3,mistral:7b,data_pmus_yaounde,q2_3_2,Agent_184,CARREFIUR
4,4,5,4,5,mistral:7b,data_pmus_yaounde,q2_3,Agent_184,NON
4,4,4,4,4,mistral:7b,data_pmus_yaounde,q2_4,Agent_184,PAR BUS STACY
4,4,4,4,4,mistral:7b,data_pmus_yaounde,q2_5_1,Agent_184,ACACIA
4,4,4,4,4,mistral:7b,data_pmus_yaounde,q2_5_2,Agent_184,CARREFOUR
4,4,4,4,4,mistral:7b,data_pmus_yaounde,q2_6_1,Agent_184,ACACIA
4,4,4,4,4,mistral:7b,data_pmus_yaounde,q2_6_2,Agent_184,CARREFOUR
4,3,5,4,5,mistral:7b,data_pmus_yaounde,q3_1,Agent_184,NON
4,3,4,4,3,mistral:7b,data_pmus_yaounde,q3_2,Agent_184,A PIED
4,4,4,4,4,mistral:7b,data_pmus_yaounde,q3_3_1,Agent_184,ACACIA
4,4,3,4,3,mistral:7b,data_pmus_yaounde,q3_3_2,Agent_184,ACACIA
1,1,1,1,3,mistral:7b,data_pmus_yaounde,q4_1_a,Agent_184,nan
4,3,3,4,4,mistral:7b,data_pmus_yaounde,q4_1_b,Agent_184,PLUS DE 20 MINUTES
4,4,2,4,2,mistral:7b,data_pmus_yaounde,q4_2_a,Agent_184,Veuillez indiquer depuis combien de temps vous attendez.
4,3,5,4,4,mistral:7b,data_pmus_yaounde,q4_2_b,Agent_184,15 30 MIN
4,4,4,4,4,mistral:7b,data_pmus_yaounde,q4_3,Agent_184,2100.0
4,3,4,4,4,mistral:7b,data_pmus_yaounde,q4_4,Agent_184,COURSES
3,3,4,4,4,mistral:7b,data_pmus_yaounde,q4_4_autres,Agent_184,FAIRE DES ACHATS
5,3,5,4,5,mistral:7b,data_pmus_yaounde,q5_1,Agent_184,ENTRE 36 ET 45 ANS
5,3,4,4,5,mistral:7b,data_pmus_yaounde,q5_2,Agent_184,ENTRE 30 001 ET 100 000
5,4,5,4,5,mistral:7b,data_pmus_yaounde,q5_3,Agent_184,HOMME
4,4,4,4,4,mistral:7b,data_pmus_yaounde,centre ville,Agent_185,YAOUNDE
5,4,5,4,5,mistral:7b,data_pmus_yaounde,q1_1,Agent_185,UN QUARTIER DE LA VILLE DE YAOUNDE
4,4,4,4,4,mistral:7b,data_pmus_yaounde,q1_1_a,Agent_185,EMANA
4,4,3,4,3,mistral:7b,data_pmus_yaounde,q1_1_b,Agent_185,COMPLEXE SCOLAIRE LES AS
1,1,1,1,3,mistral:7b,data_pmus_yaounde,q1_1_c,Agent_185,nan
5,4,5,4,5,mistral:7b,data_pmus_yaounde,q1_2,Agent_185,UN QUARTIER DE LA VILLE DE YAOUNDE
4,4,4,4,4,mistral:7b,data_pmus_yaounde,q1_2_a,Agent_185,EMANA
4,4,3,4,3,mistral:7b,data_pmus_yaounde,q1_2_b,Agent_185,10 IEME ARRET
1,1,1,1,3,mistral:7b,data_pmus_yaounde,q1_3_c,Agent_185,nan
3,3,4,4,3,mistral:7b,data_pmus_yaounde,q2_1,Agent_185,PAR BUS AGENCE INTERURBAIN
4,4,3,4,3,mistral:7b,data_pmus_yaounde,q2_2_1,Agent_185,SANTA BARBARA
4,4,3,4,3,mistral:7b,data_pmus_yaounde,q2_2_2,Agent_185,SANTA BARBARA
4,4,3,4,3,mistral:7b,data_pmus_yaounde,q2_3_1,Agent_185,EMANA
4,4,3,4,3,mistral:7b,data_pmus_yaounde,q2_3_2,Agent_185,EMANA
4,4,5,4,5,mistral:7b,data_pmus_yaounde,q2_3,Agent_185,NON
4,4,4,4,4,mistral:7b,data_pmus_yaounde,q2_4,Agent_185,PAR BUS AGENCE INTERURBAIN
4,4,4,4,4,mistral:7b,data_pmus_yaounde,q2_5_1,Agent_185,A B0NAS
4,4,4,4,4,mistral:7b,data_pmus_yaounde,q2_5_2,Agent_185,0MPHINE
4,4,4,4,4,mistral:7b,data_pmus_yaounde,q2_6_1,Agent_185,EMANA
4,4,4,4,4,mistral:7b,data_pmus_yaounde,q2_6_2,Agent_185,11EME ARRET
4,3,5,4,5,mistral:7b,data_pmus_yaounde,q3_1,Agent_185,NON
4,3,4,4,3,mistral:7b,data_pmus_yaounde,q3_2,Agent_185,PAR BUS AGENCE INTERURBAIN
4,4,4,4,4,mistral:7b,data_pmus_yaounde,q3_3_1,Agent_185,EMANA
4,4,3,4,3,mistral:7b,data_pmus_yaounde,q3_3_2,Agent_185,EMANA
1,1,1,1,3,mistral:7b,data_pmus_yaounde,q4_1_a,Agent_185,nan
4,3,3,4,4,mistral:7b,data_pmus_yaounde,q4_1_b,Agent_185,PLUS DE 20 MINUTES
4,4,2,4,2,mistral:7b,data_pmus_yaounde,q4_2_a,Agent_185,Veuillez indiquer depuis combien de temps vous attendez.
4,3,5,4,4,mistral:7b,data_pmus_yaounde,q4_2_b,Agent_185,15 30 MIN
4,4,4,4,4,mistral:7b,data_pmus_yaounde,q4_3,Agent_185,125.0
4,3,4,4,4,mistral:7b,data_pmus_yaounde,q4_4,Agent_185,VISITE FAMILLE
3,3,4,4,4,mistral:7b,data_pmus_yaounde,q4_4_autres,Agent_185,ACHAT
5,3,5,4,5,mistral:7b,data_pmus_yaounde,q5_1,Agent_185,MOINS DE 18 ANS
5,3,4,4,5,mistral:7b,data_pmus_yaounde,q5_2,Agent_185,ENTRE 30 001 ET 100 000
5,4,5,4,5,mistral:7b,data_pmus_yaounde,q5_3,Agent_185,HOMME
4,4,4,4,4,mistral:7b,data_pmus_yaounde,centre ville,Agent_186,YAOUNDE
5,4,5,4,5,mistral:7b,data_pmus_yaounde,q1_1,Agent_186,UN QUARTIER DE LA VILLE DE YAOUNDE
4,4,4,4,4,mistral:7b,data_pmus_yaounde,q1_1_a,Agent_186,ESSOMBA
4,4,3,4,3,mistral:7b,data_pmus_yaounde,q1_1_b,Agent_186,CARREFOUR
4,4,4,4,4,mistral:7b,data_pmus_yaounde,q1_1_c,Agent_186,AFANOYA
5,4,5,4,5,mistral:7b,data_pmus_yaounde,q1_2,Agent_186,UN QUARTIER DE LA VILLE DE YAOUNDE
4,4,4,4,4,mistral:7b,data_pmus_yaounde,q1_2_a,Agent_186,ABOM
4,4,3,4,3,mistral:7b,data_pmus_yaounde,q1_2_b,Agent_186,CARREFOUR
4,4,4,4,4,mistral:7b,data_pmus_yaounde,q1_3_c,Agent_186,AFANOYA
3,3,4,4,3,mistral:7b,data_pmus_yaounde,q2_1,Agent_186,PAR BUS AGENCE INTERURBAIN
4,4,3,4,3,mistral:7b,data_pmus_yaounde,q2_2_1,Agent_186,2 CHEVEAU
4,4,3,4,3,mistral:7b,data_pmus_yaounde,q2_2_2,Agent_186,CARREFOUR
4,4,3,4,3,mistral:7b,data_pmus_yaounde,q2_3_1,Agent_186,0LESOA
4,4,3,4,3,mistral:7b,data_pmus_yaounde,q2_3_2,Agent_186,0NANA
4,4,5,4,5,mistral:7b,data_pmus_yaounde,q2_3,Agent_186,NON
4,4,4,4,4,mistral:7b,data_pmus_yaounde,q2_4,Agent_186,PAR BUS AGENCE INTERURBAIN
4,4,4,4,4,mistral:7b,data_pmus_yaounde,q2_5_1,Agent_186,A B0NAS
4,4,4,4,4,mistral:7b,data_pmus_yaounde,q2_5_2,Agent_186,0MPHINE
4,4,4,4,4,mistral:7b,data_pmus_yaounde,q2_6_1,Agent_186,ABATTOIR
4,4,4,4,4,mistral:7b,data_pmus_yaounde,q2_6_2,Agent_186,11EME ARRET
4,3,5,4,5,mistral:7b,data_pmus_yaounde,q3_1,Agent_186,NON
4,3,4,4,3,mistral:7b,data_pmus_yaounde,q3_2,Agent_186,PAR BUS AGENCE INTERURBAIN
4,4,4,4,4,mistral:7b,data_pmus_yaounde,q3_3_1,Agent_186,ACACIA
4,4,3,4,3,mistral:7b,data_pmus_yaounde,q3_3_2,Agent_186,ABATTOIR
4,4,2,4,2,mistral:7b,data_pmus_yaounde,q4_1_a,Agent_186,Veuillez indiquer depuis combien de temps vous attendez.
4,3,3,4,4,mistral:7b,data_pmus_yaounde,q4_1_b,Agent_186,PLUS DE 20 MINUTES
4,4,2,4,2,mistral:7b,data_pmus_yaounde,q4_2_a,Agent_186,Veuillez indiquer depuis combien de temps vous attendez.
4,3,5,4,4,mistral:7b,data_pmus_yaounde,q4_2_b,Agent_186,15 30 MIN
4,4,4,4,4,mistral:7b,data_pmus_yaounde,q4_3,Agent_186,1500.0
4,3,4,4,4,mistral:7b,data_pmus_yaounde,q4_4,Agent_186,TRAVAIL
3,3,4,4,4,mistral:7b,data_pmus_yaounde,q4_4_autres,Agent_186,COMMERCE
5,3,5,4,5,mistral:7b,data_pmus_yaounde,q5_1,Agent_186,ENTRE 36 ET 45 ANS
5,3,4,4,5,mistral:7b,data_pmus_yaounde,q5_2,Agent_186,ENTRE 30 001 ET 100 000
5,4,5,4,5,mistral:7b,data_pmus_yaounde,q5_3,Agent_186,FEMME
4,4,4,4,4,mistral:7b,data_pmus_yaounde,centre ville,Agent_187,YAOUNDE
5,4,5,4,5,mistral:7b,data_pmus_yaounde,q1_1,Agent_187,UN QUARTIER DE LA VILLE DE YAOUNDE
4,4,4,4,4,mistral:7b,data_pmus_yaounde,q1_1_a,Agent_187,AKOKNDUE
4,4,3,4,3,mistral:7b,data_pmus_yaounde,q1_1_b,Agent_187,10EME ARRET
4,4,4,4,4,mistral:7b,data_pmus_yaounde,q1_1_c,Agent_187,NKOA MBANG
5,4,5,4,5,mistral:7b,data_pmus_yaounde,q1_2,Agent_187,UN QUARTIER DE LA VILLE DE YAOUNDE
4,4,4,4,4,mistral:7b,data_pmus_yaounde,q1_2_a,Agent_187,NKOA MBANG
4,4,3,4,3,mistral:7b,data_pmus_yaounde,q1_2_b,Agent_187,NKOA MBANG
4,4,4,4,4,mistral:7b,data_pmus_yaounde,q1_3_c,Agent_187,NKOA MBANG
3,3,4,4,3,mistral:7b,data_pmus_yaounde,q2_1,Agent_187,PAR BUS AGENCE INTERURBAIN
4,4,3,4,3,mistral:7b,data_pmus_yaounde,q2_2_1,Agent_187,NKOA MBANG
4,4,3,4,3,mistral:7b,data_pmus_yaounde,q2_2_2,Agent_187,NKOA MBANG
4,4,3,4,3,mistral:7b,data_pmus_yaounde,q2_3_1,Agent_187,NKOA MBANG
4,4,3,4,3,mistral:7b,data_pmus_yaounde,q2_3_2,Agent_187,NKOA MBANG
4,4,5,4,5,mistral:7b,data_pmus_yaounde,q2_3,Agent_187,NON
4,4,4,4,4,mistral:7b,data_pmus_yaounde,q2_4,Agent_187,PAR BUS AGENCE INTERURBAIN
4,4,4,4,4,mistral:7b,data_pmus_yaounde,q2_5_1,Agent_187,NKOA MBANG
4,4,4,4,4,mistral:7b,data_pmus_yaounde,q2_5_2,Agent_187,0MPHINE
4,4,4,4,4,mistral:7b,data_pmus_yaounde,q2_6_1,Agent_187,NKOA MBANG
4,4,4,4,4,mistral:7b,data_pmus_yaounde,q2_6_2,Agent_187,11EME ARRET
4,3,5,4,5,mistral:7b,data_pmus_yaounde,q3_1,Agent_187,NON
4,3,4,4,3,mistral:7b,data_pmus_yaounde,q3_2,Agent_187,PAR BUS AGENCE INTERURBAIN
4,4,4,4,4,mistral:7b,data_pmus_yaounde,q3_3_1,Agent_187,NKOA MBANG
4,4,3,4,3,mistral:7b,data_pmus_yaounde,q3_3_2,Agent_187,NKOA MBANG
4,4,2,4,2,mistral:7b,data_pmus_yaounde,q4_1_a,Agent_187,Veuillez indiquer depuis combien de temps vous attendez.
4,3,3,4,4,mistral:7b,data_pmus_yaounde,q4_1_b,Agent_187,PLUS DE 20 MINUTES
4,4,2,4,2,mistral:7b,data_pmus_yaounde,q4_2_a,Agent_187,Veuillez indiquer depuis combien de temps vous attendez.
4,3,5,4,4,mistral:7b,data_pmus_yaounde,q4_2_b,Agent_187,30 60 MIN
4,4,4,4,4,mistral:7b,data_pmus_yaounde,q4_3,Agent_187,2600.0
4,3,4,4,4,mistral:7b,data_pmus_yaounde,q4_4,Agent_187,COURSES
3,3,4,4,4,mistral:7b,data_pmus_yaounde,q4_4_autres,Agent_187,LE MARCHE
5,3,5,4,5,mistral:7b,data_pmus_yaounde,q5_1,Agent_187,ENTRE 36 ET 45 ANS
5,3,4,4,5,mistral:7b,data_pmus_yaounde,q5_2,Agent_187,ENTRE 30 001 ET 100 000
5,4,5,4,5,mistral:7b,data_pmus_yaounde,q5_3,Agent_187,FEMME
4,4,4,4,4,mistral:7b,data_pmus_yaounde,centre ville,Agent_188,YAOUNDE
5,4,5,4,5,mistral:7b,data_pmus_yaounde,q1_1,Agent_188,UN QUARTIER DE LA VILLE DE YAOUNDE
4,4,4,4,4,mistral:7b,data_pmus_yaounde,q1_1_a,Agent_188,MESSA
1,1,1,1,3,mistral:7b,data_pmus_yaounde,q1_1_b,Agent_188,nan
4,4,4,4,4,mistral:7b,data_pmus_yaounde,q1_1_c,Agent_188,AFANOYA
5,4,5,4,5,mistral:7b,data_pmus_yaounde,q1_2,Agent_188,UN QUARTIER DE LA VILLE DE YAOUNDE
4,4,4,4,4,mistral:7b,data_pmus_yaounde,q1_2_a,Agent_188,MESSA
4,4,3,4,3,mistral:7b,data_pmus_yaounde,q1_2_b,Agent_188,10 IEME ARRET
1,1,1,1,3,mistral:7b,data_pmus_yaounde,q1_3_c,Agent_188,nan
3,3,4,4,3,mistral:7b,data_pmus_yaounde,q2_1,Agent_188,A PIED
4,4,3,4,3,mistral:7b,data_pmus_yaounde,q2_2_1,Agent_188,2 CHEVEAU
4,4,3,4,3,mistral:7b,data_pmus_yaounde,q2_2_2,Agent_188,10 E ARRET
4,4,3,4,3,mistral:7b,data_pmus_yaounde,q2_3_1,Agent_188,0LESOA
4,4,3,4,3,mistral:7b,data_pmus_yaounde,q2_3_2,Agent_188,0NANA
4,4,5,4,5,mistral:7b,data_pmus_yaounde,q2_3,Agent_188,NON
4,4,4,4,4,mistral:7b,data_pmus_yaounde,q2_4,Agent_188,A PIED
4,4,4,4,4,mistral:7b,data_pmus_yaounde,q2_5_1,Agent_188,A B0NAS
4,4,4,4,4,mistral:7b,data_pmus_yaounde,q2_5_2,Agent_188,0MPHINE
4,4,4,4,4,mistral:7b,data_pmus_yaounde,q2_6_1,Agent_188,MVOG ADA
4,4,4,4,4,mistral:7b,data_pmus_yaounde,q2_6_2,Agent_188,ARRET BUS
4,3,5,4,5,mistral:7b,data_pmus_yaounde,q3_1,Agent_188,NON
4,3,4,4,3,mistral:7b,data_pmus_yaounde,q3_2,Agent_188,A PIED
4,4,4,4,4,mistral:7b,data_pmus_yaounde,q3_3_1,Agent_188,MVOG ADA
4,4,3,4,3,mistral:7b,data_pmus_yaounde,q3_3_2,Agent_188,MARCHE NKOL ETONG
1,1,1,1,3,mistral:7b,data_pmus_yaounde,q4_1_a,Agent_188,nan
4,3,3,4,4,mistral:7b,data_pmus_yaounde,q4_1_b,Agent_188,MOINS DE 5 MIN
4,4,2,4,2,mistral:7b,data_pmus_yaounde,q4_2_a,Agent_188,Veuillez indiquer depuis combien de temps vous attendez.
4,3,5,4,4,mistral:7b,data_pmus_yaounde,q4_2_b,Agent_188,MOINS DE 15 MIN
4,4,4,4,4,mistral:7b,data_pmus_yaounde,q4_3,Agent_188,1850.0
4,3,4,4,4,mistral:7b,data_pmus_yaounde,q4_4,Agent_188,TRAVAIL
3,3,4,4,4,mistral:7b,data_pmus_yaounde,q4_4_autres,Agent_188,ACHAT
5,3,5,4,5,mistral:7b,data_pmus_yaounde,q5_1,Agent_188,ENTRE 36 ET 45 ANS
5,3,4,4,5,mistral:7b,data_pmus_yaounde,q5_2,Agent_188,ENTRE 30 001 ET 100 000
5,4,5,4,5,mistral:7b,data_pmus_yaounde,q5_3,Agent_188,HOMME
4,4,4,4,4,mistral:7b,data_pmus_yaounde,centre ville,Agent_189,YAOUNDE
5,4,5,4,5,mistral:7b,data_pmus_yaounde,q1_1,Agent_189,UN QUARTIER DE LA VILLE DE YAOUNDE
4,4,4,4,4,mistral:7b,data_pmus_yaounde,q1_1_a,Agent_189,NKOLODOM
4,4,3,4,3,mistral:7b,data_pmus_yaounde,q1_1_b,Agent_189,NOSA
1,1,1,1,3,mistral:7b,data_pmus_yaounde,q1_1_c,Agent_189,nan
5,4,5,4,5,mistral:7b,data_pmus_yaounde,q1_2,Agent_189,UN QUARTIER DE LA VILLE DE YAOUNDE
4,4,4,4,4,mistral:7b,data_pmus_yaounde,q1_2_a,Agent_189,NKOLODOM
4,4,3,4,3,mistral:7b,data_pmus_yaounde,q1_2_b,Agent_189,10 IEME ARRET
1,1,1,1,3,mistral:7b,data_pmus_yaounde,q1_3_c,Agent_189,nan
3,3,4,4,3,mistral:7b,data_pmus_yaounde,q2_1,Agent_189,PAR BUS AGENCE INTERURBAIN
4,4,3,4,3,mistral:7b,data_pmus_yaounde,q2_2_1,Agent_189,NKOLODOM
4,4,3,4,3,mistral:7b,data_pmus_yaounde,q2_2_2,Agent_189,10 E ARRET
4,4,3,4,3,mistral:7b,data_pmus_yaounde,q2_3_1,Agent_189,NKOLODOM
4,4,3,4,3,mistral:7b,data_pmus_yaounde,q2_3_2,Agent_189,0NANA
4,4,5,4,5,mistral:7b,data_pmus_yaounde,q2_3,Agent_189,NON
4,4,4,4,4,mistral:7b,data_pmus_yaounde,q2_4,Agent_189,PAR BUS AGENCE INTERURBAIN
4,4,4,4,4,mistral:7b,data_pmus_yaounde,q2_5_1,Agent_189,NKOLODOM
4,4,4,4,4,mistral:7b,data_pmus_yaounde,q2_5_2,Agent_189,0MPHINE
4,4,4,4,4,mistral:7b,data_pmus_yaounde,q2_6_1,Agent_189,ABATTOIR
4,4,4,4,4,mistral:7b,data_pmus_yaounde,q2_6_2,Agent_189,11EME ARRET
4,3,5,4,5,mistral:7b,data_pmus_yaounde,q3_1,Agent_189,NON
4,3,4,4,3,mistral:7b,data_pmus_yaounde,q3_2,Agent_189,PAR BUS AGENCE INTERURBAIN
4,4,4,4,4,mistral:7b,data_pmus_yaounde,q3_3_1,Agent_189,ACACIA
4,4,3,4,3,mistral:7b,data_pmus_yaounde,q3_3_2,Agent_189,10 IEME ARRET
1,1,1,1,3,mistral:7b,data_pmus_yaounde,q4_1_a,Agent_189,nan
4,3,3,4,4,mistral:7b,data_pmus_yaounde,q4_1_b,Agent_189,PLUS DE 20 MINUTES
4,4,2,4,2,mistral:7b,data_pmus_yaounde,q4_2_a,Agent_189,Veuillez indiquer depuis combien de temps vous attendez.
4,3,5,4,4,mistral:7b,data_pmus_yaounde,q4_2_b,Agent_189,MOINS DE 15 MIN
4,4,4,4,4,mistral:7b,data_pmus_yaounde,q4_3,Agent_189,120.0
4,3,4,4,4,mistral:7b,data_pmus_yaounde,q4_4,Agent_189,TRAVAIL
3,3,4,4,4,mistral:7b,data_pmus_yaounde,q4_4_autres,Agent_189,COMMERCE
5,3,5,4,5,mistral:7b,data_pmus_yaounde,q5_1,Agent_189,ENTRE 26 ET 35 ANS
5,3,4,4,5,mistral:7b,data_pmus_yaounde,q5_2,Agent_189,ENTRE 30 001 ET 100 000
5,4,5,4,5,mistral:7b,data_pmus_yaounde,q5_3,Agent_189,HOMME
4,4,4,4,4,mistral:7b,data_pmus_yaounde,centre ville,Agent_190,YAOUNDE
5,4,5,4,5,mistral:7b,data_pmus_yaounde,q1_1,Agent_190,UN QUARTIER DE LA VILLE DE YAOUNDE
4,4,4,4,4,mistral:7b,data_pmus_yaounde,q1_1_a,Agent_190,ABIT
1,1,1,1,3,mistral:7b,data_pmus_yaounde,q1_1_b,Agent_190,nan
4,4,4,4,4,mistral:7b,data_pmus_yaounde,q1_1_c,Agent_190,AFANOYA
5,4,5,4,5,mistral:7b,data_pmus_yaounde,q1_2,Agent_190,UN QUARTIER DE LA VILLE DE YAOUNDE
4,4,4,4,4,mistral:7b,data_pmus_yaounde,q1_2_a,Agent_190,NKOMO
4,4,3,4,3,mistral:7b,data_pmus_yaounde,q1_2_b,Agent_190,NKOMO
4,4,4,4,4,mistral:7b,data_pmus_yaounde,q1_3_c,Agent_190,NKOMO
3,3,4,4,3,mistral:7b,data_pmus_yaounde,q2_1,Agent_190,PAR BUS AGENCE INTERURBAIN
4,4,3,4,3,mistral:7b,data_pmus_yaounde,q2_2_1,Agent_190,DISPENSAIRE
4,4,3,4,3,mistral:7b,data_pmus_yaounde,q2_2_2,Agent_190,DISPENSAIRE
4,4,3,4,3,mistral:7b,data_pmus_yaounde,q2_3_1,Agent_190,DISPENSAIRE
4,4,3,4,3,mistral:7b,data_pmus_yaounde,q2_3_2,Agent_190,DISPENSAIRE
4,4,5,4,5,mistral:7b,data_pmus_yaounde,q2_3,Agent_190,NON
4,4,4,4,4,mistral:7b,data_pmus_yaounde,q2_4,Agent_190,PAR BUS AGENCE INTERURBAIN
4,4,4,4,4,mistral:7b,data_pmus_yaounde,q2_5_1,Agent_190,NKOMO
4,4,4,4,4,mistral:7b,data_pmus_yaounde,q2_5_2,Agent_190,0MPHINE
4,4,4,4,4,mistral:7b,data_pmus_yaounde,q2_6_1,Agent_190,NKOMO
4,4,4,4,4,mistral:7b,data_pmus_yaounde,q2_6_2,Agent_190,11EME ARRET
4,3,5,4,5,mistral:7b,data_pmus_yaounde,q3_1,Agent_190,NON
4,3,4,4,3,mistral:7b,data_pmus_yaounde,q3_2,Agent_190,PAR BUS AGENCE INTERURBAIN
4,4,4,4,4,mistral:7b,data_pmus_yaounde,q3_3_1,Agent_190,ACACIA
4,4,3,4,3,mistral:7b,data_pmus_yaounde,q3_3_2,Agent_190,NKOMO
4,4,2,4,2,mistral:7b,data_pmus_yaounde,q4_1_a,Agent_190,Veuillez indiquer depuis combien de temps vous attendez.
4,3,3,4,4,mistral:7b,data_pmus_yaounde,q4_1_b,Agent_190,PLUS DE 20 MINUTES
4,4,2,4,2,mistral:7b,data_pmus_yaounde,q4_2_a,Agent_190,Veuillez indiquer depuis combien de temps vous attendez.
4,3,5,4,4,mistral:7b,data_pmus_yaounde,q4_2_b,Agent_190,30 60 MIN
4,4,4,4,4,mistral:7b,data_pmus_yaounde,q4_3,Agent_190,950.0
4,3,4,4,4,mistral:7b,data_pmus_yaounde,q4_4,Agent_190,TRAVAIL
3,3,4,4,4,mistral:7b,data_pmus_yaounde,q4_4_autres,Agent_190,ACHAT
5,3,5,4,5,mistral:7b,data_pmus_yaounde,q5_1,Agent_190,ENTRE 36 ET 45 ANS
5,3,4,4,5,mistral:7b,data_pmus_yaounde,q5_2,Agent_190,ENTRE 30 001 ET 100 000
5,4,5,4,5,mistral:7b,data_pmus_yaounde,q5_3,Agent_190,FEMME
4,4,4,4,4,mistral:7b,data_pmus_yaounde,centre ville,Agent_191,YAOUNDE
5,4,5,4,5,mistral:7b,data_pmus_yaounde,q1_1,Agent_191,UN QUARTIER DE LA VILLE DE YAOUNDE
4,4,4,4,4,mistral:7b,data_pmus_yaounde,q1_1_a,Agent_191,ABIT
4,4,3,4,3,mistral:7b,data_pmus_yaounde,q1_1_b,Agent_191,MONTEE HOTEL LE LUX
4,4,4,4,4,mistral:7b,data_pmus_yaounde,q1_1_c,Agent_191,AFANOYA
5,4,5,4,5,mistral:7b,data_pmus_yaounde,q1_2,Agent_191,UN QUARTIER DE LA VILLE DE YAOUNDE
4,4,4,4,4,mistral:7b,data_pmus_yaounde,q1_2_a,Agent_191,JOUVENCE
4,4,3,4,3,mistral:7b,data_pmus_yaounde,q1_2_b,Agent_191,10 IEME ARRET
4,4,4,4,4,mistral:7b,data_pmus_yaounde,q1_3_c,Agent_191,AFANOYA
3,3,4,4,3,mistral:7b,data_pmus_yaounde,q2_1,Agent_191,A PIED
4,4,3,4,3,mistral:7b,data_pmus_yaounde,q2_2_1,Agent_191,2 CHEVEAU
4,4,3,4,3,mistral:7b,data_pmus_yaounde,q2_2_2,Agent_191,10 E ARRET
4,4,3,4,3,mistral:7b,data_pmus_yaounde,q2_3_1,Agent_191,0LESOA
4,4,3,4,3,mistral:7b,data_pmus_yaounde,q2_3_2,Agent_191,LA MONTEE
4,4,5,4,5,mistral:7b,data_pmus_yaounde,q2_3,Agent_191,NON
4,4,4,4,4,mistral:7b,data_pmus_yaounde,q2_4,Agent_191,A PIED
4,4,4,4,4,mistral:7b,data_pmus_yaounde,q2_5_1,Agent_191,A B0NAS
4,4,4,4,4,mistral:7b,data_pmus_yaounde,q2_5_2,Agent_191,0MPHINE
4,4,4,4,4,mistral:7b,data_pmus_yaounde,q2_6_1,Agent_191,ABATTOIR
4,4,4,4,4,mistral:7b,data_pmus_yaounde,q2_6_2,Agent_191,MARCHE
4,3,5,4,5,mistral:7b,data_pmus_yaounde,q3_1,Agent_191,NON
4,3,4,4,3,mistral:7b,data_pmus_yaounde,q3_2,Agent_191,A PIED
4,4,4,4,4,mistral:7b,data_pmus_yaounde,q3_3_1,Agent_191,JOUVENCE
4,4,3,4,3,mistral:7b,data_pmus_yaounde,q3_3_2,Agent_191,JOUVENCE
1,1,1,1,3,mistral:7b,data_pmus_yaounde,q4_1_a,Agent_191,nan
4,3,3,4,4,mistral:7b,data_pmus_yaounde,q4_1_b,Agent_191,MOINS DE 5 MIN
4,4,2,4,2,mistral:7b,data_pmus_yaounde,q4_2_a,Agent_191,Veuillez indiquer depuis combien de temps vous attendez.
4,3,5,4,4,mistral:7b,data_pmus_yaounde,q4_2_b,Agent_191,MOINS DE 15 MIN
4,4,4,4,4,mistral:7b,data_pmus_yaounde,q4_3,Agent_191,200.0
4,3,4,4,4,mistral:7b,data_pmus_yaounde,q4_4,Agent_191,ACTIVIT S DE LOISIRS
3,3,4,4,4,mistral:7b,data_pmus_yaounde,q4_4_autres,Agent_191,BALADE
5,3,5,4,5,mistral:7b,data_pmus_yaounde,q5_1,Agent_191,ENTRE 18 ET 25 ANS
5,3,4,4,5,mistral:7b,data_pmus_yaounde,q5_2,Agent_191,ENTRE 30 001 ET 100 000
5,4,5,4,5,mistral:7b,data_pmus_yaounde,q5_3,Agent_191,FEMME
4,4,4,4,4,mistral:7b,data_pmus_yaounde,centre ville,Agent_192,YAOUNDE
5,4,5,4,5,mistral:7b,data_pmus_yaounde,q1_1,Agent_192,UN QUARTIER DE LA VILLE DE YAOUNDE
4,4,4,4,4,mistral:7b,data_pmus_yaounde,q1_1_a,Agent_192,ELOUMDEM
4,4,3,4,3,mistral:7b,data_pmus_yaounde,q1_1_b,Agent_192,MVOG MBI
4,4,4,4,4,mistral:7b,data_pmus_yaounde,q1_1_c,Agent_192,MBANKOMO
5,4,5,4,5,mistral:7b,data_pmus_yaounde,q1_2,Agent_192,UN QUARTIER DE LA VILLE DE YAOUNDE
4,4,4,4,4,mistral:7b,data_pmus_yaounde,q1_2_a,Agent_192,MVOG MBI
4,4,3,4,3,mistral:7b,data_pmus_yaounde,q1_2_b,Agent_192,MVOG MBI
4,4,4,4,4,mistral:7b,data_pmus_yaounde,q1_3_c,Agent_192,MBANKOMO
3,3,4,4,3,mistral:7b,data_pmus_yaounde,q2_1,Agent_192,A PIED
4,4,3,4,3,mistral:7b,data_pmus_yaounde,q2_2_1,Agent_192,MVOG MBI
4,4,3,4,3,mistral:7b,data_pmus_yaounde,q2_2_2,Agent_192,MVOG MBI
4,4,3,4,3,mistral:7b,data_pmus_yaounde,q2_3_1,Agent_192,MVOG MBI
4,4,3,4,3,mistral:7b,data_pmus_yaounde,q2_3_2,Agent_192,MVOG MBI
4,4,5,4,5,mistral:7b,data_pmus_yaounde,q2_3,Agent_192,NON
4,4,4,4,4,mistral:7b,data_pmus_yaounde,q2_4,Agent_192,A PIED
4,4,4,4,4,mistral:7b,data_pmus_yaounde,q2_5_1,Agent_192,MVOG MBI
4,4,4,4,4,mistral:7b,data_pmus_yaounde,q2_5_2,Agent_192,0MPHINE
4,4,4,4,4,mistral:7b,data_pmus_yaounde,q2_6_1,Agent_192,MVOG MBI
4,4,4,4,4,mistral:7b,data_pmus_yaounde,q2_6_2,Agent_192,11EME ARRET
4,3,5,4,5,mistral:7b,data_pmus_yaounde,q3_1,Agent_192,NON
4,3,4,4,3,mistral:7b,data_pmus_yaounde,q3_2,Agent_192,A PIED
4,4,4,4,4,mistral:7b,data_pmus_yaounde,q3_3_1,Agent_192,MVOG MBI
4,4,3,4,3,mistral:7b,data_pmus_yaounde,q3_3_2,Agent_192,10 IEME ARRET
1,1,1,1,3,mistral:7b,data_pmus_yaounde,q4_1_a,Agent_192,nan
4,3,3,4,4,mistral:7b,data_pmus_yaounde,q4_1_b,Agent_192,PLUS DE 20 MINUTES
4,4,2,4,2,mistral:7b,data_pmus_yaounde,q4_2_a,Agent_192,Veuillez indiquer depuis combien de temps vous attendez.
4,3,5,4,4,mistral:7b,data_pmus_yaounde,q4_2_b,Agent_192,30 60 MIN
4,4,4,4,4,mistral:7b,data_pmus_yaounde,q4_3,Agent_192,6000.0
4,3,4,4,4,mistral:7b,data_pmus_yaounde,q4_4,Agent_192,COURSES
3,3,4,4,4,mistral:7b,data_pmus_yaounde,q4_4_autres,Agent_192,FAIRE DU MARCHE
5,3,5,4,5,mistral:7b,data_pmus_yaounde,q5_1,Agent_192,ENTRE 18 ET 25 ANS
5,3,4,4,5,mistral:7b,data_pmus_yaounde,q5_2,Agent_192,ENTRE 30 001 ET 100 000
5,4,5,4,5,mistral:7b,data_pmus_yaounde,q5_3,Agent_192,FEMME
4,4,4,4,4,mistral:7b,data_pmus_yaounde,centre ville,Agent_193,YAOUNDE
5,4,5,4,5,mistral:7b,data_pmus_yaounde,q1_1,Agent_193,UN QUARTIER DE LA VILLE DE YAOUNDE
4,4,4,4,4,mistral:7b,data_pmus_yaounde,q1_1_a,Agent_193,NKOLMESSENG
4,4,3,4,3,mistral:7b,data_pmus_yaounde,q1_1_b,Agent_193,10EME ARRET
4,4,4,4,4,mistral:7b,data_pmus_yaounde,q1_1_c,Agent_193,AFANOYA
5,4,5,4,5,mistral:7b,data_pmus_yaounde,q1_2,Agent_193,UN QUARTIER DE LA VILLE DE YAOUNDE
4,4,4,4,4,mistral:7b,data_pmus_yaounde,q1_2_a,Agent_193,NKOLMESSENG
4,4,3,4,3,mistral:7b,data_pmus_yaounde,q1_2_b,Agent_193,10 IEME ARRET
4,4,4,4,4,mistral:7b,data_pmus_yaounde,q1_3_c,Agent_193,AFANOYA
3,3,4,4,3,mistral:7b,data_pmus_yaounde,q2_1,Agent_193,A PIED
4,4,3,4,3,mistral:7b,data_pmus_yaounde,q2_2_1,Agent_193,2 CHEVEAU
4,4,3,4,3,mistral:7b,data_pmus_yaounde,q2_2_2,Agent_193,10 E ARRET
4,4,3,4,3,mistral:7b,data_pmus_yaounde,q2_3_1,Agent_193,NKOLMESSENG
4,4,3,4,3,mistral:7b,data_pmus_yaounde,q2_3_2,Agent_193,0NANA
4,4,5,4,5,mistral:7b,data_pmus_yaounde,q2_3,Agent_193,NON
4,4,4,4,4,mistral:7b,data_pmus_yaounde,q2_4,Agent_193,A PIED
4,4,4,4,4,mistral:7b,data_pmus_yaounde,q2_5_1,Agent_193,NKOLMESSENG
4,4,4,4,4,mistral:7b,data_pmus_yaounde,q2_5_2,Agent_193,0MPHINE
4,4,4,4,4,mistral:7b,data_pmus_yaounde,q2_6_1,Agent_193,ABATTOIR
4,4,4,4,4,mistral:7b,data_pmus_yaounde,q2_6_2,Agent_193,11EME ARRET
4,3,5,4,5,mistral:7b,data_pmus_yaounde,q3_1,Agent_193,NON
4,3,4,4,3,mistral:7b,data_pmus_yaounde,q3_2,Agent_193,A PIED
4,4,4,4,4,mistral:7b,data_pmus_yaounde,q3_3_1,Agent_193,NKOLMESSENG
4,4,3,4,3,mistral:7b,data_pmus_yaounde,q3_3_2,Agent_193,10 IEME ARRET
1,1,1,1,3,mistral:7b,data_pmus_yaounde,q4_1_a,Agent_193,nan
4,3,3,4,4,mistral:7b,data_pmus_yaounde,q4_1_b,Agent_193,PLUS DE 20 MINUTES
4,4,2,4,2,mistral:7b,data_pmus_yaounde,q4_2_a,Agent_193,Veuillez indiquer depuis combien de temps vous attendez.
4,3,5,4,4,mistral:7b,data_pmus_yaounde,q4_2_b,Agent_193,PLUS DE 1HEURE
1,1,1,1,3,mistral:7b,data_pmus_yaounde,q4_3,Agent_193,nan
4,3,4,4,4,mistral:7b,data_pmus_yaounde,q4_4,Agent_193,ACTIVIT S DE LOISIRS
3,3,4,4,4,mistral:7b,data_pmus_yaounde,q4_4_autres,Agent_193,SPORT ET VISITE AMICALE
5,3,5,4,5,mistral:7b,data_pmus_yaounde,q5_1,Agent_193,ENTRE 18 ET 25 ANS
5,3,4,4,5,mistral:7b,data_pmus_yaounde,q5_2,Agent_193,ENTRE 30 001 ET 100 000
5,4,5,4,5,mistral:7b,data_pmus_yaounde,q5_3,Agent_193,HOMME
4,4,4,4,4,mistral:7b,data_pmus_yaounde,centre ville,Agent_194,YAOUNDE
5,4,5,4,5,mistral:7b,data_pmus_yaounde,q1_1,Agent_194,UN QUARTIER DE LA VILLE DE YAOUNDE
4,4,4,4,4,mistral:7b,data_pmus_yaounde,q1_1_a,Agent_194,ABIT
4,4,3,4,3,mistral:7b,data_pmus_yaounde,q1_1_b,Agent_194,10EME ARRET
4,4,4,4,4,mistral:7b,data_pmus_yaounde,q1_1_c,Agent_194,AFANOYA
5,4,5,4,5,mistral:7b,data_pmus_yaounde,q1_2,Agent_194,UN QUARTIER DE LA VILLE DE YAOUNDE
4,4,4,4,4,mistral:7b,data_pmus_yaounde,q1_2_a,Agent_194,ABOM
4,4,3,4,3,mistral:7b,data_pmus_yaounde,q1_2_b,Agent_194,10 IEME ARRET
4,4,4,4,4,mistral:7b,data_pmus_yaounde,q1_3_c,Agent_194,AFANOYA
3,3,4,4,3,mistral:7b,data_pmus_yaounde,q2_1,Agent_194,PAR BUS AGENCE INTERURBAIN
4,4,3,4,3,mistral:7b,data_pmus_yaounde,q2_2_1,Agent_194,2 CHEVEAU
4,4,3,4,3,mistral:7b,data_pmus_yaounde,q2_2_2,Agent_194,10 E ARRET
4,4,3,4,3,mistral:7b,data_pmus_yaounde,q2_3_1,Agent_194,NKONDENGUI
4,4,3,4,3,mistral:7b,data_pmus_yaounde,q2_3_2,Agent_194,NKONDENGUI
4,4,5,4,5,mistral:7b,data_pmus_yaounde,q2_3,Agent_194,NON
4,4,4,4,4,mistral:7b,data_pmus_yaounde,q2_4,Agent_194,PAR BUS AGENCE INTERURBAIN
4,4,4,4,4,mistral:7b,data_pmus_yaounde,q2_5_1,Agent_194,CARREFOUR BASTOS
4,4,4,4,4,mistral:7b,data_pmus_yaounde,q2_5_2,Agent_194,0MPHINE
4,4,4,4,4,mistral:7b,data_pmus_yaounde,q2_6_1,Agent_194,ABATTOIR
4,4,4,4,4,mistral:7b,data_pmus_yaounde,q2_6_2,Agent_194,ANBASSADE D ITALIE
4,3,5,4,5,mistral:7b,data_pmus_yaounde,q3_1,Agent_194,NON
4,3,4,4,3,mistral:7b,data_pmus_yaounde,q3_2,Agent_194,PAR BUS AGENCE INTERURBAIN
4,4,4,4,4,mistral:7b,data_pmus_yaounde,q3_3_1,Agent_194,ACACIA
4,4,3,4,3,mistral:7b,data_pmus_yaounde,q3_3_2,Agent_194,10 IEME ARRET
4,4,2,4,2,mistral:7b,data_pmus_yaounde,q4_1_a,Agent_194,Veuillez indiquer depuis combien de temps vous attendez.
4,3,3,4,4,mistral:7b,data_pmus_yaounde,q4_1_b,Agent_194,PLUS DE 20 MINUTES
4,4,2,4,2,mistral:7b,data_pmus_yaounde,q4_2_a,Agent_194,Veuillez indiquer depuis combien de temps vous attendez.
4,3,5,4,4,mistral:7b,data_pmus_yaounde,q4_2_b,Agent_194,15 30 MIN
4,4,4,4,4,mistral:7b,data_pmus_yaounde,q4_3,Agent_194,400.0
4,3,4,4,4,mistral:7b,data_pmus_yaounde,q4_4,Agent_194,TRAVAIL
3,3,4,4,4,mistral:7b,data_pmus_yaounde,q4_4_autres,Agent_194,ACHAT
5,3,5,4,5,mistral:7b,data_pmus_yaounde,q5_1,Agent_194,ENTRE 26 ET 35 ANS
5,3,4,4,5,mistral:7b,data_pmus_yaounde,q5_2,Agent_194,ENTRE 300 001 ET 500 000
5,4,5,4,5,mistral:7b,data_pmus_yaounde,q5_3,Agent_194,HOMME
4,4,4,4,4,mistral:7b,data_pmus_yaounde,centre ville,Agent_195,YAOUNDE
5,4,5,4,5,mistral:7b,data_pmus_yaounde,q1_1,Agent_195,UN QUARTIER DE LA VILLE DE YAOUNDE
4,4,4,4,4,mistral:7b,data_pmus_yaounde,q1_1_a,Agent_195,MESSASSI
4,4,3,4,3,mistral:7b,data_pmus_yaounde,q1_1_b,Agent_195,10EME ARRET
1,1,1,1,3,mistral:7b,data_pmus_yaounde,q1_1_c,Agent_195,nan
5,4,5,4,5,mistral:7b,data_pmus_yaounde,q1_2,Agent_195,UN QUARTIER DE LA VILLE DE YAOUNDE
4,4,4,4,4,mistral:7b,data_pmus_yaounde,q1_2_a,Agent_195,COMMISSARIATT CENTRALE
4,4,3,4,3,mistral:7b,data_pmus_yaounde,q1_2_b,Agent_195,COMMISSARIATT CENTRALE
1,1,1,1,3,mistral:7b,data_pmus_yaounde,q1_3_c,Agent_195,nan
3,3,4,4,3,mistral:7b,data_pmus_yaounde,q2_1,Agent_195,PAR CARGO MINI BUS
4,4,3,4,3,mistral:7b,data_pmus_yaounde,q2_2_1,Agent_195,2 CHEVEAU
4,4,3,4,3,mistral:7b,data_pmus_yaounde,q2_2_2,Agent_195,ODZA COMMISSARIAT
4,4,3,4,3,mistral:7b,data_pmus_yaounde,q2_3_1,Agent_195,COMMISSARIAT ODOA
4,4,3,4,3,mistral:7b,data_pmus_yaounde,q2_3_2,Agent_195,0NANA
4,4,5,4,5,mistral:7b,data_pmus_yaounde,q2_3,Agent_195,NON
4,4,4,4,4,mistral:7b,data_pmus_yaounde,q2_4,Agent_195,A PIED
4,4,4,4,4,mistral:7b,data_pmus_yaounde,q2_5_1,Agent_195,A B0NAS
4,4,4,4,4,mistral:7b,data_pmus_yaounde,q2_5_2,Agent_195,COMMISSARIAT
4,4,4,4,4,mistral:7b,data_pmus_yaounde,q2_6_1,Agent_195,ABATTOIR
4,4,4,4,4,mistral:7b,data_pmus_yaounde,q2_6_2,Agent_195,COMMISSARIAT
4,3,5,4,5,mistral:7b,data_pmus_yaounde,q3_1,Agent_195,NON
4,3,4,4,3,mistral:7b,data_pmus_yaounde,q3_2,Agent_195,PAR TAXI
4,4,4,4,4,mistral:7b,data_pmus_yaounde,q3_3_1,Agent_195,ACACIA
4,4,3,4,3,mistral:7b,data_pmus_yaounde,q3_3_2,Agent_195,10 IEME ARRET
4,4,2,4,2,mistral:7b,data_pmus_yaounde,q4_1_a,Agent_195,Veuillez indiquer depuis combien de temps vous attendez.
4,3,3,4,4,mistral:7b,data_pmus_yaounde,q4_1_b,Agent_195,PLUS DE 20 MINUTES
4,4,2,4,2,mistral:7b,data_pmus_yaounde,q4_2_a,Agent_195,Veuillez indiquer depuis combien de temps vous attendez.
4,3,5,4,4,mistral:7b,data_pmus_yaounde,q4_2_b,Agent_195,30 60 MIN
4,4,4,4,4,mistral:7b,data_pmus_yaounde,q4_3,Agent_195,3400.0
4,3,4,4,4,mistral:7b,data_pmus_yaounde,q4_4,Agent_195,TRAVAIL
3,3,4,4,4,mistral:7b,data_pmus_yaounde,q4_4_autres,Agent_195,ACHAT
5,3,5,4,5,mistral:7b,data_pmus_yaounde,q5_1,Agent_195,ENTRE 36 ET 45 ANS
5,3,4,4,5,mistral:7b,data_pmus_yaounde,q5_2,Agent_195,ENTRE 30 001 ET 100 000
5,4,5,4,5,mistral:7b,data_pmus_yaounde,q5_3,Agent_195,HOMME
4,4,4,4,4,mistral:7b,data_pmus_yaounde,centre ville,Agent_196,YAOUNDE
5,4,5,4,5,mistral:7b,data_pmus_yaounde,q1_1,Agent_196,UN QUARTIER DE LA VILLE DE YAOUNDE
4,4,4,4,4,mistral:7b,data_pmus_yaounde,q1_1_a,Agent_196,NGOUSSO
4,4,3,4,3,mistral:7b,data_pmus_yaounde,q1_1_b,Agent_196,NGOUSSO
4,4,4,4,4,mistral:7b,data_pmus_yaounde,q1_1_c,Agent_196,NGOUSSO
5,4,5,4,5,mistral:7b,data_pmus_yaounde,q1_2,Agent_196,UN QUARTIER DE LA VILLE DE YAOUNDE
4,4,4,4,4,mistral:7b,data_pmus_yaounde,q1_2_a,Agent_196,NGOUSSO
4,4,3,4,3,mistral:7b,data_pmus_yaounde,q1_2_b,Agent_196,NGOUSSO
4,4,4,4,4,mistral:7b,data_pmus_yaounde,q1_3_c,Agent_196,AFANOYA
3,3,4,4,3,mistral:7b,data_pmus_yaounde,q2_1,Agent_196,PAR BUS AGENCE INTERURBAIN
4,4,3,4,3,mistral:7b,data_pmus_yaounde,q2_2_1,Agent_196,NGOUSSO
4,4,3,4,3,mistral:7b,data_pmus_yaounde,q2_2_2,Agent_196,NGOUSSO
4,4,3,4,3,mistral:7b,data_pmus_yaounde,q2_3_1,Agent_196,NGOUSSO
4,4,3,4,3,mistral:7b,data_pmus_yaounde,q2_3_2,Agent_196,0NANA
4,4,5,4,5,mistral:7b,data_pmus_yaounde,q2_3,Agent_196,NON
4,4,4,4,4,mistral:7b,data_pmus_yaounde,q2_4,Agent_196,PAR BUS AGENCE INTERURBAIN
4,4,4,4,4,mistral:7b,data_pmus_yaounde,q2_5_1,Agent_196,NGOUSSO
4,4,4,4,4,mistral:7b,data_pmus_yaounde,q2_5_2,Agent_196,NGOUSSO
4,4,4,4,4,mistral:7b,data_pmus_yaounde,q2_6_1,Agent_196,NGOUSSO
4,4,4,4,4,mistral:7b,data_pmus_yaounde,q2_6_2,Agent_196,11EME ARRET
4,3,5,4,5,mistral:7b,data_pmus_yaounde,q3_1,Agent_196,NON
4,3,4,4,3,mistral:7b,data_pmus_yaounde,q3_2,Agent_196,PAR BUS AGENCE INTERURBAIN
4,4,4,4,4,mistral:7b,data_pmus_yaounde,q3_3_1,Agent_196,NGOUSSO
4,4,3,4,3,mistral:7b,data_pmus_yaounde,q3_3_2,Agent_196,10 IEME ARRET
1,1,1,1,3,mistral:7b,data_pmus_yaounde,q4_1_a,Agent_196,nan
4,3,3,4,4,mistral:7b,data_pmus_yaounde,q4_1_b,Agent_196,PLUS DE 20 MINUTES
4,4,2,4,2,mistral:7b,data_pmus_yaounde,q4_2_a,Agent_196,Veuillez indiquer depuis combien de temps vous attendez.
4,3,5,4,4,mistral:7b,data_pmus_yaounde,q4_2_b,Agent_196,15 30 MIN
4,4,4,4,4,mistral:7b,data_pmus_yaounde,q4_3,Agent_196,14000.0
4,3,4,4,4,mistral:7b,data_pmus_yaounde,q4_4,Agent_196,TRAVAIL
3,3,4,4,4,mistral:7b,data_pmus_yaounde,q4_4_autres,Agent_196,ETUDES
5,3,5,4,5,mistral:7b,data_pmus_yaounde,q5_1,Agent_196,ENTRE 18 ET 25 ANS
5,3,4,4,5,mistral:7b,data_pmus_yaounde,q5_2,Agent_196,MOINS DE 30 000
5,4,5,4,5,mistral:7b,data_pmus_yaounde,q5_3,Agent_196,FEMME
4,4,4,4,4,mistral:7b,data_pmus_yaounde,centre ville,Agent_197,YAOUNDE
5,4,5,4,5,mistral:7b,data_pmus_yaounde,q1_1,Agent_197,UN QUARTIER DE LA VILLE DE YAOUNDE
4,4,4,4,4,mistral:7b,data_pmus_yaounde,q1_1_a,Agent_197,SANTA BARBARA
1,1,1,1,3,mistral:7b,data_pmus_yaounde,q1_1_b,Agent_197,nan
1,1,1,1,3,mistral:7b,data_pmus_yaounde,q1_1_c,Agent_197,nan
5,4,5,4,5,mistral:7b,data_pmus_yaounde,q1_2,Agent_197,UN QUARTIER DE LA VILLE DE YAOUNDE
4,4,4,4,4,mistral:7b,data_pmus_yaounde,q1_2_a,Agent_197,SANTA BARBARA
4,4,3,4,3,mistral:7b,data_pmus_yaounde,q1_2_b,Agent_197,SANTA BARBARA
1,1,1,1,3,mistral:7b,data_pmus_yaounde,q1_3_c,Agent_197,nan
3,3,4,4,3,mistral:7b,data_pmus_yaounde,q2_1,Agent_197,A PIED
4,4,3,4,3,mistral:7b,data_pmus_yaounde,q2_2_1,Agent_197,SANTA BARBARA
1,1,1,1,3,mistral:7b,data_pmus_yaounde,q2_2_2,Agent_197,nan
4,4,3,4,3,mistral:7b,data_pmus_yaounde,q2_3_1,Agent_197,0LESOA
4,4,3,4,3,mistral:7b,data_pmus_yaounde,q2_3_2,Agent_197,CARREFOUR
4,4,5,4,5,mistral:7b,data_pmus_yaounde,q2_3,Agent_197,NON
4,4,4,4,4,mistral:7b,data_pmus_yaounde,q2_4,Agent_197,A PIED
4,4,4,4,4,mistral:7b,data_pmus_yaounde,q2_5_1,Agent_197,A B0NAS
4,4,4,4,4,mistral:7b,data_pmus_yaounde,q2_5_2,Agent_197,CARREFOUR
4,4,4,4,4,mistral:7b,data_pmus_yaounde,q2_6_1,Agent_197,CARREFOUR
4,4,4,4,4,mistral:7b,data_pmus_yaounde,q2_6_2,Agent_197,CARREFOUR
4,3,5,4,5,mistral:7b,data_pmus_yaounde,q3_1,Agent_197,NON
4,3,4,4,3,mistral:7b,data_pmus_yaounde,q3_2,Agent_197,A PIED
4,4,4,4,4,mistral:7b,data_pmus_yaounde,q3_3_1,Agent_197,ACACIA
4,4,3,4,3,mistral:7b,data_pmus_yaounde,q3_3_2,Agent_197,CARREFOUR
1,1,1,1,3,mistral:7b,data_pmus_yaounde,q4_1_a,Agent_197,nan
1,1,1,1,3,mistral:7b,data_pmus_yaounde,q4_1_b,Agent_197,nan
1,1,1,1,3,mistral:7b,data_pmus_yaounde,q4_2_a,Agent_197,nan
4,3,5,4,4,mistral:7b,data_pmus_yaounde,q4_2_b,Agent_197,30 60 MIN
4,4,4,4,4,mistral:7b,data_pmus_yaounde,q4_3,Agent_197,3200.0
4,3,4,4,4,mistral:7b,data_pmus_yaounde,q4_4,Agent_197,COURSES
3,3,4,4,4,mistral:7b,data_pmus_yaounde,q4_4_autres,Agent_197,FAIRE DES ACHATS
5,3,5,4,5,mistral:7b,data_pmus_yaounde,q5_1,Agent_197,ENTRE 18 ET 25 ANS
5,3,4,4,5,mistral:7b,data_pmus_yaounde,q5_2,Agent_197,ENTRE 30 001 ET 100 000
5,4,5,4,5,mistral:7b,data_pmus_yaounde,q5_3,Agent_197,FEMME
4,4,4,4,4,mistral:7b,data_pmus_yaounde,centre ville,Agent_198,YAOUNDE
5,4,5,4,5,mistral:7b,data_pmus_yaounde,q1_1,Agent_198,UN QUARTIER DE LA VILLE DE YAOUNDE
4,4,4,4,4,mistral:7b,data_pmus_yaounde,q1_1_a,Agent_198,NKOL NDA
4,4,3,4,3,mistral:7b,data_pmus_yaounde,q1_1_b,Agent_198,10EME ARRET
4,4,4,4,4,mistral:7b,data_pmus_yaounde,q1_1_c,Agent_198,AFANOYA
5,4,5,4,5,mistral:7b,data_pmus_yaounde,q1_2,Agent_198,UN QUARTIER DE LA VILLE DE YAOUNDE
4,4,4,4,4,mistral:7b,data_pmus_yaounde,q1_2_a,Agent_198,NKOLMESSENG
4,4,3,4,3,mistral:7b,data_pmus_yaounde,q1_2_b,Agent_198,NKOLMESSENG
4,4,4,4,4,mistral:7b,data_pmus_yaounde,q1_3_c,Agent_198,NKOL NDA
3,3,4,4,3,mistral:7b,data_pmus_yaounde,q2_1,Agent_198,PAR BUS AGENCE INTERURBAIN
4,4,3,4,3,mistral:7b,data_pmus_yaounde,q2_2_1,Agent_198,NKOLMESSENG
4,4,3,4,3,mistral:7b,data_pmus_yaounde,q2_2_2,Agent_198,NKOLMESSENG
4,4,3,4,3,mistral:7b,data_pmus_yaounde,q2_3_1,Agent_198,NKOLMESSENG
4,4,3,4,3,mistral:7b,data_pmus_yaounde,q2_3_2,Agent_198,0NANA
4,4,5,4,5,mistral:7b,data_pmus_yaounde,q2_3,Agent_198,NON
4,4,4,4,4,mistral:7b,data_pmus_yaounde,q2_4,Agent_198,PAR BUS AGENCE INTERURBAIN
4,4,4,4,4,mistral:7b,data_pmus_yaounde,q2_5_1,Agent_198,NKOLMESSENG
4,4,4,4,4,mistral:7b,data_pmus_yaounde,q2_5_2,Agent_198,0MPHINE
4,4,4,4,4,mistral:7b,data_pmus_yaounde,q2_6_1,Agent_198,ABATTOIR
4,4,4,4,4,mistral:7b,data_pmus_yaounde,q2_6_2,Agent_198,11EME ARRET
4,3,5,4,5,mistral:7b,data_pmus_yaounde,q3_1,Agent_198,NON
4,3,4,4,3,mistral:7b,data_pmus_yaounde,q3_2,Agent_198,PAR BUS AGENCE INTERURBAIN
4,4,4,4,4,mistral:7b,data_pmus_yaounde,q3_3_1,Agent_198,NKOLMESSENG
4,4,3,4,3,mistral:7b,data_pmus_yaounde,q3_3_2,Agent_198,10 IEME ARRET
4,4,2,4,2,mistral:7b,data_pmus_yaounde,q4_1_a,Agent_198,Veuillez indiquer depuis combien de temps vous attendez.
4,3,3,4,4,mistral:7b,data_pmus_yaounde,q4_1_b,Agent_198,PLUS DE 20 MINUTES
4,4,2,4,2,mistral:7b,data_pmus_yaounde,q4_2_a,Agent_198,Veuillez indiquer depuis combien de temps vous attendez.
4,3,5,4,4,mistral:7b,data_pmus_yaounde,q4_2_b,Agent_198,15 30 MIN
4,4,4,4,4,mistral:7b,data_pmus_yaounde,q4_3,Agent_198,1500.0
4,3,4,4,4,mistral:7b,data_pmus_yaounde,q4_4,Agent_198,TRAVAIL
3,3,4,4,4,mistral:7b,data_pmus_yaounde,q4_4_autres,Agent_198,ACHAT
5,3,5,4,5,mistral:7b,data_pmus_yaounde,q5_1,Agent_198,ENTRE 26 ET 35 ANS
5,3,4,4,5,mistral:7b,data_pmus_yaounde,q5_2,Agent_198,ENTRE 30 001 ET 100 000
5,4,5,4,5,mistral:7b,data_pmus_yaounde,q5_3,Agent_198,HOMME
4,4,4,4,4,mistral:7b,data_pmus_yaounde,centre ville,Agent_199,YAOUNDE
5,4,5,4,5,mistral:7b,data_pmus_yaounde,q1_1,Agent_199,UN QUARTIER DE LA VILLE DE YAOUNDE
4,4,4,4,4,mistral:7b,data_pmus_yaounde,q1_1_a,Agent_199,JOUVENCE
4,4,3,4,3,mistral:7b,data_pmus_yaounde,q1_1_b,Agent_199,STATION CAMOCO
4,4,4,4,4,mistral:7b,data_pmus_yaounde,q1_1_c,Agent_199,AFANOYA
5,4,5,4,5,mistral:7b,data_pmus_yaounde,q1_2,Agent_199,UN QUARTIER DE LA VILLE DE YAOUNDE
4,4,4,4,4,mistral:7b,data_pmus_yaounde,q1_2_a,Agent_199,JOUVENCE
4,4,3,4,3,mistral:7b,data_pmus_yaounde,q1_2_b,Agent_199,NKOLBISSON
4,4,4,4,4,mistral:7b,data_pmus_yaounde,q1_3_c,Agent_199,AFANOYA
3,3,4,4,3,mistral:7b,data_pmus_yaounde,q2_1,Agent_199,PAR BUS AGENCE INTERURBAIN
4,4,3,4,3,mistral:7b,data_pmus_yaounde,q2_2_1,Agent_199,NKOLBISSON
4,4,3,4,3,mistral:7b,data_pmus_yaounde,q2_2_2,Agent_199,NKOLBISSON
4,4,3,4,3,mistral:7b,data_pmus_yaounde,q2_3_1,Agent_199,NKOLBISSON
4,4,3,4,3,mistral:7b,data_pmus_yaounde,q2_3_2,Agent_199,NKOLBISSON
4,4,5,4,5,mistral:7b,data_pmus_yaounde,q2_3,Agent_199,NON
4,4,4,4,4,mistral:7b,data_pmus_yaounde,q2_4,Agent_199,PAR BUS AGENCE INTERURBAIN
4,4,4,4,4,mistral:7b,data_pmus_yaounde,q2_5_1,Agent_199,NKOLBISSON
4,4,4,4,4,mistral:7b,data_pmus_yaounde,q2_5_2,Agent_199,STATION
4,4,4,4,4,mistral:7b,data_pmus_yaounde,q2_6_1,Agent_199,NKOLBISSON
4,4,4,4,4,mistral:7b,data_pmus_yaounde,q2_6_2,Agent_199,STATION
4,3,5,4,5,mistral:7b,data_pmus_yaounde,q3_1,Agent_199,NON
4,3,4,4,3,mistral:7b,data_pmus_yaounde,q3_2,Agent_199,PAR BUS STACY
4,4,4,4,4,mistral:7b,data_pmus_yaounde,q3_3_1,Agent_199,ACACIA
4,4,3,4,3,mistral:7b,data_pmus_yaounde,q3_3_2,Agent_199,10 IEME ARRET
1,1,1,1,3,mistral:7b,data_pmus_yaounde,q4_1_a,Agent_199,nan
4,3,3,4,4,mistral:7b,data_pmus_yaounde,q4_1_b,Agent_199,PLUS DE 20 MINUTES
4,4,2,4,2,mistral:7b,data_pmus_yaounde,q4_2_a,Agent_199,Veuillez indiquer depuis combien de temps vous attendez.
4,3,5,4,4,mistral:7b,data_pmus_yaounde,q4_2_b,Agent_199,30 60 MIN
4,4,4,4,4,mistral:7b,data_pmus_yaounde,q4_3,Agent_199,400.0
4,3,4,4,4,mistral:7b,data_pmus_yaounde,q4_4,Agent_199,VISITE FAMILLE
3,3,4,4,4,mistral:7b,data_pmus_yaounde,q4_4_autres,Agent_199,ACHAT
5,3,5,4,5,mistral:7b,data_pmus_yaounde,q5_1,Agent_199,ENTRE 18 ET 25 ANS
5,3,4,4,5,mistral:7b,data_pmus_yaounde,q5_2,Agent_199,ENTRE 300 001 ET 500 000
5,4,5,4,5,mistral:7b,data_pmus_yaounde,q5_3,Agent_199,FEMME
