genre,genre_autre,age,diplome,diplome_autre,situation_professionnelle,csp,compo_menage,compo_menage_autre,nb_pers_menage,nb_enfants_menage,nb_enfants_menage_14,date_der_dep_vtc,der_dep_vtc_agglo_res_on,agglo_der_dep,agglo_der_dep_autre,app_der_dep_vtc_on,app_der_dep_vtc,app_der_dep_vtc_autre,prix_estime_trajet_vtc_20min,avis_prix_estime_trajet_vtc_20min,prix_estime_trajet_taxi_20min,avis_prix_estime_trajet_taxi_20min,nb_voitures,nb_voitures_hybride_ou_elec,nb_2rm,nb_velo_meca,nb_velo_elec,nb_trot_meca,nb_trot_elec,permis_conduire_1,permis_conduire_2,temps_marche_bus,temps_marche_tram,temps_marche_metro,temps_marche_gare,abo_tc,velo_trott_lld,vtc_dispo,taxi_dispo,freq_marche,freq_vp_cond,freq_vp_passager,freq_voit_loc,freq_drm_perso,freq_drm_partage,freq_velo_perso,freq_velo_partage,freq_trott_partage,freq_tc,freq_taxi,freq_vtc,freq_maas,motif_der_dep_vtc,motif_der_dep_vtc_autre,prix_der_dep_vtc,duree_der_dep_vtc,quels_modes_de_transport_avez-vous_utili1,quels_modes_de_transport_avez-vous_utili2,quels_modes_de_transport_avez-vous_utili3,quels_modes_de_transport_avez-vous_autre,renoncement_der_dep_vtc,report_modal_der_dep_vtc,report_modal_der_dep_vtc_autre,raison_vtc_der_dep_vtc1,raison_vtc_der_dep_vtc2,raison_vtc_der_dep_vtc3,raison_vtc_der_dep_vtc_autre,raison_non_usage_vtc1,raison_non_usage_vtc2,raison_non_usage_vtc3,raison_non_usage_vtc_autre,raison_non_usage_vtc_depuis_der_dep1,raison_non_usage_vtc_depuis_der_dep2,raison_non_usage_vtc_depuis_der_dep3,raison_non_usage_vtc_depuis_der_de_autre,mauvaise_exp1,mauvaise_exp2,mauvaise_exp3,mauvaise_exp_autre,trajet_domtrav_dometudes,accompagnement_proche,visite_proche,dep_pro,loisir,aeroport,gare_ou_tc,voyage_mode_principal,courses_ou_achats,courses_conventionnees,demarches_admin,raisons_usagevtc_potentiel1,raisons_usagevtc_potentiel2,raisons_usagevtc_potentiel3,raisons_usagevtc_potentiel_autre,services_vtc_potentiels1,services_vtc_potentiels2,services_vtc_potentiels3,services_vtc_potentiels_autre,date_der_dep_taxi,lieu_der_dep_taxi_jamaisvtc,motif_der_dep_taxi_jamaisvtc,motif_der_dep_taxi_jamaisvtc_autre,prix_der_dep_taxi_jamaisvtc,duree_der_dep_taxi_jamaisvtc,motif_der_dep_taxi_pasvtc_res,motif_der_dep_taxi_pasvtc_res_autre,prix_der_dep_taxi_pasvtc_res,duree_der_dep_taxi_pasvtc_res,future_mobilite_envisagee,future_mobilite_envisagee_autre,demotorisation_potentielle,raison_demoto_circulation,raison_demoto_stationnement,raison_demoto_changement,raison_demoto_moyens_financiers,raison_demoto_panne_ou_trop_vieux,raison_demoto_pref_tc,raison_demoto_pref_velo_ou_marche,raison_demoto_pref_taxi_ou_vtc,raison_demoto_pref_mobilite_partagee,demenagement_potentiel,aire_urbaine_demenagement_potentiel,situation_agglo_demenagement_potentiel,situation_agglo_demenagement_poten_autre,tc_destination_demenagement_potentiel,zfe_on,zfe_adaptation1,zfe_adaptation2,zfe_adaptation3,zfe_adaptation_autre,revenus,cat_csp,cat_age,cat_aire_urbaine,poids_redressement
Une femme,,18,Sans diplôme,,Etudiant.e,,Autre,Enfant du foyer,8.0,5.0,2.0,Il y a plus de 12 mois,Non,Agglomération parisienne,,Je ne sais plus,,,20,Elevé,15,Elevé,1,Mon ménage ne possède pas ce type de véhicule,Mon ménage ne possède pas ce type de véhicule,Mon ménage ne possède pas ce type de véhicule,Mon ménage ne possède pas ce type de véhicule,1,Mon ménage ne possède pas ce type de véhicule,Non,,Moins de 5 minutes,Il n'en existe pas à proximité de mon domicile,Plus de 20 minutes,Entre 15 et 20 minutes,Non,Non,"Oui, seulement à certaines périodes de l'année",Oui,Tous les jours ou presque,,Tous les jours ou presque,,,,,Jamais,Jamais,Moins d'une fois par mois,Moins d'une fois par mois,Moins d'une fois par mois,Jamais,Rejoindre ou quitter une gare/un aéroport/une station de transports en commun,,Entre 30 et 35 €,Plus de 30 minutes,La marche à pied,,,,Oui,Une autre offre de VTC (par exemple via une autre application),,"C'était plus sécurisant (agressions, vols, etc.)","C’était plus pratique (j’avais des bagages, …)","C'était plus sûr (pour arriver à l'heure, pour arriver sans me perdre...)",,,,,,Autre,,,Je n'en avais plus besoin,,,,,Jamais,Exceptionnellement,Jamais,Jamais,Jamais,Souvent,Jamais,Jamais,Jamais,Jamais,Jamais,Si aucune autre offre de transport n'est disponible seulement,,,,Aucun service supplémentaire,,,,,,,,,,,,,,Je n'envisage pas de changements particuliers,,Non,,,,,,,,,,Non,,,,,Je ne sais pas,,,,,Je ne souhaite pas répondre,Inactifs et autres (hors retraités),18-29 ans,Aire urbaine de Paris,1.046426634
Une femme,,43,"Bac +2 (BTS, DUT)",,Actif.ve à temps plein (+32 h / semaine),Profession intermédiaire,En couple avec enfant(s),,7.0,5.0,4.0,Il y a plus de 12 mois,Non,Agglomération parisienne,,Non,,,30,Elevé,40,Très élevé,3 ou plus,Mon ménage ne possède pas ce type de véhicule,1,3 ou plus,Mon ménage ne possède pas ce type de véhicule,3 ou plus,1,"Oui, permis B",,Il n'en existe pas à proximité de mon domicile,Il n'en existe pas à proximité de mon domicile,Il n'en existe pas à proximité de mon domicile,Il n'en existe pas à proximité de mon domicile,Non,Non,Non,Oui,1 fois par semaine,Tous les jours ou presque,2 à 3 fois par mois,Jamais,,,Moins d'une fois par mois,Jamais,Jamais,Moins d'une fois par mois,Moins d'une fois par mois,Moins d'une fois par mois,1 fois par semaine,Déplacement professionnel,,Entre 15 et 20 €,Entre 10 et 15 minutes,"Un(e) voiture, moto ou scooter personnel(le)",,,,Oui,"Les transports en commun (métro, tram, bus, RER, TER)",,"C'était plus sûr (pour arriver à l'heure, pour arriver sans me perdre...)","C'était plus sécurisant (agressions, vols, etc.)","C’était plus pratique (j’avais des bagages, …)",,,,,,Le service n’est pas disponible dans les lieux que je fréquente ou que j'ai fréquentés,Le service est trop cher,,,,,,,Exceptionnellement,Exceptionnellement,Exceptionnellement,Exceptionnellement,Exceptionnellement,Souvent,Exceptionnellement,Exceptionnellement,Jamais,Exceptionnellement,Exceptionnellement,Service de meilleure qualité par rapport à d'autres moyens de transport,,,,Equipement en sièges pour enfants,Déplacement pour raison médicale remboursé par l’assurance maladie,,,,,,,,,,,,,Je n'envisage pas de changements particuliers,,Non,,,,,,,,,,Non,,,,,Non,,,,,De 4 000 à 5 000 €,Profession intermédiaire,40-49 ans,Aire urbaine de moins de 100 000 habitants,0.740686516
Autre,genderfluids,19,Sans diplôme,,Sans activité professionnelle,,Autre,chez mes parent,4.0,0.0,0.0,Je n'en ai jamais utilisé,,,,,,,50,Elevé,20,Elevé,Mon ménage ne possède pas ce type de véhicule,Mon ménage ne possède pas ce type de véhicule,Mon ménage ne possède pas ce type de véhicule,Mon ménage ne possède pas ce type de véhicule,Mon ménage ne possède pas ce type de véhicule,Mon ménage ne possède pas ce type de véhicule,Mon ménage ne possède pas ce type de véhicule,Non,,Moins de 5 minutes,Entre 10 et 15 minutes,Plus de 20 minutes,Entre 15 et 20 minutes,Oui,Non,Non,Non,Tous les jours ou presque,,Jamais,,,,,Jamais,Jamais,Tous les jours ou presque,Jamais,Jamais,Tous les jours ou presque,,,,,,,,,,,,,,,,Je préfère d'autres moyens de transport,,,,,,,,,,,,Jamais,Jamais,Jamais,Jamais,Jamais,Jamais,Jamais,Jamais,Jamais,Jamais,Jamais,Si aucune autre offre de transport n'est disponible seulement,,,,Déplacement pour raison médicale remboursé par l’assurance maladie,,,,,,,,,,,,,,Je n'envisage pas de changements particuliers,,,,,,,,,,,,Oui,Aire urbaine de Paris,En zone périurbaine d'une agglomération,,Je ne sais pas,Je ne sais pas,,,,,Je ne souhaite pas répondre,Inactifs et autres (hors retraités),18-29 ans,Aire urbaine de Paris,0.0
Un homme,,29,Bac + 4 (Maîtrise),,Actif.ve en recherche d'emploi,"Cadre, Profession intellectuelle supérieure",Autre,FAMILLE,4.0,0.0,0.0,Il y a plus de 12 mois,Non,Agglomération parisienne,,Oui,Uber,,20,Adéquat,40,Elevé,2,Mon ménage ne possède pas ce type de véhicule,Mon ménage ne possède pas ce type de véhicule,3 ou plus,Mon ménage ne possède pas ce type de véhicule,Mon ménage ne possède pas ce type de véhicule,Mon ménage ne possède pas ce type de véhicule,Non,,Entre 5 et 10 minutes,Il n'en existe pas à proximité de mon domicile,Il n'en existe pas à proximité de mon domicile,Plus de 20 minutes,Non,Non,Je ne sais pas,Je ne sais pas,Tous les jours ou presque,,Moins d'une fois par mois,,,,Moins d'une fois par mois,Jamais,Jamais,2 à 3 fois par mois,Jamais,Jamais,2 à 3 fois par mois,"Faire une sortie de loisir ou culturelle (restaurant, boîte de nuit, complexe sportif, musée, plage…)",,Entre 25 et 30 €,Plus de 30 minutes,La marche à pied,,,,Oui,"Les transports en commun (métro, tram, bus, RER, TER)",,Autre,C'était plus rapide,,Volonté d'autres personnes,,,,,Je préfère d’autres moyens de transport,,,,,,,,Jamais,Jamais,Jamais,Jamais,Jamais,Jamais,Jamais,Exceptionnellement,Jamais,Jamais,Jamais,Ça me permet de me déplacer facilement avec des proches,Ça me permet de me déplacer avec mon animal de compagnie,,,Déplacement pour raison médicale remboursé par l’assurance maladie,Embarquement d’un vélo ou d’un autre équipement encombrant,Transport de personnes à mobilité réduite (PMR) ou en situation de handicap,,,,,,,,,,,,J'utiliserai davantage les transports en commun,,Non,,,,,,,,,,Oui,Aire urbaine de plus de 200 000 habitants (hors aire urbaine de Paris),En deuxième couronne d'une agglomération,,Mieux desservie,Non,,,,,De 2 000 € à 3 000 €,En recherche d'emploi,18-29 ans,Aire urbaine de moins de 100 000 habitants,0.420448112
Une femme,,20,Baccalauréat,,Etudiant.e,,Autre,Chez mes parents,9.0,7.0,3.0,Je n'en ai jamais utilisé,,,,,,,39,Adéquat,20,Elevé,1,Mon ménage ne possède pas ce type de véhicule,Mon ménage ne possède pas ce type de véhicule,1,Mon ménage ne possède pas ce type de véhicule,2,1,Non,,Entre 5 et 10 minutes,Entre 5 et 10 minutes,Entre 10 et 15 minutes,Entre 10 et 15 minutes,Oui,Non,"Oui, tout le temps",Non,Tous les jours ou presque,,Moins d'une fois par mois,,,,2 à 3 fois par mois,Jamais,Jamais,Tous les jours ou presque,Jamais,Jamais,Tous les jours ou presque,,,,,,,,,,,,,,,,Je ne connais pas ce service,,,,,,,,,,,,Exceptionnellement,Exceptionnellement,Jamais,Souvent,Exceptionnellement,A chaque fois,Souvent,A chaque fois,Jamais,Exceptionnellement,Jamais,Service de meilleur rapport qualité/prix par rapport aux taxis,Ça me permet de me déplacer avec mon animal de compagnie,Ça me permet de me déplacer plus facilement en tant que personne à mobilité réduite,,Déplacement pour raison médicale remboursé par l’assurance maladie,Equipement en sièges pour enfants,Embarquement d’un vélo ou d’un autre équipement encombrant,,,,,,,,,,,,J'utiliserai davantage le vélo ou marcherai plus,,Non,,,,,,,,,,Non,,,,,Non,,,,,De 2 000 € à 3 000 €,Inactifs et autres (hors retraités),18-29 ans,Aire urbaine de Paris,1.046426634
Une femme,,53,"CAP, BEP",,Actif.ve en recherche d'emploi,Ouvrier.ère,Seul.e avec enfant(s),,1.0,0.0,0.0,Je n'en ai jamais utilisé,,,,,,,50,Très élevé,50,Très élevé,Mon ménage ne possède pas ce type de véhicule,Mon ménage ne possède pas ce type de véhicule,Mon ménage ne possède pas ce type de véhicule,Mon ménage ne possède pas ce type de véhicule,Mon ménage ne possède pas ce type de véhicule,Mon ménage ne possède pas ce type de véhicule,Mon ménage ne possède pas ce type de véhicule,"Oui, permis B",,Entre 5 et 10 minutes,Il n'en existe pas à proximité de mon domicile,Il n'en existe pas à proximité de mon domicile,Entre 10 et 15 minutes,Oui,Non,Je ne sais pas,Je ne sais pas,Jamais,,1 fois par semaine,Jamais,,,,Jamais,Jamais,Moins d'une fois par mois,Jamais,Jamais,Moins d'une fois par mois,,,,,,,,,,,,,,,,Le service est trop cher,Le service n’est pas disponible dans les lieux que je fréquente ou que j'ai fréquentés,,,,,,,,,,,Jamais,Jamais,Jamais,Jamais,Jamais,Exceptionnellement,Exceptionnellement,Jamais,Jamais,Jamais,Jamais,Si aucune autre offre de transport n'est disponible seulement,,,,Déplacement pour raison médicale remboursé par l’assurance maladie,,,,,,,,,,,,,,Je n'envisage pas de changements particuliers,,,,,,,,,,,,Non,,,,,Je ne sais pas,,,,,Moins de 1 000 €,En recherche d'emploi,50-59 ans,Aire urbaine de Paris,0.361761884
Un homme,,54,Supérieur à Bac + 5,,Actif.ve à temps plein (+32 h / semaine),"Artisan.e, Commerçant.e, Chef.fe d'entreprise",En couple avec enfant(s),,5.0,3.0,2.0,Il y a moins de 12 mois,Non,Agglomération parisienne,,Oui,Uber,,25,Elevé,35,Elevé,3 ou plus,Mon ménage ne possède pas ce type de véhicule,1,Mon ménage ne possède pas ce type de véhicule,Mon ménage ne possède pas ce type de véhicule,Mon ménage ne possède pas ce type de véhicule,Mon ménage ne possède pas ce type de véhicule,"Oui, permis A (motos et scooters)","Oui, permis B",Entre 15 et 20 minutes,Il n'en existe pas à proximité de mon domicile,Il n'en existe pas à proximité de mon domicile,Il n'en existe pas à proximité de mon domicile,Non,Non,Non,Oui,Tous les jours ou presque,Tous les jours ou presque,Jamais,Jamais,2 à 3 fois par semaine,Jamais,,Jamais,Jamais,Moins d'une fois par mois,2 à 3 fois par mois,2 à 3 fois par mois,2 à 3 fois par mois,Déplacement professionnel,,Entre 25 et 30 €,Entre 20 et 30 minutes,La marche à pied,L'avion,,,Oui,Un taxi,,C'était plus confortable,"C’était plus pratique (j’avais des bagages, …)","C'était plus sûr (pour arriver à l'heure, pour arriver sans me perdre...)",,,,,,Autre,,,Pas eu besoin,,,,,Souvent,Exceptionnellement,Jamais,Souvent,Jamais,A chaque fois,A chaque fois,Jamais,Jamais,Jamais,Jamais,Ça me permet de me déplacer facilement avec des proches,Service de meilleur rapport qualité/prix par rapport aux taxis,Ça me permet de me déplacer avec mon animal de compagnie,,Acceptation des animaux à bord,Transport de personnes à mobilité réduite (PMR) ou en situation de handicap,"Aide au déménagement, pour le transport de mes effets personnels",,,,,,,,,,,,Je n'envisage pas de changements particuliers,,Je ne sais pas,Ne se prononce pas,Ne se prononce pas,Plutôt pas d'accord,Plutôt pas d'accord,Pas d'accord du tout,Pas d'accord du tout,Pas d'accord du tout,Pas d'accord du tout,Pas d'accord du tout,Non,,,,,Non,,,,,De 11 000 € à 12 000 €,"Artisan.e, Commerçant.e, Chef.fe d'entreprise",50-59 ans,Aire urbaine entre 100 000 et 200 000 habitants,0.823576604
Une femme,,52,Brevet des collèges,,Actif.ve à temps partiel (-32 h / semaine),Ouvrier.ère,Seul.e avec enfant(s),,1.0,1.0,0.0,Je n'en ai jamais utilisé,,,,,,,15,Très élevé,25,Très élevé,Mon ménage ne possède pas ce type de véhicule,Mon ménage ne possède pas ce type de véhicule,Mon ménage ne possède pas ce type de véhicule,Mon ménage ne possède pas ce type de véhicule,Mon ménage ne possède pas ce type de véhicule,Mon ménage ne possède pas ce type de véhicule,Mon ménage ne possède pas ce type de véhicule,"Oui, permis B",,Moins de 5 minutes,Il n'en existe pas à proximité de mon domicile,Il n'en existe pas à proximité de mon domicile,Entre 10 et 15 minutes,Non,Non,Je ne sais pas,Oui,Tous les jours ou presque,,Jamais,Jamais,,,,Jamais,Jamais,1 fois par mois,Jamais,Jamais,1 fois par mois,,,,,,,,,,,,,,,,Le service est trop cher,,,,,,,,,,,,Exceptionnellement,Exceptionnellement,Exceptionnellement,Jamais,Jamais,Exceptionnellement,Exceptionnellement,Jamais,Jamais,Exceptionnellement,Exceptionnellement,Si aucune autre offre de transport n'est disponible seulement,,,,Acceptation des animaux à bord,,,,,,,,,,,,,,J'utiliserai davantage les transports en commun,,,,,,,,,,,,Non,,,,,Je ne sais pas,,,,,Moins de 1 000 €,Ouvrier.ère,50-59 ans,Aire urbaine entre 100 000 et 200 000 habitants,0.791285773
Un homme,,49,Supérieur à Bac + 5,,Actif.ve à temps plein (+32 h / semaine),"Artisan.e, Commerçant.e, Chef.fe d'entreprise",En couple avec enfant(s),,4.0,2.0,1.0,Il y a moins de 12 mois,Non,Agglomération parisienne,,Oui,Uber,,30,Adéquat,25,Adéquat,1,1,1,3 ou plus,1,2,Mon ménage ne possède pas ce type de véhicule,"Oui, permis A (motos et scooters)","Oui, permis B",Moins de 5 minutes,Plus de 20 minutes,Moins de 5 minutes,Plus de 20 minutes,Oui,Non,"Oui, tout le temps",Oui,Tous les jours ou presque,2 à 3 fois par semaine,Jamais,Jamais,2 à 3 fois par mois,Jamais,2 à 3 fois par mois,Jamais,Jamais,Tous les jours ou presque,1 fois par mois,Moins d'une fois par mois,2 à 3 fois par mois,Déplacement professionnel,,Plus de 35 €,Plus de 30 minutes,L'avion,,,,Oui,Une voiture personnelle,,C'était plus confortable,"C’était plus pratique (j’avais des bagages, …)",C'était plus rapide,,,,,,Je préfère le taxi,,,,,,,,Exceptionnellement,Souvent,Exceptionnellement,Souvent,Exceptionnellement,Souvent,Souvent,Exceptionnellement,Exceptionnellement,Exceptionnellement,Exceptionnellement,Service de meilleure qualité par rapport à d'autres moyens de transport,Ça me permet de me déplacer facilement avec des proches,Si aucune autre offre de transport n'est disponible seulement,,Aucun service supplémentaire,,,,Il y a moins de 12 mois,,,,,,Rejoindre ou quitter une gare/un aéroport/une station de transports en commun,,Plus de 35 €,Plus de 30 minutes,Je n'envisage pas de changements particuliers,,Je ne sais pas,Plutôt d'accord,Plutôt d'accord,Ne se prononce pas,Pas d'accord du tout,Plutôt pas d'accord,Plutôt d'accord,Plutôt d'accord,Pas d'accord du tout,Pas d'accord du tout,Non,,,,,Oui,J'adapterai mon ou mes véhicule(s) ou en changerai,J’utiliserai davantage les transports en commun,,,De 8 000 € à 9 000 €,"Artisan.e, Commerçant.e, Chef.fe d'entreprise",40-49 ans,Aire urbaine de Paris,0.94349872
Une femme,,38,Supérieur à Bac + 5,,Actif.ve en recherche d'emploi,"Artisan.e, Commerçant.e, Chef.fe d'entreprise",En couple avec enfant(s),,5.0,3.0,3.0,Il y a plus de 12 mois,Non,Agglomération parisienne,,Oui,Uber,,30,Adéquat,35,Adéquat,2,Mon ménage ne possède pas ce type de véhicule,Mon ménage ne possède pas ce type de véhicule,3 ou plus,Mon ménage ne possède pas ce type de véhicule,2,Mon ménage ne possède pas ce type de véhicule,"Oui, permis B",,Moins de 5 minutes,Il n'en existe pas à proximité de mon domicile,Il n'en existe pas à proximité de mon domicile,Plus de 20 minutes,Non,Non,Je ne sais pas,Je ne sais pas,2 à 3 fois par mois,Tous les jours ou presque,Jamais,Jamais,,,Jamais,Jamais,Jamais,Jamais,Jamais,Jamais,2 à 3 fois par mois,"Faire une sortie de loisir ou culturelle (restaurant, boîte de nuit, complexe sportif, musée, plage…)",,Je ne sais plus,Entre 20 et 30 minutes,"Les transports en commun (métro, tram, bus, RER)",,,,Je ne sais pas,,,,,,,,,,,Autre,,,pas besoin,,,,,Jamais,Jamais,Jamais,Exceptionnellement,Jamais,Exceptionnellement,Exceptionnellement,Jamais,Jamais,Exceptionnellement,Jamais,Service de meilleure qualité par rapport à d'autres moyens de transport,,,,Equipement en sièges pour enfants,Déplacement pour raison médicale remboursé par l’assurance maladie,,,,,,,,,,,,,J'utiliserai davantage le vélo ou marcherai plus,,Non,,,,,,,,,,Non,,,,,Non,,,,,De 4 000 à 5 000 €,En recherche d'emploi,30-39 ans,Aire urbaine de Paris,0.31015662
Une femme,,40,"Bac +2 (BTS, DUT)",,Actif.ve à temps plein (+32 h / semaine),"Cadre, Profession intellectuelle supérieure",En couple avec enfant(s),,6.0,4.0,3.0,Il y a plus de 12 mois,Non,Agglomération parisienne,,Oui,Uber,,20,Adéquat,35,Elevé,1,1,2,3 ou plus,Mon ménage ne possède pas ce type de véhicule,3 ou plus,1,"Oui, permis A (motos et scooters)",,Moins de 5 minutes,Entre 10 et 15 minutes,Il n'en existe pas à proximité de mon domicile,Il n'en existe pas à proximité de mon domicile,Oui,Non,Je ne sais pas,Je ne sais pas,2 à 3 fois par semaine,,2 à 3 fois par semaine,,Moins d'une fois par mois,Jamais,1 fois par mois,Jamais,Jamais,Tous les jours ou presque,Jamais,Jamais,Tous les jours ou presque,"Faire une sortie de loisir ou culturelle (restaurant, boîte de nuit, complexe sportif, musée, plage…)",,Entre 20 et 25 €,Entre 20 et 30 minutes,"Un(e) voiture, moto ou scooter personnel(le)",,,,Non,,,,,,,,,,,J'ai eu une mauvaise expérience,,,,Le chauffeur a eu un comportement inapproprié avec moi ou avec les autres passagers,Le chauffeur a eu une conduite dangereuse,Je ne me suis pas senti.e en sécurité pendant la course,,Jamais,Exceptionnellement,Jamais,Exceptionnellement,Exceptionnellement,A chaque fois,Souvent,Souvent,Jamais,Souvent,Jamais,Si aucune autre offre de transport n'est disponible seulement,Service de meilleur rapport qualité/prix par rapport aux taxis,Ça me permet de me déplacer facilement avec des proches,,Déplacement pour raison médicale remboursé par l’assurance maladie,Equipement en sièges pour enfants,,,,,,,,,,,,,Je me déplacerai moins,,Je ne sais pas,Pas d'accord du tout,Pas d'accord du tout,Pas d'accord du tout,Pas d'accord du tout,Plutôt d'accord,Pas d'accord du tout,Pas d'accord du tout,Pas d'accord du tout,Pas d'accord du tout,Non,,,,,Je ne sais pas,,,,,De 7 000 € à 8 000 €,"Cadre, Profession intellectuelle supérieure",40-49 ans,Aire urbaine de Paris,0.766243219
Un homme,,52,Bac + 5 (Master),,Actif.ve à temps plein (+32 h / semaine),"Artisan.e, Commerçant.e, Chef.fe d'entreprise",En couple avec enfant(s),,5.0,3.0,2.0,Il y a plus de 12 mois,Non,Ailleurs en France,Toulon,Oui,Uber,,30,Adéquat,30,Adéquat,Mon ménage ne possède pas ce type de véhicule,Mon ménage ne possède pas ce type de véhicule,1,Mon ménage ne possède pas ce type de véhicule,Mon ménage ne possède pas ce type de véhicule,Mon ménage ne possède pas ce type de véhicule,Mon ménage ne possède pas ce type de véhicule,"Oui, permis A (motos et scooters)","Oui, permis B",Moins de 5 minutes,Entre 15 et 20 minutes,Moins de 5 minutes,Moins de 5 minutes,Non,Non,"Oui, tout le temps",Oui,2 à 3 fois par semaine,,Moins d'une fois par mois,Moins d'une fois par mois,Tous les jours ou presque,Jamais,,Jamais,Jamais,Moins d'une fois par mois,Moins d'une fois par mois,Moins d'une fois par mois,2 à 3 fois par mois,Rejoindre ou quitter une gare/un aéroport/une station de transports en commun,,Plus de 35 €,Entre 20 et 30 minutes,"Le train (TER, Intercités, TGV)",,,,Oui,Un taxi,,Autre,,,"Horaire très matinal 5h du matin, pas trouvé de Taxi",,,,,Autre,,,Pas eu de besoin de,,,,,Jamais,Exceptionnellement,Jamais,Jamais,Jamais,Exceptionnellement,Exceptionnellement,Exceptionnellement,Jamais,Exceptionnellement,Jamais,Si aucune autre offre de transport n'est disponible seulement,,,,Déplacement pour raison médicale remboursé par l’assurance maladie,,,,,,,,,,,,,,Je n'envisage pas de changements particuliers,,Non,,,,,,,,,,Non,,,,,Oui,,,,,De 11 000 € à 12 000 €,"Artisan.e, Commerçant.e, Chef.fe d'entreprise",50-59 ans,Aire urbaine de Paris,1.064092159
Une femme,,33,"CAP, BEP",,Actif.ve en recherche d'emploi,Employé.e,Seul.e avec enfant(s),,5.0,4.0,3.0,Il y a moins de 12 mois,Non,Agglomération parisienne,,Oui,Bolt,,13,Adéquat,15,Elevé,1,Mon ménage ne possède pas ce type de véhicule,1,Mon ménage ne possède pas ce type de véhicule,Mon ménage ne possède pas ce type de véhicule,Mon ménage ne possède pas ce type de véhicule,Mon ménage ne possède pas ce type de véhicule,Non,,Entre 5 et 10 minutes,Il n'en existe pas à proximité de mon domicile,Il n'en existe pas à proximité de mon domicile,Entre 5 et 10 minutes,Oui,Non,Non,Je ne sais pas,2 à 3 fois par semaine,,Moins d'une fois par mois,,,,,Jamais,Jamais,2 à 3 fois par semaine,1 fois par mois,Moins d'une fois par mois,1 fois par semaine,"Accéder à des services (médicaux, administratifs...)",,Entre 10 et 15 €,Entre 10 et 15 minutes,"Les transports en commun (métro, tram, bus, RER)",,,,Non,,,,,,,,,,,Je préfère d’autres moyens de transport,,,,,,,,Souvent,Exceptionnellement,Jamais,Souvent,Exceptionnellement,Souvent,Jamais,Exceptionnellement,Jamais,Exceptionnellement,Exceptionnellement,Service de meilleure qualité par rapport à d'autres moyens de transport,Ça me permet de me déplacer facilement avec des proches,,,"Aide au déménagement, pour le transport de mes effets personnels",Déplacement pour raison médicale remboursé par l’assurance maladie,Equipement en sièges pour enfants,,,,,,,,,,,,Je me déplacerai moins,,Non,,,,,,,,,,Non,,,,,Non,,,,,De 1 000 € à 2 000 €,En recherche d'emploi,30-39 ans,Aire urbaine de moins de 100 000 habitants,0.311025358
Une femme,,18,Baccalauréat,,Etudiant.e,,Autre,Héberger,7.0,1.0,0.0,Je n'en ai jamais utilisé,,,,,,,10,Adéquat,15,Adéquat,Mon ménage ne possède pas ce type de véhicule,Mon ménage ne possède pas ce type de véhicule,Mon ménage ne possède pas ce type de véhicule,Mon ménage ne possède pas ce type de véhicule,Mon ménage ne possède pas ce type de véhicule,Mon ménage ne possède pas ce type de véhicule,1,Non,,Entre 5 et 10 minutes,Entre 5 et 10 minutes,Il n'en existe pas à proximité de mon domicile,Plus de 20 minutes,Oui,Non,Je ne sais pas,Je ne sais pas,1 fois par mois,,Jamais,,,,,Jamais,Jamais,Tous les jours ou presque,Jamais,Jamais,Moins d'une fois par mois,,,,,,,,,,,,,,,,Je ne connais pas ce service,,,,,,,,,,,,Exceptionnellement,Souvent,Souvent,Exceptionnellement,Jamais,Souvent,Souvent,Exceptionnellement,A chaque fois,Exceptionnellement,Exceptionnellement,Service de meilleure qualité par rapport à d'autres moyens de transport,Service de meilleur rapport qualité/prix par rapport aux taxis,Ça me permet de me déplacer facilement avec des proches,,Aucun service supplémentaire,,,,,,,,,,,,,,J'utiliserai davantage une voiture ou un deux-roues motorisé personnel(le),,,,,,,,,,,,Oui,Hors aire urbaine (zones rurales),,,Moins bien desservie,Non,,,,,Moins de 1 000 €,Inactifs et autres (hors retraités),18-29 ans,Aire urbaine de plus de 200 000 habitants (hors Paris),1.020595013
Autre,Non binaire,22,Bac + 3 (Licence),,Etudiant.e,,En colocation,,4.0,0.0,0.0,Je n'en ai jamais utilisé,,,,,,,30,Elevé,50,Très élevé,Mon ménage ne possède pas ce type de véhicule,Mon ménage ne possède pas ce type de véhicule,Mon ménage ne possède pas ce type de véhicule,Mon ménage ne possède pas ce type de véhicule,Mon ménage ne possède pas ce type de véhicule,Mon ménage ne possède pas ce type de véhicule,Mon ménage ne possède pas ce type de véhicule,Non,,Moins de 5 minutes,Entre 10 et 15 minutes,Moins de 5 minutes,Plus de 20 minutes,Oui,Non,Non,Oui,Tous les jours ou presque,,Moins d'une fois par mois,,,,,Jamais,Jamais,Tous les jours ou presque,1 fois par semaine,Jamais,1 fois par semaine,,,,,,,,,,,,,,,,Je ne connais pas ce service,Je préfère d'autres moyens de transport,,,,,,,,,,,Exceptionnellement,Exceptionnellement,Souvent,Jamais,Jamais,Exceptionnellement,Souvent,Jamais,Jamais,Jamais,Jamais,Service de meilleur rapport qualité/prix par rapport aux taxis,Si aucune autre offre de transport n'est disponible seulement,,,"Aide au déménagement, pour le transport de mes effets personnels",Déplacement pour raison médicale remboursé par l’assurance maladie,,,,,,,,,,,,,Je me déplacerai moins,,,,,,,,,,,,Non,,,,,Oui,,,,,De 1 000 € à 2 000 €,Inactifs et autres (hors retraités),18-29 ans,Aire urbaine de plus de 200 000 habitants (hors Paris),0.0
Un homme,,36,Baccalauréat,,Actif.ve à temps plein (+32 h / semaine),Profession intermédiaire,En couple avec enfant(s),,5.0,3.0,3.0,Il y a plus de 12 mois,Oui,,,Oui,Uber,,20,Elevé,25,Très élevé,2,Mon ménage ne possède pas ce type de véhicule,Mon ménage ne possède pas ce type de véhicule,3 ou plus,Mon ménage ne possède pas ce type de véhicule,1,Mon ménage ne possède pas ce type de véhicule,"Oui, permis B",,Entre 5 et 10 minutes,Il n'en existe pas à proximité de mon domicile,Il n'en existe pas à proximité de mon domicile,Entre 5 et 10 minutes,Non,Non,Je ne sais pas,Je ne sais pas,2 à 3 fois par semaine,Tous les jours ou presque,1 fois par semaine,Jamais,,,1 fois par semaine,Jamais,Jamais,Jamais,Jamais,Moins d'une fois par mois,Moins d'une fois par mois,Rejoindre ou quitter une gare/un aéroport/une station de transports en commun,,Je ne sais plus,Entre 10 et 15 minutes,La marche à pied,,,,Oui,"Les transports en commun (métro, tram, bus, RER, TER)",,"C'était plus sécurisant (agressions, vols, etc.)","C’était plus pratique (j’avais des bagages, …)",,,,,,,Je préfère d’autres moyens de transport,,,,,,,,Exceptionnellement,Exceptionnellement,Jamais,Jamais,Jamais,Exceptionnellement,Exceptionnellement,Exceptionnellement,Jamais,Jamais,Jamais,Service de meilleur rapport qualité/prix par rapport aux taxis,Ça me permet de me déplacer facilement avec des proches,,,Aucun service supplémentaire,,,,,,,,,,,,,,Je n'envisage pas de changements particuliers,,Je ne sais pas,Plutôt pas d'accord,Plutôt pas d'accord,Plutôt pas d'accord,Plutôt pas d'accord,Plutôt pas d'accord,Plutôt pas d'accord,Plutôt pas d'accord,Plutôt pas d'accord,Pas d'accord du tout,Je ne sais pas,Aire urbaine de moins de 100 000 habitants,En zone périurbaine d'une agglomération,,Je ne sais pas,Oui,J'ignorerai les restrictions,,,,De 4 000 à 5 000 €,Profession intermédiaire,30-39 ans,Aire urbaine de moins de 100 000 habitants,0.84862183
Une femme,,43,Baccalauréat,,Actif.ve à temps plein (+32 h / semaine),Agriculteur.ice,En couple avec enfant(s),,5.0,3.0,1.0,Je n'en ai jamais utilisé,,,,,,,50,Elevé,45,Elevé,2,Mon ménage ne possède pas ce type de véhicule,Mon ménage ne possède pas ce type de véhicule,1,2,Mon ménage ne possède pas ce type de véhicule,Mon ménage ne possède pas ce type de véhicule,"Oui, permis B",,Il n'en existe pas à proximité de mon domicile,Entre 5 et 10 minutes,Il n'en existe pas à proximité de mon domicile,Entre 5 et 10 minutes,Oui,Non,Non,Non,Tous les jours ou presque,Tous les jours ou presque,Jamais,Jamais,,,2 à 3 fois par semaine,Jamais,Jamais,1 fois par semaine,Jamais,Jamais,2 à 3 fois par semaine,,,,,,,,,,,,,,,,Le service est trop cher,Je préfère d'autres moyens de transport,,,,,,,,,,,Exceptionnellement,Jamais,Souvent,Souvent,Souvent,Exceptionnellement,Exceptionnellement,Jamais,Jamais,Souvent,Jamais,Si aucune autre offre de transport n'est disponible seulement,Ça me permet de me déplacer plus facilement en tant que personne à mobilité réduite,,,Aucun service supplémentaire,Embarquement d’un vélo ou d’un autre équipement encombrant,,,,,,,,,,,,,J'utiliserai davantage le vélo ou marcherai plus,,Non,,,,,,,,,,Non,,,,,Non,,,,,Moins de 1 000 €,Agriculteur.ice,40-49 ans,Aire urbaine de plus de 200 000 habitants (hors Paris),0.27479369
Une femme,,44,Supérieur à Bac + 5,,Sans activité professionnelle,,En couple avec enfant(s),,6.0,4.0,3.0,Je n'en ai jamais utilisé,,,,,,,40,Très élevé,120,Très élevé,3 ou plus,Mon ménage ne possède pas ce type de véhicule,2,Mon ménage ne possède pas ce type de véhicule,Mon ménage ne possède pas ce type de véhicule,Mon ménage ne possède pas ce type de véhicule,Mon ménage ne possède pas ce type de véhicule,"Oui, permis A (motos et scooters)","Oui, permis B",Entre 5 et 10 minutes,Plus de 20 minutes,Il n'en existe pas à proximité de mon domicile,Plus de 20 minutes,Non,Non,Je ne sais pas,Oui,Jamais,2 à 3 fois par mois,Jamais,Jamais,Tous les jours ou presque,Jamais,,Jamais,Jamais,Jamais,Jamais,Jamais,Jamais,,,,,,,,,,,,,,,,Je préfère d'autres moyens de transport,,,,,,,,,,,,Jamais,Jamais,Jamais,Jamais,Jamais,Jamais,Jamais,Jamais,Jamais,Jamais,Jamais,Autre,,,PAs envie,Autre,,,JE ne souhaite pas utiliser ces services,,,,,,,,,,,J'utiliserai davantage une voiture ou un deux-roues motorisé personnel(le),,Non,,,,,,,,,,Je ne sais pas,Hors aire urbaine (zones rurales),,,Je ne sais pas,Oui,J'ignorerai les restrictions,,,,De 1 000 € à 2 000 €,Inactifs et autres (hors retraités),40-49 ans,Aire urbaine de moins de 100 000 habitants,0.951249248
Un homme,,37,Bac + 3 (Licence),,Actif.ve à temps plein (+32 h / semaine),Agriculteur.ice,En couple avec enfant(s),,4.0,2.0,2.0,Je n'en ai jamais utilisé,,,,,,,20,Elevé,20,Elevé,2,Mon ménage ne possède pas ce type de véhicule,Mon ménage ne possède pas ce type de véhicule,3 ou plus,Mon ménage ne possède pas ce type de véhicule,Mon ménage ne possède pas ce type de véhicule,Mon ménage ne possède pas ce type de véhicule,"Oui, permis B",,Il n'en existe pas à proximité de mon domicile,Il n'en existe pas à proximité de mon domicile,Il n'en existe pas à proximité de mon domicile,Il n'en existe pas à proximité de mon domicile,Je ne réside pas dans un lieu pourvu d'un réseau de transports en commun,Non,Je ne sais pas,Oui,2 à 3 fois par semaine,Tous les jours ou presque,2 à 3 fois par semaine,Jamais,,,2 à 3 fois par semaine,Jamais,Jamais,Jamais,Jamais,Jamais,1 fois par semaine,,,,,,,,,,,,,,,,Le service n’est pas disponible dans les lieux que je fréquente ou que j'ai fréquentés,,,,,,,,,,,,Jamais,Jamais,Jamais,Jamais,Exceptionnellement,Souvent,Exceptionnellement,Jamais,Jamais,Jamais,Jamais,Si aucune autre offre de transport n'est disponible seulement,,,,Autre,,,gratuité,,,,,,,,,,,Je n'envisage pas de changements particuliers,,Non,,,,,,,,,,Non,,,,,Non,,,,,De 2 000 € à 3 000 €,Agriculteur.ice,30-39 ans,Aire urbaine de moins de 100 000 habitants,0.323710363
Une femme,,49,Supérieur à Bac + 5,,Actif.ve à temps plein (+32 h / semaine),"Cadre, Profession intellectuelle supérieure",En couple avec enfant(s),,6.0,4.0,1.0,Il y a moins de 12 mois,Non,Agglomération parisienne,,Oui,Uber,,40,Adéquat,80,Très élevé,2,Mon ménage ne possède pas ce type de véhicule,Mon ménage ne possède pas ce type de véhicule,3 ou plus,Mon ménage ne possède pas ce type de véhicule,1,Mon ménage ne possède pas ce type de véhicule,"Oui, permis B",,Entre 10 et 15 minutes,Il n'en existe pas à proximité de mon domicile,Il n'en existe pas à proximité de mon domicile,Il n'en existe pas à proximité de mon domicile,Oui,Non,Je ne sais pas,Oui,Jamais,Tous les jours ou presque,Jamais,Jamais,,,Moins d'une fois par mois,Jamais,Jamais,2 à 3 fois par semaine,Jamais,Moins d'une fois par mois,2 à 3 fois par mois,"Faire une sortie de loisir ou culturelle (restaurant, boîte de nuit, complexe sportif, musée, plage…)",,Plus de 35 €,Plus de 30 minutes,La marche à pied,,,,Oui,Un taxi,,C'était moins cher,"C'était plus sécurisant (agressions, vols, etc.)",,,,,,,Le service est trop cher,Je préfère d’autres moyens de transport,,,,,,,Jamais,Jamais,Jamais,Exceptionnellement,Exceptionnellement,Exceptionnellement,Exceptionnellement,Jamais,Jamais,Jamais,Jamais,Si aucune autre offre de transport n'est disponible seulement,Service de meilleur rapport qualité/prix par rapport aux taxis,Ça me permet de me déplacer plus facilement en tant que personne à mobilité réduite,,Transport de personnes à mobilité réduite (PMR) ou en situation de handicap,Déplacement pour raison médicale remboursé par l’assurance maladie,,,,,,,,,,,,,Je n'envisage pas de changements particuliers,,Non,,,,,,,,,,Non,,,,,Non,,,,,De 9 000 € à 10 000 €,"Cadre, Profession intellectuelle supérieure",40-49 ans,Aire urbaine de plus de 200 000 habitants (hors Paris),0.74732808
Une femme,,32,Baccalauréat,,Sans activité professionnelle,,En couple avec enfant(s),,6.0,4.0,4.0,Je n'en ai jamais utilisé,,,,,,,40,Adéquat,50,Elevé,2,Mon ménage ne possède pas ce type de véhicule,Mon ménage ne possède pas ce type de véhicule,Mon ménage ne possède pas ce type de véhicule,Mon ménage ne possède pas ce type de véhicule,Mon ménage ne possède pas ce type de véhicule,Mon ménage ne possède pas ce type de véhicule,"Oui, permis B",,Moins de 5 minutes,Il n'en existe pas à proximité de mon domicile,Il n'en existe pas à proximité de mon domicile,Entre 5 et 10 minutes,Non,Non,Je ne sais pas,Oui,2 à 3 fois par mois,Tous les jours ou presque,Jamais,Jamais,,,,Jamais,Jamais,Jamais,Jamais,Jamais,Moins d'une fois par mois,,,,,,,,,,,,,,,,Je préfère d'autres moyens de transport,,,,,,,,,,,,Jamais,Jamais,Jamais,Jamais,Jamais,Exceptionnellement,Exceptionnellement,Jamais,Jamais,Jamais,Jamais,Si aucune autre offre de transport n'est disponible seulement,,,,Equipement en sièges pour enfants,,,,,,,,,,,,,,Je n'envisage pas de changements particuliers,,Non,,,,,,,,,,Oui,Aire urbaine de moins de 100 000 habitants,En zone périurbaine d'une agglomération,,Je ne sais pas,Non,,,,,De 3 000 à 4 000 €,Inactifs et autres (hors retraités),30-39 ans,Aire urbaine de moins de 100 000 habitants,0.919793855
Un homme,,46,Bac + 5 (Master),,Actif.ve à temps plein (+32 h / semaine),"Artisan.e, Commerçant.e, Chef.fe d'entreprise",En couple avec enfant(s),,3.0,1.0,1.0,Il y a plus de 12 mois,Non,Agglomération parisienne,,Oui,Uber,,10,Adéquat,40,Très élevé,2,Mon ménage ne possède pas ce type de véhicule,Mon ménage ne possède pas ce type de véhicule,3 ou plus,Mon ménage ne possède pas ce type de véhicule,Mon ménage ne possède pas ce type de véhicule,Mon ménage ne possède pas ce type de véhicule,"Oui, permis B",,Plus de 20 minutes,Il n'en existe pas à proximité de mon domicile,Il n'en existe pas à proximité de mon domicile,Il n'en existe pas à proximité de mon domicile,Non,Non,Non,Oui,2 à 3 fois par mois,Tous les jours ou presque,Jamais,Jamais,,,Moins d'une fois par mois,Jamais,Jamais,Moins d'une fois par mois,Jamais,Jamais,Tous les jours ou presque,Rejoindre ou quitter une gare/un aéroport/une station de transports en commun,,Entre 25 et 30 €,Je ne sais plus,La marche à pied,,,,Je ne sais pas,,,,,,,,,,,Le service n’est pas disponible dans les lieux que je fréquente ou que j'ai fréquentés,,,,,,,,Jamais,Jamais,Jamais,Jamais,Jamais,Souvent,Souvent,Jamais,Jamais,Souvent,Jamais,Si aucune autre offre de transport n'est disponible seulement,,,,Déplacement pour raison médicale remboursé par l’assurance maladie,,,,,,,,,,,,,,Je n'envisage pas de changements particuliers,,Oui,Plutôt pas d'accord,Plutôt pas d'accord,Plutôt d'accord,Plutôt pas d'accord,Plutôt pas d'accord,Plutôt pas d'accord,Tout à fait d'accord,Plutôt d'accord,Plutôt pas d'accord,Non,,,,,Non,,,,,De 5 000 € à 6 000 €,"Artisan.e, Commerçant.e, Chef.fe d'entreprise",40-49 ans,Aire urbaine entre 100 000 et 200 000 habitants,0.730240765
Une femme,,39,Bac + 5 (Master),,Actif.ve à temps plein (+32 h / semaine),Profession intermédiaire,En couple avec enfant(s),,6.0,4.0,4.0,Il y a plus de 12 mois,Non,Agglomération nantaise,,Oui,Uber,,45,Elevé,60,Très élevé,2,Mon ménage ne possède pas ce type de véhicule,1,3 ou plus,Mon ménage ne possède pas ce type de véhicule,Mon ménage ne possède pas ce type de véhicule,Mon ménage ne possède pas ce type de véhicule,"Oui, permis B",,Entre 5 et 10 minutes,Il n'en existe pas à proximité de mon domicile,Il n'en existe pas à proximité de mon domicile,Plus de 20 minutes,Non,Non,Je ne sais pas,Je ne sais pas,Moins d'une fois par mois,Tous les jours ou presque,2 à 3 fois par mois,Jamais,,,Jamais,Jamais,Jamais,Moins d'une fois par mois,Jamais,Jamais,Moins d'une fois par mois,Autre,me rendre chez des amis depuis l'aéroport,Entre 25 et 30 €,Entre 15 et 20 minutes,L'avion,,,,Oui,"Les transports en commun (métro, tram, bus, RER, TER)",,"C’était plus pratique (j’avais des bagages, …)",C'était plus rapide,,,,,,,Autre,,,pas l'utilité,,,,,Jamais,Jamais,Jamais,Jamais,Jamais,Souvent,Souvent,Exceptionnellement,Jamais,Jamais,Jamais,Service de meilleure qualité par rapport à d'autres moyens de transport,,,,Equipement en sièges pour enfants,,,,,,,,,,,,,,Je n'envisage pas de changements particuliers,,Non,,,,,,,,,,Non,,,,,Je ne sais pas,,,,,De 5 000 € à 6 000 €,Profession intermédiaire,30-39 ans,Aire urbaine de plus de 200 000 habitants (hors Paris),0.696563204
Un homme,,52,Bac + 5 (Master),,Actif.ve à temps plein (+32 h / semaine),"Artisan.e, Commerçant.e, Chef.fe d'entreprise",En couple avec enfant(s),,5.0,3.0,0.0,Il y a plus de 12 mois,Oui,,,Non,,,20,Adéquat,23,Adéquat,1,Mon ménage ne possède pas ce type de véhicule,Mon ménage ne possède pas ce type de véhicule,3 ou plus,Mon ménage ne possède pas ce type de véhicule,3 ou plus,Mon ménage ne possède pas ce type de véhicule,"Oui, permis B",,Moins de 5 minutes,Il n'en existe pas à proximité de mon domicile,Il n'en existe pas à proximité de mon domicile,Entre 5 et 10 minutes,Oui,Non,Je ne sais pas,Je ne sais pas,1 fois par semaine,2 à 3 fois par mois,1 fois par semaine,Moins d'une fois par mois,,,Moins d'une fois par mois,Jamais,Jamais,Tous les jours ou presque,2 à 3 fois par mois,Moins d'une fois par mois,2 à 3 fois par mois,Rejoindre ou quitter une gare/un aéroport/une station de transports en commun,,Plus de 35 €,Plus de 30 minutes,L'avion,,,,Oui,Un taxi,,Autre,,,Famille à déplacer avec les bagages,,,,,Autre,,,Pas de besoin,,,,,Jamais,Exceptionnellement,Jamais,Exceptionnellement,Jamais,Exceptionnellement,Exceptionnellement,Jamais,Jamais,Jamais,Jamais,Ça me permet de me déplacer facilement avec des proches,Ça me permet de me déplacer plus facilement en tant que personne à mobilité réduite,,,Aucun service supplémentaire,,,,,,,,,,,,,,J'utiliserai davantage le vélo ou marcherai plus,,Non,,,,,,,,,,Oui,Hors aire urbaine (zones rurales),,,Moins bien desservie,Je ne sais pas,,,,,De 6 000 € à 7 000 €,"Artisan.e, Commerçant.e, Chef.fe d'entreprise",50-59 ans,Aire urbaine de Paris,1.064092159
Un homme,,22,Bac + 3 (Licence),,Etudiant.e,,Autre,Chez mes parents,5.0,0.0,0.0,Il y a moins de 12 mois,Non,Ailleurs à l'étranger,,Oui,FreeNow,,24,Elevé,10,Elevé,2,Mon ménage ne possède pas ce type de véhicule,Mon ménage ne possède pas ce type de véhicule,2,Mon ménage ne possède pas ce type de véhicule,Mon ménage ne possède pas ce type de véhicule,Mon ménage ne possède pas ce type de véhicule,Non,,Moins de 5 minutes,Il n'en existe pas à proximité de mon domicile,Moins de 5 minutes,Entre 15 et 20 minutes,Oui,Non,Je ne sais pas,Oui,Tous les jours ou presque,,2 à 3 fois par semaine,,,,Jamais,Jamais,Jamais,2 à 3 fois par semaine,1 fois par mois,1 fois par mois,Tous les jours ou presque,Rejoindre ou quitter une gare/un aéroport/une station de transports en commun,,Entre 15 et 20 €,Entre 10 et 15 minutes,"Les transports en commun (métro, tram, bus, RER)","Le train (TER, Intercités, TGV)",L'avion,,Oui,Un taxi,,C'était plus rapide,"C'était plus sûr (pour arriver à l'heure, pour arriver sans me perdre...)",,,,,,,Le service est trop cher,Je préfère d’autres moyens de transport,Le service n’est pas disponible dans les lieux que je fréquente ou que j'ai fréquentés,,,,,,Souvent,Souvent,Exceptionnellement,Exceptionnellement,Souvent,Exceptionnellement,Souvent,Souvent,Exceptionnellement,Jamais,Jamais,Service de meilleure qualité par rapport à d'autres moyens de transport,Ça me permet de me déplacer plus facilement en tant que personne à mobilité réduite,Ça me permet de me déplacer avec mon animal de compagnie,,Equipement en sièges pour enfants,Transport de personnes à mobilité réduite (PMR) ou en situation de handicap,Déplacement pour raison médicale remboursé par l’assurance maladie,,,,,,,,,,,,Je n'envisage pas de changements particuliers,,Je ne sais pas,Plutôt pas d'accord,Plutôt pas d'accord,Plutôt d'accord,Plutôt d'accord,Tout à fait d'accord,Plutôt d'accord,Plutôt d'accord,Plutôt d'accord,Plutôt d'accord,Oui,Aire urbaine de plus de 200 000 habitants (hors aire urbaine de Paris),Dans la ville-centre d'une agglomération,,Mieux desservie,Je ne sais pas,,,,,De 10 000 € à 11 000 €,Inactifs et autres (hors retraités),18-29 ans,Aire urbaine de plus de 200 000 habitants (hors Paris),1.209308277
Une femme,,20,Bac + 5 (Master),,Actif.ve à temps plein (+32 h / semaine),"Cadre, Profession intellectuelle supérieure",Autre,seul,1.0,0.0,0.0,Il y a plus de 12 mois,Oui,,,Non,,,20,Elevé,40,Très élevé,2,2,2,3 ou plus,3 ou plus,2,2,"Oui, permis A (motos et scooters)","Oui, permis B",Entre 10 et 15 minutes,Entre 5 et 10 minutes,Moins de 5 minutes,Entre 5 et 10 minutes,Non,Oui,"Oui, seulement à certaines périodes de l'année",Oui,2 à 3 fois par semaine,Tous les jours ou presque,Tous les jours ou presque,1 fois par semaine,2 à 3 fois par semaine,2 à 3 fois par semaine,Tous les jours ou presque,2 à 3 fois par semaine,1 fois par semaine,1 fois par semaine,1 fois par semaine,1 fois par mois,2 à 3 fois par semaine,Déplacement professionnel,,Entre 10 et 15 €,Entre 20 et 30 minutes,"Un(e) voiture, moto ou scooter personnel(le)",,,,Oui,Une voiture personnelle,,C'était plus confortable,"C'était plus sécurisant (agressions, vols, etc.)",,,,,,,C'est trop compliqué à utiliser,,,,,,,,Exceptionnellement,Exceptionnellement,Exceptionnellement,Exceptionnellement,Exceptionnellement,Exceptionnellement,Exceptionnellement,Exceptionnellement,Exceptionnellement,Exceptionnellement,Exceptionnellement,Service de meilleur rapport qualité/prix par rapport aux taxis,,,,Aucun service supplémentaire,,,,,,,,,,,,,,J'utiliserai davantage le vélo ou marcherai plus,,Non,,,,,,,,,,Non,,,,,Oui,J’utiliserai davantage les transports en commun,,,,Moins de 1 000 €,"Cadre, Profession intellectuelle supérieure",18-29 ans,Aire urbaine de plus de 200 000 habitants (hors Paris),0.824404782
Une femme,,35,Baccalauréat,,Actif.ve à temps partiel (-32 h / semaine),Employé.e,Seul.e avec enfant(s),,2.0,1.0,1.0,Je n'en ai jamais utilisé,,,,,,,55,Elevé,70,Très élevé,1,Mon ménage ne possède pas ce type de véhicule,Mon ménage ne possède pas ce type de véhicule,Mon ménage ne possède pas ce type de véhicule,Mon ménage ne possède pas ce type de véhicule,Mon ménage ne possède pas ce type de véhicule,Mon ménage ne possède pas ce type de véhicule,"Oui, permis B",,Moins de 5 minutes,Il n'en existe pas à proximité de mon domicile,Il n'en existe pas à proximité de mon domicile,Entre 15 et 20 minutes,Non,Non,Je ne sais pas,Oui,1 fois par semaine,Tous les jours ou presque,Jamais,Jamais,,,,Jamais,Jamais,Jamais,Jamais,Jamais,2 à 3 fois par semaine,,,,,,,,,,,,,,,,Je ne connais pas ce service,Le service est trop cher,Le service n’est pas disponible dans les lieux que je fréquente ou que j'ai fréquentés,,,,,,,,,,Jamais,Jamais,Jamais,Jamais,Jamais,Jamais,Jamais,Jamais,Jamais,Jamais,Jamais,Service de meilleure qualité par rapport à d'autres moyens de transport,Ça me permet de me déplacer plus facilement en tant que personne à mobilité réduite,Ça me permet de me déplacer facilement avec des proches,,Transport de personnes à mobilité réduite (PMR) ou en situation de handicap,Equipement en sièges pour enfants,Déplacement pour raison médicale remboursé par l’assurance maladie,,,,,,,,,,,,Je n'envisage pas de changements particuliers,,Je ne sais pas,Pas d'accord du tout,Pas d'accord du tout,Pas d'accord du tout,Pas d'accord du tout,Pas d'accord du tout,Pas d'accord du tout,Pas d'accord du tout,Pas d'accord du tout,Pas d'accord du tout,Non,,,,,Je ne sais pas,,,,,De 1 000 € à 2 000 €,Employé.e,30-39 ans,Aire urbaine entre 100 000 et 200 000 habitants,0.62860607
Une femme,,37,Bac + 5 (Master),,Actif.ve à temps partiel (-32 h / semaine),"Cadre, Profession intellectuelle supérieure",En couple avec enfant(s),,4.0,2.0,2.0,Il y a plus de 12 mois,Non,Agglomération parisienne,,Oui,Uber,,10,Elevé,15,Elevé,1,1,Mon ménage ne possède pas ce type de véhicule,3 ou plus,Mon ménage ne possède pas ce type de véhicule,2,Mon ménage ne possède pas ce type de véhicule,"Oui, permis B",,Moins de 5 minutes,Il n'en existe pas à proximité de mon domicile,Il n'en existe pas à proximité de mon domicile,Entre 10 et 15 minutes,Non,Non,Je ne sais pas,Oui,2 à 3 fois par semaine,Tous les jours ou presque,1 fois par mois,Jamais,,,2 à 3 fois par semaine,Jamais,Jamais,Moins d'une fois par mois,Moins d'une fois par mois,Moins d'une fois par mois,Tous les jours ou presque,Déplacement domicile-travail ou domicile-études,,Plus de 35 €,Plus de 30 minutes,La marche à pied,,,,Je ne sais pas,,,,,,,,,,,Le service est trop cher,,,,,,,,Exceptionnellement,Jamais,Jamais,Jamais,Jamais,Exceptionnellement,Exceptionnellement,Exceptionnellement,Jamais,Exceptionnellement,Jamais,Si aucune autre offre de transport n'est disponible seulement,,,,Aucun service supplémentaire,,,,,,,,,,,,,,Je n'envisage pas de changements particuliers,,Non,,,,,,,,,,Je ne sais pas,Aire urbaine de moins de 100 000 habitants,En zone périurbaine d'une agglomération,,Je ne sais pas,Non,,,,,Plus de 12 000 €,"Cadre, Profession intellectuelle supérieure",30-39 ans,Aire urbaine de Paris,0.740905504
Un homme,,23,Bac + 3 (Licence),,Actif.ve à temps plein (+32 h / semaine),Employé.e,En colocation,,4.0,0.0,0.0,Je n'en ai jamais utilisé,,,,,,,12,Très élevé,7,Adéquat,3 ou plus,Mon ménage ne possède pas ce type de véhicule,Mon ménage ne possède pas ce type de véhicule,3 ou plus,Mon ménage ne possède pas ce type de véhicule,Mon ménage ne possède pas ce type de véhicule,Mon ménage ne possède pas ce type de véhicule,"Oui, permis B",,Entre 5 et 10 minutes,Il n'en existe pas à proximité de mon domicile,Il n'en existe pas à proximité de mon domicile,Plus de 20 minutes,Non,Non,Non,Non,Jamais,Tous les jours ou presque,Jamais,Jamais,,,2 à 3 fois par mois,Jamais,Jamais,Tous les jours ou presque,Jamais,Jamais,Moins d'une fois par mois,,,,,,,,,,,,,,,,Le service est trop cher,Je préfère le taxi,Je n'apprécie pas les marques de VTC,,,,,,,,,,Jamais,Jamais,Jamais,Jamais,Jamais,Jamais,Jamais,Jamais,Jamais,Jamais,Jamais,Si aucune autre offre de transport n'est disponible seulement,,,,Aucun service supplémentaire,,,,Il y a plus de 12 mois,A l'étranger,"Faire une sortie de loisir ou culturelle (restaurant, boîte de nuit, complexe sportif, musée, plage…)",,Je ne sais plus,Je ne sais plus,,,,,Je n'envisage pas de changements particuliers,,Non,,,,,,,,,,Oui,Aire urbaine de moins de 100 000 habitants,En première couronne d'une agglomération,,Je ne sais pas,Non,,,,,De 7 000 € à 8 000 €,Employé.e,18-29 ans,Aire urbaine de moins de 100 000 habitants,1.100994535
Une femme,,20,"Bac +2 (BTS, DUT)",,Actif.ve à temps plein (+32 h / semaine),Employé.e,Autre,Logé à titre gratuit ( enfant chez ses parents),4.0,2.0,0.0,Il y a plus de 12 mois,Oui,,,Oui,Heetch,,30,Adéquat,30,Adéquat,2,Mon ménage ne possède pas ce type de véhicule,Mon ménage ne possède pas ce type de véhicule,2,Mon ménage ne possède pas ce type de véhicule,Mon ménage ne possède pas ce type de véhicule,Mon ménage ne possède pas ce type de véhicule,"Oui, permis A (motos et scooters)",,Entre 10 et 15 minutes,Plus de 20 minutes,Plus de 20 minutes,Entre 5 et 10 minutes,Oui,Non,"Oui, tout le temps",Oui,2 à 3 fois par semaine,,2 à 3 fois par mois,,,Jamais,Moins d'une fois par mois,Moins d'une fois par mois,Moins d'une fois par mois,Tous les jours ou presque,Moins d'une fois par mois,Moins d'une fois par mois,Tous les jours ou presque,"Faire une sortie de loisir ou culturelle (restaurant, boîte de nuit, complexe sportif, musée, plage…)",,Entre 20 et 25 €,Entre 20 et 30 minutes,La marche à pied,,,,Oui,Un taxi,,"C'était plus sécurisant (agressions, vols, etc.)",,,,,,,,Le service est trop cher,,,,,,,,Exceptionnellement,Exceptionnellement,Exceptionnellement,Jamais,Jamais,Exceptionnellement,Jamais,Exceptionnellement,Jamais,Exceptionnellement,Jamais,Si aucune autre offre de transport n'est disponible seulement,Service de meilleur rapport qualité/prix par rapport aux taxis,,,Transport de personnes à mobilité réduite (PMR) ou en situation de handicap,Acceptation des animaux à bord,,,,,,,,,,,,,J'utiliserai davantage les transports en commun,,Non,,,,,,,,,,Oui,Aire urbaine de Paris,En première couronne d'une agglomération,,Aussi bien desservie,Je ne sais pas,,,,,De 4 000 à 5 000 €,Employé.e,18-29 ans,Aire urbaine de Paris,0.926588353
Une femme,,37,Sans diplôme,,Actif.ve à temps plein (+32 h / semaine),"Artisan.e, Commerçant.e, Chef.fe d'entreprise",Seul.e avec enfant(s),,3.0,2.0,2.0,Je n'en ai jamais utilisé,,,,,,,40,Très élevé,60,Très élevé,1,Mon ménage ne possède pas ce type de véhicule,Mon ménage ne possède pas ce type de véhicule,Mon ménage ne possède pas ce type de véhicule,Mon ménage ne possède pas ce type de véhicule,2,Mon ménage ne possède pas ce type de véhicule,"Oui, permis A (motos et scooters)","Oui, permis B",Moins de 5 minutes,Il n'en existe pas à proximité de mon domicile,Il n'en existe pas à proximité de mon domicile,Il n'en existe pas à proximité de mon domicile,Non,Non,"Oui, seulement à certaines périodes de l'année",Oui,Tous les jours ou presque,Tous les jours ou presque,Jamais,Jamais,,Jamais,,Moins d'une fois par mois,2 à 3 fois par mois,Jamais,Jamais,Jamais,2 à 3 fois par semaine,,,,,,,,,,,,,,,,Je ne connais pas ce service,,,,,,,,,,,,Jamais,Exceptionnellement,Jamais,Jamais,Exceptionnellement,Exceptionnellement,Jamais,Exceptionnellement,Jamais,Jamais,Jamais,Si aucune autre offre de transport n'est disponible seulement,,,,Equipement en sièges pour enfants,,,,,,,,,,,,,,Je n'envisage pas de changements particuliers,,Non,,,,,,,,,,Oui,Aire urbaine de plus de 200 000 habitants (hors aire urbaine de Paris),Dans la ville-centre d'une agglomération,,Mieux desservie,Oui,Je ne serai pas concerné par les restrictions,,,,De 2 000 € à 3 000 €,"Artisan.e, Commerçant.e, Chef.fe d'entreprise",30-39 ans,Aire urbaine de moins de 100 000 habitants,0.772091287
Une femme,,22,Bac + 3 (Licence),,Etudiant.e,,En colocation,,2.0,0.0,0.0,Je n'en ai jamais utilisé,,,,,,,45,Elevé,35,Elevé,Mon ménage ne possède pas ce type de véhicule,Mon ménage ne possède pas ce type de véhicule,Mon ménage ne possède pas ce type de véhicule,Mon ménage ne possède pas ce type de véhicule,Mon ménage ne possède pas ce type de véhicule,Mon ménage ne possède pas ce type de véhicule,Mon ménage ne possède pas ce type de véhicule,"Oui, permis B",,Moins de 5 minutes,Moins de 5 minutes,Moins de 5 minutes,Entre 15 et 20 minutes,Oui,Non,Je ne sais pas,Je ne sais pas,Tous les jours ou presque,,Moins d'une fois par mois,Moins d'une fois par mois,,,,Moins d'une fois par mois,Moins d'une fois par mois,Tous les jours ou presque,Moins d'une fois par mois,Moins d'une fois par mois,Moins d'une fois par mois,,,,,,,,,,,,,,,,Je préfère le taxi,Je préfère d'autres moyens de transport,Le service est trop cher,,,,,,,,,,Souvent,Souvent,Exceptionnellement,Exceptionnellement,Exceptionnellement,Exceptionnellement,Exceptionnellement,Exceptionnellement,Exceptionnellement,Exceptionnellement,Exceptionnellement,Ça me permet de me déplacer facilement avec des proches,Si aucune autre offre de transport n'est disponible seulement,Service de meilleure qualité par rapport à d'autres moyens de transport,,Aucun service supplémentaire,Equipement en sièges pour enfants,Déplacement pour raison médicale remboursé par l’assurance maladie,,Il y a moins de 12 mois,"En France, ailleurs que dans mon agglomération de résidence",Je ne sais plus,,Plus de 35 €,Entre 15 et 20 minutes,,,,,J'utiliserai davantage le vélo ou marcherai plus,,,,,,,,,,,,Non,,,,,Non,,,,,Moins de 1 000 €,Inactifs et autres (hors retraités),18-29 ans,Aire urbaine de plus de 200 000 habitants (hors Paris),1.020595013
Une femme,,63,Baccalauréat,,Actif.ve à temps plein (+32 h / semaine),Agriculteur.ice,En couple avec enfant(s),,4.0,2.0,0.0,Je n'en ai jamais utilisé,,,,,,,15,Adéquat,10,Adéquat,2,Mon ménage ne possède pas ce type de véhicule,Mon ménage ne possède pas ce type de véhicule,Mon ménage ne possède pas ce type de véhicule,Mon ménage ne possède pas ce type de véhicule,Mon ménage ne possède pas ce type de véhicule,Mon ménage ne possède pas ce type de véhicule,"Oui, permis B",,Moins de 5 minutes,Il n'en existe pas à proximité de mon domicile,Il n'en existe pas à proximité de mon domicile,Moins de 5 minutes,Non,Non,Je ne sais pas,Oui,Tous les jours ou presque,Tous les jours ou presque,Jamais,Jamais,,,,Jamais,Jamais,Moins d'une fois par mois,Moins d'une fois par mois,Jamais,Moins d'une fois par mois,,,,,,,,,,,,,,,,Je préfère d'autres moyens de transport,,,,,,,,,,,,Exceptionnellement,Exceptionnellement,Exceptionnellement,Jamais,Exceptionnellement,Exceptionnellement,Jamais,Jamais,Jamais,Exceptionnellement,Jamais,Si aucune autre offre de transport n'est disponible seulement,,,,Aucun service supplémentaire,,,,,,,,,,,,,,Je n'envisage pas de changements particuliers,,Je ne sais pas,Pas d'accord du tout,Pas d'accord du tout,Pas d'accord du tout,Pas d'accord du tout,Pas d'accord du tout,Pas d'accord du tout,Pas d'accord du tout,Pas d'accord du tout,Pas d'accord du tout,Non,,,,,Je ne sais pas,,,,,Je ne souhaite pas répondre,Agriculteur.ice,60 ans et plus,Aire urbaine de Paris,0.585964
Un homme,,24,Baccalauréat,,Actif.ve en recherche d'emploi,Employé.e,En colocation,,3.0,0.0,0.0,Je n'en ai jamais utilisé,,,,,,,5,Elevé,7,Très élevé,Mon ménage ne possède pas ce type de véhicule,Mon ménage ne possède pas ce type de véhicule,Mon ménage ne possède pas ce type de véhicule,Mon ménage ne possède pas ce type de véhicule,Mon ménage ne possède pas ce type de véhicule,Mon ménage ne possède pas ce type de véhicule,Mon ménage ne possède pas ce type de véhicule,Non,,Moins de 5 minutes,Entre 5 et 10 minutes,Entre 5 et 10 minutes,Entre 10 et 15 minutes,Oui,Non,"Oui, tout le temps",Oui,1 fois par semaine,,Jamais,,,,,Jamais,Jamais,Tous les jours ou presque,1 fois par semaine,2 à 3 fois par mois,Tous les jours ou presque,,,,,,,,,,,,,,,,Je n'apprécie pas les marques de VTC,,,,,,,,,,,,Exceptionnellement,Souvent,Souvent,Exceptionnellement,Jamais,Exceptionnellement,Souvent,Souvent,Souvent,A chaque fois,Souvent,Si aucune autre offre de transport n'est disponible seulement,,,,Equipement en sièges pour enfants,,,,,,,,,,,,,,Je n'envisage pas de changements particuliers,,,,,,,,,,,,Non,,,,,Non,,,,,Je ne souhaite pas répondre,En recherche d'emploi,18-29 ans,Aire urbaine de plus de 200 000 habitants (hors Paris),0.408923736
Une femme,,18,Baccalauréat,,Etudiant.e,,Autre,parents,5.0,3.0,1.0,Il y a moins de 12 mois,Non,Ailleurs à l'étranger,,Oui,Bolt,,40,Elevé,20,Adéquat,1,1,Mon ménage ne possède pas ce type de véhicule,3 ou plus,Mon ménage ne possède pas ce type de véhicule,2,Mon ménage ne possède pas ce type de véhicule,Non,,Moins de 5 minutes,Entre 15 et 20 minutes,Moins de 5 minutes,Moins de 5 minutes,Oui,Non,"Oui, tout le temps",Oui,Tous les jours ou presque,,Jamais,,,,Moins d'une fois par mois,Jamais,Jamais,1 fois par semaine,Moins d'une fois par mois,Moins d'une fois par mois,1 fois par semaine,"Faire une sortie de loisir ou culturelle (restaurant, boîte de nuit, complexe sportif, musée, plage…)",,Plus de 35 €,Entre 15 et 20 minutes,La marche à pied,,,,Oui,La marche à pied,,"C'était plus sûr (pour arriver à l'heure, pour arriver sans me perdre...)",C'était plus rapide,"C’était plus pratique (j’avais des bagages, …)",,,,,,Je préfère d’autres moyens de transport,,,,,,,,Jamais,Exceptionnellement,Jamais,Jamais,Jamais,Exceptionnellement,Jamais,Exceptionnellement,Jamais,Exceptionnellement,Jamais,Si aucune autre offre de transport n'est disponible seulement,,,,Aucun service supplémentaire,,,,,,,,,,,,,,Je n'envisage pas de changements particuliers,,Je ne sais pas,Ne se prononce pas,Pas d'accord du tout,Pas d'accord du tout,Pas d'accord du tout,Plutôt d'accord,Plutôt d'accord,Ne se prononce pas,Pas d'accord du tout,Ne se prononce pas,Je ne sais pas,Aire urbaine de Paris,Dans la ville-centre d'une agglomération,,Aussi bien desservie,Oui,J’adapterai mes horaires de déplacement,J’utiliserai davantage les transports en commun,,,Plus de 12 000 €,Inactifs et autres (hors retraités),18-29 ans,Aire urbaine de Paris,1.046426634
Un homme,,51,Bac + 5 (Master),,Actif.ve en recherche d'emploi,"Artisan.e, Commerçant.e, Chef.fe d'entreprise",En couple avec enfant(s),,4.0,2.0,0.0,Je n'en ai jamais utilisé,,,,,,,20,Faible,35,Adéquat,3 ou plus,Mon ménage ne possède pas ce type de véhicule,2,3 ou plus,Mon ménage ne possède pas ce type de véhicule,2,Mon ménage ne possède pas ce type de véhicule,"Oui, permis A (motos et scooters)","Oui, permis B",Entre 10 et 15 minutes,Il n'en existe pas à proximité de mon domicile,Il n'en existe pas à proximité de mon domicile,Il n'en existe pas à proximité de mon domicile,Non,Non,Je ne sais pas,Oui,2 à 3 fois par semaine,2 à 3 fois par semaine,2 à 3 fois par semaine,Jamais,1 fois par semaine,Jamais,2 à 3 fois par mois,Jamais,Jamais,Moins d'une fois par mois,Moins d'une fois par mois,Jamais,1 fois par semaine,,,,,,,,,,,,,,,,Autre,,,Pas utile,,,,,,,,,Jamais,Jamais,Jamais,Jamais,Jamais,Jamais,Jamais,Jamais,Jamais,Jamais,Jamais,Si aucune autre offre de transport n'est disponible seulement,,,,Embarquement d’un vélo ou d’un autre équipement encombrant,,,,,,,,,,,,,,Je n'envisage pas de changements particuliers,,Non,,,,,,,,,,Non,,,,,Oui,J'adapterai mon ou mes véhicule(s) ou en changerai,,,,De 5 000 € à 6 000 €,En recherche d'emploi,50-59 ans,Aire urbaine de plus de 200 000 habitants (hors Paris),0.418071966
Un homme,,33,Bac + 4 (Maîtrise),,Actif.ve à temps plein (+32 h / semaine),"Cadre, Profession intellectuelle supérieure",En couple avec enfant(s),,5.0,3.0,3.0,Il y a plus de 12 mois,Oui,Agglomération parisienne,,Oui,LeCab,,20,Adéquat,15,Adéquat,1,1,Mon ménage ne possède pas ce type de véhicule,Mon ménage ne possède pas ce type de véhicule,Mon ménage ne possède pas ce type de véhicule,Mon ménage ne possède pas ce type de véhicule,1,"Oui, permis A (motos et scooters)","Oui, permis B",Entre 5 et 10 minutes,Entre 10 et 15 minutes,Entre 10 et 15 minutes,Plus de 20 minutes,Oui,Non,"Oui, tout le temps",Oui,2 à 3 fois par mois,Tous les jours ou presque,Tous les jours ou presque,Moins d'une fois par mois,,Jamais,,Jamais,Jamais,2 à 3 fois par mois,Moins d'une fois par mois,2 à 3 fois par semaine,2 à 3 fois par semaine,Faire des courses ou des achats,,Entre 15 et 20 €,Entre 15 et 20 minutes,"Un(e) voiture, moto ou scooter personnel(le)",,,,Non,,,,,,,,,,,Autre,,,I use my car,,,,,Exceptionnellement,Exceptionnellement,Exceptionnellement,Exceptionnellement,Exceptionnellement,Exceptionnellement,Exceptionnellement,Exceptionnellement,Exceptionnellement,Exceptionnellement,Exceptionnellement,Ça me permet de me déplacer facilement avec des proches,Service de meilleure qualité par rapport à d'autres moyens de transport,Service de meilleur rapport qualité/prix par rapport aux taxis,,Acceptation des animaux à bord,"Aide au déménagement, pour le transport de mes effets personnels",,,,,,,,,,,,,J'utiliserai davantage les services de taxi ou de VTC,,Oui,Plutôt pas d'accord,Plutôt pas d'accord,Plutôt pas d'accord,Plutôt pas d'accord,Plutôt pas d'accord,Plutôt pas d'accord,Plutôt pas d'accord,Plutôt pas d'accord,Plutôt pas d'accord,Non,,,,,Non,,,,,Plus de 12 000 €,"Cadre, Profession intellectuelle supérieure",30-39 ans,Aire urbaine de Paris,0.877902741
Un homme,,46,Bac + 5 (Master),,Actif.ve à temps plein (+32 h / semaine),"Cadre, Profession intellectuelle supérieure",En couple avec enfant(s),,5.0,3.0,0.0,Je n'en ai jamais utilisé,,,,,,,15,Adéquat,25,Elevé,1,Mon ménage ne possède pas ce type de véhicule,Mon ménage ne possède pas ce type de véhicule,2,2,Mon ménage ne possède pas ce type de véhicule,Mon ménage ne possède pas ce type de véhicule,"Oui, permis B",,Il n'en existe pas à proximité de mon domicile,Il n'en existe pas à proximité de mon domicile,Il n'en existe pas à proximité de mon domicile,Entre 5 et 10 minutes,Non,Non,Non,Oui,2 à 3 fois par semaine,2 à 3 fois par semaine,Moins d'une fois par mois,Jamais,,,2 à 3 fois par semaine,Jamais,Jamais,Jamais,Jamais,Jamais,1 fois par mois,,,,,,,,,,,,,,,,Le service n’est pas disponible dans les lieux que je fréquente ou que j'ai fréquentés,Je préfère d'autres moyens de transport,,,,,,,,,,,Jamais,Jamais,Jamais,Jamais,Jamais,Exceptionnellement,Jamais,Exceptionnellement,Jamais,Jamais,Jamais,Si aucune autre offre de transport n'est disponible seulement,,,,Equipement en sièges pour enfants,,,,,,,,,,,,,,J'utiliserai davantage le vélo ou marcherai plus,,Non,,,,,,,,,,Non,,,,,Non,,,,,De 8 000 € à 9 000 €,"Cadre, Profession intellectuelle supérieure",40-49 ans,Aire urbaine de moins de 100 000 habitants,0.910468596
Un homme,,48,Supérieur à Bac + 5,,Actif.ve à temps partiel (-32 h / semaine),Profession intermédiaire,En couple avec enfant(s),,4.0,2.0,2.0,Je n'en ai jamais utilisé,,,,,,,6,Adéquat,15,Elevé,3 ou plus,Mon ménage ne possède pas ce type de véhicule,Mon ménage ne possède pas ce type de véhicule,3 ou plus,2,1,Mon ménage ne possède pas ce type de véhicule,"Oui, permis A (motos et scooters)","Oui, permis B",Il n'en existe pas à proximité de mon domicile,Il n'en existe pas à proximité de mon domicile,Il n'en existe pas à proximité de mon domicile,Il n'en existe pas à proximité de mon domicile,Je ne réside pas dans un lieu pourvu d'un réseau de transports en commun,Non,Non,Non,Tous les jours ou presque,Tous les jours ou presque,2 à 3 fois par mois,Jamais,,Jamais,Tous les jours ou presque,Jamais,Jamais,Jamais,Jamais,Jamais,1 fois par mois,,,,,,,,,,,,,,,,Le service n’est pas disponible dans les lieux que je fréquente ou que j'ai fréquentés,,,,,,,,,,,,Jamais,Exceptionnellement,Exceptionnellement,Jamais,Exceptionnellement,Souvent,Souvent,Souvent,Jamais,Exceptionnellement,Exceptionnellement,Service de meilleur rapport qualité/prix par rapport aux taxis,,,,Déplacement pour raison médicale remboursé par l’assurance maladie,Embarquement d’un vélo ou d’un autre équipement encombrant,,,,,,,,,,,,,J'utiliserai davantage le vélo ou marcherai plus,,Non,,,,,,,,,,Non,,,,,Non,,,,,De 8 000 € à 9 000 €,Profession intermédiaire,40-49 ans,Aire urbaine de moins de 100 000 habitants,0.87764326
Un homme,,21,Bac + 4 (Maîtrise),,Etudiant.e,,Autre,Chez mes parents,3.0,0.0,0.0,Je n'en ai jamais utilisé,,,,,,,25,Elevé,35,Très élevé,3 ou plus,Mon ménage ne possède pas ce type de véhicule,Mon ménage ne possède pas ce type de véhicule,3 ou plus,Mon ménage ne possède pas ce type de véhicule,Mon ménage ne possède pas ce type de véhicule,Mon ménage ne possède pas ce type de véhicule,"Oui, permis B",,Entre 10 et 15 minutes,Il n'en existe pas à proximité de mon domicile,Il n'en existe pas à proximité de mon domicile,Il n'en existe pas à proximité de mon domicile,Non,Non,Non,Non,Jamais,Tous les jours ou presque,Moins d'une fois par mois,Jamais,,,Jamais,Jamais,Jamais,Jamais,Jamais,Jamais,Tous les jours ou presque,,,,,,,,,,,,,,,,Le service n’est pas disponible dans les lieux que je fréquente ou que j'ai fréquentés,Je préfère d'autres moyens de transport,,,,,,,,,,,Exceptionnellement,Jamais,Jamais,Jamais,Exceptionnellement,Exceptionnellement,Exceptionnellement,Exceptionnellement,Jamais,Jamais,Jamais,Si aucune autre offre de transport n'est disponible seulement,,,,Transport de personnes à mobilité réduite (PMR) ou en situation de handicap,Acceptation des animaux à bord,,,,,,,,,,,,,J'utiliserai davantage une voiture ou un deux-roues motorisé personnel(le),,Non,,,,,,,,,,Je ne sais pas,Aire urbaine de 100 000 à 200 000 habitants,En deuxième couronne d'une agglomération,,Mieux desservie,Non,,,,,De 3 000 à 4 000 €,Inactifs et autres (hors retraités),18-29 ans,Aire urbaine de plus de 200 000 habitants (hors Paris),1.209308277
Une femme,,25,Baccalauréat,,Sans activité professionnelle,,En couple avec enfant(s),,5.0,0.0,3.0,Je n'en ai jamais utilisé,,,,,,,10,Faible,40,Elevé,2,Mon ménage ne possède pas ce type de véhicule,Mon ménage ne possède pas ce type de véhicule,Mon ménage ne possède pas ce type de véhicule,Mon ménage ne possède pas ce type de véhicule,1,Mon ménage ne possède pas ce type de véhicule,Non,,Entre 5 et 10 minutes,Entre 5 et 10 minutes,Entre 10 et 15 minutes,Moins de 5 minutes,Non,Non,Je ne sais pas,Oui,Tous les jours ou presque,,Jamais,,,,,Jamais,Jamais,1 fois par mois,Jamais,Jamais,1 fois par semaine,,,,,,,,,,,,,,,,C'est trop compliqué à utiliser,,,,,,,,,,,,Jamais,Jamais,Souvent,Jamais,Jamais,Jamais,Jamais,Jamais,A chaque fois,Jamais,Jamais,Ça me permet de me déplacer facilement avec des proches,,,,Equipement en sièges pour enfants,,,,,,,,,,,,,,J'utiliserai davantage les transports en commun,,Je ne sais pas,Plutôt d'accord,Plutôt pas d'accord,Tout à fait d'accord,Ne se prononce pas,Plutôt d'accord,Plutôt d'accord,Plutôt d'accord,Plutôt d'accord,Plutôt d'accord,Non,,,,,Non,,,,,Moins de 1 000 €,Inactifs et autres (hors retraités),18-29 ans,Aire urbaine entre 100 000 et 200 000 habitants,0.809903998
Une femme,,22,Bac + 3 (Licence),,Etudiant.e,,En colocation,,5.0,2.0,1.0,Il y a plus de 12 mois,Oui,,,Oui,Uber,,25,Elevé,35,Très élevé,3 ou plus,Mon ménage ne possède pas ce type de véhicule,Mon ménage ne possède pas ce type de véhicule,Mon ménage ne possède pas ce type de véhicule,Mon ménage ne possède pas ce type de véhicule,Mon ménage ne possède pas ce type de véhicule,Mon ménage ne possède pas ce type de véhicule,"Oui, permis B",,Entre 10 et 15 minutes,Plus de 20 minutes,Entre 5 et 10 minutes,Entre 10 et 15 minutes,Oui,Non,"Oui, seulement à certaines périodes de l'année",Je ne sais pas,Tous les jours ou presque,Jamais,Tous les jours ou presque,Jamais,,,,Moins d'une fois par mois,Jamais,Tous les jours ou presque,Jamais,2 à 3 fois par mois,2 à 3 fois par semaine,Rejoindre ou quitter une gare/un aéroport/une station de transports en commun,,Entre 30 et 35 €,Entre 20 et 30 minutes,La marche à pied,"Les transports en commun (métro, tram, bus, RER)","Le train (TER, Intercités, TGV)",,Non,,,,,,,,,,,Autre,Le service est trop cher,,Pas le besoin,,,,,Exceptionnellement,Exceptionnellement,Souvent,Souvent,Jamais,A chaque fois,Exceptionnellement,Souvent,Souvent,A chaque fois,Exceptionnellement,Service de meilleure qualité par rapport à d'autres moyens de transport,Service de meilleur rapport qualité/prix par rapport aux taxis,,,"Aide au déménagement, pour le transport de mes effets personnels",,,,,,,,,,,,,,Je n'envisage pas de changements particuliers,,Je ne sais pas,Ne se prononce pas,Ne se prononce pas,Ne se prononce pas,Ne se prononce pas,Ne se prononce pas,Ne se prononce pas,Ne se prononce pas,Ne se prononce pas,Ne se prononce pas,Non,,,,,Non,,,,,De 1 000 € à 2 000 €,Inactifs et autres (hors retraités),18-29 ans,Aire urbaine de plus de 200 000 habitants (hors Paris),1.020595013
Une femme,,23,Bac + 3 (Licence),,Etudiant.e,,Autre,A titre gratuit chez mes parents,6.0,3.0,1.0,Je n'en ai jamais utilisé,,,,,,,30,Elevé,30,Elevé,3 ou plus,Mon ménage ne possède pas ce type de véhicule,Mon ménage ne possède pas ce type de véhicule,2,Mon ménage ne possède pas ce type de véhicule,1,Mon ménage ne possède pas ce type de véhicule,"Oui, permis B",,Il n'en existe pas à proximité de mon domicile,Il n'en existe pas à proximité de mon domicile,Il n'en existe pas à proximité de mon domicile,Il n'en existe pas à proximité de mon domicile,Je ne réside pas dans un lieu pourvu d'un réseau de transports en commun,Non,Je ne sais pas,Non,Moins d'une fois par mois,Tous les jours ou presque,2 à 3 fois par semaine,Jamais,,,Jamais,Jamais,Jamais,2 à 3 fois par mois,Jamais,Jamais,2 à 3 fois par semaine,,,,,,,,,,,,,,,,,,,,,,,,,,,,Exceptionnellement,Exceptionnellement,Jamais,Exceptionnellement,Exceptionnellement,Exceptionnellement,Exceptionnellement,Souvent,Jamais,Exceptionnellement,Jamais,Si aucune autre offre de transport n'est disponible seulement,,,,Aucun service supplémentaire,,,,,,,,,,,,,,Je n'envisage pas de changements particuliers,,Non,,,,,,,,,,Je ne sais pas,Aire urbaine de moins de 100 000 habitants,En première couronne d'une agglomération,,Mieux desservie,Je ne sais pas,,,,,De 2 000 € à 3 000 €,Inactifs et autres (hors retraités),18-29 ans,Aire urbaine de plus de 200 000 habitants (hors Paris),1.020595013
Une femme,,20,Baccalauréat,,Actif.ve à temps partiel (-32 h / semaine),Employé.e,Autre,Chez mes parents,5.0,2.0,0.0,Je n'en ai jamais utilisé,,,,,,,20,Elevé,20,Elevé,3 ou plus,Mon ménage ne possède pas ce type de véhicule,3 ou plus,2,Mon ménage ne possède pas ce type de véhicule,Mon ménage ne possède pas ce type de véhicule,Mon ménage ne possède pas ce type de véhicule,"Oui, permis B",,Entre 10 et 15 minutes,Il n'en existe pas à proximité de mon domicile,Il n'en existe pas à proximité de mon domicile,Il n'en existe pas à proximité de mon domicile,Non,Non,Non,Je ne sais pas,2 à 3 fois par semaine,Tous les jours ou presque,2 à 3 fois par semaine,Jamais,,,Jamais,Jamais,Jamais,Jamais,Jamais,Jamais,Moins d'une fois par mois,,,,,,,,,,,,,,,,Le service n’est pas disponible dans les lieux que je fréquente ou que j'ai fréquentés,,,,,,,,,,,,Jamais,Jamais,Jamais,Exceptionnellement,Jamais,Exceptionnellement,Exceptionnellement,Exceptionnellement,Jamais,Jamais,Jamais,Si aucune autre offre de transport n'est disponible seulement,,,,Déplacement pour raison médicale remboursé par l’assurance maladie,Equipement en sièges pour enfants,Acceptation des animaux à bord,,,,,,,,,,,,J'utiliserai davantage une voiture ou un deux-roues motorisé personnel(le),,Je ne sais pas,Plutôt pas d'accord,Pas d'accord du tout,Pas d'accord du tout,Pas d'accord du tout,Plutôt d'accord,Pas d'accord du tout,Pas d'accord du tout,Pas d'accord du tout,Pas d'accord du tout,Oui,Hors aire urbaine (zones rurales),,,Moins bien desservie,Non,,,,,Je ne souhaite pas répondre,Employé.e,18-29 ans,Aire urbaine de moins de 100 000 habitants,0.929183694
Une femme,,27,Brevet des collèges,,Sans activité professionnelle,,Autre,Chez ma mère,2.0,0.0,0.0,Je n'en ai jamais utilisé,,,,,,,150,Très élevé,300,Très élevé,Mon ménage ne possède pas ce type de véhicule,Mon ménage ne possède pas ce type de véhicule,Mon ménage ne possède pas ce type de véhicule,Mon ménage ne possède pas ce type de véhicule,Mon ménage ne possède pas ce type de véhicule,Mon ménage ne possède pas ce type de véhicule,Mon ménage ne possède pas ce type de véhicule,Non,,Entre 10 et 15 minutes,Il n'en existe pas à proximité de mon domicile,Il n'en existe pas à proximité de mon domicile,Entre 15 et 20 minutes,Non,Non,Je ne sais pas,Oui,Tous les jours ou presque,,Jamais,,,,,Jamais,Jamais,Moins d'une fois par mois,Jamais,Jamais,Jamais,,,,,,,,,,,,,,,,Le service est trop cher,Le service n’est pas disponible dans les lieux que je fréquente ou que j'ai fréquentés,Je préfère d'autres moyens de transport,,,,,,,,,,Jamais,Jamais,Jamais,Jamais,Jamais,Jamais,Jamais,Jamais,Jamais,Jamais,Jamais,Si aucune autre offre de transport n'est disponible seulement,Ça me permet de me déplacer facilement avec des proches,Ça me permet de me déplacer avec mon animal de compagnie,,Déplacement pour raison médicale remboursé par l’assurance maladie,Acceptation des animaux à bord,Embarquement d’un vélo ou d’un autre équipement encombrant,,,,,,,,,,,,J'utiliserai davantage une voiture ou un deux-roues motorisé personnel(le),,,,,,,,,,,,Oui,Aire urbaine de moins de 100 000 habitants,Dans la ville-centre d'une agglomération,,Je ne sais pas,Je ne sais pas,,,,,Moins de 1 000 €,Inactifs et autres (hors retraités),18-29 ans,Aire urbaine de moins de 100 000 habitants,1.049357638
Une femme,,38,"CAP, BEP",,Actif.ve en recherche d'emploi,Employé.e,Seul.e avec enfant(s),,2.0,1.0,1.0,Je n'en ai jamais utilisé,,,,,,,12,Elevé,30,Adéquat,1,Mon ménage ne possède pas ce type de véhicule,Mon ménage ne possède pas ce type de véhicule,Mon ménage ne possède pas ce type de véhicule,Mon ménage ne possède pas ce type de véhicule,Mon ménage ne possède pas ce type de véhicule,Mon ménage ne possède pas ce type de véhicule,"Oui, permis B",,Entre 5 et 10 minutes,Il n'en existe pas à proximité de mon domicile,Il n'en existe pas à proximité de mon domicile,Il n'en existe pas à proximité de mon domicile,Non,Non,Je ne sais pas,Je ne sais pas,2 à 3 fois par semaine,2 à 3 fois par semaine,Jamais,Jamais,,,,Jamais,Jamais,Jamais,Jamais,Jamais,Moins d'une fois par mois,,,,,,,,,,,,,,,,Je ne connais pas ce service,,,,,,,,,,,,Jamais,Jamais,Jamais,Jamais,Jamais,Jamais,Jamais,Jamais,Jamais,Exceptionnellement,Jamais,Ça me permet de me déplacer plus facilement en tant que personne à mobilité réduite,,,,Transport de personnes à mobilité réduite (PMR) ou en situation de handicap,,,,,,,,,,,,,,Je n'envisage pas de changements particuliers,,Oui,Plutôt pas d'accord,Plutôt pas d'accord,Plutôt pas d'accord,Tout à fait d'accord,Tout à fait d'accord,Pas d'accord du tout,Pas d'accord du tout,Pas d'accord du tout,Pas d'accord du tout,Oui,Aire urbaine de moins de 100 000 habitants,En zone périurbaine d'une agglomération,,Moins bien desservie,Je ne sais pas,,,,,De 1 000 € à 2 000 €,En recherche d'emploi,30-39 ans,Aire urbaine de Paris,0.31015662
Une femme,,57,Bac + 4 (Maîtrise),,Actif.ve à temps plein (+32 h / semaine),"Cadre, Profession intellectuelle supérieure",Seul.e avec enfant(s),,2.0,1.0,0.0,Il y a plus de 12 mois,Oui,,,Oui,Je ne sais plus,,20,Adéquat,25,Elevé,Mon ménage ne possède pas ce type de véhicule,Mon ménage ne possède pas ce type de véhicule,Mon ménage ne possède pas ce type de véhicule,Mon ménage ne possède pas ce type de véhicule,Mon ménage ne possède pas ce type de véhicule,1,Mon ménage ne possède pas ce type de véhicule,"Oui, permis B",,Moins de 5 minutes,Entre 10 et 15 minutes,Moins de 5 minutes,Plus de 20 minutes,Non,Non,"Oui, tout le temps",Oui,Tous les jours ou presque,,Jamais,Moins d'une fois par mois,,,,2 à 3 fois par semaine,Jamais,2 à 3 fois par semaine,Moins d'une fois par mois,Jamais,1 fois par mois,"Accéder à des services (médicaux, administratifs...)",,Je ne sais plus,Entre 20 et 30 minutes,La marche à pied,,,,Oui,"Les transports en commun (métro, tram, bus, RER, TER)",,Autre,,,retour suite à un accident,,,,,Je n'apprécie pas les marques de VTC,Je préfère d’autres moyens de transport,Autre,je marche et prend s les transports en commun ou velib,,,,,Jamais,Exceptionnellement,Jamais,Jamais,Jamais,Jamais,Jamais,Jamais,Jamais,Jamais,Jamais,Si aucune autre offre de transport n'est disponible seulement,Autre,,je privilegie les transports en commun,"Aide au déménagement, pour le transport de mes effets personnels",Déplacement pour raison médicale remboursé par l’assurance maladie,,,,,,,,,,,,,Je n'envisage pas de changements particuliers,,,,,,,,,,,,Non,,,,,Je ne sais pas,,,,,De 2 000 € à 3 000 €,"Cadre, Profession intellectuelle supérieure",50-59 ans,Aire urbaine de Paris,0.864180718
Une femme,,44,"CAP, BEP",,Actif.ve à temps plein (+32 h / semaine),Ouvrier.ère,En couple avec enfant(s),,4.0,2.0,1.0,Je n'en ai jamais utilisé,,,,,,,20,Faible,30,Faible,1,Mon ménage ne possède pas ce type de véhicule,Mon ménage ne possède pas ce type de véhicule,Mon ménage ne possède pas ce type de véhicule,Mon ménage ne possède pas ce type de véhicule,1,1,"Oui, permis B",,Entre 5 et 10 minutes,Il n'en existe pas à proximité de mon domicile,Il n'en existe pas à proximité de mon domicile,Entre 10 et 15 minutes,Non,Non,Je ne sais pas,Je ne sais pas,2 à 3 fois par mois,Tous les jours ou presque,Tous les jours ou presque,Jamais,,,,Jamais,Jamais,Jamais,Jamais,Jamais,2 à 3 fois par mois,,,,,,,,,,,,,,,,Je ne connais pas ce service,,,,,,,,,,,,Exceptionnellement,Souvent,Souvent,Souvent,Exceptionnellement,Souvent,Souvent,Exceptionnellement,Jamais,Souvent,Exceptionnellement,Ça me permet de me déplacer facilement avec des proches,Service de meilleur rapport qualité/prix par rapport aux taxis,Service de meilleure qualité par rapport à d'autres moyens de transport,,Transport de personnes à mobilité réduite (PMR) ou en situation de handicap,Déplacement pour raison médicale remboursé par l’assurance maladie,Equipement en sièges pour enfants,,,,,,,,,,,,Je me déplacerai moins,,Non,,,,,,,,,,Non,,,,,Je ne sais pas,,,,,De 3 000 à 4 000 €,Ouvrier.ère,40-49 ans,Aire urbaine de Paris,0.906505977
Un homme,,44,Bac + 5 (Master),,Actif.ve à temps plein (+32 h / semaine),"Cadre, Profession intellectuelle supérieure",En couple avec enfant(s),,5.0,3.0,3.0,Il y a plus de 12 mois,Non,Agglomération marseillaise,,Oui,Uber,,30,Adéquat,40,Adéquat,Mon ménage ne possède pas ce type de véhicule,1,Mon ménage ne possède pas ce type de véhicule,1,2,Mon ménage ne possède pas ce type de véhicule,Mon ménage ne possède pas ce type de véhicule,"Oui, permis B",,Entre 5 et 10 minutes,Entre 5 et 10 minutes,Entre 5 et 10 minutes,Entre 5 et 10 minutes,Oui,Non,"Oui, tout le temps",Oui,Tous les jours ou presque,1 fois par semaine,1 fois par semaine,1 fois par mois,,,Tous les jours ou presque,Jamais,Jamais,Tous les jours ou presque,1 fois par mois,Moins d'une fois par mois,1 fois par semaine,Déplacement professionnel,,Entre 25 et 30 €,Entre 15 et 20 minutes,La marche à pied,,,,Oui,Un taxi,,C'était plus rapide,"C'était plus sûr (pour arriver à l'heure, pour arriver sans me perdre...)","C’était plus pratique (j’avais des bagages, …)",,,,,,Je préfère le taxi,Autre,,C'est ma société qui choisit,,,,,Jamais,Jamais,Jamais,Exceptionnellement,Jamais,Exceptionnellement,Jamais,Jamais,Jamais,Jamais,Jamais,Si aucune autre offre de transport n'est disponible seulement,Service de meilleur rapport qualité/prix par rapport aux taxis,Ça me permet de me déplacer avec mon animal de compagnie,,Aucun service supplémentaire,,,,Il y a moins de 12 mois,,,,,,Déplacement professionnel,,Entre 10 et 15 €,Entre 10 et 15 minutes,Je n'envisage pas de changements particuliers,,Non,,,,,,,,,,Non,,,,,Oui,,,,,De 6 000 € à 7 000 €,"Cadre, Profession intellectuelle supérieure",40-49 ans,Aire urbaine de plus de 200 000 habitants (hors Paris),0.885512884
Un homme,,51,Bac + 5 (Master),,Actif.ve à temps plein (+32 h / semaine),"Cadre, Profession intellectuelle supérieure",Seul.e avec enfant(s),,2.0,1.0,1.0,Je n'en ai jamais utilisé,,,,,,,20,Adéquat,25,Adéquat,1,Mon ménage ne possède pas ce type de véhicule,Mon ménage ne possède pas ce type de véhicule,2,Mon ménage ne possède pas ce type de véhicule,Mon ménage ne possède pas ce type de véhicule,Mon ménage ne possède pas ce type de véhicule,"Oui, permis B",,Moins de 5 minutes,Moins de 5 minutes,Moins de 5 minutes,Entre 5 et 10 minutes,Oui,Non,"Oui, tout le temps",Oui,Tous les jours ou presque,2 à 3 fois par semaine,1 fois par mois,1 fois par mois,,,Jamais,2 à 3 fois par mois,Jamais,Tous les jours ou presque,2 à 3 fois par mois,Jamais,1 fois par semaine,,,,,,,,,,,,,,,,Je préfère le taxi,Je n'apprécie pas les marques de VTC,Je préfère d'autres moyens de transport,,,,,,,,,,Jamais,Exceptionnellement,Jamais,Jamais,Exceptionnellement,Exceptionnellement,Jamais,Jamais,Jamais,Jamais,Jamais,Si aucune autre offre de transport n'est disponible seulement,,,,Aucun service supplémentaire,,,,Il y a moins de 12 mois,Dans mon agglomération de résidence,Rejoindre ou quitter une gare/un aéroport/une station de transports en commun,,Plus de 35 €,Plus de 30 minutes,,,,,Je n'envisage pas de changements particuliers,,Non,,,,,,,,,,Non,,,,,Oui,J'adapterai mon ou mes véhicule(s) ou en changerai,,,,De 7 000 € à 8 000 €,"Cadre, Profession intellectuelle supérieure",50-59 ans,Aire urbaine de Paris,1.023972175
Une femme,,34,"Bac +2 (BTS, DUT)",,Actif.ve à temps partiel (-32 h / semaine),Profession intermédiaire,En couple avec enfant(s),,5.0,3.0,3.0,Il y a plus de 12 mois,Non,Agglomération lyonnaise,,Oui,Uber,,10,Elevé,15,Elevé,2,Mon ménage ne possède pas ce type de véhicule,Mon ménage ne possède pas ce type de véhicule,3 ou plus,Mon ménage ne possède pas ce type de véhicule,2,Mon ménage ne possède pas ce type de véhicule,"Oui, permis B",,Il n'en existe pas à proximité de mon domicile,Il n'en existe pas à proximité de mon domicile,Il n'en existe pas à proximité de mon domicile,Plus de 20 minutes,Je ne réside pas dans un lieu pourvu d'un réseau de transports en commun,Non,Non,Je ne sais pas,Moins d'une fois par mois,Tous les jours ou presque,2 à 3 fois par semaine,Jamais,,,Moins d'une fois par mois,Jamais,Jamais,Moins d'une fois par mois,Jamais,Jamais,2 à 3 fois par mois,"Faire une sortie de loisir ou culturelle (restaurant, boîte de nuit, complexe sportif, musée, plage…)",,Je ne sais plus,Je ne sais plus,La marche à pied,,,,Oui,Une voiture personnelle,,C'était plus confortable,"C'était plus sécurisant (agressions, vols, etc.)",C'était plus rapide,,,,,,Autre,,,Pas de vrac dans ma ville,,,,,Jamais,Exceptionnellement,Exceptionnellement,Jamais,Jamais,Exceptionnellement,Exceptionnellement,Jamais,Jamais,Exceptionnellement,Jamais,Si aucune autre offre de transport n'est disponible seulement,Ça me permet de me déplacer facilement avec des proches,,,Equipement en sièges pour enfants,Déplacement pour raison médicale remboursé par l’assurance maladie,Transport de personnes à mobilité réduite (PMR) ou en situation de handicap,,,,,,,,,,,,J'utiliserai davantage le vélo ou marcherai plus,,Non,,,,,,,,,,Non,,,,,Non,,,,,De 5 000 € à 6 000 €,Profession intermédiaire,30-39 ans,Aire urbaine de moins de 100 000 habitants,0.716193896
Une femme,,24,Baccalauréat,,Etudiant.e,,En couple avec enfant(s),,5.0,4.0,3.0,Il y a moins de 12 mois,Non,Agglomération parisienne,,Non,,,800,Très élevé,800,Elevé,2,1,1,1,1,2,3 ou plus,Non,,Entre 10 et 15 minutes,Entre 10 et 15 minutes,Moins de 5 minutes,Plus de 20 minutes,Oui,Non,"Oui, tout le temps",Oui,1 fois par mois,,Tous les jours ou presque,,,,Tous les jours ou presque,Tous les jours ou presque,2 à 3 fois par semaine,1 fois par mois,1 fois par mois,Tous les jours ou presque,Tous les jours ou presque,Déplacement domicile-travail ou domicile-études,,Entre 5 et 10 €,Moins de 10 minutes,"Un(e) voiture, moto ou scooter personnel(le)",,,,Non,,,,,,,,,,,Le service n’est pas disponible dans les lieux que je fréquente ou que j'ai fréquentés,,,,,,,,Exceptionnellement,Souvent,A chaque fois,Exceptionnellement,Jamais,A chaque fois,A chaque fois,Souvent,A chaque fois,A chaque fois,Souvent,Service de meilleure qualité par rapport à d'autres moyens de transport,,,,Equipement en sièges pour enfants,,,,,,,,,,,,,,J'utiliserai davantage les services de taxi ou de VTC,,Oui,Tout à fait d'accord,Plutôt d'accord,Plutôt pas d'accord,Pas d'accord du tout,Tout à fait d'accord,Ne se prononce pas,Pas d'accord du tout,Pas d'accord du tout,Plutôt pas d'accord,Non,,,,,Oui,J’utiliserai davantage les transports en commun,,,,Moins de 1 000 €,Inactifs et autres (hors retraités),18-29 ans,Aire urbaine de Paris,1.046426634
Une femme,,43,Bac + 4 (Maîtrise),,Actif.ve à temps plein (+32 h / semaine),"Cadre, Profession intellectuelle supérieure",Seul.e avec enfant(s),,1.0,1.0,1.0,Il y a moins de 12 mois,Non,Agglomération parisienne,,Non,,,20,Elevé,14,Adéquat,Mon ménage ne possède pas ce type de véhicule,Mon ménage ne possède pas ce type de véhicule,Mon ménage ne possède pas ce type de véhicule,2,Mon ménage ne possède pas ce type de véhicule,Mon ménage ne possède pas ce type de véhicule,Mon ménage ne possède pas ce type de véhicule,"Oui, permis B",,Moins de 5 minutes,Entre 15 et 20 minutes,Moins de 5 minutes,Moins de 5 minutes,Oui,Non,"Oui, tout le temps",Oui,Tous les jours ou presque,,2 à 3 fois par mois,Jamais,,,1 fois par semaine,Jamais,Jamais,Tous les jours ou presque,1 fois par mois,1 fois par mois,Tous les jours ou presque,Rejoindre ou quitter une gare/un aéroport/une station de transports en commun,,Entre 25 et 30 €,Plus de 30 minutes,La marche à pied,,,,Oui,Un taxi,,C'était moins cher,,,,,,,,Je préfère le taxi,,,,,,,,Jamais,Souvent,Exceptionnellement,Souvent,Exceptionnellement,A chaque fois,A chaque fois,Souvent,Exceptionnellement,A chaque fois,Exceptionnellement,Si aucune autre offre de transport n'est disponible seulement,Ça me permet de me déplacer plus facilement en tant que personne à mobilité réduite,Ça me permet de me déplacer facilement avec des proches,,Equipement en sièges pour enfants,Déplacement pour raison médicale remboursé par l’assurance maladie,"Aide au déménagement, pour le transport de mes effets personnels",,Il y a moins de 12 mois,,,,,,Rejoindre ou quitter une gare/un aéroport/une station de transports en commun,,Entre 30 et 35 €,Plus de 30 minutes,J'utiliserai davantage les transports en commun,,,,,,,,,,,,Non,,,,,Oui,,,,,De 2 000 € à 3 000 €,"Cadre, Profession intellectuelle supérieure",40-49 ans,Aire urbaine de Paris,0.766243219
Un homme,,24,"Bac +2 (BTS, DUT)",,Actif.ve en recherche d'emploi,Ouvrier.ère,Autre,3 adulte séparé,3.0,0.0,0.0,Je n'en ai jamais utilisé,,,,,,,50,Très élevé,70,Très élevé,1,Mon ménage ne possède pas ce type de véhicule,Mon ménage ne possède pas ce type de véhicule,Mon ménage ne possède pas ce type de véhicule,Mon ménage ne possède pas ce type de véhicule,Mon ménage ne possède pas ce type de véhicule,1,Non,,Entre 5 et 10 minutes,Moins de 5 minutes,Il n'en existe pas à proximité de mon domicile,Plus de 20 minutes,Oui,Non,"Oui, tout le temps",Oui,2 à 3 fois par semaine,,2 à 3 fois par mois,,,,,Jamais,Jamais,2 à 3 fois par semaine,Jamais,Jamais,Moins d'une fois par mois,,,,,,,,,,,,,,,,C'est trop compliqué à utiliser,Je préfère d'autres moyens de transport,Le service est trop cher,,,,,,,,,,Jamais,Jamais,Jamais,Jamais,Jamais,Jamais,Jamais,Jamais,Jamais,Jamais,Jamais,Si aucune autre offre de transport n'est disponible seulement,Service de meilleur rapport qualité/prix par rapport aux taxis,Ça me permet de me déplacer avec mon animal de compagnie,,Acceptation des animaux à bord,Equipement en sièges pour enfants,Aucun service supplémentaire,,,,,,,,,,,,J'utiliserai davantage les transports en commun,,Non,,,,,,,,,,Non,,,,,Oui,Je ne serai pas concerné par les restrictions,,,,De 1 000 € à 2 000 €,En recherche d'emploi,18-29 ans,Aire urbaine de plus de 200 000 habitants (hors Paris),0.408923736
Un homme,,39,"Bac +2 (BTS, DUT)",,Actif.ve à temps plein (+32 h / semaine),Profession intermédiaire,En couple avec enfant(s),,6.0,4.0,3.0,Je n'en ai jamais utilisé,,,,,,,40,Elevé,70,Très élevé,1,Mon ménage ne possède pas ce type de véhicule,Mon ménage ne possède pas ce type de véhicule,3 ou plus,Mon ménage ne possède pas ce type de véhicule,3 ou plus,Mon ménage ne possède pas ce type de véhicule,"Oui, permis B",,Moins de 5 minutes,Il n'en existe pas à proximité de mon domicile,Il n'en existe pas à proximité de mon domicile,Entre 15 et 20 minutes,Non,Non,Je ne sais pas,Je ne sais pas,2 à 3 fois par semaine,Tous les jours ou presque,Jamais,Jamais,,,1 fois par mois,Jamais,Jamais,Jamais,Jamais,Jamais,1 fois par semaine,,,,,,,,,,,,,,,,Le service est trop cher,Je préfère d'autres moyens de transport,,,,,,,,,,,Jamais,Jamais,Jamais,Jamais,Jamais,Jamais,Jamais,Jamais,Jamais,Jamais,Jamais,Si aucune autre offre de transport n'est disponible seulement,,,,Aucun service supplémentaire,,,,,,,,,,,,,,Je n'envisage pas de changements particuliers,,Non,,,,,,,,,,Je ne sais pas,Aire urbaine de moins de 100 000 habitants,Autre,campagne,Je ne sais pas,Je ne sais pas,,,,,De 3 000 à 4 000 €,Profession intermédiaire,30-39 ans,Aire urbaine de moins de 100 000 habitants,0.84862183
Un homme,,37,Bac + 3 (Licence),,Actif.ve à temps plein (+32 h / semaine),Ouvrier.ère,En couple avec enfant(s),,5.0,3.0,3.0,Il y a plus de 12 mois,Oui,,,Oui,Heetch,,25,Très élevé,30,Très élevé,1,Mon ménage ne possède pas ce type de véhicule,Mon ménage ne possède pas ce type de véhicule,1,Mon ménage ne possède pas ce type de véhicule,1,Mon ménage ne possède pas ce type de véhicule,"Oui, permis B",,Entre 5 et 10 minutes,Entre 5 et 10 minutes,Il n'en existe pas à proximité de mon domicile,Entre 10 et 15 minutes,Oui,Non,"Oui, tout le temps",Oui,1 fois par semaine,2 à 3 fois par semaine,Moins d'une fois par mois,1 fois par mois,,,2 à 3 fois par semaine,2 à 3 fois par mois,2 à 3 fois par mois,Tous les jours ou presque,1 fois par mois,1 fois par mois,Tous les jours ou presque,Rejoindre ou quitter une gare/un aéroport/une station de transports en commun,,Entre 20 et 25 €,Entre 15 et 20 minutes,Aucun,,,,Je ne sais pas,,,,,,,,,,,Le service est trop cher,Je préfère d’autres moyens de transport,,,,,,,Exceptionnellement,Exceptionnellement,Exceptionnellement,Exceptionnellement,Exceptionnellement,Souvent,Exceptionnellement,Exceptionnellement,Jamais,Exceptionnellement,Jamais,Service de meilleur rapport qualité/prix par rapport aux taxis,Si aucune autre offre de transport n'est disponible seulement,Ça me permet de me déplacer facilement avec des proches,,"Aide au déménagement, pour le transport de mes effets personnels",Equipement en sièges pour enfants,,,,,,,,,,,,,J'utiliserai davantage les transports en commun,,Je ne sais pas,Pas d'accord du tout,Pas d'accord du tout,Plutôt d'accord,Plutôt d'accord,Tout à fait d'accord,Pas d'accord du tout,Plutôt d'accord,Plutôt pas d'accord,Pas d'accord du tout,Je ne sais pas,Aire urbaine de plus de 200 000 habitants (hors aire urbaine de Paris),En deuxième couronne d'une agglomération,,Aussi bien desservie,Non,,,,,De 3 000 à 4 000 €,Ouvrier.ère,30-39 ans,Aire urbaine de Paris,1.038605057
Un homme,,49,"Bac +2 (BTS, DUT)",,Actif.ve en recherche d'emploi,"Cadre, Profession intellectuelle supérieure",Seul.e avec enfant(s),,4.0,3.0,0.0,Je n'en ai jamais utilisé,,,,,,,50,Elevé,80,Très élevé,Mon ménage ne possède pas ce type de véhicule,1,Mon ménage ne possède pas ce type de véhicule,1,Mon ménage ne possède pas ce type de véhicule,1,Mon ménage ne possède pas ce type de véhicule,"Oui, permis B",,Entre 5 et 10 minutes,Il n'en existe pas à proximité de mon domicile,Il n'en existe pas à proximité de mon domicile,Entre 10 et 15 minutes,Oui,Non,Je ne sais pas,Oui,Tous les jours ou presque,2 à 3 fois par semaine,Moins d'une fois par mois,Jamais,,,1 fois par mois,Jamais,Jamais,2 à 3 fois par mois,Jamais,Jamais,Tous les jours ou presque,,,,,,,,,,,,,,,,Je préfère d'autres moyens de transport,Autre,,Je n'y pense pas et ne connais pas le mode opératoire,,,,,,,,,Exceptionnellement,Exceptionnellement,Jamais,Exceptionnellement,Exceptionnellement,Exceptionnellement,Exceptionnellement,Exceptionnellement,Exceptionnellement,Exceptionnellement,Exceptionnellement,Si aucune autre offre de transport n'est disponible seulement,Autre,,Si le véhicule est écologique,Transport de personnes à mobilité réduite (PMR) ou en situation de handicap,Embarquement d’un vélo ou d’un autre équipement encombrant,Déplacement pour raison médicale remboursé par l’assurance maladie,,,,,,,,,,,,J'utiliserai davantage les transports en commun,,Non,,,,,,,,,,Non,,,,,Oui,,,,,De 3 000 à 4 000 €,En recherche d'emploi,40-49 ans,Aire urbaine de moins de 100 000 habitants,0.381138838
Un homme,,56,Baccalauréat,,Sans activité professionnelle,,En couple avec enfant(s),,5.0,3.0,0.0,Je n'en ai jamais utilisé,,,,,,,10,Elevé,15,Elevé,1,Mon ménage ne possède pas ce type de véhicule,Mon ménage ne possède pas ce type de véhicule,1,Mon ménage ne possède pas ce type de véhicule,Mon ménage ne possède pas ce type de véhicule,Mon ménage ne possède pas ce type de véhicule,"Oui, permis B",,Moins de 5 minutes,Entre 5 et 10 minutes,Moins de 5 minutes,Entre 5 et 10 minutes,Oui,Non,Je ne sais pas,Je ne sais pas,Tous les jours ou presque,2 à 3 fois par semaine,Jamais,Jamais,,,Moins d'une fois par mois,Jamais,Jamais,2 à 3 fois par semaine,Jamais,Jamais,2 à 3 fois par mois,,,,,,,,,,,,,,,,Je préfère d'autres moyens de transport,Je ne connais pas ce service,Le service est trop cher,,,,,,,,,,Jamais,Exceptionnellement,Jamais,Jamais,Jamais,Exceptionnellement,Jamais,Jamais,Jamais,Jamais,Jamais,Si aucune autre offre de transport n'est disponible seulement,Service de meilleur rapport qualité/prix par rapport aux taxis,Service de meilleure qualité par rapport à d'autres moyens de transport,,Embarquement d’un vélo ou d’un autre équipement encombrant,Déplacement pour raison médicale remboursé par l’assurance maladie,Acceptation des animaux à bord,,,,,,,,,,,,J'utiliserai davantage le vélo ou marcherai plus,,Oui,Plutôt d'accord,Plutôt pas d'accord,Plutôt pas d'accord,Tout à fait d'accord,Plutôt pas d'accord,Tout à fait d'accord,Tout à fait d'accord,Plutôt pas d'accord,Plutôt pas d'accord,Je ne sais pas,Hors aire urbaine (zones rurales),,,Moins bien desservie,Je ne sais pas,,,,,De 1 000 € à 2 000 €,Inactifs et autres (hors retraités),50-59 ans,Aire urbaine de plus de 200 000 habitants (hors Paris),1.236362294
Une femme,,33,Sans diplôme,,Actif.ve à temps partiel (-32 h / semaine),Employé.e,En couple avec enfant(s),,3.0,1.0,1.0,Je n'en ai jamais utilisé,,,,,,,10,Elevé,30,Elevé,Mon ménage ne possède pas ce type de véhicule,Mon ménage ne possède pas ce type de véhicule,Mon ménage ne possède pas ce type de véhicule,Mon ménage ne possède pas ce type de véhicule,Mon ménage ne possède pas ce type de véhicule,Mon ménage ne possède pas ce type de véhicule,1,Non,,Moins de 5 minutes,Il n'en existe pas à proximité de mon domicile,Entre 5 et 10 minutes,Entre 5 et 10 minutes,Non,Non,Non,Non,2 à 3 fois par semaine,,Jamais,,,,,Jamais,Jamais,2 à 3 fois par semaine,Jamais,Jamais,1 fois par mois,,,,,,,,,,,,,,,,Je ne connais pas ce service,,,,,,,,,,,,Jamais,Jamais,Jamais,Jamais,Jamais,Jamais,Jamais,Jamais,Jamais,Jamais,Jamais,Autre,,,Je connais pas,Autre,,,Je connais pas,,,,,,,,,,,Autre,Je connais pas,,,,,,,,,,,Je ne sais pas,Aire urbaine de Paris,Dans la ville-centre d'une agglomération,,Mieux desservie,Je ne sais pas,,,,,Moins de 1 000 €,Employé.e,30-39 ans,Aire urbaine de Paris,0.812182846
Une femme,,41,Bac + 3 (Licence),,Actif.ve à temps partiel (-32 h / semaine),Ouvrier.ère,En couple avec enfant(s),,4.0,2.0,2.0,Je n'en ai jamais utilisé,,,,,,,50,Adéquat,100,Elevé,2,Mon ménage ne possède pas ce type de véhicule,Mon ménage ne possède pas ce type de véhicule,2,Mon ménage ne possède pas ce type de véhicule,Mon ménage ne possède pas ce type de véhicule,Mon ménage ne possède pas ce type de véhicule,"Oui, permis B",,Moins de 5 minutes,Il n'en existe pas à proximité de mon domicile,Il n'en existe pas à proximité de mon domicile,Entre 15 et 20 minutes,Non,Non,Je ne sais pas,Oui,Tous les jours ou presque,Tous les jours ou presque,Jamais,Jamais,,,1 fois par mois,Jamais,Jamais,1 fois par mois,Jamais,Jamais,Jamais,,,,,,,,,,,,,,,,Je ne connais pas ce service,Je préfère d'autres moyens de transport,,,,,,,,,,,Jamais,Jamais,Jamais,Jamais,Jamais,Exceptionnellement,Exceptionnellement,Exceptionnellement,Jamais,Jamais,Jamais,Service de meilleur rapport qualité/prix par rapport aux taxis,Si aucune autre offre de transport n'est disponible seulement,,,Equipement en sièges pour enfants,Déplacement pour raison médicale remboursé par l’assurance maladie,,,,,,,,,,,,,J'utiliserai davantage les transports en commun,,Non,,,,,,,,,,Oui,Aire urbaine de moins de 100 000 habitants,En deuxième couronne d'une agglomération,,Moins bien desservie,Je ne sais pas,,,,,De 3 000 à 4 000 €,Ouvrier.ère,40-49 ans,Aire urbaine entre 100 000 et 200 000 habitants,0.70160945
Une femme,,46,"Bac +2 (BTS, DUT)",,Actif.ve en recherche d'emploi,Employé.e,En couple avec enfant(s),,5.0,3.0,0.0,Je n'en ai jamais utilisé,,,,,,,50,Elevé,80,Très élevé,3 ou plus,Mon ménage ne possède pas ce type de véhicule,Mon ménage ne possède pas ce type de véhicule,2,Mon ménage ne possède pas ce type de véhicule,1,Mon ménage ne possède pas ce type de véhicule,"Oui, permis B",,Entre 5 et 10 minutes,Il n'en existe pas à proximité de mon domicile,Il n'en existe pas à proximité de mon domicile,Entre 15 et 20 minutes,Oui,Non,Je ne sais pas,Non,Jamais,Tous les jours ou presque,2 à 3 fois par semaine,Jamais,,,2 à 3 fois par mois,Jamais,Jamais,1 fois par mois,Jamais,Jamais,Moins d'une fois par mois,,,,,,,,,,,,,,,,Le service est trop cher,,,,,,,,,,,,Exceptionnellement,Exceptionnellement,Exceptionnellement,Jamais,Exceptionnellement,Exceptionnellement,Exceptionnellement,Exceptionnellement,Jamais,Souvent,Souvent,Ça me permet de me déplacer plus facilement en tant que personne à mobilité réduite,Service de meilleur rapport qualité/prix par rapport aux taxis,,,Déplacement pour raison médicale remboursé par l’assurance maladie,Transport de personnes à mobilité réduite (PMR) ou en situation de handicap,,,,,,,,,,,,,Je me déplacerai moins,,Je ne sais pas,Ne se prononce pas,Ne se prononce pas,Pas d'accord du tout,Pas d'accord du tout,Ne se prononce pas,Plutôt pas d'accord,Pas d'accord du tout,Plutôt pas d'accord,Plutôt pas d'accord,Je ne sais pas,Hors aire urbaine (zones rurales),,,Moins bien desservie,Oui,J’adapterai mes horaires de déplacement,J'adapterai mon ou mes véhicule(s) ou en changerai,J’utiliserai davantage les transports en commun,,De 2 000 € à 3 000 €,En recherche d'emploi,40-49 ans,Aire urbaine de plus de 200 000 habitants (hors Paris),0.312845228
Une femme,,23,Bac + 5 (Master),,Actif.ve à temps plein (+32 h / semaine),"Cadre, Profession intellectuelle supérieure",En colocation,,4.0,0.0,0.0,Il y a moins de 12 mois,Non,Ailleurs à l'étranger,,Oui,Bolt,,25,Très élevé,40,Très élevé,1,Mon ménage ne possède pas ce type de véhicule,Mon ménage ne possède pas ce type de véhicule,Mon ménage ne possède pas ce type de véhicule,Mon ménage ne possède pas ce type de véhicule,Mon ménage ne possède pas ce type de véhicule,Mon ménage ne possède pas ce type de véhicule,Non,,Moins de 5 minutes,Il n'en existe pas à proximité de mon domicile,Il n'en existe pas à proximité de mon domicile,Moins de 5 minutes,Oui,Non,"Oui, tout le temps",Oui,Tous les jours ou presque,,Jamais,,,,,Jamais,Jamais,Tous les jours ou presque,1 fois par mois,2 à 3 fois par mois,2 à 3 fois par semaine,Rejoindre ou quitter une gare/un aéroport/une station de transports en commun,,Entre 10 et 15 €,Entre 10 et 15 minutes,"Les transports en commun (métro, tram, bus, RER)",,,,Non,,,,,,,,,,,Je préfère d’autres moyens de transport,Le service est trop cher,Autre,pas besoin,,,,,Jamais,Souvent,Exceptionnellement,Souvent,Souvent,A chaque fois,A chaque fois,A chaque fois,Exceptionnellement,Souvent,Souvent,Service de meilleure qualité par rapport à d'autres moyens de transport,Si aucune autre offre de transport n'est disponible seulement,Ça me permet de me déplacer facilement avec des proches,,Acceptation des animaux à bord,Déplacement pour raison médicale remboursé par l’assurance maladie,"Aide au déménagement, pour le transport de mes effets personnels",,,,,,,,,,,,Je n'envisage pas de changements particuliers,,Je ne sais pas,Pas d'accord du tout,Pas d'accord du tout,Pas d'accord du tout,Pas d'accord du tout,Pas d'accord du tout,Pas d'accord du tout,Pas d'accord du tout,Pas d'accord du tout,Pas d'accord du tout,Oui,Aire urbaine de Paris,En deuxième couronne d'une agglomération,,Aussi bien desservie,Non,,,,,De 3 000 à 4 000 €,"Cadre, Profession intellectuelle supérieure",18-29 ans,Aire urbaine de Paris,0.845270759
Un homme,,79,Bac + 4 (Maîtrise),,Retraité.e,,En couple avec enfant(s),,2.0,0.0,0.0,Je n'en ai jamais utilisé,,,,,,,50,Très élevé,50,Très élevé,1,Mon ménage ne possède pas ce type de véhicule,Mon ménage ne possède pas ce type de véhicule,Mon ménage ne possède pas ce type de véhicule,Mon ménage ne possède pas ce type de véhicule,Mon ménage ne possède pas ce type de véhicule,Mon ménage ne possède pas ce type de véhicule,"Oui, permis B",,Moins de 5 minutes,Entre 15 et 20 minutes,Moins de 5 minutes,Entre 15 et 20 minutes,Non,Non,Je ne sais pas,Oui,Tous les jours ou presque,1 fois par semaine,1 fois par semaine,Jamais,,,,Jamais,Jamais,1 fois par semaine,Jamais,Jamais,Jamais,,,,,,,,,,,,,,,,Je ne connais pas ce service,Je préfère d'autres moyens de transport,Le service est trop cher,,,,,,,,,,Jamais,Jamais,Jamais,Jamais,Jamais,Jamais,Jamais,Jamais,Jamais,Jamais,Jamais,Si aucune autre offre de transport n'est disponible seulement,Ça me permet de me déplacer plus facilement en tant que personne à mobilité réduite,Autre,proche de chez moi,Aucun service supplémentaire,Transport de personnes à mobilité réduite (PMR) ou en situation de handicap,,,,,,,,,,,,,Je me déplacerai moins,,Non,,,,,,,,,,Non,,,,,Oui,Je ne serai pas concerné par les restrictions,,,,De 3 000 à 4 000 €,Retraités,60 ans et plus,Aire urbaine de plus de 200 000 habitants (hors Paris),1.096959588
Un homme,,44,"Bac +2 (BTS, DUT)",,Sans activité professionnelle,,Seul.e avec enfant(s),,2.0,1.0,1.0,Je n'en ai jamais utilisé,,,,,,,40,Elevé,20,Adéquat,1,Mon ménage ne possède pas ce type de véhicule,Mon ménage ne possède pas ce type de véhicule,2,Mon ménage ne possède pas ce type de véhicule,Mon ménage ne possède pas ce type de véhicule,Mon ménage ne possède pas ce type de véhicule,"Oui, permis B",,Moins de 5 minutes,Il n'en existe pas à proximité de mon domicile,Il n'en existe pas à proximité de mon domicile,Entre 15 et 20 minutes,Non,Non,Je ne sais pas,Oui,2 à 3 fois par semaine,2 à 3 fois par semaine,1 fois par semaine,Moins d'une fois par mois,,,2 à 3 fois par mois,Jamais,Jamais,Moins d'une fois par mois,Jamais,Jamais,Moins d'une fois par mois,,,,,,,,,,,,,,,,Le service n’est pas disponible dans les lieux que je fréquente ou que j'ai fréquentés,,,,,,,,,,,,Exceptionnellement,Exceptionnellement,Exceptionnellement,Exceptionnellement,Exceptionnellement,Exceptionnellement,Exceptionnellement,Exceptionnellement,Exceptionnellement,Exceptionnellement,Exceptionnellement,Si aucune autre offre de transport n'est disponible seulement,Service de meilleur rapport qualité/prix par rapport aux taxis,,,Déplacement pour raison médicale remboursé par l’assurance maladie,"Aide au déménagement, pour le transport de mes effets personnels",,,,,,,,,,,,,Je n'envisage pas de changements particuliers,,Je ne sais pas,Ne se prononce pas,Ne se prononce pas,Ne se prononce pas,Ne se prononce pas,Ne se prononce pas,Ne se prononce pas,Ne se prononce pas,Ne se prononce pas,Ne se prononce pas,Je ne sais pas,Aire urbaine de moins de 100 000 habitants,En zone périurbaine d'une agglomération,,Aussi bien desservie,Non,,,,,De 1 000 € à 2 000 €,Inactifs et autres (hors retraités),40-49 ans,Aire urbaine de moins de 100 000 habitants,1.127140124
Un homme,,53,"CAP, BEP",,Actif.ve en recherche d'emploi,Profession intermédiaire,Seul.e avec enfant(s),,3.0,2.0,1.0,Je n'en ai jamais utilisé,,,,,,,15,Très élevé,10,Adéquat,1,Mon ménage ne possède pas ce type de véhicule,Mon ménage ne possède pas ce type de véhicule,Mon ménage ne possède pas ce type de véhicule,Mon ménage ne possède pas ce type de véhicule,Mon ménage ne possède pas ce type de véhicule,Mon ménage ne possède pas ce type de véhicule,"Oui, permis B",,Moins de 5 minutes,Il n'en existe pas à proximité de mon domicile,Il n'en existe pas à proximité de mon domicile,Entre 5 et 10 minutes,Oui,Non,Non,Oui,Tous les jours ou presque,Tous les jours ou presque,Jamais,Jamais,,,,Jamais,Jamais,2 à 3 fois par semaine,Moins d'une fois par mois,Jamais,Jamais,,,,,,,,,,,,,,,,Le service n’est pas disponible dans les lieux que je fréquente ou que j'ai fréquentés,Le service est trop cher,,,,,,,,,,,Jamais,Jamais,Jamais,Jamais,Jamais,Jamais,Jamais,Exceptionnellement,Jamais,Exceptionnellement,Jamais,Si aucune autre offre de transport n'est disponible seulement,,,,Déplacement pour raison médicale remboursé par l’assurance maladie,Acceptation des animaux à bord,"Aide au déménagement, pour le transport de mes effets personnels",,,,,,,,,,,,Je n'envisage pas de changements particuliers,,Non,,,,,,,,,,Oui,Aire urbaine de 100 000 à 200 000 habitants,Autre,campagne loin de tout et de tout le monde,Je ne sais pas,Non,,,,,De 1 000 € à 2 000 €,En recherche d'emploi,50-59 ans,Aire urbaine de plus de 200 000 habitants (hors Paris),0.418071966
Un homme,,18,Brevet des collèges,,Etudiant.e,,Autre,avec parent,3.0,1.0,0.0,Je n'en ai jamais utilisé,,,,,,,30,Adéquat,40,Elevé,1,Mon ménage ne possède pas ce type de véhicule,Mon ménage ne possède pas ce type de véhicule,Mon ménage ne possède pas ce type de véhicule,Mon ménage ne possède pas ce type de véhicule,Mon ménage ne possède pas ce type de véhicule,Mon ménage ne possède pas ce type de véhicule,Non,,Moins de 5 minutes,Il n'en existe pas à proximité de mon domicile,Il n'en existe pas à proximité de mon domicile,Entre 5 et 10 minutes,Non,Non,Je ne sais pas,Je ne sais pas,Tous les jours ou presque,,2 à 3 fois par semaine,,,,,Jamais,Jamais,2 à 3 fois par semaine,Jamais,Jamais,2 à 3 fois par mois,,,,,,,,,,,,,,,,Autre,,,je n'en ai pas l'utilité,,,,,,,,,Jamais,Jamais,Jamais,Jamais,Jamais,Jamais,Jamais,Exceptionnellement,Jamais,Jamais,Jamais,Service de meilleur rapport qualité/prix par rapport aux taxis,,,,Déplacement pour raison médicale remboursé par l’assurance maladie,,,,,,,,,,,,,,Je n'envisage pas de changements particuliers,,Non,,,,,,,,,,Non,,,,,Je ne sais pas,,,,,Je ne souhaite pas répondre,Inactifs et autres (hors retraités),18-29 ans,Aire urbaine entre 100 000 et 200 000 habitants,0.959659411
Une femme,,24,Baccalauréat,,Actif.ve en recherche d'emploi,Ouvrier.ère,Autre,Loge a titre gratuit,3.0,0.0,0.0,Je n'en ai jamais utilisé,,,,,,,10,Elevé,20,Elevé,1,Mon ménage ne possède pas ce type de véhicule,Mon ménage ne possède pas ce type de véhicule,Mon ménage ne possède pas ce type de véhicule,Mon ménage ne possède pas ce type de véhicule,Mon ménage ne possède pas ce type de véhicule,Mon ménage ne possède pas ce type de véhicule,"Oui, permis B",,Moins de 5 minutes,Il n'en existe pas à proximité de mon domicile,Il n'en existe pas à proximité de mon domicile,Entre 5 et 10 minutes,Non,Non,Je ne sais pas,Oui,2 à 3 fois par mois,Tous les jours ou presque,Tous les jours ou presque,Jamais,,,,Jamais,Jamais,Jamais,Jamais,Jamais,Moins d'une fois par mois,,,,,,,,,,,,,,,,Je ne connais pas ce service,Le service n’est pas disponible dans les lieux que je fréquente ou que j'ai fréquentés,Je préfère d'autres moyens de transport,,,,,,,,,,Jamais,Exceptionnellement,Jamais,Jamais,Exceptionnellement,Souvent,Souvent,Souvent,Exceptionnellement,Exceptionnellement,Jamais,Si aucune autre offre de transport n'est disponible seulement,Service de meilleur rapport qualité/prix par rapport aux taxis,Service de meilleure qualité par rapport à d'autres moyens de transport,,Transport de personnes à mobilité réduite (PMR) ou en situation de handicap,"Aide au déménagement, pour le transport de mes effets personnels",Equipement en sièges pour enfants,,,,,,,,,,,,Je n'envisage pas de changements particuliers,,Non,,,,,,,,,,Non,,,,,Je ne sais pas,,,,,Je ne souhaite pas répondre,En recherche d'emploi,18-29 ans,Aire urbaine de moins de 100 000 habitants,0.354836938
Un homme,,53,Bac + 3 (Licence),,Actif.ve en recherche d'emploi,Ouvrier.ère,Seul.e sans enfant,,,,,Je n'en ai jamais utilisé,,,,,,,25,Elevé,20,Adéquat,1,Mon ménage ne possède pas ce type de véhicule,Mon ménage ne possède pas ce type de véhicule,Mon ménage ne possède pas ce type de véhicule,Mon ménage ne possède pas ce type de véhicule,Mon ménage ne possède pas ce type de véhicule,Mon ménage ne possède pas ce type de véhicule,"Oui, permis B",,Moins de 5 minutes,Il n'en existe pas à proximité de mon domicile,Il n'en existe pas à proximité de mon domicile,Plus de 20 minutes,Non,Non,Je ne sais pas,Oui,2 à 3 fois par semaine,Tous les jours ou presque,Jamais,Jamais,,,,Jamais,Jamais,Moins d'une fois par mois,Jamais,Jamais,1 fois par semaine,,,,,,,,,,,,,,,,Le service n’est pas disponible dans les lieux que je fréquente ou que j'ai fréquentés,,,,,,,,,,,,Exceptionnellement,Jamais,Jamais,Jamais,Jamais,Exceptionnellement,Exceptionnellement,Jamais,Jamais,Jamais,Jamais,Si aucune autre offre de transport n'est disponible seulement,,,,Acceptation des animaux à bord,,,,,,,,,,,,,,J'utiliserai davantage une voiture ou un deux-roues motorisé personnel(le),,Je ne sais pas,Pas d'accord du tout,Pas d'accord du tout,Pas d'accord du tout,Pas d'accord du tout,Pas d'accord du tout,Pas d'accord du tout,Plutôt pas d'accord,Pas d'accord du tout,Pas d'accord du tout,Non,,,,,Je ne sais pas,,,,,Moins de 1 000 €,En recherche d'emploi,50-59 ans,Aire urbaine entre 100 000 et 200 000 habitants,0.331765443
Un homme,,44,"Bac +2 (BTS, DUT)",,Actif.ve à temps plein (+32 h / semaine),Employé.e,En couple avec enfant(s),,5.0,3.0,3.0,Je n'en ai jamais utilisé,,,,,,,50,Elevé,50,Elevé,1,1,Mon ménage ne possède pas ce type de véhicule,1,Mon ménage ne possède pas ce type de véhicule,Mon ménage ne possède pas ce type de véhicule,Mon ménage ne possède pas ce type de véhicule,"Oui, permis B",,Moins de 5 minutes,Il n'en existe pas à proximité de mon domicile,Il n'en existe pas à proximité de mon domicile,Plus de 20 minutes,Non,Non,"Oui, tout le temps",Oui,2 à 3 fois par semaine,Tous les jours ou presque,Jamais,Jamais,,,2 à 3 fois par mois,Jamais,Jamais,Jamais,Jamais,Jamais,Jamais,,,,,,,,,,,,,,,,Le service n’est pas disponible dans les lieux que je fréquente ou que j'ai fréquentés,,,,,,,,,,,,Jamais,Exceptionnellement,Jamais,Exceptionnellement,Jamais,Exceptionnellement,Exceptionnellement,Exceptionnellement,Jamais,Jamais,Jamais,Service de meilleure qualité par rapport à d'autres moyens de transport,,,,Acceptation des animaux à bord,Equipement en sièges pour enfants,,,,,,,,,,,,,Je n'envisage pas de changements particuliers,,Non,,,,,,,,,,Non,,,,,Non,,,,,De 4 000 à 5 000 €,Employé.e,40-49 ans,Aire urbaine entre 100 000 et 200 000 habitants,0.770310783
Un homme,,58,"CAP, BEP",,Actif.ve à temps partiel (-32 h / semaine),"Artisan.e, Commerçant.e, Chef.fe d'entreprise",Seul.e sans enfant,,,,,Il y a plus de 12 mois,Oui,,,Non,,,15,Elevé,20,Elevé,1,Mon ménage ne possède pas ce type de véhicule,Mon ménage ne possède pas ce type de véhicule,1,Mon ménage ne possède pas ce type de véhicule,Mon ménage ne possède pas ce type de véhicule,Mon ménage ne possède pas ce type de véhicule,"Oui, permis B",,Moins de 5 minutes,Plus de 20 minutes,Moins de 5 minutes,Plus de 20 minutes,Oui,Non,"Oui, tout le temps",Oui,Tous les jours ou presque,Moins d'une fois par mois,Moins d'une fois par mois,Jamais,,,Moins d'une fois par mois,Jamais,Jamais,Tous les jours ou presque,Jamais,Jamais,Moins d'une fois par mois,Déplacement professionnel,,Entre 25 et 30 €,Entre 20 et 30 minutes,La marche à pied,"Les transports en commun (métro, tram, bus, RER)",,,Non,,,,,,,,,,,Je préfère d’autres moyens de transport,Le service est trop cher,,,,,,,Jamais,Jamais,Jamais,Exceptionnellement,Jamais,Jamais,Jamais,Jamais,Jamais,Jamais,Jamais,Si aucune autre offre de transport n'est disponible seulement,,,,Déplacement pour raison médicale remboursé par l’assurance maladie,,,,,,,,,,,,,,J'utiliserai davantage les transports en commun,,Non,,,,,,,,,,Non,,,,,Non,,,,,Moins de 1 000 €,"Artisan.e, Commerçant.e, Chef.fe d'entreprise",50-59 ans,Aire urbaine de Paris,1.064092159
Une femme,,42,"Bac +2 (BTS, DUT)",,Actif.ve à temps plein (+32 h / semaine),Employé.e,En couple avec enfant(s),,6.0,4.0,0.0,Il y a plus de 12 mois,Oui,,,Oui,FreeNow,,56,Elevé,60,Elevé,3 ou plus,1,2,Mon ménage ne possède pas ce type de véhicule,Mon ménage ne possède pas ce type de véhicule,Mon ménage ne possède pas ce type de véhicule,Mon ménage ne possède pas ce type de véhicule,"Oui, permis B",,Il n'en existe pas à proximité de mon domicile,Il n'en existe pas à proximité de mon domicile,Il n'en existe pas à proximité de mon domicile,Plus de 20 minutes,Je ne réside pas dans un lieu pourvu d'un réseau de transports en commun,Non,Non,Oui,2 à 3 fois par semaine,Tous les jours ou presque,Moins d'une fois par mois,Jamais,,,,Jamais,Jamais,Jamais,Jamais,Moins d'une fois par mois,1 fois par semaine,Rejoindre ou quitter une gare/un aéroport/une station de transports en commun,,Entre 20 et 25 €,Entre 15 et 20 minutes,"Le train (TER, Intercités, TGV)",,,,Je ne sais pas,,,,,,,,,,,Le service n’est pas disponible dans les lieux que je fréquente ou que j'ai fréquentés,,,,,,,,Exceptionnellement,Souvent,Jamais,Souvent,Exceptionnellement,A chaque fois,A chaque fois,Souvent,Jamais,Exceptionnellement,Jamais,Ça me permet de me déplacer plus facilement en tant que personne à mobilité réduite,,,,Déplacement pour raison médicale remboursé par l’assurance maladie,Transport de personnes à mobilité réduite (PMR) ou en situation de handicap,,,,,,,,,,,,,Je n'envisage pas de changements particuliers,,Oui,Pas d'accord du tout,Plutôt pas d'accord,Tout à fait d'accord,Plutôt d'accord,Plutôt pas d'accord,Pas d'accord du tout,Pas d'accord du tout,Pas d'accord du tout,Pas d'accord du tout,Non,,,,,Non,,,,,De 3 000 à 4 000 €,Employé.e,40-49 ans,Aire urbaine entre 100 000 et 200 000 habitants,0.650103334
Une femme,,32,"Bac +2 (BTS, DUT)",,Actif.ve à temps plein (+32 h / semaine),"Artisan.e, Commerçant.e, Chef.fe d'entreprise",Autre,mère,2.0,0.0,0.0,Je n'en ai jamais utilisé,,,,,,,3,Adéquat,25,Elevé,1,Mon ménage ne possède pas ce type de véhicule,Mon ménage ne possède pas ce type de véhicule,Mon ménage ne possède pas ce type de véhicule,Mon ménage ne possède pas ce type de véhicule,Mon ménage ne possède pas ce type de véhicule,Mon ménage ne possède pas ce type de véhicule,"Oui, permis B",,Moins de 5 minutes,Il n'en existe pas à proximité de mon domicile,Il n'en existe pas à proximité de mon domicile,Moins de 5 minutes,Non,Non,Non,Non,2 à 3 fois par mois,Jamais,2 à 3 fois par semaine,Jamais,,,,Jamais,Jamais,Jamais,Jamais,Jamais,Jamais,,,,,,,,,,,,,,,,Le service est trop cher,Je préfère d'autres moyens de transport,,,,,,,,,,,Jamais,Jamais,Jamais,Jamais,Jamais,Jamais,Jamais,Jamais,Jamais,Jamais,Jamais,Autre,,,je n'y aurais pas recours,"Aide au déménagement, pour le transport de mes effets personnels",,,,,,,,,,,,,,Je n'envisage pas de changements particuliers,,Non,,,,,,,,,,Non,,,,,Non,,,,,De 1 000 € à 2 000 €,"Artisan.e, Commerçant.e, Chef.fe d'entreprise",30-39 ans,Aire urbaine de moins de 100 000 habitants,0.772091287
Une femme,,24,Bac + 4 (Maîtrise),,Etudiant.e,,Autre,4,4.0,0.0,0.0,Il y a plus de 12 mois,Oui,,,Oui,Bolt,,500,Adéquat,400,Adéquat,Mon ménage ne possède pas ce type de véhicule,1,1,Mon ménage ne possède pas ce type de véhicule,Mon ménage ne possède pas ce type de véhicule,Mon ménage ne possède pas ce type de véhicule,Mon ménage ne possède pas ce type de véhicule,"Oui, permis A (motos et scooters)",,Moins de 5 minutes,Entre 5 et 10 minutes,Entre 10 et 15 minutes,Entre 15 et 20 minutes,Oui,Oui,"Oui, seulement à certaines périodes de l'année",Oui,Tous les jours ou presque,,2 à 3 fois par semaine,,Tous les jours ou presque,1 fois par semaine,,Moins d'une fois par mois,Jamais,Tous les jours ou presque,1 fois par semaine,1 fois par mois,1 fois par mois,Faire des courses ou des achats,,Entre 30 et 35 €,Entre 10 et 15 minutes,"Le train (TER, Intercités, TGV)",,,,Non,,,,,,,,,,,Je préfère le taxi,,,,,,,,Souvent,A chaque fois,A chaque fois,A chaque fois,Souvent,Souvent,Souvent,A chaque fois,Souvent,A chaque fois,A chaque fois,Service de meilleure qualité par rapport à d'autres moyens de transport,Ça me permet de me déplacer facilement avec des proches,,,Acceptation des animaux à bord,"Aide au déménagement, pour le transport de mes effets personnels",Déplacement pour raison médicale remboursé par l’assurance maladie,,Il y a plus de 12 mois,,,,,,Rejoindre ou quitter une gare/un aéroport/une station de transports en commun,,Entre 30 et 35 €,Entre 10 et 15 minutes,J'utiliserai davantage une voiture ou un deux-roues motorisé personnel(le),,Non,,,,,,,,,,Oui,Aire urbaine de Paris,Dans la ville-centre d'une agglomération,,Mieux desservie,Oui,,,,,De 4 000 à 5 000 €,Inactifs et autres (hors retraités),18-29 ans,Aire urbaine de moins de 100 000 habitants,1.049357638
Un homme,,21,Bac + 5 (Master),,Etudiant.e,,Autre,CHEZ MES PARENTS,4.0,0.0,0.0,Il y a moins de 12 mois,Non,Ailleurs à l'étranger,,Oui,Bolt,,30,Elevé,40,Elevé,3 ou plus,Mon ménage ne possède pas ce type de véhicule,Mon ménage ne possède pas ce type de véhicule,3 ou plus,2,1,Mon ménage ne possède pas ce type de véhicule,"Oui, permis B",,Moins de 5 minutes,Plus de 20 minutes,Plus de 20 minutes,Plus de 20 minutes,Non,Non,"Oui, tout le temps",Oui,Tous les jours ou presque,2 à 3 fois par semaine,1 fois par semaine,Jamais,,,Tous les jours ou presque,2 à 3 fois par semaine,2 à 3 fois par semaine,2 à 3 fois par semaine,Jamais,Moins d'une fois par mois,Tous les jours ou presque,"Faire une sortie de loisir ou culturelle (restaurant, boîte de nuit, complexe sportif, musée, plage…)",,Entre 15 et 20 €,Entre 10 et 15 minutes,La marche à pied,,,,Oui,"Les transports en commun (métro, tram, bus, RER, TER)",,C'était plus rapide,"C’était plus pratique (j’avais des bagages, …)","C'était plus sûr (pour arriver à l'heure, pour arriver sans me perdre...)",,,,,,Le service est trop cher,Je préfère d’autres moyens de transport,,,,,,,Exceptionnellement,Exceptionnellement,Exceptionnellement,Souvent,Exceptionnellement,A chaque fois,Souvent,Exceptionnellement,Jamais,Jamais,Jamais,Service de meilleur rapport qualité/prix par rapport aux taxis,Service de meilleure qualité par rapport à d'autres moyens de transport,Si aucune autre offre de transport n'est disponible seulement,,Déplacement pour raison médicale remboursé par l’assurance maladie,Embarquement d’un vélo ou d’un autre équipement encombrant,Aucun service supplémentaire,,,,,,,,,,,,J'utiliserai davantage le vélo ou marcherai plus,,Non,,,,,,,,,,Oui,Aire urbaine de 100 000 à 200 000 habitants,En première couronne d'une agglomération,,Mieux desservie,Oui,J'adapterai mon ou mes véhicule(s) ou en changerai,J’utiliserai davantage les transports en commun,J’adapterai mes horaires de déplacement,,De 6 000 € à 7 000 €,Inactifs et autres (hors retraités),18-29 ans,Aire urbaine de plus de 200 000 habitants (hors Paris),1.209308277
Un homme,,53,Bac + 5 (Master),,Actif.ve à temps plein (+32 h / semaine),Profession intermédiaire,En couple avec enfant(s),,5.0,3.0,1.0,Il y a moins de 12 mois,Non,Agglomération parisienne,,Oui,Uber,,15,Adéquat,20,Elevé,2,Mon ménage ne possède pas ce type de véhicule,Mon ménage ne possède pas ce type de véhicule,2,Mon ménage ne possède pas ce type de véhicule,Mon ménage ne possède pas ce type de véhicule,Mon ménage ne possède pas ce type de véhicule,"Oui, permis A (motos et scooters)","Oui, permis B",Entre 5 et 10 minutes,Il n'en existe pas à proximité de mon domicile,Il n'en existe pas à proximité de mon domicile,Entre 5 et 10 minutes,Non,Non,Non,Oui,1 fois par semaine,Tous les jours ou presque,1 fois par mois,Moins d'une fois par mois,,Jamais,2 à 3 fois par mois,Moins d'une fois par mois,Moins d'une fois par mois,1 fois par semaine,1 fois par mois,1 fois par mois,1 fois par mois,"Faire une sortie de loisir ou culturelle (restaurant, boîte de nuit, complexe sportif, musée, plage…)",,Entre 15 et 20 €,Entre 20 et 30 minutes,"Le train (TER, Intercités, TGV)",,,,Oui,Un taxi,,"C’était plus pratique (j’avais des bagages, …)",C'était moins cher,"C'était plus sécurisant (agressions, vols, etc.)",,,,,,Le service n’est pas disponible dans les lieux que je fréquente ou que j'ai fréquentés,,,,,,,,Exceptionnellement,Exceptionnellement,Souvent,A chaque fois,Souvent,A chaque fois,A chaque fois,Souvent,Exceptionnellement,Souvent,Souvent,Service de meilleur rapport qualité/prix par rapport aux taxis,Ça me permet de me déplacer facilement avec des proches,Service de meilleure qualité par rapport à d'autres moyens de transport,,Aucun service supplémentaire,,,,,,,,,,,,,,Je n'envisage pas de changements particuliers,,Non,,,,,,,,,,Non,,,,,Non,,,,,De 6 000 € à 7 000 €,Profession intermédiaire,50-59 ans,Aire urbaine de moins de 100 000 habitants,0.989819373
Une femme,,32,Bac + 3 (Licence),,Actif.ve à temps partiel (-32 h / semaine),Profession intermédiaire,En couple avec enfant(s),,5.0,3.0,3.0,Il y a plus de 12 mois,Non,Agglomération nantaise,,Oui,Uber,,50,Elevé,40,Elevé,1,1,Mon ménage ne possède pas ce type de véhicule,3 ou plus,Mon ménage ne possède pas ce type de véhicule,Mon ménage ne possède pas ce type de véhicule,Mon ménage ne possède pas ce type de véhicule,"Oui, permis B",,Moins de 5 minutes,Il n'en existe pas à proximité de mon domicile,Il n'en existe pas à proximité de mon domicile,Plus de 20 minutes,Non,Non,Non,Oui,Moins d'une fois par mois,Tous les jours ou presque,2 à 3 fois par semaine,Jamais,,,Jamais,Jamais,Jamais,Moins d'une fois par mois,Jamais,Jamais,Moins d'une fois par mois,Rejoindre ou quitter une gare/un aéroport/une station de transports en commun,,Je ne sais plus,Moins de 10 minutes,"Le train (TER, Intercités, TGV)",,,,Oui,"Les transports en commun (métro, tram, bus, RER, TER)",,C'était plus rapide,,,,,,,,Le service n’est pas disponible dans les lieux que je fréquente ou que j'ai fréquentés,,,,,,,,Jamais,Jamais,Jamais,Jamais,Jamais,Exceptionnellement,Exceptionnellement,Souvent,Jamais,Jamais,Jamais,Si aucune autre offre de transport n'est disponible seulement,,,,Equipement en sièges pour enfants,Acceptation des animaux à bord,"Aide au déménagement, pour le transport de mes effets personnels",,,,,,,,,,,,J'utiliserai davantage le vélo ou marcherai plus,,Oui,Pas d'accord du tout,Pas d'accord du tout,Pas d'accord du tout,Pas d'accord du tout,Plutôt d'accord,Pas d'accord du tout,Pas d'accord du tout,Pas d'accord du tout,Pas d'accord du tout,Oui,Hors aire urbaine (zones rurales),,,Je ne sais pas,Non,,,,,De 4 000 à 5 000 €,Profession intermédiaire,30-39 ans,Aire urbaine de plus de 200 000 habitants (hors Paris),0.696563204
Une femme,,41,"Bac +2 (BTS, DUT)",,Actif.ve à temps plein (+32 h / semaine),Profession intermédiaire,Seul.e avec enfant(s),,3.0,2.0,2.0,Il y a moins de 12 mois,Non,Agglomération parisienne,,Non,,,50,Elevé,25,Adéquat,1,Mon ménage ne possède pas ce type de véhicule,Mon ménage ne possède pas ce type de véhicule,3 ou plus,Mon ménage ne possède pas ce type de véhicule,Mon ménage ne possède pas ce type de véhicule,1,"Oui, permis B",,Moins de 5 minutes,Il n'en existe pas à proximité de mon domicile,Il n'en existe pas à proximité de mon domicile,Entre 5 et 10 minutes,Non,Non,Je ne sais pas,Je ne sais pas,1 fois par semaine,Tous les jours ou presque,Jamais,Jamais,,,Jamais,Jamais,Jamais,Jamais,Jamais,Jamais,Jamais,Rejoindre ou quitter une gare/un aéroport/une station de transports en commun,,Plus de 35 €,Entre 20 et 30 minutes,"Le train (TER, Intercités, TGV)",,,,Oui,La marche à pied,,"C'était plus sûr (pour arriver à l'heure, pour arriver sans me perdre...)","C’était plus pratique (j’avais des bagages, …)",,,,,,,Je préfère d’autres moyens de transport,,,,,,,,Jamais,Jamais,Jamais,Exceptionnellement,Jamais,Exceptionnellement,Exceptionnellement,Jamais,Jamais,Jamais,Jamais,Si aucune autre offre de transport n'est disponible seulement,,,,Embarquement d’un vélo ou d’un autre équipement encombrant,,,,,,,,,,,,,,J'utiliserai davantage le vélo ou marcherai plus,,Non,,,,,,,,,,Je ne sais pas,Hors aire urbaine (zones rurales),,,Moins bien desservie,Non,,,,,De 2 000 € à 3 000 €,Profession intermédiaire,40-49 ans,Aire urbaine de moins de 100 000 habitants,0.740686516
Une femme,,50,Baccalauréat,,Actif.ve à temps plein (+32 h / semaine),Agriculteur.ice,En couple avec enfant(s),,4.0,2.0,0.0,Je n'en ai jamais utilisé,,,,,,,50,Elevé,50,Elevé,3 ou plus,Mon ménage ne possède pas ce type de véhicule,Mon ménage ne possède pas ce type de véhicule,3 ou plus,Mon ménage ne possède pas ce type de véhicule,Mon ménage ne possède pas ce type de véhicule,Mon ménage ne possède pas ce type de véhicule,"Oui, permis B",,Moins de 5 minutes,Il n'en existe pas à proximité de mon domicile,Il n'en existe pas à proximité de mon domicile,Entre 10 et 15 minutes,Non,Non,Je ne sais pas,Oui,Tous les jours ou presque,2 à 3 fois par semaine,2 à 3 fois par semaine,Jamais,,,Jamais,Jamais,Jamais,2 à 3 fois par mois,Jamais,Jamais,2 à 3 fois par mois,,,,,,,,,,,,,,,,Je préfère d'autres moyens de transport,,,,,,,,,,,,Jamais,Jamais,Jamais,Jamais,Jamais,Jamais,Jamais,Jamais,Jamais,Jamais,Jamais,Ça me permet de me déplacer plus facilement en tant que personne à mobilité réduite,,,,Aucun service supplémentaire,,,,,,,,,,,,,,J'utiliserai davantage les transports en commun,,Non,,,,,,,,,,Non,,,,,Non,,,,,Je ne souhaite pas répondre,Agriculteur.ice,50-59 ans,Aire urbaine de plus de 200 000 habitants (hors Paris),0.309916489
Un homme,,31,"Bac +2 (BTS, DUT)",,Actif.ve à temps plein (+32 h / semaine),Profession intermédiaire,En colocation,,3.0,0.0,0.0,Je n'en ai jamais utilisé,,,,,,,10,Adéquat,20,Très élevé,2,Mon ménage ne possède pas ce type de véhicule,Mon ménage ne possède pas ce type de véhicule,3 ou plus,1,Mon ménage ne possède pas ce type de véhicule,Mon ménage ne possède pas ce type de véhicule,"Oui, permis B",,Moins de 5 minutes,Il n'en existe pas à proximité de mon domicile,Il n'en existe pas à proximité de mon domicile,Entre 10 et 15 minutes,Non,Non,Je ne sais pas,Oui,2 à 3 fois par semaine,Tous les jours ou presque,2 à 3 fois par mois,Jamais,,,2 à 3 fois par mois,Moins d'une fois par mois,Jamais,2 à 3 fois par mois,Jamais,Jamais,1 fois par mois,,,,,,,,,,,,,,,,C'est trop compliqué à utiliser,,,,,,,,,,,,Jamais,Jamais,Jamais,Jamais,Exceptionnellement,Exceptionnellement,Exceptionnellement,Souvent,Jamais,Exceptionnellement,Jamais,Si aucune autre offre de transport n'est disponible seulement,Service de meilleur rapport qualité/prix par rapport aux taxis,,,Transport de personnes à mobilité réduite (PMR) ou en situation de handicap,Déplacement pour raison médicale remboursé par l’assurance maladie,,,,,,,,,,,,,J'utiliserai davantage le vélo ou marcherai plus,,Je ne sais pas,Ne se prononce pas,Plutôt pas d'accord,Pas d'accord du tout,Plutôt pas d'accord,Pas d'accord du tout,Plutôt d'accord,Plutôt d'accord,Pas d'accord du tout,Plutôt pas d'accord,Non,,,,,Je ne sais pas,,,,,De 3 000 à 4 000 €,Profession intermédiaire,30-39 ans,Aire urbaine de Paris,0.84625151
Une femme,,39,Brevet des collèges,,Sans activité professionnelle,,En couple avec enfant(s),,3.0,1.0,1.0,Je n'en ai jamais utilisé,,,,,,,50,Elevé,60,Elevé,1,Mon ménage ne possède pas ce type de véhicule,Mon ménage ne possède pas ce type de véhicule,Mon ménage ne possède pas ce type de véhicule,Mon ménage ne possède pas ce type de véhicule,Mon ménage ne possède pas ce type de véhicule,Mon ménage ne possède pas ce type de véhicule,Non,,Moins de 5 minutes,Entre 10 et 15 minutes,Il n'en existe pas à proximité de mon domicile,Entre 10 et 15 minutes,Non,Non,Je ne sais pas,Je ne sais pas,Moins d'une fois par mois,,1 fois par semaine,,,,,Jamais,Jamais,2 à 3 fois par mois,Jamais,Jamais,Jamais,,,,,,,,,,,,,,,,Je ne connais pas ce service,,,,,,,,,,,,Jamais,Exceptionnellement,Jamais,Exceptionnellement,Exceptionnellement,Exceptionnellement,Exceptionnellement,Exceptionnellement,Exceptionnellement,Exceptionnellement,Exceptionnellement,Ça me permet de me déplacer facilement avec des proches,Si aucune autre offre de transport n'est disponible seulement,Service de meilleur rapport qualité/prix par rapport aux taxis,,Aucun service supplémentaire,,,,,,,,,,,,,,J'utiliserai davantage les transports en commun,,Non,,,,,,,,,,Non,,,,,Oui,J’adapterai mes horaires de déplacement,J’utiliserai davantage les transports en commun,J’utiliserai davantage les services de VTC,,De 1 000 € à 2 000 €,Inactifs et autres (hors retraités),30-39 ans,Aire urbaine de plus de 200 000 habitants (hors Paris),0.89458254
Une femme,,22,"Bac +2 (BTS, DUT)",,Actif.ve à temps partiel (-32 h / semaine),Employé.e,Autre,Logé chez mes parents,3.0,0.0,0.0,Il y a plus de 12 mois,Non,Ailleurs à l'étranger,,Oui,Uber,,30,Adéquat,40,Elevé,3 ou plus,Mon ménage ne possède pas ce type de véhicule,Mon ménage ne possède pas ce type de véhicule,Mon ménage ne possède pas ce type de véhicule,Mon ménage ne possède pas ce type de véhicule,Mon ménage ne possède pas ce type de véhicule,1,"Oui, permis B",,Entre 10 et 15 minutes,Il n'en existe pas à proximité de mon domicile,Il n'en existe pas à proximité de mon domicile,Il n'en existe pas à proximité de mon domicile,Non,Non,Non,Oui,Moins d'une fois par mois,Tous les jours ou presque,1 fois par mois,Jamais,,,,Jamais,Jamais,Jamais,Jamais,Jamais,Jamais,"Faire une sortie de loisir ou culturelle (restaurant, boîte de nuit, complexe sportif, musée, plage…)",,Entre 15 et 20 €,Moins de 10 minutes,La marche à pied,,,,Oui,La marche à pied,,"C'était plus sécurisant (agressions, vols, etc.)",C'était plus rapide,C'était plus confortable,,,,,,Le service n’est pas disponible dans les lieux que je fréquente ou que j'ai fréquentés,Je préfère d’autres moyens de transport,Autre,Je n’en n’ai pas besoin,,,,,Jamais,Jamais,Jamais,Jamais,Jamais,Jamais,Jamais,Jamais,Jamais,Jamais,Jamais,Si aucune autre offre de transport n'est disponible seulement,Service de meilleure qualité par rapport à d'autres moyens de transport,Service de meilleur rapport qualité/prix par rapport aux taxis,,Déplacement pour raison médicale remboursé par l’assurance maladie,Equipement en sièges pour enfants,"Aide au déménagement, pour le transport de mes effets personnels",,,,,,,,,,,,Je n'envisage pas de changements particuliers,,Non,,,,,,,,,,Oui,Aire urbaine de moins de 100 000 habitants,En première couronne d'une agglomération,,Mieux desservie,Non,,,,,Je ne souhaite pas répondre,Employé.e,18-29 ans,Aire urbaine de plus de 200 000 habitants (hors Paris),0.903715006
Une femme,,21,Bac + 3 (Licence),,Etudiant.e,,Autre,Hébergé chez mes parents,6.0,1.0,1.0,Il y a moins de 12 mois,Non,Ailleurs à l'étranger,,Oui,Autre,Freenow,15,Adéquat,40,Très élevé,1,Mon ménage ne possède pas ce type de véhicule,Mon ménage ne possède pas ce type de véhicule,Mon ménage ne possède pas ce type de véhicule,Mon ménage ne possède pas ce type de véhicule,Mon ménage ne possède pas ce type de véhicule,1,"Oui, permis B",,Moins de 5 minutes,Entre 15 et 20 minutes,Plus de 20 minutes,Plus de 20 minutes,Oui,Non,"Oui, tout le temps",Je ne sais pas,Tous les jours ou presque,Tous les jours ou presque,Jamais,Jamais,,,,Jamais,Jamais,1 fois par semaine,Jamais,Jamais,1 fois par semaine,Rejoindre ou quitter une gare/un aéroport/une station de transports en commun,,Entre 15 et 20 €,Entre 15 et 20 minutes,La marche à pied,,,,Oui,Une autre offre de VTC (par exemple via une autre application),,C'était plus confortable,"C’était plus pratique (j’avais des bagages, …)",,,,,,,C'est trop compliqué à utiliser,,,,,,,,Jamais,Jamais,Jamais,Jamais,Jamais,Souvent,Souvent,Jamais,Jamais,Jamais,Jamais,Si aucune autre offre de transport n'est disponible seulement,,,,"Aide au déménagement, pour le transport de mes effets personnels",Embarquement d’un vélo ou d’un autre équipement encombrant,,,,,,,,,,,,,Je n'envisage pas de changements particuliers,,Non,,,,,,,,,,Non,,,,,Oui,J'adapterai mon ou mes véhicule(s) ou en changerai,,,,De 1 000 € à 2 000 €,Inactifs et autres (hors retraités),18-29 ans,Aire urbaine de Paris,1.046426634
Une femme,,58,"CAP, BEP",,Actif.ve à temps partiel (-32 h / semaine),Employé.e,Seul.e avec enfant(s),,2.0,1.0,0.0,Je n'en ai jamais utilisé,,,,,,,15,Adéquat,28,Elevé,2,Mon ménage ne possède pas ce type de véhicule,Mon ménage ne possède pas ce type de véhicule,Mon ménage ne possède pas ce type de véhicule,Mon ménage ne possède pas ce type de véhicule,Mon ménage ne possède pas ce type de véhicule,1,"Oui, permis B",,Entre 15 et 20 minutes,Il n'en existe pas à proximité de mon domicile,Il n'en existe pas à proximité de mon domicile,Plus de 20 minutes,Non,Non,Non,Je ne sais pas,Jamais,Tous les jours ou presque,Jamais,Jamais,,,,Jamais,Jamais,Jamais,Jamais,Jamais,Jamais,,,,,,,,,,,,,,,,Autre,,,Pas besoin,,,,,,,,,Jamais,Jamais,Jamais,Jamais,Jamais,Jamais,Jamais,Jamais,Jamais,Jamais,Jamais,Autre,,,Pas besoin,Autre,,,Pas besoin,,,,,,,,,,,Je n'envisage pas de changements particuliers,,Non,,,,,,,,,,Non,,,,,Non,,,,,De 1 000 € à 2 000 €,Employé.e,50-59 ans,Aire urbaine de plus de 200 000 habitants (hors Paris),0.923932449
Un homme,,69,Autre,diplôme de vente de la chambre de commerce de Paris,Retraité.e,,En couple avec enfant(s),,4.0,0.0,0.0,Je n'en ai jamais utilisé,,,,,,,10,Elevé,30,Très élevé,Mon ménage ne possède pas ce type de véhicule,1,Mon ménage ne possède pas ce type de véhicule,1,Mon ménage ne possède pas ce type de véhicule,Mon ménage ne possède pas ce type de véhicule,Mon ménage ne possède pas ce type de véhicule,"Oui, permis B",,Entre 15 et 20 minutes,Il n'en existe pas à proximité de mon domicile,Il n'en existe pas à proximité de mon domicile,Plus de 20 minutes,Non,Non,Je ne sais pas,Oui,2 à 3 fois par semaine,Tous les jours ou presque,Jamais,Jamais,,,2 à 3 fois par semaine,Jamais,Jamais,Jamais,Jamais,Jamais,Moins d'une fois par mois,,,,,,,,,,,,,,,,Je ne connais pas ce service,Je préfère d'autres moyens de transport,Le service n’est pas disponible dans les lieux que je fréquente ou que j'ai fréquentés,,,,,,,,,,Jamais,Jamais,Jamais,Jamais,Jamais,Jamais,Jamais,Jamais,Jamais,Jamais,Jamais,Si aucune autre offre de transport n'est disponible seulement,Service de meilleur rapport qualité/prix par rapport aux taxis,Ça me permet de me déplacer facilement avec des proches,,Déplacement pour raison médicale remboursé par l’assurance maladie,Transport de personnes à mobilité réduite (PMR) ou en situation de handicap,Embarquement d’un vélo ou d’un autre équipement encombrant,,,,,,,,,,,,Je n'envisage pas de changements particuliers,,Je ne sais pas,Pas d'accord du tout,Pas d'accord du tout,Pas d'accord du tout,Plutôt d'accord,Pas d'accord du tout,Pas d'accord du tout,Plutôt d'accord,Pas d'accord du tout,Plutôt d'accord,Non,,,,,Non,,,,,De 3 000 à 4 000 €,Retraités,60 ans et plus,Aire urbaine de moins de 100 000 habitants,1.127874336
Une femme,,26,Bac + 3 (Licence),,Actif.ve à temps partiel (-32 h / semaine),Employé.e,Autre,chez parents,2.0,0.0,0.0,Je n'en ai jamais utilisé,,,,,,,10,Adéquat,15,Adéquat,1,Mon ménage ne possède pas ce type de véhicule,Mon ménage ne possède pas ce type de véhicule,Mon ménage ne possède pas ce type de véhicule,Mon ménage ne possède pas ce type de véhicule,Mon ménage ne possède pas ce type de véhicule,Mon ménage ne possède pas ce type de véhicule,"Oui, permis B",,Entre 5 et 10 minutes,Il n'en existe pas à proximité de mon domicile,Il n'en existe pas à proximité de mon domicile,Entre 15 et 20 minutes,Non,Non,"Oui, tout le temps",Oui,1 fois par mois,Tous les jours ou presque,Jamais,Jamais,,,,Jamais,Jamais,Moins d'une fois par mois,Jamais,Jamais,2 à 3 fois par semaine,,,,,,,,,,,,,,,,C'est trop compliqué à utiliser,Le service est trop cher,Je préfère d'autres moyens de transport,,,,,,,,,,Jamais,Exceptionnellement,Jamais,Jamais,Jamais,Jamais,Jamais,Jamais,Jamais,Jamais,Jamais,Service de meilleure qualité par rapport à d'autres moyens de transport,Service de meilleur rapport qualité/prix par rapport aux taxis,Ça me permet de me déplacer avec mon animal de compagnie,,Déplacement pour raison médicale remboursé par l’assurance maladie,Transport de personnes à mobilité réduite (PMR) ou en situation de handicap,Acceptation des animaux à bord,,,,,,,,,,,,J'utiliserai davantage une voiture ou un deux-roues motorisé personnel(le),,Non,,,,,,,,,,Oui,Aire urbaine de plus de 200 000 habitants (hors aire urbaine de Paris),En zone périurbaine d'une agglomération,,Aussi bien desservie,Non,,,,,De 2 000 € à 3 000 €,Employé.e,18-29 ans,Aire urbaine de Paris,0.926588353
Un homme,,31,"CAP, BEP",,Sans activité professionnelle,,Seul.e avec enfant(s),,2.0,1.0,1.0,Je n'en ai jamais utilisé,,,,,,,60,Très élevé,40,Très élevé,Mon ménage ne possède pas ce type de véhicule,Mon ménage ne possède pas ce type de véhicule,Mon ménage ne possède pas ce type de véhicule,Mon ménage ne possède pas ce type de véhicule,Mon ménage ne possède pas ce type de véhicule,Mon ménage ne possède pas ce type de véhicule,Mon ménage ne possède pas ce type de véhicule,"Oui, permis A (motos et scooters)","Oui, permis B",Entre 15 et 20 minutes,Il n'en existe pas à proximité de mon domicile,Il n'en existe pas à proximité de mon domicile,Plus de 20 minutes,Non,Non,Non,Oui,Tous les jours ou presque,,Moins d'une fois par mois,Jamais,,Jamais,,Jamais,Jamais,2 à 3 fois par mois,Jamais,Jamais,Jamais,,,,,,,,,,,,,,,,Autre,,,Pas eu l’occasion,,,,,,,,,Exceptionnellement,Jamais,Jamais,Jamais,Jamais,Jamais,Jamais,Jamais,Jamais,Jamais,Jamais,Service de meilleure qualité par rapport à d'autres moyens de transport,Ça me permet de me déplacer facilement avec des proches,,,Equipement en sièges pour enfants,Acceptation des animaux à bord,Déplacement pour raison médicale remboursé par l’assurance maladie,,,,,,,,,,,,J'utiliserai davantage une voiture ou un deux-roues motorisé personnel(le),,,,,,,,,,,,Oui,Hors aire urbaine (zones rurales),,,Moins bien desservie,Je ne sais pas,,,,,De 1 000 € à 2 000 €,Inactifs et autres (hors retraités),30-39 ans,Aire urbaine de moins de 100 000 habitants,1.089868467
Une femme,,35,Bac + 5 (Master),,Actif.ve à temps partiel (-32 h / semaine),"Cadre, Profession intellectuelle supérieure",En couple avec enfant(s),,4.0,2.0,2.0,Il y a plus de 12 mois,Non,Ailleurs à l'étranger,,Oui,Bolt,,12,Adéquat,40,Elevé,1,1,Mon ménage ne possède pas ce type de véhicule,1,Mon ménage ne possède pas ce type de véhicule,Mon ménage ne possède pas ce type de véhicule,Mon ménage ne possède pas ce type de véhicule,"Oui, permis B",,Moins de 5 minutes,Il n'en existe pas à proximité de mon domicile,Il n'en existe pas à proximité de mon domicile,Plus de 20 minutes,Oui,Non,"Oui, seulement à certaines périodes de l'année",Oui,1 fois par semaine,Tous les jours ou presque,1 fois par semaine,Jamais,,,Jamais,Jamais,Jamais,Jamais,Jamais,Jamais,2 à 3 fois par semaine,Rejoindre ou quitter une gare/un aéroport/une station de transports en commun,,Entre 15 et 20 €,Entre 10 et 15 minutes,Aucun,,,,Oui,"Les transports en commun (métro, tram, bus, RER, TER)",,C'était plus rapide,"C’était plus pratique (j’avais des bagages, …)",,,,,,,Autre,,,je n'en ai pas eu besoin,,,,,Jamais,Jamais,Jamais,Exceptionnellement,Jamais,Exceptionnellement,Exceptionnellement,Exceptionnellement,Jamais,Jamais,Jamais,Si aucune autre offre de transport n'est disponible seulement,,,,Equipement en sièges pour enfants,,,,,,,,,,,,,,Je n'envisage pas de changements particuliers,,Non,,,,,,,,,,Non,,,,,Oui,J'adapterai mon ou mes véhicule(s) ou en changerai,,,,De 5 000 € à 6 000 €,"Cadre, Profession intellectuelle supérieure",30-39 ans,Aire urbaine de plus de 200 000 habitants (hors Paris),0.722615841
Une femme,,42,Bac + 3 (Licence),,Actif.ve à temps partiel (-32 h / semaine),Profession intermédiaire,En couple avec enfant(s),,4.0,2.0,2.0,Il y a plus de 12 mois,Non,Agglomération parisienne,,Je ne sais plus,,,40,Elevé,55,Très élevé,1,Mon ménage ne possède pas ce type de véhicule,1,2,Mon ménage ne possède pas ce type de véhicule,2,Mon ménage ne possède pas ce type de véhicule,"Oui, permis A (motos et scooters)",,Moins de 5 minutes,Il n'en existe pas à proximité de mon domicile,Il n'en existe pas à proximité de mon domicile,Plus de 20 minutes,Non,Non,"Oui, tout le temps",Je ne sais pas,2 à 3 fois par mois,,Moins d'une fois par mois,,Jamais,Jamais,Jamais,Jamais,Jamais,Moins d'une fois par mois,Jamais,Jamais,2 à 3 fois par mois,"Faire une sortie de loisir ou culturelle (restaurant, boîte de nuit, complexe sportif, musée, plage…)",,Entre 30 et 35 €,Entre 15 et 20 minutes,Aucun,,,,Oui,Une voiture personnelle,,Autre,C'était plus confortable,"C’était plus pratique (j’avais des bagages, …)",J'ai pu consommer de l'alccol,,,,,Le service est trop cher,Je préfère d’autres moyens de transport,Le service n’est pas disponible dans les lieux que je fréquente ou que j'ai fréquentés,,,,,,Jamais,Jamais,Jamais,Souvent,Exceptionnellement,Exceptionnellement,Exceptionnellement,Exceptionnellement,Jamais,Jamais,Jamais,Si aucune autre offre de transport n'est disponible seulement,Ça me permet de me déplacer facilement avec des proches,Service de meilleur rapport qualité/prix par rapport aux taxis,,Aucun service supplémentaire,,,,,,,,,,,,,,Je n'envisage pas de changements particuliers,,Non,,,,,,,,,,Non,,,,,Je ne sais pas,,,,,De 5 000 € à 6 000 €,Profession intermédiaire,40-49 ans,Aire urbaine de Paris,0.738617675
Une femme,,29,Bac + 5 (Master),,Actif.ve à temps plein (+32 h / semaine),"Cadre, Profession intellectuelle supérieure",En couple avec enfant(s),,2.0,1.0,1.0,Il y a moins de 12 mois,Non,Agglomération lyonnaise,,Oui,Uber,,30,Elevé,40,Très élevé,2,Mon ménage ne possède pas ce type de véhicule,Mon ménage ne possède pas ce type de véhicule,2,Mon ménage ne possède pas ce type de véhicule,Mon ménage ne possède pas ce type de véhicule,Mon ménage ne possède pas ce type de véhicule,"Oui, permis A (motos et scooters)",,Moins de 5 minutes,Il n'en existe pas à proximité de mon domicile,Il n'en existe pas à proximité de mon domicile,Entre 5 et 10 minutes,Non,Non,"Oui, tout le temps",Oui,2 à 3 fois par mois,,1 fois par semaine,,,Jamais,1 fois par mois,Jamais,Jamais,Jamais,Jamais,1 fois par mois,Tous les jours ou presque,"Faire une sortie de loisir ou culturelle (restaurant, boîte de nuit, complexe sportif, musée, plage…)",,Entre 10 et 15 €,Moins de 10 minutes,"Les transports en commun (métro, tram, bus, RER)",,,,Oui,La marche à pied,,"C'était plus sécurisant (agressions, vols, etc.)",C'était plus rapide,C'était plus confortable,,,,,,Le service n’est pas disponible dans les lieux que je fréquente ou que j'ai fréquentés,,,,,,,,Exceptionnellement,Jamais,Jamais,Jamais,Exceptionnellement,Jamais,Jamais,Souvent,Jamais,Jamais,Jamais,Autre,,,JSP,Equipement en sièges pour enfants,,,,,,,,,,,,,,Je n'envisage pas de changements particuliers,,Non,,,,,,,,,,Non,,,,,Non,,,,,De 8 000 € à 9 000 €,"Cadre, Profession intellectuelle supérieure",18-29 ans,Aire urbaine de plus de 200 000 habitants (hors Paris),0.824404782
Une femme,,41,Brevet des collèges,,Actif.ve en recherche d'emploi,Ouvrier.ère,En couple avec enfant(s),,4.0,2.0,1.0,Je n'en ai jamais utilisé,,,,,,,30,Elevé,50,Elevé,1,Mon ménage ne possède pas ce type de véhicule,Mon ménage ne possède pas ce type de véhicule,Mon ménage ne possède pas ce type de véhicule,Mon ménage ne possède pas ce type de véhicule,Mon ménage ne possède pas ce type de véhicule,Mon ménage ne possède pas ce type de véhicule,"Oui, permis B",,Entre 5 et 10 minutes,Il n'en existe pas à proximité de mon domicile,Il n'en existe pas à proximité de mon domicile,Il n'en existe pas à proximité de mon domicile,Je ne réside pas dans un lieu pourvu d'un réseau de transports en commun,Non,Non,Non,Tous les jours ou presque,Tous les jours ou presque,Jamais,Jamais,,,,Jamais,Jamais,Jamais,Jamais,Jamais,Jamais,,,,,,,,,,,,,,,,Je ne connais pas ce service,Le service est trop cher,Je préfère d'autres moyens de transport,,,,,,,,,,Jamais,Jamais,Jamais,Jamais,Jamais,Jamais,Jamais,Jamais,Jamais,Jamais,Jamais,Si aucune autre offre de transport n'est disponible seulement,,,,Aucun service supplémentaire,,,,,,,,,,,,,,Je n'envisage pas de changements particuliers,,Non,,,,,,,,,,Non,,,,,Non,,,,,De 2 000 € à 3 000 €,En recherche d'emploi,40-49 ans,Aire urbaine de Paris,0.320763452
Un homme,,19,Baccalauréat,,Actif.ve à temps plein (+32 h / semaine),Ouvrier.ère,Autre,Chez mes parents,5.0,2.0,1.0,Je n'en ai jamais utilisé,,,,,,,35,Elevé,45,Très élevé,2,Mon ménage ne possède pas ce type de véhicule,2,2,Mon ménage ne possède pas ce type de véhicule,1,Mon ménage ne possède pas ce type de véhicule,"Oui, permis B",,Moins de 5 minutes,Il n'en existe pas à proximité de mon domicile,Il n'en existe pas à proximité de mon domicile,Entre 10 et 15 minutes,Oui,Non,Non,Je ne sais pas,2 à 3 fois par mois,2 à 3 fois par semaine,1 fois par semaine,Jamais,,,Moins d'une fois par mois,Jamais,Jamais,Tous les jours ou presque,Jamais,Jamais,2 à 3 fois par mois,,,,,,,,,,,,,,,,Je préfère d'autres moyens de transport,,,,,,,,,,,,Jamais,Jamais,Jamais,Jamais,Jamais,Jamais,Jamais,Jamais,Jamais,Jamais,Jamais,Si aucune autre offre de transport n'est disponible seulement,,,,Aucun service supplémentaire,,,,,,,,,,,,,,J'utiliserai davantage une voiture ou un deux-roues motorisé personnel(le),,Oui,Ne se prononce pas,Pas d'accord du tout,Pas d'accord du tout,Pas d'accord du tout,Pas d'accord du tout,Pas d'accord du tout,Pas d'accord du tout,Pas d'accord du tout,Pas d'accord du tout,Oui,Aire urbaine de moins de 100 000 habitants,Dans la ville-centre d'une agglomération,,Je ne sais pas,Je ne sais pas,,,,,Je ne souhaite pas répondre,Ouvrier.ère,18-29 ans,Aire urbaine de moins de 100 000 habitants,1.18822367
Une femme,,44,"CAP, BEP",,Actif.ve à temps partiel (-32 h / semaine),Employé.e,Seul.e avec enfant(s),,2.0,1.0,0.0,Il y a moins de 12 mois,Non,Ailleurs en France,amiens,Non,,,100,Elevé,80,Elevé,1,Mon ménage ne possède pas ce type de véhicule,Mon ménage ne possède pas ce type de véhicule,Mon ménage ne possède pas ce type de véhicule,Mon ménage ne possède pas ce type de véhicule,Mon ménage ne possède pas ce type de véhicule,Mon ménage ne possède pas ce type de véhicule,"Oui, permis B",,Moins de 5 minutes,Il n'en existe pas à proximité de mon domicile,Il n'en existe pas à proximité de mon domicile,Il n'en existe pas à proximité de mon domicile,Non,Non,Je ne sais pas,Oui,Tous les jours ou presque,1 fois par semaine,Moins d'une fois par mois,Jamais,,,,Jamais,Jamais,Moins d'une fois par mois,Moins d'une fois par mois,Moins d'une fois par mois,Jamais,"Accéder à des services (médicaux, administratifs...)",,Plus de 35 €,Plus de 30 minutes,La marche à pied,,,,Oui,Une voiture personnelle,,C'était moins cher,C'était plus confortable,"C'était plus sûr (pour arriver à l'heure, pour arriver sans me perdre...)",,,,,,Autre,,,je n'en ai pas eu besoin,,,,,Jamais,Jamais,Jamais,Jamais,Jamais,Jamais,Jamais,Jamais,Jamais,A chaque fois,Jamais,Service de meilleure qualité par rapport à d'autres moyens de transport,,,,Aucun service supplémentaire,,,,,,,,,,,,,,Je n'envisage pas de changements particuliers,,Non,,,,,,,,,,Non,,,,,Je ne sais pas,,,,,Moins de 1 000 €,Employé.e,40-49 ans,Aire urbaine de moins de 100 000 habitants,0.842310818
Un homme,,40,Bac + 5 (Master),,Actif.ve à temps plein (+32 h / semaine),"Cadre, Profession intellectuelle supérieure",Seul.e avec enfant(s),,2.0,1.0,1.0,Il y a plus de 12 mois,Oui,,,Non,,,45,Elevé,50,Très élevé,1,Mon ménage ne possède pas ce type de véhicule,Mon ménage ne possède pas ce type de véhicule,Mon ménage ne possède pas ce type de véhicule,Mon ménage ne possède pas ce type de véhicule,Mon ménage ne possède pas ce type de véhicule,Mon ménage ne possède pas ce type de véhicule,"Oui, permis B",,Plus de 20 minutes,Il n'en existe pas à proximité de mon domicile,Il n'en existe pas à proximité de mon domicile,Plus de 20 minutes,Oui,Non,"Oui, tout le temps",Oui,Tous les jours ou presque,Tous les jours ou presque,Moins d'une fois par mois,Moins d'une fois par mois,,,,Jamais,Jamais,2 à 3 fois par semaine,Moins d'une fois par mois,Moins d'une fois par mois,1 fois par semaine,"Accéder à des services (médicaux, administratifs...)",,Plus de 35 €,Entre 20 et 30 minutes,La marche à pied,,,,Oui,Un taxi,,C'était plus confortable,"C’était plus pratique (j’avais des bagages, …)","C'était plus sûr (pour arriver à l'heure, pour arriver sans me perdre...)",,,,,,Le service est trop cher,,,,,,,,Jamais,Exceptionnellement,Exceptionnellement,Exceptionnellement,Jamais,Exceptionnellement,Exceptionnellement,Jamais,Jamais,Exceptionnellement,Exceptionnellement,Si aucune autre offre de transport n'est disponible seulement,,,,"Aide au déménagement, pour le transport de mes effets personnels",,,,,,,,,,,,,,Je n'envisage pas de changements particuliers,,Non,,,,,,,,,,Non,,,,,Non,,,,,Je ne souhaite pas répondre,"Cadre, Profession intellectuelle supérieure",40-49 ans,Aire urbaine de Paris,0.907925529
Une femme,,41,"Bac +2 (BTS, DUT)",,Actif.ve à temps plein (+32 h / semaine),Profession intermédiaire,En couple avec enfant(s),,6.0,4.0,2.0,Je n'en ai jamais utilisé,,,,,,,30,Très élevé,50,Très élevé,2,Mon ménage ne possède pas ce type de véhicule,Mon ménage ne possède pas ce type de véhicule,Mon ménage ne possède pas ce type de véhicule,Mon ménage ne possède pas ce type de véhicule,Mon ménage ne possède pas ce type de véhicule,Mon ménage ne possède pas ce type de véhicule,"Oui, permis B",,Il n'en existe pas à proximité de mon domicile,Il n'en existe pas à proximité de mon domicile,Il n'en existe pas à proximité de mon domicile,Il n'en existe pas à proximité de mon domicile,Non,Non,Non,Non,Jamais,Tous les jours ou presque,Moins d'une fois par mois,Jamais,,,,Jamais,Jamais,Jamais,Jamais,Jamais,Jamais,,,,,,,,,,,,,,,,Je préfère d'autres moyens de transport,Le service est trop cher,C'est trop compliqué à utiliser,,,,,,,,,,Jamais,Exceptionnellement,Jamais,Exceptionnellement,Jamais,Exceptionnellement,Exceptionnellement,Jamais,Jamais,Exceptionnellement,Jamais,Ça me permet de me déplacer plus facilement en tant que personne à mobilité réduite,Si aucune autre offre de transport n'est disponible seulement,,,Aucun service supplémentaire,,,,,,,,,,,,,,Je n'envisage pas de changements particuliers,,Non,,,,,,,,,,Non,,,,,Non,,,,,De 2 000 € à 3 000 €,Profession intermédiaire,40-49 ans,Aire urbaine de moins de 100 000 habitants,0.740686516
Une femme,,20,Brevet des collèges,,Actif.ve à temps partiel (-32 h / semaine),Employé.e,Autre,C'est de la famille,4.0,1.0,0.0,Je n'en ai jamais utilisé,,,,,,,120,Elevé,80,Elevé,1,Mon ménage ne possède pas ce type de véhicule,Mon ménage ne possède pas ce type de véhicule,3 ou plus,Mon ménage ne possède pas ce type de véhicule,Mon ménage ne possède pas ce type de véhicule,Mon ménage ne possède pas ce type de véhicule,Non,,Entre 5 et 10 minutes,Il n'en existe pas à proximité de mon domicile,Il n'en existe pas à proximité de mon domicile,Il n'en existe pas à proximité de mon domicile,Non,Non,Je ne sais pas,Je ne sais pas,Moins d'une fois par mois,,2 à 3 fois par semaine,,,,Tous les jours ou presque,Jamais,Jamais,1 fois par semaine,Jamais,Jamais,Moins d'une fois par mois,,,,,,,,,,,,,,,,Je ne connais pas ce service,Le service est trop cher,,,,,,,,,,,Jamais,Exceptionnellement,Exceptionnellement,Jamais,Exceptionnellement,Exceptionnellement,Exceptionnellement,Jamais,Jamais,Jamais,Jamais,Ça me permet de me déplacer facilement avec des proches,Service de meilleure qualité par rapport à d'autres moyens de transport,Si aucune autre offre de transport n'est disponible seulement,,Déplacement pour raison médicale remboursé par l’assurance maladie,"Aide au déménagement, pour le transport de mes effets personnels",Transport de personnes à mobilité réduite (PMR) ou en situation de handicap,,,,,,,,,,,,J'utiliserai davantage une voiture ou un deux-roues motorisé personnel(le),,Non,,,,,,,,,,Oui,Aire urbaine de 100 000 à 200 000 habitants,En deuxième couronne d'une agglomération,,Mieux desservie,Je ne sais pas,,,,,De 2 000 € à 3 000 €,Employé.e,18-29 ans,Aire urbaine de moins de 100 000 habitants,0.929183694
Une femme,,45,"Bac +2 (BTS, DUT)",,Actif.ve à temps plein (+32 h / semaine),"Artisan.e, Commerçant.e, Chef.fe d'entreprise",Seul.e avec enfant(s),,3.0,2.0,0.0,Je n'en ai jamais utilisé,,,,,,,5,Adéquat,20,Elevé,1,Mon ménage ne possède pas ce type de véhicule,Mon ménage ne possède pas ce type de véhicule,3 ou plus,Mon ménage ne possède pas ce type de véhicule,1,1,"Oui, permis B",,Entre 5 et 10 minutes,Il n'en existe pas à proximité de mon domicile,Il n'en existe pas à proximité de mon domicile,Entre 10 et 15 minutes,Non,Non,Non,Oui,2 à 3 fois par semaine,2 à 3 fois par semaine,Jamais,Jamais,,,1 fois par semaine,Jamais,Jamais,2 à 3 fois par mois,Jamais,Jamais,2 à 3 fois par mois,,,,,,,,,,,,,,,,Je préfère d'autres moyens de transport,Le service n’est pas disponible dans les lieux que je fréquente ou que j'ai fréquentés,,,,,,,,,,,Jamais,Souvent,Souvent,Exceptionnellement,Souvent,A chaque fois,A chaque fois,Exceptionnellement,Jamais,Souvent,Jamais,Si aucune autre offre de transport n'est disponible seulement,Service de meilleur rapport qualité/prix par rapport aux taxis,,,"Aide au déménagement, pour le transport de mes effets personnels",Déplacement pour raison médicale remboursé par l’assurance maladie,,,,,,,,,,,,,J'utiliserai davantage le vélo ou marcherai plus,,Je ne sais pas,Pas d'accord du tout,Pas d'accord du tout,Pas d'accord du tout,Plutôt d'accord,Plutôt d'accord,Pas d'accord du tout,Pas d'accord du tout,Pas d'accord du tout,Pas d'accord du tout,Je ne sais pas,Hors aire urbaine (zones rurales),,,Aussi bien desservie,Non,,,,,De 1 000 € à 2 000 €,"Artisan.e, Commerçant.e, Chef.fe d'entreprise",40-49 ans,Aire urbaine de moins de 100 000 habitants,0.798495503
Une femme,,20,Baccalauréat,,Etudiant.e,,En colocation,,4.0,0.0,0.0,Il y a moins de 12 mois,Non,Agglomération lyonnaise,,Oui,Uber,,10,Adéquat,20,Elevé,Mon ménage ne possède pas ce type de véhicule,Mon ménage ne possède pas ce type de véhicule,Mon ménage ne possède pas ce type de véhicule,Mon ménage ne possède pas ce type de véhicule,Mon ménage ne possède pas ce type de véhicule,Mon ménage ne possède pas ce type de véhicule,Mon ménage ne possède pas ce type de véhicule,"Oui, permis B",,Moins de 5 minutes,Entre 15 et 20 minutes,Entre 15 et 20 minutes,Plus de 20 minutes,Oui,Non,"Oui, tout le temps",Je ne sais pas,Tous les jours ou presque,,2 à 3 fois par mois,Jamais,,,,Jamais,Jamais,Tous les jours ou presque,Jamais,Moins d'une fois par mois,2 à 3 fois par semaine,Je ne sais plus,,Entre 5 et 10 €,Entre 10 et 15 minutes,La marche à pied,,,,Je ne sais pas,,,,,,,,,,,Je préfère d’autres moyens de transport,Le service est trop cher,,,,,,,Jamais,Jamais,Exceptionnellement,Jamais,Jamais,Exceptionnellement,Jamais,Jamais,Jamais,Jamais,Jamais,Si aucune autre offre de transport n'est disponible seulement,,,,Acceptation des animaux à bord,,,,,,,,,,,,,,Je n'envisage pas de changements particuliers,,,,,,,,,,,,Je ne sais pas,Hors aire urbaine (zones rurales),,,Je ne sais pas,Non,,,,,Je ne souhaite pas répondre,Inactifs et autres (hors retraités),18-29 ans,Aire urbaine de plus de 200 000 habitants (hors Paris),1.020595013
Une femme,,52,Bac + 4 (Maîtrise),,Actif.ve à temps plein (+32 h / semaine),"Cadre, Profession intellectuelle supérieure",En couple avec enfant(s),,5.0,3.0,0.0,Il y a moins de 12 mois,Non,Ailleurs à l'étranger,,Oui,Uber,,18,Elevé,25,Elevé,Mon ménage ne possède pas ce type de véhicule,1,1,Mon ménage ne possède pas ce type de véhicule,Mon ménage ne possède pas ce type de véhicule,Mon ménage ne possède pas ce type de véhicule,Mon ménage ne possède pas ce type de véhicule,"Oui, permis B",,Entre 5 et 10 minutes,Plus de 20 minutes,Il n'en existe pas à proximité de mon domicile,Entre 15 et 20 minutes,Non,Non,"Oui, tout le temps",Non,2 à 3 fois par semaine,Tous les jours ou presque,2 à 3 fois par mois,Jamais,,,,Jamais,Jamais,1 fois par mois,Moins d'une fois par mois,Moins d'une fois par mois,2 à 3 fois par mois,Rejoindre ou quitter une gare/un aéroport/une station de transports en commun,,Plus de 35 €,Plus de 30 minutes,L'avion,,,,Oui,Une autre offre de VTC (par exemple via une autre application),,C'était plus rapide,"C’était plus pratique (j’avais des bagages, …)",C'était plus confortable,,,,,,Le service est trop cher,Je préfère le taxi,Le service n’est pas disponible dans les lieux que je fréquente ou que j'ai fréquentés,,,,,,Jamais,Exceptionnellement,Jamais,Souvent,Exceptionnellement,Souvent,Souvent,Souvent,Jamais,Exceptionnellement,Jamais,Service de meilleur rapport qualité/prix par rapport aux taxis,Service de meilleure qualité par rapport à d'autres moyens de transport,,,Acceptation des animaux à bord,Déplacement pour raison médicale remboursé par l’assurance maladie,,,Il y a moins de 12 mois,,,,,,Déplacement professionnel,,Entre 25 et 30 €,Entre 20 et 30 minutes,Je n'envisage pas de changements particuliers,,Oui,Plutôt pas d'accord,Plutôt pas d'accord,Pas d'accord du tout,Plutôt pas d'accord,Pas d'accord du tout,Pas d'accord du tout,Pas d'accord du tout,Plutôt pas d'accord,Pas d'accord du tout,Je ne sais pas,Aire urbaine de moins de 100 000 habitants,En zone périurbaine d'une agglomération,,Je ne sais pas,Oui,,,,,De 4 000 à 5 000 €,"Cadre, Profession intellectuelle supérieure",50-59 ans,Aire urbaine de plus de 200 000 habitants (hors Paris),0.842847938
Un homme,,55,Bac + 4 (Maîtrise),,Actif.ve à temps plein (+32 h / semaine),"Cadre, Profession intellectuelle supérieure",Seul.e avec enfant(s),,3.0,2.0,0.0,Je n'en ai jamais utilisé,,,,,,,10,Elevé,10,Elevé,3 ou plus,Mon ménage ne possède pas ce type de véhicule,Mon ménage ne possède pas ce type de véhicule,2,Mon ménage ne possède pas ce type de véhicule,Mon ménage ne possède pas ce type de véhicule,Mon ménage ne possède pas ce type de véhicule,"Oui, permis B",,Entre 5 et 10 minutes,Il n'en existe pas à proximité de mon domicile,Il n'en existe pas à proximité de mon domicile,Plus de 20 minutes,Non,Non,Je ne sais pas,Je ne sais pas,Jamais,Tous les jours ou presque,Moins d'une fois par mois,Jamais,,,Jamais,Jamais,Jamais,Jamais,Jamais,Jamais,1 fois par semaine,,,,,,,,,,,,,,,,Je préfère d'autres moyens de transport,Je ne connais pas ce service,,,,,,,,,,,Jamais,Exceptionnellement,Jamais,Jamais,Jamais,Exceptionnellement,Jamais,Jamais,Jamais,Exceptionnellement,Jamais,Si aucune autre offre de transport n'est disponible seulement,,,,Déplacement pour raison médicale remboursé par l’assurance maladie,,,,,,,,,,,,,,Je n'envisage pas de changements particuliers,,Non,,,,,,,,,,Je ne sais pas,Aire urbaine de moins de 100 000 habitants,En zone périurbaine d'une agglomération,,Je ne sais pas,Non,,,,,De 3 000 à 4 000 €,"Cadre, Profession intellectuelle supérieure",50-59 ans,Aire urbaine entre 100 000 et 200 000 habitants,0.792524895
Une femme,,33,Bac + 5 (Master),,Actif.ve à temps partiel (-32 h / semaine),"Cadre, Profession intellectuelle supérieure",En couple avec enfant(s),,5.0,3.0,2.0,Il y a plus de 12 mois,Non,Agglomération lilloise,,Oui,Uber,,16,Très élevé,25,Elevé,2,1,2,2,3 ou plus,1,1,"Oui, permis B",,Entre 5 et 10 minutes,Entre 15 et 20 minutes,Moins de 5 minutes,Entre 10 et 15 minutes,Oui,Non,"Oui, seulement à certaines périodes de l'année",Oui,1 fois par semaine,2 à 3 fois par mois,1 fois par semaine,1 fois par semaine,,,2 à 3 fois par semaine,1 fois par mois,Moins d'une fois par mois,1 fois par semaine,2 à 3 fois par mois,2 à 3 fois par mois,1 fois par semaine,"Faire une sortie de loisir ou culturelle (restaurant, boîte de nuit, complexe sportif, musée, plage…)",,Entre 25 et 30 €,Entre 15 et 20 minutes,Un vélo ou une trottinette,,,,Oui,Un vélo ou une trottinette (personnel.le ou en libre-service),,"C’était plus pratique (j’avais des bagages, …)",,,,,,,,Je n'apprécie pas les marques de VTC,,,,,,,,A chaque fois,Souvent,Exceptionnellement,Exceptionnellement,Souvent,A chaque fois,Jamais,A chaque fois,Souvent,Souvent,Exceptionnellement,Ça me permet de me déplacer facilement avec des proches,,,,Transport de personnes à mobilité réduite (PMR) ou en situation de handicap,,,,,,,,,,,,,,Je n'envisage pas de changements particuliers,,Oui,Plutôt d'accord,Plutôt d'accord,Plutôt pas d'accord,Plutôt d'accord,Plutôt d'accord,Plutôt d'accord,Plutôt d'accord,Plutôt d'accord,Plutôt pas d'accord,Non,,,,,Oui,J’utiliserai davantage les services de VTC,,,,De 2 000 € à 3 000 €,"Cadre, Profession intellectuelle supérieure",30-39 ans,Aire urbaine de Paris,0.740905504
Une femme,,54,"CAP, BEP",,Actif.ve en recherche d'emploi,Ouvrier.ère,Seul.e avec enfant(s),,3.0,2.0,0.0,Je n'en ai jamais utilisé,,,,,,,20,Elevé,20,Elevé,Mon ménage ne possède pas ce type de véhicule,Mon ménage ne possède pas ce type de véhicule,Mon ménage ne possède pas ce type de véhicule,Mon ménage ne possède pas ce type de véhicule,Mon ménage ne possède pas ce type de véhicule,Mon ménage ne possède pas ce type de véhicule,Mon ménage ne possède pas ce type de véhicule,"Oui, permis B",,Entre 15 et 20 minutes,Il n'en existe pas à proximité de mon domicile,Il n'en existe pas à proximité de mon domicile,Plus de 20 minutes,Non,Non,Non,Non,Tous les jours ou presque,,Jamais,Jamais,,,,Jamais,Jamais,Moins d'une fois par mois,Jamais,Jamais,Jamais,,,,,,,,,,,,,,,,Le service est trop cher,,,,,,,,,,,,Jamais,Jamais,Jamais,Jamais,Jamais,Jamais,Jamais,Jamais,Jamais,Jamais,Jamais,Si aucune autre offre de transport n'est disponible seulement,,,,Déplacement pour raison médicale remboursé par l’assurance maladie,,,,,,,,,,,,,,Je me déplacerai moins,,,,,,,,,,,,Non,,,,,Je ne sais pas,,,,,Je ne souhaite pas répondre,En recherche d'emploi,50-59 ans,Aire urbaine de moins de 100 000 habitants,0.362775166
Un homme,,22,Baccalauréat,,Etudiant.e,,Autre,Avec mon beau-père,2.0,0.0,0.0,Je n'en ai jamais utilisé,,,,,,,12,Très élevé,15,Très élevé,1,Mon ménage ne possède pas ce type de véhicule,Mon ménage ne possède pas ce type de véhicule,3 ou plus,Mon ménage ne possède pas ce type de véhicule,2,Mon ménage ne possède pas ce type de véhicule,"Oui, permis B",,Moins de 5 minutes,Il n'en existe pas à proximité de mon domicile,Il n'en existe pas à proximité de mon domicile,Entre 10 et 15 minutes,Non,Non,Je ne sais pas,Oui,Tous les jours ou presque,Jamais,Tous les jours ou presque,Jamais,,,Jamais,Moins d'une fois par mois,Jamais,2 à 3 fois par semaine,Jamais,Jamais,2 à 3 fois par semaine,,,,,,,,,,,,,,,,Autre,Je préfère d'autres moyens de transport,Je n'apprécie pas les marques de VTC,Je n’en ai aucune utilité,,,,,,,,,Jamais,Jamais,Jamais,Jamais,Jamais,Jamais,Jamais,Jamais,Jamais,Jamais,Jamais,Autre,,,Aucune !,Equipement en sièges pour enfants,,,,,,,,,,,,,,J'utiliserai davantage une voiture ou un deux-roues motorisé personnel(le),,Non,,,,,,,,,,Je ne sais pas,Aire urbaine de plus de 200 000 habitants (hors aire urbaine de Paris),En première couronne d'une agglomération,,Aussi bien desservie,Non,,,,,De 2 000 € à 3 000 €,Inactifs et autres (hors retraités),18-29 ans,Aire urbaine entre 100 000 et 200 000 habitants,0.959659411
Une femme,,47,Bac + 5 (Master),,Actif.ve à temps plein (+32 h / semaine),Agriculteur.ice,En couple avec enfant(s),,4.0,2.0,0.0,Je n'en ai jamais utilisé,,,,,,,25,Adéquat,30,Adéquat,3 ou plus,Mon ménage ne possède pas ce type de véhicule,Mon ménage ne possède pas ce type de véhicule,2,Mon ménage ne possède pas ce type de véhicule,Mon ménage ne possède pas ce type de véhicule,Mon ménage ne possède pas ce type de véhicule,"Oui, permis B",,Moins de 5 minutes,Il n'en existe pas à proximité de mon domicile,Il n'en existe pas à proximité de mon domicile,Entre 10 et 15 minutes,Non,Non,Je ne sais pas,Oui,2 à 3 fois par mois,2 à 3 fois par semaine,2 à 3 fois par semaine,Jamais,,,Moins d'une fois par mois,Jamais,Jamais,Moins d'une fois par mois,Jamais,Jamais,Moins d'une fois par mois,,,,,,,,,,,,,,,,Je préfère d'autres moyens de transport,,,,,,,,,,,,Jamais,Exceptionnellement,Exceptionnellement,Jamais,Exceptionnellement,Souvent,Souvent,Souvent,Exceptionnellement,Exceptionnellement,Exceptionnellement,Si aucune autre offre de transport n'est disponible seulement,,,,Déplacement pour raison médicale remboursé par l’assurance maladie,,,,,,,,,,,,,,J'utiliserai davantage le vélo ou marcherai plus,,Non,,,,,,,,,,Non,,,,,Non,,,,,De 3 000 à 4 000 €,Agriculteur.ice,40-49 ans,Aire urbaine de moins de 100 000 habitants,0.282537984
Un homme,,32,"CAP, BEP",,Sans activité professionnelle,,Seul.e avec enfant(s),,2.0,1.0,1.0,Je n'en ai jamais utilisé,,,,,,,50,Elevé,50,Elevé,1,Mon ménage ne possède pas ce type de véhicule,Mon ménage ne possède pas ce type de véhicule,1,Mon ménage ne possède pas ce type de véhicule,Mon ménage ne possède pas ce type de véhicule,Mon ménage ne possède pas ce type de véhicule,"Oui, permis B",,Entre 5 et 10 minutes,Il n'en existe pas à proximité de mon domicile,Entre 15 et 20 minutes,Entre 10 et 15 minutes,Non,Non,Non,Non,Tous les jours ou presque,Tous les jours ou presque,Jamais,Jamais,,,2 à 3 fois par semaine,Jamais,Jamais,Jamais,Jamais,Jamais,Jamais,,,,,,,,,,,,,,,,Je ne connais pas ce service,Le service est trop cher,Je préfère d'autres moyens de transport,,,,,,,,,,Jamais,Souvent,Souvent,Jamais,Souvent,Jamais,Jamais,Jamais,Jamais,Jamais,Jamais,Service de meilleur rapport qualité/prix par rapport aux taxis,Si aucune autre offre de transport n'est disponible seulement,Service de meilleure qualité par rapport à d'autres moyens de transport,,Déplacement pour raison médicale remboursé par l’assurance maladie,"Aide au déménagement, pour le transport de mes effets personnels",Aucun service supplémentaire,,,,,,,,,,,,Je n'envisage pas de changements particuliers,,Non,,,,,,,,,,Oui,Aire urbaine de 100 000 à 200 000 habitants,En zone périurbaine d'une agglomération,,Moins bien desservie,Je ne sais pas,,,,,Moins de 1 000 €,Inactifs et autres (hors retraités),30-39 ans,Aire urbaine de plus de 200 000 habitants (hors Paris),1.05999545
Un homme,,60,Supérieur à Bac + 5,,Retraité.e,,En couple sans enfant,,,,,Je n'en ai jamais utilisé,,,,,,,50,Elevé,80,Très élevé,Mon ménage ne possède pas ce type de véhicule,Mon ménage ne possède pas ce type de véhicule,Mon ménage ne possède pas ce type de véhicule,2,Mon ménage ne possède pas ce type de véhicule,Mon ménage ne possède pas ce type de véhicule,Mon ménage ne possède pas ce type de véhicule,"Oui, permis B",,Il n'en existe pas à proximité de mon domicile,Il n'en existe pas à proximité de mon domicile,Il n'en existe pas à proximité de mon domicile,Entre 10 et 15 minutes,Je ne réside pas dans un lieu pourvu d'un réseau de transports en commun,Non,Je ne sais pas,Je ne sais pas,Tous les jours ou presque,,Moins d'une fois par mois,Moins d'une fois par mois,,,2 à 3 fois par semaine,Jamais,Jamais,Jamais,Jamais,Jamais,1 fois par semaine,,,,,,,,,,,,,,,,Le service n’est pas disponible dans les lieux que je fréquente ou que j'ai fréquentés,Je ne connais pas ce service,Je préfère d'autres moyens de transport,,,,,,,,,,Exceptionnellement,Souvent,Exceptionnellement,Jamais,Souvent,Exceptionnellement,Exceptionnellement,Souvent,Jamais,Exceptionnellement,Exceptionnellement,Service de meilleur rapport qualité/prix par rapport aux taxis,Service de meilleure qualité par rapport à d'autres moyens de transport,Si aucune autre offre de transport n'est disponible seulement,,Déplacement pour raison médicale remboursé par l’assurance maladie,,,,,,,,,,,,,,Je n'envisage pas de changements particuliers,,,,,,,,,,,,Non,,,,,Non,,,,,Je ne souhaite pas répondre,Retraités,60 ans et plus,Aire urbaine entre 100 000 et 200 000 habitants,0.870503917
Une femme,,35,Baccalauréat,,Sans activité professionnelle,,En couple avec enfant(s),,4.0,2.0,2.0,Je n'en ai jamais utilisé,,,,,,,50,Elevé,70,Très élevé,Mon ménage ne possède pas ce type de véhicule,Mon ménage ne possède pas ce type de véhicule,Mon ménage ne possède pas ce type de véhicule,3 ou plus,Mon ménage ne possède pas ce type de véhicule,Mon ménage ne possède pas ce type de véhicule,Mon ménage ne possède pas ce type de véhicule,"Oui, permis B",,Entre 10 et 15 minutes,Il n'en existe pas à proximité de mon domicile,Il n'en existe pas à proximité de mon domicile,Plus de 20 minutes,Non,Non,Je ne sais pas,Je ne sais pas,1 fois par semaine,,Jamais,Jamais,,,Tous les jours ou presque,Jamais,Jamais,Jamais,Jamais,Jamais,Jamais,,,,,,,,,,,,,,,,Je préfère d'autres moyens de transport,,,,,,,,,,,,Jamais,Souvent,Jamais,Jamais,Jamais,Jamais,A chaque fois,A chaque fois,Jamais,Exceptionnellement,Jamais,Ça me permet de me déplacer facilement avec des proches,,,,Déplacement pour raison médicale remboursé par l’assurance maladie,,,,,,,,,,,,,,J'utiliserai davantage le vélo ou marcherai plus,,,,,,,,,,,,Non,,,,,Non,,,,,De 2 000 € à 3 000 €,Inactifs et autres (hors retraités),30-39 ans,Aire urbaine de moins de 100 000 habitants,0.919793855
Une femme,,42,Bac + 5 (Master),,Actif.ve à temps plein (+32 h / semaine),"Cadre, Profession intellectuelle supérieure",Seul.e avec enfant(s),,2.0,1.0,1.0,Il y a plus de 12 mois,Non,Agglomération parisienne,,Je ne sais plus,,,20,Adéquat,30,Adéquat,1,Mon ménage ne possède pas ce type de véhicule,Mon ménage ne possède pas ce type de véhicule,2,Mon ménage ne possède pas ce type de véhicule,1,1,"Oui, permis B",,Moins de 5 minutes,Il n'en existe pas à proximité de mon domicile,Il n'en existe pas à proximité de mon domicile,Plus de 20 minutes,Oui,Non,Je ne sais pas,Oui,2 à 3 fois par mois,2 à 3 fois par semaine,2 à 3 fois par mois,Jamais,,,Moins d'une fois par mois,Jamais,Jamais,Tous les jours ou presque,Jamais,Jamais,Tous les jours ou presque,Je ne sais plus,,Plus de 35 €,Plus de 30 minutes,Aucun,,,,Oui,Un taxi,,C'était plus rapide,C'était moins cher,"C'était plus sécurisant (agressions, vols, etc.)",,,,,,Le service est trop cher,Je préfère d’autres moyens de transport,Autre,pas nécessaire. je me débrouille pour prendre les transports en communs ou un transport perso,,,,,Jamais,Jamais,Jamais,Exceptionnellement,Jamais,Souvent,Jamais,Exceptionnellement,Jamais,Exceptionnellement,Jamais,Service de meilleur rapport qualité/prix par rapport aux taxis,Si aucune autre offre de transport n'est disponible seulement,,,Equipement en sièges pour enfants,Embarquement d’un vélo ou d’un autre équipement encombrant,,,,,,,,,,,,,Je n'envisage pas de changements particuliers,,Non,,,,,,,,,,Non,,,,,Oui,J’utiliserai davantage les transports en commun,,,,De 4 000 à 5 000 €,"Cadre, Profession intellectuelle supérieure",40-49 ans,Aire urbaine de Paris,0.766243219
Une femme,,22,"Bac +2 (BTS, DUT)",,Etudiant.e,,Autre,Chez parents,5.0,1.0,0.0,Je n'en ai jamais utilisé,,,,,,,50,Elevé,40,Elevé,1,Mon ménage ne possède pas ce type de véhicule,Mon ménage ne possède pas ce type de véhicule,Mon ménage ne possède pas ce type de véhicule,Mon ménage ne possède pas ce type de véhicule,Mon ménage ne possède pas ce type de véhicule,1,"Oui, permis B",,Moins de 5 minutes,Moins de 5 minutes,Il n'en existe pas à proximité de mon domicile,Entre 10 et 15 minutes,Non,Non,Je ne sais pas,Oui,Tous les jours ou presque,2 à 3 fois par semaine,Moins d'une fois par mois,Jamais,,,,Jamais,Jamais,Moins d'une fois par mois,Jamais,Jamais,2 à 3 fois par mois,,,,,,,,,,,,,,,,Je préfère d'autres moyens de transport,Le service n’est pas disponible dans les lieux que je fréquente ou que j'ai fréquentés,Le service est trop cher,,,,,,,,,,Exceptionnellement,Exceptionnellement,Exceptionnellement,Exceptionnellement,Exceptionnellement,Exceptionnellement,Exceptionnellement,Jamais,Jamais,Jamais,Jamais,Si aucune autre offre de transport n'est disponible seulement,Ça me permet de me déplacer facilement avec des proches,Service de meilleur rapport qualité/prix par rapport aux taxis,,Déplacement pour raison médicale remboursé par l’assurance maladie,Transport de personnes à mobilité réduite (PMR) ou en situation de handicap,"Aide au déménagement, pour le transport de mes effets personnels",,,,,,,,,,,,J'utiliserai davantage les transports en commun,,Non,,,,,,,,,,Oui,Aire urbaine de 100 000 à 200 000 habitants,En première couronne d'une agglomération,,Mieux desservie,Oui,J’utiliserai davantage les transports en commun,,,,De 5 000 € à 6 000 €,Inactifs et autres (hors retraités),18-29 ans,Aire urbaine de moins de 100 000 habitants,1.049357638
Un homme,,27,Bac + 3 (Licence),,Etudiant.e,,Seul.e avec enfant(s),,5.0,2.0,1.0,Il y a plus de 12 mois,Non,Agglomération parisienne,,Oui,Marcel,,30,Faible,50,Elevé,2,1,2,3 ou plus,1,1,1,"Oui, permis B",,Entre 10 et 15 minutes,Entre 5 et 10 minutes,Entre 5 et 10 minutes,Entre 5 et 10 minutes,Oui,Oui,"Oui, tout le temps",Oui,1 fois par semaine,Tous les jours ou presque,1 fois par semaine,1 fois par mois,,,2 à 3 fois par mois,2 à 3 fois par mois,1 fois par semaine,Tous les jours ou presque,1 fois par semaine,1 fois par semaine,1 fois par semaine,"Faire une sortie de loisir ou culturelle (restaurant, boîte de nuit, complexe sportif, musée, plage…)",,Entre 5 et 10 €,Entre 15 et 20 minutes,Un vélo ou une trottinette,,,,Oui,Une voiture de location,,C'était moins cher,,,,,,,,Je préfère d’autres moyens de transport,,,,,,,,A chaque fois,Souvent,A chaque fois,Souvent,Souvent,A chaque fois,Souvent,A chaque fois,Exceptionnellement,Souvent,Souvent,Si aucune autre offre de transport n'est disponible seulement,,,,Embarquement d’un vélo ou d’un autre équipement encombrant,,,,,,,,,,,,,,Je me déplacerai moins,,Oui,Plutôt pas d'accord,Tout à fait d'accord,Tout à fait d'accord,Plutôt d'accord,Plutôt d'accord,Tout à fait d'accord,Plutôt d'accord,Tout à fait d'accord,Plutôt d'accord,Oui,Aire urbaine de plus de 200 000 habitants (hors aire urbaine de Paris),Dans la ville-centre d'une agglomération,,Aussi bien desservie,Non,,,,,Moins de 1 000 €,Inactifs et autres (hors retraités),18-29 ans,Aire urbaine de plus de 200 000 habitants (hors Paris),1.209308277
Un homme,,48,"Bac +2 (BTS, DUT)",,Actif.ve à temps plein (+32 h / semaine),Profession intermédiaire,En couple avec enfant(s),,6.0,4.0,0.0,Je n'en ai jamais utilisé,,,,,,,20,Elevé,25,Elevé,2,Mon ménage ne possède pas ce type de véhicule,Mon ménage ne possède pas ce type de véhicule,3 ou plus,Mon ménage ne possède pas ce type de véhicule,Mon ménage ne possède pas ce type de véhicule,Mon ménage ne possède pas ce type de véhicule,"Oui, permis B",,Moins de 5 minutes,Il n'en existe pas à proximité de mon domicile,Il n'en existe pas à proximité de mon domicile,Entre 15 et 20 minutes,Non,Non,Je ne sais pas,Je ne sais pas,1 fois par mois,Tous les jours ou presque,2 à 3 fois par mois,Jamais,,,Jamais,Jamais,Jamais,Jamais,Jamais,Jamais,Moins d'une fois par mois,,,,,,,,,,,,,,,,Le service n’est pas disponible dans les lieux que je fréquente ou que j'ai fréquentés,,,,,,,,,,,,Jamais,Jamais,Jamais,Jamais,Jamais,Jamais,Jamais,Jamais,Jamais,Jamais,Jamais,Autre,,,ma voiture est en panne,Aucun service supplémentaire,,,,,,,,,,,,,,Je n'envisage pas de changements particuliers,,Non,,,,,,,,,,Non,,,,,Non,,,,,De 2 000 € à 3 000 €,Profession intermédiaire,40-49 ans,Aire urbaine de moins de 100 000 habitants,0.87764326
Une femme,,25,Sans diplôme,,Sans activité professionnelle,,Autre,Chez mes parents,3.0,0.0,0.0,Il y a plus de 12 mois,Non,Ailleurs à l'étranger,,Non,,,30,Adéquat,40,Adéquat,1,Mon ménage ne possède pas ce type de véhicule,Mon ménage ne possède pas ce type de véhicule,Mon ménage ne possède pas ce type de véhicule,Mon ménage ne possède pas ce type de véhicule,Mon ménage ne possède pas ce type de véhicule,Mon ménage ne possède pas ce type de véhicule,Non,,Moins de 5 minutes,Entre 5 et 10 minutes,Il n'en existe pas à proximité de mon domicile,Entre 10 et 15 minutes,Non,Non,Je ne sais pas,Je ne sais pas,Moins d'une fois par mois,,Moins d'une fois par mois,,,,,Jamais,Jamais,Moins d'une fois par mois,Jamais,Jamais,Moins d'une fois par mois,Rejoindre ou quitter une gare/un aéroport/une station de transports en commun,,Je ne sais plus,Plus de 30 minutes,L'avion,,,,Je ne sais pas,,,,,,,,,,,Je préfère d’autres moyens de transport,Le service n’est pas disponible dans les lieux que je fréquente ou que j'ai fréquentés,Le service est trop cher,,,,,,Jamais,Jamais,Exceptionnellement,Jamais,Exceptionnellement,Exceptionnellement,Jamais,Jamais,Jamais,Jamais,Jamais,Si aucune autre offre de transport n'est disponible seulement,,,,Acceptation des animaux à bord,,,,,,,,,,,,,,Je n'envisage pas de changements particuliers,,Je ne sais pas,Ne se prononce pas,Pas d'accord du tout,Pas d'accord du tout,Pas d'accord du tout,Pas d'accord du tout,Pas d'accord du tout,Pas d'accord du tout,Pas d'accord du tout,Pas d'accord du tout,Je ne sais pas,Hors aire urbaine (zones rurales),,,Je ne sais pas,Oui,Je ne serai pas concerné par les restrictions,,,,Je ne souhaite pas répondre,Inactifs et autres (hors retraités),18-29 ans,Aire urbaine de plus de 200 000 habitants (hors Paris),1.020595013
Une femme,,52,Baccalauréat,,Actif.ve à temps plein (+32 h / semaine),Employé.e,En couple avec enfant(s),,5.0,3.0,3.0,Je n'en ai jamais utilisé,,,,,,,20,Elevé,25,Elevé,Mon ménage ne possède pas ce type de véhicule,Mon ménage ne possède pas ce type de véhicule,Mon ménage ne possède pas ce type de véhicule,3 ou plus,Mon ménage ne possède pas ce type de véhicule,Mon ménage ne possède pas ce type de véhicule,Mon ménage ne possède pas ce type de véhicule,"Oui, permis B",,Moins de 5 minutes,Il n'en existe pas à proximité de mon domicile,Il n'en existe pas à proximité de mon domicile,Entre 10 et 15 minutes,Oui,Non,Je ne sais pas,Oui,2 à 3 fois par semaine,,Jamais,Jamais,,,1 fois par mois,Jamais,Jamais,Tous les jours ou presque,Moins d'une fois par mois,Jamais,2 à 3 fois par semaine,,,,,,,,,,,,,,,,Le service n’est pas disponible dans les lieux que je fréquente ou que j'ai fréquentés,,,,,,,,,,,,Jamais,Jamais,Jamais,Jamais,Jamais,Exceptionnellement,Exceptionnellement,Jamais,Jamais,Jamais,Jamais,Service de meilleur rapport qualité/prix par rapport aux taxis,,,,"Aide au déménagement, pour le transport de mes effets personnels",,,,,,,,,,,,,,Je n'envisage pas de changements particuliers,,,,,,,,,,,,Oui,Aire urbaine de Paris,Dans la ville-centre d'une agglomération,,Mieux desservie,Je ne sais pas,,,,,Je ne souhaite pas répondre,Employé.e,50-59 ans,Aire urbaine de Paris,0.947317507
Un homme,,58,Bac + 5 (Master),,Actif.ve à temps plein (+32 h / semaine),"Cadre, Profession intellectuelle supérieure",En couple avec enfant(s),,4.0,2.0,0.0,Je n'en ai jamais utilisé,,,,,,,10,Adéquat,10,Adéquat,1,1,Mon ménage ne possède pas ce type de véhicule,3 ou plus,Mon ménage ne possède pas ce type de véhicule,Mon ménage ne possède pas ce type de véhicule,Mon ménage ne possède pas ce type de véhicule,"Oui, permis B",,Entre 5 et 10 minutes,Plus de 20 minutes,Il n'en existe pas à proximité de mon domicile,Plus de 20 minutes,Non,Non,Je ne sais pas,Oui,2 à 3 fois par semaine,Tous les jours ou presque,1 fois par mois,Jamais,,,1 fois par semaine,Jamais,Jamais,1 fois par mois,Moins d'une fois par mois,Jamais,2 à 3 fois par mois,,,,,,,,,,,,,,,,Je ne connais pas ce service,,,,,,,,,,,,Exceptionnellement,Exceptionnellement,Jamais,Souvent,Jamais,Souvent,Souvent,Jamais,Jamais,Jamais,Jamais,Service de meilleur rapport qualité/prix par rapport aux taxis,,,,Aucun service supplémentaire,,,,,,,,,,,,,,Je n'envisage pas de changements particuliers,,Non,,,,,,,,,,Non,,,,,Je ne sais pas,,,,,De 5 000 € à 6 000 €,"Cadre, Profession intellectuelle supérieure",50-59 ans,Aire urbaine de plus de 200 000 habitants (hors Paris),0.998694854
Une femme,,35,"Bac +2 (BTS, DUT)",,Actif.ve à temps plein (+32 h / semaine),Profession intermédiaire,En couple avec enfant(s),,5.0,3.0,3.0,Je n'en ai jamais utilisé,,,,,,,150,Très élevé,170,Très élevé,1,1,1,3 ou plus,Mon ménage ne possède pas ce type de véhicule,3 ou plus,Mon ménage ne possède pas ce type de véhicule,"Oui, permis A (motos et scooters)","Oui, permis B",Entre 15 et 20 minutes,Il n'en existe pas à proximité de mon domicile,Il n'en existe pas à proximité de mon domicile,Plus de 20 minutes,Non,Non,Je ne sais pas,Je ne sais pas,Jamais,Tous les jours ou presque,2 à 3 fois par semaine,Jamais,Jamais,Jamais,2 à 3 fois par mois,Jamais,Jamais,Jamais,Jamais,Jamais,Jamais,,,,,,,,,,,,,,,,Je préfère d'autres moyens de transport,,,,,,,,,,,,Jamais,Exceptionnellement,Exceptionnellement,Jamais,Exceptionnellement,Souvent,Souvent,Jamais,Jamais,Jamais,Jamais,Si aucune autre offre de transport n'est disponible seulement,Service de meilleur rapport qualité/prix par rapport aux taxis,Ça me permet de me déplacer facilement avec des proches,,Equipement en sièges pour enfants,Embarquement d’un vélo ou d’un autre équipement encombrant,,,,,,,,,,,,,Je n'envisage pas de changements particuliers,,Non,,,,,,,,,,Non,,,,,Non,,,,,Je ne souhaite pas répondre,Profession intermédiaire,30-39 ans,Aire urbaine de moins de 100 000 habitants,0.716193896
Un homme,,55,"CAP, BEP",,Actif.ve à temps plein (+32 h / semaine),"Cadre, Profession intellectuelle supérieure",En couple avec enfant(s),,5.0,3.0,1.0,Je n'en ai jamais utilisé,,,,,,,50,Elevé,35,Adéquat,2,1,Mon ménage ne possède pas ce type de véhicule,3 ou plus,Mon ménage ne possède pas ce type de véhicule,Mon ménage ne possède pas ce type de véhicule,Mon ménage ne possède pas ce type de véhicule,"Oui, permis A (motos et scooters)","Oui, permis B",Entre 5 et 10 minutes,Il n'en existe pas à proximité de mon domicile,Il n'en existe pas à proximité de mon domicile,Plus de 20 minutes,Je ne réside pas dans un lieu pourvu d'un réseau de transports en commun,Non,Non,Oui,Moins d'une fois par mois,Tous les jours ou presque,Jamais,Jamais,,Jamais,Moins d'une fois par mois,Jamais,Jamais,Jamais,Jamais,Jamais,Jamais,,,,,,,,,,,,,,,,Le service n’est pas disponible dans les lieux que je fréquente ou que j'ai fréquentés,C'est trop compliqué à utiliser,,,,,,,,,,,Jamais,Souvent,Jamais,Jamais,Jamais,A chaque fois,A chaque fois,Jamais,Jamais,Souvent,Jamais,Si aucune autre offre de transport n'est disponible seulement,Ça me permet de me déplacer avec mon animal de compagnie,Service de meilleure qualité par rapport à d'autres moyens de transport,,Déplacement pour raison médicale remboursé par l’assurance maladie,Acceptation des animaux à bord,Embarquement d’un vélo ou d’un autre équipement encombrant,,,,,,,,,,,,J'utiliserai davantage une voiture ou un deux-roues motorisé personnel(le),,Non,,,,,,,,,,Non,,,,,Non,,,,,Je ne souhaite pas répondre,"Cadre, Profession intellectuelle supérieure",50-59 ans,Aire urbaine de moins de 100 000 habitants,1.026840284
Une femme,,19,Baccalauréat,,Etudiant.e,,Autre,Parents,3.0,1.0,0.0,Je n'en ai jamais utilisé,,,,,,,35,Elevé,40,Elevé,1,Mon ménage ne possède pas ce type de véhicule,1,1,Mon ménage ne possède pas ce type de véhicule,1,1,"Oui, permis B",,Moins de 5 minutes,Il n'en existe pas à proximité de mon domicile,Il n'en existe pas à proximité de mon domicile,Il n'en existe pas à proximité de mon domicile,Oui,Non,Non,Non,Tous les jours ou presque,1 fois par mois,2 à 3 fois par semaine,Jamais,,,Moins d'une fois par mois,Jamais,Jamais,2 à 3 fois par semaine,Jamais,Jamais,Tous les jours ou presque,,,,,,,,,,,,,,,,Le service n’est pas disponible dans les lieux que je fréquente ou que j'ai fréquentés,Je préfère d'autres moyens de transport,Je ne connais pas ce service,,,,,,,,,,Souvent,Jamais,Souvent,Souvent,Souvent,Jamais,Souvent,Souvent,Jamais,Jamais,Jamais,Ça me permet de me déplacer facilement avec des proches,,,,Embarquement d’un vélo ou d’un autre équipement encombrant,,,,,,,,,,,,,,J'utiliserai davantage les transports en commun,,Je ne sais pas,Pas d'accord du tout,Pas d'accord du tout,Plutôt pas d'accord,Plutôt d'accord,Plutôt d'accord,Pas d'accord du tout,Plutôt pas d'accord,Pas d'accord du tout,Plutôt pas d'accord,Oui,Aire urbaine de plus de 200 000 habitants (hors aire urbaine de Paris),Dans la ville-centre d'une agglomération,,Mieux desservie,Oui,J'adapterai mon ou mes véhicule(s) ou en changerai,,,,Moins de 1 000 €,Inactifs et autres (hors retraités),18-29 ans,Aire urbaine de plus de 200 000 habitants (hors Paris),1.020595013
Une femme,,60,Baccalauréat,,Actif.ve à temps plein (+32 h / semaine),Agriculteur.ice,En couple sans enfant,,,,,Je n'en ai jamais utilisé,,,,,,,40,Elevé,30,Adéquat,1,Mon ménage ne possède pas ce type de véhicule,Mon ménage ne possède pas ce type de véhicule,2,Mon ménage ne possède pas ce type de véhicule,Mon ménage ne possède pas ce type de véhicule,Mon ménage ne possède pas ce type de véhicule,"Oui, permis B",,Moins de 5 minutes,Il n'en existe pas à proximité de mon domicile,Il n'en existe pas à proximité de mon domicile,Plus de 20 minutes,Non,Non,Non,Non,Tous les jours ou presque,1 fois par semaine,1 fois par semaine,Jamais,,,Tous les jours ou presque,Jamais,Jamais,Jamais,Jamais,Jamais,Moins d'une fois par mois,,,,,,,,,,,,,,,,Le service n’est pas disponible dans les lieux que je fréquente ou que j'ai fréquentés,Le service est trop cher,,,,,,,,,,,Jamais,Jamais,Jamais,Jamais,Jamais,Jamais,Jamais,Jamais,Jamais,Jamais,Jamais,Autre,,,Par contrainte,Aucun service supplémentaire,,,,,,,,,,,,,,Je n'envisage pas de changements particuliers,,Non,,,,,,,,,,Non,,,,,Non,,,,,De 4 000 à 5 000 €,Agriculteur.ice,60 ans et plus,Aire urbaine entre 100 000 et 200 000 habitants,0.453519215
Une femme,,46,Bac + 4 (Maîtrise),,Actif.ve à temps plein (+32 h / semaine),Employé.e,En couple avec enfant(s),,5.0,3.0,3.0,Je n'en ai jamais utilisé,,,,,,,25,Elevé,45,Très élevé,2,Mon ménage ne possède pas ce type de véhicule,2,3 ou plus,Mon ménage ne possède pas ce type de véhicule,Mon ménage ne possède pas ce type de véhicule,Mon ménage ne possède pas ce type de véhicule,"Oui, permis A (motos et scooters)","Oui, permis B",Entre 5 et 10 minutes,Il n'en existe pas à proximité de mon domicile,Il n'en existe pas à proximité de mon domicile,Plus de 20 minutes,Non,Non,Je ne sais pas,Je ne sais pas,Jamais,Tous les jours ou presque,Jamais,Jamais,2 à 3 fois par semaine,Jamais,Moins d'une fois par mois,Jamais,Jamais,Jamais,Jamais,Jamais,Jamais,,,,,,,,,,,,,,,,Je préfère d'autres moyens de transport,,,,,,,,,,,,Jamais,Jamais,Jamais,Jamais,Jamais,Jamais,Jamais,Jamais,Jamais,Jamais,Jamais,Autre,,,Je n'utiliserai pas ce service,Aucun service supplémentaire,,,,,,,,,,,,,,Je n'envisage pas de changements particuliers,,Oui,Pas d'accord du tout,Pas d'accord du tout,Pas d'accord du tout,Pas d'accord du tout,Tout à fait d'accord,Pas d'accord du tout,Pas d'accord du tout,Pas d'accord du tout,Pas d'accord du tout,Je ne sais pas,Aire urbaine de moins de 100 000 habitants,En zone périurbaine d'une agglomération,,Je ne sais pas,Non,,,,,De 3 000 à 4 000 €,Employé.e,40-49 ans,Aire urbaine de moins de 100 000 habitants,0.842310818
Une femme,,60,Bac + 3 (Licence),,Actif.ve à temps partiel (-32 h / semaine),Agriculteur.ice,En couple sans enfant,,,,,Je n'en ai jamais utilisé,,,,,,,20,Adéquat,40,Elevé,2,Mon ménage ne possède pas ce type de véhicule,Mon ménage ne possède pas ce type de véhicule,1,1,Mon ménage ne possède pas ce type de véhicule,Mon ménage ne possède pas ce type de véhicule,"Oui, permis B",,Entre 10 et 15 minutes,Il n'en existe pas à proximité de mon domicile,Il n'en existe pas à proximité de mon domicile,Il n'en existe pas à proximité de mon domicile,Non,Non,"Oui, tout le temps",Oui,Jamais,Tous les jours ou presque,2 à 3 fois par semaine,Jamais,,,Moins d'une fois par mois,Jamais,Jamais,Moins d'une fois par mois,Jamais,Jamais,Jamais,,,,,,,,,,,,,,,,Je préfère d'autres moyens de transport,,,,,,,,,,,,Jamais,Exceptionnellement,Exceptionnellement,Jamais,Jamais,Souvent,Souvent,Jamais,Exceptionnellement,Exceptionnellement,Jamais,Service de meilleur rapport qualité/prix par rapport aux taxis,Si aucune autre offre de transport n'est disponible seulement,,,Transport de personnes à mobilité réduite (PMR) ou en situation de handicap,Déplacement pour raison médicale remboursé par l’assurance maladie,,,,,,,,,,,,,Je n'envisage pas de changements particuliers,,Non,,,,,,,,,,Non,,,,,Je ne sais pas,,,,,Je ne souhaite pas répondre,Agriculteur.ice,60 ans et plus,Aire urbaine de plus de 200 000 habitants (hors Paris),0.571499153
Un homme,,29,Baccalauréat,,Sans activité professionnelle,,Autre,parents,3.0,0.0,0.0,Je n'en ai jamais utilisé,,,,,,,10,Elevé,25,Très élevé,3 ou plus,Mon ménage ne possède pas ce type de véhicule,Mon ménage ne possède pas ce type de véhicule,2,Mon ménage ne possède pas ce type de véhicule,Mon ménage ne possède pas ce type de véhicule,Mon ménage ne possède pas ce type de véhicule,"Oui, permis B",,Il n'en existe pas à proximité de mon domicile,Il n'en existe pas à proximité de mon domicile,Il n'en existe pas à proximité de mon domicile,Il n'en existe pas à proximité de mon domicile,Non,Non,Non,Je ne sais pas,Jamais,2 à 3 fois par semaine,2 à 3 fois par mois,Jamais,,,Moins d'une fois par mois,Jamais,Jamais,Jamais,Jamais,Jamais,2 à 3 fois par mois,,,,,,,,,,,,,,,,Le service est trop cher,,,,,,,,,,,,Jamais,Exceptionnellement,Jamais,Jamais,Exceptionnellement,Jamais,Exceptionnellement,Exceptionnellement,Jamais,Exceptionnellement,Exceptionnellement,Service de meilleure qualité par rapport à d'autres moyens de transport,Service de meilleur rapport qualité/prix par rapport aux taxis,,,Acceptation des animaux à bord,,,,,,,,,,,,,,Je n'envisage pas de changements particuliers,,Non,,,,,,,,,,Je ne sais pas,Aire urbaine de 100 000 à 200 000 habitants,En deuxième couronne d'une agglomération,,Mieux desservie,Non,,,,,Je ne souhaite pas répondre,Inactifs et autres (hors retraités),18-29 ans,Aire urbaine de plus de 200 000 habitants (hors Paris),1.209308277
Un homme,,26,"Bac +2 (BTS, DUT)",,Sans activité professionnelle,,Autre,Chez ma mère,2.0,0.0,0.0,Je n'en ai jamais utilisé,,,,,,,35,Très élevé,40,Très élevé,Mon ménage ne possède pas ce type de véhicule,Mon ménage ne possède pas ce type de véhicule,Mon ménage ne possède pas ce type de véhicule,2,Mon ménage ne possède pas ce type de véhicule,Mon ménage ne possède pas ce type de véhicule,Mon ménage ne possède pas ce type de véhicule,Non,,Moins de 5 minutes,Il n'en existe pas à proximité de mon domicile,Il n'en existe pas à proximité de mon domicile,Entre 15 et 20 minutes,Non,Non,Je ne sais pas,Oui,1 fois par semaine,,2 à 3 fois par mois,,,,Moins d'une fois par mois,Jamais,Jamais,1 fois par semaine,Jamais,Jamais,Jamais,,,,,,,,,,,,,,,,Je ne connais pas ce service,Je préfère d'autres moyens de transport,Le service est trop cher,,,,,,,,,,Jamais,Jamais,Jamais,Jamais,Jamais,Jamais,Jamais,Jamais,Jamais,Jamais,Jamais,Si aucune autre offre de transport n'est disponible seulement,,,,Aucun service supplémentaire,,,,,,,,,,,,,,J'utiliserai davantage une voiture ou un deux-roues motorisé personnel(le),,,,,,,,,,,,Je ne sais pas,Aire urbaine de moins de 100 000 habitants,En zone périurbaine d'une agglomération,,Aussi bien desservie,Non,,,,,De 1 000 € à 2 000 €,Inactifs et autres (hors retraités),18-29 ans,Aire urbaine de moins de 100 000 habitants,1.243389259
Une femme,,25,Baccalauréat,,Sans activité professionnelle,,Autre,Chez mes parents,5.0,0.0,0.0,Il y a plus de 12 mois,Non,Agglomération parisienne,,Je ne sais plus,,,10,Adéquat,10,Adéquat,Mon ménage ne possède pas ce type de véhicule,Mon ménage ne possède pas ce type de véhicule,Mon ménage ne possède pas ce type de véhicule,Mon ménage ne possède pas ce type de véhicule,Mon ménage ne possède pas ce type de véhicule,Mon ménage ne possède pas ce type de véhicule,Mon ménage ne possède pas ce type de véhicule,Non,,Entre 5 et 10 minutes,Il n'en existe pas à proximité de mon domicile,Il n'en existe pas à proximité de mon domicile,Entre 5 et 10 minutes,Non,Non,Je ne sais pas,Je ne sais pas,2 à 3 fois par semaine,,Jamais,,,,,Jamais,Jamais,1 fois par semaine,Jamais,Jamais,Jamais,Je ne sais plus,,Je ne sais plus,Je ne sais plus,Aucun,,,,Je ne sais pas,,,,,,,,,,,Je préfère d’autres moyens de transport,,,,,,,,Jamais,Jamais,Jamais,Jamais,Jamais,Jamais,Jamais,Jamais,Jamais,Exceptionnellement,Jamais,Si aucune autre offre de transport n'est disponible seulement,,,,Equipement en sièges pour enfants,,,,,,,,,,,,,,Je me déplacerai moins,,,,,,,,,,,,Je ne sais pas,Aire urbaine de Paris,En zone périurbaine d'une agglomération,,Je ne sais pas,Je ne sais pas,,,,,Je ne souhaite pas répondre,Inactifs et autres (hors retraités),18-29 ans,Aire urbaine de Paris,1.046426634
Un homme,,33,Bac + 3 (Licence),,Actif.ve à temps plein (+32 h / semaine),Profession intermédiaire,En couple avec enfant(s),,5.0,3.0,3.0,Il y a plus de 12 mois,Non,Agglomération nantaise,,Non,,,80,Très élevé,80,Très élevé,2,Mon ménage ne possède pas ce type de véhicule,Mon ménage ne possède pas ce type de véhicule,1,2,Mon ménage ne possède pas ce type de véhicule,Mon ménage ne possède pas ce type de véhicule,"Oui, permis A (motos et scooters)","Oui, permis B",Entre 5 et 10 minutes,Il n'en existe pas à proximité de mon domicile,Il n'en existe pas à proximité de mon domicile,Entre 5 et 10 minutes,Non,Non,Je ne sais pas,Oui,2 à 3 fois par mois,Tous les jours ou presque,Jamais,Jamais,,Jamais,2 à 3 fois par semaine,Jamais,Jamais,Jamais,Jamais,Jamais,1 fois par mois,Je ne sais plus,,Je ne sais plus,Entre 20 et 30 minutes,La marche à pied,,,,Non,,,,,,,,,,,Le service est trop cher,,,,,,,,Jamais,Jamais,Jamais,Exceptionnellement,Jamais,A chaque fois,Exceptionnellement,A chaque fois,Jamais,Exceptionnellement,Jamais,Service de meilleure qualité par rapport à d'autres moyens de transport,,,,Equipement en sièges pour enfants,Embarquement d’un vélo ou d’un autre équipement encombrant,Déplacement pour raison médicale remboursé par l’assurance maladie,,,,,,,,,,,,J'utiliserai davantage le vélo ou marcherai plus,,Je ne sais pas,Plutôt pas d'accord,Plutôt pas d'accord,Plutôt pas d'accord,Plutôt pas d'accord,Plutôt pas d'accord,Plutôt pas d'accord,Plutôt d'accord,Plutôt pas d'accord,Plutôt pas d'accord,Non,,,,,Non,,,,,Je ne souhaite pas répondre,Profession intermédiaire,30-39 ans,Aire urbaine de moins de 100 000 habitants,0.84862183
Une femme,,19,Bac + 3 (Licence),,Etudiant.e,,Autre,Chez mes parents,4.0,2.0,0.0,Il y a moins de 12 mois,Non,Agglomération nantaise,,Oui,Bolt,,15,Elevé,20,Elevé,3 ou plus,Mon ménage ne possède pas ce type de véhicule,1,3 ou plus,Mon ménage ne possède pas ce type de véhicule,Mon ménage ne possède pas ce type de véhicule,Mon ménage ne possède pas ce type de véhicule,Non,,Entre 10 et 15 minutes,Il n'en existe pas à proximité de mon domicile,Il n'en existe pas à proximité de mon domicile,Plus de 20 minutes,Oui,Non,Non,Je ne sais pas,Tous les jours ou presque,,Tous les jours ou presque,,,,2 à 3 fois par mois,Jamais,Jamais,Tous les jours ou presque,Jamais,Moins d'une fois par mois,1 fois par semaine,"Faire une sortie de loisir ou culturelle (restaurant, boîte de nuit, complexe sportif, musée, plage…)",,Entre 10 et 15 €,Entre 10 et 15 minutes,La marche à pied,,,,Oui,"Les transports en commun (métro, tram, bus, RER, TER)",,C'était plus rapide,"C'était plus sécurisant (agressions, vols, etc.)",,,,,,,Le service est trop cher,,,,,,,,Exceptionnellement,Exceptionnellement,Exceptionnellement,Souvent,Exceptionnellement,Souvent,Souvent,Souvent,Exceptionnellement,Exceptionnellement,Exceptionnellement,Service de meilleur rapport qualité/prix par rapport aux taxis,Si aucune autre offre de transport n'est disponible seulement,,,Embarquement d’un vélo ou d’un autre équipement encombrant,"Aide au déménagement, pour le transport de mes effets personnels",,,,,,,,,,,,,J'utiliserai davantage les transports en commun,,Non,,,,,,,,,,Oui,Aire urbaine de plus de 200 000 habitants (hors aire urbaine de Paris),En première couronne d'une agglomération,,Mieux desservie,Oui,J’utiliserai davantage les transports en commun,,,,De 5 000 € à 6 000 €,Inactifs et autres (hors retraités),18-29 ans,Aire urbaine de plus de 200 000 habitants (hors Paris),1.020595013
Une femme,,69,Supérieur à Bac + 5,,Actif.ve à temps partiel (-32 h / semaine),"Cadre, Profession intellectuelle supérieure",En couple sans enfant,,,,,Il y a moins de 12 mois,Non,Agglomération lyonnaise,,Oui,Uber,,20,Adéquat,25,Elevé,Mon ménage ne possède pas ce type de véhicule,1,Mon ménage ne possède pas ce type de véhicule,1,1,Mon ménage ne possède pas ce type de véhicule,Mon ménage ne possède pas ce type de véhicule,"Oui, permis B",,Entre 5 et 10 minutes,Entre 5 et 10 minutes,Entre 5 et 10 minutes,Plus de 20 minutes,Non,Non,"Oui, tout le temps",Oui,1 fois par semaine,Jamais,1 fois par semaine,Moins d'une fois par mois,,,Jamais,Jamais,Jamais,1 fois par semaine,1 fois par mois,1 fois par mois,1 fois par semaine,Rejoindre ou quitter une gare/un aéroport/une station de transports en commun,,Entre 5 et 10 €,Entre 10 et 15 minutes,"Le train (TER, Intercités, TGV)",,,,Oui,Une autre offre de VTC (par exemple via une autre application),,"C’était plus pratique (j’avais des bagages, …)","C'était plus sûr (pour arriver à l'heure, pour arriver sans me perdre...)",C'était plus confortable,,,,,,Autre,,,je n'ai pas eu l'occasion de me déplacer,,,,,Exceptionnellement,Exceptionnellement,Exceptionnellement,Jamais,Exceptionnellement,Souvent,Souvent,Exceptionnellement,Jamais,Jamais,Jamais,Si aucune autre offre de transport n'est disponible seulement,Service de meilleur rapport qualité/prix par rapport aux taxis,Service de meilleure qualité par rapport à d'autres moyens de transport,,Equipement en sièges pour enfants,Aucun service supplémentaire,Embarquement d’un vélo ou d’un autre équipement encombrant,,,,,,,,,,,,J'utiliserai davantage les services de taxi ou de VTC,,Non,,,,,,,,,,Non,,,,,Oui,,,,,De 7 000 € à 8 000 €,"Cadre, Profession intellectuelle supérieure",60 ans et plus,Aire urbaine de Paris,1.593585906
Un homme,,21,Brevet des collèges,,Etudiant.e,,Autre,avec mes parents et ma soeur,4.0,0.0,0.0,Je n'en ai jamais utilisé,,,,,,,100,Très élevé,100,Très élevé,2,Mon ménage ne possède pas ce type de véhicule,Mon ménage ne possède pas ce type de véhicule,1,Mon ménage ne possède pas ce type de véhicule,Mon ménage ne possède pas ce type de véhicule,Mon ménage ne possède pas ce type de véhicule,Non,,Il n'en existe pas à proximité de mon domicile,Il n'en existe pas à proximité de mon domicile,Il n'en existe pas à proximité de mon domicile,Il n'en existe pas à proximité de mon domicile,Je ne réside pas dans un lieu pourvu d'un réseau de transports en commun,Non,Je ne sais pas,Non,Tous les jours ou presque,,2 à 3 fois par semaine,,,,Jamais,Jamais,Jamais,Moins d'une fois par mois,Jamais,Jamais,Moins d'une fois par mois,,,,,,,,,,,,,,,,Le service n’est pas disponible dans les lieux que je fréquente ou que j'ai fréquentés,Je ne connais pas ce service,Le service est trop cher,,,,,,,,,,Jamais,Jamais,Jamais,Jamais,Jamais,Jamais,Jamais,Jamais,Jamais,Jamais,Jamais,Si aucune autre offre de transport n'est disponible seulement,,,,Acceptation des animaux à bord,Transport de personnes à mobilité réduite (PMR) ou en situation de handicap,Déplacement pour raison médicale remboursé par l’assurance maladie,,,,,,,,,,,,Je n'envisage pas de changements particuliers,,Non,,,,,,,,,,Non,,,,,Non,,,,,De 2 000 € à 3 000 €,Inactifs et autres (hors retraités),18-29 ans,Aire urbaine de plus de 200 000 habitants (hors Paris),1.209308277
Un homme,,63,"Bac +2 (BTS, DUT)",,Actif.ve à temps plein (+32 h / semaine),Profession intermédiaire,En couple avec enfant(s),,3.0,1.0,0.0,Je n'en ai jamais utilisé,,,,,,,30,Elevé,40,Elevé,Mon ménage ne possède pas ce type de véhicule,Mon ménage ne possède pas ce type de véhicule,Mon ménage ne possède pas ce type de véhicule,Mon ménage ne possède pas ce type de véhicule,Mon ménage ne possède pas ce type de véhicule,Mon ménage ne possède pas ce type de véhicule,Mon ménage ne possède pas ce type de véhicule,"Oui, permis A (motos et scooters)","Oui, permis B",Il n'en existe pas à proximité de mon domicile,Il n'en existe pas à proximité de mon domicile,Il n'en existe pas à proximité de mon domicile,Plus de 20 minutes,Non,Non,Je ne sais pas,Oui,1 fois par mois,,Tous les jours ou presque,Jamais,,Jamais,,Moins d'une fois par mois,Jamais,Jamais,Jamais,Jamais,Jamais,,,,,,,,,,,,,,,,Je ne connais pas ce service,,,,,,,,,,,,Exceptionnellement,Exceptionnellement,Exceptionnellement,Exceptionnellement,Exceptionnellement,Exceptionnellement,Exceptionnellement,Exceptionnellement,Exceptionnellement,Exceptionnellement,Exceptionnellement,Si aucune autre offre de transport n'est disponible seulement,,,,Aucun service supplémentaire,,,,,,,,,,,,,,J'utiliserai davantage le vélo ou marcherai plus,,,,,,,,,,,,Non,,,,,Non,,,,,De 4 000 à 5 000 €,Profession intermédiaire,60 ans et plus,Aire urbaine de moins de 100 000 habitants,1.825268916
Un homme,,19,Brevet des collèges,,Etudiant.e,,Autre,Parents,4.0,0.0,0.0,Je n'en ai jamais utilisé,,,,,,,15,Elevé,25,Elevé,Mon ménage ne possède pas ce type de véhicule,1,Mon ménage ne possède pas ce type de véhicule,Mon ménage ne possède pas ce type de véhicule,Mon ménage ne possède pas ce type de véhicule,Mon ménage ne possède pas ce type de véhicule,Mon ménage ne possède pas ce type de véhicule,Non,,Entre 5 et 10 minutes,Il n'en existe pas à proximité de mon domicile,Il n'en existe pas à proximité de mon domicile,Entre 15 et 20 minutes,Oui,Non,Je ne sais pas,Je ne sais pas,Moins d'une fois par mois,,1 fois par mois,,,,,1 fois par semaine,1 fois par mois,2 à 3 fois par semaine,Moins d'une fois par mois,Moins d'une fois par mois,Tous les jours ou presque,,,,,,,,,,,,,,,,Je préfère d'autres moyens de transport,,,,,,,,,,,,Exceptionnellement,Jamais,Exceptionnellement,A chaque fois,Exceptionnellement,Souvent,Exceptionnellement,Jamais,Jamais,Souvent,Exceptionnellement,Si aucune autre offre de transport n'est disponible seulement,,,,Aucun service supplémentaire,,,,,,,,,,,,,,Je n'envisage pas de changements particuliers,,Non,,,,,,,,,,Je ne sais pas,Aire urbaine de moins de 100 000 habitants,En zone périurbaine d'une agglomération,,Aussi bien desservie,Je ne sais pas,,,,,Je ne souhaite pas répondre,Inactifs et autres (hors retraités),18-29 ans,Aire urbaine de Paris,1.239916299
Une femme,,24,Supérieur à Bac + 5,,Etudiant.e,,Seul.e sans enfant,,,,,Je n'en ai jamais utilisé,,,,,,,50,Elevé,60,Très élevé,1,Mon ménage ne possède pas ce type de véhicule,Mon ménage ne possède pas ce type de véhicule,Mon ménage ne possède pas ce type de véhicule,Mon ménage ne possède pas ce type de véhicule,Mon ménage ne possède pas ce type de véhicule,Mon ménage ne possède pas ce type de véhicule,"Oui, permis A (motos et scooters)","Oui, permis B",Moins de 5 minutes,Entre 5 et 10 minutes,Il n'en existe pas à proximité de mon domicile,Plus de 20 minutes,Oui,Non,"Oui, tout le temps",Je ne sais pas,2 à 3 fois par mois,2 à 3 fois par semaine,1 fois par mois,Jamais,,Jamais,,Jamais,Jamais,Tous les jours ou presque,Moins d'une fois par mois,Moins d'une fois par mois,2 à 3 fois par semaine,,,,,,,,,,,,,,,,Je préfère d'autres moyens de transport,,,,,,,,,,,,Jamais,Jamais,Jamais,Jamais,Exceptionnellement,Exceptionnellement,Exceptionnellement,Exceptionnellement,Jamais,Jamais,Jamais,Service de meilleur rapport qualité/prix par rapport aux taxis,,,,Aucun service supplémentaire,,,,,,,,,,,,,,Je n'envisage pas de changements particuliers,,Non,,,,,,,,,,Non,,,,,Oui,J’utiliserai davantage les transports en commun,,,,Moins de 1 000 €,Inactifs et autres (hors retraités),18-29 ans,Aire urbaine de plus de 200 000 habitants (hors Paris),1.020595013
Un homme,,64,Bac + 5 (Master),,Sans activité professionnelle,,En couple avec enfant(s),,5.0,3.0,3.0,Je n'en ai jamais utilisé,,,,,,,60,Adéquat,100,Elevé,3 ou plus,Mon ménage ne possède pas ce type de véhicule,1,3 ou plus,Mon ménage ne possède pas ce type de véhicule,Mon ménage ne possède pas ce type de véhicule,Mon ménage ne possède pas ce type de véhicule,"Oui, permis A (motos et scooters)","Oui, permis B",Moins de 5 minutes,Il n'en existe pas à proximité de mon domicile,Il n'en existe pas à proximité de mon domicile,Il n'en existe pas à proximité de mon domicile,Je ne réside pas dans un lieu pourvu d'un réseau de transports en commun,Non,Non,Oui,Jamais,Tous les jours ou presque,1 fois par semaine,Jamais,2 à 3 fois par mois,Jamais,Moins d'une fois par mois,Jamais,Jamais,Jamais,Jamais,Jamais,Moins d'une fois par mois,,,,,,,,,,,,,,,,Le service n’est pas disponible dans les lieux que je fréquente ou que j'ai fréquentés,Je préfère d'autres moyens de transport,,,,,,,,,,,Jamais,Jamais,Jamais,Jamais,Jamais,Exceptionnellement,Exceptionnellement,Jamais,Jamais,Jamais,Jamais,Si aucune autre offre de transport n'est disponible seulement,,,,Aucun service supplémentaire,,,,,,,,,,,,,,Je n'envisage pas de changements particuliers,,Non,,,,,,,,,,Non,,,,,Non,,,,,De 2 000 € à 3 000 €,Inactifs et autres (hors retraités),60 ans et plus,Aire urbaine de moins de 100 000 habitants,2.344157275
Un homme,,45,Baccalauréat,,Actif.ve à temps plein (+32 h / semaine),"Cadre, Profession intellectuelle supérieure",En couple avec enfant(s),,6.0,4.0,1.0,Je n'en ai jamais utilisé,,,,,,,50,Très élevé,50,Très élevé,2,1,Mon ménage ne possède pas ce type de véhicule,2,Mon ménage ne possède pas ce type de véhicule,1,2,"Oui, permis B",,Il n'en existe pas à proximité de mon domicile,Il n'en existe pas à proximité de mon domicile,Il n'en existe pas à proximité de mon domicile,Il n'en existe pas à proximité de mon domicile,Non,Non,Je ne sais pas,Je ne sais pas,Jamais,Tous les jours ou presque,Jamais,Jamais,,,Jamais,Jamais,Jamais,Jamais,Jamais,Jamais,Moins d'une fois par mois,,,,,,,,,,,,,,,,Je préfère d'autres moyens de transport,Le service est trop cher,Le service n’est pas disponible dans les lieux que je fréquente ou que j'ai fréquentés,,,,,,,,,,Jamais,Jamais,Jamais,Jamais,Jamais,Jamais,Jamais,Jamais,Jamais,Jamais,Jamais,Si aucune autre offre de transport n'est disponible seulement,Ça me permet de me déplacer avec mon animal de compagnie,Ça me permet de me déplacer plus facilement en tant que personne à mobilité réduite,,Déplacement pour raison médicale remboursé par l’assurance maladie,Acceptation des animaux à bord,Embarquement d’un vélo ou d’un autre équipement encombrant,,,,,,,,,,,,Je me déplacerai moins,,Non,,,,,,,,,,Je ne sais pas,Hors aire urbaine (zones rurales),,,Je ne sais pas,Je ne sais pas,,,,,Je ne souhaite pas répondre,"Cadre, Profession intellectuelle supérieure",40-49 ans,Aire urbaine de plus de 200 000 habitants (hors Paris),0.885512884
Une femme,,39,Baccalauréat,,Actif.ve à temps plein (+32 h / semaine),Agriculteur.ice,Seul.e sans enfant,,,,,Je n'en ai jamais utilisé,,,,,,,20,Très élevé,25,Très élevé,1,Mon ménage ne possède pas ce type de véhicule,Mon ménage ne possède pas ce type de véhicule,Mon ménage ne possède pas ce type de véhicule,Mon ménage ne possède pas ce type de véhicule,Mon ménage ne possède pas ce type de véhicule,Mon ménage ne possède pas ce type de véhicule,"Oui, permis B",,Il n'en existe pas à proximité de mon domicile,Il n'en existe pas à proximité de mon domicile,Il n'en existe pas à proximité de mon domicile,Il n'en existe pas à proximité de mon domicile,Non,Non,Non,Non,Jamais,Tous les jours ou presque,Jamais,Jamais,,,,Jamais,Jamais,Jamais,Jamais,Jamais,Jamais,,,,,,,,,,,,,,,,Autre,,,je prefere ma voiture,,,,,,,,,Jamais,Jamais,Jamais,Jamais,Jamais,Jamais,Jamais,Jamais,Jamais,Jamais,Jamais,Si aucune autre offre de transport n'est disponible seulement,,,,Aucun service supplémentaire,,,,,,,,,,,,,,Je n'envisage pas de changements particuliers,,Non,,,,,,,,,,Non,,,,,Non,,,,,Moins de 1 000 €,Agriculteur.ice,30-39 ans,Aire urbaine entre 100 000 et 200 000 habitants,0.210854578
Un homme,,18,Brevet des collèges,,Etudiant.e,,Autre,Chez mes parents,4.0,1.0,0.0,Je n'en ai jamais utilisé,,,,,,,40,Très élevé,30,Elevé,1,1,Mon ménage ne possède pas ce type de véhicule,3 ou plus,Mon ménage ne possède pas ce type de véhicule,2,Mon ménage ne possède pas ce type de véhicule,Non,,Entre 5 et 10 minutes,Il n'en existe pas à proximité de mon domicile,Il n'en existe pas à proximité de mon domicile,Entre 5 et 10 minutes,Oui,Non,"Oui, tout le temps",Oui,Tous les jours ou presque,,1 fois par semaine,,,,2 à 3 fois par mois,Jamais,Jamais,Tous les jours ou presque,Jamais,Jamais,2 à 3 fois par semaine,,,,,,,,,,,,,,,,Le service est trop cher,Je préfère d'autres moyens de transport,,,,,,,,,,,Exceptionnellement,Exceptionnellement,Exceptionnellement,A chaque fois,Exceptionnellement,Souvent,Souvent,Souvent,Exceptionnellement,Jamais,Exceptionnellement,Si aucune autre offre de transport n'est disponible seulement,Ça me permet de me déplacer avec mon animal de compagnie,,,Acceptation des animaux à bord,Déplacement pour raison médicale remboursé par l’assurance maladie,Embarquement d’un vélo ou d’un autre équipement encombrant,,,,,,,,,,,,J'utiliserai davantage une voiture ou un deux-roues motorisé personnel(le),,Non,,,,,,,,,,Non,,,,,Non,,,,,De 4 000 à 5 000 €,Inactifs et autres (hors retraités),18-29 ans,Aire urbaine de Paris,1.239916299
Un homme,,55,"Bac +2 (BTS, DUT)",,Actif.ve à temps plein (+32 h / semaine),"Artisan.e, Commerçant.e, Chef.fe d'entreprise",En couple avec enfant(s),,3.0,1.0,0.0,Il y a moins de 12 mois,Non,Agglomération parisienne,,Oui,Uber,,20,Adéquat,40,Elevé,Mon ménage ne possède pas ce type de véhicule,1,1,Mon ménage ne possède pas ce type de véhicule,1,Mon ménage ne possède pas ce type de véhicule,1,"Oui, permis B",,Entre 5 et 10 minutes,Entre 10 et 15 minutes,Entre 5 et 10 minutes,Entre 5 et 10 minutes,Oui,Non,"Oui, tout le temps",Oui,Tous les jours ou presque,2 à 3 fois par semaine,Jamais,Jamais,,,2 à 3 fois par semaine,Jamais,Jamais,Tous les jours ou presque,1 fois par semaine,1 fois par semaine,Tous les jours ou presque,"Faire une sortie de loisir ou culturelle (restaurant, boîte de nuit, complexe sportif, musée, plage…)",,Entre 15 et 20 €,Entre 10 et 15 minutes,La marche à pied,,,,Oui,"Les transports en commun (métro, tram, bus, RER, TER)",,"C'était plus sûr (pour arriver à l'heure, pour arriver sans me perdre...)",C'était plus confortable,C'était plus rapide,,,,,,C'est trop compliqué à utiliser,Le service n’est pas disponible dans les lieux que je fréquente ou que j'ai fréquentés,Le service est trop cher,,,,,,Souvent,Souvent,Souvent,Exceptionnellement,Souvent,A chaque fois,Exceptionnellement,Souvent,Jamais,Jamais,Jamais,Ça me permet de me déplacer facilement avec des proches,Service de meilleur rapport qualité/prix par rapport aux taxis,Si aucune autre offre de transport n'est disponible seulement,,Embarquement d’un vélo ou d’un autre équipement encombrant,Déplacement pour raison médicale remboursé par l’assurance maladie,"Aide au déménagement, pour le transport de mes effets personnels",,,,,,,,,,,,Je n'envisage pas de changements particuliers,,Non,,,,,,,,,,Je ne sais pas,Aire urbaine de 100 000 à 200 000 habitants,En deuxième couronne d'une agglomération,,Moins bien desservie,Oui,,,,,De 6 000 € à 7 000 €,"Artisan.e, Commerçant.e, Chef.fe d'entreprise",50-59 ans,Aire urbaine de Paris,1.064092159
Un homme,,49,Sans diplôme,,Sans activité professionnelle,,Autre,logé à titre gratuit,4.0,0.0,0.0,Je n'en ai jamais utilisé,,,,,,,30,Très élevé,30,Très élevé,1,Mon ménage ne possède pas ce type de véhicule,Mon ménage ne possède pas ce type de véhicule,Mon ménage ne possède pas ce type de véhicule,Mon ménage ne possède pas ce type de véhicule,Mon ménage ne possède pas ce type de véhicule,Mon ménage ne possède pas ce type de véhicule,Non,,Moins de 5 minutes,Plus de 20 minutes,Il n'en existe pas à proximité de mon domicile,Il n'en existe pas à proximité de mon domicile,Non,Non,Je ne sais pas,Je ne sais pas,Tous les jours ou presque,,2 à 3 fois par semaine,,,,,Jamais,Jamais,Jamais,Jamais,Jamais,Jamais,,,,,,,,,,,,,,,,Je n'apprécie pas les marques de VTC,,,,,,,,,,,,Jamais,Jamais,Jamais,Jamais,Jamais,Jamais,Jamais,Jamais,Jamais,Jamais,Jamais,Si aucune autre offre de transport n'est disponible seulement,,,,Aucun service supplémentaire,,,,,,,,,,,,,,Je n'envisage pas de changements particuliers,,Non,,,,,,,,,,Je ne sais pas,Hors aire urbaine (zones rurales),,,Je ne sais pas,Je ne sais pas,,,,,Je ne souhaite pas répondre,Inactifs et autres (hors retraités),40-49 ans,Aire urbaine de Paris,1.123991864
Une femme,,32,Baccalauréat,,Actif.ve à temps partiel (-32 h / semaine),Employé.e,Autre,parent,2.0,0.0,0.0,Je n'en ai jamais utilisé,,,,,,,40,Elevé,50,Très élevé,1,Mon ménage ne possède pas ce type de véhicule,Mon ménage ne possède pas ce type de véhicule,Mon ménage ne possède pas ce type de véhicule,Mon ménage ne possède pas ce type de véhicule,Mon ménage ne possède pas ce type de véhicule,Mon ménage ne possède pas ce type de véhicule,"Oui, permis B",,Entre 5 et 10 minutes,Il n'en existe pas à proximité de mon domicile,Il n'en existe pas à proximité de mon domicile,Plus de 20 minutes,Non,Non,Je ne sais pas,Je ne sais pas,Jamais,1 fois par semaine,Jamais,Jamais,,,,Jamais,Jamais,Jamais,Jamais,Jamais,Moins d'une fois par mois,,,,,,,,,,,,,,,,Je préfère d'autres moyens de transport,Le service est trop cher,Je ne connais pas ce service,,,,,,,,,,Jamais,Jamais,Jamais,Jamais,Jamais,Jamais,Jamais,Jamais,Jamais,Jamais,Jamais,Service de meilleur rapport qualité/prix par rapport aux taxis,Si aucune autre offre de transport n'est disponible seulement,Ça me permet de me déplacer facilement avec des proches,,Déplacement pour raison médicale remboursé par l’assurance maladie,Equipement en sièges pour enfants,,,,,,,,,,,,,Je n'envisage pas de changements particuliers,,Non,,,,,,,,,,Non,,,,,Non,,,,,De 2 000 € à 3 000 €,Employé.e,30-39 ans,Aire urbaine de plus de 200 000 habitants (hors Paris),0.792133662
Une femme,,43,Bac + 3 (Licence),,Actif.ve à temps partiel (-32 h / semaine),Profession intermédiaire,En couple avec enfant(s),,4.0,2.0,1.0,Je n'en ai jamais utilisé,,,,,,,20,Adéquat,30,Elevé,3 ou plus,Mon ménage ne possède pas ce type de véhicule,1,2,Mon ménage ne possède pas ce type de véhicule,Mon ménage ne possède pas ce type de véhicule,Mon ménage ne possède pas ce type de véhicule,"Oui, permis B",,Moins de 5 minutes,Il n'en existe pas à proximité de mon domicile,Il n'en existe pas à proximité de mon domicile,Il n'en existe pas à proximité de mon domicile,Non,Non,Non,Non,2 à 3 fois par semaine,Tous les jours ou presque,Jamais,Jamais,,,Jamais,Jamais,Jamais,Jamais,Jamais,Jamais,1 fois par mois,,,,,,,,,,,,,,,,Le service n’est pas disponible dans les lieux que je fréquente ou que j'ai fréquentés,,,,,,,,,,,,Jamais,Exceptionnellement,Jamais,Exceptionnellement,Exceptionnellement,Exceptionnellement,Exceptionnellement,Exceptionnellement,Jamais,Jamais,Jamais,Si aucune autre offre de transport n'est disponible seulement,,,,Aucun service supplémentaire,,,,,,,,,,,,,,J'utiliserai davantage les transports en commun,,Non,,,,,,,,,,Non,,,,,Non,,,,,De 5 000 € à 6 000 €,Profession intermédiaire,40-49 ans,Aire urbaine entre 100 000 et 200 000 habitants,0.571668752
Un homme,,44,Bac + 4 (Maîtrise),,Actif.ve en recherche d'emploi,"Artisan.e, Commerçant.e, Chef.fe d'entreprise",Seul.e sans enfant,,,,,Je n'en ai jamais utilisé,,,,,,,50,Elevé,70,Très élevé,1,Mon ménage ne possède pas ce type de véhicule,Mon ménage ne possède pas ce type de véhicule,Mon ménage ne possède pas ce type de véhicule,Mon ménage ne possède pas ce type de véhicule,Mon ménage ne possède pas ce type de véhicule,Mon ménage ne possède pas ce type de véhicule,"Oui, permis B",,Moins de 5 minutes,Il n'en existe pas à proximité de mon domicile,Il n'en existe pas à proximité de mon domicile,Il n'en existe pas à proximité de mon domicile,Oui,Non,"Oui, tout le temps",Oui,1 fois par semaine,2 à 3 fois par semaine,1 fois par mois,Moins d'une fois par mois,,,,Jamais,Jamais,Tous les jours ou presque,Jamais,Jamais,1 fois par semaine,,,,,,,,,,,,,,,,Je préfère d'autres moyens de transport,Le service est trop cher,Je n'apprécie pas les marques de VTC,,,,,,,,,,Exceptionnellement,Exceptionnellement,Exceptionnellement,Jamais,Jamais,Exceptionnellement,Exceptionnellement,Exceptionnellement,Jamais,Souvent,Exceptionnellement,Si aucune autre offre de transport n'est disponible seulement,Service de meilleure qualité par rapport à d'autres moyens de transport,,,Déplacement pour raison médicale remboursé par l’assurance maladie,Transport de personnes à mobilité réduite (PMR) ou en situation de handicap,,,,,,,,,,,,,J'utiliserai davantage le vélo ou marcherai plus,,Non,,,,,,,,,,Non,,,,,Je ne sais pas,,,,,Moins de 1 000 €,En recherche d'emploi,40-49 ans,Aire urbaine de plus de 200 000 habitants (hors Paris),0.370691919
Une femme,,21,Bac + 3 (Licence),,Etudiant.e,,Autre,Chez mes parents,4.0,0.0,0.0,Il y a moins de 12 mois,Non,Ailleurs en France,Perpignan,Oui,Uber,,50,Elevé,30,Adéquat,Mon ménage ne possède pas ce type de véhicule,Mon ménage ne possède pas ce type de véhicule,Mon ménage ne possède pas ce type de véhicule,Mon ménage ne possède pas ce type de véhicule,Mon ménage ne possède pas ce type de véhicule,Mon ménage ne possède pas ce type de véhicule,Mon ménage ne possède pas ce type de véhicule,Non,,Entre 5 et 10 minutes,Il n'en existe pas à proximité de mon domicile,Il n'en existe pas à proximité de mon domicile,Plus de 20 minutes,Oui,Non,"Oui, tout le temps",Je ne sais pas,Tous les jours ou presque,,Jamais,,,,,Jamais,Jamais,Tous les jours ou presque,Moins d'une fois par mois,Moins d'une fois par mois,2 à 3 fois par mois,"Faire une sortie de loisir ou culturelle (restaurant, boîte de nuit, complexe sportif, musée, plage…)",,Je ne sais plus,Entre 20 et 30 minutes,"Les transports en commun (métro, tram, bus, RER)",,,,Non,,,,,,,,,,,Le service est trop cher,Je préfère d’autres moyens de transport,,,,,,,Jamais,Souvent,Jamais,Exceptionnellement,Exceptionnellement,Souvent,Exceptionnellement,Exceptionnellement,Exceptionnellement,Souvent,Souvent,Si aucune autre offre de transport n'est disponible seulement,,,,Déplacement pour raison médicale remboursé par l’assurance maladie,,,,,,,,,,,,,,J'utiliserai davantage une voiture ou un deux-roues motorisé personnel(le),,,,,,,,,,,,Je ne sais pas,Aire urbaine de 100 000 à 200 000 habitants,En première couronne d'une agglomération,,Mieux desservie,Oui,,,,,Je ne souhaite pas répondre,Inactifs et autres (hors retraités),18-29 ans,Aire urbaine de plus de 200 000 habitants (hors Paris),1.020595013
Une femme,,49,"CAP, BEP",,Sans activité professionnelle,,Autre,vis chez mes parents,2.0,0.0,0.0,Je n'en ai jamais utilisé,,,,,,,25,Elevé,15,Adéquat,Mon ménage ne possède pas ce type de véhicule,Mon ménage ne possède pas ce type de véhicule,Mon ménage ne possède pas ce type de véhicule,Mon ménage ne possède pas ce type de véhicule,Mon ménage ne possède pas ce type de véhicule,Mon ménage ne possède pas ce type de véhicule,Mon ménage ne possède pas ce type de véhicule,Non,,Entre 10 et 15 minutes,Il n'en existe pas à proximité de mon domicile,Il n'en existe pas à proximité de mon domicile,Il n'en existe pas à proximité de mon domicile,Non,Non,Je ne sais pas,Je ne sais pas,Tous les jours ou presque,,1 fois par semaine,,,,,Jamais,Jamais,1 fois par mois,Jamais,Jamais,Jamais,,,,,,,,,,,,,,,,Je ne connais pas ce service,Le service n’est pas disponible dans les lieux que je fréquente ou que j'ai fréquentés,,,,,,,,,,,Souvent,Souvent,Exceptionnellement,Souvent,Exceptionnellement,Jamais,Jamais,Jamais,Souvent,Souvent,Jamais,Ça me permet de me déplacer plus facilement en tant que personne à mobilité réduite,Si aucune autre offre de transport n'est disponible seulement,Autre,course,Transport de personnes à mobilité réduite (PMR) ou en situation de handicap,Acceptation des animaux à bord,Déplacement pour raison médicale remboursé par l’assurance maladie,,,,,,,,,,,,Je me déplacerai moins,,,,,,,,,,,,Non,,,,,Je ne sais pas,,,,,Je ne souhaite pas répondre,Inactifs et autres (hors retraités),40-49 ans,Aire urbaine de plus de 200 000 habitants (hors Paris),0.925175749
Un homme,,30,Bac + 5 (Master),,Actif.ve à temps plein (+32 h / semaine),Profession intermédiaire,En colocation,,2.0,0.0,0.0,Je n'en ai jamais utilisé,,,,,,,10,Elevé,40,Très élevé,2,Mon ménage ne possède pas ce type de véhicule,Mon ménage ne possède pas ce type de véhicule,Mon ménage ne possède pas ce type de véhicule,Mon ménage ne possède pas ce type de véhicule,Mon ménage ne possède pas ce type de véhicule,Mon ménage ne possède pas ce type de véhicule,"Oui, permis B",,Moins de 5 minutes,Il n'en existe pas à proximité de mon domicile,Il n'en existe pas à proximité de mon domicile,Plus de 20 minutes,Non,Non,Non,Non,Jamais,Tous les jours ou presque,Jamais,Jamais,,,,Jamais,Jamais,Jamais,Jamais,Jamais,Jamais,,,,,,,,,,,,,,,,Autre,,,nsp,,,,,,,,,Jamais,Jamais,Jamais,Jamais,Jamais,Jamais,Jamais,Jamais,Jamais,Jamais,Jamais,Autre,,,nsp,Autre,,,nsp,,,,,,,,,,,Je n'envisage pas de changements particuliers,,Non,,,,,,,,,,Je ne sais pas,Hors aire urbaine (zones rurales),,,Je ne sais pas,Non,,,,,Je ne souhaite pas répondre,Profession intermédiaire,30-39 ans,Aire urbaine de plus de 200 000 habitants (hors Paris),0.825361322
Une femme,,46,Brevet des collèges,,Actif.ve à temps plein (+32 h / semaine),Ouvrier.ère,Seul.e avec enfant(s),,3.0,2.0,0.0,Je n'en ai jamais utilisé,,,,,,,20,Elevé,25,Elevé,1,Mon ménage ne possède pas ce type de véhicule,Mon ménage ne possède pas ce type de véhicule,2,Mon ménage ne possède pas ce type de véhicule,1,Mon ménage ne possède pas ce type de véhicule,Non,,Moins de 5 minutes,Entre 10 et 15 minutes,Il n'en existe pas à proximité de mon domicile,Plus de 20 minutes,Non,Non,Je ne sais pas,Oui,Tous les jours ou presque,,2 à 3 fois par mois,,,,Moins d'une fois par mois,Jamais,Jamais,1 fois par semaine,Jamais,Jamais,1 fois par mois,,,,,,,,,,,,,,,,Le service n’est pas disponible dans les lieux que je fréquente ou que j'ai fréquentés,Le service est trop cher,,,,,,,,,,,Exceptionnellement,Exceptionnellement,Exceptionnellement,Jamais,Exceptionnellement,Exceptionnellement,Exceptionnellement,Exceptionnellement,Exceptionnellement,Exceptionnellement,Exceptionnellement,Si aucune autre offre de transport n'est disponible seulement,,,,Déplacement pour raison médicale remboursé par l’assurance maladie,"Aide au déménagement, pour le transport de mes effets personnels",Equipement en sièges pour enfants,,,,,,,,,,,,Je n'envisage pas de changements particuliers,,Non,,,,,,,,,,Non,,,,,Oui,Je ne serai pas concerné par les restrictions,,,,De 1 000 € à 2 000 €,Ouvrier.ère,40-49 ans,Aire urbaine de plus de 200 000 habitants (hors Paris),0.884128374
Un homme,,61,"Bac +2 (BTS, DUT)",,Actif.ve à temps plein (+32 h / semaine),"Cadre, Profession intellectuelle supérieure",En couple avec enfant(s),,2.0,1.0,1.0,Je n'en ai jamais utilisé,,,,,,,20,Adéquat,20,Adéquat,1,Mon ménage ne possède pas ce type de véhicule,1,Mon ménage ne possède pas ce type de véhicule,Mon ménage ne possède pas ce type de véhicule,Mon ménage ne possède pas ce type de véhicule,Mon ménage ne possède pas ce type de véhicule,"Oui, permis A (motos et scooters)","Oui, permis B",Moins de 5 minutes,Il n'en existe pas à proximité de mon domicile,Il n'en existe pas à proximité de mon domicile,Entre 5 et 10 minutes,Je ne réside pas dans un lieu pourvu d'un réseau de transports en commun,Non,Je ne sais pas,Oui,Tous les jours ou presque,1 fois par semaine,Jamais,Jamais,Tous les jours ou presque,Jamais,,Jamais,Jamais,1 fois par semaine,Moins d'une fois par mois,Jamais,Jamais,,,,,,,,,,,,,,,,Je ne connais pas ce service,Je préfère le taxi,Je préfère d'autres moyens de transport,,,,,,,,,,Jamais,Jamais,Jamais,Jamais,Jamais,Jamais,Jamais,Jamais,Jamais,Jamais,Jamais,Si aucune autre offre de transport n'est disponible seulement,Ça me permet de me déplacer avec mon animal de compagnie,Service de meilleure qualité par rapport à d'autres moyens de transport,,Déplacement pour raison médicale remboursé par l’assurance maladie,"Aide au déménagement, pour le transport de mes effets personnels",,,Il y a moins de 12 mois,Dans mon agglomération de résidence,Rejoindre ou quitter une gare/un aéroport/une station de transports en commun,,Plus de 35 €,Entre 20 et 30 minutes,,,,,J'utiliserai davantage les transports en commun,,Non,,,,,,,,,,Non,,,,,Non,,,,,De 8 000 € à 9 000 €,"Cadre, Profession intellectuelle supérieure",60 ans et plus,Aire urbaine de moins de 100 000 habitants,1.893537047
Une femme,,21,Bac + 3 (Licence),,Etudiant.e,,Autre,avec mes parents,3.0,1.0,0.0,Il y a plus de 12 mois,Non,Agglomération lilloise,,Oui,Uber,,50,Elevé,50,Elevé,1,Mon ménage ne possède pas ce type de véhicule,Mon ménage ne possède pas ce type de véhicule,Mon ménage ne possède pas ce type de véhicule,Mon ménage ne possède pas ce type de véhicule,1,Mon ménage ne possède pas ce type de véhicule,Non,,Moins de 5 minutes,Il n'en existe pas à proximité de mon domicile,Il n'en existe pas à proximité de mon domicile,Plus de 20 minutes,Non,Non,"Oui, tout le temps",Oui,1 fois par semaine,,Tous les jours ou presque,,,,,Jamais,Jamais,Moins d'une fois par mois,Jamais,Jamais,1 fois par semaine,Je ne sais plus,,Entre 25 et 30 €,Je ne sais plus,La marche à pied,,,,Oui,La marche à pied,,"C'était plus sécurisant (agressions, vols, etc.)",,,,,,,,Le service est trop cher,Je préfère d’autres moyens de transport,,,,,,,Jamais,Exceptionnellement,Exceptionnellement,Exceptionnellement,Jamais,Exceptionnellement,Jamais,Souvent,Jamais,Jamais,Jamais,Si aucune autre offre de transport n'est disponible seulement,,,,Transport de personnes à mobilité réduite (PMR) ou en situation de handicap,,,,,,,,,,,,,,Je me déplacerai moins,,Non,,,,,,,,,,Non,,,,,Non,,,,,De 1 000 € à 2 000 €,Inactifs et autres (hors retraités),18-29 ans,Aire urbaine entre 100 000 et 200 000 habitants,0.809903998
Une femme,,19,Baccalauréat,,Actif.ve à temps partiel (-32 h / semaine),Employé.e,Autre,famille,2.0,0.0,0.0,Il y a moins de 12 mois,Non,Agglomération lyonnaise,,Oui,Bolt,,15,Elevé,50,Très élevé,2,Mon ménage ne possède pas ce type de véhicule,Mon ménage ne possède pas ce type de véhicule,1,Mon ménage ne possède pas ce type de véhicule,2,Mon ménage ne possède pas ce type de véhicule,Non,,Moins de 5 minutes,Moins de 5 minutes,Entre 10 et 15 minutes,Plus de 20 minutes,Oui,Non,"Oui, tout le temps",Oui,2 à 3 fois par semaine,,Tous les jours ou presque,,,,2 à 3 fois par mois,Jamais,Jamais,Tous les jours ou presque,Moins d'une fois par mois,Moins d'une fois par mois,Tous les jours ou presque,"Faire une sortie de loisir ou culturelle (restaurant, boîte de nuit, complexe sportif, musée, plage…)",,Plus de 35 €,Entre 20 et 30 minutes,Aucun,,,,Non,,,,,,,,,,,Autre,Le service est trop cher,Je préfère d’autres moyens de transport,pas besoin,,,,,Jamais,Exceptionnellement,Exceptionnellement,Jamais,Souvent,A chaque fois,A chaque fois,A chaque fois,Exceptionnellement,Exceptionnellement,Jamais,Si aucune autre offre de transport n'est disponible seulement,Service de meilleure qualité par rapport à d'autres moyens de transport,Ça me permet de me déplacer facilement avec des proches,,Embarquement d’un vélo ou d’un autre équipement encombrant,Déplacement pour raison médicale remboursé par l’assurance maladie,Acceptation des animaux à bord,,,,,,,,,,,,Je n'envisage pas de changements particuliers,,Non,,,,,,,,,,Oui,Aire urbaine de plus de 200 000 habitants (hors aire urbaine de Paris),Dans la ville-centre d'une agglomération,,Aussi bien desservie,Oui,J'adapterai mon ou mes véhicule(s) ou en changerai,J’utiliserai davantage les transports en commun,J’adapterai mes horaires de déplacement,,De 3 000 à 4 000 €,Employé.e,18-29 ans,Aire urbaine de Paris,0.926588353
Un homme,,48,"CAP, BEP",,Actif.ve à temps plein (+32 h / semaine),Ouvrier.ère,En couple avec enfant(s),,4.0,2.0,2.0,Je n'en ai jamais utilisé,,,,,,,15,Elevé,10,Adéquat,1,1,Mon ménage ne possède pas ce type de véhicule,3 ou plus,2,2,1,"Oui, permis A (motos et scooters)","Oui, permis B",Moins de 5 minutes,Il n'en existe pas à proximité de mon domicile,Il n'en existe pas à proximité de mon domicile,Il n'en existe pas à proximité de mon domicile,Non,Non,Je ne sais pas,Je ne sais pas,2 à 3 fois par semaine,Tous les jours ou presque,Jamais,Jamais,,Jamais,2 à 3 fois par mois,Jamais,Jamais,Moins d'une fois par mois,Jamais,Jamais,2 à 3 fois par mois,,,,,,,,,,,,,,,,Je préfère d'autres moyens de transport,Autre,,JE PREFEERE ME DEPLACER LIBREMENT AVEC MON VEHICULE,,,,,,,,,Jamais,Jamais,Jamais,Jamais,Jamais,Exceptionnellement,Exceptionnellement,Exceptionnellement,Jamais,Jamais,Jamais,Service de meilleur rapport qualité/prix par rapport aux taxis,,,,Transport de personnes à mobilité réduite (PMR) ou en situation de handicap,Acceptation des animaux à bord,Déplacement pour raison médicale remboursé par l’assurance maladie,,,,,,,,,,,,Je n'envisage pas de changements particuliers,,Je ne sais pas,Pas d'accord du tout,Pas d'accord du tout,Pas d'accord du tout,Pas d'accord du tout,Pas d'accord du tout,Pas d'accord du tout,Pas d'accord du tout,Pas d'accord du tout,Pas d'accord du tout,Non,,,,,Oui,Je ne serai pas concerné par les restrictions,,,,De 4 000 à 5 000 €,Ouvrier.ère,40-49 ans,Aire urbaine de plus de 200 000 habitants (hors Paris),1.047608256
Une femme,,42,Bac + 5 (Master),,Actif.ve à temps plein (+32 h / semaine),Profession intermédiaire,Seul.e avec enfant(s),,4.0,3.0,3.0,Il y a plus de 12 mois,Oui,,,Oui,Uber,,30,Elevé,40,Elevé,Mon ménage ne possède pas ce type de véhicule,1,Mon ménage ne possède pas ce type de véhicule,3 ou plus,Mon ménage ne possède pas ce type de véhicule,3 ou plus,Mon ménage ne possède pas ce type de véhicule,"Oui, permis B",,Moins de 5 minutes,Entre 5 et 10 minutes,Il n'en existe pas à proximité de mon domicile,Plus de 20 minutes,Oui,Non,"Oui, tout le temps",Oui,Tous les jours ou presque,Tous les jours ou presque,Jamais,Jamais,,,Moins d'une fois par mois,Jamais,Jamais,2 à 3 fois par mois,Jamais,Jamais,Moins d'une fois par mois,Rejoindre ou quitter une gare/un aéroport/une station de transports en commun,,Entre 20 et 25 €,Entre 15 et 20 minutes,"Le train (TER, Intercités, TGV)",,,,Je ne sais pas,,,,,,,,,,,Autre,,,Je n’en ai pas besoin,,,,,Jamais,Jamais,Jamais,Jamais,Jamais,A chaque fois,A chaque fois,Jamais,Jamais,Jamais,Jamais,Si aucune autre offre de transport n'est disponible seulement,,,,Equipement en sièges pour enfants,,,,,,,,,,,,,,J'utiliserai davantage le vélo ou marcherai plus,,Non,,,,,,,,,,Oui,Aire urbaine de moins de 100 000 habitants,En zone périurbaine d'une agglomération,,Moins bien desservie,Oui,,,,,De 3 000 à 4 000 €,Profession intermédiaire,40-49 ans,Aire urbaine de plus de 200 000 habitants (hors Paris),0.720384488
Une femme,,52,"Bac +2 (BTS, DUT)",,Actif.ve en recherche d'emploi,Employé.e,Seul.e sans enfant,,,,,Je n'en ai jamais utilisé,,,,,,,30,Elevé,40,Elevé,1,Mon ménage ne possède pas ce type de véhicule,Mon ménage ne possède pas ce type de véhicule,Mon ménage ne possède pas ce type de véhicule,Mon ménage ne possède pas ce type de véhicule,Mon ménage ne possède pas ce type de véhicule,Mon ménage ne possède pas ce type de véhicule,"Oui, permis B",,Moins de 5 minutes,Plus de 20 minutes,Il n'en existe pas à proximité de mon domicile,Entre 15 et 20 minutes,Oui,Non,Je ne sais pas,Je ne sais pas,2 à 3 fois par semaine,2 à 3 fois par semaine,Moins d'une fois par mois,Jamais,,,,Jamais,Jamais,Moins d'une fois par mois,Jamais,Jamais,1 fois par mois,,,,,,,,,,,,,,,,Je préfère d'autres moyens de transport,Le service est trop cher,C'est trop compliqué à utiliser,,,,,,,,,,Exceptionnellement,Exceptionnellement,Exceptionnellement,Exceptionnellement,Souvent,Exceptionnellement,Exceptionnellement,Souvent,Exceptionnellement,Exceptionnellement,Exceptionnellement,Service de meilleur rapport qualité/prix par rapport aux taxis,Si aucune autre offre de transport n'est disponible seulement,Ça me permet de me déplacer facilement avec des proches,,Déplacement pour raison médicale remboursé par l’assurance maladie,Embarquement d’un vélo ou d’un autre équipement encombrant,Transport de personnes à mobilité réduite (PMR) ou en situation de handicap,,,,,,,,,,,,Je me déplacerai moins,,Je ne sais pas,Plutôt d'accord,Plutôt d'accord,Plutôt d'accord,Plutôt d'accord,Plutôt d'accord,Plutôt pas d'accord,Plutôt pas d'accord,Plutôt pas d'accord,Plutôt pas d'accord,Je ne sais pas,Hors aire urbaine (zones rurales),,,Je ne sais pas,Oui,J’utiliserai davantage les transports en commun,J'adapterai mon ou mes véhicule(s) ou en changerai,J’adapterai mes horaires de déplacement,,Moins de 1 000 €,En recherche d'emploi,50-59 ans,Aire urbaine de plus de 200 000 habitants (hors Paris),0.352831591
Une femme,,29,"Bac +2 (BTS, DUT)",,Sans activité professionnelle,,En couple avec enfant(s),,5.0,3.0,3.0,Je n'en ai jamais utilisé,,,,,,,9,Faible,13,Adéquat,1,1,Mon ménage ne possède pas ce type de véhicule,Mon ménage ne possède pas ce type de véhicule,Mon ménage ne possède pas ce type de véhicule,Mon ménage ne possède pas ce type de véhicule,Mon ménage ne possède pas ce type de véhicule,"Oui, permis B",,Moins de 5 minutes,Il n'en existe pas à proximité de mon domicile,Il n'en existe pas à proximité de mon domicile,Entre 5 et 10 minutes,Non,Non,Je ne sais pas,Je ne sais pas,Tous les jours ou presque,2 à 3 fois par semaine,2 à 3 fois par semaine,Jamais,,,,Jamais,Jamais,Moins d'une fois par mois,Jamais,Jamais,2 à 3 fois par mois,,,,,,,,,,,,,,,,Je préfère d'autres moyens de transport,,,,,,,,,,,,Jamais,Exceptionnellement,Exceptionnellement,Jamais,Jamais,Exceptionnellement,Jamais,Souvent,Jamais,Exceptionnellement,Jamais,Service de meilleur rapport qualité/prix par rapport aux taxis,,,,Embarquement d’un vélo ou d’un autre équipement encombrant,Equipement en sièges pour enfants,Déplacement pour raison médicale remboursé par l’assurance maladie,,,,,,,,,,,,Je n'envisage pas de changements particuliers,,Oui,Pas d'accord du tout,Pas d'accord du tout,Pas d'accord du tout,Pas d'accord du tout,Tout à fait d'accord,Pas d'accord du tout,Pas d'accord du tout,Pas d'accord du tout,Pas d'accord du tout,Oui,Aire urbaine de Paris,Dans la ville-centre d'une agglomération,,Aussi bien desservie,Non,,,,,De 2 000 € à 3 000 €,Inactifs et autres (hors retraités),18-29 ans,Aire urbaine de Paris,1.046426634
Un homme,,51,"Bac +2 (BTS, DUT)",,Actif.ve à temps plein (+32 h / semaine),Profession intermédiaire,En couple avec enfant(s),,3.0,1.0,0.0,Il y a moins de 12 mois,Non,Agglomération niçoise,,Non,,,25,Elevé,20,Elevé,2,Mon ménage ne possède pas ce type de véhicule,1,Mon ménage ne possède pas ce type de véhicule,Mon ménage ne possède pas ce type de véhicule,Mon ménage ne possède pas ce type de véhicule,Mon ménage ne possède pas ce type de véhicule,"Oui, permis A (motos et scooters)","Oui, permis B",Entre 5 et 10 minutes,Il n'en existe pas à proximité de mon domicile,Il n'en existe pas à proximité de mon domicile,Il n'en existe pas à proximité de mon domicile,Non,Non,"Oui, seulement à certaines périodes de l'année",Non,Tous les jours ou presque,Tous les jours ou presque,Jamais,Jamais,2 à 3 fois par semaine,Jamais,,Jamais,Jamais,Moins d'une fois par mois,Jamais,Jamais,Moins d'une fois par mois,Faire des courses ou des achats,,Entre 15 et 20 €,Entre 20 et 30 minutes,"Un(e) voiture, moto ou scooter personnel(le)",,,,Oui,Une voiture personnelle,,C'était moins cher,,,,,,,,Le service est trop cher,Le service n’est pas disponible dans les lieux que je fréquente ou que j'ai fréquentés,C'est trop compliqué à utiliser,,,,,,Jamais,Jamais,Jamais,Exceptionnellement,Jamais,Jamais,Jamais,Jamais,Exceptionnellement,Jamais,Jamais,Service de meilleur rapport qualité/prix par rapport aux taxis,Ça me permet de me déplacer facilement avec des proches,,,Aucun service supplémentaire,,,,,,,,,,,,,,Je n'envisage pas de changements particuliers,,Non,,,,,,,,,,Non,,,,,Non,,,,,De 4 000 à 5 000 €,Profession intermédiaire,50-59 ans,Aire urbaine de plus de 200 000 habitants (hors Paris),0.962688677
Un homme,,25,Bac + 5 (Master),,Actif.ve à temps plein (+32 h / semaine),"Cadre, Profession intellectuelle supérieure",En couple avec enfant(s),,5.0,3.0,0.0,Il y a moins de 12 mois,Non,Agglomération parisienne,,Oui,Uber,,40,Adéquat,40,Adéquat,Mon ménage ne possède pas ce type de véhicule,1,Mon ménage ne possède pas ce type de véhicule,3 ou plus,Mon ménage ne possède pas ce type de véhicule,Mon ménage ne possède pas ce type de véhicule,Mon ménage ne possède pas ce type de véhicule,"Oui, permis B",,Il n'en existe pas à proximité de mon domicile,Il n'en existe pas à proximité de mon domicile,Il n'en existe pas à proximité de mon domicile,Il n'en existe pas à proximité de mon domicile,Je ne réside pas dans un lieu pourvu d'un réseau de transports en commun,Non,Non,Oui,Tous les jours ou presque,Tous les jours ou presque,Moins d'une fois par mois,Moins d'une fois par mois,,,Moins d'une fois par mois,Moins d'une fois par mois,Moins d'une fois par mois,2 à 3 fois par mois,2 à 3 fois par mois,2 à 3 fois par mois,2 à 3 fois par mois,"Faire une sortie de loisir ou culturelle (restaurant, boîte de nuit, complexe sportif, musée, plage…)",,Entre 30 et 35 €,Entre 15 et 20 minutes,Aucun,,,,Oui,Une voiture personnelle,,"C’était plus pratique (j’avais des bagages, …)",,,,,,,,Je n'apprécie pas les marques de VTC,Je préfère d’autres moyens de transport,,,,,,,Exceptionnellement,Exceptionnellement,Exceptionnellement,Jamais,Exceptionnellement,Exceptionnellement,Exceptionnellement,Exceptionnellement,Jamais,Exceptionnellement,Exceptionnellement,Service de meilleure qualité par rapport à d'autres moyens de transport,,,,Transport de personnes à mobilité réduite (PMR) ou en situation de handicap,,,,,,,,,,,,,,Je n'envisage pas de changements particuliers,,Oui,Plutôt pas d'accord,Plutôt pas d'accord,Plutôt pas d'accord,Plutôt pas d'accord,Plutôt pas d'accord,Plutôt pas d'accord,Plutôt pas d'accord,Plutôt pas d'accord,Plutôt pas d'accord,Je ne sais pas,Hors aire urbaine (zones rurales),,,Moins bien desservie,Je ne sais pas,,,,,De 4 000 à 5 000 €,"Cadre, Profession intellectuelle supérieure",18-29 ans,Aire urbaine de plus de 200 000 habitants (hors Paris),0.976841464
Un homme,,22,Baccalauréat,,Etudiant.e,,Seul.e avec enfant(s),,3.0,0.0,0.0,Il y a plus de 12 mois,Non,Agglomération parisienne,,Non,,,30,Très élevé,25,Très élevé,1,Mon ménage ne possède pas ce type de véhicule,Mon ménage ne possède pas ce type de véhicule,Mon ménage ne possède pas ce type de véhicule,Mon ménage ne possède pas ce type de véhicule,Mon ménage ne possède pas ce type de véhicule,Mon ménage ne possède pas ce type de véhicule,Non,,Moins de 5 minutes,Entre 10 et 15 minutes,Entre 15 et 20 minutes,Entre 5 et 10 minutes,Oui,Non,Je ne sais pas,Je ne sais pas,1 fois par semaine,,2 à 3 fois par mois,,,,,Jamais,Jamais,2 à 3 fois par semaine,Jamais,Jamais,2 à 3 fois par semaine,Déplacement professionnel,,Plus de 35 €,Plus de 30 minutes,La marche à pied,,,,Non,,,,,,,,,,,Le service est trop cher,Je préfère d’autres moyens de transport,,,,,,,Jamais,Exceptionnellement,Jamais,Jamais,Jamais,Souvent,Jamais,Jamais,Jamais,Exceptionnellement,Jamais,Si aucune autre offre de transport n'est disponible seulement,Service de meilleure qualité par rapport à d'autres moyens de transport,,,Déplacement pour raison médicale remboursé par l’assurance maladie,Embarquement d’un vélo ou d’un autre équipement encombrant,Transport de personnes à mobilité réduite (PMR) ou en situation de handicap,,,,,,,,,,,,J'utiliserai davantage le vélo ou marcherai plus,,Non,,,,,,,,,,Oui,Aire urbaine de moins de 100 000 habitants,En zone périurbaine d'une agglomération,,Moins bien desservie,Je ne sais pas,,,,,De 1 000 € à 2 000 €,Inactifs et autres (hors retraités),18-29 ans,Aire urbaine de Paris,1.239916299
Une femme,,29,"CAP, BEP",,Sans activité professionnelle,,En couple avec enfant(s),,5.0,3.0,3.0,Je n'en ai jamais utilisé,,,,,,,10,Elevé,50,Elevé,1,1,1,Mon ménage ne possède pas ce type de véhicule,Mon ménage ne possède pas ce type de véhicule,Mon ménage ne possède pas ce type de véhicule,Mon ménage ne possède pas ce type de véhicule,"Oui, permis B",,Il n'en existe pas à proximité de mon domicile,Il n'en existe pas à proximité de mon domicile,Il n'en existe pas à proximité de mon domicile,Entre 15 et 20 minutes,Non,Non,Je ne sais pas,Je ne sais pas,Tous les jours ou presque,Tous les jours ou presque,Jamais,Jamais,,,,Jamais,Jamais,Jamais,Jamais,Jamais,1 fois par mois,,,,,,,,,,,,,,,,Je ne connais pas ce service,Le service est trop cher,Je préfère d'autres moyens de transport,,,,,,,,,,Jamais,Jamais,Jamais,Jamais,Jamais,Jamais,Jamais,Jamais,Jamais,Jamais,Jamais,Autre,,,je n'utiliserais pas,Equipement en sièges pour enfants,,,,,,,,,,,,,,Je n'envisage pas de changements particuliers,,Je ne sais pas,Pas d'accord du tout,Pas d'accord du tout,Plutôt pas d'accord,Pas d'accord du tout,Pas d'accord du tout,Pas d'accord du tout,Plutôt pas d'accord,Pas d'accord du tout,Pas d'accord du tout,Non,,,,,Non,,,,,De 3 000 à 4 000 €,Inactifs et autres (hors retraités),18-29 ans,Aire urbaine de moins de 100 000 habitants,1.049357638
Une femme,,50,"CAP, BEP",,Actif.ve à temps partiel (-32 h / semaine),"Cadre, Profession intellectuelle supérieure",Seul.e avec enfant(s),,2.0,1.0,1.0,Je n'en ai jamais utilisé,,,,,,,15,Adéquat,30,Elevé,1,Mon ménage ne possède pas ce type de véhicule,Mon ménage ne possède pas ce type de véhicule,Mon ménage ne possède pas ce type de véhicule,Mon ménage ne possède pas ce type de véhicule,1,Mon ménage ne possède pas ce type de véhicule,"Oui, permis A (motos et scooters)",,Entre 10 et 15 minutes,Entre 15 et 20 minutes,Plus de 20 minutes,Plus de 20 minutes,Oui,Non,Je ne sais pas,Oui,Tous les jours ou presque,,Jamais,,,Jamais,,Jamais,Jamais,Tous les jours ou presque,Jamais,Jamais,1 fois par semaine,,,,,,,,,,,,,,,,Le service est trop cher,Je préfère d'autres moyens de transport,,,,,,,,,,,Jamais,Jamais,Jamais,Jamais,Jamais,Jamais,Jamais,Jamais,Jamais,Jamais,Jamais,Autre,Service de meilleur rapport qualité/prix par rapport aux taxis,Service de meilleure qualité par rapport à d'autres moyens de transport,je n utilise pas,Autre,"Aide au déménagement, pour le transport de mes effets personnels",Transport de personnes à mobilité réduite (PMR) ou en situation de handicap,rien,,,,,,,,,,,Je me déplacerai moins,,Non,,,,,,,,,,Non,,,,,Non,,,,,De 2 000 € à 3 000 €,"Cadre, Profession intellectuelle supérieure",50-59 ans,Aire urbaine de Paris,0.864180718
Une femme,,52,"Bac +2 (BTS, DUT)",,Actif.ve à temps plein (+32 h / semaine),Employé.e,En couple avec enfant(s),,3.0,1.0,0.0,Je n'en ai jamais utilisé,,,,,,,15,Adéquat,15,Adéquat,2,Mon ménage ne possède pas ce type de véhicule,Mon ménage ne possède pas ce type de véhicule,Mon ménage ne possède pas ce type de véhicule,Mon ménage ne possède pas ce type de véhicule,Mon ménage ne possède pas ce type de véhicule,Mon ménage ne possède pas ce type de véhicule,"Oui, permis B",,Moins de 5 minutes,Il n'en existe pas à proximité de mon domicile,Il n'en existe pas à proximité de mon domicile,Entre 15 et 20 minutes,Non,Non,Je ne sais pas,Oui,2 à 3 fois par semaine,Tous les jours ou presque,Jamais,Jamais,,,,Jamais,Jamais,Jamais,Jamais,Jamais,Jamais,,,,,,,,,,,,,,,,Autre,,,Pas besoin,,,,,,,,,Jamais,Exceptionnellement,Jamais,Jamais,Jamais,Exceptionnellement,Jamais,Jamais,Jamais,Jamais,Jamais,Autre,,,Pas besoin,Autre,,,Pas besoin,,,,,,,,,,,Je n'envisage pas de changements particuliers,,Non,,,,,,,,,,Non,,,,,Non,,,,,De 3 000 à 4 000 €,Employé.e,50-59 ans,Aire urbaine de moins de 100 000 habitants,0.949970909
Une femme,,45,Baccalauréat,,Actif.ve à temps plein (+32 h / semaine),"Cadre, Profession intellectuelle supérieure",En couple avec enfant(s),,3.0,1.0,1.0,Je n'en ai jamais utilisé,,,,,,,60,Elevé,70,Très élevé,2,Mon ménage ne possède pas ce type de véhicule,Mon ménage ne possède pas ce type de véhicule,2,Mon ménage ne possède pas ce type de véhicule,Mon ménage ne possède pas ce type de véhicule,Mon ménage ne possède pas ce type de véhicule,"Oui, permis B",,Moins de 5 minutes,Il n'en existe pas à proximité de mon domicile,Il n'en existe pas à proximité de mon domicile,Entre 5 et 10 minutes,Non,Non,Je ne sais pas,Oui,Jamais,2 à 3 fois par semaine,Jamais,Jamais,,,Moins d'une fois par mois,Jamais,Jamais,Moins d'une fois par mois,Jamais,Jamais,Moins d'une fois par mois,,,,,,,,,,,,,,,,Le service n’est pas disponible dans les lieux que je fréquente ou que j'ai fréquentés,,,,,,,,,,,,Jamais,Exceptionnellement,Jamais,Exceptionnellement,Exceptionnellement,Souvent,Jamais,Exceptionnellement,Jamais,Exceptionnellement,Jamais,Si aucune autre offre de transport n'est disponible seulement,,,,Equipement en sièges pour enfants,Acceptation des animaux à bord,Déplacement pour raison médicale remboursé par l’assurance maladie,,,,,,,,,,,,J'utiliserai davantage une voiture ou un deux-roues motorisé personnel(le),,Non,,,,,,,,,,Non,,,,,Je ne sais pas,,,,,De 5 000 € à 6 000 €,"Cadre, Profession intellectuelle supérieure",40-49 ans,Aire urbaine de Paris,0.766243219
Une femme,,23,Bac + 5 (Master),,Etudiant.e,,Autre,avec les parents,3.0,0.0,0.0,Il y a plus de 12 mois,Non,Agglomération parisienne,,Oui,Uber,,15,Elevé,25,Très élevé,3 ou plus,Mon ménage ne possède pas ce type de véhicule,Mon ménage ne possède pas ce type de véhicule,3 ou plus,Mon ménage ne possède pas ce type de véhicule,Mon ménage ne possède pas ce type de véhicule,Mon ménage ne possède pas ce type de véhicule,"Oui, permis B",,Entre 5 et 10 minutes,Il n'en existe pas à proximité de mon domicile,Il n'en existe pas à proximité de mon domicile,Plus de 20 minutes,Je ne réside pas dans un lieu pourvu d'un réseau de transports en commun,Non,Non,Non,1 fois par semaine,2 à 3 fois par semaine,2 à 3 fois par mois,Jamais,,,1 fois par mois,Jamais,Jamais,Jamais,Jamais,Jamais,Moins d'une fois par mois,"Faire une sortie de loisir ou culturelle (restaurant, boîte de nuit, complexe sportif, musée, plage…)",,Entre 25 et 30 €,Plus de 30 minutes,La marche à pied,"Le train (TER, Intercités, TGV)",,,Je ne sais pas,,,,,,,,,,,Le service est trop cher,Le service n’est pas disponible dans les lieux que je fréquente ou que j'ai fréquentés,,,,,,,Exceptionnellement,Jamais,Jamais,Jamais,Jamais,Jamais,Jamais,Jamais,Jamais,Jamais,Jamais,Si aucune autre offre de transport n'est disponible seulement,Service de meilleur rapport qualité/prix par rapport aux taxis,,,Déplacement pour raison médicale remboursé par l’assurance maladie,,,,,,,,,,,,,,J'utiliserai davantage le vélo ou marcherai plus,,Non,,,,,,,,,,Oui,Aire urbaine de plus de 200 000 habitants (hors aire urbaine de Paris),En première couronne d'une agglomération,,Mieux desservie,Non,,,,,De 2 000 € à 3 000 €,Inactifs et autres (hors retraités),18-29 ans,Aire urbaine de moins de 100 000 habitants,1.049357638
Un homme,,49,"CAP, BEP",,Actif.ve à temps plein (+32 h / semaine),"Artisan.e, Commerçant.e, Chef.fe d'entreprise",Seul.e avec enfant(s),,2.0,1.0,0.0,Je n'en ai jamais utilisé,,,,,,,30,Adéquat,50,Elevé,2,Mon ménage ne possède pas ce type de véhicule,2,1,Mon ménage ne possède pas ce type de véhicule,Mon ménage ne possède pas ce type de véhicule,Mon ménage ne possède pas ce type de véhicule,"Oui, permis A (motos et scooters)","Oui, permis B",Moins de 5 minutes,Il n'en existe pas à proximité de mon domicile,Il n'en existe pas à proximité de mon domicile,Entre 15 et 20 minutes,Non,Non,"Oui, tout le temps",Oui,Tous les jours ou presque,Tous les jours ou presque,1 fois par semaine,Jamais,Tous les jours ou presque,Jamais,1 fois par mois,Jamais,Jamais,1 fois par mois,Moins d'une fois par mois,Moins d'une fois par mois,Moins d'une fois par mois,,,,,,,,,,,,,,,,Autre,,,PAS EU BESOIN,,,,,,,,,Jamais,Exceptionnellement,Exceptionnellement,Jamais,Exceptionnellement,Souvent,Souvent,Souvent,Exceptionnellement,Souvent,Exceptionnellement,Ça me permet de me déplacer facilement avec des proches,Si aucune autre offre de transport n'est disponible seulement,,,Déplacement pour raison médicale remboursé par l’assurance maladie,Aucun service supplémentaire,,,,,,,,,,,,,J'utiliserai davantage les services de taxi ou de VTC,,Oui,Pas d'accord du tout,Pas d'accord du tout,Pas d'accord du tout,Pas d'accord du tout,Tout à fait d'accord,Plutôt d'accord,Tout à fait d'accord,Pas d'accord du tout,Pas d'accord du tout,Non,,,,,Oui,J'adapterai mon ou mes véhicule(s) ou en changerai,,,,De 2 000 € à 3 000 €,"Artisan.e, Commerçant.e, Chef.fe d'entreprise",40-49 ans,Aire urbaine de Paris,0.94349872
Une femme,,38,Baccalauréat,,Actif.ve à temps plein (+32 h / semaine),Profession intermédiaire,En couple avec enfant(s),,5.0,3.0,2.0,Je n'en ai jamais utilisé,,,,,,,70,Elevé,90,Très élevé,1,Mon ménage ne possède pas ce type de véhicule,Mon ménage ne possède pas ce type de véhicule,Mon ménage ne possède pas ce type de véhicule,Mon ménage ne possède pas ce type de véhicule,Mon ménage ne possède pas ce type de véhicule,Mon ménage ne possède pas ce type de véhicule,"Oui, permis B",,Il n'en existe pas à proximité de mon domicile,Il n'en existe pas à proximité de mon domicile,Il n'en existe pas à proximité de mon domicile,Il n'en existe pas à proximité de mon domicile,Je ne réside pas dans un lieu pourvu d'un réseau de transports en commun,Non,Je ne sais pas,Je ne sais pas,2 à 3 fois par mois,Tous les jours ou presque,Jamais,Jamais,,,,Jamais,Jamais,Jamais,Jamais,Jamais,Jamais,,,,,,,,,,,,,,,,Autre,,,Jr n'ai pas confiance,,,,,,,,,Jamais,Jamais,Jamais,Jamais,Jamais,Jamais,Jamais,Jamais,Jamais,Jamais,Jamais,Autre,,,Nsp,Autre,,,Rien,,,,,,,,,,,Je n'envisage pas de changements particuliers,,Je ne sais pas,Pas d'accord du tout,Pas d'accord du tout,Pas d'accord du tout,Plutôt d'accord,Plutôt d'accord,Pas d'accord du tout,Pas d'accord du tout,Pas d'accord du tout,Pas d'accord du tout,Oui,Hors aire urbaine (zones rurales),,,Je ne sais pas,Je ne sais pas,,,,,De 3 000 à 4 000 €,Profession intermédiaire,30-39 ans,Aire urbaine de plus de 200 000 habitants (hors Paris),0.696563204
Un homme,,55,"CAP, BEP",,Actif.ve à temps plein (+32 h / semaine),Ouvrier.ère,Seul.e avec enfant(s),,2.0,1.0,0.0,Je n'en ai jamais utilisé,,,,,,,40,Très élevé,25,Très élevé,1,Mon ménage ne possède pas ce type de véhicule,Mon ménage ne possède pas ce type de véhicule,1,Mon ménage ne possède pas ce type de véhicule,Mon ménage ne possède pas ce type de véhicule,Mon ménage ne possède pas ce type de véhicule,"Oui, permis B",,Moins de 5 minutes,Il n'en existe pas à proximité de mon domicile,Il n'en existe pas à proximité de mon domicile,Entre 10 et 15 minutes,Non,Non,Je ne sais pas,Oui,Tous les jours ou presque,Tous les jours ou presque,Jamais,Jamais,,,Jamais,Jamais,Jamais,Jamais,Jamais,Jamais,Jamais,,,,,,,,,,,,,,,,Le service est trop cher,Je ne connais pas ce service,Je préfère d'autres moyens de transport,,,,,,,,,,Jamais,Jamais,Jamais,Jamais,Jamais,Jamais,Jamais,Jamais,Jamais,Jamais,Jamais,Si aucune autre offre de transport n'est disponible seulement,Ça me permet de me déplacer avec mon animal de compagnie,Service de meilleur rapport qualité/prix par rapport aux taxis,,Equipement en sièges pour enfants,Embarquement d’un vélo ou d’un autre équipement encombrant,"Aide au déménagement, pour le transport de mes effets personnels",,,,,,,,,,,,Je me déplacerai moins,,Non,,,,,,,,,,Non,,,,,Non,,,,,De 1 000 € à 2 000 €,Ouvrier.ère,50-59 ans,Aire urbaine de moins de 100 000 habitants,1.214805994
Une femme,,19,Baccalauréat,,Etudiant.e,,Autre,Parents,5.0,2.0,0.0,Je n'en ai jamais utilisé,,,,,,,10,Elevé,30,Très élevé,2,Mon ménage ne possède pas ce type de véhicule,Mon ménage ne possède pas ce type de véhicule,Mon ménage ne possède pas ce type de véhicule,Mon ménage ne possède pas ce type de véhicule,Mon ménage ne possède pas ce type de véhicule,Mon ménage ne possède pas ce type de véhicule,Non,,Il n'en existe pas à proximité de mon domicile,Il n'en existe pas à proximité de mon domicile,Il n'en existe pas à proximité de mon domicile,Entre 10 et 15 minutes,Je ne réside pas dans un lieu pourvu d'un réseau de transports en commun,Non,Je ne sais pas,Je ne sais pas,1 fois par mois,,Tous les jours ou presque,,,,,Jamais,Jamais,2 à 3 fois par mois,Moins d'une fois par mois,Moins d'une fois par mois,Moins d'une fois par mois,,,,,,,,,,,,,,,,Le service est trop cher,Je préfère d'autres moyens de transport,Le service n’est pas disponible dans les lieux que je fréquente ou que j'ai fréquentés,,,,,,,,,,Jamais,Exceptionnellement,Exceptionnellement,Jamais,Jamais,Exceptionnellement,Exceptionnellement,Jamais,Jamais,Exceptionnellement,Jamais,Si aucune autre offre de transport n'est disponible seulement,,,,Déplacement pour raison médicale remboursé par l’assurance maladie,,,,,,,,,,,,,,Je n'envisage pas de changements particuliers,,Non,,,,,,,,,,Oui,Aire urbaine de plus de 200 000 habitants (hors aire urbaine de Paris),Dans la ville-centre d'une agglomération,,Mieux desservie,Oui,J’utiliserai davantage les transports en commun,,,,De 4 000 à 5 000 €,Inactifs et autres (hors retraités),18-29 ans,Aire urbaine de plus de 200 000 habitants (hors Paris),1.020595013
Une femme,,39,Bac + 3 (Licence),,Sans activité professionnelle,,Seul.e avec enfant(s),,3.0,2.0,2.0,Je n'en ai jamais utilisé,,,,,,,25,Elevé,20,Elevé,1,Mon ménage ne possède pas ce type de véhicule,Mon ménage ne possède pas ce type de véhicule,Mon ménage ne possède pas ce type de véhicule,Mon ménage ne possède pas ce type de véhicule,Mon ménage ne possède pas ce type de véhicule,Mon ménage ne possède pas ce type de véhicule,"Oui, permis B",,Moins de 5 minutes,Il n'en existe pas à proximité de mon domicile,Il n'en existe pas à proximité de mon domicile,Entre 10 et 15 minutes,Non,Non,Je ne sais pas,Je ne sais pas,1 fois par mois,Tous les jours ou presque,Jamais,Jamais,,,,Jamais,Jamais,Jamais,Jamais,Jamais,1 fois par semaine,,,,,,,,,,,,,,,,Je ne connais pas ce service,Le service est trop cher,,,,,,,,,,,Jamais,Jamais,Jamais,Jamais,Jamais,Exceptionnellement,Exceptionnellement,Exceptionnellement,Jamais,Jamais,Jamais,Si aucune autre offre de transport n'est disponible seulement,,,,Aucun service supplémentaire,,,,,,,,,,,,,,J'utiliserai davantage le vélo ou marcherai plus,,Non,,,,,,,,,,Je ne sais pas,Hors aire urbaine (zones rurales),,,Moins bien desservie,Non,,,,,De 1 000 € à 2 000 €,Inactifs et autres (hors retraités),30-39 ans,Aire urbaine entre 100 000 et 200 000 habitants,0.709905464
Un homme,,22,"Bac +2 (BTS, DUT)",,Actif.ve à temps partiel (-32 h / semaine),Employé.e,Autre,Chez mes parents,5.0,1.0,0.0,Je n'en ai jamais utilisé,,,,,,,30,Très élevé,39,Très élevé,2,Mon ménage ne possède pas ce type de véhicule,Mon ménage ne possède pas ce type de véhicule,3 ou plus,Mon ménage ne possède pas ce type de véhicule,Mon ménage ne possède pas ce type de véhicule,Mon ménage ne possède pas ce type de véhicule,"Oui, permis B",,Il n'en existe pas à proximité de mon domicile,Il n'en existe pas à proximité de mon domicile,Il n'en existe pas à proximité de mon domicile,Entre 10 et 15 minutes,Je ne réside pas dans un lieu pourvu d'un réseau de transports en commun,Non,Je ne sais pas,Je ne sais pas,2 à 3 fois par mois,Tous les jours ou presque,2 à 3 fois par semaine,Jamais,,,Jamais,Jamais,Jamais,Jamais,Jamais,Jamais,Moins d'une fois par mois,,,,,,,,,,,,,,,,Autre,,,J'en ai pas besoin,,,,,,,,,Jamais,Exceptionnellement,Jamais,Jamais,Jamais,Jamais,Jamais,Exceptionnellement,Jamais,Jamais,Jamais,Autre,,,Aucune,Autre,,,Aucune,,,,,,,,,,,Je n'envisage pas de changements particuliers,,Je ne sais pas,Pas d'accord du tout,Ne se prononce pas,Ne se prononce pas,Ne se prononce pas,Tout à fait d'accord,Tout à fait d'accord,Ne se prononce pas,Ne se prononce pas,Ne se prononce pas,Je ne sais pas,Hors aire urbaine (zones rurales),,,Je ne sais pas,Je ne sais pas,,,,,Je ne souhaite pas répondre,Employé.e,18-29 ans,Aire urbaine de moins de 100 000 habitants,1.100994535
Une femme,,25,"CAP, BEP",,Sans activité professionnelle,,En couple avec enfant(s),,3.0,1.0,1.0,Je n'en ai jamais utilisé,,,,,,,15,Elevé,30,Très élevé,1,Mon ménage ne possède pas ce type de véhicule,Mon ménage ne possède pas ce type de véhicule,Mon ménage ne possède pas ce type de véhicule,Mon ménage ne possède pas ce type de véhicule,Mon ménage ne possède pas ce type de véhicule,Mon ménage ne possède pas ce type de véhicule,Non,,Moins de 5 minutes,Il n'en existe pas à proximité de mon domicile,Il n'en existe pas à proximité de mon domicile,Plus de 20 minutes,Non,Non,Je ne sais pas,Je ne sais pas,Moins d'une fois par mois,,1 fois par semaine,,,,,Jamais,Jamais,Jamais,Jamais,Jamais,Jamais,,,,,,,,,,,,,,,,Je préfère d'autres moyens de transport,Je n'apprécie pas les marques de VTC,,,,,,,,,,,Jamais,Jamais,Jamais,Jamais,Jamais,Jamais,Jamais,Jamais,Jamais,Jamais,Jamais,Service de meilleur rapport qualité/prix par rapport aux taxis,Service de meilleure qualité par rapport à d'autres moyens de transport,Ça me permet de me déplacer facilement avec des proches,,Transport de personnes à mobilité réduite (PMR) ou en situation de handicap,Déplacement pour raison médicale remboursé par l’assurance maladie,"Aide au déménagement, pour le transport de mes effets personnels",,,,,,,,,,,,Je n'envisage pas de changements particuliers,,Non,,,,,,,,,,Non,,,,,Je ne sais pas,,,,,Je ne souhaite pas répondre,Inactifs et autres (hors retraités),18-29 ans,Aire urbaine de moins de 100 000 habitants,1.049357638
Une femme,,18,Baccalauréat,,Etudiant.e,,Autre,Avec mes parents,4.0,1.0,0.0,Je n'en ai jamais utilisé,,,,,,,15,Elevé,20,Elevé,2,Mon ménage ne possède pas ce type de véhicule,Mon ménage ne possède pas ce type de véhicule,3 ou plus,Mon ménage ne possède pas ce type de véhicule,2,1,"Oui, permis B",,Il n'en existe pas à proximité de mon domicile,Il n'en existe pas à proximité de mon domicile,Il n'en existe pas à proximité de mon domicile,Il n'en existe pas à proximité de mon domicile,Non,Non,Je ne sais pas,Non,Moins d'une fois par mois,Tous les jours ou presque,1 fois par semaine,Jamais,,,Moins d'une fois par mois,Jamais,Jamais,Tous les jours ou presque,Jamais,Jamais,2 à 3 fois par semaine,,,,,,,,,,,,,,,,Je ne connais pas ce service,Je préfère d'autres moyens de transport,Le service n’est pas disponible dans les lieux que je fréquente ou que j'ai fréquentés,,,,,,,,,,Jamais,Jamais,Jamais,Jamais,Jamais,Jamais,Jamais,Jamais,Jamais,Jamais,Jamais,Service de meilleur rapport qualité/prix par rapport aux taxis,,,,Déplacement pour raison médicale remboursé par l’assurance maladie,Acceptation des animaux à bord,Transport de personnes à mobilité réduite (PMR) ou en situation de handicap,,,,,,,,,,,,Je n'envisage pas de changements particuliers,,Non,,,,,,,,,,Non,,,,,Je ne sais pas,,,,,Je ne souhaite pas répondre,Inactifs et autres (hors retraités),18-29 ans,Aire urbaine entre 100 000 et 200 000 habitants,0.809903998
Un homme,,59,Baccalauréat,,Actif.ve à temps plein (+32 h / semaine),Employé.e,En couple avec enfant(s),,3.0,1.0,1.0,Je n'en ai jamais utilisé,,,,,,,30,Très élevé,50,Très élevé,2,Mon ménage ne possède pas ce type de véhicule,Mon ménage ne possède pas ce type de véhicule,3 ou plus,Mon ménage ne possède pas ce type de véhicule,1,Mon ménage ne possède pas ce type de véhicule,"Oui, permis B",,Moins de 5 minutes,Il n'en existe pas à proximité de mon domicile,Il n'en existe pas à proximité de mon domicile,Entre 15 et 20 minutes,Non,Non,Non,Oui,Tous les jours ou presque,Tous les jours ou presque,Jamais,Jamais,,,1 fois par mois,Jamais,Jamais,Jamais,Jamais,Jamais,1 fois par semaine,,,,,,,,,,,,,,,,Autre,,,Il n'y en pas ici.,,,,,,,,,Exceptionnellement,Exceptionnellement,Jamais,Jamais,Exceptionnellement,Souvent,A chaque fois,Exceptionnellement,Exceptionnellement,Exceptionnellement,Jamais,Service de meilleure qualité par rapport à d'autres moyens de transport,Si aucune autre offre de transport n'est disponible seulement,Service de meilleur rapport qualité/prix par rapport aux taxis,,Déplacement pour raison médicale remboursé par l’assurance maladie,"Aide au déménagement, pour le transport de mes effets personnels",Embarquement d’un vélo ou d’un autre équipement encombrant,,,,,,,,,,,,Je me déplacerai moins,,Oui,Pas d'accord du tout,Pas d'accord du tout,Pas d'accord du tout,Pas d'accord du tout,Tout à fait d'accord,Plutôt pas d'accord,Pas d'accord du tout,Pas d'accord du tout,Pas d'accord du tout,Oui,Hors aire urbaine (zones rurales),,,Moins bien desservie,Non,,,,,De 10 000 € à 11 000 €,Employé.e,50-59 ans,Aire urbaine de moins de 100 000 habitants,1.125625414
Une femme,,31,Sans diplôme,,Actif.ve à temps plein (+32 h / semaine),Ouvrier.ère,Seul.e avec enfant(s),,3.0,2.0,2.0,Je n'en ai jamais utilisé,,,,,,,15,Elevé,39,Très élevé,1,Mon ménage ne possède pas ce type de véhicule,Mon ménage ne possède pas ce type de véhicule,Mon ménage ne possède pas ce type de véhicule,Mon ménage ne possède pas ce type de véhicule,1,1,"Oui, permis B",,Moins de 5 minutes,Il n'en existe pas à proximité de mon domicile,Il n'en existe pas à proximité de mon domicile,Plus de 20 minutes,Oui,Non,Je ne sais pas,Je ne sais pas,2 à 3 fois par semaine,Tous les jours ou presque,Jamais,Jamais,,,,Jamais,2 à 3 fois par semaine,Jamais,Jamais,Jamais,Jamais,,,,,,,,,,,,,,,,Je préfère d'autres moyens de transport,,,,,,,,,,,,Jamais,Jamais,Jamais,Jamais,Jamais,Souvent,Jamais,Jamais,Jamais,Jamais,Jamais,Si aucune autre offre de transport n'est disponible seulement,,,,Equipement en sièges pour enfants,,,,,,,,,,,,,,J'utiliserai davantage le vélo ou marcherai plus,,Non,,,,,,,,,,Oui,Aire urbaine de 100 000 à 200 000 habitants,Dans la ville-centre d'une agglomération,,Moins bien desservie,Je ne sais pas,,,,,De 2 000 € à 3 000 €,Ouvrier.ère,30-39 ans,Aire urbaine de Paris,0.87653013
Un homme,,57,Sans diplôme,,Actif.ve en recherche d'emploi,Employé.e,En couple sans enfant,,,,,Je n'en ai jamais utilisé,,,,,,,15,Adéquat,40,Elevé,1,Mon ménage ne possède pas ce type de véhicule,Mon ménage ne possède pas ce type de véhicule,2,Mon ménage ne possède pas ce type de véhicule,Mon ménage ne possède pas ce type de véhicule,Mon ménage ne possède pas ce type de véhicule,"Oui, permis B",,Entre 5 et 10 minutes,Il n'en existe pas à proximité de mon domicile,Il n'en existe pas à proximité de mon domicile,Entre 5 et 10 minutes,Non,Non,Je ne sais pas,Oui,Tous les jours ou presque,1 fois par semaine,Jamais,Jamais,,,2 à 3 fois par mois,Jamais,Jamais,Jamais,Jamais,Jamais,Moins d'une fois par mois,,,,,,,,,,,,,,,,Le service n’est pas disponible dans les lieux que je fréquente ou que j'ai fréquentés,,,,,,,,,,,,Jamais,Exceptionnellement,Jamais,Exceptionnellement,Jamais,Exceptionnellement,Jamais,Jamais,Jamais,Exceptionnellement,Jamais,Si aucune autre offre de transport n'est disponible seulement,,,,Aucun service supplémentaire,,,,,,,,,,,,,,Je n'envisage pas de changements particuliers,,Non,,,,,,,,,,Je ne sais pas,Aire urbaine de moins de 100 000 habitants,En zone périurbaine d'une agglomération,,Je ne sais pas,Non,,,,,De 1 000 € à 2 000 €,En recherche d'emploi,50-59 ans,Aire urbaine de moins de 100 000 habitants,0.429854159
Une femme,,25,Sans diplôme,,Actif.ve à temps plein (+32 h / semaine),Employé.e,Autre,Mère et soeur,3.0,1.0,1.0,Il y a plus de 12 mois,Oui,,,Oui,Uber,,30,Elevé,30,Elevé,2,Mon ménage ne possède pas ce type de véhicule,Mon ménage ne possède pas ce type de véhicule,1,Mon ménage ne possède pas ce type de véhicule,1,Mon ménage ne possède pas ce type de véhicule,"Oui, permis B",,Moins de 5 minutes,Il n'en existe pas à proximité de mon domicile,Il n'en existe pas à proximité de mon domicile,Moins de 5 minutes,Non,Non,Je ne sais pas,Je ne sais pas,Moins d'une fois par mois,Tous les jours ou presque,Moins d'une fois par mois,Jamais,,,Jamais,Jamais,Jamais,Moins d'une fois par mois,Jamais,Jamais,1 fois par semaine,Je ne sais plus,,Entre 30 et 35 €,Plus de 30 minutes,Aucun,,,,Oui,"Les transports en commun (métro, tram, bus, RER, TER)",,"C'était plus sécurisant (agressions, vols, etc.)","C'était plus sûr (pour arriver à l'heure, pour arriver sans me perdre...)",C'était plus rapide,,,,,,Le service est trop cher,,,,,,,,Jamais,Jamais,Jamais,Jamais,Jamais,Jamais,Jamais,Jamais,Jamais,Jamais,Jamais,Si aucune autre offre de transport n'est disponible seulement,,,,Aucun service supplémentaire,,,,,,,,,,,,,,J'utiliserai davantage une voiture ou un deux-roues motorisé personnel(le),,Non,,,,,,,,,,Non,,,,,Oui,Autre,,,Je ne sais pas,De 3 000 à 4 000 €,Employé.e,18-29 ans,Aire urbaine de Paris,0.926588353
Un homme,,27,"Bac +2 (BTS, DUT)",,Etudiant.e,,En colocation,,2.0,1.0,1.0,Il y a plus de 12 mois,Oui,,,Oui,Uber,,5,Elevé,4,Adéquat,1,1,2,2,2,1,1,"Oui, permis B",,Entre 5 et 10 minutes,Entre 10 et 15 minutes,Entre 10 et 15 minutes,Entre 5 et 10 minutes,Oui,Oui,"Oui, tout le temps",Oui,2 à 3 fois par semaine,Tous les jours ou presque,Tous les jours ou presque,2 à 3 fois par mois,,,2 à 3 fois par semaine,2 à 3 fois par semaine,Tous les jours ou presque,1 fois par semaine,Tous les jours ou presque,1 fois par semaine,2 à 3 fois par semaine,Faire des courses ou des achats,,Entre 15 et 20 €,Entre 15 et 20 minutes,"Un(e) voiture, moto ou scooter personnel(le)","Les transports en commun (métro, tram, bus, RER)",L'avion,,Oui,Une voiture personnelle,,"C’était plus pratique (j’avais des bagages, …)",C'était moins cher,"C'était plus sécurisant (agressions, vols, etc.)",,,,,,J'ai eu une mauvaise expérience,Le service n’est pas disponible dans les lieux que je fréquente ou que j'ai fréquentés,Je préfère le taxi,,Le chauffeur n'est jamais arrivé ou il est arrivé trop tard,Le chauffeur a eu un comportement inapproprié avec moi ou avec les autres passagers,Je ne me suis pas senti.e en sécurité pendant la course,,Souvent,Souvent,Souvent,A chaque fois,Exceptionnellement,Exceptionnellement,A chaque fois,Souvent,Souvent,A chaque fois,A chaque fois,Ça me permet de me déplacer avec mon animal de compagnie,Ça me permet de me déplacer facilement avec des proches,Service de meilleure qualité par rapport à d'autres moyens de transport,,Equipement en sièges pour enfants,Acceptation des animaux à bord,Embarquement d’un vélo ou d’un autre équipement encombrant,,Il y a moins de 12 mois,,,,,,Déplacement professionnel,,Entre 10 et 15 €,Moins de 10 minutes,J'utiliserai davantage une voiture ou un deux-roues motorisé personnel(le),,Oui,Pas d'accord du tout,Plutôt pas d'accord,Pas d'accord du tout,Tout à fait d'accord,Tout à fait d'accord,Tout à fait d'accord,Tout à fait d'accord,Ne se prononce pas,Plutôt pas d'accord,Oui,Aire urbaine de plus de 200 000 habitants (hors aire urbaine de Paris),En première couronne d'une agglomération,,Mieux desservie,Oui,J’utiliserai davantage les services de taxi,J'adapterai mon ou mes véhicule(s) ou en changerai,J’adapterai mes horaires de déplacement,,De 2 000 € à 3 000 €,Inactifs et autres (hors retraités),18-29 ans,Aire urbaine de plus de 200 000 habitants (hors Paris),1.209308277
Une femme,,22,"Bac +2 (BTS, DUT)",,Etudiant.e,,Autre,famille,4.0,0.0,0.0,Je n'en ai jamais utilisé,,,,,,,0,Adéquat,0,Adéquat,1,Mon ménage ne possède pas ce type de véhicule,Mon ménage ne possède pas ce type de véhicule,2,Mon ménage ne possède pas ce type de véhicule,Mon ménage ne possède pas ce type de véhicule,Mon ménage ne possède pas ce type de véhicule,Non,,Moins de 5 minutes,Il n'en existe pas à proximité de mon domicile,Entre 5 et 10 minutes,Entre 10 et 15 minutes,Oui,Non,"Oui, tout le temps",Oui,2 à 3 fois par mois,,2 à 3 fois par mois,,,,Jamais,Jamais,Jamais,Tous les jours ou presque,Moins d'une fois par mois,Moins d'une fois par mois,2 à 3 fois par semaine,,,,,,,,,,,,,,,,Je préfère d'autres moyens de transport,Je préfère le taxi,,,,,,,,,,,A chaque fois,Exceptionnellement,Souvent,Exceptionnellement,Souvent,Souvent,Souvent,Souvent,Souvent,Souvent,Jamais,Ça me permet de me déplacer facilement avec des proches,Si aucune autre offre de transport n'est disponible seulement,,,Aucun service supplémentaire,,,,Il y a moins de 12 mois,Dans mon agglomération de résidence,"Faire une sortie de loisir ou culturelle (restaurant, boîte de nuit, complexe sportif, musée, plage…)",sortir en boite,Je ne sais plus,Je ne sais plus,,,,,Je n'envisage pas de changements particuliers,,Non,,,,,,,,,,Non,,,,,Oui,Je ne serai pas concerné par les restrictions,,,,Je ne souhaite pas répondre,Inactifs et autres (hors retraités),18-29 ans,Aire urbaine de Paris,1.046426634
Un homme,,66,"CAP, BEP",,Actif.ve à temps plein (+32 h / semaine),Ouvrier.ère,En couple avec enfant(s),,5.0,3.0,1.0,Je n'en ai jamais utilisé,,,,,,,60,Très élevé,50,Très élevé,Mon ménage ne possède pas ce type de véhicule,Mon ménage ne possède pas ce type de véhicule,1,2,2,1,3 ou plus,"Oui, permis A (motos et scooters)","Oui, permis B",Moins de 5 minutes,Il n'en existe pas à proximité de mon domicile,Il n'en existe pas à proximité de mon domicile,Moins de 5 minutes,Non,Non,Je ne sais pas,Oui,Tous les jours ou presque,,Jamais,Jamais,2 à 3 fois par semaine,Jamais,Jamais,Jamais,Jamais,Jamais,Jamais,Jamais,Moins d'une fois par mois,,,,,,,,,,,,,,,,Je n'apprécie pas les marques de VTC,,,,,,,,,,,,Jamais,Jamais,Jamais,Jamais,Jamais,Jamais,Jamais,Jamais,Jamais,Jamais,Jamais,Si aucune autre offre de transport n'est disponible seulement,,,,Aucun service supplémentaire,"Aide au déménagement, pour le transport de mes effets personnels",Equipement en sièges pour enfants,,,,,,,,,,,,J'utiliserai davantage une voiture ou un deux-roues motorisé personnel(le),,Non,,,,,,,,,,Non,,,,,Non,,,,,De 3 000 à 4 000 €,Ouvrier.ère,60 ans et plus,Aire urbaine de moins de 100 000 habitants,2.240153789
Une femme,,19,Baccalauréat,,Etudiant.e,,Autre,Chez les parents,2.0,0.0,0.0,Je n'en ai jamais utilisé,,,,,,,30,Elevé,20,Elevé,1,Mon ménage ne possède pas ce type de véhicule,Mon ménage ne possède pas ce type de véhicule,Mon ménage ne possède pas ce type de véhicule,1,Mon ménage ne possède pas ce type de véhicule,Mon ménage ne possède pas ce type de véhicule,Non,,Moins de 5 minutes,Il n'en existe pas à proximité de mon domicile,Il n'en existe pas à proximité de mon domicile,Entre 10 et 15 minutes,Oui,Non,Je ne sais pas,Je ne sais pas,Tous les jours ou presque,,2 à 3 fois par semaine,,,,Jamais,Jamais,Jamais,Tous les jours ou presque,Jamais,Jamais,Tous les jours ou presque,,,,,,,,,,,,,,,,Le service est trop cher,Je préfère d'autres moyens de transport,,,,,,,,,,,Exceptionnellement,Exceptionnellement,Jamais,Exceptionnellement,Jamais,Exceptionnellement,Exceptionnellement,Jamais,Jamais,Exceptionnellement,Jamais,Service de meilleur rapport qualité/prix par rapport aux taxis,Si aucune autre offre de transport n'est disponible seulement,,,Déplacement pour raison médicale remboursé par l’assurance maladie,Transport de personnes à mobilité réduite (PMR) ou en situation de handicap,"Aide au déménagement, pour le transport de mes effets personnels",,,,,,,,,,,,J'utiliserai davantage une voiture ou un deux-roues motorisé personnel(le),,Non,,,,,,,,,,Oui,Aire urbaine de 100 000 à 200 000 habitants,Dans la ville-centre d'une agglomération,,Aussi bien desservie,Non,,,,,De 2 000 € à 3 000 €,Inactifs et autres (hors retraités),18-29 ans,Aire urbaine de Paris,1.046426634
Un homme,,80,Supérieur à Bac + 5,,Retraité.e,,En couple avec enfant(s),,2.0,0.0,0.0,Je n'en ai jamais utilisé,,,,,,,50,Adéquat,50,Adéquat,2,Mon ménage ne possède pas ce type de véhicule,Mon ménage ne possède pas ce type de véhicule,Mon ménage ne possède pas ce type de véhicule,Mon ménage ne possède pas ce type de véhicule,Mon ménage ne possède pas ce type de véhicule,Mon ménage ne possède pas ce type de véhicule,"Oui, permis B",,Moins de 5 minutes,Il n'en existe pas à proximité de mon domicile,Il n'en existe pas à proximité de mon domicile,Entre 10 et 15 minutes,Non,Non,Je ne sais pas,Oui,Jamais,1 fois par semaine,Tous les jours ou presque,Jamais,,,,Jamais,Jamais,Jamais,2 à 3 fois par mois,Jamais,Jamais,,,,,,,,,,,,,,,,Le service n’est pas disponible dans les lieux que je fréquente ou que j'ai fréquentés,Je préfère le taxi,Je n'apprécie pas les marques de VTC,,,,,,,,,,Jamais,Jamais,Jamais,Jamais,Jamais,Jamais,Jamais,Jamais,Jamais,Jamais,Jamais,Si aucune autre offre de transport n'est disponible seulement,Ça me permet de me déplacer plus facilement en tant que personne à mobilité réduite,Service de meilleure qualité par rapport à d'autres moyens de transport,,Transport de personnes à mobilité réduite (PMR) ou en situation de handicap,Déplacement pour raison médicale remboursé par l’assurance maladie,Aucun service supplémentaire,,Il y a plus de 12 mois,Dans mon agglomération de résidence,"Accéder à des services (médicaux, administratifs...)",,Entre 15 et 20 €,Entre 10 et 15 minutes,,,,,Je me déplacerai moins,,Oui,Tout à fait d'accord,Plutôt d'accord,Ne se prononce pas,Ne se prononce pas,Ne se prononce pas,Ne se prononce pas,Ne se prononce pas,Ne se prononce pas,Ne se prononce pas,Non,,,,,Non,,,,,Plus de 12 000 €,Retraités,60 ans et plus,Aire urbaine de moins de 100 000 habitants,1.127874336
Un homme,,23,Bac + 5 (Master),,Etudiant.e,,Autre,parents,4.0,0.0,0.0,Je n'en ai jamais utilisé,,,,,,,50,Elevé,40,Elevé,1,Mon ménage ne possède pas ce type de véhicule,Mon ménage ne possède pas ce type de véhicule,Mon ménage ne possède pas ce type de véhicule,Mon ménage ne possède pas ce type de véhicule,Mon ménage ne possède pas ce type de véhicule,Mon ménage ne possède pas ce type de véhicule,"Oui, permis B",,Entre 5 et 10 minutes,Entre 5 et 10 minutes,Il n'en existe pas à proximité de mon domicile,Entre 10 et 15 minutes,Oui,Non,Je ne sais pas,Non,2 à 3 fois par semaine,2 à 3 fois par semaine,1 fois par semaine,Jamais,,,,Jamais,Jamais,Jamais,Jamais,Jamais,2 à 3 fois par semaine,,,,,,,,,,,,,,,,C'est trop compliqué à utiliser,Le service n’est pas disponible dans les lieux que je fréquente ou que j'ai fréquentés,,,,,,,,,,,Jamais,Jamais,Exceptionnellement,Jamais,Jamais,Jamais,Jamais,Jamais,Jamais,Jamais,Jamais,Si aucune autre offre de transport n'est disponible seulement,Ça me permet de me déplacer plus facilement en tant que personne à mobilité réduite,Ça me permet de me déplacer facilement avec des proches,,Aucun service supplémentaire,Transport de personnes à mobilité réduite (PMR) ou en situation de handicap,"Aide au déménagement, pour le transport de mes effets personnels",,,,,,,,,,,,Je me déplacerai moins,,Je ne sais pas,Plutôt d'accord,Plutôt d'accord,Ne se prononce pas,Ne se prononce pas,Plutôt d'accord,Plutôt d'accord,Plutôt d'accord,Ne se prononce pas,Ne se prononce pas,Je ne sais pas,Aire urbaine de Paris,Dans la ville-centre d'une agglomération,,Aussi bien desservie,Je ne sais pas,,,,,De 1 000 € à 2 000 €,Inactifs et autres (hors retraités),18-29 ans,Aire urbaine de Paris,1.239916299
Une femme,,18,Baccalauréat,,Etudiant.e,,Autre,EN FAMILLE,4.0,1.0,0.0,Je n'en ai jamais utilisé,,,,,,,16,Elevé,18,Très élevé,2,Mon ménage ne possède pas ce type de véhicule,1,3 ou plus,Mon ménage ne possède pas ce type de véhicule,Mon ménage ne possède pas ce type de véhicule,Mon ménage ne possède pas ce type de véhicule,"Oui, permis B",,Moins de 5 minutes,Il n'en existe pas à proximité de mon domicile,Il n'en existe pas à proximité de mon domicile,Entre 5 et 10 minutes,Non,Non,Je ne sais pas,Oui,Tous les jours ou presque,1 fois par semaine,2 à 3 fois par semaine,Jamais,,,Jamais,Jamais,Jamais,1 fois par semaine,Jamais,Jamais,2 à 3 fois par mois,,,,,,,,,,,,,,,,Je ne connais pas ce service,,,,,,,,,,,,Jamais,Jamais,Jamais,Jamais,Jamais,Jamais,Jamais,Jamais,Jamais,Jamais,Jamais,Si aucune autre offre de transport n'est disponible seulement,,,,Transport de personnes à mobilité réduite (PMR) ou en situation de handicap,Equipement en sièges pour enfants,Acceptation des animaux à bord,,,,,,,,,,,,J'utiliserai davantage une voiture ou un deux-roues motorisé personnel(le),,Non,,,,,,,,,,Je ne sais pas,Hors aire urbaine (zones rurales),,,Aussi bien desservie,Je ne sais pas,,,,,Je ne souhaite pas répondre,Inactifs et autres (hors retraités),18-29 ans,Aire urbaine de moins de 100 000 habitants,1.049357638
Un homme,,26,"CAP, BEP",,Actif.ve à temps plein (+32 h / semaine),Profession intermédiaire,En couple avec enfant(s),,3.0,1.0,1.0,Il y a moins de 12 mois,Non,Agglomération parisienne,,Oui,Uber,,40,Elevé,30,Adéquat,2,Mon ménage ne possède pas ce type de véhicule,1,Mon ménage ne possède pas ce type de véhicule,Mon ménage ne possède pas ce type de véhicule,Mon ménage ne possède pas ce type de véhicule,Mon ménage ne possède pas ce type de véhicule,"Oui, permis B",,Entre 5 et 10 minutes,Il n'en existe pas à proximité de mon domicile,Il n'en existe pas à proximité de mon domicile,Moins de 5 minutes,Non,Non,"Oui, tout le temps",Oui,2 à 3 fois par semaine,Tous les jours ou presque,2 à 3 fois par semaine,1 fois par mois,,,,Jamais,Jamais,1 fois par mois,1 fois par mois,Moins d'une fois par mois,2 à 3 fois par semaine,"Faire une sortie de loisir ou culturelle (restaurant, boîte de nuit, complexe sportif, musée, plage…)",,Entre 30 et 35 €,Entre 10 et 15 minutes,La marche à pied,,,,Oui,Un taxi,,C'était plus rapide,,,,,,,,Le service est trop cher,,,,,,,,Jamais,Souvent,Exceptionnellement,Jamais,Souvent,A chaque fois,A chaque fois,Exceptionnellement,Jamais,Jamais,Jamais,Service de meilleure qualité par rapport à d'autres moyens de transport,Si aucune autre offre de transport n'est disponible seulement,Ça me permet de me déplacer plus facilement en tant que personne à mobilité réduite,,Acceptation des animaux à bord,Déplacement pour raison médicale remboursé par l’assurance maladie,Transport de personnes à mobilité réduite (PMR) ou en situation de handicap,,,,,,,,,,,,J'utiliserai davantage le vélo ou marcherai plus,,Non,,,,,,,,,,Non,,,,,Oui,J’adapterai mes horaires de déplacement,,,,De 7 000 € à 8 000 €,Profession intermédiaire,18-29 ans,Aire urbaine de plus de 200 000 habitants (hors Paris),0.941623172
Un homme,,46,Bac + 5 (Master),,Actif.ve à temps plein (+32 h / semaine),"Cadre, Profession intellectuelle supérieure",Seul.e avec enfant(s),,4.0,3.0,2.0,Je n'en ai jamais utilisé,,,,,,,30,Elevé,50,Très élevé,Mon ménage ne possède pas ce type de véhicule,1,Mon ménage ne possède pas ce type de véhicule,3 ou plus,Mon ménage ne possède pas ce type de véhicule,2,Mon ménage ne possède pas ce type de véhicule,"Oui, permis B",,Moins de 5 minutes,Il n'en existe pas à proximité de mon domicile,Il n'en existe pas à proximité de mon domicile,Entre 15 et 20 minutes,Oui,Non,Je ne sais pas,Oui,2 à 3 fois par semaine,Tous les jours ou presque,Moins d'une fois par mois,Moins d'une fois par mois,,,2 à 3 fois par mois,Jamais,Jamais,2 à 3 fois par mois,Moins d'une fois par mois,Jamais,2 à 3 fois par mois,,,,,,,,,,,,,,,,Le service n’est pas disponible dans les lieux que je fréquente ou que j'ai fréquentés,,,,,,,,,,,,Jamais,Exceptionnellement,Jamais,Jamais,Exceptionnellement,Exceptionnellement,Exceptionnellement,Exceptionnellement,Jamais,Exceptionnellement,Jamais,Service de meilleur rapport qualité/prix par rapport aux taxis,,,,Equipement en sièges pour enfants,Embarquement d’un vélo ou d’un autre équipement encombrant,Déplacement pour raison médicale remboursé par l’assurance maladie,,,,,,,,,,,,Je n'envisage pas de changements particuliers,,Non,,,,,,,,,,Non,,,,,Non,,,,,De 4 000 à 5 000 €,"Cadre, Profession intellectuelle supérieure",40-49 ans,Aire urbaine de plus de 200 000 habitants (hors Paris),0.885512884
Un homme,,47,"Bac +2 (BTS, DUT)",,Actif.ve en recherche d'emploi,Ouvrier.ère,En couple avec enfant(s),,4.0,2.0,1.0,Je n'en ai jamais utilisé,,,,,,,15,Elevé,20,Elevé,2,Mon ménage ne possède pas ce type de véhicule,Mon ménage ne possède pas ce type de véhicule,2,Mon ménage ne possède pas ce type de véhicule,Mon ménage ne possède pas ce type de véhicule,Mon ménage ne possède pas ce type de véhicule,"Oui, permis B",,Il n'en existe pas à proximité de mon domicile,Il n'en existe pas à proximité de mon domicile,Il n'en existe pas à proximité de mon domicile,Il n'en existe pas à proximité de mon domicile,Je ne réside pas dans un lieu pourvu d'un réseau de transports en commun,Non,Je ne sais pas,Je ne sais pas,Jamais,Tous les jours ou presque,2 à 3 fois par semaine,Jamais,,,Moins d'une fois par mois,Jamais,Jamais,Jamais,Jamais,Jamais,Moins d'une fois par mois,,,,,,,,,,,,,,,,Autre,,,J'aime conduire,,,,,,,,,Jamais,Jamais,Jamais,Jamais,Jamais,Jamais,Jamais,Jamais,Jamais,Jamais,Jamais,Autre,,,"Aucune, je n'aurais pas recous au VTC",Aucun service supplémentaire,,,,,,,,,,,,,,Je n'envisage pas de changements particuliers,,Non,,,,,,,,,,Non,,,,,Oui,J'adapterai mon ou mes véhicule(s) ou en changerai,,,,De 3 000 à 4 000 €,En recherche d'emploi,40-49 ans,Aire urbaine de plus de 200 000 habitants (hors Paris),0.370691919
Une femme,,49,Supérieur à Bac + 5,,Actif.ve à temps plein (+32 h / semaine),"Artisan.e, Commerçant.e, Chef.fe d'entreprise",En couple avec enfant(s),,3.0,1.0,1.0,Je n'en ai jamais utilisé,,,,,,,10,Adéquat,15,Adéquat,2,Mon ménage ne possède pas ce type de véhicule,1,3 ou plus,2,Mon ménage ne possède pas ce type de véhicule,Mon ménage ne possède pas ce type de véhicule,"Oui, permis B",,Plus de 20 minutes,Il n'en existe pas à proximité de mon domicile,Il n'en existe pas à proximité de mon domicile,Il n'en existe pas à proximité de mon domicile,Je ne réside pas dans un lieu pourvu d'un réseau de transports en commun,Non,Non,Oui,2 à 3 fois par semaine,Tous les jours ou presque,2 à 3 fois par mois,Jamais,,,2 à 3 fois par semaine,Jamais,Jamais,Jamais,Jamais,Jamais,Moins d'une fois par mois,,,,,,,,,,,,,,,,Le service n’est pas disponible dans les lieux que je fréquente ou que j'ai fréquentés,,,,,,,,,,,,Jamais,Jamais,Jamais,Jamais,Exceptionnellement,Souvent,Souvent,Souvent,Jamais,Jamais,Jamais,Service de meilleur rapport qualité/prix par rapport aux taxis,Ça me permet de me déplacer facilement avec des proches,,,Transport de personnes à mobilité réduite (PMR) ou en situation de handicap,Equipement en sièges pour enfants,Embarquement d’un vélo ou d’un autre équipement encombrant,,,,,,,,,,,,Je n'envisage pas de changements particuliers,,Non,,,,,,,,,,Non,,,,,Non,,,,,De 3 000 à 4 000 €,"Artisan.e, Commerçant.e, Chef.fe d'entreprise",40-49 ans,Aire urbaine de moins de 100 000 habitants,0.798495503
Une femme,,35,Bac + 3 (Licence),,Actif.ve à temps plein (+32 h / semaine),"Cadre, Profession intellectuelle supérieure",En couple avec enfant(s),,4.0,2.0,2.0,Il y a moins de 12 mois,Non,Agglomération toulousaine,,Oui,Uber,,30,Adéquat,40,Elevé,2,Mon ménage ne possède pas ce type de véhicule,Mon ménage ne possède pas ce type de véhicule,2,Mon ménage ne possède pas ce type de véhicule,1,Mon ménage ne possède pas ce type de véhicule,"Oui, permis B",,Entre 5 et 10 minutes,Il n'en existe pas à proximité de mon domicile,Il n'en existe pas à proximité de mon domicile,Il n'en existe pas à proximité de mon domicile,Non,Non,Non,Oui,2 à 3 fois par mois,Tous les jours ou presque,1 fois par semaine,Jamais,,,1 fois par mois,Jamais,Jamais,Moins d'une fois par mois,Jamais,Moins d'une fois par mois,2 à 3 fois par mois,"Accéder à des services (médicaux, administratifs...)",,Entre 15 et 20 €,Entre 15 et 20 minutes,"Un(e) voiture, moto ou scooter personnel(le)",,,,Oui,Une voiture personnelle,,"C’était plus pratique (j’avais des bagages, …)",C'était plus confortable,"C'était plus sécurisant (agressions, vols, etc.)",,,,,,Le service n’est pas disponible dans les lieux que je fréquente ou que j'ai fréquentés,,,,,,,,Jamais,Exceptionnellement,Exceptionnellement,Jamais,Jamais,Souvent,Souvent,Souvent,Jamais,Exceptionnellement,Exceptionnellement,Ça me permet de me déplacer facilement avec des proches,Service de meilleur rapport qualité/prix par rapport aux taxis,,,Equipement en sièges pour enfants,,,,,,,,,,,,,,Je n'envisage pas de changements particuliers,,Non,,,,,,,,,,Non,,,,,Non,,,,,De 4 000 à 5 000 €,"Cadre, Profession intellectuelle supérieure",30-39 ans,Aire urbaine de plus de 200 000 habitants (hors Paris),0.722615841
Un homme,,35,Bac + 5 (Master),,Actif.ve à temps partiel (-32 h / semaine),"Cadre, Profession intellectuelle supérieure",En couple avec enfant(s),,3.0,1.0,1.0,Il y a plus de 12 mois,Non,Agglomération parisienne,,Oui,LeCab,,50,Elevé,20,Adéquat,1,Mon ménage ne possède pas ce type de véhicule,Mon ménage ne possède pas ce type de véhicule,2,1,1,Mon ménage ne possède pas ce type de véhicule,"Oui, permis B",,Entre 5 et 10 minutes,Entre 10 et 15 minutes,Entre 10 et 15 minutes,Entre 10 et 15 minutes,Oui,Non,"Oui, tout le temps",Oui,1 fois par semaine,2 à 3 fois par semaine,1 fois par semaine,1 fois par semaine,,,1 fois par semaine,1 fois par semaine,1 fois par semaine,1 fois par semaine,1 fois par semaine,1 fois par semaine,2 à 3 fois par mois,"Faire une sortie de loisir ou culturelle (restaurant, boîte de nuit, complexe sportif, musée, plage…)",,Entre 30 et 35 €,Plus de 30 minutes,"Les transports en commun (métro, tram, bus, RER)","Le train (TER, Intercités, TGV)",,,Oui,Un taxi,,C'était plus confortable,"C'était plus sûr (pour arriver à l'heure, pour arriver sans me perdre...)",C'était plus rapide,,,,,,Je préfère le taxi,Le service est trop cher,C'est trop compliqué à utiliser,,,,,,Souvent,Souvent,Souvent,Souvent,Souvent,Souvent,Souvent,Souvent,Souvent,Souvent,Souvent,Ça me permet de me déplacer plus facilement en tant que personne à mobilité réduite,Service de meilleur rapport qualité/prix par rapport aux taxis,Service de meilleure qualité par rapport à d'autres moyens de transport,,Embarquement d’un vélo ou d’un autre équipement encombrant,"Aide au déménagement, pour le transport de mes effets personnels",,,Il y a moins de 12 mois,,,,,,Déplacement professionnel,,Entre 20 et 25 €,Entre 15 et 20 minutes,Je n'envisage pas de changements particuliers,,Non,,,,,,,,,,Oui,Aire urbaine de plus de 200 000 habitants (hors aire urbaine de Paris),Dans la ville-centre d'une agglomération,,Je ne sais pas,Non,,,,,De 5 000 € à 6 000 €,"Cadre, Profession intellectuelle supérieure",30-39 ans,Aire urbaine de Paris,0.877902741
Une femme,,50,"CAP, BEP",,Actif.ve à temps plein (+32 h / semaine),Employé.e,En couple avec enfant(s),,5.0,3.0,1.0,Je n'en ai jamais utilisé,,,,,,,60,Elevé,40,Adéquat,3 ou plus,Mon ménage ne possède pas ce type de véhicule,2,3 ou plus,Mon ménage ne possède pas ce type de véhicule,1,1,"Oui, permis B",,Moins de 5 minutes,Il n'en existe pas à proximité de mon domicile,Il n'en existe pas à proximité de mon domicile,Plus de 20 minutes,Oui,Non,"Oui, tout le temps",Oui,Tous les jours ou presque,Jamais,2 à 3 fois par semaine,Jamais,,,2 à 3 fois par mois,Jamais,Jamais,Tous les jours ou presque,Jamais,Jamais,Moins d'une fois par mois,,,,,,,,,,,,,,,,Le service est trop cher,Je ne connais pas ce service,Je préfère d'autres moyens de transport,,,,,,,,,,Jamais,Exceptionnellement,Jamais,Exceptionnellement,Jamais,Exceptionnellement,Exceptionnellement,Exceptionnellement,Jamais,Exceptionnellement,Jamais,Si aucune autre offre de transport n'est disponible seulement,Ça me permet de me déplacer facilement avec des proches,Service de meilleure qualité par rapport à d'autres moyens de transport,,Déplacement pour raison médicale remboursé par l’assurance maladie,Equipement en sièges pour enfants,,,,,,,,,,,,,Je n'envisage pas de changements particuliers,,Non,,,,,,,,,,Je ne sais pas,Aire urbaine de 100 000 à 200 000 habitants,En deuxième couronne d'une agglomération,,Je ne sais pas,Non,,,,,De 3 000 à 4 000 €,Employé.e,50-59 ans,Aire urbaine de plus de 200 000 habitants (hors Paris),0.923932449
Un homme,,64,Baccalauréat,,Retraité.e,,En colocation,,2.0,0.0,0.0,Je n'en ai jamais utilisé,,,,,,,20,Elevé,20,Elevé,1,Mon ménage ne possède pas ce type de véhicule,Mon ménage ne possède pas ce type de véhicule,Mon ménage ne possède pas ce type de véhicule,Mon ménage ne possède pas ce type de véhicule,Mon ménage ne possède pas ce type de véhicule,Mon ménage ne possède pas ce type de véhicule,"Oui, permis B",,Il n'en existe pas à proximité de mon domicile,Il n'en existe pas à proximité de mon domicile,Il n'en existe pas à proximité de mon domicile,Entre 10 et 15 minutes,Non,Non,Je ne sais pas,Non,2 à 3 fois par mois,2 à 3 fois par semaine,Jamais,Jamais,,,,Jamais,Jamais,Jamais,Jamais,Jamais,Jamais,,,,,,,,,,,,,,,,Le service n’est pas disponible dans les lieux que je fréquente ou que j'ai fréquentés,,,,,,,,,,,,Exceptionnellement,Exceptionnellement,Exceptionnellement,Exceptionnellement,Exceptionnellement,Exceptionnellement,Exceptionnellement,Exceptionnellement,Exceptionnellement,Exceptionnellement,Exceptionnellement,Si aucune autre offre de transport n'est disponible seulement,,,,Déplacement pour raison médicale remboursé par l’assurance maladie,,,,,,,,,,,,,,J'utiliserai davantage les services de taxi ou de VTC,,Non,,,,,,,,,,Non,,,,,Non,,,,,De 2 000 € à 3 000 €,Retraités,60 ans et plus,Aire urbaine de plus de 200 000 habitants (hors Paris),1.096959588
Un homme,,44,Baccalauréat,,Actif.ve à temps plein (+32 h / semaine),Employé.e,En couple avec enfant(s),,5.0,3.0,3.0,Je n'en ai jamais utilisé,,,,,,,50,Très élevé,5,Adéquat,2,Mon ménage ne possède pas ce type de véhicule,Mon ménage ne possède pas ce type de véhicule,3 ou plus,1,1,1,"Oui, permis B",,Moins de 5 minutes,Entre 10 et 15 minutes,Entre 10 et 15 minutes,Entre 15 et 20 minutes,Oui,Non,Non,Je ne sais pas,Tous les jours ou presque,Tous les jours ou presque,2 à 3 fois par semaine,Jamais,,,2 à 3 fois par semaine,Jamais,Jamais,1 fois par mois,Jamais,Jamais,Tous les jours ou presque,,,,,,,,,,,,,,,,Je n'apprécie pas les marques de VTC,C'est trop compliqué à utiliser,Le service n’est pas disponible dans les lieux que je fréquente ou que j'ai fréquentés,,,,,,,,,,Exceptionnellement,Exceptionnellement,Exceptionnellement,Exceptionnellement,Jamais,Exceptionnellement,Exceptionnellement,Jamais,Jamais,A chaque fois,Jamais,Ça me permet de me déplacer plus facilement en tant que personne à mobilité réduite,Si aucune autre offre de transport n'est disponible seulement,Ça me permet de me déplacer facilement avec des proches,,Déplacement pour raison médicale remboursé par l’assurance maladie,Transport de personnes à mobilité réduite (PMR) ou en situation de handicap,"Aide au déménagement, pour le transport de mes effets personnels",,,,,,,,,,,,J'utiliserai davantage le vélo ou marcherai plus,,Oui,Pas d'accord du tout,Pas d'accord du tout,Pas d'accord du tout,Pas d'accord du tout,Pas d'accord du tout,Tout à fait d'accord,Tout à fait d'accord,Pas d'accord du tout,Pas d'accord du tout,Non,,,,,Oui,J’adapterai mes horaires de déplacement,,,,De 3 000 à 4 000 €,Employé.e,40-49 ans,Aire urbaine de plus de 200 000 habitants (hors Paris),0.970701892
Une femme,,75,"Bac +2 (BTS, DUT)",,Retraité.e,,Seul.e sans enfant,,,,,Je n'en ai jamais utilisé,,,,,,,30,Très élevé,10,Adéquat,1,Mon ménage ne possède pas ce type de véhicule,Mon ménage ne possède pas ce type de véhicule,Mon ménage ne possède pas ce type de véhicule,Mon ménage ne possède pas ce type de véhicule,Mon ménage ne possède pas ce type de véhicule,Mon ménage ne possède pas ce type de véhicule,"Oui, permis B",,Moins de 5 minutes,Il n'en existe pas à proximité de mon domicile,Il n'en existe pas à proximité de mon domicile,Entre 15 et 20 minutes,Non,Non,Non,Je ne sais pas,2 à 3 fois par semaine,Tous les jours ou presque,Jamais,Jamais,,,,Jamais,Jamais,Jamais,Jamais,Jamais,Jamais,,,,,,,,,,,,,,,,Le service est trop cher,Le service n’est pas disponible dans les lieux que je fréquente ou que j'ai fréquentés,Je préfère d'autres moyens de transport,,,,,,,,,,Jamais,Jamais,Exceptionnellement,Jamais,Exceptionnellement,Jamais,Jamais,Jamais,Exceptionnellement,Exceptionnellement,Exceptionnellement,Autre,,,Si je ne pouvais pas conduire,Déplacement pour raison médicale remboursé par l’assurance maladie,"Aide au déménagement, pour le transport de mes effets personnels",,,,,,,,,,,,,Je n'envisage pas de changements particuliers,,Je ne sais pas,Pas d'accord du tout,Pas d'accord du tout,Pas d'accord du tout,Pas d'accord du tout,Pas d'accord du tout,Pas d'accord du tout,Pas d'accord du tout,Pas d'accord du tout,Pas d'accord du tout,Je ne sais pas,Aire urbaine de plus de 200 000 habitants (hors aire urbaine de Paris),Autre,Bord de mer,Je ne sais pas,Oui,Autre,,,Je ne sais pas,Plus de 12 000 €,Retraités,60 ans et plus,Aire urbaine de Paris,0.949210182
Un homme,,27,Bac + 5 (Master),,Sans activité professionnelle,,Autre,Avec mes parents,3.0,0.0,0.0,Je n'en ai jamais utilisé,,,,,,,60,Elevé,50,Elevé,1,Mon ménage ne possède pas ce type de véhicule,Mon ménage ne possède pas ce type de véhicule,3 ou plus,1,Mon ménage ne possède pas ce type de véhicule,Mon ménage ne possède pas ce type de véhicule,Non,,Entre 5 et 10 minutes,Il n'en existe pas à proximité de mon domicile,Il n'en existe pas à proximité de mon domicile,Plus de 20 minutes,Non,Non,Non,Oui,Moins d'une fois par mois,,1 fois par semaine,,,,Moins d'une fois par mois,Jamais,Jamais,Moins d'une fois par mois,Jamais,Jamais,Moins d'une fois par mois,,,,,,,,,,,,,,,,Le service n’est pas disponible dans les lieux que je fréquente ou que j'ai fréquentés,Je préfère d'autres moyens de transport,Je préfère le taxi,,,,,,,,,,Souvent,Souvent,Exceptionnellement,Souvent,Souvent,Souvent,Exceptionnellement,Jamais,Jamais,Jamais,Jamais,Si aucune autre offre de transport n'est disponible seulement,,,,Aucun service supplémentaire,,,,Il y a plus de 12 mois,"En France, ailleurs que dans mon agglomération de résidence",Autre,Mariage,Plus de 35 €,Plus de 30 minutes,,,,,J'utiliserai davantage les transports en commun,,Non,,,,,,,,,,Oui,Aire urbaine de Paris,Dans la ville-centre d'une agglomération,,Mieux desservie,Non,,,,,De 2 000 € à 3 000 €,Inactifs et autres (hors retraités),18-29 ans,Aire urbaine de plus de 200 000 habitants (hors Paris),1.209308277
Une femme,,41,"Bac +2 (BTS, DUT)",,Actif.ve à temps partiel (-32 h / semaine),Profession intermédiaire,En couple avec enfant(s),,4.0,2.0,2.0,Je n'en ai jamais utilisé,,,,,,,20,Elevé,40,Très élevé,1,Mon ménage ne possède pas ce type de véhicule,1,3 ou plus,1,2,Mon ménage ne possède pas ce type de véhicule,"Oui, permis B",,Entre 10 et 15 minutes,Il n'en existe pas à proximité de mon domicile,Il n'en existe pas à proximité de mon domicile,Plus de 20 minutes,Non,Non,Non,Non,Tous les jours ou presque,Tous les jours ou presque,Moins d'une fois par mois,Moins d'une fois par mois,,,2 à 3 fois par semaine,Jamais,Jamais,Moins d'une fois par mois,Moins d'une fois par mois,Jamais,2 à 3 fois par semaine,,,,,,,,,,,,,,,,Le service n’est pas disponible dans les lieux que je fréquente ou que j'ai fréquentés,,,,,,,,,,,,Jamais,Jamais,Jamais,Jamais,Jamais,Exceptionnellement,Exceptionnellement,Exceptionnellement,Jamais,Jamais,Jamais,Service de meilleur rapport qualité/prix par rapport aux taxis,,,,Equipement en sièges pour enfants,Transport de personnes à mobilité réduite (PMR) ou en situation de handicap,Déplacement pour raison médicale remboursé par l’assurance maladie,,,,,,,,,,,,Je n'envisage pas de changements particuliers,,Non,,,,,,,,,,Non,,,,,Je ne sais pas,,,,,De 3 000 à 4 000 €,Profession intermédiaire,40-49 ans,Aire urbaine entre 100 000 et 200 000 habitants,0.571668752
Un homme,,23,Baccalauréat,,Sans activité professionnelle,,Autre,Parents,3.0,0.0,0.0,Je n'en ai jamais utilisé,,,,,,,50,Elevé,20,Adéquat,1,Mon ménage ne possède pas ce type de véhicule,Mon ménage ne possède pas ce type de véhicule,Mon ménage ne possède pas ce type de véhicule,Mon ménage ne possède pas ce type de véhicule,Mon ménage ne possède pas ce type de véhicule,Mon ménage ne possède pas ce type de véhicule,Non,,Moins de 5 minutes,Il n'en existe pas à proximité de mon domicile,Il n'en existe pas à proximité de mon domicile,Entre 15 et 20 minutes,Non,Non,Je ne sais pas,Oui,Tous les jours ou presque,,Tous les jours ou presque,,,,,Jamais,Jamais,Jamais,Jamais,Jamais,1 fois par mois,,,,,,,,,,,,,,,,Je ne connais pas ce service,Le service est trop cher,,,,,,,,,,,Jamais,Jamais,Jamais,Jamais,Jamais,Jamais,Jamais,Jamais,Jamais,Jamais,Jamais,Ça me permet de me déplacer avec mon animal de compagnie,Si aucune autre offre de transport n'est disponible seulement,,,Acceptation des animaux à bord,Equipement en sièges pour enfants,,,,,,,,,,,,,J'utiliserai davantage le vélo ou marcherai plus,,Non,,,,,,,,,,Je ne sais pas,Aire urbaine de moins de 100 000 habitants,En zone périurbaine d'une agglomération,,Aussi bien desservie,Non,,,,,De 1 000 € à 2 000 €,Inactifs et autres (hors retraités),18-29 ans,Aire urbaine de moins de 100 000 habitants,1.243389259
Une femme,,59,"CAP, BEP",,Actif.ve à temps plein (+32 h / semaine),Ouvrier.ère,Seul.e avec enfant(s),,2.0,0.0,0.0,Je n'en ai jamais utilisé,,,,,,,25,Adéquat,50,Très élevé,2,1,Mon ménage ne possède pas ce type de véhicule,Mon ménage ne possède pas ce type de véhicule,Mon ménage ne possède pas ce type de véhicule,Mon ménage ne possède pas ce type de véhicule,Mon ménage ne possède pas ce type de véhicule,"Oui, permis B",,Moins de 5 minutes,Il n'en existe pas à proximité de mon domicile,Il n'en existe pas à proximité de mon domicile,Entre 10 et 15 minutes,Oui,Non,"Oui, tout le temps",Oui,2 à 3 fois par mois,Tous les jours ou presque,Moins d'une fois par mois,Jamais,,,,Jamais,Jamais,2 à 3 fois par semaine,Jamais,Jamais,2 à 3 fois par semaine,,,,,,,,,,,,,,,,Le service est trop cher,Je préfère d'autres moyens de transport,,,,,,,,,,,Exceptionnellement,Exceptionnellement,Exceptionnellement,Jamais,Jamais,Exceptionnellement,Exceptionnellement,Exceptionnellement,Jamais,Exceptionnellement,Jamais,Ça me permet de me déplacer plus facilement en tant que personne à mobilité réduite,Service de meilleur rapport qualité/prix par rapport aux taxis,Service de meilleure qualité par rapport à d'autres moyens de transport,,Déplacement pour raison médicale remboursé par l’assurance maladie,Embarquement d’un vélo ou d’un autre équipement encombrant,"Aide au déménagement, pour le transport de mes effets personnels",,,,,,,,,,,,J'utiliserai davantage une voiture ou un deux-roues motorisé personnel(le),,Oui,Plutôt pas d'accord,Plutôt pas d'accord,Plutôt pas d'accord,Plutôt d'accord,Plutôt d'accord,Plutôt d'accord,Plutôt pas d'accord,Plutôt pas d'accord,Plutôt pas d'accord,Je ne sais pas,Aire urbaine de 100 000 à 200 000 habitants,Dans la ville-centre d'une agglomération,,Aussi bien desservie,Oui,J'ignorerai les restrictions,,,,De 1 000 € à 2 000 €,Ouvrier.ère,50-59 ans,Aire urbaine de Paris,1.022371183
Une femme,,43,Baccalauréat,,Actif.ve à temps partiel (-32 h / semaine),"Artisan.e, Commerçant.e, Chef.fe d'entreprise",En couple avec enfant(s),,4.0,2.0,1.0,Il y a plus de 12 mois,Non,Agglomération parisienne,,Non,,,50,Elevé,70,Elevé,2,Mon ménage ne possède pas ce type de véhicule,Mon ménage ne possède pas ce type de véhicule,1,Mon ménage ne possède pas ce type de véhicule,1,Mon ménage ne possède pas ce type de véhicule,"Oui, permis B",,Entre 5 et 10 minutes,Il n'en existe pas à proximité de mon domicile,Il n'en existe pas à proximité de mon domicile,Entre 5 et 10 minutes,Non,Non,"Oui, seulement à certaines périodes de l'année",Oui,2 à 3 fois par mois,Tous les jours ou presque,1 fois par semaine,1 fois par mois,,,2 à 3 fois par mois,Jamais,Jamais,1 fois par mois,Moins d'une fois par mois,Moins d'une fois par mois,Moins d'une fois par mois,Rejoindre ou quitter une gare/un aéroport/une station de transports en commun,,Entre 20 et 25 €,Entre 15 et 20 minutes,"Les transports en commun (métro, tram, bus, RER)",,,,Oui,Un taxi,,C'était moins cher,,,,,,,,Je préfère le taxi,Je n'apprécie pas les marques de VTC,,,,,,,Exceptionnellement,Jamais,Jamais,Jamais,Jamais,Jamais,Exceptionnellement,Jamais,Jamais,Jamais,Exceptionnellement,Si aucune autre offre de transport n'est disponible seulement,,,,Equipement en sièges pour enfants,"Aide au déménagement, pour le transport de mes effets personnels",,,Il y a moins de 12 mois,,,,,,Rejoindre ou quitter une gare/un aéroport/une station de transports en commun,,Entre 25 et 30 €,Entre 15 et 20 minutes,J'utiliserai davantage les transports en commun,,Non,,,,,,,,,,Non,,,,,Je ne sais pas,,,,,De 2 000 € à 3 000 €,"Artisan.e, Commerçant.e, Chef.fe d'entreprise",40-49 ans,Aire urbaine de moins de 100 000 habitants,0.798495503
Une femme,,51,Bac + 3 (Licence),,Actif.ve à temps plein (+32 h / semaine),"Cadre, Profession intellectuelle supérieure",Seul.e avec enfant(s),,2.0,1.0,0.0,Il y a moins de 12 mois,Non,Agglomération parisienne,,Non,,,10,Adéquat,30,Elevé,1,Mon ménage ne possède pas ce type de véhicule,Mon ménage ne possède pas ce type de véhicule,Mon ménage ne possède pas ce type de véhicule,Mon ménage ne possède pas ce type de véhicule,Mon ménage ne possède pas ce type de véhicule,Mon ménage ne possède pas ce type de véhicule,"Oui, permis B",,Entre 10 et 15 minutes,Il n'en existe pas à proximité de mon domicile,Il n'en existe pas à proximité de mon domicile,Il n'en existe pas à proximité de mon domicile,Je ne réside pas dans un lieu pourvu d'un réseau de transports en commun,Non,Non,Non,Moins d'une fois par mois,Tous les jours ou presque,2 à 3 fois par semaine,Moins d'une fois par mois,,,,Jamais,Jamais,Moins d'une fois par mois,Jamais,Moins d'une fois par mois,2 à 3 fois par semaine,Déplacement professionnel,,Entre 20 et 25 €,Entre 20 et 30 minutes,"Le train (TER, Intercités, TGV)",,,,Je ne sais pas,,,,,,,,,,,Le service n’est pas disponible dans les lieux que je fréquente ou que j'ai fréquentés,,,,,,,,Souvent,Souvent,Souvent,Souvent,Souvent,Souvent,Souvent,Souvent,Souvent,Souvent,Souvent,Service de meilleure qualité par rapport à d'autres moyens de transport,Ça me permet de me déplacer avec mon animal de compagnie,Ça me permet de me déplacer plus facilement en tant que personne à mobilité réduite,,Transport de personnes à mobilité réduite (PMR) ou en situation de handicap,Acceptation des animaux à bord,Déplacement pour raison médicale remboursé par l’assurance maladie,,,,,,,,,,,,J'utiliserai davantage les services de taxi ou de VTC,,Non,,,,,,,,,,Oui,Aire urbaine de moins de 100 000 habitants,Autre,Campagne,Aussi bien desservie,Je ne sais pas,,,,,De 2 000 € à 3 000 €,"Cadre, Profession intellectuelle supérieure",50-59 ans,Aire urbaine de plus de 200 000 habitants (hors Paris),0.842847938
Une femme,,34,"CAP, BEP",,Actif.ve à temps plein (+32 h / semaine),Ouvrier.ère,En couple avec enfant(s),,3.0,1.0,1.0,Je n'en ai jamais utilisé,,,,,,,20,Elevé,20,Elevé,2,Mon ménage ne possède pas ce type de véhicule,Mon ménage ne possède pas ce type de véhicule,Mon ménage ne possède pas ce type de véhicule,Mon ménage ne possède pas ce type de véhicule,1,Mon ménage ne possède pas ce type de véhicule,"Oui, permis B",,Entre 5 et 10 minutes,Il n'en existe pas à proximité de mon domicile,Il n'en existe pas à proximité de mon domicile,Entre 15 et 20 minutes,Non,Non,"Oui, tout le temps",Oui,1 fois par mois,Tous les jours ou presque,Tous les jours ou presque,Jamais,,,,Jamais,Jamais,Jamais,Jamais,Jamais,Moins d'une fois par mois,,,,,,,,,,,,,,,,Autre,,,Pas eu besoin étant véhiculé,,,,,,,,,Jamais,Exceptionnellement,Jamais,Jamais,Jamais,Jamais,Jamais,Jamais,Jamais,Jamais,Jamais,Autre,,,Alcoolémie,Autre,,,Alcoolémie,,,,,,,,,,,Je n'envisage pas de changements particuliers,,Non,,,,,,,,,,Non,,,,,Je ne sais pas,,,,,Je ne souhaite pas répondre,Ouvrier.ère,30-39 ans,Aire urbaine entre 100 000 et 200 000 habitants,0.678409009
Une femme,,59,"CAP, BEP",,Actif.ve à temps partiel (-32 h / semaine),Ouvrier.ère,Seul.e sans enfant,,,,,Je n'en ai jamais utilisé,,,,,,,15,Adéquat,25,Elevé,1,Mon ménage ne possède pas ce type de véhicule,Mon ménage ne possède pas ce type de véhicule,Mon ménage ne possède pas ce type de véhicule,Mon ménage ne possède pas ce type de véhicule,Mon ménage ne possède pas ce type de véhicule,Mon ménage ne possède pas ce type de véhicule,"Oui, permis A (motos et scooters)","Oui, permis B",Moins de 5 minutes,Moins de 5 minutes,Entre 5 et 10 minutes,Entre 5 et 10 minutes,Non,Non,"Oui, tout le temps",Oui,2 à 3 fois par semaine,2 à 3 fois par semaine,Moins d'une fois par mois,Jamais,,Jamais,,Jamais,Jamais,2 à 3 fois par mois,Moins d'une fois par mois,Jamais,Moins d'une fois par mois,,,,,,,,,,,,,,,,Je préfère d'autres moyens de transport,,,,,,,,,,,,Jamais,Jamais,Jamais,Jamais,Exceptionnellement,Exceptionnellement,Exceptionnellement,Exceptionnellement,Jamais,Exceptionnellement,Jamais,Si aucune autre offre de transport n'est disponible seulement,,,,Aucun service supplémentaire,,,,,,,,,,,,,,Je n'envisage pas de changements particuliers,,Non,,,,,,,,,,Je ne sais pas,Hors aire urbaine (zones rurales),,,Moins bien desservie,Oui,Je ne serai pas concerné par les restrictions,,,,De 1 000 € à 2 000 €,Ouvrier.ère,50-59 ans,Aire urbaine de plus de 200 000 habitants (hors Paris),0.997133383
Une femme,,47,Bac + 5 (Master),,Actif.ve à temps plein (+32 h / semaine),"Cadre, Profession intellectuelle supérieure",Seul.e avec enfant(s),,3.0,2.0,1.0,Je n'en ai jamais utilisé,,,,,,,15,Adéquat,25,Adéquat,1,Mon ménage ne possède pas ce type de véhicule,Mon ménage ne possède pas ce type de véhicule,3 ou plus,Mon ménage ne possède pas ce type de véhicule,Mon ménage ne possède pas ce type de véhicule,Mon ménage ne possède pas ce type de véhicule,"Oui, permis A (motos et scooters)","Oui, permis B",Entre 5 et 10 minutes,Il n'en existe pas à proximité de mon domicile,Il n'en existe pas à proximité de mon domicile,Plus de 20 minutes,Non,Non,Je ne sais pas,Oui,Tous les jours ou presque,Tous les jours ou presque,Jamais,Jamais,,Jamais,Tous les jours ou presque,Jamais,Jamais,Jamais,Jamais,Jamais,Tous les jours ou presque,,,,,,,,,,,,,,,,Le service est trop cher,,,,,,,,,,,,Jamais,Jamais,Jamais,Jamais,Jamais,Exceptionnellement,Exceptionnellement,Jamais,Jamais,Jamais,Jamais,Service de meilleur rapport qualité/prix par rapport aux taxis,,,,Acceptation des animaux à bord,Déplacement pour raison médicale remboursé par l’assurance maladie,Embarquement d’un vélo ou d’un autre équipement encombrant,,,,,,,,,,,,J'utiliserai davantage le vélo ou marcherai plus,,Non,,,,,,,,,,Oui,Aire urbaine de 100 000 à 200 000 habitants,En zone périurbaine d'une agglomération,,Moins bien desservie,Non,,,,,De 4 000 à 5 000 €,"Cadre, Profession intellectuelle supérieure",40-49 ans,Aire urbaine de Paris,0.766243219
Une femme,,39,Bac + 3 (Licence),,Sans activité professionnelle,,Seul.e avec enfant(s),,3.0,2.0,2.0,Je n'en ai jamais utilisé,,,,,,,50,Très élevé,20,Très élevé,1,Mon ménage ne possède pas ce type de véhicule,Mon ménage ne possède pas ce type de véhicule,Mon ménage ne possède pas ce type de véhicule,Mon ménage ne possède pas ce type de véhicule,Mon ménage ne possède pas ce type de véhicule,Mon ménage ne possède pas ce type de véhicule,"Oui, permis A (motos et scooters)",,Entre 5 et 10 minutes,Il n'en existe pas à proximité de mon domicile,Il n'en existe pas à proximité de mon domicile,Plus de 20 minutes,Je ne réside pas dans un lieu pourvu d'un réseau de transports en commun,Non,Non,Oui,Moins d'une fois par mois,,2 à 3 fois par semaine,,,Jamais,,Jamais,Jamais,Jamais,Jamais,Jamais,1 fois par mois,,,,,,,,,,,,,,,,Le service n’est pas disponible dans les lieux que je fréquente ou que j'ai fréquentés,Le service est trop cher,,,,,,,,,,,Jamais,Jamais,Jamais,Jamais,Jamais,Jamais,Jamais,Jamais,Jamais,Jamais,Jamais,Si aucune autre offre de transport n'est disponible seulement,Autre,,non concernée,"Aide au déménagement, pour le transport de mes effets personnels",Déplacement pour raison médicale remboursé par l’assurance maladie,,,,,,,,,,,,,J'utiliserai davantage une voiture ou un deux-roues motorisé personnel(le),,Non,,,,,,,,,,Non,,,,,Non,,,,,De 2 000 € à 3 000 €,Inactifs et autres (hors retraités),30-39 ans,Aire urbaine de moins de 100 000 habitants,0.919793855
Une femme,,45,Baccalauréat,,Actif.ve à temps plein (+32 h / semaine),Employé.e,En couple avec enfant(s),,4.0,3.0,0.0,Je n'en ai jamais utilisé,,,,,,,30,Très élevé,25,Elevé,2,Mon ménage ne possède pas ce type de véhicule,1,3 ou plus,Mon ménage ne possède pas ce type de véhicule,Mon ménage ne possède pas ce type de véhicule,Mon ménage ne possède pas ce type de véhicule,"Oui, permis B",,Moins de 5 minutes,Il n'en existe pas à proximité de mon domicile,Il n'en existe pas à proximité de mon domicile,Entre 15 et 20 minutes,Non,Non,Non,Oui,1 fois par semaine,Tous les jours ou presque,2 à 3 fois par mois,Jamais,,,Jamais,Jamais,Jamais,Moins d'une fois par mois,Jamais,Jamais,Jamais,,,,,,,,,,,,,,,,Le service n’est pas disponible dans les lieux que je fréquente ou que j'ai fréquentés,Autre,,Ma propre voiture,,,,,,,,,Jamais,Jamais,Jamais,Jamais,Jamais,Jamais,Jamais,Jamais,Jamais,Jamais,Jamais,Si aucune autre offre de transport n'est disponible seulement,,,,Aucun service supplémentaire,Equipement en sièges pour enfants,,,,,,,,,,,,,Je n'envisage pas de changements particuliers,,Non,,,,,,,,,,Non,,,,,Non,,,,,Je ne souhaite pas répondre,Employé.e,40-49 ans,Aire urbaine entre 100 000 et 200 000 habitants,0.650103334
Une femme,,38,"Bac +2 (BTS, DUT)",,Actif.ve à temps plein (+32 h / semaine),"Artisan.e, Commerçant.e, Chef.fe d'entreprise",En couple avec enfant(s),,4.0,2.0,2.0,Il y a plus de 12 mois,Oui,,,Oui,Uber,,50,Très élevé,75,Très élevé,3 ou plus,Mon ménage ne possède pas ce type de véhicule,Mon ménage ne possède pas ce type de véhicule,2,3 ou plus,3 ou plus,Mon ménage ne possède pas ce type de véhicule,"Oui, permis B",,Entre 5 et 10 minutes,Il n'en existe pas à proximité de mon domicile,Il n'en existe pas à proximité de mon domicile,Entre 15 et 20 minutes,Non,Non,Je ne sais pas,Je ne sais pas,2 à 3 fois par semaine,Tous les jours ou presque,1 fois par semaine,Moins d'une fois par mois,,,Tous les jours ou presque,Jamais,Jamais,Moins d'une fois par mois,Jamais,Jamais,2 à 3 fois par mois,Rejoindre ou quitter une gare/un aéroport/une station de transports en commun,,Plus de 35 €,Entre 20 et 30 minutes,"Le train (TER, Intercités, TGV)",,,,Oui,Un taxi,,Autre,C'était moins cher,,Personne de mon entourage n'était disponible pour nous y amener,,,,,Le service est trop cher,,,,,,,,Jamais,Jamais,Jamais,Jamais,Jamais,Souvent,Souvent,Jamais,Jamais,Jamais,Jamais,Ça me permet de me déplacer facilement avec des proches,Service de meilleur rapport qualité/prix par rapport aux taxis,,,Equipement en sièges pour enfants,Embarquement d’un vélo ou d’un autre équipement encombrant,,,,,,,,,,,,,J'utiliserai davantage le vélo ou marcherai plus,,Oui,Plutôt pas d'accord,Plutôt d'accord,Tout à fait d'accord,Plutôt pas d'accord,Plutôt pas d'accord,Pas d'accord du tout,Plutôt d'accord,Pas d'accord du tout,Pas d'accord du tout,Je ne sais pas,Aire urbaine de plus de 200 000 habitants (hors aire urbaine de Paris),En zone périurbaine d'une agglomération,,Moins bien desservie,Je ne sais pas,,,,,De 5 000 € à 6 000 €,"Artisan.e, Commerçant.e, Chef.fe d'entreprise",30-39 ans,Aire urbaine de Paris,0.769934728
Un homme,,44,Brevet des collèges,,Actif.ve à temps plein (+32 h / semaine),Ouvrier.ère,En couple avec enfant(s),,3.0,1.0,1.0,Je n'en ai jamais utilisé,,,,,,,20,Très élevé,50,Très élevé,2,Mon ménage ne possède pas ce type de véhicule,Mon ménage ne possède pas ce type de véhicule,Mon ménage ne possède pas ce type de véhicule,Mon ménage ne possède pas ce type de véhicule,Mon ménage ne possède pas ce type de véhicule,Mon ménage ne possède pas ce type de véhicule,"Oui, permis B",,Entre 5 et 10 minutes,Entre 5 et 10 minutes,Il n'en existe pas à proximité de mon domicile,Plus de 20 minutes,Non,Non,Je ne sais pas,Oui,1 fois par semaine,Tous les jours ou presque,Jamais,Jamais,,,,Jamais,Jamais,Jamais,Jamais,Jamais,Jamais,,,,,,,,,,,,,,,,Le service est trop cher,Je préfère d'autres moyens de transport,C'est trop compliqué à utiliser,,,,,,,,,,Jamais,Jamais,Jamais,Jamais,Jamais,Jamais,Jamais,Jamais,Jamais,Jamais,Jamais,Service de meilleur rapport qualité/prix par rapport aux taxis,Service de meilleure qualité par rapport à d'autres moyens de transport,Si aucune autre offre de transport n'est disponible seulement,,Embarquement d’un vélo ou d’un autre équipement encombrant,Acceptation des animaux à bord,Déplacement pour raison médicale remboursé par l’assurance maladie,,,,,,,,,,,,Je n'envisage pas de changements particuliers,,Non,,,,,,,,,,Non,,,,,Non,,,,,De 3 000 à 4 000 €,Ouvrier.ère,40-49 ans,Aire urbaine de plus de 200 000 habitants (hors Paris),1.047608256
Une femme,,24,Bac + 5 (Master),,Actif.ve à temps plein (+32 h / semaine),Profession intermédiaire,Autre,Avec ma mère,2.0,0.0,0.0,Il y a moins de 12 mois,Non,Agglomération parisienne,,Oui,Uber,,30,Elevé,50,Très élevé,2,Mon ménage ne possède pas ce type de véhicule,Mon ménage ne possède pas ce type de véhicule,1,Mon ménage ne possède pas ce type de véhicule,Mon ménage ne possède pas ce type de véhicule,Mon ménage ne possède pas ce type de véhicule,"Oui, permis B",,Moins de 5 minutes,Plus de 20 minutes,Il n'en existe pas à proximité de mon domicile,Entre 10 et 15 minutes,Non,Non,"Oui, tout le temps",Oui,Tous les jours ou presque,2 à 3 fois par semaine,1 fois par semaine,Jamais,,,Jamais,Jamais,Jamais,2 à 3 fois par semaine,Jamais,Moins d'une fois par mois,Tous les jours ou presque,"Faire une sortie de loisir ou culturelle (restaurant, boîte de nuit, complexe sportif, musée, plage…)",,Entre 5 et 10 €,Entre 10 et 15 minutes,"Les transports en commun (métro, tram, bus, RER)",,,,Oui,La marche à pied,,C'était plus rapide,"C'était plus sûr (pour arriver à l'heure, pour arriver sans me perdre...)","C’était plus pratique (j’avais des bagages, …)",,,,,,Je préfère d’autres moyens de transport,Le service est trop cher,Autre,je n'en n'ai pas l'utilité,,,,,Jamais,Exceptionnellement,Jamais,Exceptionnellement,Exceptionnellement,Exceptionnellement,Exceptionnellement,Jamais,Jamais,Exceptionnellement,Jamais,Si aucune autre offre de transport n'est disponible seulement,,,,Acceptation des animaux à bord,,,,,,,,,,,,,,Je n'envisage pas de changements particuliers,,Oui,Plutôt pas d'accord,Plutôt pas d'accord,Plutôt pas d'accord,Plutôt pas d'accord,Tout à fait d'accord,Plutôt d'accord,Tout à fait d'accord,Pas d'accord du tout,Plutôt pas d'accord,Non,,,,,Non,,,,,De 2 000 € à 3 000 €,Profession intermédiaire,18-29 ans,Aire urbaine de Paris,0.814796016
