model,dataset,question,agent_id,response,accuracy,relevance,coherence,completeness,fluency
gemma2:9b,data_pmus_yaounde,centre ville,Agent_0,YAOUNDE,4,3,4,4,4
gemma2:9b,data_pmus_yaounde,q1_1,Agent_0,UN QUARTIER DE LA VILLE DE YAOUNDE,4,3,4,4,4
gemma2:9b,data_pmus_yaounde,q1_1_a,Agent_0,ABIT,4,3,4,4,4
gemma2:9b,data_pmus_yaounde,q1_1_b,Agent_0,10EME ARRET,4,3,4,4,4
gemma2:9b,data_pmus_yaounde,q1_1_c,Agent_0,NKOA MBANG,4,3,4,4,4
gemma2:9b,data_pmus_yaounde,q1_2,Agent_0,UN QUARTIER DE LA VILLE DE YAOUNDE,4,3,4,4,4
gemma2:9b,data_pmus_yaounde,q1_2_a,Agent_0,CARREFOUR LUMIERE,4,3,4,4,4
gemma2:9b,data_pmus_yaounde,q1_2_b,Agent_0,10 IEME ARRET,4,3,4,4,4
gemma2:9b,data_pmus_yaounde,q1_3_c,Agent_0,YAOUNDE,4,3,4,4,4
gemma2:9b,data_pmus_yaounde,q2_1,Agent_0,A PIED,4,3,4,4,4
gemma2:9b,data_pmus_yaounde,q2_2_1,Agent_0,,2,1,2,1,3
gemma2:9b,data_pmus_yaounde,q2_2_2,Agent_0,A PIED,4,3,4,4,4
gemma2:9b,data_pmus_yaounde,q2_3_1,Agent_0,AUCUN,4,3,4,4,4
gemma2:9b,data_pmus_yaounde,q2_3_2,Agent_0,AUCUN,4,3,4,4,4
gemma2:9b,data_pmus_yaounde,q2_3,Agent_0,NON,5,4,5,4,4
gemma2:9b,data_pmus_yaounde,q2_4,Agent_0,A PIED,4,3,4,4,4
gemma2:9b,data_pmus_yaounde,q2_5_1,Agent_0,A B0NAS,4,3,4,4,4
gemma2:9b,data_pmus_yaounde,q2_5_2,Agent_0,0MPHINE,4,3,4,4,4
gemma2:9b,data_pmus_yaounde,q2_6_1,Agent_0,ABATTOIR,4,3,4,4,4
gemma2:9b,data_pmus_yaounde,q2_6_2,Agent_0,11EME ARRET,4,3,4,4,4
gemma2:9b,data_pmus_yaounde,q3_1,Agent_0,NON,5,4,5,4,4
gemma2:9b,data_pmus_yaounde,q3_2,Agent_0,A PIED,4,3,4,4,4
gemma2:9b,data_pmus_yaounde,q3_3_1,Agent_0,,2,1,2,1,3
gemma2:9b,data_pmus_yaounde,q3_3_2,Agent_0,,2,1,2,1,3
gemma2:9b,data_pmus_yaounde,q4_1_a,Agent_0,Veuillez indiquer depuis combien de temps vous attendez.,5,5,5,5,5
gemma2:9b,data_pmus_yaounde,q4_1_b,Agent_0,MOINS DE 5 MIN,4,3,4,4,4
gemma2:9b,data_pmus_yaounde,q4_2_a,Agent_0,Veuillez indiquer depuis combien de temps vous attendez.,5,5,5,5,5
gemma2:9b,data_pmus_yaounde,q4_2_b,Agent_0,30 60 MIN,4,3,4,4,4
gemma2:9b,data_pmus_yaounde,q4_3,Agent_0,2300,4,3,4,4,4
gemma2:9b,data_pmus_yaounde,q4_4,Agent_0,COURSES,4,3,4,4,4
gemma2:9b,data_pmus_yaounde,q4_4_autres,Agent_0,FAIRE DES ACHATS,4,3,4,4,4
gemma2:9b,data_pmus_yaounde,q5_1,Agent_0,ENTRE 18 ET 25 ANS,4,3,4,4,4
gemma2:9b,data_pmus_yaounde,q5_2,Agent_0,ENTRE 30 001 ET 100 000,4,3,4,4,4
gemma2:9b,data_pmus_yaounde,q5_3,Agent_0,HOMME,4,3,4,4,4
gemma2:9b,data_pmus_yaounde,centre ville,Agent_1,YAOUNDE,4,3,4,4,4
gemma2:9b,data_pmus_yaounde,q1_1,Agent_1,UN QUARTIER DE LA VILLE DE YAOUNDE,4,3,4,4,4
gemma2:9b,data_pmus_yaounde,q1_1_a,Agent_1,MBAM ET KIM,4,3,4,4,4
gemma2:9b,data_pmus_yaounde,q1_1_b,Agent_1,10EME ARRET,4,3,4,4,4
gemma2:9b,data_pmus_yaounde,q1_1_c,Agent_1,AFANOYA,4,3,4,4,4
gemma2:9b,data_pmus_yaounde,q1_2,Agent_1,UN QUARTIER DE LA VILLE DE YAOUNDE,4,3,4,4,4
gemma2:9b,data_pmus_yaounde,q1_2_a,Agent_1,ODZA,4,3,4,4,4
gemma2:9b,data_pmus_yaounde,q1_2_b,Agent_1,ODZA HAPPY,4,3,4,4,4
gemma2:9b,data_pmus_yaounde,q1_3_c,Agent_1,YAOUNDE,4,3,4,4,4
gemma2:9b,data_pmus_yaounde,q2_1,Agent_1,PAR TAXI,4,3,4,4,4
gemma2:9b,data_pmus_yaounde,q2_2_1,Agent_1,2 CHEVEAU,4,3,4,4,4
gemma2:9b,data_pmus_yaounde,q2_2_2,Agent_1,10 E ARRET,4,3,4,4,4
gemma2:9b,data_pmus_yaounde,q2_3_1,Agent_1,0LESOA,4,3,4,4,4
gemma2:9b,data_pmus_yaounde,q2_3_2,Agent_1,CARREFOURDES CARREAUX,4,3,4,4,4
gemma2:9b,data_pmus_yaounde,q2_3,Agent_1,NON,5,4,5,4,4
gemma2:9b,data_pmus_yaounde,q2_4,Agent_1,PAR TAXI,4,3,4,4,4
gemma2:9b,data_pmus_yaounde,q2_5_1,Agent_1,ODZA,4,3,4,4,4
gemma2:9b,data_pmus_yaounde,q2_5_2,Agent_1,0MPHINE,4,3,4,4,4
gemma2:9b,data_pmus_yaounde,q2_6_1,Agent_1,CARREFOUR,4,3,4,4,4
gemma2:9b,data_pmus_yaounde,q2_6_2,Agent_1,CARREFOUR,4,3,4,4,4
gemma2:9b,data_pmus_yaounde,q3_1,Agent_1,NON,5,4,5,4,4
gemma2:9b,data_pmus_yaounde,q3_2,Agent_1,PAR TAXI,4,3,4,4,4
gemma2:9b,data_pmus_yaounde,q3_3_1,Agent_1,ACACIA,4,3,4,4,4
gemma2:9b,data_pmus_yaounde,q3_3_2,Agent_1,ACACIA,4,3,4,4,4
gemma2:9b,data_pmus_yaounde,q4_1_a,Agent_1,Veuillez indiquer depuis combien de temps vous attendez.,5,5,5,5,5
gemma2:9b,data_pmus_yaounde,q4_1_b,Agent_1,MOINS DE 5 MIN,4,3,4,4,4
gemma2:9b,data_pmus_yaounde,q4_2_a,Agent_1,Veuillez indiquer depuis combien de temps vous attendez.,5,5,5,5,5
gemma2:9b,data_pmus_yaounde,q4_2_b,Agent_1,30 60 MIN,4,3,4,4,4
gemma2:9b,data_pmus_yaounde,q4_3,Agent_1,2100,4,3,4,4,4
gemma2:9b,data_pmus_yaounde,q4_4,Agent_1,VISITE FAMILLE,4,3,4,4,4
gemma2:9b,data_pmus_yaounde,q4_4_autres,Agent_1,ACHAT,4,3,4,4,4
gemma2:9b,data_pmus_yaounde,q5_1,Agent_1,ENTRE 26 ET 35 ANS,4,3,4,4,4
gemma2:9b,data_pmus_yaounde,q5_2,Agent_1,ENTRE 300 001 ET 500 000,4,3,4,4,4
gemma2:9b,data_pmus_yaounde,q5_3,Agent_1,HOMME,4,3,4,4,4
gemma2:9b,data_pmus_yaounde,centre ville,Agent_2,YAOUNDE,4,3,4,4,4
gemma2:9b,data_pmus_yaounde,q1_1,Agent_2,UN QUARTIER DE LA VILLE DE YAOUNDE,4,3,4,4,4
gemma2:9b,data_pmus_yaounde,q1_1_a,Agent_2,ABIT,4,3,4,4,4
gemma2:9b,data_pmus_yaounde,q1_1_b,Agent_2,COLLEGE MAGBE,4,3,4,4,4
gemma2:9b,data_pmus_yaounde,q1_1_c,Agent_2,NKOASSI,4,3,4,4,4
gemma2:9b,data_pmus_yaounde,q1_2,Agent_2,UN QUARTIER DE LA VILLE DE YAOUNDE,4,3,4,4,4
gemma2:9b,data_pmus_yaounde,q1_2_a,Agent_2,NLONGKAK,4,3,4,4,4
gemma2:9b,data_pmus_yaounde,q1_2_b,Agent_2,IMEUBLE MTN,4,3,4,4,4
gemma2:9b,data_pmus_yaounde,q1_3_c,Agent_2,AFANOYA,4,3,4,4,4
gemma2:9b,data_pmus_yaounde,q2_1,Agent_2,A PIED,4,3,4,4,4
gemma2:9b,data_pmus_yaounde,q2_2_1,Agent_2,NGOUSSO,4,3,4,4,4
gemma2:9b,data_pmus_yaounde,q2_2_2,Agent_2,10 E ARRET,4,3,4,4,4
gemma2:9b,data_pmus_yaounde,q2_3_1,Agent_2,NGOUSSO,4,3,4,4,4
gemma2:9b,data_pmus_yaounde,q2_3_2,Agent_2,0NANA,4,3,4,4,4
gemma2:9b,data_pmus_yaounde,q2_3,Agent_2,NON,5,4,5,4,4
gemma2:9b,data_pmus_yaounde,q2_4,Agent_2,PAR BUS STACY,4,3,4,4,4
gemma2:9b,data_pmus_yaounde,q2_5_1,Agent_2,NGOUSSO,4,3,4,4,4
gemma2:9b,data_pmus_yaounde,q2_5_2,Agent_2,NGOUSSO,4,3,4,4,4
gemma2:9b,data_pmus_yaounde,q2_6_1,Agent_2,NGOUSSO,4,3,4,4,4
gemma2:9b,data_pmus_yaounde,q2_6_2,Agent_2,11EME ARRET,4,3,4,4,4
gemma2:9b,data_pmus_yaounde,q3_1,Agent_2,NON,5,4,5,4,4
gemma2:9b,data_pmus_yaounde,q3_2,Agent_2,PAR BUS STACY,4,3,4,4,4
gemma2:9b,data_pmus_yaounde,q3_3_1,Agent_2,NGOUSSO,4,3,4,4,4
gemma2:9b,data_pmus_yaounde,q3_3_2,Agent_2,10 IEME ARRET,4,3,4,4,4
gemma2:9b,data_pmus_yaounde,q4_1_a,Agent_2,Veuillez indiquer depuis combien de temps vous attendez.,5,5,5,5,5
gemma2:9b,data_pmus_yaounde,q4_1_b,Agent_2,MOINS DE 5 MIN,4,3,4,4,4
gemma2:9b,data_pmus_yaounde,q4_2_a,Agent_2,Veuillez indiquer depuis combien de temps vous attendez.,5,5,5,5,5
gemma2:9b,data_pmus_yaounde,q4_2_b,Agent_2,30 60 MIN,4,3,4,4,4
gemma2:9b,data_pmus_yaounde,q4_3,Agent_2,2800,4,3,4,4,4
gemma2:9b,data_pmus_yaounde,q4_4,Agent_2,AUTRES,4,3,4,4,4
gemma2:9b,data_pmus_yaounde,q4_4_autres,Agent_2,ACHAT,4,3,4,4,4
gemma2:9b,data_pmus_yaounde,q5_1,Agent_2,MOINS DE 18 ANS,4,3,4,4,4
gemma2:9b,data_pmus_yaounde,q5_2,Agent_2,MOINS DE 30 000,4,3,4,4,4
gemma2:9b,data_pmus_yaounde,q5_3,Agent_2,FEMME,4,3,4,4,4
gemma2:9b,data_pmus_yaounde,centre ville,Agent_3,YAOUNDE,4,3,4,4,4
gemma2:9b,data_pmus_yaounde,q1_1,Agent_3,UN QUARTIER DE LA VILLE DE YAOUNDE,4,3,4,4,4
gemma2:9b,data_pmus_yaounde,q1_1_a,Agent_3,ABIT,4,3,4,4,4
gemma2:9b,data_pmus_yaounde,q1_1_b,Agent_3,10EME ARRET,4,3,4,4,4
gemma2:9b,data_pmus_yaounde,q1_1_c,Agent_3,,2,1,2,1,3
gemma2:9b,data_pmus_yaounde,q1_2,Agent_3,UN QUARTIER DE LA VILLE DE YAOUNDE,4,3,4,4,4
gemma2:9b,data_pmus_yaounde,q1_2_a,Agent_3,ONANA,4,3,4,4,4
gemma2:9b,data_pmus_yaounde,q1_2_b,Agent_3,ONANA,4,3,4,4,4
gemma2:9b,data_pmus_yaounde,q1_3_c,Agent_3,,2,1,2,1,3
gemma2:9b,data_pmus_yaounde,q2_1,Agent_3,A PIED,4,3,4,4,4
gemma2:9b,data_pmus_yaounde,q2_2_1,Agent_3,,2,1,2,1,3
gemma2:9b,data_pmus_yaounde,q2_2_2,Agent_3,,2,1,2,1,3
gemma2:9b,data_pmus_yaounde,q2_3_1,Agent_3,,2,1,2,1,3
gemma2:9b,data_pmus_yaounde,q2_3_2,Agent_3,,2,1,2,1,3
gemma2:9b,data_pmus_yaounde,q2_3,Agent_3,NON,5,4,5,4,4
gemma2:9b,data_pmus_yaounde,q2_4,Agent_3,A PIED,4,3,4,4,4
gemma2:9b,data_pmus_yaounde,q2_5_1,Agent_3,,2,1,2,1,3
gemma2:9b,data_pmus_yaounde,q2_5_2,Agent_3,,2,1,2,1,3
gemma2:9b,data_pmus_yaounde,q2_6_1,Agent_3,,2,1,2,1,3
gemma2:9b,data_pmus_yaounde,q2_6_2,Agent_3,,2,1,2,1,3
gemma2:9b,data_pmus_yaounde,q3_1,Agent_3,NON,5,4,5,4,4
gemma2:9b,data_pmus_yaounde,q3_2,Agent_3,A PIED,4,3,4,4,4
gemma2:9b,data_pmus_yaounde,q3_3_1,Agent_3,,2,1,2,1,3
gemma2:9b,data_pmus_yaounde,q3_3_2,Agent_3,,2,1,2,1,3
gemma2:9b,data_pmus_yaounde,q4_1_a,Agent_3,Veuillez indiquer depuis combien de temps vous attendez.,5,5,5,5,5
gemma2:9b,data_pmus_yaounde,q4_1_b,Agent_3,MOINS DE 5 MIN,4,3,4,4,4
gemma2:9b,data_pmus_yaounde,q4_2_a,Agent_3,Veuillez indiquer depuis combien de temps vous attendez.,5,5,5,5,5
gemma2:9b,data_pmus_yaounde,q4_2_b,Agent_3,30 60 MIN,4,3,4,4,4
gemma2:9b,data_pmus_yaounde,q4_3,Agent_3,750,4,3,4,4,4
gemma2:9b,data_pmus_yaounde,q4_4,Agent_3,TRAVAIL,4,3,4,4,4
gemma2:9b,data_pmus_yaounde,q4_4_autres,Agent_3,ACHAT,4,3,4,4,4
gemma2:9b,data_pmus_yaounde,q5_1,Agent_3,ENTRE 18 ET 25 ANS,4,3,4,4,4
gemma2:9b,data_pmus_yaounde,q5_2,Agent_3,MOINS DE 30 000,4,3,4,4,4
gemma2:9b,data_pmus_yaounde,q5_3,Agent_3,FEMME,4,3,4,4,4
gemma2:9b,data_pmus_yaounde,centre ville,Agent_4,YAOUNDE,4,3,4,4,4
gemma2:9b,data_pmus_yaounde,q1_1,Agent_4,UN QUARTIER DE LA VILLE DE YAOUNDE,4,3,4,4,4
gemma2:9b,data_pmus_yaounde,q1_1_a,Agent_4,MVOG BETSI,4,3,4,4,4
gemma2:9b,data_pmus_yaounde,q1_1_b,Agent_4,CARROSSEL NKONDENGUI,4,3,4,4,4
gemma2:9b,data_pmus_yaounde,q1_1_c,Agent_4,AFANOYA,4,3,4,4,4
gemma2:9b,data_pmus_yaounde,q1_2,Agent_4,UN QUARTIER DE LA VILLE DE YAOUNDE,4,3,4,4,4
gemma2:9b,data_pmus_yaounde,q1_2_a,Agent_4,GOLF,4,3,4,4,4
gemma2:9b,data_pmus_yaounde,q1_2_b,Agent_4,10 IEME ARRET,4,3,4,4,4
gemma2:9b,data_pmus_yaounde,q1_3_c,Agent_4,,2,1,2,1,3
gemma2:9b,data_pmus_yaounde,q2_1,Agent_4,A PIED,4,3,4,4,4
gemma2:9b,data_pmus_yaounde,q2_2_1,Agent_4,CARREFOUR GOLF,4,3,4,4,4
gemma2:9b,data_pmus_yaounde,q2_2_2,Agent_4,10 E ARRET,4,3,4,4,4
gemma2:9b,data_pmus_yaounde,q2_3_1,Agent_4,0LESOA,4,3,4,4,4
gemma2:9b,data_pmus_yaounde,q2_3_2,Agent_4,CARREFOUR,4,3,4,4,4
gemma2:9b,data_pmus_yaounde,q2_3,Agent_4,NON,5,4,5,4,4
gemma2:9b,data_pmus_yaounde,q2_4,Agent_4,PAR BUS STACY,4,3,4,4,4
gemma2:9b,data_pmus_yaounde,q2_5_1,Agent_4,A B0NAS,4,3,4,4,4
gemma2:9b,data_pmus_yaounde,q2_5_2,Agent_4,0MPHINE,4,3,4,4,4
gemma2:9b,data_pmus_yaounde,q2_6_1,Agent_4,CARREFOUR,4,3,4,4,4
gemma2:9b,data_pmus_yaounde,q2_6_2,Agent_4,CARREFOUR,4,3,4,4,4
gemma2:9b,data_pmus_yaounde,q3_1,Agent_4,NON,5,4,5,4,4
gemma2:9b,data_pmus_yaounde,q3_2,Agent_4,PAR BUS STACY,4,3,4,4,4
gemma2:9b,data_pmus_yaounde,q3_3_1,Agent_4,ACACIA,4,3,4,4,4
gemma2:9b,data_pmus_yaounde,q3_3_2,Agent_4,CARREFOUR,4,3,4,4,4
gemma2:9b,data_pmus_yaounde,q4_1_a,Agent_4,Veuillez indiquer depuis combien de temps vous attendez.,5,5,5,5,5
gemma2:9b,data_pmus_yaounde,q4_1_b,Agent_4,MOINS DE 5 MIN,4,3,4,4,4
gemma2:9b,data_pmus_yaounde,q4_2_a,Agent_4,Veuillez indiquer depuis combien de temps vous attendez.,5,5,5,5,5
gemma2:9b,data_pmus_yaounde,q4_2_b,Agent_4,30 60 MIN,4,3,4,4,4
gemma2:9b,data_pmus_yaounde,q4_3,Agent_4,1750,4,3,4,4,4
gemma2:9b,data_pmus_yaounde,q4_4,Agent_4,COURSES,4,3,4,4,4
gemma2:9b,data_pmus_yaounde,q4_4_autres,Agent_4,FAIRE DES ACHATS,4,3,4,4,4
gemma2:9b,data_pmus_yaounde,q5_1,Agent_4,ENTRE 18 ET 25 ANS,4,3,4,4,4
gemma2:9b,data_pmus_yaounde,q5_2,Agent_4,MOINS DE 30 000,4,3,4,4,4
gemma2:9b,data_pmus_yaounde,q5_3,Agent_4,FEMME,4,3,4,4,4
gemma2:9b,data_pmus_yaounde,centre ville,Agent_5,YAOUNDE,4,3,4,4,4
gemma2:9b,data_pmus_yaounde,q1_1,Agent_5,UN QUARTIER DE LA VILLE DE YAOUNDE,4,3,4,4,4
gemma2:9b,data_pmus_yaounde,q1_1_a,Agent_5,ETETAK,4,3,4,4,4
gemma2:9b,data_pmus_yaounde,q1_1_b,Agent_5,10EME ARRET,4,3,4,4,4
gemma2:9b,data_pmus_yaounde,q1_1_c,Agent_5,,2,1,2,1,3
gemma2:9b,data_pmus_yaounde,q1_2,Agent_5,UN QUARTIER DE LA VILLE DE YAOUNDE,4,3,4,4,4
gemma2:9b,data_pmus_yaounde,q1_2_a,Agent_5,ETETAK,4,3,4,4,4
gemma2:9b,data_pmus_yaounde,q1_2_b,Agent_5,10 IEME ARRET,4,3,4,4,4
gemma2:9b,data_pmus_yaounde,q1_3_c,Agent_5,,2,1,2,1,3
gemma2:9b,data_pmus_yaounde,q2_1,Agent_5,A PIED,4,3,4,4,4
gemma2:9b,data_pmus_yaounde,q2_2_1,Agent_5,,2,1,2,1,3
gemma2:9b,data_pmus_yaounde,q2_2_2,Agent_5,,2,1,2,1,3
gemma2:9b,data_pmus_yaounde,q2_3_1,Agent_5,,2,1,2,1,3
gemma2:9b,data_pmus_yaounde,q2_3_2,Agent_5,,2,1,2,1,3
gemma2:9b,data_pmus_yaounde,q2_3,Agent_5,NON,5,4,5,4,4
gemma2:9b,data_pmus_yaounde,q2_4,Agent_5,A PIED,4,3,4,4,4
gemma2:9b,data_pmus_yaounde,q2_5_1,Agent_5,,2,1,2,1,3
gemma2:9b,data_pmus_yaounde,q2_5_2,Agent_5,,2,1,2,1,3
gemma2:9b,data_pmus_yaounde,q2_6_1,Agent_5,,2,1,2,1,3
gemma2:9b,data_pmus_yaounde,q2_6_2,Agent_5,,2,1,2,1,3
gemma2:9b,data_pmus_yaounde,q3_1,Agent_5,NON,5,4,5,4,4
gemma2:9b,data_pmus_yaounde,q3_2,Agent_5,A PIED,4,3,4,4,4
gemma2:9b,data_pmus_yaounde,q3_3_1,Agent_5,,2,1,2,1,3
gemma2:9b,data_pmus_yaounde,q3_3_2,Agent_5,,2,1,2,1,3
gemma2:9b,data_pmus_yaounde,q4_1_a,Agent_5,Veuillez indiquer depuis combien de temps vous attendez.,5,5,5,5,5
gemma2:9b,data_pmus_yaounde,q4_1_b,Agent_5,MOINS DE 5 MIN,4,3,4,4,4
gemma2:9b,data_pmus_yaounde,q4_2_a,Agent_5,Veuillez indiquer depuis combien de temps vous attendez.,5,5,5,5,5
gemma2:9b,data_pmus_yaounde,q4_2_b,Agent_5,30 60 MIN,4,3,4,4,4
gemma2:9b,data_pmus_yaounde,q4_3,Agent_5,1600,4,3,4,4,4
gemma2:9b,data_pmus_yaounde,q4_4,Agent_5,VISITE FAMILLE,4,3,4,4,4
gemma2:9b,data_pmus_yaounde,q4_4_autres,Agent_5,ACHAT,4,3,4,4,4
gemma2:9b,data_pmus_yaounde,q5_1,Agent_5,ENTRE 26 ET 35 ANS,4,3,4,4,4
gemma2:9b,data_pmus_yaounde,q5_2,Agent_5,ENTRE 30 001 ET 100 000,4,3,4,4,4
gemma2:9b,data_pmus_yaounde,q5_3,Agent_5,HOMME,4,3,4,4,4
gemma2:9b,data_pmus_yaounde,centre ville,Agent_6,YAOUNDE,4,3,4,4,4
gemma2:9b,data_pmus_yaounde,q1_1,Agent_6,UN QUARTIER DE LA VILLE DE YAOUNDE,4,3,4,4,4
gemma2:9b,data_pmus_yaounde,q1_1_a,Agent_6,MBANKOMO,4,3,4,4,4
gemma2:9b,data_pmus_yaounde,q1_1_b,Agent_6,10EME ARRET,4,3,4,4,4
gemma2:9b,data_pmus_yaounde,q1_1_c,Agent_6,,2,1,2,1,3
gemma2:9b,data_pmus_yaounde,q1_2,Agent_6,UN QUARTIER DE LA VILLE DE YAOUNDE,4,3,4,4,4
gemma2:9b,data_pmus_yaounde,q1_2_a,Agent_6,ABOM,4,3,4,4,4
gemma2:9b,data_pmus_yaounde,q1_2_b,Agent_6,10 IEME ARRET,4,3,4,4,4
gemma2:9b,data_pmus_yaounde,q1_3_c,Agent_6,,2,1,2,1,3
gemma2:9b,data_pmus_yaounde,q2_1,Agent_6,PAR TAXI,4,3,4,4,4
gemma2:9b,data_pmus_yaounde,q2_2_1,Agent_6,MESSAME NDONGO,4,3,4,4,4
gemma2:9b,data_pmus_yaounde,q2_2_2,Agent_6,ENTREE PAPA LEO,4,3,4,4,4
gemma2:9b,data_pmus_yaounde,q2_3_1,Agent_6,MESSAME NDONGO,4,3,4,4,4
gemma2:9b,data_pmus_yaounde,q2_3_2,Agent_6,0NANA,4,3,4,4,4
gemma2:9b,data_pmus_yaounde,q2_3,Agent_6,NON,5,4,5,4,4
gemma2:9b,data_pmus_yaounde,q2_4,Agent_6,PAR TAXI,4,3,4,4,4
gemma2:9b,data_pmus_yaounde,q2_5_1,Agent_6,MESSAME NDONGO,4,3,4,4,4
gemma2:9b,data_pmus_yaounde,q2_5_2,Agent_6,MESSAME NDONGO,4,3,4,4,4
gemma2:9b,data_pmus_yaounde,q2_6_1,Agent_6,MBANKOMO,4,3,4,4,4
gemma2:9b,data_pmus_yaounde,q2_6_2,Agent_6,11EME ARRET,4,3,4,4,4
gemma2:9b,data_pmus_yaounde,q3_1,Agent_6,NON,5,4,5,4,4
gemma2:9b,data_pmus_yaounde,q3_2,Agent_6,PAR TAXI,4,3,4,4,4
gemma2:9b,data_pmus_yaounde,q3_3_1,Agent_6,TAXIS,4,3,4,4,4
gemma2:9b,data_pmus_yaounde,q3_3_2,Agent_6,10 IEME ARRET,4,3,4,4,4
gemma2:9b,data_pmus_yaounde,q4_1_a,Agent_6,Veuillez indiquer depuis combien de temps vous attendez.,5,5,5,5,5
gemma2:9b,data_pmus_yaounde,q4_1_b,Agent_6,MOINS DE 5 MIN,4,3,4,4,4
gemma2:9b,data_pmus_yaounde,q4_2_a,Agent_6,Veuillez indiquer depuis combien de temps vous attendez.,5,5,5,5,5
gemma2:9b,data_pmus_yaounde,q4_2_b,Agent_6,30 60 MIN,4,3,4,4,4
gemma2:9b,data_pmus_yaounde,q4_3,Agent_6,650,4,3,4,4,4
gemma2:9b,data_pmus_yaounde,q4_4,Agent_6,TRAVAIL,4,3,4,4,4
gemma2:9b,data_pmus_yaounde,q4_4_autres,Agent_6,ACHAT,4,3,4,4,4
gemma2:9b,data_pmus_yaounde,q5_1,Agent_6,ENTRE 55ANS ET 64 ANS,4,3,4,4,4
gemma2:9b,data_pmus_yaounde,q5_2,Agent_6,ENTRE 300 001 ET 500 000,4,3,4,4,4
gemma2:9b,data_pmus_yaounde,q5_3,Agent_6,HOMME,4,3,4,4,4
gemma2:9b,data_pmus_yaounde,centre ville,Agent_7,YAOUNDE,4,3,4,4,4
gemma2:9b,data_pmus_yaounde,q1_1,Agent_7,UN QUARTIER DE LA VILLE DE YAOUNDE,4,3,4,4,4
gemma2:9b,data_pmus_yaounde,q1_1_a,Agent_7,ABIT,4,3,4,4,4
gemma2:9b,data_pmus_yaounde,q1_1_b,Agent_7,10EME ARRET,4,3,4,4,4
gemma2:9b,data_pmus_yaounde,q1_1_c,Agent_7,AFANOYA,4,3,4,4,4
gemma2:9b,data_pmus_yaounde,q1_2,Agent_7,UN QUARTIER DE LA VILLE DE YAOUNDE,4,3,4,4,4
gemma2:9b,data_pmus_yaounde,q1_2_a,Agent_7,BITENG,4,3,4,4,4
gemma2:9b,data_pmus_yaounde,q1_2_b,Agent_7,BITENG,4,3,4,4,4
gemma2:9b,data_pmus_yaounde,q1_3_c,Agent_7,YAOUNDE,4,3,4,4,4
gemma2:9b,data_pmus_yaounde,q2_1,Agent_7,A PIED,4,3,4,4,4
gemma2:9b,data_pmus_yaounde,q2_2_1,Agent_7,BITENG,4,3,4,4,4
gemma2:9b,data_pmus_yaounde,q2_2_2,Agent_7,,2,1,2,1,3
gemma2:9b,data_pmus_yaounde,q2_3_1,Agent_7,BITENG,4,3,4,4,4
gemma2:9b,data_pmus_yaounde,q2_3_2,Agent_7,,2,1,2,1,3
gemma2:9b,data_pmus_yaounde,q2_3,Agent_7,NON,5,4,5,4,4
gemma2:9b,data_pmus_yaounde,q2_4,Agent_7,A PIED,4,3,4,4,4
gemma2:9b,data_pmus_yaounde,q2_5_1,Agent_7,BITENG,4,3,4,4,4
gemma2:9b,data_pmus_yaounde,q2_5_2,Agent_7,0MPHINE,4,3,4,4,4
gemma2:9b,data_pmus_yaounde,q2_6_1,Agent_7,BITENG,4,3,4,4,4
gemma2:9b,data_pmus_yaounde,q2_6_2,Agent_7,11EME ARRET,4,3,4,4,4
gemma2:9b,data_pmus_yaounde,q3_1,Agent_7,NON,5,4,5,4,4
gemma2:9b,data_pmus_yaounde,q3_2,Agent_7,A PIED,4,3,4,4,4
gemma2:9b,data_pmus_yaounde,q3_3_1,Agent_7,BITENG,4,3,4,4,4
gemma2:9b,data_pmus_yaounde,q3_3_2,Agent_7,BITENG,4,3,4,4,4
gemma2:9b,data_pmus_yaounde,q4_1_a,Agent_7,Veuillez indiquer depuis combien de temps vous attendez.,5,5,5,5,5
gemma2:9b,data_pmus_yaounde,q4_1_b,Agent_7,MOINS DE 5 MIN,4,3,4,4,4
gemma2:9b,data_pmus_yaounde,q4_2_a,Agent_7,Veuillez indiquer depuis combien de temps vous attendez.,5,5,5,5,5
gemma2:9b,data_pmus_yaounde,q4_2_b,Agent_7,30 60 MIN,4,3,4,4,4
gemma2:9b,data_pmus_yaounde,q4_3,Agent_7,2600,4,3,4,4,4
gemma2:9b,data_pmus_yaounde,q4_4,Agent_7,COURSES,4,3,4,4,4
gemma2:9b,data_pmus_yaounde,q4_4_autres,Agent_7,FAIRE DES ACHATS,4,3,4,4,4
gemma2:9b,data_pmus_yaounde,q5_1,Agent_7,ENTRE 36 ET 45 ANS,4,3,4,4,4
gemma2:9b,data_pmus_yaounde,q5_2,Agent_7,ENTRE 30 001 ET 100 000,4,3,4,4,4
gemma2:9b,data_pmus_yaounde,q5_3,Agent_7,FEMME,4,3,4,4,4
gemma2:9b,data_pmus_yaounde,centre ville,Agent_8,YAOUNDE,4,3,4,4,4
gemma2:9b,data_pmus_yaounde,q1_1,Agent_8,UN QUARTIER DE LA VILLE DE YAOUNDE,4,3,4,4,4
gemma2:9b,data_pmus_yaounde,q1_1_a,Agent_8,ABIT,4,3,4,4,4
gemma2:9b,data_pmus_yaounde,q1_1_b,Agent_8,10EME ARRET,4,3,4,4,4
gemma2:9b,data_pmus_yaounde,q1_1_c,Agent_8,DOUALA,4,3,4,4,4
gemma2:9b,data_pmus_yaounde,q1_2,Agent_8,HORS DE LA VILLE DE YAOUNDE,4,3,4,4,4
gemma2:9b,data_pmus_yaounde,q1_2_a,Agent_8,DOUALA,4,3,4,4,4
gemma2:9b,data_pmus_yaounde,q1_2_b,Agent_8,CARROSEL,4,3,4,4,4
gemma2:9b,data_pmus_yaounde,q1_3_c,Agent_8,DOUALA,4,3,4,4,4
gemma2:9b,data_pmus_yaounde,q2_1,Agent_8,A PIED,4,3,4,4,4
gemma2:9b,data_pmus_yaounde,q2_2_1,Agent_8,CARREFOUR REGIE,4,3,4,4,4
gemma2:9b,data_pmus_yaounde,q2_2_2,Agent_8,10 E ARRET,4,3,4,4,4
gemma2:9b,data_pmus_yaounde,q2_3_1,Agent_8,0LESOA,4,3,4,4,4
gemma2:9b,data_pmus_yaounde,q2_3_2,Agent_8,,2,1,2,1,3
gemma2:9b,data_pmus_yaounde,q2_3,Agent_8,NON,5,4,5,4,4
gemma2:9b,data_pmus_yaounde,q2_4,Agent_8,PAR BUS STACY,4,3,4,4,4
gemma2:9b,data_pmus_yaounde,q2_5_1,Agent_8,DOUALA,4,3,4,4,4
gemma2:9b,data_pmus_yaounde,q2_5_2,Agent_8,DOUALA,4,3,4,4,4
gemma2:9b,data_pmus_yaounde,q2_6_1,Agent_8,MBANKOLO,4,3,4,4,4
gemma2:9b,data_pmus_yaounde,q2_6_2,Agent_8,11EME ARRET,4,3,4,4,4
gemma2:9b,data_pmus_yaounde,q3_1,Agent_8,NON,5,4,5,4,4
gemma2:9b,data_pmus_yaounde,q3_2,Agent_8,PAR BUS STACY,4,3,4,4,4
gemma2:9b,data_pmus_yaounde,q3_3_1,Agent_8,REGIE,4,3,4,4,4
gemma2:9b,data_pmus_yaounde,q3_3_2,Agent_8,10 IEME ARRET,4,3,4,4,4
gemma2:9b,data_pmus_yaounde,q4_1_a,Agent_8,Veuillez indiquer depuis combien de temps vous attendez.,5,5,5,5,5
gemma2:9b,data_pmus_yaounde,q4_1_b,Agent_8,MOINS DE 5 MIN,4,3,4,4,4
gemma2:9b,data_pmus_yaounde,q4_2_a,Agent_8,Veuillez indiquer depuis combien de temps vous attendez.,5,5,5,5,5
gemma2:9b,data_pmus_yaounde,q4_2_b,Agent_8,30 60 MIN,4,3,4,4,4
gemma2:9b,data_pmus_yaounde,q4_3,Agent_8,1800,4,3,4,4,4
gemma2:9b,data_pmus_yaounde,q4_4,Agent_8,TRAVAIL,4,3,4,4,4
gemma2:9b,data_pmus_yaounde,q4_4_autres,Agent_8,ACHAT,4,3,4,4,4
gemma2:9b,data_pmus_yaounde,q5_1,Agent_8,ENTRE 26 ET 35 ANS,4,3,4,4,4
gemma2:9b,data_pmus_yaounde,q5_2,Agent_8,ENTRE 300 001 ET 500 000,4,3,4,4,4
gemma2:9b,data_pmus_yaounde,q5_3,Agent_8,FEMME,4,3,4,4,4
gemma2:9b,data_pmus_yaounde,centre ville,Agent_9,YAOUNDE,4,3,4,4,4
gemma2:9b,data_pmus_yaounde,q1_1,Agent_9,UN QUARTIER DE LA VILLE DE YAOUNDE,4,3,4,4,4
gemma2:9b,data_pmus_yaounde,q1_1_a,Agent_9,ABIT,4,3,4,4,4
gemma2:9b,data_pmus_yaounde,q1_1_b,Agent_9,10EME ARRET,4,3,4,4,4
gemma2:9b,data_pmus_yaounde,q1_1_c,Agent_9,AFANOYA,4,3,4,4,4
gemma2:9b,data_pmus_yaounde,q1_2,Agent_9,UN QUARTIER DE LA VILLE DE YAOUNDE,4,3,4,4,4
gemma2:9b,data_pmus_yaounde,q1_2_a,Agent_9,ABOM,4,3,4,4,4
gemma2:9b,data_pmus_yaounde,q1_2_b,Agent_9,ESSOMBA,4,3,4,4,4
gemma2:9b,data_pmus_yaounde,q1_3_c,Agent_9,,2,1,2,1,3
gemma2:9b,data_pmus_yaounde,q2_1,Agent_9,A PIED,4,3,4,4,4
gemma2:9b,data_pmus_yaounde,q2_2_1,Agent_9,2 CHEVEAU,4,3,4,4,4
gemma2:9b,data_pmus_yaounde,q2_2_2,Agent_9,,2,1,2,1,3
gemma2:9b,data_pmus_yaounde,q2_3_1,Agent_9,,2,1,2,1,3
gemma2:9b,data_pmus_yaounde,q2_3_2,Agent_9,,2,1,2,1,3
gemma2:9b,data_pmus_yaounde,q2_3,Agent_9,NON,5,4,5,4,4
gemma2:9b,data_pmus_yaounde,q2_4,Agent_9,PAR BUS STACY,4,3,4,4,4
gemma2:9b,data_pmus_yaounde,q2_5_1,Agent_9,,2,1,2,1,3
gemma2:9b,data_pmus_yaounde,q2_5_2,Agent_9,,2,1,2,1,3
gemma2:9b,data_pmus_yaounde,q2_6_1,Agent_9,,2,1,2,1,3
gemma2:9b,data_pmus_yaounde,q2_6_2,Agent_9,ESSOS,4,3,4,4,4
gemma2:9b,data_pmus_yaounde,q3_1,Agent_9,NON,5,4,5,4,4
gemma2:9b,data_pmus_yaounde,q3_2,Agent_9,A PIED,4,3,4,4,4
gemma2:9b,data_pmus_yaounde,q3_3_1,Agent_9,ESSOS,4,3,4,4,4
gemma2:9b,data_pmus_yaounde,q3_3_2,Agent_9,ESSOS,4,3,4,4,4
gemma2:9b,data_pmus_yaounde,q4_1_a,Agent_9,Veuillez indiquer depuis combien de temps vous attendez.,5,5,5,5,5
gemma2:9b,data_pmus_yaounde,q4_1_b,Agent_9,MOINS DE 5 MIN,4,3,4,4,4
gemma2:9b,data_pmus_yaounde,q4_2_a,Agent_9,Veuillez indiquer depuis combien de temps vous attendez.,5,5,5,5,5
gemma2:9b,data_pmus_yaounde,q4_2_b,Agent_9,30 60 MIN,4,3,4,4,4
gemma2:9b,data_pmus_yaounde,q4_3,Agent_9,2600,4,3,4,4,4
gemma2:9b,data_pmus_yaounde,q4_4,Agent_9,COURSES,4,3,4,4,4
gemma2:9b,data_pmus_yaounde,q4_4_autres,Agent_9,FAIRE DES ACHATS,4,3,4,4,4
gemma2:9b,data_pmus_yaounde,q5_1,Agent_9,MOINS DE 18 ANS,4,3,4,4,4
gemma2:9b,data_pmus_yaounde,q5_2,Agent_9,ENTRE 30 001 ET 100 000,4,3,4,4,4
gemma2:9b,data_pmus_yaounde,q5_3,Agent_9,FEMME,4,3,4,4,4
gemma2:9b,data_pmus_yaounde,centre ville,Agent_10,YAOUNDE,4,3,4,4,4
gemma2:9b,data_pmus_yaounde,q1_1,Agent_10,UN QUARTIER DE LA VILLE DE YAOUNDE,4,3,4,4,4
gemma2:9b,data_pmus_yaounde,q1_1_a,Agent_10,ABIT,4,3,4,4,4
gemma2:9b,data_pmus_yaounde,q1_1_b,Agent_10,ECOCO2,4,3,4,4,4
gemma2:9b,data_pmus_yaounde,q1_1_c,Agent_10,,2,1,2,1,3
gemma2:9b,data_pmus_yaounde,q1_2,Agent_10,UN QUARTIER DE LA VILLE DE YAOUNDE,4,3,4,4,4
gemma2:9b,data_pmus_yaounde,q1_2_a,Agent_10,ABOM,4,3,4,4,4
gemma2:9b,data_pmus_yaounde,q1_2_b,Agent_10,ECOCO2,4,3,4,4,4
gemma2:9b,data_pmus_yaounde,q1_3_c,Agent_10,,2,1,2,1,3
gemma2:9b,data_pmus_yaounde,q2_1,Agent_10,A PIED,4,3,4,4,4
gemma2:9b,data_pmus_yaounde,q2_2_1,Agent_10,2 CHEVEAU,4,3,4,4,4
gemma2:9b,data_pmus_yaounde,q2_2_2,Agent_10,ECOCO2,4,3,4,4,4
gemma2:9b,data_pmus_yaounde,q2_3_1,Agent_10,0LESOA,4,3,4,4,4
gemma2:9b,data_pmus_yaounde,q2_3_2,Agent_10,0NANA,4,3,4,4,4
gemma2:9b,data_pmus_yaounde,q2_3,Agent_10,NON,5,4,5,4,4
gemma2:9b,data_pmus_yaounde,q2_4,Agent_10,A PIED,4,3,4,4,4
gemma2:9b,data_pmus_yaounde,q2_5_1,Agent_10,A B0NAS,4,3,4,4,4
gemma2:9b,data_pmus_yaounde,q2_5_2,Agent_10,0MPHINE,4,3,4,4,4
gemma2:9b,data_pmus_yaounde,q2_6_1,Agent_10,,2,1,2,1,3
gemma2:9b,data_pmus_yaounde,q2_6_2,Agent_10,,2,1,2,1,3
gemma2:9b,data_pmus_yaounde,q3_1,Agent_10,NON,5,4,5,4,4
gemma2:9b,data_pmus_yaounde,q3_2,Agent_10,A PIED,4,3,4,4,4
gemma2:9b,data_pmus_yaounde,q3_3_1,Agent_10,,2,1,2,1,3
gemma2:9b,data_pmus_yaounde,q3_3_2,Agent_10,,2,1,2,1,3
gemma2:9b,data_pmus_yaounde,q4_1_a,Agent_10,Veuillez indiquer depuis combien de temps vous attendez.,5,5,5,5,5
gemma2:9b,data_pmus_yaounde,q4_1_b,Agent_10,MOINS DE 5 MIN,4,3,4,4,4
gemma2:9b,data_pmus_yaounde,q4_2_a,Agent_10,Veuillez indiquer depuis combien de temps vous attendez.,5,5,5,5,5
gemma2:9b,data_pmus_yaounde,q4_2_b,Agent_10,30 60 MIN,4,3,4,4,4
gemma2:9b,data_pmus_yaounde,q4_3,Agent_10,3500,4,3,4,4,4
gemma2:9b,data_pmus_yaounde,q4_4,Agent_10,COURSES,4,3,4,4,4
gemma2:9b,data_pmus_yaounde,q4_4_autres,Agent_10,FAIRE DES ACHATS,4,3,4,4,4
gemma2:9b,data_pmus_yaounde,q5_1,Agent_10,ENTRE 26 ET 35 ANS,4,3,4,4,4
gemma2:9b,data_pmus_yaounde,q5_2,Agent_10,ENTRE 30 001 ET 100 000,4,3,4,4,4
gemma2:9b,data_pmus_yaounde,q5_3,Agent_10,HOMME,4,3,4,4,4
gemma2:9b,data_pmus_yaounde,centre ville,Agent_11,YAOUNDE,4,3,4,4,4
gemma2:9b,data_pmus_yaounde,q1_1,Agent_11,UN QUARTIER DE LA VILLE DE YAOUNDE,4,3,4,4,4
gemma2:9b,data_pmus_yaounde,q1_1_a,Agent_11,ETOA MEKI,4,3,4,4,4
gemma2:9b,data_pmus_yaounde,q1_1_b,Agent_11,MONTEE HOTEL LE LUX,4,3,4,4,4
gemma2:9b,data_pmus_yaounde,q1_1_c,Agent_11,,2,1,2,1,3
gemma2:9b,data_pmus_yaounde,q1_2,Agent_11,UN QUARTIER DE LA VILLE DE YAOUNDE,4,3,4,4,4
gemma2:9b,data_pmus_yaounde,q1_2_a,Agent_11,ETOA MEKI,4,3,4,4,4
gemma2:9b,data_pmus_yaounde,q1_2_b,Agent_11,MONTEE,4,3,4,4,4
gemma2:9b,data_pmus_yaounde,q1_3_c,Agent_11,YAOUNDE,4,3,4,4,4
gemma2:9b,data_pmus_yaounde,q2_1,Agent_11,A PIED,4,3,4,4,4
gemma2:9b,data_pmus_yaounde,q2_2_1,Agent_11,2 CHEVEAU,4,3,4,4,4
gemma2:9b,data_pmus_yaounde,q2_2_2,Agent_11,MONTEE FOE,4,3,4,4,4
gemma2:9b,data_pmus_yaounde,q2_3_1,Agent_11,0LESOA,4,3,4,4,4
gemma2:9b,data_pmus_yaounde,q2_3_2,Agent_11,CARREFIUR,4,3,4,4,4
gemma2:9b,data_pmus_yaounde,q2_3,Agent_11,NON,5,4,5,4,4
gemma2:9b,data_pmus_yaounde,q2_4,Agent_11,A PIED,4,3,4,4,4
gemma2:9b,data_pmus_yaounde,q2_5_1,Agent_11,A B0NAS,4,3,4,4,4
gemma2:9b,data_pmus_yaounde,q2_5_2,Agent_11,0MPHINE,4,3,4,4,4
gemma2:9b,data_pmus_yaounde,q2_6_1,Agent_11,CARREFOUR,4,3,4,4,4
gemma2:9b,data_pmus_yaounde,q2_6_2,Agent_11,CARREFOUR,4,3,4,4,4
gemma2:9b,data_pmus_yaounde,q3_1,Agent_11,NON,5,4,5,4,4
gemma2:9b,data_pmus_yaounde,q3_2,Agent_11,A PIED,4,3,4,4,4
gemma2:9b,data_pmus_yaounde,q3_3_1,Agent_11,ACACIA,4,3,4,4,4
gemma2:9b,data_pmus_yaounde,q3_3_2,Agent_11,ENTREE FOYER BADJOUN,4,3,4,4,4
gemma2:9b,data_pmus_yaounde,q4_1_a,Agent_11,Veuillez indiquer depuis combien de temps vous attendez.,5,5,5,5,5
gemma2:9b,data_pmus_yaounde,q4_1_b,Agent_11,MOINS DE 5 MIN,4,3,4,4,4
gemma2:9b,data_pmus_yaounde,q4_2_a,Agent_11,Veuillez indiquer depuis combien de temps vous attendez.,5,5,5,5,5
gemma2:9b,data_pmus_yaounde,q4_2_b,Agent_11,30 60 MIN,4,3,4,4,4
gemma2:9b,data_pmus_yaounde,q4_3,Agent_11,200,4,3,4,4,4
gemma2:9b,data_pmus_yaounde,q4_4,Agent_11,D MARCHES ADMINISTRATIVES ET OU SANT,4,3,4,4,4
gemma2:9b,data_pmus_yaounde,q4_4_autres,Agent_11,ACHAT,4,3,4,4,4
gemma2:9b,data_pmus_yaounde,q5_1,Agent_11,ENTRE 36 ET 45 ANS,4,3,4,4,4
gemma2:9b,data_pmus_yaounde,q5_2,Agent_11,ENTRE 30 001 ET 100 000,4,3,4,4,4
gemma2:9b,data_pmus_yaounde,q5_3,Agent_11,FEMME,4,3,4,4,4
gemma2:9b,data_pmus_yaounde,centre ville,Agent_12,YAOUNDE,4,3,4,4,4
gemma2:9b,data_pmus_yaounde,q1_1,Agent_12,UN QUARTIER DE LA VILLE DE YAOUNDE,4,3,4,4,4
gemma2:9b,data_pmus_yaounde,q1_1_a,Agent_12,ABIT,4,3,4,4,4
gemma2:9b,data_pmus_yaounde,q1_1_b,Agent_12,10EME ARRET,4,3,4,4,4
gemma2:9b,data_pmus_yaounde,q1_1_c,Agent_12,,2,1,2,1,3
gemma2:9b,data_pmus_yaounde,q1_2,Agent_12,UN QUARTIER DE LA VILLE DE YAOUNDE,4,3,4,4,4
gemma2:9b,data_pmus_yaounde,q1_2_a,Agent_12,ABOM,4,3,4,4,4
gemma2:9b,data_pmus_yaounde,q1_2_b,Agent_12,10 IEME ARRET,4,3,4,4,4
gemma2:9b,data_pmus_yaounde,q1_3_c,Agent_12,,2,1,2,1,3
gemma2:9b,data_pmus_yaounde,q2_1,Agent_12,A PIED,4,3,4,4,4
gemma2:9b,data_pmus_yaounde,q2_2_1,Agent_12,2 CHEVEAU,4,3,4,4,4
gemma2:9b,data_pmus_yaounde,q2_2_2,Agent_12,A PIED,4,3,4,4,4
gemma2:9b,data_pmus_yaounde,q2_3_1,Agent_12,0LESOA,4,3,4,4,4
gemma2:9b,data_pmus_yaounde,q2_3_2,Agent_12,A PIED,4,3,4,4,4
gemma2:9b,data_pmus_yaounde,q2_3,Agent_12,NON,5,4,5,4,4
gemma2:9b,data_pmus_yaounde,q2_4,Agent_12,A PIED,4,3,4,4,4
gemma2:9b,data_pmus_yaounde,q2_5_1,Agent_12,A B0NAS,4,3,4,4,4
gemma2:9b,data_pmus_yaounde,q2_5_2,Agent_12,0MPHINE,4,3,4,4,4
gemma2:9b,data_pmus_yaounde,q2_6_1,Agent_12,ABATTOIR,4,3,4,4,4
gemma2:9b,data_pmus_yaounde,q2_6_2,Agent_12,11EME ARRET,4,3,4,4,4
gemma2:9b,data_pmus_yaounde,q3_1,Agent_12,NON,5,4,5,4,4
gemma2:9b,data_pmus_yaounde,q3_2,Agent_12,A PIED,4,3,4,4,4
gemma2:9b,data_pmus_yaounde,q3_3_1,Agent_12,,2,1,2,1,3
gemma2:9b,data_pmus_yaounde,q3_3_2,Agent_12,,2,1,2,1,3
gemma2:9b,data_pmus_yaounde,q4_1_a,Agent_12,Veuillez indiquer depuis combien de temps vous attendez.,5,5,5,5,5
gemma2:9b,data_pmus_yaounde,q4_1_b,Agent_12,MOINS DE 5 MIN,4,3,4,4,4
gemma2:9b,data_pmus_yaounde,q4_2_a,Agent_12,Veuillez indiquer depuis combien de temps vous attendez.,5,5,5,5,5
gemma2:9b,data_pmus_yaounde,q4_2_b,Agent_12,30 60 MIN,4,3,4,4,4
gemma2:9b,data_pmus_yaounde,q4_3,Agent_12,1200,4,3,4,4,4
gemma2:9b,data_pmus_yaounde,q4_4,Agent_12,VISITE FAMILLE,4,3,4,4,4
gemma2:9b,data_pmus_yaounde,q4_4_autres,Agent_12,ACHAT,4,3,4,4,4
gemma2:9b,data_pmus_yaounde,q5_1,Agent_12,ENTRE 26 ET 35 ANS,4,3,4,4,4
gemma2:9b,data_pmus_yaounde,q5_2,Agent_12,MOINS DE 30 000,4,3,4,4,4
gemma2:9b,data_pmus_yaounde,q5_3,Agent_12,HOMME,4,3,4,4,4
gemma2:9b,data_pmus_yaounde,centre ville,Agent_13,YAOUNDE,4,3,4,4,4
gemma2:9b,data_pmus_yaounde,q1_1,Agent_13,UN QUARTIER DE LA VILLE DE YAOUNDE,4,3,4,4,4
gemma2:9b,data_pmus_yaounde,q1_1_a,Agent_13,ABIT,4,3,4,4,4
gemma2:9b,data_pmus_yaounde,q1_1_b,Agent_13,10EME ARRET,4,3,4,4,4
gemma2:9b,data_pmus_yaounde,q1_1_c,Agent_13,,2,1,2,1,3
gemma2:9b,data_pmus_yaounde,q1_2,Agent_13,UN QUARTIER DE LA VILLE DE YAOUNDE,4,3,4,4,4
gemma2:9b,data_pmus_yaounde,q1_2_a,Agent_13,ABOM,4,3,4,4,4
gemma2:9b,data_pmus_yaounde,q1_2_b,Agent_13,10 IEME ARRET,4,3,4,4,4
gemma2:9b,data_pmus_yaounde,q1_3_c,Agent_13,,2,1,2,1,3
gemma2:9b,data_pmus_yaounde,q2_1,Agent_13,A PIED,4,3,4,4,4
gemma2:9b,data_pmus_yaounde,q2_2_1,Agent_13,2 CHEVEAU,4,3,4,4,4
gemma2:9b,data_pmus_yaounde,q2_2_2,Agent_13,10 E ARRET,4,3,4,4,4
gemma2:9b,data_pmus_yaounde,q2_3_1,Agent_13,CENTRE HADICAPEE,4,3,4,4,4
gemma2:9b,data_pmus_yaounde,q2_3_2,Agent_13,0NANA,4,3,4,4,4
gemma2:9b,data_pmus_yaounde,q2_3,Agent_13,NON,5,4,5,4,4
gemma2:9b,data_pmus_yaounde,q2_4,Agent_13,A PIED,4,3,4,4,4
gemma2:9b,data_pmus_yaounde,q2_5_1,Agent_13,A B0NAS,4,3,4,4,4
gemma2:9b,data_pmus_yaounde,q2_5_2,Agent_13,CARREFOUR,4,3,4,4,4
gemma2:9b,data_pmus_yaounde,q2_6_1,Agent_13,CARREFOUR,4,3,4,4,4
gemma2:9b,data_pmus_yaounde,q2_6_2,Agent_13,CARREFOUR,4,3,4,4,4
gemma2:9b,data_pmus_yaounde,q3_1,Agent_13,NON,5,4,5,4,4
gemma2:9b,data_pmus_yaounde,q3_2,Agent_13,A PIED,4,3,4,4,4
gemma2:9b,data_pmus_yaounde,q3_3_1,Agent_13,ACACIA,4,3,4,4,4
gemma2:9b,data_pmus_yaounde,q3_3_2,Agent_13,CARREFOUR,4,3,4,4,4
gemma2:9b,data_pmus_yaounde,q4_1_a,Agent_13,Veuillez indiquer depuis combien de temps vous attendez.,5,5,5,5,5
gemma2:9b,data_pmus_yaounde,q4_1_b,Agent_13,MOINS DE 5 MIN,4,3,4,4,4
gemma2:9b,data_pmus_yaounde,q4_2_a,Agent_13,Veuillez indiquer depuis combien de temps vous attendez.,5,5,5,5,5
gemma2:9b,data_pmus_yaounde,q4_2_b,Agent_13,30 60 MIN,4,3,4,4,4
gemma2:9b,data_pmus_yaounde,q4_3,Agent_13,2750,4,3,4,4,4
gemma2:9b,data_pmus_yaounde,q4_4,Agent_13,TRAVAIL,4,3,4,4,4
gemma2:9b,data_pmus_yaounde,q4_4_autres,Agent_13,ACHAT,4,3,4,4,4
gemma2:9b,data_pmus_yaounde,q5_1,Agent_13,ENTRE 36 ET 45 ANS,4,3,4,4,4
gemma2:9b,data_pmus_yaounde,q5_2,Agent_13,MOINS DE 30 000,4,3,4,4,4
gemma2:9b,data_pmus_yaounde,q5_3,Agent_13,HOMME,4,3,4,4,4
gemma2:9b,data_pmus_yaounde,centre ville,Agent_14,YAOUNDE,4,3,4,4,4
gemma2:9b,data_pmus_yaounde,q1_1,Agent_14,UN QUARTIER DE LA VILLE DE YAOUNDE,4,3,4,4,4
gemma2:9b,data_pmus_yaounde,q1_1_a,Agent_14,NGOA EKELLE,4,3,4,4,4
gemma2:9b,data_pmus_yaounde,q1_1_b,Agent_14,MEME,4,3,4,4,4
gemma2:9b,data_pmus_yaounde,q1_1_c,Agent_14,,2,1,2,1,3
gemma2:9b,data_pmus_yaounde,q1_2,Agent_14,UN QUARTIER DE LA VILLE DE YAOUNDE,4,3,4,4,4
gemma2:9b,data_pmus_yaounde,q1_2_a,Agent_14,MVOG BETSI,4,3,4,4,4
gemma2:9b,data_pmus_yaounde,q1_2_b,Agent_14,10 IEME ARRET,4,3,4,4,4
gemma2:9b,data_pmus_yaounde,q1_3_c,Agent_14,,2,1,2,1,3
gemma2:9b,data_pmus_yaounde,q2_1,Agent_14,A PIED,4,3,4,4,4
gemma2:9b,data_pmus_yaounde,q2_2_1,Agent_14,,2,1,2,1,3
gemma2:9b,data_pmus_yaounde,q2_2_2,Agent_14,10 E ARRET,4,3,4,4,4
gemma2:9b,data_pmus_yaounde,q2_3_1,Agent_14,,2,1,2,1,3
gemma2:9b,data_pmus_yaounde,q2_3_2,Agent_14,0NANA,4,3,4,4,4
gemma2:9b,data_pmus_yaounde,q2_3,Agent_14,NON,5,4,5,4,4
gemma2:9b,data_pmus_yaounde,q2_4,Agent_14,A PIED,4,3,4,4,4
gemma2:9b,data_pmus_yaounde,q2_5_1,Agent_14,,2,1,2,1,3
gemma2:9b,data_pmus_yaounde,q2_5_2,Agent_14,,2,1,2,1,3
gemma2:9b,data_pmus_yaounde,q2_6_1,Agent_14,,2,1,2,1,3
gemma2:9b,data_pmus_yaounde,q2_6_2,Agent_14,,2,1,2,1,3
gemma2:9b,data_pmus_yaounde,q3_1,Agent_14,NON,5,4,5,4,4
gemma2:9b,data_pmus_yaounde,q3_2,Agent_14,A PIED,4,3,4,4,4
gemma2:9b,data_pmus_yaounde,q3_3_1,Agent_14,,2,1,2,1,3
gemma2:9b,data_pmus_yaounde,q3_3_2,Agent_14,,2,1,2,1,3
gemma2:9b,data_pmus_yaounde,q4_1_a,Agent_14,Veuillez indiquer depuis combien de temps vous attendez.,5,5,5,5,5
gemma2:9b,data_pmus_yaounde,q4_1_b,Agent_14,MOINS DE 5 MIN,4,3,4,4,4
gemma2:9b,data_pmus_yaounde,q4_2_a,Agent_14,Veuillez indiquer depuis combien de temps vous attendez.,5,5,5,5,5
gemma2:9b,data_pmus_yaounde,q4_2_b,Agent_14,30 60 MIN,4,3,4,4,4
gemma2:9b,data_pmus_yaounde,q4_3,Agent_14,1200,4,3,4,4,4
gemma2:9b,data_pmus_yaounde,q4_4,Agent_14,VISITE FAMILLE,4,3,4,4,4
gemma2:9b,data_pmus_yaounde,q4_4_autres,Agent_14,ACHAT,4,3,4,4,4
gemma2:9b,data_pmus_yaounde,q5_1,Agent_14,ENTRE 26 ET 35 ANS,4,3,4,4,4
gemma2:9b,data_pmus_yaounde,q5_2,Agent_14,ENTRE 30 001 ET 100 000,4,3,4,4,4
gemma2:9b,data_pmus_yaounde,q5_3,Agent_14,HOMME,4,3,4,4,4
gemma2:9b,data_pmus_yaounde,centre ville,Agent_15,YAOUNDE,4,3,4,4,4
gemma2:9b,data_pmus_yaounde,q1_1,Agent_15,UN QUARTIER DE LA VILLE DE YAOUNDE,4,3,4,4,4
gemma2:9b,data_pmus_yaounde,q1_1_a,Agent_15,ABIT,4,3,4,4,4
gemma2:9b,data_pmus_yaounde,q1_1_b,Agent_15,10EME ARRET,4,3,4,4,4
gemma2:9b,data_pmus_yaounde,q1_1_c,Agent_15,,2,1,2,1,3
gemma2:9b,data_pmus_yaounde,q1_2,Agent_15,UN QUARTIER DE LA VILLE DE YAOUNDE,4,3,4,4,4
gemma2:9b,data_pmus_yaounde,q1_2_a,Agent_15,ABOM,4,3,4,4,4
gemma2:9b,data_pmus_yaounde,q1_2_b,Agent_15,10 IEME ARRET,4,3,4,4,4
gemma2:9b,data_pmus_yaounde,q1_3_c,Agent_15,,2,1,2,1,3
gemma2:9b,data_pmus_yaounde,q2_1,Agent_15,A PIED,4,3,4,4,4
gemma2:9b,data_pmus_yaounde,q2_2_1,Agent_15,2 CHEVEAU,4,3,4,4,4
gemma2:9b,data_pmus_yaounde,q2_2_2,Agent_15,A PIED,4,3,4,4,4
gemma2:9b,data_pmus_yaounde,q2_3_1,Agent_15,,2,1,2,1,3
gemma2:9b,data_pmus_yaounde,q2_3_2,Agent_15,A PIED,4,3,4,4,4
gemma2:9b,data_pmus_yaounde,q2_3,Agent_15,NON,5,4,5,4,4
gemma2:9b,data_pmus_yaounde,q2_4,Agent_15,A PIED,4,3,4,4,4
gemma2:9b,data_pmus_yaounde,q2_5_1,Agent_15,,2,1,2,1,3
gemma2:9b,data_pmus_yaounde,q2_5_2,Agent_15,,2,1,2,1,3
gemma2:9b,data_pmus_yaounde,q2_6_1,Agent_15,,2,1,2,1,3
gemma2:9b,data_pmus_yaounde,q2_6_2,Agent_15,,2,1,2,1,3
gemma2:9b,data_pmus_yaounde,q3_1,Agent_15,NON,5,4,5,4,4
gemma2:9b,data_pmus_yaounde,q3_2,Agent_15,A PIED,4,3,4,4,4
gemma2:9b,data_pmus_yaounde,q3_3_1,Agent_15,,2,1,2,1,3
gemma2:9b,data_pmus_yaounde,q3_3_2,Agent_15,,2,1,2,1,3
gemma2:9b,data_pmus_yaounde,q4_1_a,Agent_15,Veuillez indiquer depuis combien de temps vous attendez.,5,5,5,5,5
gemma2:9b,data_pmus_yaounde,q4_1_b,Agent_15,MOINS DE 5 MIN,4,3,4,4,4
gemma2:9b,data_pmus_yaounde,q4_2_a,Agent_15,Veuillez indiquer depuis combien de temps vous attendez.,5,5,5,5,5
gemma2:9b,data_pmus_yaounde,q4_2_b,Agent_15,30 60 MIN,4,3,4,4,4
gemma2:9b,data_pmus_yaounde,q4_3,Agent_15,1550,4,3,4,4,4
gemma2:9b,data_pmus_yaounde,q4_4,Agent_15,TRAVAIL,4,3,4,4,4
gemma2:9b,data_pmus_yaounde,q4_4_autres,Agent_15,ACHAT,4,3,4,4,4
gemma2:9b,data_pmus_yaounde,q5_1,Agent_15,ENTRE 18 ET 25 ANS,4,3,4,4,4
gemma2:9b,data_pmus_yaounde,q5_2,Agent_15,ENTRE 30 001 ET 100 000,4,3,4,4,4
gemma2:9b,data_pmus_yaounde,q5_3,Agent_15,HOMME,4,3,4,4,4
gemma2:9b,data_pmus_yaounde,centre ville,Agent_16,YAOUNDE,4,3,4,4,4
gemma2:9b,data_pmus_yaounde,q1_1,Agent_16,UN QUARTIER DE LA VILLE DE YAOUNDE,4,3,4,4,4
gemma2:9b,data_pmus_yaounde,q1_1_a,Agent_16,BARRIERE,4,3,4,4,4
gemma2:9b,data_pmus_yaounde,q1_1_b,Agent_16,PRES DE LA STATION,4,3,4,4,4
gemma2:9b,data_pmus_yaounde,q1_1_c,Agent_16,AFANOYA,4,3,4,4,4
gemma2:9b,data_pmus_yaounde,q1_2,Agent_16,UN QUARTIER DE LA VILLE DE YAOUNDE,4,3,4,4,4
gemma2:9b,data_pmus_yaounde,q1_2_a,Agent_16,ABOM,4,3,4,4,4
gemma2:9b,data_pmus_yaounde,q1_2_b,Agent_16,10 IEME ARRET,4,3,4,4,4
gemma2:9b,data_pmus_yaounde,q1_3_c,Agent_16,NOMAYOS,4,3,4,4,4
gemma2:9b,data_pmus_yaounde,q2_1,Agent_16,A PIED,4,3,4,4,4
gemma2:9b,data_pmus_yaounde,q2_2_1,Agent_16,VOIRIE,4,3,4,4,4
gemma2:9b,data_pmus_yaounde,q2_2_2,Agent_16,VOIRIE,4,3,4,4,4
gemma2:9b,data_pmus_yaounde,q2_3_1,Agent_16,,2,1,2,1,3
gemma2:9b,data_pmus_yaounde,q2_3_2,Agent_16,,2,1,2,1,3
gemma2:9b,data_pmus_yaounde,q2_3,Agent_16,NON,5,4,5,4,4
gemma2:9b,data_pmus_yaounde,q2_4,Agent_16,A PIED,4,3,4,4,4
gemma2:9b,data_pmus_yaounde,q2_5_1,Agent_16,NKOA MBANG,4,3,4,4,4
gemma2:9b,data_pmus_yaounde,q2_5_2,Agent_16,0MPHINE,4,3,4,4,4
gemma2:9b,data_pmus_yaounde,q2_6_1,Agent_16,NKOZOA,4,3,4,4,4
gemma2:9b,data_pmus_yaounde,q2_6_2,Agent_16,DIDEROT,4,3,4,4,4
gemma2:9b,data_pmus_yaounde,q3_1,Agent_16,NON,5,4,5,4,4
gemma2:9b,data_pmus_yaounde,q3_2,Agent_16,A PIED,4,3,4,4,4
gemma2:9b,data_pmus_yaounde,q3_3_1,Agent_16,,2,1,2,1,3
gemma2:9b,data_pmus_yaounde,q3_3_2,Agent_16,,2,1,2,1,3
gemma2:9b,data_pmus_yaounde,q4_1_a,Agent_16,Veuillez indiquer depuis combien de temps vous attendez.,5,5,5,5,5
gemma2:9b,data_pmus_yaounde,q4_1_b,Agent_16,MOINS DE 5 MIN,4,3,4,4,4
gemma2:9b,data_pmus_yaounde,q4_2_a,Agent_16,Veuillez indiquer depuis combien de temps vous attendez.,5,5,5,5,5
gemma2:9b,data_pmus_yaounde,q4_2_b,Agent_16,30 60 MIN,4,3,4,4,4
gemma2:9b,data_pmus_yaounde,q4_3,Agent_16,2800,4,3,4,4,4
gemma2:9b,data_pmus_yaounde,q4_4,Agent_16,D MARCHES ADMINISTRATIVES ET OU SANT,4,3,4,4,4
gemma2:9b,data_pmus_yaounde,q4_4_autres,Agent_16,ACHAT,4,3,4,4,4
gemma2:9b,data_pmus_yaounde,q5_1,Agent_16,ENTRE 18 ET 25 ANS,4,3,4,4,4
gemma2:9b,data_pmus_yaounde,q5_2,Agent_16,ENTRE 300 001 ET 500 000,4,3,4,4,4
gemma2:9b,data_pmus_yaounde,q5_3,Agent_16,HOMME,4,3,4,4,4
gemma2:9b,data_pmus_yaounde,centre ville,Agent_17,YAOUNDE,4,3,4,4,4
gemma2:9b,data_pmus_yaounde,q1_1,Agent_17,UN QUARTIER DE LA VILLE DE YAOUNDE,4,3,4,4,4
gemma2:9b,data_pmus_yaounde,q1_1_a,Agent_17,MVOG BETSI,4,3,4,4,4
gemma2:9b,data_pmus_yaounde,q1_1_b,Agent_17,BORNE 10,4,3,4,4,4
gemma2:9b,data_pmus_yaounde,q1_1_c,Agent_17,,2,1,2,1,3
gemma2:9b,data_pmus_yaounde,q1_2,Agent_17,UN QUARTIER DE LA VILLE DE YAOUNDE,4,3,4,4,4
gemma2:9b,data_pmus_yaounde,q1_2_a,Agent_17,ABOM,4,3,4,4,4
gemma2:9b,data_pmus_yaounde,q1_2_b,Agent_17,BEATITUDE,4,3,4,4,4
gemma2:9b,data_pmus_yaounde,q1_3_c,Agent_17,,2,1,2,1,3
gemma2:9b,data_pmus_yaounde,q2_1,Agent_17,A PIED,4,3,4,4,4
gemma2:9b,data_pmus_yaounde,q2_2_1,Agent_17,2 CHEVEAU,4,3,4,4,4
gemma2:9b,data_pmus_yaounde,q2_2_2,Agent_17,10 E ARRET,4,3,4,4,4
gemma2:9b,data_pmus_yaounde,q2_3_1,Agent_17,0LESOA,4,3,4,4,4
gemma2:9b,data_pmus_yaounde,q2_3_2,Agent_17,,2,1,2,1,3
gemma2:9b,data_pmus_yaounde,q2_3,Agent_17,NON,5,4,5,4,4
gemma2:9b,data_pmus_yaounde,q2_4,Agent_17,A PIED,4,3,4,4,4
gemma2:9b,data_pmus_yaounde,q2_5_1,Agent_17,,2,1,2,1,3
gemma2:9b,data_pmus_yaounde,q2_5_2,Agent_17,,2,1,2,1,3
gemma2:9b,data_pmus_yaounde,q2_6_1,Agent_17,,2,1,2,1,3
gemma2:9b,data_pmus_yaounde,q2_6_2,Agent_17,,2,1,2,1,3
gemma2:9b,data_pmus_yaounde,q3_1,Agent_17,NON,5,4,5,4,4
gemma2:9b,data_pmus_yaounde,q3_2,Agent_17,A PIED,4,3,4,4,4
gemma2:9b,data_pmus_yaounde,q3_3_1,Agent_17,,2,1,2,1,3
gemma2:9b,data_pmus_yaounde,q3_3_2,Agent_17,,2,1,2,1,3
gemma2:9b,data_pmus_yaounde,q4_1_a,Agent_17,Veuillez indiquer depuis combien de temps vous attendez.,5,5,5,5,5
gemma2:9b,data_pmus_yaounde,q4_1_b,Agent_17,MOINS DE 5 MIN,4,3,4,4,4
gemma2:9b,data_pmus_yaounde,q4_2_a,Agent_17,Veuillez indiquer depuis combien de temps vous attendez.,5,5,5,5,5
gemma2:9b,data_pmus_yaounde,q4_2_b,Agent_17,30 60 MIN,4,3,4,4,4
gemma2:9b,data_pmus_yaounde,q4_3,Agent_17,300,4,3,4,4,4
gemma2:9b,data_pmus_yaounde,q4_4,Agent_17,TRAVAIL,4,3,4,4,4
gemma2:9b,data_pmus_yaounde,q4_4_autres,Agent_17,ACHAT,4,3,4,4,4
gemma2:9b,data_pmus_yaounde,q5_1,Agent_17,ENTRE 36 ET 45 ANS,4,3,4,4,4
gemma2:9b,data_pmus_yaounde,q5_2,Agent_17,MOINS DE 30 000,4,3,4,4,4
gemma2:9b,data_pmus_yaounde,q5_3,Agent_17,HOMME,4,3,4,4,4
gemma2:9b,data_pmus_yaounde,centre ville,Agent_18,YAOUNDE,4,3,4,4,4
gemma2:9b,data_pmus_yaounde,q1_1,Agent_18,UN QUARTIER DE LA VILLE DE YAOUNDE,4,3,4,4,4
gemma2:9b,data_pmus_yaounde,q1_1_a,Agent_18,ABIT,4,3,4,4,4
gemma2:9b,data_pmus_yaounde,q1_1_b,Agent_18,10EME ARRET,4,3,4,4,4
gemma2:9b,data_pmus_yaounde,q1_1_c,Agent_18,,2,1,2,1,3
gemma2:9b,data_pmus_yaounde,q1_2,Agent_18,UN QUARTIER DE LA VILLE DE YAOUNDE,4,3,4,4,4
gemma2:9b,data_pmus_yaounde,q1_2_a,Agent_18,ABOM,4,3,4,4,4
gemma2:9b,data_pmus_yaounde,q1_2_b,Agent_18,,2,1,2,1,3
gemma2:9b,data_pmus_yaounde,q1_3_c,Agent_18,,2,1,2,1,3
gemma2:9b,data_pmus_yaounde,q2_1,Agent_18,A PIED,4,3,4,4,4
gemma2:9b,data_pmus_yaounde,q2_2_1,Agent_18,,2,1,2,1,3
gemma2:9b,data_pmus_yaounde,q2_2_2,Agent_18,,2,1,2,1,3
gemma2:9b,data_pmus_yaounde,q2_3_1,Agent_18,,2,1,2,1,3
gemma2:9b,data_pmus_yaounde,q2_3_2,Agent_18,,2,1,2,1,3
gemma2:9b,data_pmus_yaounde,q2_3,Agent_18,NON,5,4,5,4,4
gemma2:9b,data_pmus_yaounde,q2_4,Agent_18,A PIED,4,3,4,4,4
gemma2:9b,data_pmus_yaounde,q2_5_1,Agent_18,,2,1,2,1,3
gemma2:9b,data_pmus_yaounde,q2_5_2,Agent_18,,2,1,2,1,3
gemma2:9b,data_pmus_yaounde,q2_6_1,Agent_18,CENTRE VILLE,4,3,4,4,4
gemma2:9b,data_pmus_yaounde,q2_6_2,Agent_18,CENTRE VILLE,4,3,4,4,4
gemma2:9b,data_pmus_yaounde,q3_1,Agent_18,NON,5,4,5,4,4
gemma2:9b,data_pmus_yaounde,q3_2,Agent_18,A PIED,4,3,4,4,4
gemma2:9b,data_pmus_yaounde,q3_3_1,Agent_18,CENTRE VILLE,4,3,4,4,4
gemma2:9b,data_pmus_yaounde,q3_3_2,Agent_18,CENTRE VILLE,4,3,4,4,4
gemma2:9b,data_pmus_yaounde,q4_1_a,Agent_18,Veuillez indiquer depuis combien de temps vous attendez.,5,5,5,5,5
gemma2:9b,data_pmus_yaounde,q4_1_b,Agent_18,MOINS DE 5 MIN,4,3,4,4,4
gemma2:9b,data_pmus_yaounde,q4_2_a,Agent_18,Veuillez indiquer depuis combien de temps vous attendez.,5,5,5,5,5
gemma2:9b,data_pmus_yaounde,q4_2_b,Agent_18,30 60 MIN,4,3,4,4,4
gemma2:9b,data_pmus_yaounde,q4_3,Agent_18,2600,4,3,4,4,4
gemma2:9b,data_pmus_yaounde,q4_4,Agent_18,VISITE FAMILLE,4,3,4,4,4
gemma2:9b,data_pmus_yaounde,q4_4_autres,Agent_18,ACHAT,4,3,4,4,4
gemma2:9b,data_pmus_yaounde,q5_1,Agent_18,ENTRE 36 ET 45 ANS,4,3,4,4,4
gemma2:9b,data_pmus_yaounde,q5_2,Agent_18,ENTRE 30 001 ET 100 000,4,3,4,4,4
gemma2:9b,data_pmus_yaounde,q5_3,Agent_18,HOMME,4,3,4,4,4
gemma2:9b,data_pmus_yaounde,centre ville,Agent_19,YAOUNDE,4,3,4,4,4
gemma2:9b,data_pmus_yaounde,q1_1,Agent_19,UN QUARTIER DE LA VILLE DE YAOUNDE,4,3,4,4,4
gemma2:9b,data_pmus_yaounde,q1_1_a,Agent_19,ELIG EDZOA,4,3,4,4,4
gemma2:9b,data_pmus_yaounde,q1_1_b,Agent_19,MONTEE NKONDENGUI,4,3,4,4,4
gemma2:9b,data_pmus_yaounde,q1_1_c,Agent_19,NKOASSI,4,3,4,4,4
gemma2:9b,data_pmus_yaounde,q1_2,Agent_19,UN QUARTIER DE LA VILLE DE YAOUNDE,4,3,4,4,4
gemma2:9b,data_pmus_yaounde,q1_2_a,Agent_19,DAMAS,4,3,4,4,4
gemma2:9b,data_pmus_yaounde,q1_2_b,Agent_19,10 IEME ARRET,4,3,4,4,4
gemma2:9b,data_pmus_yaounde,q1_3_c,Agent_19,AFANOYA,4,3,4,4,4
gemma2:9b,data_pmus_yaounde,q2_1,Agent_19,PAR TAXI,4,3,4,4,4
gemma2:9b,data_pmus_yaounde,q2_2_1,Agent_19,2 CHEVEAU,4,3,4,4,4
gemma2:9b,data_pmus_yaounde,q2_2_2,Agent_19,10 E ARRET,4,3,4,4,4
gemma2:9b,data_pmus_yaounde,q2_3_1,Agent_19,TOTAL,4,3,4,4,4
gemma2:9b,data_pmus_yaounde,q2_3_2,Agent_19,TOTALNGOUSSO,4,3,4,4,4
gemma2:9b,data_pmus_yaounde,q2_3,Agent_19,NON,5,4,5,4,4
gemma2:9b,data_pmus_yaounde,q2_4,Agent_19,PAR TAXI,4,3,4,4,4
gemma2:9b,data_pmus_yaounde,q2_5_1,Agent_19,A B0NAS,4,3,4,4,4
gemma2:9b,data_pmus_yaounde,q2_5_2,Agent_19,0MPHINE,4,3,4,4,4
gemma2:9b,data_pmus_yaounde,q2_6_1,Agent_19,ABATTOIR,4,3,4,4,4
gemma2:9b,data_pmus_yaounde,q2_6_2,Agent_19,11EME ARRET,4,3,4,4,4
gemma2:9b,data_pmus_yaounde,q3_1,Agent_19,NON,5,4,5,4,4
gemma2:9b,data_pmus_yaounde,q3_2,Agent_19,PAR TAXI,4,3,4,4,4
gemma2:9b,data_pmus_yaounde,q3_3_1,Agent_19,QUARTIER FOUDA,4,3,4,4,4
gemma2:9b,data_pmus_yaounde,q3_3_2,Agent_19,10 IEME ARRET,4,3,4,4,4
gemma2:9b,data_pmus_yaounde,q4_1_a,Agent_19,Veuillez indiquer depuis combien de temps vous attendez.,5,5,5,5,5
gemma2:9b,data_pmus_yaounde,q4_1_b,Agent_19,MOINS DE 5 MIN,4,3,4,4,4
gemma2:9b,data_pmus_yaounde,q4_2_a,Agent_19,Veuillez indiquer depuis combien de temps vous attendez.,5,5,5,5,5
gemma2:9b,data_pmus_yaounde,q4_2_b,Agent_19,30 60 MIN,4,3,4,4,4
gemma2:9b,data_pmus_yaounde,q4_3,Agent_19,5000,4,3,4,4,4
gemma2:9b,data_pmus_yaounde,q4_4,Agent_19,VISITE FAMILLE,4,3,4,4,4
gemma2:9b,data_pmus_yaounde,q4_4_autres,Agent_19,ACHAT,4,3,4,4,4
gemma2:9b,data_pmus_yaounde,q5_1,Agent_19,ENTRE 18 ET 25 ANS,4,3,4,4,4
gemma2:9b,data_pmus_yaounde,q5_2,Agent_19,ENTRE 30 001 ET 100 000,4,3,4,4,4
gemma2:9b,data_pmus_yaounde,q5_3,Agent_19,FEMME,4,3,4,4,4
gemma2:9b,data_pmus_yaounde,centre ville,Agent_20,YAOUNDE,4,3,4,4,4
gemma2:9b,data_pmus_yaounde,q1_1,Agent_20,UN QUARTIER DE LA VILLE DE YAOUNDE,4,3,4,4,4
gemma2:9b,data_pmus_yaounde,q1_1_a,Agent_20,ABIT,4,3,4,4,4
gemma2:9b,data_pmus_yaounde,q1_1_b,Agent_20,10EME ARRET,4,3,4,4,4
gemma2:9b,data_pmus_yaounde,q1_1_c,Agent_20,,2,1,2,1,3
gemma2:9b,data_pmus_yaounde,q1_2,Agent_20,UN QUARTIER DE LA VILLE DE YAOUNDE,4,3,4,4,4
gemma2:9b,data_pmus_yaounde,q1_2_a,Agent_20,MINI FERME,4,3,4,4,4
gemma2:9b,data_pmus_yaounde,q1_2_b,Agent_20,MINI FERME,4,3,4,4,4
gemma2:9b,data_pmus_yaounde,q1_3_c,Agent_20,,2,1,2,1,3
gemma2:9b,data_pmus_yaounde,q2_1,Agent_20,A PIED,4,3,4,4,4
gemma2:9b,data_pmus_yaounde,q2_2_1,Agent_20,MINI FERME,4,3,4,4,4
gemma2:9b,data_pmus_yaounde,q2_2_2,Agent_20,10 E ARRET,4,3,4,4,4
gemma2:9b,data_pmus_yaounde,q2_3_1,Agent_20,MINI FERME,4,3,4,4,4
gemma2:9b,data_pmus_yaounde,q2_3_2,Agent_20,0NANA,4,3,4,4,4
gemma2:9b,data_pmus_yaounde,q2_3,Agent_20,NON,5,4,5,4,4
gemma2:9b,data_pmus_yaounde,q2_4,Agent_20,PAR BUS STACY,4,3,4,4,4
gemma2:9b,data_pmus_yaounde,q2_5_1,Agent_20,MINI FERME,4,3,4,4,4
gemma2:9b,data_pmus_yaounde,q2_5_2,Agent_20,MINI FERME,4,3,4,4,4
gemma2:9b,data_pmus_yaounde,q2_6_1,Agent_20,ABATTOIR,4,3,4,4,4
gemma2:9b,data_pmus_yaounde,q2_6_2,Agent_20,11EME ARRET,4,3,4,4,4
gemma2:9b,data_pmus_yaounde,q3_1,Agent_20,NON,5,4,5,4,4
gemma2:9b,data_pmus_yaounde,q3_2,Agent_20,PAR BUS STACY,4,3,4,4,4
gemma2:9b,data_pmus_yaounde,q3_3_1,Agent_20,ACACIA,4,3,4,4,4
gemma2:9b,data_pmus_yaounde,q3_3_2,Agent_20,ACACIA,4,3,4,4,4
gemma2:9b,data_pmus_yaounde,q4_1_a,Agent_20,Veuillez indiquer depuis combien de temps vous attendez.,5,5,5,5,5
gemma2:9b,data_pmus_yaounde,q4_1_b,Agent_20,MOINS DE 5 MIN,4,3,4,4,4
gemma2:9b,data_pmus_yaounde,q4_2_a,Agent_20,Veuillez indiquer depuis combien de temps vous attendez.,5,5,5,5,5
gemma2:9b,data_pmus_yaounde,q4_2_b,Agent_20,30 60 MIN,4,3,4,4,4
gemma2:9b,data_pmus_yaounde,q4_3,Agent_20,2500,4,3,4,4,4
gemma2:9b,data_pmus_yaounde,q4_4,Agent_20,COURSES,4,3,4,4,4
gemma2:9b,data_pmus_yaounde,q4_4_autres,Agent_20,FAIRE DES ACHATS,4,3,4,4,4
gemma2:9b,data_pmus_yaounde,q5_1,Agent_20,ENTRE 18 ET 25 ANS,4,3,4,4,4
gemma2:9b,data_pmus_yaounde,q5_2,Agent_20,ENTRE 30 001 ET 100 000,4,3,4,4,4
gemma2:9b,data_pmus_yaounde,q5_3,Agent_20,HOMME,4,3,4,4,4
gemma2:9b,data_pmus_yaounde,centre ville,Agent_21,YAOUNDE,4,3,4,4,4
gemma2:9b,data_pmus_yaounde,q1_1,Agent_21,UN QUARTIER DE LA VILLE DE YAOUNDE,4,3,4,4,4
gemma2:9b,data_pmus_yaounde,q1_1_a,Agent_21,ABIT,4,3,4,4,4
gemma2:9b,data_pmus_yaounde,q1_1_b,Agent_21,10EME ARRET,4,3,4,4,4
gemma2:9b,data_pmus_yaounde,q1_1_c,Agent_21,,2,1,2,1,3
gemma2:9b,data_pmus_yaounde,q1_2,Agent_21,UN QUARTIER DE LA VILLE DE YAOUNDE,4,3,4,4,4
gemma2:9b,data_pmus_yaounde,q1_2_a,Agent_21,ABOM,4,3,4,4,4
gemma2:9b,data_pmus_yaounde,q1_2_b,Agent_21,10 IEME ARRET,4,3,4,4,4
gemma2:9b,data_pmus_yaounde,q1_3_c,Agent_21,,2,1,2,1,3
gemma2:9b,data_pmus_yaounde,q2_1,Agent_21,A PIED,4,3,4,4,4
gemma2:9b,data_pmus_yaounde,q2_2_1,Agent_21,,2,1,2,1,3
gemma2:9b,data_pmus_yaounde,q2_2_2,Agent_21,A PIED,4,3,4,4,4
gemma2:9b,data_pmus_yaounde,q2_3_1,Agent_21,,2,1,2,1,3
gemma2:9b,data_pmus_yaounde,q2_3_2,Agent_21,,2,1,2,1,3
gemma2:9b,data_pmus_yaounde,q2_3,Agent_21,NON,5,4,5,4,4
gemma2:9b,data_pmus_yaounde,q2_4,Agent_21,A PIED,4,3,4,4,4
gemma2:9b,data_pmus_yaounde,q2_5_1,Agent_21,,2,1,2,1,3
gemma2:9b,data_pmus_yaounde,q2_5_2,Agent_21,,2,1,2,1,3
gemma2:9b,data_pmus_yaounde,q2_6_1,Agent_21,,2,1,2,1,3
gemma2:9b,data_pmus_yaounde,q2_6_2,Agent_21,,2,1,2,1,3
gemma2:9b,data_pmus_yaounde,q3_1,Agent_21,NON,5,4,5,4,4
gemma2:9b,data_pmus_yaounde,q3_2,Agent_21,A PIED,4,3,4,4,4
gemma2:9b,data_pmus_yaounde,q3_3_1,Agent_21,,2,1,2,1,3
gemma2:9b,data_pmus_yaounde,q3_3_2,Agent_21,,2,1,2,1,3
gemma2:9b,data_pmus_yaounde,q4_1_a,Agent_21,Veuillez indiquer depuis combien de temps vous attendez.,5,5,5,5,5
gemma2:9b,data_pmus_yaounde,q4_1_b,Agent_21,MOINS DE 5 MIN,4,3,4,4,4
gemma2:9b,data_pmus_yaounde,q4_2_a,Agent_21,Veuillez indiquer depuis combien de temps vous attendez.,5,5,5,5,5
gemma2:9b,data_pmus_yaounde,q4_2_b,Agent_21,30 60 MIN,4,3,4,4,4
gemma2:9b,data_pmus_yaounde,q4_3,Agent_21,1550,4,3,4,4,4
gemma2:9b,data_pmus_yaounde,q4_4,Agent_21,COURSES,4,3,4,4,4
gemma2:9b,data_pmus_yaounde,q4_4_autres,Agent_21,FAIRE DES ACHATS,4,3,4,4,4
gemma2:9b,data_pmus_yaounde,q5_1,Agent_21,MOINS DE 18 ANS,4,3,4,4,4
gemma2:9b,data_pmus_yaounde,q5_2,Agent_21,ENTRE 30 001 ET 100 000,4,3,4,4,4
gemma2:9b,data_pmus_yaounde,q5_3,Agent_21,FEMME,4,3,4,4,4
gemma2:9b,data_pmus_yaounde,centre ville,Agent_22,YAOUNDE,4,3,4,4,4
gemma2:9b,data_pmus_yaounde,q1_1,Agent_22,UN QUARTIER DE LA VILLE DE YAOUNDE,4,3,4,4,4
gemma2:9b,data_pmus_yaounde,q1_1_a,Agent_22,NSIMEYONG,4,3,4,4,4
gemma2:9b,data_pmus_yaounde,q1_1_b,Agent_22,CHAPPELLE,4,3,4,4,4
gemma2:9b,data_pmus_yaounde,q1_1_c,Agent_22,,2,1,2,1,3
gemma2:9b,data_pmus_yaounde,q1_2,Agent_22,UN QUARTIER DE LA VILLE DE YAOUNDE,4,3,4,4,4
gemma2:9b,data_pmus_yaounde,q1_2_a,Agent_22,FOUDA,4,3,4,4,4
gemma2:9b,data_pmus_yaounde,q1_2_b,Agent_22,FOUDA,4,3,4,4,4
gemma2:9b,data_pmus_yaounde,q1_3_c,Agent_22,,2,1,2,1,3
gemma2:9b,data_pmus_yaounde,q2_1,Agent_22,A PIED,4,3,4,4,4
gemma2:9b,data_pmus_yaounde,q2_2_1,Agent_22,2 CHEVEAU,4,3,4,4,4
gemma2:9b,data_pmus_yaounde,q2_2_2,Agent_22,NSIMEYONG,4,3,4,4,4
gemma2:9b,data_pmus_yaounde,q2_3_1,Agent_22,NSIMEYONG,4,3,4,4,4
gemma2:9b,data_pmus_yaounde,q2_3_2,Agent_22,NSIMEYONG,4,3,4,4,4
gemma2:9b,data_pmus_yaounde,q2_3,Agent_22,NON,5,4,5,4,4
gemma2:9b,data_pmus_yaounde,q2_4,Agent_22,PAR BUS STACY,4,3,4,4,4
gemma2:9b,data_pmus_yaounde,q2_5_1,Agent_22,NSIMEYONG,4,3,4,4,4
gemma2:9b,data_pmus_yaounde,q2_5_2,Agent_22,0MPHINE,4,3,4,4,4
gemma2:9b,data_pmus_yaounde,q2_6_1,Agent_22,NSIMEYONG,4,3,4,4,4
gemma2:9b,data_pmus_yaounde,q2_6_2,Agent_22,11EME ARRET,4,3,4,4,4
gemma2:9b,data_pmus_yaounde,q3_1,Agent_22,NON,5,4,5,4,4
gemma2:9b,data_pmus_yaounde,q3_2,Agent_22,PAR BUS STACY,4,3,4,4,4
gemma2:9b,data_pmus_yaounde,q3_3_1,Agent_22,ACACIA,4,3,4,4,4
gemma2:9b,data_pmus_yaounde,q3_3_2,Agent_22,ACACIA,4,3,4,4,4
gemma2:9b,data_pmus_yaounde,q4_1_a,Agent_22,Veuillez indiquer depuis combien de temps vous attendez.,5,5,5,5,5
gemma2:9b,data_pmus_yaounde,q4_1_b,Agent_22,MOINS DE 5 MIN,4,3,4,4,4
gemma2:9b,data_pmus_yaounde,q4_2_a,Agent_22,Veuillez indiquer depuis combien de temps vous attendez.,5,5,5,5,5
gemma2:9b,data_pmus_yaounde,q4_2_b,Agent_22,30 60 MIN,4,3,4,4,4
gemma2:9b,data_pmus_yaounde,q4_3,Agent_22,3500,4,3,4,4,4
gemma2:9b,data_pmus_yaounde,q4_4,Agent_22,D MARCHES ADMINISTRATIVES ET OU SANT,4,3,4,4,4
gemma2:9b,data_pmus_yaounde,q4_4_autres,Agent_22,ACHAT,4,3,4,4,4
gemma2:9b,data_pmus_yaounde,q5_1,Agent_22,ENTRE 36 ET 45 ANS,4,3,4,4,4
gemma2:9b,data_pmus_yaounde,q5_2,Agent_22,ENTRE 300 001 ET 500 000,4,3,4,4,4
gemma2:9b,data_pmus_yaounde,q5_3,Agent_22,FEMME,4,3,4,4,4
gemma2:9b,data_pmus_yaounde,centre ville,Agent_23,YAOUNDE,4,3,4,4,4
gemma2:9b,data_pmus_yaounde,q1_1,Agent_23,UN QUARTIER DE LA VILLE DE YAOUNDE,4,3,4,4,4
gemma2:9b,data_pmus_yaounde,q1_1_a,Agent_23,ABIT,4,3,4,4,4
gemma2:9b,data_pmus_yaounde,q1_1_b,Agent_23,10EME ARRET,4,3,4,4,4
gemma2:9b,data_pmus_yaounde,q1_1_c,Agent_23,,2,1,2,1,3
gemma2:9b,data_pmus_yaounde,q1_2,Agent_23,UN QUARTIER DE LA VILLE DE YAOUNDE,4,3,4,4,4
gemma2:9b,data_pmus_yaounde,q1_2_a,Agent_23,ABOM,4,3,4,4,4
gemma2:9b,data_pmus_yaounde,q1_2_b,Agent_23,10 IEME ARRET,4,3,4,4,4
gemma2:9b,data_pmus_yaounde,q1_3_c,Agent_23,,2,1,2,1,3
gemma2:9b,data_pmus_yaounde,q2_1,Agent_23,A PIED,4,3,4,4,4
gemma2:9b,data_pmus_yaounde,q2_2_1,Agent_23,,2,1,2,1,3
gemma2:9b,data_pmus_yaounde,q2_2_2,Agent_23,,2,1,2,1,3
gemma2:9b,data_pmus_yaounde,q2_3_1,Agent_23,,2,1,2,1,3
gemma2:9b,data_pmus_yaounde,q2_3_2,Agent_23,BRASSERI,4,3,4,4,4
gemma2:9b,data_pmus_yaounde,q2_3,Agent_23,NON,5,4,5,4,4
gemma2:9b,data_pmus_yaounde,q2_4,Agent_23,A PIED,4,3,4,4,4
gemma2:9b,data_pmus_yaounde,q2_5_1,Agent_23,A B0NAS,4,3,4,4,4
gemma2:9b,data_pmus_yaounde,q2_5_2,Agent_23,0MPHINE,4,3,4,4,4
gemma2:9b,data_pmus_yaounde,q2_6_1,Agent_23,ABATTOIR,4,3,4,4,4
gemma2:9b,data_pmus_yaounde,q2_6_2,Agent_23,11EME ARRET,4,3,4,4,4
gemma2:9b,data_pmus_yaounde,q3_1,Agent_23,NON,5,4,5,4,4
gemma2:9b,data_pmus_yaounde,q3_2,Agent_23,A PIED,4,3,4,4,4
gemma2:9b,data_pmus_yaounde,q3_3_1,Agent_23,BRASSERIE,4,3,4,4,4
gemma2:9b,data_pmus_yaounde,q3_3_2,Agent_23,BRASSERIE,4,3,4,4,4
gemma2:9b,data_pmus_yaounde,q4_1_a,Agent_23,Veuillez indiquer depuis combien de temps vous attendez.,5,5,5,5,5
gemma2:9b,data_pmus_yaounde,q4_1_b,Agent_23,MOINS DE 5 MIN,4,3,4,4,4
gemma2:9b,data_pmus_yaounde,q4_2_a,Agent_23,Veuillez indiquer depuis combien de temps vous attendez.,5,5,5,5,5
gemma2:9b,data_pmus_yaounde,q4_2_b,Agent_23,MOINS DE 15 MIN,4,3,4,4,4
gemma2:9b,data_pmus_yaounde,q4_3,Agent_23,350,4,3,4,4,4
gemma2:9b,data_pmus_yaounde,q4_4,Agent_23,VISITE FAMILLE,4,3,4,4,4
gemma2:9b,data_pmus_yaounde,q4_4_autres,Agent_23,ACHAT,4,3,4,4,4
gemma2:9b,data_pmus_yaounde,q5_1,Agent_23,ENTRE 26 ET 35 ANS,4,3,4,4,4
gemma2:9b,data_pmus_yaounde,q5_2,Agent_23,ENTRE 30 001 ET 100 000,4,3,4,4,4
gemma2:9b,data_pmus_yaounde,q5_3,Agent_23,FEMME,4,3,4,4,4
gemma2:9b,data_pmus_yaounde,centre ville,Agent_24,YAOUNDE,4,3,4,4,4
gemma2:9b,data_pmus_yaounde,q1_1,Agent_24,UN QUARTIER DE LA VILLE DE YAOUNDE,4,3,4,4,4
gemma2:9b,data_pmus_yaounde,q1_1_a,Agent_24,MVOG ADA,4,3,4,4,4
gemma2:9b,data_pmus_yaounde,q1_1_b,Agent_24,BOUKARI,4,3,4,4,4
gemma2:9b,data_pmus_yaounde,q1_1_c,Agent_24,,2,1,2,1,3
gemma2:9b,data_pmus_yaounde,q1_2,Agent_24,UN QUARTIER DE LA VILLE DE YAOUNDE,4,3,4,4,4
gemma2:9b,data_pmus_yaounde,q1_2_a,Agent_24,ABOM,4,3,4,4,4
gemma2:9b,data_pmus_yaounde,q1_2_b,Agent_24,10 IEME ARRET,4,3,4,4,4
gemma2:9b,data_pmus_yaounde,q1_3_c,Agent_24,,2,1,2,1,3
gemma2:9b,data_pmus_yaounde,q2_1,Agent_24,A PIED,4,3,4,4,4
gemma2:9b,data_pmus_yaounde,q2_2_1,Agent_24,2 CHEVEAU,4,3,4,4,4
gemma2:9b,data_pmus_yaounde,q2_2_2,Agent_24,A PIED,4,3,4,4,4
gemma2:9b,data_pmus_yaounde,q2_3_1,Agent_24,,2,1,2,1,3
gemma2:9b,data_pmus_yaounde,q2_3_2,Agent_24,,2,1,2,1,3
gemma2:9b,data_pmus_yaounde,q2_3,Agent_24,NON,5,4,5,4,4
gemma2:9b,data_pmus_yaounde,q2_4,Agent_24,PAR BUS STACY,4,3,4,4,4
gemma2:9b,data_pmus_yaounde,q2_5_1,Agent_24,A B0NAS,4,3,4,4,4
gemma2:9b,data_pmus_yaounde,q2_5_2,Agent_24,0MPHINE,4,3,4,4,4
gemma2:9b,data_pmus_yaounde,q2_6_1,Agent_24,ABATTOIR,4,3,4,4,4
gemma2:9b,data_pmus_yaounde,q2_6_2,Agent_24,11EME ARRET,4,3,4,4,4
gemma2:9b,data_pmus_yaounde,q3_1,Agent_24,NON,5,4,5,4,4
gemma2:9b,data_pmus_yaounde,q3_2,Agent_24,PAR BUS STACY,4,3,4,4,4
gemma2:9b,data_pmus_yaounde,q3_3_1,Agent_24,ACACIA,4,3,4,4,4
gemma2:9b,data_pmus_yaounde,q3_3_2,Agent_24,ACACIA,4,3,4,4,4
gemma2:9b,data_pmus_yaounde,q4_1_a,Agent_24,Veuillez indiquer depuis combien de temps vous attendez.,5,5,5,5,5
gemma2:9b,data_pmus_yaounde,q4_1_b,Agent_24,MOINS DE 5 MIN,4,3,4,4,4
gemma2:9b,data_pmus_yaounde,q4_2_a,Agent_24,Veuillez indiquer depuis combien de temps vous attendez.,5,5,5,5,5
gemma2:9b,data_pmus_yaounde,q4_2_b,Agent_24,30 60 MIN,4,3,4,4,4
gemma2:9b,data_pmus_yaounde,q4_3,Agent_24,7000,4,3,4,4,4
gemma2:9b,data_pmus_yaounde,q4_4,Agent_24,TRAVAIL,4,3,4,4,4
gemma2:9b,data_pmus_yaounde,q4_4_autres,Agent_24,ACHAT,4,3,4,4,4
gemma2:9b,data_pmus_yaounde,q5_1,Agent_24,ENTRE 26 ET 35 ANS,4,3,4,4,4
gemma2:9b,data_pmus_yaounde,q5_2,Agent_24,ENTRE 30 001 ET 100 000,4,3,4,4,4
gemma2:9b,data_pmus_yaounde,q5_3,Agent_24,FEMME,4,3,4,4,4
gemma2:9b,data_pmus_yaounde,centre ville,Agent_25,YAOUNDE,4,3,4,4,4
gemma2:9b,data_pmus_yaounde,q1_1,Agent_25,UN QUARTIER DE LA VILLE DE YAOUNDE,4,3,4,4,4
gemma2:9b,data_pmus_yaounde,q1_1_a,Agent_25,LEBOUDI,4,3,4,4,4
gemma2:9b,data_pmus_yaounde,q1_1_b,Agent_25,LEBOUDI,4,3,4,4,4
gemma2:9b,data_pmus_yaounde,q1_1_c,Agent_25,,2,1,2,1,3
gemma2:9b,data_pmus_yaounde,q1_2,Agent_25,UN QUARTIER DE LA VILLE DE YAOUNDE,4,3,4,4,4
gemma2:9b,data_pmus_yaounde,q1_2_a,Agent_25,LEBOUDI,4,3,4,4,4
gemma2:9b,data_pmus_yaounde,q1_2_b,Agent_25,LEBOUDI,4,3,4,4,4
gemma2:9b,data_pmus_yaounde,q1_3_c,Agent_25,,2,1,2,1,3
gemma2:9b,data_pmus_yaounde,q2_1,Agent_25,A PIED,4,3,4,4,4
gemma2:9b,data_pmus_yaounde,q2_2_1,Agent_25,2 CHEVEAU,4,3,4,4,4
gemma2:9b,data_pmus_yaounde,q2_2_2,Agent_25,LEBOUDI,4,3,4,4,4
gemma2:9b,data_pmus_yaounde,q2_3_1,Agent_25,LEBOUDI,4,3,4,4,4
gemma2:9b,data_pmus_yaounde,q2_3_2,Agent_25,LEBOUDI,4,3,4,4,4
gemma2:9b,data_pmus_yaounde,q2_3,Agent_25,NON,5,4,5,4,4
gemma2:9b,data_pmus_yaounde,q2_4,Agent_25,PAR BUS STACY,4,3,4,4,4
gemma2:9b,data_pmus_yaounde,q2_5_1,Agent_25,LEBOUDI,4,3,4,4,4
gemma2:9b,data_pmus_yaounde,q2_5_2,Agent_25,LEBOUDI,4,3,4,4,4
gemma2:9b,data_pmus_yaounde,q2_6_1,Agent_25,LEBOUDI,4,3,4,4,4
gemma2:9b,data_pmus_yaounde,q2_6_2,Agent_25,11EME ARRET,4,3,4,4,4
gemma2:9b,data_pmus_yaounde,q3_1,Agent_25,NON,5,4,5,4,4
gemma2:9b,data_pmus_yaounde,q3_2,Agent_25,PAR BUS STACY,4,3,4,4,4
gemma2:9b,data_pmus_yaounde,q3_3_1,Agent_25,LEBOUDI,4,3,4,4,4
gemma2:9b,data_pmus_yaounde,q3_3_2,Agent_25,LEBOUDI,4,3,4,4,4
gemma2:9b,data_pmus_yaounde,q4_1_a,Agent_25,Veuillez indiquer depuis combien de temps vous attendez.,5,5,5,5,5
gemma2:9b,data_pmus_yaounde,q4_1_b,Agent_25,MOINS DE 5 MIN,4,3,4,4,4
gemma2:9b,data_pmus_yaounde,q4_2_a,Agent_25,Veuillez indiquer depuis combien de temps vous attendez.,5,5,5,5,5
gemma2:9b,data_pmus_yaounde,q4_2_b,Agent_25,30 60 MIN,4,3,4,4,4
gemma2:9b,data_pmus_yaounde,q4_3,Agent_25,450,4,3,4,4,4
gemma2:9b,data_pmus_yaounde,q4_4,Agent_25,VISITE FAMILLE,4,3,4,4,4
gemma2:9b,data_pmus_yaounde,q4_4_autres,Agent_25,ACHAT,4,3,4,4,4
gemma2:9b,data_pmus_yaounde,q5_1,Agent_25,ENTRE 26 ET 35 ANS,4,3,4,4,4
gemma2:9b,data_pmus_yaounde,q5_2,Agent_25,ENTRE 30 001 ET 100 000,4,3,4,4,4
gemma2:9b,data_pmus_yaounde,q5_3,Agent_25,HOMME,4,3,4,4,4
gemma2:9b,data_pmus_yaounde,centre ville,Agent_26,YAOUNDE,4,3,4,4,4
gemma2:9b,data_pmus_yaounde,q1_1,Agent_26,UN QUARTIER DE LA VILLE DE YAOUNDE,4,3,4,4,4
gemma2:9b,data_pmus_yaounde,q1_1_a,Agent_26,ABIT,4,3,4,4,4
gemma2:9b,data_pmus_yaounde,q1_1_b,Agent_26,ENTREE METURE,4,3,4,4,4
gemma2:9b,data_pmus_yaounde,q1_1_c,Agent_26,,2,1,2,1,3
gemma2:9b,data_pmus_yaounde,q1_2,Agent_26,UN QUARTIER DE LA VILLE DE YAOUNDE,4,3,4,4,4
gemma2:9b,data_pmus_yaounde,q1_2_a,Agent_26,ABOM,4,3,4,4,4
gemma2:9b,data_pmus_yaounde,q1_2_b,Agent_26,,2,1,2,1,3
gemma2:9b,data_pmus_yaounde,q1_3_c,Agent_26,,2,1,2,1,3
gemma2:9b,data_pmus_yaounde,q2_1,Agent_26,A PIED,4,3,4,4,4
gemma2:9b,data_pmus_yaounde,q2_2_1,Agent_26,,2,1,2,1,3
gemma2:9b,data_pmus_yaounde,q2_2_2,Agent_26,,2,1,2,1,3
gemma2:9b,data_pmus_yaounde,q2_3_1,Agent_26,,2,1,2,1,3
gemma2:9b,data_pmus_yaounde,q2_3_2,Agent_26,,2,1,2,1,3
gemma2:9b,data_pmus_yaounde,q2_3,Agent_26,NON,5,4,5,4,4
gemma2:9b,data_pmus_yaounde,q2_4,Agent_26,A PIED,4,3,4,4,4
gemma2:9b,data_pmus_yaounde,q2_5_1,Agent_26,,2,1,2,1,3
gemma2:9b,data_pmus_yaounde,q2_5_2,Agent_26,,2,1,2,1,3
gemma2:9b,data_pmus_yaounde,q2_6_1,Agent_26,,2,1,2,1,3
gemma2:9b,data_pmus_yaounde,q2_6_2,Agent_26,,2,1,2,1,3
gemma2:9b,data_pmus_yaounde,q3_1,Agent_26,NON,5,4,5,4,4
gemma2:9b,data_pmus_yaounde,q3_2,Agent_26,A PIED,4,3,4,4,4
gemma2:9b,data_pmus_yaounde,q3_3_1,Agent_26,,2,1,2,1,3
gemma2:9b,data_pmus_yaounde,q3_3_2,Agent_26,,2,1,2,1,3
gemma2:9b,data_pmus_yaounde,q4_1_a,Agent_26,Veuillez indiquer depuis combien de temps vous attendez.,5,5,5,5,5
gemma2:9b,data_pmus_yaounde,q4_1_b,Agent_26,MOINS DE 5 MIN,4,3,4,4,4
gemma2:9b,data_pmus_yaounde,q4_2_a,Agent_26,Veuillez indiquer depuis combien de temps vous attendez.,5,5,5,5,5
gemma2:9b,data_pmus_yaounde,q4_2_b,Agent_26,30 60 MIN,4,3,4,4,4
gemma2:9b,data_pmus_yaounde,q4_3,Agent_26,2000,4,3,4,4,4
gemma2:9b,data_pmus_yaounde,q4_4,Agent_26,TRAVAIL,4,3,4,4,4
gemma2:9b,data_pmus_yaounde,q4_4_autres,Agent_26,ACHAT,4,3,4,4,4
gemma2:9b,data_pmus_yaounde,q5_1,Agent_26,MOINS DE 18 ANS,4,3,4,4,4
gemma2:9b,data_pmus_yaounde,q5_2,Agent_26,ENTRE 30 001 ET 100 000,4,3,4,4,4
gemma2:9b,data_pmus_yaounde,q5_3,Agent_26,HOMME,4,3,4,4,4
gemma2:9b,data_pmus_yaounde,centre ville,Agent_27,YAOUNDE,4,3,4,4,4
gemma2:9b,data_pmus_yaounde,q1_1,Agent_27,UN QUARTIER DE LA VILLE DE YAOUNDE,4,3,4,4,4
gemma2:9b,data_pmus_yaounde,q1_1_a,Agent_27,NKO NDONGO,4,3,4,4,4
gemma2:9b,data_pmus_yaounde,q1_1_b,Agent_27,PHOTO JEEUNES,4,3,4,4,4
gemma2:9b,data_pmus_yaounde,q1_1_c,Agent_27,AFANOYA,4,3,4,4,4
gemma2:9b,data_pmus_yaounde,q1_2,Agent_27,UN QUARTIER DE LA VILLE DE YAOUNDE,4,3,4,4,4
gemma2:9b,data_pmus_yaounde,q1_2_a,Agent_27,NKOLBISSON,4,3,4,4,4
gemma2:9b,data_pmus_yaounde,q1_2_b,Agent_27,NKOLBISSON,4,3,4,4,4
gemma2:9b,data_pmus_yaounde,q1_3_c,Agent_27,YAOUNDE,4,3,4,4,4
gemma2:9b,data_pmus_yaounde,q2_1,Agent_27,PAR BUS STACY,4,3,4,4,4
gemma2:9b,data_pmus_yaounde,q2_2_1,Agent_27,CARREFOUR MBALA DEUX,4,3,4,4,4
gemma2:9b,data_pmus_yaounde,q2_2_2,Agent_27,10 E ARRET,4,3,4,4,4
gemma2:9b,data_pmus_yaounde,q2_3_1,Agent_27,0LESOA,4,3,4,4,4
gemma2:9b,data_pmus_yaounde,q2_3_2,Agent_27,TERMINUS,4,3,4,4,4
gemma2:9b,data_pmus_yaounde,q2_3,Agent_27,NON,5,4,5,4,4
gemma2:9b,data_pmus_yaounde,q2_4,Agent_27,A PIED,4,3,4,4,4
gemma2:9b,data_pmus_yaounde,q2_5_1,Agent_27,A B0NAS,4,3,4,4,4
gemma2:9b,data_pmus_yaounde,q2_5_2,Agent_27,0MPHINE,4,3,4,4,4
gemma2:9b,data_pmus_yaounde,q2_6_1,Agent_27,ABATTOIR,4,3,4,4,4
gemma2:9b,data_pmus_yaounde,q2_6_2,Agent_27,11EME ARRET,4,3,4,4,4
gemma2:9b,data_pmus_yaounde,q3_1,Agent_27,NON,5,4,5,4,4
gemma2:9b,data_pmus_yaounde,q3_2,Agent_27,PAR CARGO MINI BUS,4,3,4,4,4
gemma2:9b,data_pmus_yaounde,q3_3_1,Agent_27,ACACIA,4,3,4,4,4
gemma2:9b,data_pmus_yaounde,q3_3_2,Agent_27,ACACIA,4,3,4,4,4
gemma2:9b,data_pmus_yaounde,q4_1_a,Agent_27,Veuillez indiquer depuis combien de temps vous attendez.,5,5,5,5,5
gemma2:9b,data_pmus_yaounde,q4_1_b,Agent_27,MOINS DE 5 MIN,4,3,4,4,4
gemma2:9b,data_pmus_yaounde,q4_2_a,Agent_27,Veuillez indiquer depuis combien de temps vous attendez.,5,5,5,5,5
gemma2:9b,data_pmus_yaounde,q4_2_b,Agent_27,30 60 MIN,4,3,4,4,4
gemma2:9b,data_pmus_yaounde,q4_3,Agent_27,1500,4,3,4,4,4
gemma2:9b,data_pmus_yaounde,q4_4,Agent_27,VISITE FAMILLE,4,3,4,4,4
gemma2:9b,data_pmus_yaounde,q4_4_autres,Agent_27,ACHAT,4,3,4,4,4
gemma2:9b,data_pmus_yaounde,q5_1,Agent_27,ENTRE 18 ET 25 ANS,4,3,4,4,4
gemma2:9b,data_pmus_yaounde,q5_2,Agent_27,MOINS DE 30 000,4,3,4,4,4
gemma2:9b,data_pmus_yaounde,q5_3,Agent_27,HOMME,4,3,4,4,4
gemma2:9b,data_pmus_yaounde,centre ville,Agent_28,YAOUNDE,4,3,4,4,4
gemma2:9b,data_pmus_yaounde,q1_1,Agent_28,UN QUARTIER DE LA VILLE DE YAOUNDE,4,3,4,4,4
gemma2:9b,data_pmus_yaounde,q1_1_a,Agent_28,OLEZOA,4,3,4,4,4
gemma2:9b,data_pmus_yaounde,q1_1_b,Agent_28,EKOUM DOUM,4,3,4,4,4
gemma2:9b,data_pmus_yaounde,q1_1_c,Agent_28,,2,1,2,1,3
gemma2:9b,data_pmus_yaounde,q1_2,Agent_28,UN QUARTIER DE LA VILLE DE YAOUNDE,4,3,4,4,4
gemma2:9b,data_pmus_yaounde,q1_2_a,Agent_28,EKOUM DOUM,4,3,4,4,4
gemma2:9b,data_pmus_yaounde,q1_2_b,Agent_28,EKOUM DOUM,4,3,4,4,4
gemma2:9b,data_pmus_yaounde,q1_3_c,Agent_28,,2,1,2,1,3
gemma2:9b,data_pmus_yaounde,q2_1,Agent_28,A PIED,4,3,4,4,4
gemma2:9b,data_pmus_yaounde,q2_2_1,Agent_28,2 CHEVEAU,4,3,4,4,4
gemma2:9b,data_pmus_yaounde,q2_2_2,Agent_28,EKOUM DOUM,4,3,4,4,4
gemma2:9b,data_pmus_yaounde,q2_3_1,Agent_28,EKOUM DOUM,4,3,4,4,4
gemma2:9b,data_pmus_yaounde,q2_3_2,Agent_28,0NANA,4,3,4,4,4
gemma2:9b,data_pmus_yaounde,q2_3,Agent_28,NON,5,4,5,4,4
gemma2:9b,data_pmus_yaounde,q2_4,Agent_28,A PIED,4,3,4,4,4
gemma2:9b,data_pmus_yaounde,q2_5_1,Agent_28,OLEZOA,4,3,4,4,4
gemma2:9b,data_pmus_yaounde,q2_5_2,Agent_28,0MPHINE,4,3,4,4,4
gemma2:9b,data_pmus_yaounde,q2_6_1,Agent_28,ONANA,4,3,4,4,4
gemma2:9b,data_pmus_yaounde,q2_6_2,Agent_28,11EME ARRET,4,3,4,4,4
gemma2:9b,data_pmus_yaounde,q3_1,Agent_28,NON,5,4,5,4,4
gemma2:9b,data_pmus_yaounde,q3_2,Agent_28,A PIED,4,3,4,4,4
gemma2:9b,data_pmus_yaounde,q3_3_1,Agent_28,OLEZOA,4,3,4,4,4
gemma2:9b,data_pmus_yaounde,q3_3_2,Agent_28,10 IEME ARRET,4,3,4,4,4
gemma2:9b,data_pmus_yaounde,q4_1_a,Agent_28,Veuillez indiquer depuis combien de temps vous attendez.,5,5,5,5,5
gemma2:9b,data_pmus_yaounde,q4_1_b,Agent_28,MOINS DE 5 MIN,4,3,4,4,4
gemma2:9b,data_pmus_yaounde,q4_2_a,Agent_28,Veuillez indiquer depuis combien de temps vous attendez.,5,5,5,5,5
gemma2:9b,data_pmus_yaounde,q4_2_b,Agent_28,30 60 MIN,4,3,4,4,4
gemma2:9b,data_pmus_yaounde,q4_3,Agent_28,200,4,3,4,4,4
gemma2:9b,data_pmus_yaounde,q4_4,Agent_28,TRAVAIL,4,3,4,4,4
gemma2:9b,data_pmus_yaounde,q4_4_autres,Agent_28,ACHAT,4,3,4,4,4
gemma2:9b,data_pmus_yaounde,q5_1,Agent_28,ENTRE 26 ET 35 ANS,4,3,4,4,4
gemma2:9b,data_pmus_yaounde,q5_2,Agent_28,ENTRE 300 001 ET 500 000,4,3,4,4,4
gemma2:9b,data_pmus_yaounde,q5_3,Agent_28,HOMME,4,3,4,4,4
gemma2:9b,data_pmus_yaounde,centre ville,Agent_29,YAOUNDE,4,3,4,4,4
gemma2:9b,data_pmus_yaounde,q1_1,Agent_29,UN QUARTIER DE LA VILLE DE YAOUNDE,4,3,4,4,4
gemma2:9b,data_pmus_yaounde,q1_1_a,Agent_29,TKC,4,3,4,4,4
gemma2:9b,data_pmus_yaounde,q1_1_b,Agent_29,COLLEGE FLEMIE,4,3,4,4,4
gemma2:9b,data_pmus_yaounde,q1_1_c,Agent_29,,2,1,2,1,3
gemma2:9b,data_pmus_yaounde,q1_2,Agent_29,UN QUARTIER DE LA VILLE DE YAOUNDE,4,3,4,4,4
gemma2:9b,data_pmus_yaounde,q1_2_a,Agent_29,ABOM,4,3,4,4,4
gemma2:9b,data_pmus_yaounde,q1_2_b,Agent_29,ENTREE VALLEE,4,3,4,4,4
gemma2:9b,data_pmus_yaounde,q1_3_c,Agent_29,,2,1,2,1,3
gemma2:9b,data_pmus_yaounde,q2_1,Agent_29,A PIED,4,3,4,4,4
gemma2:9b,data_pmus_yaounde,q2_2_1,Agent_29,2 CHEVEAU,4,3,4,4,4
gemma2:9b,data_pmus_yaounde,q2_2_2,Agent_29,10 E ARRET,4,3,4,4,4
gemma2:9b,data_pmus_yaounde,q2_3_1,Agent_29,0LESOA,4,3,4,4,4
gemma2:9b,data_pmus_yaounde,q2_3_2,Agent_29,0NANA,4,3,4,4,4
gemma2:9b,data_pmus_yaounde,q2_3,Agent_29,NON,5,4,5,4,4
gemma2:9b,data_pmus_yaounde,q2_4,Agent_29,A PIED,4,3,4,4,4
gemma2:9b,data_pmus_yaounde,q2_5_1,Agent_29,SIMBOCK,4,3,4,4,4
gemma2:9b,data_pmus_yaounde,q2_5_2,Agent_29,0MPHINE,4,3,4,4,4
gemma2:9b,data_pmus_yaounde,q2_6_1,Agent_29,ABATTOIR,4,3,4,4,4
gemma2:9b,data_pmus_yaounde,q2_6_2,Agent_29,11EME ARRET,4,3,4,4,4
gemma2:9b,data_pmus_yaounde,q3_1,Agent_29,NON,5,4,5,4,4
gemma2:9b,data_pmus_yaounde,q3_2,Agent_29,A PIED,4,3,4,4,4
gemma2:9b,data_pmus_yaounde,q3_3_1,Agent_29,,2,1,2,1,3
gemma2:9b,data_pmus_yaounde,q3_3_2,Agent_29,10 IEME ARRET,4,3,4,4,4
gemma2:9b,data_pmus_yaounde,q4_1_a,Agent_29,Veuillez indiquer depuis combien de temps vous attendez.,5,5,5,5,5
gemma2:9b,data_pmus_yaounde,q4_1_b,Agent_29,MOINS DE 5 MIN,4,3,4,4,4
gemma2:9b,data_pmus_yaounde,q4_2_a,Agent_29,Veuillez indiquer depuis combien de temps vous attendez.,5,5,5,5,5
gemma2:9b,data_pmus_yaounde,q4_2_b,Agent_29,30 60 MIN,4,3,4,4,4
gemma2:9b,data_pmus_yaounde,q4_3,Agent_29,1800,4,3,4,4,4
gemma2:9b,data_pmus_yaounde,q4_4,Agent_29,D MARCHES ADMINISTRATIVES ET OU SANT,4,3,4,4,4
gemma2:9b,data_pmus_yaounde,q4_4_autres,Agent_29,ACHAT,4,3,4,4,4
gemma2:9b,data_pmus_yaounde,q5_1,Agent_29,MOINS DE 18 ANS,4,3,4,4,4
gemma2:9b,data_pmus_yaounde,q5_2,Agent_29,MOINS DE 30 000,4,3,4,4,4
gemma2:9b,data_pmus_yaounde,q5_3,Agent_29,FEMME,4,3,4,4,4
gemma2:9b,data_pmus_yaounde,centre ville,Agent_30,YAOUNDE,4,3,4,4,4
gemma2:9b,data_pmus_yaounde,q1_1,Agent_30,UN QUARTIER DE LA VILLE DE YAOUNDE,4,3,4,4,4
gemma2:9b,data_pmus_yaounde,q1_1_a,Agent_30,ABIT,4,3,4,4,4
gemma2:9b,data_pmus_yaounde,q1_1_b,Agent_30,CARAMBA,4,3,4,4,4
gemma2:9b,data_pmus_yaounde,q1_1_c,Agent_30,,2,1,2,1,3
gemma2:9b,data_pmus_yaounde,q1_2,Agent_30,UN QUARTIER DE LA VILLE DE YAOUNDE,4,3,4,4,4
gemma2:9b,data_pmus_yaounde,q1_2_a,Agent_30,BABA,4,3,4,4,4
gemma2:9b,data_pmus_yaounde,q1_2_b,Agent_30,BABA,4,3,4,4,4
gemma2:9b,data_pmus_yaounde,q1_3_c,Agent_30,,2,1,2,1,3
gemma2:9b,data_pmus_yaounde,q2_1,Agent_30,PAR BUS STACY,4,3,4,4,4
gemma2:9b,data_pmus_yaounde,q2_2_1,Agent_30,2 CHEVEAU,4,3,4,4,4
gemma2:9b,data_pmus_yaounde,q2_2_2,Agent_30,NKOA MBANG,4,3,4,4,4
gemma2:9b,data_pmus_yaounde,q2_3_1,Agent_30,NKOA MBANG,4,3,4,4,4
gemma2:9b,data_pmus_yaounde,q2_3_2,Agent_30,NKOA MBANG,4,3,4,4,4
gemma2:9b,data_pmus_yaounde,q2_3,Agent_30,NON,5,4,5,4,4
gemma2:9b,data_pmus_yaounde,q2_4,Agent_30,PAR BUS STACY,4,3,4,4,4
gemma2:9b,data_pmus_yaounde,q2_5_1,Agent_30,NKOA MBANG,4,3,4,4,4
gemma2:9b,data_pmus_yaounde,q2_5_2,Agent_30,0MPHINE,4,3,4,4,4
gemma2:9b,data_pmus_yaounde,q2_6_1,Agent_30,NKOA MBANG,4,3,4,4,4
gemma2:9b,data_pmus_yaounde,q2_6_2,Agent_30,11EME ARRET,4,3,4,4,4
gemma2:9b,data_pmus_yaounde,q3_1,Agent_30,NON,5,4,5,4,4
gemma2:9b,data_pmus_yaounde,q3_2,Agent_30,PAR BUS STACY,4,3,4,4,4
gemma2:9b,data_pmus_yaounde,q3_3_1,Agent_30,NKOA MBANG,4,3,4,4,4
gemma2:9b,data_pmus_yaounde,q3_3_2,Agent_30,NKOA MBANG,4,3,4,4,4
gemma2:9b,data_pmus_yaounde,q4_1_a,Agent_30,Veuillez indiquer depuis combien de temps vous attendez.,5,5,5,5,5
gemma2:9b,data_pmus_yaounde,q4_1_b,Agent_30,MOINS DE 5 MIN,4,3,4,4,4
gemma2:9b,data_pmus_yaounde,q4_2_a,Agent_30,Veuillez indiquer depuis combien de temps vous attendez.,5,5,5,5,5
gemma2:9b,data_pmus_yaounde,q4_2_b,Agent_30,15 30 MIN,4,3,4,4,4
gemma2:9b,data_pmus_yaounde,q4_3,Agent_30,150,4,3,4,4,4
gemma2:9b,data_pmus_yaounde,q4_4,Agent_30,VISITE FAMILLE,4,3,4,4,4
gemma2:9b,data_pmus_yaounde,q4_4_autres,Agent_30,ACHAT,4,3,4,4,4
gemma2:9b,data_pmus_yaounde,q5_1,Agent_30,ENTRE 36 ET 45 ANS,4,3,4,4,4
gemma2:9b,data_pmus_yaounde,q5_2,Agent_30,ENTRE 30 001 ET 100 000,4,3,4,4,4
gemma2:9b,data_pmus_yaounde,q5_3,Agent_30,FEMME,4,3,4,4,4
gemma2:9b,data_pmus_yaounde,centre ville,Agent_31,YAOUNDE,4,3,4,4,4
gemma2:9b,data_pmus_yaounde,q1_1,Agent_31,UN QUARTIER DE LA VILLE DE YAOUNDE,4,3,4,4,4
gemma2:9b,data_pmus_yaounde,q1_1_a,Agent_31,ABIT,4,3,4,4,4
gemma2:9b,data_pmus_yaounde,q1_1_b,Agent_31,10EME ARRET,4,3,4,4,4
gemma2:9b,data_pmus_yaounde,q1_1_c,Agent_31,AFANOYA,4,3,4,4,4
gemma2:9b,data_pmus_yaounde,q1_2,Agent_31,UN QUARTIER DE LA VILLE DE YAOUNDE,4,3,4,4,4
gemma2:9b,data_pmus_yaounde,q1_2_a,Agent_31,ABOM,4,3,4,4,4
gemma2:9b,data_pmus_yaounde,q1_2_b,Agent_31,10 IEME ARRET,4,3,4,4,4
gemma2:9b,data_pmus_yaounde,q1_3_c,Agent_31,YAOUNDE,4,3,4,4,4
gemma2:9b,data_pmus_yaounde,q2_1,Agent_31,A PIED,4,3,4,4,4
gemma2:9b,data_pmus_yaounde,q2_2_1,Agent_31,2 CHEVEAU,4,3,4,4,4
gemma2:9b,data_pmus_yaounde,q2_2_2,Agent_31,10 E ARRET,4,3,4,4,4
gemma2:9b,data_pmus_yaounde,q2_3_1,Agent_31,NKOLBISSON,4,3,4,4,4
gemma2:9b,data_pmus_yaounde,q2_3_2,Agent_31,0NANA,4,3,4,4,4
gemma2:9b,data_pmus_yaounde,q2_3,Agent_31,NON,5,4,5,4,4
gemma2:9b,data_pmus_yaounde,q2_4,Agent_31,PAR BUS STACY,4,3,4,4,4
gemma2:9b,data_pmus_yaounde,q2_5_1,Agent_31,A B0NAS,4,3,4,4,4
gemma2:9b,data_pmus_yaounde,q2_5_2,Agent_31,0MPHINE,4,3,4,4,4
gemma2:9b,data_pmus_yaounde,q2_6_1,Agent_31,ABATTOIR,4,3,4,4,4
gemma2:9b,data_pmus_yaounde,q2_6_2,Agent_31,11EME ARRET,4,3,4,4,4
gemma2:9b,data_pmus_yaounde,q3_1,Agent_31,NON,5,4,5,4,4
gemma2:9b,data_pmus_yaounde,q3_2,Agent_31,PAR BUS STACY,4,3,4,4,4
gemma2:9b,data_pmus_yaounde,q3_3_1,Agent_31,ACACIA,4,3,4,4,4
gemma2:9b,data_pmus_yaounde,q3_3_2,Agent_31,10 IEME ARRET,4,3,4,4,4
gemma2:9b,data_pmus_yaounde,q4_1_a,Agent_31,Veuillez indiquer depuis combien de temps vous attendez.,5,5,5,5,5
gemma2:9b,data_pmus_yaounde,q4_1_b,Agent_31,MOINS DE 5 MIN,4,3,4,4,4
gemma2:9b,data_pmus_yaounde,q4_2_a,Agent_31,Veuillez indiquer depuis combien de temps vous attendez.,5,5,5,5,5
gemma2:9b,data_pmus_yaounde,q4_2_b,Agent_31,30 60 MIN,4,3,4,4,4
gemma2:9b,data_pmus_yaounde,q4_3,Agent_31,650,4,3,4,4,4
gemma2:9b,data_pmus_yaounde,q4_4,Agent_31,COURSES,4,3,4,4,4
gemma2:9b,data_pmus_yaounde,q4_4_autres,Agent_31,FAIRE DES ACHATS,4,3,4,4,4
gemma2:9b,data_pmus_yaounde,q5_1,Agent_31,ENTRE 18 ET 25 ANS,4,3,4,4,4
gemma2:9b,data_pmus_yaounde,q5_2,Agent_31,ENTRE 30 001 ET 100 000,4,3,4,4,4
gemma2:9b,data_pmus_yaounde,q5_3,Agent_31,FEMME,4,3,4,4,4
gemma2:9b,data_pmus_yaounde,centre ville,Agent_32,YAOUNDE,4,3,4,4,4
gemma2:9b,data_pmus_yaounde,q1_1,Agent_32,UN QUARTIER DE LA VILLE DE YAOUNDE,4,3,4,4,4
gemma2:9b,data_pmus_yaounde,q1_1_a,Agent_32,ABIT,4,3,4,4,4
gemma2:9b,data_pmus_yaounde,q1_1_b,Agent_32,SOUS MANGUIER,4,3,4,4,4
gemma2:9b,data_pmus_yaounde,q1_1_c,Agent_32,,2,1,2,1,3
gemma2:9b,data_pmus_yaounde,q1_2,Agent_32,UN QUARTIER DE LA VILLE DE YAOUNDE,4,3,4,4,4
gemma2:9b,data_pmus_yaounde,q1_2_a,Agent_32,MFOU,4,3,4,4,4
gemma2:9b,data_pmus_yaounde,q1_2_b,Agent_32,MFOU,4,3,4,4,4
gemma2:9b,data_pmus_yaounde,q1_3_c,Agent_32,,2,1,2,1,3
gemma2:9b,data_pmus_yaounde,q2_1,Agent_32,PAR BUS STACY,4,3,4,4,4
gemma2:9b,data_pmus_yaounde,q2_2_1,Agent_32,AU NIVEAU DE CARREFOUR BANANE,4,3,4,4,4
gemma2:9b,data_pmus_yaounde,q2_2_2,Agent_32,10 E ARRET,4,3,4,4,4
gemma2:9b,data_pmus_yaounde,q2_3_1,Agent_32,0LESOA,4,3,4,4,4
gemma2:9b,data_pmus_yaounde,q2_3_2,Agent_32,AUCUN,4,3,4,4,4
gemma2:9b,data_pmus_yaounde,q2_3,Agent_32,NON,5,4,5,4,4
gemma2:9b,data_pmus_yaounde,q2_4,Agent_32,PAR BUS STACY,4,3,4,4,4
gemma2:9b,data_pmus_yaounde,q2_5_1,Agent_32,A B0NAS,4,3,4,4,4
gemma2:9b,data_pmus_yaounde,q2_5_2,Agent_32,0MPHINE,4,3,4,4,4
gemma2:9b,data_pmus_yaounde,q2_6_1,Agent_32,ABATTOIR,4,3,4,4,4
gemma2:9b,data_pmus_yaounde,q2_6_2,Agent_32,11EME ARRET,4,3,4,4,4
gemma2:9b,data_pmus_yaounde,q3_1,Agent_32,NON,5,4,5,4,4
gemma2:9b,data_pmus_yaounde,q3_2,Agent_32,PAR BUS STACY,4,3,4,4,4
gemma2:9b,data_pmus_yaounde,q3_3_1,Agent_32,MBALLA 2,4,3,4,4,4
gemma2:9b,data_pmus_yaounde,q3_3_2,Agent_32,10 IEME ARRET,4,3,4,4,4
gemma2:9b,data_pmus_yaounde,q4_1_a,Agent_32,Veuillez indiquer depuis combien de temps vous attendez.,5,5,5,5,5
gemma2:9b,data_pmus_yaounde,q4_1_b,Agent_32,MOINS DE 5 MIN,4,3,4,4,4
gemma2:9b,data_pmus_yaounde,q4_2_a,Agent_32,Veuillez indiquer depuis combien de temps vous attendez.,5,5,5,5,5
gemma2:9b,data_pmus_yaounde,q4_2_b,Agent_32,15 30 MIN,4,3,4,4,4
gemma2:9b,data_pmus_yaounde,q4_3,Agent_32,200,4,3,4,4,4
gemma2:9b,data_pmus_yaounde,q4_4,Agent_32,D MARCHES ADMINISTRATIVES ET OU SANT,4,3,4,4,4
gemma2:9b,data_pmus_yaounde,q4_4_autres,Agent_32,FAIRE DU MARCHE,4,3,4,4,4
gemma2:9b,data_pmus_yaounde,q5_1,Agent_32,ENTRE 18 ET 25 ANS,4,3,4,4,4
gemma2:9b,data_pmus_yaounde,q5_2,Agent_32,ENTRE 30 001 ET 100 000,4,3,4,4,4
gemma2:9b,data_pmus_yaounde,q5_3,Agent_32,FEMME,4,3,4,4,4
gemma2:9b,data_pmus_yaounde,centre ville,Agent_33,YAOUNDE,4,3,4,4,4
gemma2:9b,data_pmus_yaounde,q1_1,Agent_33,UN QUARTIER DE LA VILLE DE YAOUNDE,4,3,4,4,4
gemma2:9b,data_pmus_yaounde,q1_1_a,Agent_33,ABIT,4,3,4,4,4
gemma2:9b,data_pmus_yaounde,q1_1_b,Agent_33,COLLEGE ADV A NTISTE,4,3,4,4,4
gemma2:9b,data_pmus_yaounde,q1_1_c,Agent_33,,2,1,2,1,3
gemma2:9b,data_pmus_yaounde,q1_2,Agent_33,UN QUARTIER DE LA VILLE DE YAOUNDE,4,3,4,4,4
gemma2:9b,data_pmus_yaounde,q1_2_a,Agent_33,OBILI,4,3,4,4,4
gemma2:9b,data_pmus_yaounde,q1_2_b,Agent_33,OBILI,4,3,4,4,4
gemma2:9b,data_pmus_yaounde,q1_3_c,Agent_33,,2,1,2,1,3
gemma2:9b,data_pmus_yaounde,q2_1,Agent_33,PAR BUS STACY,4,3,4,4,4
gemma2:9b,data_pmus_yaounde,q2_2_1,Agent_33,AU BRASSERI,4,3,4,4,4
gemma2:9b,data_pmus_yaounde,q2_2_2,Agent_33,10 E ARRET,4,3,4,4,4
gemma2:9b,data_pmus_yaounde,q2_3_1,Agent_33,0LESOA,4,3,4,4,4
gemma2:9b,data_pmus_yaounde,q2_3_2,Agent_33,,2,1,2,1,3
gemma2:9b,data_pmus_yaounde,q2_3,Agent_33,NON,5,4,5,4,4
gemma2:9b,data_pmus_yaounde,q2_4,Agent_33,A PIED,4,3,4,4,4
gemma2:9b,data_pmus_yaounde,q2_5_1,Agent_33,,2,1,2,1,3
gemma2:9b,data_pmus_yaounde,q2_5_2,Agent_33,,2,1,2,1,3
gemma2:9b,data_pmus_yaounde,q2_6_1,Agent_33,,2,1,2,1,3
gemma2:9b,data_pmus_yaounde,q2_6_2,Agent_33,,2,1,2,1,3
gemma2:9b,data_pmus_yaounde,q3_1,Agent_33,NON,5,4,5,4,4
gemma2:9b,data_pmus_yaounde,q3_2,Agent_33,A PIED,4,3,4,4,4
gemma2:9b,data_pmus_yaounde,q3_3_1,Agent_33,,2,1,2,1,3
gemma2:9b,data_pmus_yaounde,q3_3_2,Agent_33,,2,1,2,1,3
gemma2:9b,data_pmus_yaounde,q4_1_a,Agent_33,Veuillez indiquer depuis combien de temps vous attendez.,5,5,5,5,5
gemma2:9b,data_pmus_yaounde,q4_1_b,Agent_33,MOINS DE 5 MIN,4,3,4,4,4
gemma2:9b,data_pmus_yaounde,q4_2_a,Agent_33,Veuillez indiquer depuis combien de temps vous attendez.,5,5,5,5,5
gemma2:9b,data_pmus_yaounde,q4_2_b,Agent_33,30 60 MIN,4,3,4,4,4
gemma2:9b,data_pmus_yaounde,q4_3,Agent_33,2900,4,3,4,4,4
gemma2:9b,data_pmus_yaounde,q4_4,Agent_33,TRAVAIL,4,3,4,4,4
gemma2:9b,data_pmus_yaounde,q4_4_autres,Agent_33,ACHAT,4,3,4,4,4
gemma2:9b,data_pmus_yaounde,q5_1,Agent_33,ENTRE 18 ET 25 ANS,4,3,4,4,4
gemma2:9b,data_pmus_yaounde,q5_2,Agent_33,ENTRE 30 001 ET 100 000,4,3,4,4,4
gemma2:9b,data_pmus_yaounde,q5_3,Agent_33,HOMME,4,3,4,4,4
gemma2:9b,data_pmus_yaounde,centre ville,Agent_34,YAOUNDE,4,3,4,4,4
gemma2:9b,data_pmus_yaounde,q1_1,Agent_34,UN QUARTIER DE LA VILLE DE YAOUNDE,4,3,4,4,4
gemma2:9b,data_pmus_yaounde,q1_1_a,Agent_34,ABIT,4,3,4,4,4
gemma2:9b,data_pmus_yaounde,q1_1_b,Agent_34,10EME ARRET,4,3,4,4,4
gemma2:9b,data_pmus_yaounde,q1_1_c,Agent_34,,2,1,2,1,3
gemma2:9b,data_pmus_yaounde,q1_2,Agent_34,UN QUARTIER DE LA VILLE DE YAOUNDE,4,3,4,4,4
gemma2:9b,data_pmus_yaounde,q1_2_a,Agent_34,FOURGEROLLES,4,3,4,4,4
gemma2:9b,data_pmus_yaounde,q1_2_b,Agent_34,10 IEME ARRET,4,3,4,4,4
gemma2:9b,data_pmus_yaounde,q1_3_c,Agent_34,,2,1,2,1,3
gemma2:9b,data_pmus_yaounde,q2_1,Agent_34,A PIED,4,3,4,4,4
gemma2:9b,data_pmus_yaounde,q2_2_1,Agent_34,,2,1,2,1,3
gemma2:9b,data_pmus_yaounde,q2_2_2,Agent_34,,2,1,2,1,3
gemma2:9b,data_pmus_yaounde,q2_3_1,Agent_34,,2,1,2,1,3
gemma2:9b,data_pmus_yaounde,q2_3_2,Agent_34,,2,1,2,1,3
gemma2:9b,data_pmus_yaounde,q2_3,Agent_34,NON,5,4,5,4,4
gemma2:9b,data_pmus_yaounde,q2_4,Agent_34,A PIED,4,3,4,4,4
gemma2:9b,data_pmus_yaounde,q2_5_1,Agent_34,,2,1,2,1,3
gemma2:9b,data_pmus_yaounde,q2_5_2,Agent_34,,2,1,2,1,3
gemma2:9b,data_pmus_yaounde,q2_6_1,Agent_34,,2,1,2,1,3
gemma2:9b,data_pmus_yaounde,q2_6_2,Agent_34,,2,1,2,1,3
gemma2:9b,data_pmus_yaounde,q3_1,Agent_34,NON,5,4,5,4,4
gemma2:9b,data_pmus_yaounde,q3_2,Agent_34,A PIED,4,3,4,4,4
gemma2:9b,data_pmus_yaounde,q3_3_1,Agent_34,,2,1,2,1,3
gemma2:9b,data_pmus_yaounde,q3_3_2,Agent_34,,2,1,2,1,3
gemma2:9b,data_pmus_yaounde,q4_1_a,Agent_34,Veuillez indiquer depuis combien de temps vous attendez.,5,5,5,5,5
gemma2:9b,data_pmus_yaounde,q4_1_b,Agent_34,MOINS DE 5 MIN,4,3,4,4,4
gemma2:9b,data_pmus_yaounde,q4_2_a,Agent_34,Veuillez indiquer depuis combien de temps vous attendez.,5,5,5,5,5
gemma2:9b,data_pmus_yaounde,q4_2_b,Agent_34,MOINS DE 15 MIN,4,3,4,4,4
gemma2:9b,data_pmus_yaounde,q4_3,Agent_34,950,4,3,4,4,4
gemma2:9b,data_pmus_yaounde,q4_4,Agent_34,ACTIVIT S DE LOISIRS,4,3,4,4,4
gemma2:9b,data_pmus_yaounde,q4_4_autres,Agent_34,ACHAT,4,3,4,4,4
gemma2:9b,data_pmus_yaounde,q5_1,Agent_34,ENTRE 18 ET 25 ANS,4,3,4,4,4
gemma2:9b,data_pmus_yaounde,q5_2,Agent_34,MOINS DE 30 000,4,3,4,4,4
gemma2:9b,data_pmus_yaounde,q5_3,Agent_34,FEMME,4,3,4,4,4
gemma2:9b,data_pmus_yaounde,centre ville,Agent_35,YAOUNDE,4,3,4,4,4
gemma2:9b,data_pmus_yaounde,q1_1,Agent_35,UN QUARTIER DE LA VILLE DE YAOUNDE,4,3,4,4,4
gemma2:9b,data_pmus_yaounde,q1_1_a,Agent_35,ABIT,4,3,4,4,4
gemma2:9b,data_pmus_yaounde,q1_1_b,Agent_35,10EME ARRET,4,3,4,4,4
gemma2:9b,data_pmus_yaounde,q1_1_c,Agent_35,,2,1,2,1,3
gemma2:9b,data_pmus_yaounde,q1_2,Agent_35,UN QUARTIER DE LA VILLE DE YAOUNDE,4,3,4,4,4
gemma2:9b,data_pmus_yaounde,q1_2_a,Agent_35,OBAM,4,3,4,4,4
gemma2:9b,data_pmus_yaounde,q1_2_b,Agent_35,OBAM,4,3,4,4,4
gemma2:9b,data_pmus_yaounde,q1_3_c,Agent_35,,2,1,2,1,3
gemma2:9b,data_pmus_yaounde,q2_1,Agent_35,A PIED,4,3,4,4,4
gemma2:9b,data_pmus_yaounde,q2_2_1,Agent_35,2 CHEVEAU,4,3,4,4,4
gemma2:9b,data_pmus_yaounde,q2_2_2,Agent_35,,2,1,2,1,3
gemma2:9b,data_pmus_yaounde,q2_3_1,Agent_35,0LESOA,4,3,4,4,4
gemma2:9b,data_pmus_yaounde,q2_3_2,Agent_35,CARREFOURETOUDI,4,3,4,4,4
gemma2:9b,data_pmus_yaounde,q2_3,Agent_35,NON,5,4,5,4,4
gemma2:9b,data_pmus_yaounde,q2_4,Agent_35,A PIED,4,3,4,4,4
gemma2:9b,data_pmus_yaounde,q2_5_1,Agent_35,,2,1,2,1,3
gemma2:9b,data_pmus_yaounde,q2_5_2,Agent_35,,2,1,2,1,3
gemma2:9b,data_pmus_yaounde,q2_6_1,Agent_35,ABATTOIR,4,3,4,4,4
gemma2:9b,data_pmus_yaounde,q2_6_2,Agent_35,11EME ARRET,4,3,4,4,4
gemma2:9b,data_pmus_yaounde,q3_1,Agent_35,NON,5,4,5,4,4
gemma2:9b,data_pmus_yaounde,q3_2,Agent_35,A PIED,4,3,4,4,4
gemma2:9b,data_pmus_yaounde,q3_3_1,Agent_35,,2,1,2,1,3
gemma2:9b,data_pmus_yaounde,q3_3_2,Agent_35,,2,1,2,1,3
gemma2:9b,data_pmus_yaounde,q4_1_a,Agent_35,Veuillez indiquer depuis combien de temps vous attendez.,5,5,5,5,5
gemma2:9b,data_pmus_yaounde,q4_1_b,Agent_35,MOINS DE 5 MIN,4,3,4,4,4
gemma2:9b,data_pmus_yaounde,q4_2_a,Agent_35,Veuillez indiquer depuis combien de temps vous attendez.,5,5,5,5,5
gemma2:9b,data_pmus_yaounde,q4_2_b,Agent_35,30 60 MIN,4,3,4,4,4
gemma2:9b,data_pmus_yaounde,q4_3,Agent_35,850,4,3,4,4,4
gemma2:9b,data_pmus_yaounde,q4_4,Agent_35,D MARCHES ADMINISTRATIVES ET OU SANT,4,3,4,4,4
gemma2:9b,data_pmus_yaounde,q4_4_autres,Agent_35,HOPITAL,4,3,4,4,4
gemma2:9b,data_pmus_yaounde,q5_1,Agent_35,ENTRE 18 ET 25 ANS,4,3,4,4,4
gemma2:9b,data_pmus_yaounde,q5_2,Agent_35,MOINS DE 30 000,4,3,4,4,4
gemma2:9b,data_pmus_yaounde,q5_3,Agent_35,FEMME,4,3,4,4,4
gemma2:9b,data_pmus_yaounde,centre ville,Agent_36,YAOUNDE,4,3,4,4,4
gemma2:9b,data_pmus_yaounde,q1_1,Agent_36,UN QUARTIER DE LA VILLE DE YAOUNDE,4,3,4,4,4
gemma2:9b,data_pmus_yaounde,q1_1_a,Agent_36,MVOLYE,4,3,4,4,4
gemma2:9b,data_pmus_yaounde,q1_1_b,Agent_36,10EME ARRET,4,3,4,4,4
gemma2:9b,data_pmus_yaounde,q1_1_c,Agent_36,,2,1,2,1,3
gemma2:9b,data_pmus_yaounde,q1_2,Agent_36,UN QUARTIER DE LA VILLE DE YAOUNDE,4,3,4,4,4
gemma2:9b,data_pmus_yaounde,q1_2_a,Agent_36,ABOM,4,3,4,4,4
gemma2:9b,data_pmus_yaounde,q1_2_b,Agent_36,SANTA BARBARA,4,3,4,4,4
gemma2:9b,data_pmus_yaounde,q1_3_c,Agent_36,,2,1,2,1,3
gemma2:9b,data_pmus_yaounde,q2_1,Agent_36,A PIED,4,3,4,4,4
gemma2:9b,data_pmus_yaounde,q2_2_1,Agent_36,2 CHEVEAU,4,3,4,4,4
gemma2:9b,data_pmus_yaounde,q2_2_2,Agent_36,,2,1,2,1,3
gemma2:9b,data_pmus_yaounde,q2_3_1,Agent_36,0LESOA,4,3,4,4,4
gemma2:9b,data_pmus_yaounde,q2_3_2,Agent_36,,2,1,2,1,3
gemma2:9b,data_pmus_yaounde,q2_3,Agent_36,NON,5,4,5,4,4
gemma2:9b,data_pmus_yaounde,q2_4,Agent_36,PAR BUS STACY,4,3,4,4,4
gemma2:9b,data_pmus_yaounde,q2_5_1,Agent_36,,2,1,2,1,3
gemma2:9b,data_pmus_yaounde,q2_5_2,Agent_36,,2,1,2,1,3
gemma2:9b,data_pmus_yaounde,q2_6_1,Agent_36,ABATTOIR,4,3,4,4,4
gemma2:9b,data_pmus_yaounde,q2_6_2,Agent_36,11EME ARRET,4,3,4,4,4
gemma2:9b,data_pmus_yaounde,q3_1,Agent_36,NON,5,4,5,4,4
gemma2:9b,data_pmus_yaounde,q3_2,Agent_36,PAR BUS STACY,4,3,4,4,4
gemma2:9b,data_pmus_yaounde,q3_3_1,Agent_36,SANTA BARBARA,4,3,4,4,4
gemma2:9b,data_pmus_yaounde,q3_3_2,Agent_36,10 IEME ARRET,4,3,4,4,4
gemma2:9b,data_pmus_yaounde,q4_1_a,Agent_36,Veuillez indiquer depuis combien de temps vous attendez.,5,5,5,5,5
gemma2:9b,data_pmus_yaounde,q4_1_b,Agent_36,MOINS DE 5 MIN,4,3,4,4,4
gemma2:9b,data_pmus_yaounde,q4_2_a,Agent_36,Veuillez indiquer depuis combien de temps vous attendez.,5,5,5,5,5
gemma2:9b,data_pmus_yaounde,q4_2_b,Agent_36,30 60 MIN,4,3,4,4,4
gemma2:9b,data_pmus_yaounde,q4_3,Agent_36,1500,4,3,4,4,4
gemma2:9b,data_pmus_yaounde,q4_4,Agent_36,VISITE FAMILLE,4,3,4,4,4
gemma2:9b,data_pmus_yaounde,q4_4_autres,Agent_36,REUNION FAMILIALE,4,3,4,4,4
gemma2:9b,data_pmus_yaounde,q5_1,Agent_36,MOINS DE 18 ANS,4,3,4,4,4
gemma2:9b,data_pmus_yaounde,q5_2,Agent_36,ENTRE 30 001 ET 100 000,4,3,4,4,4
gemma2:9b,data_pmus_yaounde,q5_3,Agent_36,FEMME,4,3,4,4,4
gemma2:9b,data_pmus_yaounde,centre ville,Agent_37,YAOUNDE,4,3,4,4,4
gemma2:9b,data_pmus_yaounde,q1_1,Agent_37,UN QUARTIER DE LA VILLE DE YAOUNDE,4,3,4,4,4
gemma2:9b,data_pmus_yaounde,q1_1_a,Agent_37,ABIT,4,3,4,4,4
gemma2:9b,data_pmus_yaounde,q1_1_b,Agent_37,10EME ARRET,4,3,4,4,4
gemma2:9b,data_pmus_yaounde,q1_1_c,Agent_37,,2,1,2,1,3
gemma2:9b,data_pmus_yaounde,q1_2,Agent_37,UN QUARTIER DE LA VILLE DE YAOUNDE,4,3,4,4,4
gemma2:9b,data_pmus_yaounde,q1_2_a,Agent_37,DRAGAGE,4,3,4,4,4
gemma2:9b,data_pmus_yaounde,q1_2_b,Agent_37,DRAGAGE,4,3,4,4,4
gemma2:9b,data_pmus_yaounde,q1_3_c,Agent_37,,2,1,2,1,3
gemma2:9b,data_pmus_yaounde,q2_1,Agent_37,A PIED,4,3,4,4,4
gemma2:9b,data_pmus_yaounde,q2_2_1,Agent_37,2 CHEVEAU,4,3,4,4,4
gemma2:9b,data_pmus_yaounde,q2_2_2,Agent_37,CENTRE,4,3,4,4,4
gemma2:9b,data_pmus_yaounde,q2_3_1,Agent_37,CARREFOURE MEC,4,3,4,4,4
gemma2:9b,data_pmus_yaounde,q2_3_2,Agent_37,0NANA,4,3,4,4,4
gemma2:9b,data_pmus_yaounde,q2_3,Agent_37,NON,5,4,5,4,4
gemma2:9b,data_pmus_yaounde,q2_4,Agent_37,PAR BUS STACY,4,3,4,4,4
gemma2:9b,data_pmus_yaounde,q2_5_1,Agent_37,CENTRE VILLE,4,3,4,4,4
gemma2:9b,data_pmus_yaounde,q2_5_2,Agent_37,0MPHINE,4,3,4,4,4
gemma2:9b,data_pmus_yaounde,q2_6_1,Agent_37,ONANA,4,3,4,4,4
gemma2:9b,data_pmus_yaounde,q2_6_2,Agent_37,11EME ARRET,4,3,4,4,4
gemma2:9b,data_pmus_yaounde,q3_1,Agent_37,NON,5,4,5,4,4
gemma2:9b,data_pmus_yaounde,q3_2,Agent_37,PAR BUS STACY,4,3,4,4,4
gemma2:9b,data_pmus_yaounde,q3_3_1,Agent_37,ACACIA,4,3,4,4,4
gemma2:9b,data_pmus_yaounde,q3_3_2,Agent_37,CENTRE VILLE,4,3,4,4,4
gemma2:9b,data_pmus_yaounde,q4_1_a,Agent_37,Veuillez indiquer depuis combien de temps vous attendez.,5,5,5,5,5
gemma2:9b,data_pmus_yaounde,q4_1_b,Agent_37,MOINS DE 5 MIN,4,3,4,4,4
gemma2:9b,data_pmus_yaounde,q4_2_a,Agent_37,Veuillez indiquer depuis combien de temps vous attendez.,5,5,5,5,5
gemma2:9b,data_pmus_yaounde,q4_2_b,Agent_37,30 60 MIN,4,3,4,4,4
gemma2:9b,data_pmus_yaounde,q4_3,Agent_37,100,4,3,4,4,4
gemma2:9b,data_pmus_yaounde,q4_4,Agent_37,TRAVAIL,4,3,4,4,4
gemma2:9b,data_pmus_yaounde,q4_4_autres,Agent_37,ACHAT,4,3,4,4,4
gemma2:9b,data_pmus_yaounde,q5_1,Agent_37,ENTRE 18 ET 25 ANS,4,3,4,4,4
gemma2:9b,data_pmus_yaounde,q5_2,Agent_37,ENTRE 30 001 ET 100 000,4,3,4,4,4
gemma2:9b,data_pmus_yaounde,q5_3,Agent_37,FEMME,4,3,4,4,4
gemma2:9b,data_pmus_yaounde,centre ville,Agent_38,YAOUNDE,4,3,4,4,4
gemma2:9b,data_pmus_yaounde,q1_1,Agent_38,UN QUARTIER DE LA VILLE DE YAOUNDE,4,3,4,4,4
gemma2:9b,data_pmus_yaounde,q1_1_a,Agent_38,NKOL NDA,4,3,4,4,4
gemma2:9b,data_pmus_yaounde,q1_1_b,Agent_38,10EME ARRET,4,3,4,4,4
gemma2:9b,data_pmus_yaounde,q1_1_c,Agent_38,AFANOYA,4,3,4,4,4
gemma2:9b,data_pmus_yaounde,q1_2,Agent_38,UN QUARTIER DE LA VILLE DE YAOUNDE,4,3,4,4,4
gemma2:9b,data_pmus_yaounde,q1_2_a,Agent_38,ABOM,4,3,4,4,4
gemma2:9b,data_pmus_yaounde,q1_2_b,Agent_38,10 IEME ARRET,4,3,4,4,4
gemma2:9b,data_pmus_yaounde,q1_3_c,Agent_38,AFANOYA,4,3,4,4,4
gemma2:9b,data_pmus_yaounde,q2_1,Agent_38,A PIED,4,3,4,4,4
gemma2:9b,data_pmus_yaounde,q2_2_1,Agent_38,2 CHEVEAU,4,3,4,4,4
gemma2:9b,data_pmus_yaounde,q2_2_2,Agent_38,,2,1,2,1,3
gemma2:9b,data_pmus_yaounde,q2_3_1,Agent_38,,2,1,2,1,3
gemma2:9b,data_pmus_yaounde,q2_3_2,Agent_38,,2,1,2,1,3
gemma2:9b,data_pmus_yaounde,q2_3,Agent_38,NON,5,4,5,4,4
gemma2:9b,data_pmus_yaounde,q2_4,Agent_38,A PIED,4,3,4,4,4
gemma2:9b,data_pmus_yaounde,q2_5_1,Agent_38,,2,1,2,1,3
gemma2:9b,data_pmus_yaounde,q2_5_2,Agent_38,,2,1,2,1,3
gemma2:9b,data_pmus_yaounde,q2_6_1,Agent_38,,2,1,2,1,3
gemma2:9b,data_pmus_yaounde,q2_6_2,Agent_38,,2,1,2,1,3
gemma2:9b,data_pmus_yaounde,q3_1,Agent_38,NON,5,4,5,4,4
gemma2:9b,data_pmus_yaounde,q3_2,Agent_38,A PIED,4,3,4,4,4
gemma2:9b,data_pmus_yaounde,q3_3_1,Agent_38,,2,1,2,1,3
gemma2:9b,data_pmus_yaounde,q3_3_2,Agent_38,,2,1,2,1,3
gemma2:9b,data_pmus_yaounde,q4_1_a,Agent_38,Veuillez indiquer depuis combien de temps vous attendez.,5,5,5,5,5
gemma2:9b,data_pmus_yaounde,q4_1_b,Agent_38,MOINS DE 5 MIN,4,3,4,4,4
gemma2:9b,data_pmus_yaounde,q4_2_a,Agent_38,Veuillez indiquer depuis combien de temps vous attendez.,5,5,5,5,5
gemma2:9b,data_pmus_yaounde,q4_2_b,Agent_38,MOINS DE 15 MIN,4,3,4,4,4
gemma2:9b,data_pmus_yaounde,q4_3,Agent_38,1400,4,3,4,4,4
gemma2:9b,data_pmus_yaounde,q4_4,Agent_38,COURSES,4,3,4,4,4
gemma2:9b,data_pmus_yaounde,q4_4_autres,Agent_38,FAIRE DES ACHATS,4,3,4,4,4
gemma2:9b,data_pmus_yaounde,q5_1,Agent_38,ENTRE 18 ET 25 ANS,4,3,4,4,4
gemma2:9b,data_pmus_yaounde,q5_2,Agent_38,ENTRE 300 001 ET 500 000,4,3,4,4,4
gemma2:9b,data_pmus_yaounde,q5_3,Agent_38,FEMME,4,3,4,4,4
gemma2:9b,data_pmus_yaounde,centre ville,Agent_39,YAOUNDE,4,3,4,4,4
gemma2:9b,data_pmus_yaounde,q1_1,Agent_39,UN QUARTIER DE LA VILLE DE YAOUNDE,4,3,4,4,4
gemma2:9b,data_pmus_yaounde,q1_1_a,Agent_39,MENDONG,4,3,4,4,4
gemma2:9b,data_pmus_yaounde,q1_1_b,Agent_39,10EME ARRET,4,3,4,4,4
gemma2:9b,data_pmus_yaounde,q1_1_c,Agent_39,AFANOYA,4,3,4,4,4
gemma2:9b,data_pmus_yaounde,q1_2,Agent_39,UN QUARTIER DE LA VILLE DE YAOUNDE,4,3,4,4,4
gemma2:9b,data_pmus_yaounde,q1_2_a,Agent_39,ABOM,4,3,4,4,4
gemma2:9b,data_pmus_yaounde,q1_2_b,Agent_39,10 IEME ARRET,4,3,4,4,4
gemma2:9b,data_pmus_yaounde,q1_3_c,Agent_39,YAOUNDE,4,3,4,4,4
gemma2:9b,data_pmus_yaounde,q2_1,Agent_39,A PIED,4,3,4,4,4
gemma2:9b,data_pmus_yaounde,q2_2_1,Agent_39,2 CHEVEAU,4,3,4,4,4
gemma2:9b,data_pmus_yaounde,q2_2_2,Agent_39,,2,1,2,1,3
gemma2:9b,data_pmus_yaounde,q2_3_1,Agent_39,,2,1,2,1,3
gemma2:9b,data_pmus_yaounde,q2_3_2,Agent_39,,2,1,2,1,3
gemma2:9b,data_pmus_yaounde,q2_3,Agent_39,NON,5,4,5,4,4
gemma2:9b,data_pmus_yaounde,q2_4,Agent_39,A PIED,4,3,4,4,4
gemma2:9b,data_pmus_yaounde,q2_5_1,Agent_39,,2,1,2,1,3
gemma2:9b,data_pmus_yaounde,q2_5_2,Agent_39,,2,1,2,1,3
gemma2:9b,data_pmus_yaounde,q2_6_1,Agent_39,,2,1,2,1,3
gemma2:9b,data_pmus_yaounde,q2_6_2,Agent_39,,2,1,2,1,3
gemma2:9b,data_pmus_yaounde,q3_1,Agent_39,NON,5,4,5,4,4
gemma2:9b,data_pmus_yaounde,q3_2,Agent_39,A PIED,4,3,4,4,4
gemma2:9b,data_pmus_yaounde,q3_3_1,Agent_39,,2,1,2,1,3
gemma2:9b,data_pmus_yaounde,q3_3_2,Agent_39,,2,1,2,1,3
gemma2:9b,data_pmus_yaounde,q4_1_a,Agent_39,Veuillez indiquer depuis combien de temps vous attendez.,5,5,5,5,5
gemma2:9b,data_pmus_yaounde,q4_1_b,Agent_39,MOINS DE 5 MIN,4,3,4,4,4
gemma2:9b,data_pmus_yaounde,q4_2_a,Agent_39,Veuillez indiquer depuis combien de temps vous attendez.,5,5,5,5,5
gemma2:9b,data_pmus_yaounde,q4_2_b,Agent_39,30 60 MIN,4,3,4,4,4
gemma2:9b,data_pmus_yaounde,q4_3,Agent_39,2200,4,3,4,4,4
gemma2:9b,data_pmus_yaounde,q4_4,Agent_39,TRAVAIL,4,3,4,4,4
gemma2:9b,data_pmus_yaounde,q4_4_autres,Agent_39,ACHAT,4,3,4,4,4
gemma2:9b,data_pmus_yaounde,q5_1,Agent_39,ENTRE 36 ET 45 ANS,4,3,4,4,4
gemma2:9b,data_pmus_yaounde,q5_2,Agent_39,ENTRE 30 001 ET 100 000,4,3,4,4,4
gemma2:9b,data_pmus_yaounde,q5_3,Agent_39,HOMME,4,3,4,4,4
gemma2:9b,data_pmus_yaounde,centre ville,Agent_40,YAOUNDE,4,3,4,4,4
gemma2:9b,data_pmus_yaounde,q1_1,Agent_40,UN QUARTIER DE LA VILLE DE YAOUNDE,4,3,4,4,4
gemma2:9b,data_pmus_yaounde,q1_1_a,Agent_40,MBANKOLO,4,3,4,4,4
gemma2:9b,data_pmus_yaounde,q1_1_b,Agent_40,10EME ARRET,4,3,4,4,4
gemma2:9b,data_pmus_yaounde,q1_1_c,Agent_40,,2,1,2,1,3
gemma2:9b,data_pmus_yaounde,q1_2,Agent_40,UN QUARTIER DE LA VILLE DE YAOUNDE,4,3,4,4,4
gemma2:9b,data_pmus_yaounde,q1_2_a,Agent_40,ABOM,4,3,4,4,4
gemma2:9b,data_pmus_yaounde,q1_2_b,Agent_40,10 IEME ARRET,4,3,4,4,4
gemma2:9b,data_pmus_yaounde,q1_3_c,Agent_40,,2,1,2,1,3
gemma2:9b,data_pmus_yaounde,q2_1,Agent_40,A PIED,4,3,4,4,4
gemma2:9b,data_pmus_yaounde,q2_2_1,Agent_40,NKOL BIKOK,4,3,4,4,4
gemma2:9b,data_pmus_yaounde,q2_2_2,Agent_40,DERRIERE ELOIN,4,3,4,4,4
gemma2:9b,data_pmus_yaounde,q2_3_1,Agent_40,0LESOA,4,3,4,4,4
gemma2:9b,data_pmus_yaounde,q2_3_2,Agent_40,AUCUN,4,3,4,4,4
gemma2:9b,data_pmus_yaounde,q2_3,Agent_40,NON,5,4,5,4,4
gemma2:9b,data_pmus_yaounde,q2_4,Agent_40,A PIED,4,3,4,4,4
gemma2:9b,data_pmus_yaounde,q2_5_1,Agent_40,MBANKOLO,4,3,4,4,4
gemma2:9b,data_pmus_yaounde,q2_5_2,Agent_40,MBANKOLO,4,3,4,4,4
gemma2:9b,data_pmus_yaounde,q2_6_1,Agent_40,ABATTOIR,4,3,4,4,4
gemma2:9b,data_pmus_yaounde,q2_6_2,Agent_40,11EME ARRET,4,3,4,4,4
gemma2:9b,data_pmus_yaounde,q3_1,Agent_40,NON,5,4,5,4,4
gemma2:9b,data_pmus_yaounde,q3_2,Agent_40,A PIED,4,3,4,4,4
gemma2:9b,data_pmus_yaounde,q3_3_1,Agent_40,NKOLBIKOK,4,3,4,4,4
gemma2:9b,data_pmus_yaounde,q3_3_2,Agent_40,10 IEME ARRET,4,3,4,4,4
gemma2:9b,data_pmus_yaounde,q4_1_a,Agent_40,Veuillez indiquer depuis combien de temps vous attendez.,5,5,5,5,5
gemma2:9b,data_pmus_yaounde,q4_1_b,Agent_40,MOINS DE 5 MIN,4,3,4,4,4
gemma2:9b,data_pmus_yaounde,q4_2_a,Agent_40,Veuillez indiquer depuis combien de temps vous attendez.,5,5,5,5,5
gemma2:9b,data_pmus_yaounde,q4_2_b,Agent_40,30 60 MIN,4,3,4,4,4
gemma2:9b,data_pmus_yaounde,q4_3,Agent_40,200,4,3,4,4,4
gemma2:9b,data_pmus_yaounde,q4_4,Agent_40,TRAVAIL,4,3,4,4,4
gemma2:9b,data_pmus_yaounde,q4_4_autres,Agent_40,ACHAT,4,3,4,4,4
gemma2:9b,data_pmus_yaounde,q5_1,Agent_40,ENTRE 55ANS ET 64 ANS,4,3,4,4,4
gemma2:9b,data_pmus_yaounde,q5_2,Agent_40,ENTRE 30 001 ET 100 000,4,3,4,4,4
gemma2:9b,data_pmus_yaounde,q5_3,Agent_40,HOMME,4,3,4,4,4
gemma2:9b,data_pmus_yaounde,centre ville,Agent_41,YAOUNDE,4,3,4,4,4
gemma2:9b,data_pmus_yaounde,q1_1,Agent_41,UN QUARTIER DE LA VILLE DE YAOUNDE,4,3,4,4,4
gemma2:9b,data_pmus_yaounde,q1_1_a,Agent_41,MOKOLO,4,3,4,4,4
gemma2:9b,data_pmus_yaounde,q1_1_b,Agent_41,ENTRE GAZOLANT,4,3,4,4,4
gemma2:9b,data_pmus_yaounde,q1_1_c,Agent_41,,2,1,2,1,3
gemma2:9b,data_pmus_yaounde,q1_2,Agent_41,UN QUARTIER DE LA VILLE DE YAOUNDE,4,3,4,4,4
gemma2:9b,data_pmus_yaounde,q1_2_a,Agent_41,MVOG BETSI,4,3,4,4,4
gemma2:9b,data_pmus_yaounde,q1_2_b,Agent_41,MVOG BETSI,4,3,4,4,4
gemma2:9b,data_pmus_yaounde,q1_3_c,Agent_41,,2,1,2,1,3
gemma2:9b,data_pmus_yaounde,q2_1,Agent_41,PAR TAXI,4,3,4,4,4
gemma2:9b,data_pmus_yaounde,q2_2_1,Agent_41,2 CHEVEAU,4,3,4,4,4
gemma2:9b,data_pmus_yaounde,q2_2_2,Agent_41,CARREFOUR,4,3,4,4,4
gemma2:9b,data_pmus_yaounde,q2_3_1,Agent_41,CARREFOUR,4,3,4,4,4
gemma2:9b,data_pmus_yaounde,q2_3_2,Agent_41,CARREFOUR,4,3,4,4,4
gemma2:9b,data_pmus_yaounde,q2_3,Agent_41,NON,5,4,5,4,4
gemma2:9b,data_pmus_yaounde,q2_4,Agent_41,PAR TAXI,4,3,4,4,4
gemma2:9b,data_pmus_yaounde,q2_5_1,Agent_41,A B0NAS,4,3,4,4,4
gemma2:9b,data_pmus_yaounde,q2_5_2,Agent_41,0MPHINE,4,3,4,4,4
gemma2:9b,data_pmus_yaounde,q2_6_1,Agent_41,CARREFOUR,4,3,4,4,4
gemma2:9b,data_pmus_yaounde,q2_6_2,Agent_41,CARREFOUR,4,3,4,4,4
gemma2:9b,data_pmus_yaounde,q3_1,Agent_41,NON,5,4,5,4,4
gemma2:9b,data_pmus_yaounde,q3_2,Agent_41,PAR TAXI,4,3,4,4,4
gemma2:9b,data_pmus_yaounde,q3_3_1,Agent_41,MVOG BETSI,4,3,4,4,4
gemma2:9b,data_pmus_yaounde,q3_3_2,Agent_41,CARREFOUR,4,3,4,4,4
gemma2:9b,data_pmus_yaounde,q4_1_a,Agent_41,Veuillez indiquer depuis combien de temps vous attendez.,5,5,5,5,5
gemma2:9b,data_pmus_yaounde,q4_1_b,Agent_41,MOINS DE 5 MIN,4,3,4,4,4
gemma2:9b,data_pmus_yaounde,q4_2_a,Agent_41,Veuillez indiquer depuis combien de temps vous attendez.,5,5,5,5,5
gemma2:9b,data_pmus_yaounde,q4_2_b,Agent_41,30 60 MIN,4,3,4,4,4
gemma2:9b,data_pmus_yaounde,q4_3,Agent_41,2800,4,3,4,4,4
gemma2:9b,data_pmus_yaounde,q4_4,Agent_41,ACTIVIT S DE LOISIRS,4,3,4,4,4
gemma2:9b,data_pmus_yaounde,q4_4_autres,Agent_41,ACHAT,4,3,4,4,4
gemma2:9b,data_pmus_yaounde,q5_1,Agent_41,ENTRE 55ANS ET 64 ANS,4,3,4,4,4
gemma2:9b,data_pmus_yaounde,q5_2,Agent_41,ENTRE 30 001 ET 100 000,4,3,4,4,4
gemma2:9b,data_pmus_yaounde,q5_3,Agent_41,FEMME,4,3,4,4,4
gemma2:9b,data_pmus_yaounde,centre ville,Agent_42,YAOUNDE,4,3,4,4,4
gemma2:9b,data_pmus_yaounde,q1_1,Agent_42,UN QUARTIER DE LA VILLE DE YAOUNDE,4,3,4,4,4
gemma2:9b,data_pmus_yaounde,q1_1_a,Agent_42,TONGOLO,4,3,4,4,4
gemma2:9b,data_pmus_yaounde,q1_1_b,Agent_42,10EME ARRET,4,3,4,4,4
gemma2:9b,data_pmus_yaounde,q1_1_c,Agent_42,,2,1,2,1,3
gemma2:9b,data_pmus_yaounde,q1_2,Agent_42,UN QUARTIER DE LA VILLE DE YAOUNDE,4,3,4,4,4
gemma2:9b,data_pmus_yaounde,q1_2_a,Agent_42,TSINGA,4,3,4,4,4
gemma2:9b,data_pmus_yaounde,q1_2_b,Agent_42,TSINGA,4,3,4,4,4
gemma2:9b,data_pmus_yaounde,q1_3_c,Agent_42,,2,1,2,1,3
gemma2:9b,data_pmus_yaounde,q2_1,Agent_42,A PIED,4,3,4,4,4
gemma2:9b,data_pmus_yaounde,q2_2_1,Agent_42,,2,1,2,1,3
gemma2:9b,data_pmus_yaounde,q2_2_2,Agent_42,,2,1,2,1,3
gemma2:9b,data_pmus_yaounde,q2_3_1,Agent_42,TSINGA,4,3,4,4,4
gemma2:9b,data_pmus_yaounde,q2_3_2,Agent_42,TSINGA,4,3,4,4,4
gemma2:9b,data_pmus_yaounde,q2_3,Agent_42,NON,5,4,5,4,4
gemma2:9b,data_pmus_yaounde,q2_4,Agent_42,A PIED,4,3,4,4,4
gemma2:9b,data_pmus_yaounde,q2_5_1,Agent_42,,2,1,2,1,3
gemma2:9b,data_pmus_yaounde,q2_5_2,Agent_42,,2,1,2,1,3
gemma2:9b,data_pmus_yaounde,q2_6_1,Agent_42,TSINGA,4,3,4,4,4
gemma2:9b,data_pmus_yaounde,q2_6_2,Agent_42,11EME ARRET,4,3,4,4,4
gemma2:9b,data_pmus_yaounde,q3_1,Agent_42,NON,5,4,5,4,4
gemma2:9b,data_pmus_yaounde,q3_2,Agent_42,A PIED,4,3,4,4,4
gemma2:9b,data_pmus_yaounde,q3_3_1,Agent_42,,2,1,2,1,3
gemma2:9b,data_pmus_yaounde,q3_3_2,Agent_42,,2,1,2,1,3
gemma2:9b,data_pmus_yaounde,q4_1_a,Agent_42,Veuillez indiquer depuis combien de temps vous attendez.,5,5,5,5,5
gemma2:9b,data_pmus_yaounde,q4_1_b,Agent_42,MOINS DE 5 MIN,4,3,4,4,4
gemma2:9b,data_pmus_yaounde,q4_2_a,Agent_42,Veuillez indiquer depuis combien de temps vous attendez.,5,5,5,5,5
gemma2:9b,data_pmus_yaounde,q4_2_b,Agent_42,30 60 MIN,4,3,4,4,4
gemma2:9b,data_pmus_yaounde,q4_3,Agent_42,1600,4,3,4,4,4
gemma2:9b,data_pmus_yaounde,q4_4,Agent_42,COURSES,4,3,4,4,4
gemma2:9b,data_pmus_yaounde,q4_4_autres,Agent_42,FAIRE DES ACHATS,4,3,4,4,4
gemma2:9b,data_pmus_yaounde,q5_1,Agent_42,ENTRE 55ANS ET 64 ANS,4,3,4,4,4
gemma2:9b,data_pmus_yaounde,q5_2,Agent_42,ENTRE 30 001 ET 100 000,4,3,4,4,4
gemma2:9b,data_pmus_yaounde,q5_3,Agent_42,HOMME,4,3,4,4,4
gemma2:9b,data_pmus_yaounde,centre ville,Agent_43,YAOUNDE,4,3,4,4,4
gemma2:9b,data_pmus_yaounde,q1_1,Agent_43,UN QUARTIER DE LA VILLE DE YAOUNDE,4,3,4,4,4
gemma2:9b,data_pmus_yaounde,q1_1_a,Agent_43,MVOG EKOUSSOU,4,3,4,4,4
gemma2:9b,data_pmus_yaounde,q1_1_b,Agent_43,HOPITALGYNECO,4,3,4,4,4
gemma2:9b,data_pmus_yaounde,q1_1_c,Agent_43,AFANOYA,4,3,4,4,4
gemma2:9b,data_pmus_yaounde,q1_2,Agent_43,UN QUARTIER DE LA VILLE DE YAOUNDE,4,3,4,4,4
gemma2:9b,data_pmus_yaounde,q1_2_a,Agent_43,ABOM,4,3,4,4,4
gemma2:9b,data_pmus_yaounde,q1_2_b,Agent_43,10 IEME ARRET,4,3,4,4,4
gemma2:9b,data_pmus_yaounde,q1_3_c,Agent_43,YAOUNDE,4,3,4,4,4
gemma2:9b,data_pmus_yaounde,q2_1,Agent_43,A PIED,4,3,4,4,4
gemma2:9b,data_pmus_yaounde,q2_2_1,Agent_43,CARREFOUR BEIGNET,4,3,4,4,4
gemma2:9b,data_pmus_yaounde,q2_2_2,Agent_43,10 E ARRET,4,3,4,4,4
gemma2:9b,data_pmus_yaounde,q2_3_1,Agent_43,0LESOA,4,3,4,4,4
gemma2:9b,data_pmus_yaounde,q2_3_2,Agent_43,AUCUN,4,3,4,4,4
gemma2:9b,data_pmus_yaounde,q2_3,Agent_43,NON,5,4,5,4,4
gemma2:9b,data_pmus_yaounde,q2_4,Agent_43,A PIED,4,3,4,4,4
gemma2:9b,data_pmus_yaounde,q2_5_1,Agent_43,A B0NAS,4,3,4,4,4
gemma2:9b,data_pmus_yaounde,q2_5_2,Agent_43,0MPHINE,4,3,4,4,4
gemma2:9b,data_pmus_yaounde,q2_6_1,Agent_43,ABATTOIR,4,3,4,4,4
gemma2:9b,data_pmus_yaounde,q2_6_2,Agent_43,11EME ARRET,4,3,4,4,4
gemma2:9b,data_pmus_yaounde,q3_1,Agent_43,NON,5,4,5,4,4
gemma2:9b,data_pmus_yaounde,q3_2,Agent_43,A PIED,4,3,4,4,4
gemma2:9b,data_pmus_yaounde,q3_3_1,Agent_43,ACACIA,4,3,4,4,4
gemma2:9b,data_pmus_yaounde,q3_3_2,Agent_43,10 IEME ARRET,4,3,4,4,4
gemma2:9b,data_pmus_yaounde,q4_1_a,Agent_43,Veuillez indiquer depuis combien de temps vous attendez.,5,5,5,5,5
gemma2:9b,data_pmus_yaounde,q4_1_b,Agent_43,MOINS DE 5 MIN,4,3,4,4,4
gemma2:9b,data_pmus_yaounde,q4_2_a,Agent_43,Veuillez indiquer depuis combien de temps vous attendez.,5,5,5,5,5
gemma2:9b,data_pmus_yaounde,q4_2_b,Agent_43,30 60 MIN,4,3,4,4,4
gemma2:9b,data_pmus_yaounde,q4_3,Agent_43,1750,4,3,4,4,4
gemma2:9b,data_pmus_yaounde,q4_4,Agent_43,TRAVAIL,4,3,4,4,4
gemma2:9b,data_pmus_yaounde,q4_4_autres,Agent_43,ACHAT,4,3,4,4,4
gemma2:9b,data_pmus_yaounde,q5_1,Agent_43,ENTRE 18 ET 25 ANS,4,3,4,4,4
gemma2:9b,data_pmus_yaounde,q5_2,Agent_43,ENTRE 300 001 ET 500 000,4,3,4,4,4
gemma2:9b,data_pmus_yaounde,q5_3,Agent_43,FEMME,4,3,4,4,4
gemma2:9b,data_pmus_yaounde,centre ville,Agent_44,YAOUNDE,4,3,4,4,4
gemma2:9b,data_pmus_yaounde,q1_1,Agent_44,UN QUARTIER DE LA VILLE DE YAOUNDE,4,3,4,4,4
gemma2:9b,data_pmus_yaounde,q1_1_a,Agent_44,OFEBE,4,3,4,4,4
gemma2:9b,data_pmus_yaounde,q1_1_b,Agent_44,10EME ARRET,4,3,4,4,4
gemma2:9b,data_pmus_yaounde,q1_1_c,Agent_44,AFANOYA,4,3,4,4,4
gemma2:9b,data_pmus_yaounde,q1_2,Agent_44,UN QUARTIER DE LA VILLE DE YAOUNDE,4,3,4,4,4
gemma2:9b,data_pmus_yaounde,q1_2_a,Agent_44,ABOM,4,3,4,4,4
gemma2:9b,data_pmus_yaounde,q1_2_b,Agent_44,10 IEME ARRET,4,3,4,4,4
gemma2:9b,data_pmus_yaounde,q1_3_c,Agent_44,,2,1,2,1,3
gemma2:9b,data_pmus_yaounde,q2_1,Agent_44,A PIED,4,3,4,4,4
gemma2:9b,data_pmus_yaounde,q2_2_1,Agent_44,2 CHEVEAU,4,3,4,4,4
gemma2:9b,data_pmus_yaounde,q2_2_2,Agent_44,,2,1,2,1,3
gemma2:9b,data_pmus_yaounde,q2_3_1,Agent_44,AUCUN,4,3,4,4,4
gemma2:9b,data_pmus_yaounde,q2_3_2,Agent_44,A LA JENDAMERI,4,3,4,4,4
gemma2:9b,data_pmus_yaounde,q2_3,Agent_44,NON,5,4,5,4,4
gemma2:9b,data_pmus_yaounde,q2_4,Agent_44,PAR BUS STACY,4,3,4,4,4
gemma2:9b,data_pmus_yaounde,q2_5_1,Agent_44,A B0NAS,4,3,4,4,4
gemma2:9b,data_pmus_yaounde,q2_5_2,Agent_44,0MPHINE,4,3,4,4,4
gemma2:9b,data_pmus_yaounde,q2_6_1,Agent_44,NKOM KANA,4,3,4,4,4
gemma2:9b,data_pmus_yaounde,q2_6_2,Agent_44,MARCHE,4,3,4,4,4
gemma2:9b,data_pmus_yaounde,q3_1,Agent_44,NON,5,4,5,4,4
gemma2:9b,data_pmus_yaounde,q3_2,Agent_44,A PIED,4,3,4,4,4
gemma2:9b,data_pmus_yaounde,q3_3_1,Agent_44,NKOZOA,4,3,4,4,4
gemma2:9b,data_pmus_yaounde,q3_3_2,Agent_44,10 IEME ARRET,4,3,4,4,4
gemma2:9b,data_pmus_yaounde,q4_1_a,Agent_44,Veuillez indiquer depuis combien de temps vous attendez.,5,5,5,5,5
gemma2:9b,data_pmus_yaounde,q4_1_b,Agent_44,MOINS DE 5 MIN,4,3,4,4,4
gemma2:9b,data_pmus_yaounde,q4_2_a,Agent_44,Veuillez indiquer depuis combien de temps vous attendez.,5,5,5,5,5
gemma2:9b,data_pmus_yaounde,q4_2_b,Agent_44,15 30 MIN,4,3,4,4,4
gemma2:9b,data_pmus_yaounde,q4_3,Agent_44,350,4,3,4,4,4
gemma2:9b,data_pmus_yaounde,q4_4,Agent_44,COURSES,4,3,4,4,4
gemma2:9b,data_pmus_yaounde,q4_4_autres,Agent_44,FAIRE DU MARCHE,4,3,4,4,4
gemma2:9b,data_pmus_yaounde,q5_1,Agent_44,ENTRE 55ANS ET 64 ANS,4,3,4,4,4
gemma2:9b,data_pmus_yaounde,q5_2,Agent_44,ENTRE 30 001 ET 100 000,4,3,4,4,4
gemma2:9b,data_pmus_yaounde,q5_3,Agent_44,FEMME,4,3,4,4,4
gemma2:9b,data_pmus_yaounde,centre ville,Agent_45,YAOUNDE,4,3,4,4,4
gemma2:9b,data_pmus_yaounde,q1_1,Agent_45,UN QUARTIER DE LA VILLE DE YAOUNDE,4,3,4,4,4
gemma2:9b,data_pmus_yaounde,q1_1_a,Agent_45,ABIT,4,3,4,4,4
gemma2:9b,data_pmus_yaounde,q1_1_b,Agent_45,DESCENTE FOE,4,3,4,4,4
gemma2:9b,data_pmus_yaounde,q1_1_c,Agent_45,,2,1,2,1,3
gemma2:9b,data_pmus_yaounde,q1_2,Agent_45,UN QUARTIER DE LA VILLE DE YAOUNDE,4,3,4,4,4
gemma2:9b,data_pmus_yaounde,q1_2_a,Agent_45,ABOM,4,3,4,4,4
gemma2:9b,data_pmus_yaounde,q1_2_b,Agent_45,OLEZOA,4,3,4,4,4
gemma2:9b,data_pmus_yaounde,q1_3_c,Agent_45,,2,1,2,1,3
gemma2:9b,data_pmus_yaounde,q2_1,Agent_45,A PIED,4,3,4,4,4
gemma2:9b,data_pmus_yaounde,q2_2_1,Agent_45,OLEZOA,4,3,4,4,4
gemma2:9b,data_pmus_yaounde,q2_2_2,Agent_45,OLEZOA,4,3,4,4,4
gemma2:9b,data_pmus_yaounde,q2_3_1,Agent_45,OLEZOA,4,3,4,4,4
gemma2:9b,data_pmus_yaounde,q2_3_2,Agent_45,0NANA,4,3,4,4,4
gemma2:9b,data_pmus_yaounde,q2_3,Agent_45,NON,5,4,5,4,4
gemma2:9b,data_pmus_yaounde,q2_4,Agent_45,PAR TAXI,4,3,4,4,4
gemma2:9b,data_pmus_yaounde,q2_5_1,Agent_45,OLEZOA,4,3,4,4,4
gemma2:9b,data_pmus_yaounde,q2_5_2,Agent_45,0MPHINE,4,3,4,4,4
gemma2:9b,data_pmus_yaounde,q2_6_1,Agent_45,OLEZOA,4,3,4,4,4
gemma2:9b,data_pmus_yaounde,q2_6_2,Agent_45,11EME ARRET,4,3,4,4,4
gemma2:9b,data_pmus_yaounde,q3_1,Agent_45,NON,5,4,5,4,4
gemma2:9b,data_pmus_yaounde,q3_2,Agent_45,PAR BUS STACY,4,3,4,4,4
gemma2:9b,data_pmus_yaounde,q3_3_1,Agent_45,OLEZOA,4,3,4,4,4
gemma2:9b,data_pmus_yaounde,q3_3_2,Agent_45,10 IEME ARRET,4,3,4,4,4
gemma2:9b,data_pmus_yaounde,q4_1_a,Agent_45,Veuillez indiquer depuis combien de temps vous attendez.,5,5,5,5,5
gemma2:9b,data_pmus_yaounde,q4_1_b,Agent_45,MOINS DE 5 MIN,4,3,4,4,4
gemma2:9b,data_pmus_yaounde,q4_2_a,Agent_45,Veuillez indiquer depuis combien de temps vous attendez.,5,5,5,5,5
gemma2:9b,data_pmus_yaounde,q4_2_b,Agent_45,30 60 MIN,4,3,4,4,4
gemma2:9b,data_pmus_yaounde,q4_3,Agent_45,1400,4,3,4,4,4
gemma2:9b,data_pmus_yaounde,q4_4,Agent_45,TRAVAIL,4,3,4,4,4
gemma2:9b,data_pmus_yaounde,q4_4_autres,Agent_45,ACHAT,4,3,4,4,4
gemma2:9b,data_pmus_yaounde,q5_1,Agent_45,ENTRE 36 ET 45 ANS,4,3,4,4,4
gemma2:9b,data_pmus_yaounde,q5_2,Agent_45,ENTRE 30 001 ET 100 000,4,3,4,4,4
gemma2:9b,data_pmus_yaounde,q5_3,Agent_45,HOMME,4,3,4,4,4
gemma2:9b,data_pmus_yaounde,centre ville,Agent_46,YAOUNDE,4,3,4,4,4
gemma2:9b,data_pmus_yaounde,q1_1,Agent_46,UN QUARTIER DE LA VILLE DE YAOUNDE,4,3,4,4,4
gemma2:9b,data_pmus_yaounde,q1_1_a,Agent_46,ABIT,4,3,4,4,4
gemma2:9b,data_pmus_yaounde,q1_1_b,Agent_46,10EME ARRET,4,3,4,4,4
gemma2:9b,data_pmus_yaounde,q1_1_c,Agent_46,,2,1,2,1,3
gemma2:9b,data_pmus_yaounde,q1_2,Agent_46,UN QUARTIER DE LA VILLE DE YAOUNDE,4,3,4,4,4
gemma2:9b,data_pmus_yaounde,q1_2_a,Agent_46,ABOM,4,3,4,4,4
gemma2:9b,data_pmus_yaounde,q1_2_b,Agent_46,10 IEME ARRET,4,3,4,4,4
gemma2:9b,data_pmus_yaounde,q1_3_c,Agent_46,,2,1,2,1,3
gemma2:9b,data_pmus_yaounde,q2_1,Agent_46,A PIED,4,3,4,4,4
gemma2:9b,data_pmus_yaounde,q2_2_1,Agent_46,2 CHEVEAU,4,3,4,4,4
gemma2:9b,data_pmus_yaounde,q2_2_2,Agent_46,,2,1,2,1,3
gemma2:9b,data_pmus_yaounde,q2_3_1,Agent_46,CAVEAUX,4,3,4,4,4
gemma2:9b,data_pmus_yaounde,q2_3_2,Agent_46,CARREFOUR,4,3,4,4,4
gemma2:9b,data_pmus_yaounde,q2_3,Agent_46,NON,5,4,5,4,4
gemma2:9b,data_pmus_yaounde,q2_4,Agent_46,PAR BUS STACY,4,3,4,4,4
gemma2:9b,data_pmus_yaounde,q2_5_1,Agent_46,A B0NAS,4,3,4,4,4
gemma2:9b,data_pmus_yaounde,q2_5_2,Agent_46,CARREFOUR,4,3,4,4,4
gemma2:9b,data_pmus_yaounde,q2_6_1,Agent_46,ABATTOIR,4,3,4,4,4
gemma2:9b,data_pmus_yaounde,q2_6_2,Agent_46,11EME ARRET,4,3,4,4,4
gemma2:9b,data_pmus_yaounde,q3_1,Agent_46,NON,5,4,5,4,4
gemma2:9b,data_pmus_yaounde,q3_2,Agent_46,A PIED,4,3,4,4,4
gemma2:9b,data_pmus_yaounde,q3_3_1,Agent_46,CARREFOUR DES CARREAUX,4,3,4,4,4
gemma2:9b,data_pmus_yaounde,q3_3_2,Agent_46,10 IEME ARRET,4,3,4,4,4
gemma2:9b,data_pmus_yaounde,q4_1_a,Agent_46,Veuillez indiquer depuis combien de temps vous attendez.,5,5,5,5,5
gemma2:9b,data_pmus_yaounde,q4_1_b,Agent_46,MOINS DE 5 MIN,4,3,4,4,4
gemma2:9b,data_pmus_yaounde,q4_2_a,Agent_46,Veuillez indiquer depuis combien de temps vous attendez.,5,5,5,5,5
gemma2:9b,data_pmus_yaounde,q4_2_b,Agent_46,30 60 MIN,4,3,4,4,4
gemma2:9b,data_pmus_yaounde,q4_3,Agent_46,650,4,3,4,4,4
gemma2:9b,data_pmus_yaounde,q4_4,Agent_46,VISITE FAMILLE,4,3,4,4,4
gemma2:9b,data_pmus_yaounde,q4_4_autres,Agent_46,ACHAT,4,3,4,4,4
gemma2:9b,data_pmus_yaounde,q5_1,Agent_46,ENTRE 18 ET 25 ANS,4,3,4,4,4
gemma2:9b,data_pmus_yaounde,q5_2,Agent_46,ENTRE 30 001 ET 100 000,4,3,4,4,4
gemma2:9b,data_pmus_yaounde,q5_3,Agent_46,HOMME,4,3,4,4,4
gemma2:9b,data_pmus_yaounde,centre ville,Agent_47,YAOUNDE,4,3,4,4,4
gemma2:9b,data_pmus_yaounde,q1_1,Agent_47,UN QUARTIER DE LA VILLE DE YAOUNDE,4,3,4,4,4
gemma2:9b,data_pmus_yaounde,q1_1_a,Agent_47,ABIT,4,3,4,4,4
gemma2:9b,data_pmus_yaounde,q1_1_b,Agent_47,10EME ARRET,4,3,4,4,4
gemma2:9b,data_pmus_yaounde,q1_1_c,Agent_47,AFANOYA,4,3,4,4,4
gemma2:9b,data_pmus_yaounde,q1_2,Agent_47,UN QUARTIER DE LA VILLE DE YAOUNDE,4,3,4,4,4
gemma2:9b,data_pmus_yaounde,q1_2_a,Agent_47,ABOM,4,3,4,4,4
gemma2:9b,data_pmus_yaounde,q1_2_b,Agent_47,10 IEME ARRET,4,3,4,4,4
gemma2:9b,data_pmus_yaounde,q1_3_c,Agent_47,YAOUNDE,4,3,4,4,4
gemma2:9b,data_pmus_yaounde,q2_1,Agent_47,PAR BUS STACY,4,3,4,4,4
gemma2:9b,data_pmus_yaounde,q2_2_1,Agent_47,MVOG ADA,4,3,4,4,4
gemma2:9b,data_pmus_yaounde,q2_2_2,Agent_47,MARCHE,4,3,4,4,4
gemma2:9b,data_pmus_yaounde,q2_3_1,Agent_47,0LESOA,4,3,4,4,4
gemma2:9b,data_pmus_yaounde,q2_3_2,Agent_47,AUCUN,4,3,4,4,4
gemma2:9b,data_pmus_yaounde,q2_3,Agent_47,NON,5,4,5,4,4
gemma2:9b,data_pmus_yaounde,q2_4,Agent_47,PAR BUS STACY,4,3,4,4,4
gemma2:9b,data_pmus_yaounde,q2_5_1,Agent_47,A B0NAS,4,3,4,4,4
gemma2:9b,data_pmus_yaounde,q2_5_2,Agent_47,0MPHINE,4,3,4,4,4
gemma2:9b,data_pmus_yaounde,q2_6_1,Agent_47,ABATTOIR,4,3,4,4,4
gemma2:9b,data_pmus_yaounde,q2_6_2,Agent_47,11EME ARRET,4,3,4,4,4
gemma2:9b,data_pmus_yaounde,q3_1,Agent_47,NON,5,4,5,4,4
gemma2:9b,data_pmus_yaounde,q3_2,Agent_47,PAR BUS STACY,4,3,4,4,4
gemma2:9b,data_pmus_yaounde,q3_3_1,Agent_47,ACACIA,4,3,4,4,4
gemma2:9b,data_pmus_yaounde,q3_3_2,Agent_47,10 IEME ARRET,4,3,4,4,4
gemma2:9b,data_pmus_yaounde,q4_1_a,Agent_47,Veuillez indiquer depuis combien de temps vous attendez.,5,5,5,5,5
gemma2:9b,data_pmus_yaounde,q4_1_b,Agent_47,MOINS DE 5 MIN,4,3,4,4,4
gemma2:9b,data_pmus_yaounde,q4_2_a,Agent_47,Veuillez indiquer depuis combien de temps vous attendez.,5,5,5,5,5
gemma2:9b,data_pmus_yaounde,q4_2_b,Agent_47,30 60 MIN,4,3,4,4,4
gemma2:9b,data_pmus_yaounde,q4_3,Agent_47,1500,4,3,4,4,4
gemma2:9b,data_pmus_yaounde,q4_4,Agent_47,TRAVAIL,4,3,4,4,4
gemma2:9b,data_pmus_yaounde,q4_4_autres,Agent_47,ACHAT,4,3,4,4,4
gemma2:9b,data_pmus_yaounde,q5_1,Agent_47,ENTRE 18 ET 25 ANS,4,3,4,4,4
gemma2:9b,data_pmus_yaounde,q5_2,Agent_47,ENTRE 30 001 ET 100 000,4,3,4,4,4
gemma2:9b,data_pmus_yaounde,q5_3,Agent_47,HOMME,4,3,4,4,4
gemma2:9b,data_pmus_yaounde,centre ville,Agent_48,YAOUNDE,4,3,4,4,4
gemma2:9b,data_pmus_yaounde,q1_1,Agent_48,UN QUARTIER DE LA VILLE DE YAOUNDE,4,3,4,4,4
gemma2:9b,data_pmus_yaounde,q1_1_a,Agent_48,ABIT,4,3,4,4,4
gemma2:9b,data_pmus_yaounde,q1_1_b,Agent_48,10EME ARRET,4,3,4,4,4
gemma2:9b,data_pmus_yaounde,q1_1_c,Agent_48,AFANOYA,4,3,4,4,4
gemma2:9b,data_pmus_yaounde,q1_2,Agent_48,UN QUARTIER DE LA VILLE DE YAOUNDE,4,3,4,4,4
gemma2:9b,data_pmus_yaounde,q1_2_a,Agent_48,ABOM,4,3,4,4,4
gemma2:9b,data_pmus_yaounde,q1_2_b,Agent_48,10 IEME ARRET,4,3,4,4,4
gemma2:9b,data_pmus_yaounde,q1_3_c,Agent_48,BAFOUSSAM,4,3,4,4,4
gemma2:9b,data_pmus_yaounde,q2_1,Agent_48,A PIED,4,3,4,4,4
gemma2:9b,data_pmus_yaounde,q2_2_1,Agent_48,CARREFOUR DES SOEUR,4,3,4,4,4
gemma2:9b,data_pmus_yaounde,q2_2_2,Agent_48,,2,1,2,1,3
gemma2:9b,data_pmus_yaounde,q2_3_1,Agent_48,,2,1,2,1,3
gemma2:9b,data_pmus_yaounde,q2_3_2,Agent_48,,2,1,2,1,3
gemma2:9b,data_pmus_yaounde,q2_3,Agent_48,NON,5,4,5,4,4
gemma2:9b,data_pmus_yaounde,q2_4,Agent_48,PAR BUS STACY,4,3,4,4,4
gemma2:9b,data_pmus_yaounde,q2_5_1,Agent_48,,2,1,2,1,3
gemma2:9b,data_pmus_yaounde,q2_5_2,Agent_48,,2,1,2,1,3
gemma2:9b,data_pmus_yaounde,q2_6_1,Agent_48,ABATTOIR,4,3,4,4,4
gemma2:9b,data_pmus_yaounde,q2_6_2,Agent_48,11EME ARRET,4,3,4,4,4
gemma2:9b,data_pmus_yaounde,q3_1,Agent_48,NON,5,4,5,4,4
gemma2:9b,data_pmus_yaounde,q3_2,Agent_48,PAR BUS STACY,4,3,4,4,4
gemma2:9b,data_pmus_yaounde,q3_3_1,Agent_48,,2,1,2,1,3
gemma2:9b,data_pmus_yaounde,q3_3_2,Agent_48,,2,1,2,1,3
gemma2:9b,data_pmus_yaounde,q4_1_a,Agent_48,Veuillez indiquer depuis combien de temps vous attendez.,5,5,5,5,5
gemma2:9b,data_pmus_yaounde,q4_1_b,Agent_48,MOINS DE 5 MIN,4,3,4,4,4
gemma2:9b,data_pmus_yaounde,q4_2_a,Agent_48,Veuillez indiquer depuis combien de temps vous attendez.,5,5,5,5,5
gemma2:9b,data_pmus_yaounde,q4_2_b,Agent_48,15 30 MIN,4,3,4,4,4
gemma2:9b,data_pmus_yaounde,q4_3,Agent_48,900,4,3,4,4,4
gemma2:9b,data_pmus_yaounde,q4_4,Agent_48,VISITE FAMILLE,4,3,4,4,4
gemma2:9b,data_pmus_yaounde,q4_4_autres,Agent_48,ACHAT,4,3,4,4,4
gemma2:9b,data_pmus_yaounde,q5_1,Agent_48,MOINS DE 18 ANS,4,3,4,4,4
gemma2:9b,data_pmus_yaounde,q5_2,Agent_48,MOINS DE 30 000,4,3,4,4,4
gemma2:9b,data_pmus_yaounde,q5_3,Agent_48,FEMME,4,3,4,4,4
gemma2:9b,data_pmus_yaounde,centre ville,Agent_49,YAOUNDE,4,3,4,4,4
gemma2:9b,data_pmus_yaounde,q1_1,Agent_49,UN QUARTIER DE LA VILLE DE YAOUNDE,4,3,4,4,4
gemma2:9b,data_pmus_yaounde,q1_1_a,Agent_49,ABIT,4,3,4,4,4
gemma2:9b,data_pmus_yaounde,q1_1_b,Agent_49,10EME ARRET,4,3,4,4,4
gemma2:9b,data_pmus_yaounde,q1_1_c,Agent_49,,2,1,2,1,3
gemma2:9b,data_pmus_yaounde,q1_2,Agent_49,UN QUARTIER DE LA VILLE DE YAOUNDE,4,3,4,4,4
gemma2:9b,data_pmus_yaounde,q1_2_a,Agent_49,MVOG ADA,4,3,4,4,4
gemma2:9b,data_pmus_yaounde,q1_2_b,Agent_49,MVOG ADA,4,3,4,4,4
gemma2:9b,data_pmus_yaounde,q1_3_c,Agent_49,,2,1,2,1,3
gemma2:9b,data_pmus_yaounde,q2_1,Agent_49,PAR BUS STACY,4,3,4,4,4
gemma2:9b,data_pmus_yaounde,q2_2_1,Agent_49,CARREFOUR ETOU EBE,4,3,4,4,4
gemma2:9b,data_pmus_yaounde,q2_2_2,Agent_49,10 E ARRET,4,3,4,4,4
gemma2:9b,data_pmus_yaounde,q2_3_1,Agent_49,0LESOA,4,3,4,4,4
gemma2:9b,data_pmus_yaounde,q2_3_2,Agent_49,CENTRE,4,3,4,4,4
gemma2:9b,data_pmus_yaounde,q2_3,Agent_49,NON,5,4,5,4,4
gemma2:9b,data_pmus_yaounde,q2_4,Agent_49,PAR TAXI,4,3,4,4,4
gemma2:9b,data_pmus_yaounde,q2_5_1,Agent_49,A B0NAS,4,3,4,4,4
gemma2:9b,data_pmus_yaounde,q2_5_2,Agent_49,0MPHINE,4,3,4,4,4
gemma2:9b,data_pmus_yaounde,q2_6_1,Agent_49,ABATTOIR,4,3,4,4,4
gemma2:9b,data_pmus_yaounde,q2_6_2,Agent_49,11EME ARRET,4,3,4,4,4
gemma2:9b,data_pmus_yaounde,q3_1,Agent_49,NON,5,4,5,4,4
gemma2:9b,data_pmus_yaounde,q3_2,Agent_49,PAR TAXI,4,3,4,4,4
gemma2:9b,data_pmus_yaounde,q3_3_1,Agent_49,MVOG ADA,4,3,4,4,4
gemma2:9b,data_pmus_yaounde,q3_3_2,Agent_49,MVOG ADA,4,3,4,4,4
gemma2:9b,data_pmus_yaounde,q4_1_a,Agent_49,Veuillez indiquer depuis combien de temps vous attendez.,5,5,5,5,5
gemma2:9b,data_pmus_yaounde,q4_1_b,Agent_49,MOINS DE 5 MIN,4,3,4,4,4
gemma2:9b,data_pmus_yaounde,q4_2_a,Agent_49,Veuillez indiquer depuis combien de temps vous attendez.,5,5,5,5,5
gemma2:9b,data_pmus_yaounde,q4_2_b,Agent_49,30 60 MIN,4,3,4,4,4
gemma2:9b,data_pmus_yaounde,q4_3,Agent_49,2200,4,3,4,4,4
gemma2:9b,data_pmus_yaounde,q4_4,Agent_49,VISITE FAMILLE,4,3,4,4,4
gemma2:9b,data_pmus_yaounde,q4_4_autres,Agent_49,ACHAT,4,3,4,4,4
gemma2:9b,data_pmus_yaounde,q5_1,Agent_49,ENTRE 18 ET 25 ANS,4,3,4,4,4
gemma2:9b,data_pmus_yaounde,q5_2,Agent_49,ENTRE 30 001 ET 100 000,4,3,4,4,4
gemma2:9b,data_pmus_yaounde,q5_3,Agent_49,FEMME,4,3,4,4,4
gemma2:9b,data_pmus_yaounde,centre ville,Agent_50,YAOUNDE,4,3,4,4,4
gemma2:9b,data_pmus_yaounde,q1_1,Agent_50,UN QUARTIER DE LA VILLE DE YAOUNDE,4,3,4,4,4
gemma2:9b,data_pmus_yaounde,q1_1_a,Agent_50,MENDONG,4,3,4,4,4
gemma2:9b,data_pmus_yaounde,q1_1_b,Agent_50,10EME ARRET,4,3,4,4,4
gemma2:9b,data_pmus_yaounde,q1_1_c,Agent_50,AFANOYA,4,3,4,4,4
gemma2:9b,data_pmus_yaounde,q1_2,Agent_50,UN QUARTIER DE LA VILLE DE YAOUNDE,4,3,4,4,4
gemma2:9b,data_pmus_yaounde,q1_2_a,Agent_50,MVAN,4,3,4,4,4
gemma2:9b,data_pmus_yaounde,q1_2_b,Agent_50,10 IEME ARRET,4,3,4,4,4
gemma2:9b,data_pmus_yaounde,q1_3_c,Agent_50,,2,1,2,1,3
gemma2:9b,data_pmus_yaounde,q2_1,Agent_50,PAR BUS STACY,4,3,4,4,4
gemma2:9b,data_pmus_yaounde,q2_2_1,Agent_50,2 CHEVEAU,4,3,4,4,4
gemma2:9b,data_pmus_yaounde,q2_2_2,Agent_50,10 E ARRET,4,3,4,4,4
gemma2:9b,data_pmus_yaounde,q2_3_1,Agent_50,CARREFOURMVAN,4,3,4,4,4
gemma2:9b,data_pmus_yaounde,q2_3_2,Agent_50,0NANA,4,3,4,4,4
gemma2:9b,data_pmus_yaounde,q2_3,Agent_50,NON,5,4,5,4,4
gemma2:9b,data_pmus_yaounde,q2_4,Agent_50,A PIED,4,3,4,4,4
gemma2:9b,data_pmus_yaounde,q2_5_1,Agent_50,A B0NAS,4,3,4,4,4
gemma2:9b,data_pmus_yaounde,q2_5_2,Agent_50,MVAN COMPLEXE BEAL,4,3,4,4,4
gemma2:9b,data_pmus_yaounde,q2_6_1,Agent_50,MVAN,4,3,4,4,4
gemma2:9b,data_pmus_yaounde,q2_6_2,Agent_50,MVAN,4,3,4,4,4
gemma2:9b,data_pmus_yaounde,q3_1,Agent_50,NON,5,4,5,4,4
gemma2:9b,data_pmus_yaounde,q3_2,Agent_50,PAR BUS STACY,4,3,4,4,4
gemma2:9b,data_pmus_yaounde,q3_3_1,Agent_50,MVAN,4,3,4,4,4
gemma2:9b,data_pmus_yaounde,q3_3_2,Agent_50,MVAN,4,3,4,4,4
gemma2:9b,data_pmus_yaounde,q4_1_a,Agent_50,Veuillez indiquer depuis combien de temps vous attendez.,5,5,5,5,5
gemma2:9b,data_pmus_yaounde,q4_1_b,Agent_50,MOINS DE 5 MIN,4,3,4,4,4
gemma2:9b,data_pmus_yaounde,q4_2_a,Agent_50,Veuillez indiquer depuis combien de temps vous attendez.,5,5,5,5,5
gemma2:9b,data_pmus_yaounde,q4_2_b,Agent_50,30 60 MIN,4,3,4,4,4
gemma2:9b,data_pmus_yaounde,q4_3,Agent_50,2750,4,3,4,4,4
gemma2:9b,data_pmus_yaounde,q4_4,Agent_50,SPORTIVES,4,3,4,4,4
gemma2:9b,data_pmus_yaounde,q4_4_autres,Agent_50,ACHAT,4,3,4,4,4
gemma2:9b,data_pmus_yaounde,q5_1,Agent_50,ENTRE 26 ET 35 ANS,4,3,4,4,4
gemma2:9b,data_pmus_yaounde,q5_2,Agent_50,ENTRE 30 001 ET 100 000,4,3,4,4,4
gemma2:9b,data_pmus_yaounde,q5_3,Agent_50,HOMME,4,3,4,4,4
gemma2:9b,data_pmus_yaounde,centre ville,Agent_51,YAOUNDE,4,3,4,4,4
gemma2:9b,data_pmus_yaounde,q1_1,Agent_51,UN QUARTIER DE LA VILLE DE YAOUNDE,4,3,4,4,4
gemma2:9b,data_pmus_yaounde,q1_1_a,Agent_51,ETOUDI,4,3,4,4,4
gemma2:9b,data_pmus_yaounde,q1_1_b,Agent_51,DESCENTE SANCTUAIRE,4,3,4,4,4
gemma2:9b,data_pmus_yaounde,q1_1_c,Agent_51,,2,1,2,1,3
gemma2:9b,data_pmus_yaounde,q1_2,Agent_51,UN QUARTIER DE LA VILLE DE YAOUNDE,4,3,4,4,4
gemma2:9b,data_pmus_yaounde,q1_2_a,Agent_51,ABOM,4,3,4,4,4
gemma2:9b,data_pmus_yaounde,q1_2_b,Agent_51,10 IEME ARRET,4,3,4,4,4
gemma2:9b,data_pmus_yaounde,q1_3_c,Agent_51,,2,1,2,1,3
gemma2:9b,data_pmus_yaounde,q2_1,Agent_51,PAR BUS STACY,4,3,4,4,4
gemma2:9b,data_pmus_yaounde,q2_2_1,Agent_51,2 CHEVEAU,4,3,4,4,4
gemma2:9b,data_pmus_yaounde,q2_2_2,Agent_51,10 E ARRET,4,3,4,4,4
gemma2:9b,data_pmus_yaounde,q2_3_1,Agent_51,0LESOA,4,3,4,4,4
gemma2:9b,data_pmus_yaounde,q2_3_2,Agent_51,,2,1,2,1,3
gemma2:9b,data_pmus_yaounde,q2_3,Agent_51,NON,5,4,5,4,4
gemma2:9b,data_pmus_yaounde,q2_4,Agent_51,A PIED,4,3,4,4,4
gemma2:9b,data_pmus_yaounde,q2_5_1,Agent_51,BILONO,4,3,4,4,4
gemma2:9b,data_pmus_yaounde,q2_5_2,Agent_51,0MPHINE,4,3,4,4,4
gemma2:9b,data_pmus_yaounde,q2_6_1,Agent_51,ABATTOIR,4,3,4,4,4
gemma2:9b,data_pmus_yaounde,q2_6_2,Agent_51,,2,1,2,1,3
gemma2:9b,data_pmus_yaounde,q3_1,Agent_51,NON,5,4,5,4,4
gemma2:9b,data_pmus_yaounde,q3_2,Agent_51,PAR BUS STACY,4,3,4,4,4
gemma2:9b,data_pmus_yaounde,q3_3_1,Agent_51,ACACIA,4,3,4,4,4
gemma2:9b,data_pmus_yaounde,q3_3_2,Agent_51,MARCHE ETOUDI,4,3,4,4,4
gemma2:9b,data_pmus_yaounde,q4_1_a,Agent_51,Veuillez indiquer depuis combien de temps vous attendez.,5,5,5,5,5
gemma2:9b,data_pmus_yaounde,q4_1_b,Agent_51,MOINS DE 5 MIN,4,3,4,4,4
gemma2:9b,data_pmus_yaounde,q4_2_a,Agent_51,Veuillez indiquer depuis combien de temps vous attendez.,5,5,5,5,5
gemma2:9b,data_pmus_yaounde,q4_2_b,Agent_51,30 60 MIN,4,3,4,4,4
gemma2:9b,data_pmus_yaounde,q4_3,Agent_51,2800,4,3,4,4,4
gemma2:9b,data_pmus_yaounde,q4_4,Agent_51,TRAVAIL,4,3,4,4,4
gemma2:9b,data_pmus_yaounde,q4_4_autres,Agent_51,ACHAT,4,3,4,4,4
gemma2:9b,data_pmus_yaounde,q5_1,Agent_51,ENTRE 26 ET 35 ANS,4,3,4,4,4
gemma2:9b,data_pmus_yaounde,q5_2,Agent_51,ENTRE 30 001 ET 100 000,4,3,4,4,4
gemma2:9b,data_pmus_yaounde,q5_3,Agent_51,FEMME,4,3,4,4,4
gemma2:9b,data_pmus_yaounde,centre ville,Agent_52,YAOUNDE,4,3,4,4,4
gemma2:9b,data_pmus_yaounde,q1_1,Agent_52,UN QUARTIER DE LA VILLE DE YAOUNDE,4,3,4,4,4
gemma2:9b,data_pmus_yaounde,q1_1_a,Agent_52,ABIT,4,3,4,4,4
gemma2:9b,data_pmus_yaounde,q1_1_b,Agent_52,NKOULMEKONG,4,3,4,4,4
gemma2:9b,data_pmus_yaounde,q1_1_c,Agent_52,,2,1,2,1,3
gemma2:9b,data_pmus_yaounde,q1_2,Agent_52,UN QUARTIER DE LA VILLE DE YAOUNDE,4,3,4,4,4
gemma2:9b,data_pmus_yaounde,q1_2_a,Agent_52,ABOM,4,3,4,4,4
gemma2:9b,data_pmus_yaounde,q1_2_b,Agent_52,10 IEME ARRET,4,3,4,4,4
gemma2:9b,data_pmus_yaounde,q1_3_c,Agent_52,,2,1,2,1,3
gemma2:9b,data_pmus_yaounde,q2_1,Agent_52,PAR BUS STACY,4,3,4,4,4
gemma2:9b,data_pmus_yaounde,q2_2_1,Agent_52,CARREFOUR MBOCKABAM,4,3,4,4,4
gemma2:9b,data_pmus_yaounde,q2_2_2,Agent_52,10 E ARRET,4,3,4,4,4
gemma2:9b,data_pmus_yaounde,q2_3_1,Agent_52,0LESOA,4,3,4,4,4
gemma2:9b,data_pmus_yaounde,q2_3_2,Agent_52,POINT DE BUS,4,3,4,4,4
gemma2:9b,data_pmus_yaounde,q2_3,Agent_52,NON,5,4,5,4,4
gemma2:9b,data_pmus_yaounde,q2_4,Agent_52,PAR BUS STACY,4,3,4,4,4
gemma2:9b,data_pmus_yaounde,q2_5_1,Agent_52,NKOEKELE,4,3,4,4,4
gemma2:9b,data_pmus_yaounde,q2_5_2,Agent_52,0MPHINE,4,3,4,4,4
gemma2:9b,data_pmus_yaounde,q2_6_1,Agent_52,ABATTOIR,4,3,4,4,4
gemma2:9b,data_pmus_yaounde,q2_6_2,Agent_52,11EME ARRET,4,3,4,4,4
gemma2:9b,data_pmus_yaounde,q3_1,Agent_52,NON,5,4,5,4,4
gemma2:9b,data_pmus_yaounde,q3_2,Agent_52,PAR BUS STACY,4,3,4,4,4
gemma2:9b,data_pmus_yaounde,q3_3_1,Agent_52,NKOA MBANG,4,3,4,4,4
gemma2:9b,data_pmus_yaounde,q3_3_2,Agent_52,NKOA MBANG,4,3,4,4,4
gemma2:9b,data_pmus_yaounde,q4_1_a,Agent_52,Veuillez indiquer depuis combien de temps vous attendez.,5,5,5,5,5
gemma2:9b,data_pmus_yaounde,q4_1_b,Agent_52,MOINS DE 5 MIN,4,3,4,4,4
gemma2:9b,data_pmus_yaounde,q4_2_a,Agent_52,Veuillez indiquer depuis combien de temps vous attendez.,5,5,5,5,5
gemma2:9b,data_pmus_yaounde,q4_2_b,Agent_52,30 60 MIN,4,3,4,4,4
gemma2:9b,data_pmus_yaounde,q4_3,Agent_52,2500,4,3,4,4,4
gemma2:9b,data_pmus_yaounde,q4_4,Agent_52,COURSES,4,3,4,4,4
gemma2:9b,data_pmus_yaounde,q4_4_autres,Agent_52,FAIRE DES ACHATS,4,3,4,4,4
gemma2:9b,data_pmus_yaounde,q5_1,Agent_52,ENTRE 18 ET 25 ANS,4,3,4,4,4
gemma2:9b,data_pmus_yaounde,q5_2,Agent_52,ENTRE 300 001 ET 500 000,4,3,4,4,4
gemma2:9b,data_pmus_yaounde,q5_3,Agent_52,HOMME,4,3,4,4,4
gemma2:9b,data_pmus_yaounde,centre ville,Agent_53,YAOUNDE,4,3,4,4,4
gemma2:9b,data_pmus_yaounde,q1_1,Agent_53,UN QUARTIER DE LA VILLE DE YAOUNDE,4,3,4,4,4
gemma2:9b,data_pmus_yaounde,q1_1_a,Agent_53,ABIT,4,3,4,4,4
gemma2:9b,data_pmus_yaounde,q1_1_b,Agent_53,INSTITUT SAINT JEAN,4,3,4,4,4
gemma2:9b,data_pmus_yaounde,q1_1_c,Agent_53,,2,1,2,1,3
gemma2:9b,data_pmus_yaounde,q1_2,Agent_53,UN QUARTIER DE LA VILLE DE YAOUNDE,4,3,4,4,4
gemma2:9b,data_pmus_yaounde,q1_2_a,Agent_53,ABOM,4,3,4,4,4
gemma2:9b,data_pmus_yaounde,q1_2_b,Agent_53,MONTE SAPLET,4,3,4,4,4
gemma2:9b,data_pmus_yaounde,q1_3_c,Agent_53,,2,1,2,1,3
gemma2:9b,data_pmus_yaounde,q2_1,Agent_53,PAR BUS STACY,4,3,4,4,4
gemma2:9b,data_pmus_yaounde,q2_2_1,Agent_53,2 CHEVEAU,4,3,4,4,4
gemma2:9b,data_pmus_yaounde,q2_2_2,Agent_53,10 E ARRET,4,3,4,4,4
gemma2:9b,data_pmus_yaounde,q2_3_1,Agent_53,0LESOA,4,3,4,4,4
gemma2:9b,data_pmus_yaounde,q2_3_2,Agent_53,AVENUE KENNEDY,4,3,4,4,4
gemma2:9b,data_pmus_yaounde,q2_3,Agent_53,NON,5,4,5,4,4
gemma2:9b,data_pmus_yaounde,q2_4,Agent_53,A PIED,4,3,4,4,4
gemma2:9b,data_pmus_yaounde,q2_5_1,Agent_53,CENTRE VILLE,4,3,4,4,4
gemma2:9b,data_pmus_yaounde,q2_5_2,Agent_53,0MPHINE,4,3,4,4,4
gemma2:9b,data_pmus_yaounde,q2_6_1,Agent_53,ABATTOIR,4,3,4,4,4
gemma2:9b,data_pmus_yaounde,q2_6_2,Agent_53,11EME ARRET,4,3,4,4,4
gemma2:9b,data_pmus_yaounde,q3_1,Agent_53,NON,5,4,5,4,4
gemma2:9b,data_pmus_yaounde,q3_2,Agent_53,PAR BUS STACY,4,3,4,4,4
gemma2:9b,data_pmus_yaounde,q3_3_1,Agent_53,ETAMBAFIA,4,3,4,4,4
gemma2:9b,data_pmus_yaounde,q3_3_2,Agent_53,10 IEME ARRET,4,3,4,4,4
gemma2:9b,data_pmus_yaounde,q4_1_a,Agent_53,Veuillez indiquer depuis combien de temps vous attendez.,5,5,5,5,5
gemma2:9b,data_pmus_yaounde,q4_1_b,Agent_53,MOINS DE 5 MIN,4,3,4,4,4
gemma2:9b,data_pmus_yaounde,q4_2_a,Agent_53,Veuillez indiquer depuis combien de temps vous attendez.,5,5,5,5,5
gemma2:9b,data_pmus_yaounde,q4_2_b,Agent_53,30 60 MIN,4,3,4,4,4
gemma2:9b,data_pmus_yaounde,q4_3,Agent_53,1750,4,3,4,4,4
gemma2:9b,data_pmus_yaounde,q4_4,Agent_53,SPORTIVES,4,3,4,4,4
gemma2:9b,data_pmus_yaounde,q4_4_autres,Agent_53,SPORT ET VISITE AMICALE,4,3,4,4,4
gemma2:9b,data_pmus_yaounde,q5_1,Agent_53,ENTRE 18 ET 25 ANS,4,3,4,4,4
gemma2:9b,data_pmus_yaounde,q5_2,Agent_53,ENTRE 300 001 ET 500 000,4,3,4,4,4
gemma2:9b,data_pmus_yaounde,q5_3,Agent_53,HOMME,4,3,4,4,4
gemma2:9b,data_pmus_yaounde,centre ville,Agent_54,YAOUNDE,4,3,4,4,4
gemma2:9b,data_pmus_yaounde,q1_1,Agent_54,UN QUARTIER DE LA VILLE DE YAOUNDE,4,3,4,4,4
gemma2:9b,data_pmus_yaounde,q1_1_a,Agent_54,TONGOLO,4,3,4,4,4
gemma2:9b,data_pmus_yaounde,q1_1_b,Agent_54,PHARMACIE DU STADE,4,3,4,4,4
gemma2:9b,data_pmus_yaounde,q1_1_c,Agent_54,,2,1,2,1,3
gemma2:9b,data_pmus_yaounde,q1_2,Agent_54,UN QUARTIER DE LA VILLE DE YAOUNDE,4,3,4,4,4
gemma2:9b,data_pmus_yaounde,q1_2_a,Agent_54,ABOM,4,3,4,4,4
gemma2:9b,data_pmus_yaounde,q1_2_b,Agent_54,10 IEME ARRET,4,3,4,4,4
gemma2:9b,data_pmus_yaounde,q1_3_c,Agent_54,,2,1,2,1,3
gemma2:9b,data_pmus_yaounde,q2_1,Agent_54,A PIED,4,3,4,4,4
gemma2:9b,data_pmus_yaounde,q2_2_1,Agent_54,,2,1,2,1,3
gemma2:9b,data_pmus_yaounde,q2_2_2,Agent_54,,2,1,2,1,3
gemma2:9b,data_pmus_yaounde,q2_3_1,Agent_54,,2,1,2,1,3
gemma2:9b,data_pmus_yaounde,q2_3_2,Agent_54,,2,1,2,1,3
gemma2:9b,data_pmus_yaounde,q2_3,Agent_54,NON,5,4,5,4,4
gemma2:9b,data_pmus_yaounde,q2_4,Agent_54,A PIED,4,3,4,4,4
gemma2:9b,data_pmus_yaounde,q2_5_1,Agent_54,,2,1,2,1,3
gemma2:9b,data_pmus_yaounde,q2_5_2,Agent_54,,2,1,2,1,3
gemma2:9b,data_pmus_yaounde,q2_6_1,Agent_54,,2,1,2,1,3
gemma2:9b,data_pmus_yaounde,q2_6_2,Agent_54,,2,1,2,1,3
gemma2:9b,data_pmus_yaounde,q3_1,Agent_54,NON,5,4,5,4,4
gemma2:9b,data_pmus_yaounde,q3_2,Agent_54,A PIED,4,3,4,4,4
gemma2:9b,data_pmus_yaounde,q3_3_1,Agent_54,,2,1,2,1,3
gemma2:9b,data_pmus_yaounde,q3_3_2,Agent_54,,2,1,2,1,3
gemma2:9b,data_pmus_yaounde,q4_1_a,Agent_54,Veuillez indiquer depuis combien de temps vous attendez.,5,5,5,5,5
gemma2:9b,data_pmus_yaounde,q4_1_b,Agent_54,MOINS DE 5 MIN,4,3,4,4,4
gemma2:9b,data_pmus_yaounde,q4_2_a,Agent_54,Veuillez indiquer depuis combien de temps vous attendez.,5,5,5,5,5
gemma2:9b,data_pmus_yaounde,q4_2_b,Agent_54,30 60 MIN,4,3,4,4,4
gemma2:9b,data_pmus_yaounde,q4_3,Agent_54,1000,4,3,4,4,4
gemma2:9b,data_pmus_yaounde,q4_4,Agent_54,COURSES,4,3,4,4,4
gemma2:9b,data_pmus_yaounde,q4_4_autres,Agent_54,FAIRE DES ACHATS,4,3,4,4,4
gemma2:9b,data_pmus_yaounde,q5_1,Agent_54,ENTRE 36 ET 45 ANS,4,3,4,4,4
gemma2:9b,data_pmus_yaounde,q5_2,Agent_54,ENTRE 300 001 ET 500 000,4,3,4,4,4
gemma2:9b,data_pmus_yaounde,q5_3,Agent_54,FEMME,4,3,4,4,4
gemma2:9b,data_pmus_yaounde,centre ville,Agent_55,YAOUNDE,4,3,4,4,4
gemma2:9b,data_pmus_yaounde,q1_1,Agent_55,UN QUARTIER DE LA VILLE DE YAOUNDE,4,3,4,4,4
gemma2:9b,data_pmus_yaounde,q1_1_a,Agent_55,ABIT,4,3,4,4,4
gemma2:9b,data_pmus_yaounde,q1_1_b,Agent_55,OBALA,4,3,4,4,4
gemma2:9b,data_pmus_yaounde,q1_1_c,Agent_55,AFANOYA,4,3,4,4,4
gemma2:9b,data_pmus_yaounde,q1_2,Agent_55,UN QUARTIER DE LA VILLE DE YAOUNDE,4,3,4,4,4
gemma2:9b,data_pmus_yaounde,q1_2_a,Agent_55,MVOG BETSI,4,3,4,4,4
gemma2:9b,data_pmus_yaounde,q1_2_b,Agent_55,10 IEME ARRET,4,3,4,4,4
gemma2:9b,data_pmus_yaounde,q1_3_c,Agent_55,YAOUNDE,4,3,4,4,4
gemma2:9b,data_pmus_yaounde,q2_1,Agent_55,A PIED,4,3,4,4,4
gemma2:9b,data_pmus_yaounde,q2_2_1,Agent_55,CARREFOUR MBALA DEUX,4,3,4,4,4
gemma2:9b,data_pmus_yaounde,q2_2_2,Agent_55,,2,1,2,1,3
gemma2:9b,data_pmus_yaounde,q2_3_1,Agent_55,,2,1,2,1,3
gemma2:9b,data_pmus_yaounde,q2_3_2,Agent_55,,2,1,2,1,3
gemma2:9b,data_pmus_yaounde,q2_3,Agent_55,NON,5,4,5,4,4
gemma2:9b,data_pmus_yaounde,q2_4,Agent_55,A PIED,4,3,4,4,4
gemma2:9b,data_pmus_yaounde,q2_5_1,Agent_55,,2,1,2,1,3
gemma2:9b,data_pmus_yaounde,q2_5_2,Agent_55,,2,1,2,1,3
gemma2:9b,data_pmus_yaounde,q2_6_1,Agent_55,,2,1,2,1,3
gemma2:9b,data_pmus_yaounde,q2_6_2,Agent_55,,2,1,2,1,3
gemma2:9b,data_pmus_yaounde,q3_1,Agent_55,NON,5,4,5,4,4
gemma2:9b,data_pmus_yaounde,q3_2,Agent_55,A PIED,4,3,4,4,4
gemma2:9b,data_pmus_yaounde,q3_3_1,Agent_55,,2,1,2,1,3
gemma2:9b,data_pmus_yaounde,q3_3_2,Agent_55,,2,1,2,1,3
gemma2:9b,data_pmus_yaounde,q4_1_a,Agent_55,Veuillez indiquer depuis combien de temps vous attendez.,5,5,5,5,5
gemma2:9b,data_pmus_yaounde,q4_1_b,Agent_55,MOINS DE 5 MIN,4,3,4,4,4
gemma2:9b,data_pmus_yaounde,q4_2_a,Agent_55,Veuillez indiquer depuis combien de temps vous attendez.,5,5,5,5,5
gemma2:9b,data_pmus_yaounde,q4_2_b,Agent_55,30 60 MIN,4,3,4,4,4
gemma2:9b,data_pmus_yaounde,q4_3,Agent_55,750,4,3,4,4,4
gemma2:9b,data_pmus_yaounde,q4_4,Agent_55,TRAVAIL,4,3,4,4,4
gemma2:9b,data_pmus_yaounde,q4_4_autres,Agent_55,ACHAT,4,3,4,4,4
gemma2:9b,data_pmus_yaounde,q5_1,Agent_55,ENTRE 26 ET 35 ANS,4,3,4,4,4
gemma2:9b,data_pmus_yaounde,q5_2,Agent_55,ENTRE 30 001 ET 100 000,4,3,4,4,4
gemma2:9b,data_pmus_yaounde,q5_3,Agent_55,FEMME,4,3,4,4,4
gemma2:9b,data_pmus_yaounde,centre ville,Agent_56,YAOUNDE,4,3,4,4,4
gemma2:9b,data_pmus_yaounde,q1_1,Agent_56,UN QUARTIER DE LA VILLE DE YAOUNDE,4,3,4,4,4
gemma2:9b,data_pmus_yaounde,q1_1_a,Agent_56,ABIT,4,3,4,4,4
gemma2:9b,data_pmus_yaounde,q1_1_b,Agent_56,10EME ARRET,4,3,4,4,4
gemma2:9b,data_pmus_yaounde,q1_1_c,Agent_56,,2,1,2,1,3
gemma2:9b,data_pmus_yaounde,q1_2,Agent_56,UN QUARTIER DE LA VILLE DE YAOUNDE,4,3,4,4,4
gemma2:9b,data_pmus_yaounde,q1_2_a,Agent_56,BITOTOL,4,3,4,4,4
gemma2:9b,data_pmus_yaounde,q1_2_b,Agent_56,BITOTOL,4,3,4,4,4
gemma2:9b,data_pmus_yaounde,q1_3_c,Agent_56,,2,1,2,1,3
gemma2:9b,data_pmus_yaounde,q2_1,Agent_56,A PIED,4,3,4,4,4
gemma2:9b,data_pmus_yaounde,q2_2_1,Agent_56,,2,1,2,1,3
gemma2:9b,data_pmus_yaounde,q2_2_2,Agent_56,,2,1,2,1,3
gemma2:9b,data_pmus_yaounde,q2_3_1,Agent_56,,2,1,2,1,3
gemma2:9b,data_pmus_yaounde,q2_3_2,Agent_56,,2,1,2,1,3
gemma2:9b,data_pmus_yaounde,q2_3,Agent_56,NON,5,4,5,4,4
gemma2:9b,data_pmus_yaounde,q2_4,Agent_56,A PIED,4,3,4,4,4
gemma2:9b,data_pmus_yaounde,q2_5_1,Agent_56,,2,1,2,1,3
gemma2:9b,data_pmus_yaounde,q2_5_2,Agent_56,,2,1,2,1,3
gemma2:9b,data_pmus_yaounde,q2_6_1,Agent_56,NGOUSSO,4,3,4,4,4
gemma2:9b,data_pmus_yaounde,q2_6_2,Agent_56,11EME ARRET,4,3,4,4,4
gemma2:9b,data_pmus_yaounde,q3_1,Agent_56,NON,5,4,5,4,4
gemma2:9b,data_pmus_yaounde,q3_2,Agent_56,A PIED,4,3,4,4,4
gemma2:9b,data_pmus_yaounde,q3_3_1,Agent_56,,2,1,2,1,3
gemma2:9b,data_pmus_yaounde,q3_3_2,Agent_56,,2,1,2,1,3
gemma2:9b,data_pmus_yaounde,q4_1_a,Agent_56,Veuillez indiquer depuis combien de temps vous attendez.,5,5,5,5,5
gemma2:9b,data_pmus_yaounde,q4_1_b,Agent_56,MOINS DE 5 MIN,4,3,4,4,4
gemma2:9b,data_pmus_yaounde,q4_2_a,Agent_56,Veuillez indiquer depuis combien de temps vous attendez.,5,5,5,5,5
gemma2:9b,data_pmus_yaounde,q4_2_b,Agent_56,30 60 MIN,4,3,4,4,4
gemma2:9b,data_pmus_yaounde,q4_3,Agent_56,1400,4,3,4,4,4
gemma2:9b,data_pmus_yaounde,q4_4,Agent_56,TRAVAIL,4,3,4,4,4
gemma2:9b,data_pmus_yaounde,q4_4_autres,Agent_56,ACHAT,4,3,4,4,4
gemma2:9b,data_pmus_yaounde,q5_1,Agent_56,ENTRE 55ANS ET 64 ANS,4,3,4,4,4
gemma2:9b,data_pmus_yaounde,q5_2,Agent_56,ENTRE 30 001 ET 100 000,4,3,4,4,4
gemma2:9b,data_pmus_yaounde,q5_3,Agent_56,FEMME,4,3,4,4,4
gemma2:9b,data_pmus_yaounde,centre ville,Agent_57,YAOUNDE,4,3,4,4,4
gemma2:9b,data_pmus_yaounde,q1_1,Agent_57,UN QUARTIER DE LA VILLE DE YAOUNDE,4,3,4,4,4
gemma2:9b,data_pmus_yaounde,q1_1_a,Agent_57,ABIT,4,3,4,4,4
gemma2:9b,data_pmus_yaounde,q1_1_b,Agent_57,10EME ARRET,4,3,4,4,4
gemma2:9b,data_pmus_yaounde,q1_1_c,Agent_57,,2,1,2,1,3
gemma2:9b,data_pmus_yaounde,q1_2,Agent_57,UN QUARTIER DE LA VILLE DE YAOUNDE,4,3,4,4,4
gemma2:9b,data_pmus_yaounde,q1_2_a,Agent_57,LEBOUDI,4,3,4,4,4
gemma2:9b,data_pmus_yaounde,q1_2_b,Agent_57,LEBOUDI,4,3,4,4,4
gemma2:9b,data_pmus_yaounde,q1_3_c,Agent_57,,2,1,2,1,3
gemma2:9b,data_pmus_yaounde,q2_1,Agent_57,A PIED,4,3,4,4,4
gemma2:9b,data_pmus_yaounde,q2_2_1,Agent_57,CARRIERE,4,3,4,4,4
gemma2:9b,data_pmus_yaounde,q2_2_2,Agent_57,A PIED,4,3,4,4,4
gemma2:9b,data_pmus_yaounde,q2_3_1,Agent_57,CARRIERE,4,3,4,4,4
gemma2:9b,data_pmus_yaounde,q2_3_2,Agent_57,CARREFOUR,4,3,4,4,4
gemma2:9b,data_pmus_yaounde,q2_3,Agent_57,NON,5,4,5,4,4
gemma2:9b,data_pmus_yaounde,q2_4,Agent_57,PAR BUS STACY,4,3,4,4,4
gemma2:9b,data_pmus_yaounde,q2_5_1,Agent_57,CARRIERE,4,3,4,4,4
gemma2:9b,data_pmus_yaounde,q2_5_2,Agent_57,0MPHINE,4,3,4,4,4
gemma2:9b,data_pmus_yaounde,q2_6_1,Agent_57,CARREFOUR,4,3,4,4,4
gemma2:9b,data_pmus_yaounde,q2_6_2,Agent_57,CARREFOUR,4,3,4,4,4
gemma2:9b,data_pmus_yaounde,q3_1,Agent_57,NON,5,4,5,4,4
gemma2:9b,data_pmus_yaounde,q3_2,Agent_57,PAR BUS STACY,4,3,4,4,4
gemma2:9b,data_pmus_yaounde,q3_3_1,Agent_57,ACACIA,4,3,4,4,4
gemma2:9b,data_pmus_yaounde,q3_3_2,Agent_57,ACACIA,4,3,4,4,4
gemma2:9b,data_pmus_yaounde,q4_1_a,Agent_57,Veuillez indiquer depuis combien de temps vous attendez.,5,5,5,5,5
gemma2:9b,data_pmus_yaounde,q4_1_b,Agent_57,MOINS DE 5 MIN,4,3,4,4,4
gemma2:9b,data_pmus_yaounde,q4_2_a,Agent_57,Veuillez indiquer depuis combien de temps vous attendez.,5,5,5,5,5
gemma2:9b,data_pmus_yaounde,q4_2_b,Agent_57,15 30 MIN,4,3,4,4,4
gemma2:9b,data_pmus_yaounde,q4_3,Agent_57,200,4,3,4,4,4
gemma2:9b,data_pmus_yaounde,q4_4,Agent_57,TRAVAIL,4,3,4,4,4
gemma2:9b,data_pmus_yaounde,q4_4_autres,Agent_57,ACHAT,4,3,4,4,4
gemma2:9b,data_pmus_yaounde,q5_1,Agent_57,ENTRE 36 ET 45 ANS,4,3,4,4,4
gemma2:9b,data_pmus_yaounde,q5_2,Agent_57,MOINS DE 30 000,4,3,4,4,4
gemma2:9b,data_pmus_yaounde,q5_3,Agent_57,FEMME,4,3,4,4,4
gemma2:9b,data_pmus_yaounde,centre ville,Agent_58,YAOUNDE,4,3,4,4,4
gemma2:9b,data_pmus_yaounde,q1_1,Agent_58,UN QUARTIER DE LA VILLE DE YAOUNDE,4,3,4,4,4
gemma2:9b,data_pmus_yaounde,q1_1_a,Agent_58,ABIT,4,3,4,4,4
gemma2:9b,data_pmus_yaounde,q1_1_b,Agent_58,MONTEE DES S URS,4,3,4,4,4
gemma2:9b,data_pmus_yaounde,q1_1_c,Agent_58,AFANOYA,4,3,4,4,4
gemma2:9b,data_pmus_yaounde,q1_2,Agent_58,UN QUARTIER DE LA VILLE DE YAOUNDE,4,3,4,4,4
gemma2:9b,data_pmus_yaounde,q1_2_a,Agent_58,MELEN,4,3,4,4,4
gemma2:9b,data_pmus_yaounde,q1_2_b,Agent_58,10 IEME ARRET,4,3,4,4,4
gemma2:9b,data_pmus_yaounde,q1_3_c,Agent_58,,2,1,2,1,3
gemma2:9b,data_pmus_yaounde,q2_1,Agent_58,A PIED,4,3,4,4,4
gemma2:9b,data_pmus_yaounde,q2_2_1,Agent_58,2 CHEVEAU,4,3,4,4,4
gemma2:9b,data_pmus_yaounde,q2_2_2,Agent_58,,2,1,2,1,3
gemma2:9b,data_pmus_yaounde,q2_3_1,Agent_58,,2,1,2,1,3
gemma2:9b,data_pmus_yaounde,q2_3_2,Agent_58,,2,1,2,1,3
gemma2:9b,data_pmus_yaounde,q2_3,Agent_58,NON,5,4,5,4,4
gemma2:9b,data_pmus_yaounde,q2_4,Agent_58,A PIED,4,3,4,4,4
gemma2:9b,data_pmus_yaounde,q2_5_1,Agent_58,,2,1,2,1,3
gemma2:9b,data_pmus_yaounde,q2_5_2,Agent_58,,2,1,2,1,3
gemma2:9b,data_pmus_yaounde,q2_6_1,Agent_58,,2,1,2,1,3
gemma2:9b,data_pmus_yaounde,q2_6_2,Agent_58,,2,1,2,1,3
gemma2:9b,data_pmus_yaounde,q3_1,Agent_58,NON,5,4,5,4,4
gemma2:9b,data_pmus_yaounde,q3_2,Agent_58,A PIED,4,3,4,4,4
gemma2:9b,data_pmus_yaounde,q3_3_1,Agent_58,,2,1,2,1,3
gemma2:9b,data_pmus_yaounde,q3_3_2,Agent_58,,2,1,2,1,3
gemma2:9b,data_pmus_yaounde,q4_1_a,Agent_58,Veuillez indiquer depuis combien de temps vous attendez.,5,5,5,5,5
gemma2:9b,data_pmus_yaounde,q4_1_b,Agent_58,MOINS DE 5 MIN,4,3,4,4,4
gemma2:9b,data_pmus_yaounde,q4_2_a,Agent_58,Veuillez indiquer depuis combien de temps vous attendez.,5,5,5,5,5
gemma2:9b,data_pmus_yaounde,q4_2_b,Agent_58,30 60 MIN,4,3,4,4,4
gemma2:9b,data_pmus_yaounde,q4_3,Agent_58,350,4,3,4,4,4
gemma2:9b,data_pmus_yaounde,q4_4,Agent_58,COURSES,4,3,4,4,4
gemma2:9b,data_pmus_yaounde,q4_4_autres,Agent_58,FAIRE DES ACHATS,4,3,4,4,4
gemma2:9b,data_pmus_yaounde,q5_1,Agent_58,MOINS DE 18 ANS,4,3,4,4,4
gemma2:9b,data_pmus_yaounde,q5_2,Agent_58,MOINS DE 30 000,4,3,4,4,4
gemma2:9b,data_pmus_yaounde,q5_3,Agent_58,HOMME,4,3,4,4,4
gemma2:9b,data_pmus_yaounde,centre ville,Agent_59,YAOUNDE,4,3,4,4,4
gemma2:9b,data_pmus_yaounde,q1_1,Agent_59,UN QUARTIER DE LA VILLE DE YAOUNDE,4,3,4,4,4
gemma2:9b,data_pmus_yaounde,q1_1_a,Agent_59,ABIT,4,3,4,4,4
gemma2:9b,data_pmus_yaounde,q1_1_b,Agent_59,10EME ARRET,4,3,4,4,4
gemma2:9b,data_pmus_yaounde,q1_1_c,Agent_59,AFANOYA,4,3,4,4,4
gemma2:9b,data_pmus_yaounde,q1_2,Agent_59,UN QUARTIER DE LA VILLE DE YAOUNDE,4,3,4,4,4
gemma2:9b,data_pmus_yaounde,q1_2_a,Agent_59,BITENG,4,3,4,4,4
gemma2:9b,data_pmus_yaounde,q1_2_b,Agent_59,BITENG,4,3,4,4,4
gemma2:9b,data_pmus_yaounde,q1_3_c,Agent_59,,2,1,2,1,3
gemma2:9b,data_pmus_yaounde,q2_1,Agent_59,A PIED,4,3,4,4,4
gemma2:9b,data_pmus_yaounde,q2_2_1,Agent_59,2 CHEVEAU,4,3,4,4,4
gemma2:9b,data_pmus_yaounde,q2_2_2,Agent_59,BITENG,4,3,4,4,4
gemma2:9b,data_pmus_yaounde,q2_3_1,Agent_59,BITENG,4,3,4,4,4
gemma2:9b,data_pmus_yaounde,q2_3_2,Agent_59,BITENG,4,3,4,4,4
gemma2:9b,data_pmus_yaounde,q2_3,Agent_59,NON,5,4,5,4,4
gemma2:9b,data_pmus_yaounde,q2_4,Agent_59,A PIED,4,3,4,4,4
gemma2:9b,data_pmus_yaounde,q2_5_1,Agent_59,BITENG,4,3,4,4,4
gemma2:9b,data_pmus_yaounde,q2_5_2,Agent_59,0MPHINE,4,3,4,4,4
gemma2:9b,data_pmus_yaounde,q2_6_1,Agent_59,BITENG,4,3,4,4,4
gemma2:9b,data_pmus_yaounde,q2_6_2,Agent_59,ESCALIER,4,3,4,4,4
gemma2:9b,data_pmus_yaounde,q3_1,Agent_59,NON,5,4,5,4,4
gemma2:9b,data_pmus_yaounde,q3_2,Agent_59,A PIED,4,3,4,4,4
gemma2:9b,data_pmus_yaounde,q3_3_1,Agent_59,ACACIA,4,3,4,4,4
gemma2:9b,data_pmus_yaounde,q3_3_2,Agent_59,BITENG,4,3,4,4,4
gemma2:9b,data_pmus_yaounde,q4_1_a,Agent_59,Veuillez indiquer depuis combien de temps vous attendez.,5,5,5,5,5
gemma2:9b,data_pmus_yaounde,q4_1_b,Agent_59,MOINS DE 5 MIN,4,3,4,4,4
gemma2:9b,data_pmus_yaounde,q4_2_a,Agent_59,Veuillez indiquer depuis combien de temps vous attendez.,5,5,5,5,5
gemma2:9b,data_pmus_yaounde,q4_2_b,Agent_59,30 60 MIN,4,3,4,4,4
gemma2:9b,data_pmus_yaounde,q4_3,Agent_59,2950,4,3,4,4,4
gemma2:9b,data_pmus_yaounde,q4_4,Agent_59,COURSES,4,3,4,4,4
gemma2:9b,data_pmus_yaounde,q4_4_autres,Agent_59,FAIRE DU MARCHE,4,3,4,4,4
gemma2:9b,data_pmus_yaounde,q5_1,Agent_59,ENTRE 18 ET 25 ANS,4,3,4,4,4
gemma2:9b,data_pmus_yaounde,q5_2,Agent_59,ENTRE 300 001 ET 500 000,4,3,4,4,4
gemma2:9b,data_pmus_yaounde,q5_3,Agent_59,FEMME,4,3,4,4,4
gemma2:9b,data_pmus_yaounde,centre ville,Agent_60,YAOUNDE,4,3,4,4,4
gemma2:9b,data_pmus_yaounde,q1_1,Agent_60,UN QUARTIER DE LA VILLE DE YAOUNDE,4,3,4,4,4
gemma2:9b,data_pmus_yaounde,q1_1_a,Agent_60,ODZA,4,3,4,4,4
gemma2:9b,data_pmus_yaounde,q1_1_b,Agent_60,10EME ARRET,4,3,4,4,4
gemma2:9b,data_pmus_yaounde,q1_1_c,Agent_60,,2,1,2,1,3
gemma2:9b,data_pmus_yaounde,q1_2,Agent_60,UN QUARTIER DE LA VILLE DE YAOUNDE,4,3,4,4,4
gemma2:9b,data_pmus_yaounde,q1_2_a,Agent_60,BARRIERE,4,3,4,4,4
gemma2:9b,data_pmus_yaounde,q1_2_b,Agent_60,BARRIERE,4,3,4,4,4
gemma2:9b,data_pmus_yaounde,q1_3_c,Agent_60,,2,1,2,1,3
gemma2:9b,data_pmus_yaounde,q2_1,Agent_60,A PIED,4,3,4,4,4
gemma2:9b,data_pmus_yaounde,q2_2_1,Agent_60,,2,1,2,1,3
gemma2:9b,data_pmus_yaounde,q2_2_2,Agent_60,,2,1,2,1,3
gemma2:9b,data_pmus_yaounde,q2_3_1,Agent_60,BARRIERE,4,3,4,4,4
gemma2:9b,data_pmus_yaounde,q2_3_2,Agent_60,BARRIERE,4,3,4,4,4
gemma2:9b,data_pmus_yaounde,q2_3,Agent_60,NON,5,4,5,4,4
gemma2:9b,data_pmus_yaounde,q2_4,Agent_60,A PIED,4,3,4,4,4
gemma2:9b,data_pmus_yaounde,q2_5_1,Agent_60,,2,1,2,1,3
gemma2:9b,data_pmus_yaounde,q2_5_2,Agent_60,,2,1,2,1,3
gemma2:9b,data_pmus_yaounde,q2_6_1,Agent_60,BARRIERE,4,3,4,4,4
gemma2:9b,data_pmus_yaounde,q2_6_2,Agent_60,BARRIERE,4,3,4,4,4
gemma2:9b,data_pmus_yaounde,q3_1,Agent_60,NON,5,4,5,4,4
gemma2:9b,data_pmus_yaounde,q3_2,Agent_60,A PIED,4,3,4,4,4
gemma2:9b,data_pmus_yaounde,q3_3_1,Agent_60,,2,1,2,1,3
gemma2:9b,data_pmus_yaounde,q3_3_2,Agent_60,,2,1,2,1,3
gemma2:9b,data_pmus_yaounde,q4_1_a,Agent_60,Veuillez indiquer depuis combien de temps vous attendez.,5,5,5,5,5
gemma2:9b,data_pmus_yaounde,q4_1_b,Agent_60,MOINS DE 5 MIN,4,3,4,4,4
gemma2:9b,data_pmus_yaounde,q4_2_a,Agent_60,Veuillez indiquer depuis combien de temps vous attendez.,5,5,5,5,5
gemma2:9b,data_pmus_yaounde,q4_2_b,Agent_60,30 60 MIN,4,3,4,4,4
gemma2:9b,data_pmus_yaounde,q4_3,Agent_60,1650,4,3,4,4,4
gemma2:9b,data_pmus_yaounde,q4_4,Agent_60,COURSES,4,3,4,4,4
gemma2:9b,data_pmus_yaounde,q4_4_autres,Agent_60,FAIRE DES ACHATS,4,3,4,4,4
gemma2:9b,data_pmus_yaounde,q5_1,Agent_60,MOINS DE 18 ANS,4,3,4,4,4
gemma2:9b,data_pmus_yaounde,q5_2,Agent_60,ENTRE 300 001 ET 500 000,4,3,4,4,4
gemma2:9b,data_pmus_yaounde,q5_3,Agent_60,FEMME,4,3,4,4,4
gemma2:9b,data_pmus_yaounde,centre ville,Agent_61,YAOUNDE,4,3,4,4,4
gemma2:9b,data_pmus_yaounde,q1_1,Agent_61,UN QUARTIER DE LA VILLE DE YAOUNDE,4,3,4,4,4
gemma2:9b,data_pmus_yaounde,q1_1_a,Agent_61,ABIT,4,3,4,4,4
gemma2:9b,data_pmus_yaounde,q1_1_b,Agent_61,10EME ARRET,4,3,4,4,4
gemma2:9b,data_pmus_yaounde,q1_1_c,Agent_61,AFANOYA,4,3,4,4,4
gemma2:9b,data_pmus_yaounde,q1_2,Agent_61,UN QUARTIER DE LA VILLE DE YAOUNDE,4,3,4,4,4
gemma2:9b,data_pmus_yaounde,q1_2_a,Agent_61,ABOM,4,3,4,4,4
gemma2:9b,data_pmus_yaounde,q1_2_b,Agent_61,10 IEME ARRET,4,3,4,4,4
gemma2:9b,data_pmus_yaounde,q1_3_c,Agent_61,AFANOYA,4,3,4,4,4
gemma2:9b,data_pmus_yaounde,q2_1,Agent_61,PAR BUS STACY,4,3,4,4,4
gemma2:9b,data_pmus_yaounde,q2_2_1,Agent_61,ETOUDI,4,3,4,4,4
gemma2:9b,data_pmus_yaounde,q2_2_2,Agent_61,ETOUDI,4,3,4,4,4
gemma2:9b,data_pmus_yaounde,q2_3_1,Agent_61,NKOZOA,4,3,4,4,4
gemma2:9b,data_pmus_yaounde,q2_3_2,Agent_61,PETIT VILLAGE,4,3,4,4,4
gemma2:9b,data_pmus_yaounde,q2_3,Agent_61,NON,5,4,5,4,4
gemma2:9b,data_pmus_yaounde,q2_4,Agent_61,PAR BUS STACY,4,3,4,4,4
gemma2:9b,data_pmus_yaounde,q2_5_1,Agent_61,ETOUDI,4,3,4,4,4
gemma2:9b,data_pmus_yaounde,q2_5_2,Agent_61,0MPHINE,4,3,4,4,4
gemma2:9b,data_pmus_yaounde,q2_6_1,Agent_61,ABATTOIR,4,3,4,4,4
gemma2:9b,data_pmus_yaounde,q2_6_2,Agent_61,11EME ARRET,4,3,4,4,4
gemma2:9b,data_pmus_yaounde,q3_1,Agent_61,NON,5,4,5,4,4
gemma2:9b,data_pmus_yaounde,q3_2,Agent_61,PAR BUS STACY,4,3,4,4,4
gemma2:9b,data_pmus_yaounde,q3_3_1,Agent_61,ACACIA,4,3,4,4,4
gemma2:9b,data_pmus_yaounde,q3_3_2,Agent_61,CARRRFOUR ETOUG EBE,4,3,4,4,4
gemma2:9b,data_pmus_yaounde,q4_1_a,Agent_61,Veuillez indiquer depuis combien de temps vous attendez.,5,5,5,5,5
gemma2:9b,data_pmus_yaounde,q4_1_b,Agent_61,MOINS DE 5 MIN,4,3,4,4,4
gemma2:9b,data_pmus_yaounde,q4_2_a,Agent_61,Veuillez indiquer depuis combien de temps vous attendez.,5,5,5,5,5
gemma2:9b,data_pmus_yaounde,q4_2_b,Agent_61,30 60 MIN,4,3,4,4,4
gemma2:9b,data_pmus_yaounde,q4_3,Agent_61,1900,4,3,4,4,4
gemma2:9b,data_pmus_yaounde,q4_4,Agent_61,COURSES,4,3,4,4,4
gemma2:9b,data_pmus_yaounde,q4_4_autres,Agent_61,ACHAT,4,3,4,4,4
gemma2:9b,data_pmus_yaounde,q5_1,Agent_61,MOINS DE 18 ANS,4,3,4,4,4
gemma2:9b,data_pmus_yaounde,q5_2,Agent_61,ENTRE 300 001 ET 500 000,4,3,4,4,4
gemma2:9b,data_pmus_yaounde,q5_3,Agent_61,FEMME,4,3,4,4,4
gemma2:9b,data_pmus_yaounde,centre ville,Agent_62,YAOUNDE,4,3,4,4,4
gemma2:9b,data_pmus_yaounde,q1_1,Agent_62,UN QUARTIER DE LA VILLE DE YAOUNDE,4,3,4,4,4
gemma2:9b,data_pmus_yaounde,q1_1_a,Agent_62,OLEMBE,4,3,4,4,4
gemma2:9b,data_pmus_yaounde,q1_1_b,Agent_62,10EME ARRET,4,3,4,4,4
gemma2:9b,data_pmus_yaounde,q1_1_c,Agent_62,,2,1,2,1,3
gemma2:9b,data_pmus_yaounde,q1_2,Agent_62,UN QUARTIER DE LA VILLE DE YAOUNDE,4,3,4,4,4
gemma2:9b,data_pmus_yaounde,q1_2_a,Agent_62,ABOM,4,3,4,4,4
gemma2:9b,data_pmus_yaounde,q1_2_b,Agent_62,10 IEME ARRET,4,3,4,4,4
gemma2:9b,data_pmus_yaounde,q1_3_c,Agent_62,,2,1,2,1,3
gemma2:9b,data_pmus_yaounde,q2_1,Agent_62,A PIED,4,3,4,4,4
gemma2:9b,data_pmus_yaounde,q2_2_1,Agent_62,OLEMBE,4,3,4,4,4
gemma2:9b,data_pmus_yaounde,q2_2_2,Agent_62,,2,1,2,1,3
gemma2:9b,data_pmus_yaounde,q2_3_1,Agent_62,AUCUN,4,3,4,4,4
gemma2:9b,data_pmus_yaounde,q2_3_2,Agent_62,,2,1,2,1,3
gemma2:9b,data_pmus_yaounde,q2_3,Agent_62,NON,5,4,5,4,4
gemma2:9b,data_pmus_yaounde,q2_4,Agent_62,PAR BUS STACY,4,3,4,4,4
gemma2:9b,data_pmus_yaounde,q2_5_1,Agent_62,A B0NAS,4,3,4,4,4
gemma2:9b,data_pmus_yaounde,q2_5_2,Agent_62,0MPHINE,4,3,4,4,4
gemma2:9b,data_pmus_yaounde,q2_6_1,Agent_62,OLEMBE,4,3,4,4,4
gemma2:9b,data_pmus_yaounde,q2_6_2,Agent_62,DISPENSS A IRE,4,3,4,4,4
gemma2:9b,data_pmus_yaounde,q3_1,Agent_62,NON,5,4,5,4,4
gemma2:9b,data_pmus_yaounde,q3_2,Agent_62,A PIED,4,3,4,4,4
gemma2:9b,data_pmus_yaounde,q3_3_1,Agent_62,OLEMBE,4,3,4,4,4
gemma2:9b,data_pmus_yaounde,q3_3_2,Agent_62,10 IEME ARRET,4,3,4,4,4
gemma2:9b,data_pmus_yaounde,q4_1_a,Agent_62,Veuillez indiquer depuis combien de temps vous attendez.,5,5,5,5,5
gemma2:9b,data_pmus_yaounde,q4_1_b,Agent_62,MOINS DE 5 MIN,4,3,4,4,4
gemma2:9b,data_pmus_yaounde,q4_2_a,Agent_62,Veuillez indiquer depuis combien de temps vous attendez.,5,5,5,5,5
gemma2:9b,data_pmus_yaounde,q4_2_b,Agent_62,30 60 MIN,4,3,4,4,4
gemma2:9b,data_pmus_yaounde,q4_3,Agent_62,800,4,3,4,4,4
gemma2:9b,data_pmus_yaounde,q4_4,Agent_62,TRAVAIL,4,3,4,4,4
gemma2:9b,data_pmus_yaounde,q4_4_autres,Agent_62,ACHAT,4,3,4,4,4
gemma2:9b,data_pmus_yaounde,q5_1,Agent_62,ENTRE 26 ET 35 ANS,4,3,4,4,4
gemma2:9b,data_pmus_yaounde,q5_2,Agent_62,ENTRE 30 001 ET 100 000,4,3,4,4,4
gemma2:9b,data_pmus_yaounde,q5_3,Agent_62,HOMME,4,3,4,4,4
gemma2:9b,data_pmus_yaounde,centre ville,Agent_63,YAOUNDE,4,3,4,4,4
gemma2:9b,data_pmus_yaounde,q1_1,Agent_63,UN QUARTIER DE LA VILLE DE YAOUNDE,4,3,4,4,4
gemma2:9b,data_pmus_yaounde,q1_1_a,Agent_63,ABIT,4,3,4,4,4
gemma2:9b,data_pmus_yaounde,q1_1_b,Agent_63,OLIGA,4,3,4,4,4
gemma2:9b,data_pmus_yaounde,q1_1_c,Agent_63,NKOASSI,4,3,4,4,4
gemma2:9b,data_pmus_yaounde,q1_2,Agent_63,UN QUARTIER DE LA VILLE DE YAOUNDE,4,3,4,4,4
gemma2:9b,data_pmus_yaounde,q1_2_a,Agent_63,MONGONAM,4,3,4,4,4
gemma2:9b,data_pmus_yaounde,q1_2_b,Agent_63,10 IEME ARRET,4,3,4,4,4
gemma2:9b,data_pmus_yaounde,q1_3_c,Agent_63,AFANOYA,4,3,4,4,4
gemma2:9b,data_pmus_yaounde,q2_1,Agent_63,PAR BUS AGENCE INTERURBAIN,4,3,4,4,4
gemma2:9b,data_pmus_yaounde,q2_2_1,Agent_63,DEVANT MAHIMA,4,3,4,4,4
gemma2:9b,data_pmus_yaounde,q2_2_2,Agent_63,10 E ARRET,4,3,4,4,4
gemma2:9b,data_pmus_yaounde,q2_3_1,Agent_63,0LESOA,4,3,4,4,4
gemma2:9b,data_pmus_yaounde,q2_3_2,Agent_63,CARREFOUR,4,3,4,4,4
gemma2:9b,data_pmus_yaounde,q2_3,Agent_63,NON,5,4,5,4,4
gemma2:9b,data_pmus_yaounde,q2_4,Agent_63,PAR BUS STACY,4,3,4,4,4
gemma2:9b,data_pmus_yaounde,q2_5_1,Agent_63,A B0NAS,4,3,4,4,4
gemma2:9b,data_pmus_yaounde,q2_5_2,Agent_63,0MPHINE,4,3,4,4,4
gemma2:9b,data_pmus_yaounde,q2_6_1,Agent_63,CARREFOUR,4,3,4,4,4
gemma2:9b,data_pmus_yaounde,q2_6_2,Agent_63,CARREFOUR,4,3,4,4,4
gemma2:9b,data_pmus_yaounde,q3_1,Agent_63,NON,5,4,5,4,4
gemma2:9b,data_pmus_yaounde,q3_2,Agent_63,A PIED,4,3,4,4,4
gemma2:9b,data_pmus_yaounde,q3_3_1,Agent_63,ACACIA,4,3,4,4,4
gemma2:9b,data_pmus_yaounde,q3_3_2,Agent_63,ACACIA,4,3,4,4,4
gemma2:9b,data_pmus_yaounde,q4_1_a,Agent_63,Veuillez indiquer depuis combien de temps vous attendez.,5,5,5,5,5
gemma2:9b,data_pmus_yaounde,q4_1_b,Agent_63,MOINS DE 5 MIN,4,3,4,4,4
gemma2:9b,data_pmus_yaounde,q4_2_a,Agent_63,Veuillez indiquer depuis combien de temps vous attendez.,5,5,5,5,5
gemma2:9b,data_pmus_yaounde,q4_2_b,Agent_63,30 60 MIN,4,3,4,4,4
gemma2:9b,data_pmus_yaounde,q4_3,Agent_63,700,4,3,4,4,4
gemma2:9b,data_pmus_yaounde,q4_4,Agent_63,COURSES,4,3,4,4,4
gemma2:9b,data_pmus_yaounde,q4_4_autres,Agent_63,FAIRE DES ACHATS,4,3,4,4,4
gemma2:9b,data_pmus_yaounde,q5_1,Agent_63,MOINS DE 18 ANS,4,3,4,4,4
gemma2:9b,data_pmus_yaounde,q5_2,Agent_63,MOINS DE 30 000,4,3,4,4,4
gemma2:9b,data_pmus_yaounde,q5_3,Agent_63,HOMME,4,3,4,4,4
gemma2:9b,data_pmus_yaounde,centre ville,Agent_64,YAOUNDE,4,3,4,4,4
gemma2:9b,data_pmus_yaounde,q1_1,Agent_64,UN QUARTIER DE LA VILLE DE YAOUNDE,4,3,4,4,4
gemma2:9b,data_pmus_yaounde,q1_1_a,Agent_64,ABIT,4,3,4,4,4
gemma2:9b,data_pmus_yaounde,q1_1_b,Agent_64,10EME ARRET,4,3,4,4,4
gemma2:9b,data_pmus_yaounde,q1_1_c,Agent_64,AFANOYA,4,3,4,4,4
gemma2:9b,data_pmus_yaounde,q1_2,Agent_64,UN QUARTIER DE LA VILLE DE YAOUNDE,4,3,4,4,4
gemma2:9b,data_pmus_yaounde,q1_2_a,Agent_64,ABOM,4,3,4,4,4
gemma2:9b,data_pmus_yaounde,q1_2_b,Agent_64,10 IEME ARRET,4,3,4,4,4
gemma2:9b,data_pmus_yaounde,q1_3_c,Agent_64,YAOUNDE,4,3,4,4,4
gemma2:9b,data_pmus_yaounde,q2_1,Agent_64,A PIED,4,3,4,4,4
gemma2:9b,data_pmus_yaounde,q2_2_1,Agent_64,2 CHEVEAU,4,3,4,4,4
gemma2:9b,data_pmus_yaounde,q2_2_2,Agent_64,A PIED,4,3,4,4,4
gemma2:9b,data_pmus_yaounde,q2_3_1,Agent_64,NKOZOA,4,3,4,4,4
gemma2:9b,data_pmus_yaounde,q2_3_2,Agent_64,0NANA,4,3,4,4,4
gemma2:9b,data_pmus_yaounde,q2_3,Agent_64,NON,5,4,5,4,4
gemma2:9b,data_pmus_yaounde,q2_4,Agent_64,A PIED,4,3,4,4,4
gemma2:9b,data_pmus_yaounde,q2_5_1,Agent_64,NKOZOA,4,3,4,4,4
gemma2:9b,data_pmus_yaounde,q2_5_2,Agent_64,0MPHINE,4,3,4,4,4
gemma2:9b,data_pmus_yaounde,q2_6_1,Agent_64,NKOZOA,4,3,4,4,4
gemma2:9b,data_pmus_yaounde,q2_6_2,Agent_64,11EME ARRET,4,3,4,4,4
gemma2:9b,data_pmus_yaounde,q3_1,Agent_64,NON,5,4,5,4,4
gemma2:9b,data_pmus_yaounde,q3_2,Agent_64,A PIED,4,3,4,4,4
gemma2:9b,data_pmus_yaounde,q3_3_1,Agent_64,NKOZOA,4,3,4,4,4
gemma2:9b,data_pmus_yaounde,q3_3_2,Agent_64,10 IEME ARRET,4,3,4,4,4
gemma2:9b,data_pmus_yaounde,q4_1_a,Agent_64,Veuillez indiquer depuis combien de temps vous attendez.,5,5,5,5,5
gemma2:9b,data_pmus_yaounde,q4_1_b,Agent_64,MOINS DE 5 MIN,4,3,4,4,4
gemma2:9b,data_pmus_yaounde,q4_2_a,Agent_64,Veuillez indiquer depuis combien de temps vous attendez.,5,5,5,5,5
gemma2:9b,data_pmus_yaounde,q4_2_b,Agent_64,30 60 MIN,4,3,4,4,4
gemma2:9b,data_pmus_yaounde,q4_3,Agent_64,1950,4,3,4,4,4
gemma2:9b,data_pmus_yaounde,q4_4,Agent_64,COURSES,4,3,4,4,4
gemma2:9b,data_pmus_yaounde,q4_4_autres,Agent_64,FAIRE DES ACHATS,4,3,4,4,4
gemma2:9b,data_pmus_yaounde,q5_1,Agent_64,MOINS DE 18 ANS,4,3,4,4,4
gemma2:9b,data_pmus_yaounde,q5_2,Agent_64,ENTRE 30 001 ET 100 000,4,3,4,4,4
gemma2:9b,data_pmus_yaounde,q5_3,Agent_64,HOMME,4,3,4,4,4
gemma2:9b,data_pmus_yaounde,centre ville,Agent_65,YAOUNDE,4,3,4,4,4
gemma2:9b,data_pmus_yaounde,q1_1,Agent_65,UN QUARTIER DE LA VILLE DE YAOUNDE,4,3,4,4,4
gemma2:9b,data_pmus_yaounde,q1_1_a,Agent_65,ABIT,4,3,4,4,4
gemma2:9b,data_pmus_yaounde,q1_1_b,Agent_65,NANGA CITY,4,3,4,4,4
gemma2:9b,data_pmus_yaounde,q1_1_c,Agent_65,,2,1,2,1,3
gemma2:9b,data_pmus_yaounde,q1_2,Agent_65,UN QUARTIER DE LA VILLE DE YAOUNDE,4,3,4,4,4
gemma2:9b,data_pmus_yaounde,q1_2_a,Agent_65,POSTE CENTRALE,4,3,4,4,4
gemma2:9b,data_pmus_yaounde,q1_2_b,Agent_65,POSTE CENTRALE,4,3,4,4,4
gemma2:9b,data_pmus_yaounde,q1_3_c,Agent_65,DOUALA,4,3,4,4,4
gemma2:9b,data_pmus_yaounde,q2_1,Agent_65,A PIED,4,3,4,4,4
gemma2:9b,data_pmus_yaounde,q2_2_1,Agent_65,POSTE CENTRALE,4,3,4,4,4
gemma2:9b,data_pmus_yaounde,q2_2_2,Agent_65,POSTE CENTRALE,4,3,4,4,4
gemma2:9b,data_pmus_yaounde,q2_3_1,Agent_65,POSTE CENTRALE,4,3,4,4,4
gemma2:9b,data_pmus_yaounde,q2_3_2,Agent_65,POSTE CENTRALE,4,3,4,4,4
gemma2:9b,data_pmus_yaounde,q2_3,Agent_65,NON,5,4,5,4,4
gemma2:9b,data_pmus_yaounde,q2_4,Agent_65,PAR BUS STACY,4,3,4,4,4
gemma2:9b,data_pmus_yaounde,q2_5_1,Agent_65,POSTE CENTRALE,4,3,4,4,4
gemma2:9b,data_pmus_yaounde,q2_5_2,Agent_65,POSTE CENTRALE,4,3,4,4,4
gemma2:9b,data_pmus_yaounde,q2_6_1,Agent_65,POSTE CENTRALE,4,3,4,4,4
gemma2:9b,data_pmus_yaounde,q2_6_2,Agent_65,POSTE CENTRALE,4,3,4,4,4
gemma2:9b,data_pmus_yaounde,q3_1,Agent_65,NON,5,4,5,4,4
gemma2:9b,data_pmus_yaounde,q3_2,Agent_65,PAR BUS STACY,4,3,4,4,4
gemma2:9b,data_pmus_yaounde,q3_3_1,Agent_65,ACACIA,4,3,4,4,4
gemma2:9b,data_pmus_yaounde,q3_3_2,Agent_65,POSTE CENTRALE,4,3,4,4,4
gemma2:9b,data_pmus_yaounde,q4_1_a,Agent_65,Veuillez indiquer depuis combien de temps vous attendez.,5,5,5,5,5
gemma2:9b,data_pmus_yaounde,q4_1_b,Agent_65,MOINS DE 5 MIN,4,3,4,4,4
gemma2:9b,data_pmus_yaounde,q4_2_a,Agent_65,Veuillez indiquer depuis combien de temps vous attendez.,5,5,5,5,5
gemma2:9b,data_pmus_yaounde,q4_2_b,Agent_65,15 30 MIN,4,3,4,4,4
gemma2:9b,data_pmus_yaounde,q4_3,Agent_65,350,4,3,4,4,4
gemma2:9b,data_pmus_yaounde,q4_4,Agent_65,VISITE FAMILLE,4,3,4,4,4
gemma2:9b,data_pmus_yaounde,q4_4_autres,Agent_65,ACHAT,4,3,4,4,4
gemma2:9b,data_pmus_yaounde,q5_1,Agent_65,ENTRE 18 ET 25 ANS,4,3,4,4,4
gemma2:9b,data_pmus_yaounde,q5_2,Agent_65,ENTRE 30 001 ET 100 000,4,3,4,4,4
gemma2:9b,data_pmus_yaounde,q5_3,Agent_65,HOMME,4,3,4,4,4
gemma2:9b,data_pmus_yaounde,centre ville,Agent_66,YAOUNDE,4,3,4,4,4
gemma2:9b,data_pmus_yaounde,q1_1,Agent_66,UN QUARTIER DE LA VILLE DE YAOUNDE,4,3,4,4,4
gemma2:9b,data_pmus_yaounde,q1_1_a,Agent_66,MENDONG,4,3,4,4,4
gemma2:9b,data_pmus_yaounde,q1_1_b,Agent_66,NKOLNDZIE,4,3,4,4,4
gemma2:9b,data_pmus_yaounde,q1_1_c,Agent_66,,2,1,2,1,3
gemma2:9b,data_pmus_yaounde,q1_2,Agent_66,UN QUARTIER DE LA VILLE DE YAOUNDE,4,3,4,4,4
gemma2:9b,data_pmus_yaounde,q1_2_a,Agent_66,ABOM,4,3,4,4,4
gemma2:9b,data_pmus_yaounde,q1_2_b,Agent_66,10 IEME ARRET,4,3,4,4,4
gemma2:9b,data_pmus_yaounde,q1_3_c,Agent_66,,2,1,2,1,3
gemma2:9b,data_pmus_yaounde,q2_1,Agent_66,A PIED,4,3,4,4,4
gemma2:9b,data_pmus_yaounde,q2_2_1,Agent_66,2 CHEVEAU,4,3,4,4,4
gemma2:9b,data_pmus_yaounde,q2_2_2,Agent_66,,2,1,2,1,3
gemma2:9b,data_pmus_yaounde,q2_3_1,Agent_66,0LESOA,4,3,4,4,4
gemma2:9b,data_pmus_yaounde,q2_3_2,Agent_66,CARREFOUR,4,3,4,4,4
gemma2:9b,data_pmus_yaounde,q2_3,Agent_66,NON,5,4,5,4,4
gemma2:9b,data_pmus_yaounde,q2_4,Agent_66,A PIED,4,3,4,4,4
gemma2:9b,data_pmus_yaounde,q2_5_1,Agent_66,A B0NAS,4,3,4,4,4
gemma2:9b,data_pmus_yaounde,q2_5_2,Agent_66,CARREFOUR,4,3,4,4,4
gemma2:9b,data_pmus_yaounde,q2_6_1,Agent_66,CARREFOUR,4,3,4,4,4
gemma2:9b,data_pmus_yaounde,q2_6_2,Agent_66,CARREFOUR,4,3,4,4,4
gemma2:9b,data_pmus_yaounde,q3_1,Agent_66,NON,5,4,5,4,4
gemma2:9b,data_pmus_yaounde,q3_2,Agent_66,A PIED,4,3,4,4,4
gemma2:9b,data_pmus_yaounde,q3_3_1,Agent_66,ACACIA,4,3,4,4,4
gemma2:9b,data_pmus_yaounde,q3_3_2,Agent_66,CARREFOUR,4,3,4,4,4
gemma2:9b,data_pmus_yaounde,q4_1_a,Agent_66,Veuillez indiquer depuis combien de temps vous attendez.,5,5,5,5,5
gemma2:9b,data_pmus_yaounde,q4_1_b,Agent_66,MOINS DE 5 MIN,4,3,4,4,4
gemma2:9b,data_pmus_yaounde,q4_2_a,Agent_66,Veuillez indiquer depuis combien de temps vous attendez.,5,5,5,5,5
gemma2:9b,data_pmus_yaounde,q4_2_b,Agent_66,30 60 MIN,4,3,4,4,4
gemma2:9b,data_pmus_yaounde,q4_3,Agent_66,2600,4,3,4,4,4
gemma2:9b,data_pmus_yaounde,q4_4,Agent_66,VISITE FAMILLE,4,3,4,4,4
gemma2:9b,data_pmus_yaounde,q4_4_autres,Agent_66,ACHAT,4,3,4,4,4
gemma2:9b,data_pmus_yaounde,q5_1,Agent_66,ENTRE 55ANS ET 64 ANS,4,3,4,4,4
gemma2:9b,data_pmus_yaounde,q5_2,Agent_66,MOINS DE 30 000,4,3,4,4,4
gemma2:9b,data_pmus_yaounde,q5_3,Agent_66,HOMME,4,3,4,4,4
gemma2:9b,data_pmus_yaounde,centre ville,Agent_67,YAOUNDE,4,3,4,4,4
gemma2:9b,data_pmus_yaounde,q1_1,Agent_67,UN QUARTIER DE LA VILLE DE YAOUNDE,4,3,4,4,4
gemma2:9b,data_pmus_yaounde,q1_1_a,Agent_67,ABIT,4,3,4,4,4
gemma2:9b,data_pmus_yaounde,q1_1_b,Agent_67,10EME ARRET,4,3,4,4,4
gemma2:9b,data_pmus_yaounde,q1_1_c,Agent_67,,2,1,2,1,3
gemma2:9b,data_pmus_yaounde,q1_2,Agent_67,UN QUARTIER DE LA VILLE DE YAOUNDE,4,3,4,4,4
gemma2:9b,data_pmus_yaounde,q1_2_a,Agent_67,RUE FOE,4,3,4,4,4
gemma2:9b,data_pmus_yaounde,q1_2_b,Agent_67,RUE FOE,4,3,4,4,4
gemma2:9b,data_pmus_yaounde,q1_3_c,Agent_67,,2,1,2,1,3
gemma2:9b,data_pmus_yaounde,q2_1,Agent_67,PAR CARGO MINI BUS,4,3,4,4,4
gemma2:9b,data_pmus_yaounde,q2_2_1,Agent_67,2 CHEVEAU,4,3,4,4,4
gemma2:9b,data_pmus_yaounde,q2_2_2,Agent_67,10 E ARRET,4,3,4,4,4
gemma2:9b,data_pmus_yaounde,q2_3_1,Agent_67,0LESOA,4,3,4,4,4
gemma2:9b,data_pmus_yaounde,q2_3_2,Agent_67,AUCUN,4,3,4,4,4
gemma2:9b,data_pmus_yaounde,q2_3,Agent_67,NON,5,4,5,4,4
gemma2:9b,data_pmus_yaounde,q2_4,Agent_67,PAR TAXI,4,3,4,4,4
gemma2:9b,data_pmus_yaounde,q2_5_1,Agent_67,A B0NAS,4,3,4,4,4
gemma2:9b,data_pmus_yaounde,q2_5_2,Agent_67,A LA DOUCHE,4,3,4,4,4
gemma2:9b,data_pmus_yaounde,q2_6_1,Agent_67,ABATTOIR,4,3,4,4,4
gemma2:9b,data_pmus_yaounde,q2_6_2,Agent_67,11EME ARRET,4,3,4,4,4
gemma2:9b,data_pmus_yaounde,q3_1,Agent_67,NON,5,4,5,4,4
gemma2:9b,data_pmus_yaounde,q3_2,Agent_67,PAR TAXI,4,3,4,4,4
gemma2:9b,data_pmus_yaounde,q3_3_1,Agent_67,RUE FOE,4,3,4,4,4
gemma2:9b,data_pmus_yaounde,q3_3_2,Agent_67,RUE FOE,4,3,4,4,4
gemma2:9b,data_pmus_yaounde,q4_1_a,Agent_67,Veuillez indiquer depuis combien de temps vous attendez.,5,5,5,5,5
gemma2:9b,data_pmus_yaounde,q4_1_b,Agent_67,MOINS DE 5 MIN,4,3,4,4,4
gemma2:9b,data_pmus_yaounde,q4_2_a,Agent_67,Veuillez indiquer depuis combien de temps vous attendez.,5,5,5,5,5
gemma2:9b,data_pmus_yaounde,q4_2_b,Agent_67,30 60 MIN,4,3,4,4,4
gemma2:9b,data_pmus_yaounde,q4_3,Agent_67,550,4,3,4,4,4
gemma2:9b,data_pmus_yaounde,q4_4,Agent_67,TRAVAIL,4,3,4,4,4
gemma2:9b,data_pmus_yaounde,q4_4_autres,Agent_67,ACHAT,4,3,4,4,4
gemma2:9b,data_pmus_yaounde,q5_1,Agent_67,ENTRE 55ANS ET 64 ANS,4,3,4,4,4
gemma2:9b,data_pmus_yaounde,q5_2,Agent_67,ENTRE 30 001 ET 100 000,4,3,4,4,4
gemma2:9b,data_pmus_yaounde,q5_3,Agent_67,FEMME,4,3,4,4,4
gemma2:9b,data_pmus_yaounde,centre ville,Agent_68,YAOUNDE,4,3,4,4,4
gemma2:9b,data_pmus_yaounde,q1_1,Agent_68,UN QUARTIER DE LA VILLE DE YAOUNDE,4,3,4,4,4
gemma2:9b,data_pmus_yaounde,q1_1_a,Agent_68,ABIT,4,3,4,4,4
gemma2:9b,data_pmus_yaounde,q1_1_b,Agent_68,10EME ARRET,4,3,4,4,4
gemma2:9b,data_pmus_yaounde,q1_1_c,Agent_68,,2,1,2,1,3
gemma2:9b,data_pmus_yaounde,q1_2,Agent_68,UN QUARTIER DE LA VILLE DE YAOUNDE,4,3,4,4,4
gemma2:9b,data_pmus_yaounde,q1_2_a,Agent_68,ABOM,4,3,4,4,4
gemma2:9b,data_pmus_yaounde,q1_2_b,Agent_68,ENTRE CHAPELLE,4,3,4,4,4
gemma2:9b,data_pmus_yaounde,q1_3_c,Agent_68,,2,1,2,1,3
gemma2:9b,data_pmus_yaounde,q2_1,Agent_68,A PIED,4,3,4,4,4
gemma2:9b,data_pmus_yaounde,q2_2_1,Agent_68,2 CHEVEAU,4,3,4,4,4
gemma2:9b,data_pmus_yaounde,q2_2_2,Agent_68,10 E ARRET,4,3,4,4,4
gemma2:9b,data_pmus_yaounde,q2_3_1,Agent_68,0LESOA,4,3,4,4,4
gemma2:9b,data_pmus_yaounde,q2_3_2,Agent_68,CARREFOURETOUDI,4,3,4,4,4
gemma2:9b,data_pmus_yaounde,q2_3,Agent_68,NON,5,4,5,4,4
gemma2:9b,data_pmus_yaounde,q2_4,Agent_68,PAR BUS STACY,4,3,4,4,4
gemma2:9b,data_pmus_yaounde,q2_5_1,Agent_68,A B0NAS,4,3,4,4,4
gemma2:9b,data_pmus_yaounde,q2_5_2,Agent_68,0MPHINE,4,3,4,4,4
gemma2:9b,data_pmus_yaounde,q2_6_1,Agent_68,CARREFOUR,4,3,4,4,4
gemma2:9b,data_pmus_yaounde,q2_6_2,Agent_68,CARREFOUR,4,3,4,4,4
gemma2:9b,data_pmus_yaounde,q3_1,Agent_68,NON,5,4,5,4,4
gemma2:9b,data_pmus_yaounde,q3_2,Agent_68,A PIED,4,3,4,4,4
gemma2:9b,data_pmus_yaounde,q3_3_1,Agent_68,LEBOUDI,4,3,4,4,4
gemma2:9b,data_pmus_yaounde,q3_3_2,Agent_68,LEBOUDI,4,3,4,4,4
gemma2:9b,data_pmus_yaounde,q4_1_a,Agent_68,Veuillez indiquer depuis combien de temps vous attendez.,5,5,5,5,5
gemma2:9b,data_pmus_yaounde,q4_1_b,Agent_68,MOINS DE 5 MIN,4,3,4,4,4
gemma2:9b,data_pmus_yaounde,q4_2_a,Agent_68,Veuillez indiquer depuis combien de temps vous attendez.,5,5,5,5,5
gemma2:9b,data_pmus_yaounde,q4_2_b,Agent_68,30 60 MIN,4,3,4,4,4
gemma2:9b,data_pmus_yaounde,q4_3,Agent_68,2000,4,3,4,4,4
gemma2:9b,data_pmus_yaounde,q4_4,Agent_68,TRAVAIL,4,3,4,4,4
gemma2:9b,data_pmus_yaounde,q4_4_autres,Agent_68,ACHAT,4,3,4,4,4
gemma2:9b,data_pmus_yaounde,q5_1,Agent_68,ENTRE 55ANS ET 64 ANS,4,3,4,4,4
gemma2:9b,data_pmus_yaounde,q5_2,Agent_68,ENTRE 30 001 ET 100 000,4,3,4,4,4
gemma2:9b,data_pmus_yaounde,q5_3,Agent_68,FEMME,4,3,4,4,4
gemma2:9b,data_pmus_yaounde,centre ville,Agent_69,YAOUNDE,4,3,4,4,4
gemma2:9b,data_pmus_yaounde,q1_1,Agent_69,UN QUARTIER DE LA VILLE DE YAOUNDE,4,3,4,4,4
gemma2:9b,data_pmus_yaounde,q1_1_a,Agent_69,ETOA MEKI,4,3,4,4,4
gemma2:9b,data_pmus_yaounde,q1_1_b,Agent_69,FOYER BANJOUN,4,3,4,4,4
gemma2:9b,data_pmus_yaounde,q1_1_c,Agent_69,AFANOYA,4,3,4,4,4
gemma2:9b,data_pmus_yaounde,q1_2,Agent_69,UN QUARTIER DE LA VILLE DE YAOUNDE,4,3,4,4,4
gemma2:9b,data_pmus_yaounde,q1_2_a,Agent_69,ABOM,4,3,4,4,4
gemma2:9b,data_pmus_yaounde,q1_2_b,Agent_69,10 IEME ARRET,4,3,4,4,4
gemma2:9b,data_pmus_yaounde,q1_3_c,Agent_69,,2,1,2,1,3
gemma2:9b,data_pmus_yaounde,q2_1,Agent_69,A PIED,4,3,4,4,4
gemma2:9b,data_pmus_yaounde,q2_2_1,Agent_69,,2,1,2,1,3
gemma2:9b,data_pmus_yaounde,q2_2_2,Agent_69,,2,1,2,1,3
gemma2:9b,data_pmus_yaounde,q2_3_1,Agent_69,,2,1,2,1,3
gemma2:9b,data_pmus_yaounde,q2_3_2,Agent_69,,2,1,2,1,3
gemma2:9b,data_pmus_yaounde,q2_3,Agent_69,NON,5,4,5,4,4
gemma2:9b,data_pmus_yaounde,q2_4,Agent_69,A PIED,4,3,4,4,4
gemma2:9b,data_pmus_yaounde,q2_5_1,Agent_69,,2,1,2,1,3
gemma2:9b,data_pmus_yaounde,q2_5_2,Agent_69,,2,1,2,1,3
gemma2:9b,data_pmus_yaounde,q2_6_1,Agent_69,,2,1,2,1,3
gemma2:9b,data_pmus_yaounde,q2_6_2,Agent_69,,2,1,2,1,3
gemma2:9b,data_pmus_yaounde,q3_1,Agent_69,NON,5,4,5,4,4
gemma2:9b,data_pmus_yaounde,q3_2,Agent_69,A PIED,4,3,4,4,4
gemma2:9b,data_pmus_yaounde,q3_3_1,Agent_69,,2,1,2,1,3
gemma2:9b,data_pmus_yaounde,q3_3_2,Agent_69,,2,1,2,1,3
gemma2:9b,data_pmus_yaounde,q4_1_a,Agent_69,Veuillez indiquer depuis combien de temps vous attendez.,5,5,5,5,5
gemma2:9b,data_pmus_yaounde,q4_1_b,Agent_69,MOINS DE 5 MIN,4,3,4,4,4
gemma2:9b,data_pmus_yaounde,q4_2_a,Agent_69,Veuillez indiquer depuis combien de temps vous attendez.,5,5,5,5,5
gemma2:9b,data_pmus_yaounde,q4_2_b,Agent_69,MOINS DE 15 MIN,4,3,4,4,4
gemma2:9b,data_pmus_yaounde,q4_3,Agent_69,150,4,3,4,4,4
gemma2:9b,data_pmus_yaounde,q4_4,Agent_69,COURSES,4,3,4,4,4
gemma2:9b,data_pmus_yaounde,q4_4_autres,Agent_69,ACHAT,4,3,4,4,4
gemma2:9b,data_pmus_yaounde,q5_1,Agent_69,MOINS DE 18 ANS,4,3,4,4,4
gemma2:9b,data_pmus_yaounde,q5_2,Agent_69,MOINS DE 30 000,4,3,4,4,4
gemma2:9b,data_pmus_yaounde,q5_3,Agent_69,FEMME,4,3,4,4,4
gemma2:9b,data_pmus_yaounde,centre ville,Agent_70,YAOUNDE,4,3,4,4,4
gemma2:9b,data_pmus_yaounde,q1_1,Agent_70,UN QUARTIER DE LA VILLE DE YAOUNDE,4,3,4,4,4
gemma2:9b,data_pmus_yaounde,q1_1_a,Agent_70,OYOM ABANG,4,3,4,4,4
gemma2:9b,data_pmus_yaounde,q1_1_b,Agent_70,10EME ARRET,4,3,4,4,4
gemma2:9b,data_pmus_yaounde,q1_1_c,Agent_70,AFANOYA,4,3,4,4,4
gemma2:9b,data_pmus_yaounde,q1_2,Agent_70,UN QUARTIER DE LA VILLE DE YAOUNDE,4,3,4,4,4
gemma2:9b,data_pmus_yaounde,q1_2_a,Agent_70,ABOM,4,3,4,4,4
gemma2:9b,data_pmus_yaounde,q1_2_b,Agent_70,10 IEME ARRET,4,3,4,4,4
gemma2:9b,data_pmus_yaounde,q1_3_c,Agent_70,YAOUNDE,4,3,4,4,4
gemma2:9b,data_pmus_yaounde,q2_1,Agent_70,PAR BUS STACY,4,3,4,4,4
gemma2:9b,data_pmus_yaounde,q2_2_1,Agent_70,2 CHEVEAU,4,3,4,4,4
gemma2:9b,data_pmus_yaounde,q2_2_2,Agent_70,10 E ARRET,4,3,4,4,4
gemma2:9b,data_pmus_yaounde,q2_3_1,Agent_70,ETOA MEKI,4,3,4,4,4
gemma2:9b,data_pmus_yaounde,q2_3_2,Agent_70,0NANA,4,3,4,4,4
gemma2:9b,data_pmus_yaounde,q2_3,Agent_70,NON,5,4,5,4,4
gemma2:9b,data_pmus_yaounde,q2_4,Agent_70,PAR CARGO MINI BUS,4,3,4,4,4
gemma2:9b,data_pmus_yaounde,q2_5_1,Agent_70,A B0NAS,4,3,4,4,4
gemma2:9b,data_pmus_yaounde,q2_5_2,Agent_70,0MPHINE,4,3,4,4,4
gemma2:9b,data_pmus_yaounde,q2_6_1,Agent_70,ETOUDI,4,3,4,4,4
gemma2:9b,data_pmus_yaounde,q2_6_2,Agent_70,11EME ARRET,4,3,4,4,4
gemma2:9b,data_pmus_yaounde,q3_1,Agent_70,NON,5,4,5,4,4
gemma2:9b,data_pmus_yaounde,q3_2,Agent_70,PAR BUS STACY,4,3,4,4,4
gemma2:9b,data_pmus_yaounde,q3_3_1,Agent_70,ACACIA,4,3,4,4,4
gemma2:9b,data_pmus_yaounde,q3_3_2,Agent_70,10 IEME ARRET,4,3,4,4,4
gemma2:9b,data_pmus_yaounde,q4_1_a,Agent_70,Veuillez indiquer depuis combien de temps vous attendez.,5,5,5,5,5
gemma2:9b,data_pmus_yaounde,q4_1_b,Agent_70,MOINS DE 5 MIN,4,3,4,4,4
gemma2:9b,data_pmus_yaounde,q4_2_a,Agent_70,Veuillez indiquer depuis combien de temps vous attendez.,5,5,5,5,5
gemma2:9b,data_pmus_yaounde,q4_2_b,Agent_70,30 60 MIN,4,3,4,4,4
gemma2:9b,data_pmus_yaounde,q4_3,Agent_70,2750,4,3,4,4,4
gemma2:9b,data_pmus_yaounde,q4_4,Agent_70,TRAVAIL,4,3,4,4,4
gemma2:9b,data_pmus_yaounde,q4_4_autres,Agent_70,ACHAT,4,3,4,4,4
gemma2:9b,data_pmus_yaounde,q5_1,Agent_70,ENTRE 18 ET 25 ANS,4,3,4,4,4
gemma2:9b,data_pmus_yaounde,q5_2,Agent_70,ENTRE 30 001 ET 100 000,4,3,4,4,4
gemma2:9b,data_pmus_yaounde,q5_3,Agent_70,HOMME,4,3,4,4,4
gemma2:9b,data_pmus_yaounde,centre ville,Agent_71,YAOUNDE,4,3,4,4,4
gemma2:9b,data_pmus_yaounde,q1_1,Agent_71,UN QUARTIER DE LA VILLE DE YAOUNDE,4,3,4,4,4
gemma2:9b,data_pmus_yaounde,q1_1_a,Agent_71,ABIT,4,3,4,4,4
gemma2:9b,data_pmus_yaounde,q1_1_b,Agent_71,PHOTO JEEUNES,4,3,4,4,4
gemma2:9b,data_pmus_yaounde,q1_1_c,Agent_71,,2,1,2,1,3
gemma2:9b,data_pmus_yaounde,q1_2,Agent_71,UN QUARTIER DE LA VILLE DE YAOUNDE,4,3,4,4,4
gemma2:9b,data_pmus_yaounde,q1_2_a,Agent_71,NKOLANGA,4,3,4,4,4
gemma2:9b,data_pmus_yaounde,q1_2_b,Agent_71,IAI,4,3,4,4,4
gemma2:9b,data_pmus_yaounde,q1_3_c,Agent_71,,2,1,2,1,3
gemma2:9b,data_pmus_yaounde,q2_1,Agent_71,A PIED,4,3,4,4,4
gemma2:9b,data_pmus_yaounde,q2_2_1,Agent_71,NKOAB A NG,4,3,4,4,4
gemma2:9b,data_pmus_yaounde,q2_2_2,Agent_71,IAI,4,3,4,4,4
gemma2:9b,data_pmus_yaounde,q2_3_1,Agent_71,,2,1,2,1,3
gemma2:9b,data_pmus_yaounde,q2_3_2,Agent_71,,2,1,2,1,3
gemma2:9b,data_pmus_yaounde,q2_3,Agent_71,NON,5,4,5,4,4
gemma2:9b,data_pmus_yaounde,q2_4,Agent_71,A PIED,4,3,4,4,4
gemma2:9b,data_pmus_yaounde,q2_5_1,Agent_71,A B0NAS,4,3,4,4,4
gemma2:9b,data_pmus_yaounde,q2_5_2,Agent_71,0MPHINE,4,3,4,4,4
gemma2:9b,data_pmus_yaounde,q2_6_1,Agent_71,,2,1,2,1,3
gemma2:9b,data_pmus_yaounde,q2_6_2,Agent_71,,2,1,2,1,3
gemma2:9b,data_pmus_yaounde,q3_1,Agent_71,NON,5,4,5,4,4
gemma2:9b,data_pmus_yaounde,q3_2,Agent_71,A PIED,4,3,4,4,4
gemma2:9b,data_pmus_yaounde,q3_3_1,Agent_71,,2,1,2,1,3
gemma2:9b,data_pmus_yaounde,q3_3_2,Agent_71,,2,1,2,1,3
gemma2:9b,data_pmus_yaounde,q4_1_a,Agent_71,Veuillez indiquer depuis combien de temps vous attendez.,5,5,5,5,5
gemma2:9b,data_pmus_yaounde,q4_1_b,Agent_71,MOINS DE 5 MIN,4,3,4,4,4
gemma2:9b,data_pmus_yaounde,q4_2_a,Agent_71,Veuillez indiquer depuis combien de temps vous attendez.,5,5,5,5,5
gemma2:9b,data_pmus_yaounde,q4_2_b,Agent_71,MOINS DE 15 MIN,4,3,4,4,4
gemma2:9b,data_pmus_yaounde,q4_3,Agent_71,1300,4,3,4,4,4
gemma2:9b,data_pmus_yaounde,q4_4,Agent_71,VISITE FAMILLE,4,3,4,4,4
gemma2:9b,data_pmus_yaounde,q4_4_autres,Agent_71,ACHAT,4,3,4,4,4
gemma2:9b,data_pmus_yaounde,q5_1,Agent_71,ENTRE 18 ET 25 ANS,4,3,4,4,4
gemma2:9b,data_pmus_yaounde,q5_2,Agent_71,ENTRE 30 001 ET 100 000,4,3,4,4,4
gemma2:9b,data_pmus_yaounde,q5_3,Agent_71,FEMME,4,3,4,4,4
gemma2:9b,data_pmus_yaounde,centre ville,Agent_72,YAOUNDE,4,3,4,4,4
gemma2:9b,data_pmus_yaounde,q1_1,Agent_72,UN QUARTIER DE LA VILLE DE YAOUNDE,4,3,4,4,4
gemma2:9b,data_pmus_yaounde,q1_1_a,Agent_72,ABIT,4,3,4,4,4
gemma2:9b,data_pmus_yaounde,q1_1_b,Agent_72,COLLEGE ADVENTISTE,4,3,4,4,4
gemma2:9b,data_pmus_yaounde,q1_1_c,Agent_72,,2,1,2,1,3
gemma2:9b,data_pmus_yaounde,q1_2,Agent_72,UN QUARTIER DE LA VILLE DE YAOUNDE,4,3,4,4,4
gemma2:9b,data_pmus_yaounde,q1_2_a,Agent_72,TITI GARAGE,4,3,4,4,4
gemma2:9b,data_pmus_yaounde,q1_2_b,Agent_72,TITI GARAGE,4,3,4,4,4
gemma2:9b,data_pmus_yaounde,q1_3_c,Agent_72,,2,1,2,1,3
gemma2:9b,data_pmus_yaounde,q2_1,Agent_72,PAR BUS STACY,4,3,4,4,4
gemma2:9b,data_pmus_yaounde,q2_2_1,Agent_72,TITI GARAGE,4,3,4,4,4
gemma2:9b,data_pmus_yaounde,q2_2_2,Agent_72,TITI GARAGE,4,3,4,4,4
gemma2:9b,data_pmus_yaounde,q2_3_1,Agent_72,0LESOA,4,3,4,4,4
gemma2:9b,data_pmus_yaounde,q2_3_2,Agent_72,ENTRE TERRE ROUGE,4,3,4,4,4
gemma2:9b,data_pmus_yaounde,q2_3,Agent_72,NON,5,4,5,4,4
gemma2:9b,data_pmus_yaounde,q2_4,Agent_72,PAR BUS STACY,4,3,4,4,4
gemma2:9b,data_pmus_yaounde,q2_5_1,Agent_72,A B0NAS,4,3,4,4,4
gemma2:9b,data_pmus_yaounde,q2_5_2,Agent_72,0MPHINE,4,3,4,4,4
gemma2:9b,data_pmus_yaounde,q2_6_1,Agent_72,ABATTOIR,4,3,4,4,4
gemma2:9b,data_pmus_yaounde,q2_6_2,Agent_72,11EME ARRET,4,3,4,4,4
gemma2:9b,data_pmus_yaounde,q3_1,Agent_72,NON,5,4,5,4,4
gemma2:9b,data_pmus_yaounde,q3_2,Agent_72,PAR BUS STACY,4,3,4,4,4
gemma2:9b,data_pmus_yaounde,q3_3_1,Agent_72,TOTAL YANNICK,4,3,4,4,4
gemma2:9b,data_pmus_yaounde,q3_3_2,Agent_72,TITI GARAGE,4,3,4,4,4
gemma2:9b,data_pmus_yaounde,q4_1_a,Agent_72,Veuillez indiquer depuis combien de temps vous attendez.,5,5,5,5,5
gemma2:9b,data_pmus_yaounde,q4_1_b,Agent_72,MOINS DE 5 MIN,4,3,4,4,4
gemma2:9b,data_pmus_yaounde,q4_2_a,Agent_72,Veuillez indiquer depuis combien de temps vous attendez.,5,5,5,5,5
gemma2:9b,data_pmus_yaounde,q4_2_b,Agent_72,30 60 MIN,4,3,4,4,4
gemma2:9b,data_pmus_yaounde,q4_3,Agent_72,2200,4,3,4,4,4
gemma2:9b,data_pmus_yaounde,q4_4,Agent_72,COURSES,4,3,4,4,4
gemma2:9b,data_pmus_yaounde,q4_4_autres,Agent_72,FAIRE DES ACHATS,4,3,4,4,4
gemma2:9b,data_pmus_yaounde,q5_1,Agent_72,ENTRE 18 ET 25 ANS,4,3,4,4,4
gemma2:9b,data_pmus_yaounde,q5_2,Agent_72,MOINS DE 30 000,4,3,4,4,4
gemma2:9b,data_pmus_yaounde,q5_3,Agent_72,FEMME,4,3,4,4,4
gemma2:9b,data_pmus_yaounde,centre ville,Agent_73,YAOUNDE,4,3,4,4,4
gemma2:9b,data_pmus_yaounde,q1_1,Agent_73,UN QUARTIER DE LA VILLE DE YAOUNDE,4,3,4,4,4
gemma2:9b,data_pmus_yaounde,q1_1_a,Agent_73,ABIT,4,3,4,4,4
gemma2:9b,data_pmus_yaounde,q1_1_b,Agent_73,10EME ARRET,4,3,4,4,4
gemma2:9b,data_pmus_yaounde,q1_1_c,Agent_73,,2,1,2,1,3
gemma2:9b,data_pmus_yaounde,q1_2,Agent_73,UN QUARTIER DE LA VILLE DE YAOUNDE,4,3,4,4,4
gemma2:9b,data_pmus_yaounde,q1_2_a,Agent_73,ABOM,4,3,4,4,4
gemma2:9b,data_pmus_yaounde,q1_2_b,Agent_73,CITE VERTE,4,3,4,4,4
gemma2:9b,data_pmus_yaounde,q1_3_c,Agent_73,,2,1,2,1,3
gemma2:9b,data_pmus_yaounde,q2_1,Agent_73,PAR BUS STACY,4,3,4,4,4
gemma2:9b,data_pmus_yaounde,q2_2_1,Agent_73,CITE VERTE,4,3,4,4,4
gemma2:9b,data_pmus_yaounde,q2_2_2,Agent_73,10 E ARRET,4,3,4,4,4
gemma2:9b,data_pmus_yaounde,q2_3_1,Agent_73,CITE VERTE,4,3,4,4,4
gemma2:9b,data_pmus_yaounde,q2_3_2,Agent_73,YOYO BAR,4,3,4,4,4
gemma2:9b,data_pmus_yaounde,q2_3,Agent_73,NON,5,4,5,4,4
gemma2:9b,data_pmus_yaounde,q2_4,Agent_73,A PIED,4,3,4,4,4
gemma2:9b,data_pmus_yaounde,q2_5_1,Agent_73,,2,1,2,1,3
gemma2:9b,data_pmus_yaounde,q2_5_2,Agent_73,YOYO BAR,4,3,4,4,4
gemma2:9b,data_pmus_yaounde,q2_6_1,Agent_73,ABATTOIR,4,3,4,4,4
gemma2:9b,data_pmus_yaounde,q2_6_2,Agent_73,11EME ARRET,4,3,4,4,4
gemma2:9b,data_pmus_yaounde,q3_1,Agent_73,NON,5,4,5,4,4
gemma2:9b,data_pmus_yaounde,q3_2,Agent_73,A PIED,4,3,4,4,4
gemma2:9b,data_pmus_yaounde,q3_3_1,Agent_73,YOYO BAR,4,3,4,4,4
gemma2:9b,data_pmus_yaounde,q3_3_2,Agent_73,YOYO BAR,4,3,4,4,4
gemma2:9b,data_pmus_yaounde,q4_1_a,Agent_73,Veuillez indiquer depuis combien de temps vous attendez.,5,5,5,5,5
gemma2:9b,data_pmus_yaounde,q4_1_b,Agent_73,MOINS DE 5 MIN,4,3,4,4,4
gemma2:9b,data_pmus_yaounde,q4_2_a,Agent_73,Veuillez indiquer depuis combien de temps vous attendez.,5,5,5,5,5
gemma2:9b,data_pmus_yaounde,q4_2_b,Agent_73,30 60 MIN,4,3,4,4,4
gemma2:9b,data_pmus_yaounde,q4_3,Agent_73,550,4,3,4,4,4
gemma2:9b,data_pmus_yaounde,q4_4,Agent_73,ACTIVIT S DE LOISIRS,4,3,4,4,4
gemma2:9b,data_pmus_yaounde,q4_4_autres,Agent_73,SPORT ET VISITE AMICALE,4,3,4,4,4
gemma2:9b,data_pmus_yaounde,q5_1,Agent_73,ENTRE 18 ET 25 ANS,4,3,4,4,4
gemma2:9b,data_pmus_yaounde,q5_2,Agent_73,ENTRE 30 001 ET 100 000,4,3,4,4,4
gemma2:9b,data_pmus_yaounde,q5_3,Agent_73,HOMME,4,3,4,4,4
gemma2:9b,data_pmus_yaounde,centre ville,Agent_74,YAOUNDE,4,3,4,4,4
gemma2:9b,data_pmus_yaounde,q1_1,Agent_74,UN QUARTIER DE LA VILLE DE YAOUNDE,4,3,4,4,4
gemma2:9b,data_pmus_yaounde,q1_1_a,Agent_74,ETOUG EBE,4,3,4,4,4
gemma2:9b,data_pmus_yaounde,q1_1_b,Agent_74,DERRIERE LA LAVERIE,4,3,4,4,4
gemma2:9b,data_pmus_yaounde,q1_1_c,Agent_74,,2,1,2,1,3
gemma2:9b,data_pmus_yaounde,q1_2,Agent_74,UN QUARTIER DE LA VILLE DE YAOUNDE,4,3,4,4,4
gemma2:9b,data_pmus_yaounde,q1_2_a,Agent_74,ABOM,4,3,4,4,4
gemma2:9b,data_pmus_yaounde,q1_2_b,Agent_74,10 IEME ARRET,4,3,4,4,4
gemma2:9b,data_pmus_yaounde,q1_3_c,Agent_74,,2,1,2,1,3
gemma2:9b,data_pmus_yaounde,q2_1,Agent_74,A PIED,4,3,4,4,4
gemma2:9b,data_pmus_yaounde,q2_2_1,Agent_74,DEVANT MAHIMA,4,3,4,4,4
gemma2:9b,data_pmus_yaounde,q2_2_2,Agent_74,,2,1,2,1,3
gemma2:9b,data_pmus_yaounde,q2_3_1,Agent_74,,2,1,2,1,3
gemma2:9b,data_pmus_yaounde,q2_3_2,Agent_74,,2,1,2,1,3
gemma2:9b,data_pmus_yaounde,q2_3,Agent_74,NON,5,4,5,4,4
gemma2:9b,data_pmus_yaounde,q2_4,Agent_74,A PIED,4,3,4,4,4
gemma2:9b,data_pmus_yaounde,q2_5_1,Agent_74,A B0NAS,4,3,4,4,4
gemma2:9b,data_pmus_yaounde,q2_5_2,Agent_74,0MPHINE,4,3,4,4,4
gemma2:9b,data_pmus_yaounde,q2_6_1,Agent_74,ABATTOIR,4,3,4,4,4
gemma2:9b,data_pmus_yaounde,q2_6_2,Agent_74,11EME ARRET,4,3,4,4,4
gemma2:9b,data_pmus_yaounde,q3_1,Agent_74,NON,5,4,5,4,4
gemma2:9b,data_pmus_yaounde,q3_2,Agent_74,A PIED,4,3,4,4,4
gemma2:9b,data_pmus_yaounde,q3_3_1,Agent_74,EMANA,4,3,4,4,4
gemma2:9b,data_pmus_yaounde,q3_3_2,Agent_74,10 IEME ARRET,4,3,4,4,4
gemma2:9b,data_pmus_yaounde,q4_1_a,Agent_74,Veuillez indiquer depuis combien de temps vous attendez.,5,5,5,5,5
gemma2:9b,data_pmus_yaounde,q4_1_b,Agent_74,MOINS DE 5 MIN,4,3,4,4,4
gemma2:9b,data_pmus_yaounde,q4_2_a,Agent_74,Veuillez indiquer depuis combien de temps vous attendez.,5,5,5,5,5
gemma2:9b,data_pmus_yaounde,q4_2_b,Agent_74,30 60 MIN,4,3,4,4,4
gemma2:9b,data_pmus_yaounde,q4_3,Agent_74,2600,4,3,4,4,4
gemma2:9b,data_pmus_yaounde,q4_4,Agent_74,COURSES,4,3,4,4,4
gemma2:9b,data_pmus_yaounde,q4_4_autres,Agent_74,FAIRE DES ACHATS,4,3,4,4,4
gemma2:9b,data_pmus_yaounde,q5_1,Agent_74,ENTRE 18 ET 25 ANS,4,3,4,4,4
gemma2:9b,data_pmus_yaounde,q5_2,Agent_74,ENTRE 30 001 ET 100 000,4,3,4,4,4
gemma2:9b,data_pmus_yaounde,q5_3,Agent_74,FEMME,4,3,4,4,4
gemma2:9b,data_pmus_yaounde,centre ville,Agent_75,YAOUNDE,4,3,4,4,4
gemma2:9b,data_pmus_yaounde,q1_1,Agent_75,UN QUARTIER DE LA VILLE DE YAOUNDE,4,3,4,4,4
gemma2:9b,data_pmus_yaounde,q1_1_a,Agent_75,ABIT,4,3,4,4,4
gemma2:9b,data_pmus_yaounde,q1_1_b,Agent_75,JEQN PAUL2,4,3,4,4,4
gemma2:9b,data_pmus_yaounde,q1_1_c,Agent_75,,2,1,2,1,3
gemma2:9b,data_pmus_yaounde,q1_2,Agent_75,UN QUARTIER DE LA VILLE DE YAOUNDE,4,3,4,4,4
gemma2:9b,data_pmus_yaounde,q1_2_a,Agent_75,ABOM,4,3,4,4,4
gemma2:9b,data_pmus_yaounde,q1_2_b,Agent_75,GERGARMERI,4,3,4,4,4
gemma2:9b,data_pmus_yaounde,q1_3_c,Agent_75,,2,1,2,1,3
gemma2:9b,data_pmus_yaounde,q2_1,Agent_75,A PIED,4,3,4,4,4
gemma2:9b,data_pmus_yaounde,q2_2_1,Agent_75,2 CHEVEAU,4,3,4,4,4
gemma2:9b,data_pmus_yaounde,q2_2_2,Agent_75,10 E ARRET,4,3,4,4,4
gemma2:9b,data_pmus_yaounde,q2_3_1,Agent_75,,2,1,2,1,3
gemma2:9b,data_pmus_yaounde,q2_3_2,Agent_75,GERDARMERIE,4,3,4,4,4
gemma2:9b,data_pmus_yaounde,q2_3,Agent_75,NON,5,4,5,4,4
gemma2:9b,data_pmus_yaounde,q2_4,Agent_75,A PIED,4,3,4,4,4
gemma2:9b,data_pmus_yaounde,q2_5_1,Agent_75,,2,1,2,1,3
gemma2:9b,data_pmus_yaounde,q2_5_2,Agent_75,,2,1,2,1,3
gemma2:9b,data_pmus_yaounde,q2_6_1,Agent_75,ABATTOIR,4,3,4,4,4
gemma2:9b,data_pmus_yaounde,q2_6_2,Agent_75,11EME ARRET,4,3,4,4,4
gemma2:9b,data_pmus_yaounde,q3_1,Agent_75,NON,5,4,5,4,4
gemma2:9b,data_pmus_yaounde,q3_2,Agent_75,A PIED,4,3,4,4,4
gemma2:9b,data_pmus_yaounde,q3_3_1,Agent_75,,2,1,2,1,3
gemma2:9b,data_pmus_yaounde,q3_3_2,Agent_75,,2,1,2,1,3
gemma2:9b,data_pmus_yaounde,q4_1_a,Agent_75,Veuillez indiquer depuis combien de temps vous attendez.,5,5,5,5,5
gemma2:9b,data_pmus_yaounde,q4_1_b,Agent_75,MOINS DE 5 MIN,4,3,4,4,4
gemma2:9b,data_pmus_yaounde,q4_2_a,Agent_75,Veuillez indiquer depuis combien de temps vous attendez.,5,5,5,5,5
gemma2:9b,data_pmus_yaounde,q4_2_b,Agent_75,30 60 MIN,4,3,4,4,4
gemma2:9b,data_pmus_yaounde,q4_3,Agent_75,250,4,3,4,4,4
gemma2:9b,data_pmus_yaounde,q4_4,Agent_75,D MARCHES ADMINISTRATIVES ET OU SANT,4,3,4,4,4
gemma2:9b,data_pmus_yaounde,q4_4_autres,Agent_75,FAIRE DU MARCHE,4,3,4,4,4
gemma2:9b,data_pmus_yaounde,q5_1,Agent_75,MOINS DE 18 ANS,4,3,4,4,4
gemma2:9b,data_pmus_yaounde,q5_2,Agent_75,ENTRE 30 001 ET 100 000,4,3,4,4,4
gemma2:9b,data_pmus_yaounde,q5_3,Agent_75,FEMME,4,3,4,4,4
gemma2:9b,data_pmus_yaounde,centre ville,Agent_76,YAOUNDE,4,3,4,4,4
gemma2:9b,data_pmus_yaounde,q1_1,Agent_76,UN QUARTIER DE LA VILLE DE YAOUNDE,4,3,4,4,4
gemma2:9b,data_pmus_yaounde,q1_1_a,Agent_76,ABIT,4,3,4,4,4
gemma2:9b,data_pmus_yaounde,q1_1_b,Agent_76,OBEFGE,4,3,4,4,4
gemma2:9b,data_pmus_yaounde,q1_1_c,Agent_76,NKOASSI,4,3,4,4,4
gemma2:9b,data_pmus_yaounde,q1_2,Agent_76,UN QUARTIER DE LA VILLE DE YAOUNDE,4,3,4,4,4
gemma2:9b,data_pmus_yaounde,q1_2_a,Agent_76,ETOUDI,4,3,4,4,4
gemma2:9b,data_pmus_yaounde,q1_2_b,Agent_76,ABATTOIR,4,3,4,4,4
gemma2:9b,data_pmus_yaounde,q1_3_c,Agent_76,AFANOYA,4,3,4,4,4
gemma2:9b,data_pmus_yaounde,q2_1,Agent_76,PAR TAXI,4,3,4,4,4
gemma2:9b,data_pmus_yaounde,q2_2_1,Agent_76,ETOUDI,4,3,4,4,4
gemma2:9b,data_pmus_yaounde,q2_2_2,Agent_76,ABATTOIR,4,3,4,4,4
gemma2:9b,data_pmus_yaounde,q2_3_1,Agent_76,0LESOA,4,3,4,4,4
gemma2:9b,data_pmus_yaounde,q2_3_2,Agent_76,0NANA,4,3,4,4,4
gemma2:9b,data_pmus_yaounde,q2_3,Agent_76,NON,5,4,5,4,4
gemma2:9b,data_pmus_yaounde,q2_4,Agent_76,PAR TAXI,4,3,4,4,4
gemma2:9b,data_pmus_yaounde,q2_5_1,Agent_76,ETOUG EBE,4,3,4,4,4
gemma2:9b,data_pmus_yaounde,q2_5_2,Agent_76,0MPHINE,4,3,4,4,4
gemma2:9b,data_pmus_yaounde,q2_6_1,Agent_76,ABATTOIR,4,3,4,4,4
gemma2:9b,data_pmus_yaounde,q2_6_2,Agent_76,11EME ARRET,4,3,4,4,4
gemma2:9b,data_pmus_yaounde,q3_1,Agent_76,NON,5,4,5,4,4
gemma2:9b,data_pmus_yaounde,q3_2,Agent_76,PAR TAXI,4,3,4,4,4
gemma2:9b,data_pmus_yaounde,q3_3_1,Agent_76,ETOUDI,4,3,4,4,4
gemma2:9b,data_pmus_yaounde,q3_3_2,Agent_76,10 IEME ARRET,4,3,4,4,4
gemma2:9b,data_pmus_yaounde,q4_1_a,Agent_76,Veuillez indiquer depuis combien de temps vous attendez.,5,5,5,5,5
gemma2:9b,data_pmus_yaounde,q4_1_b,Agent_76,MOINS DE 5 MIN,4,3,4,4,4
gemma2:9b,data_pmus_yaounde,q4_2_a,Agent_76,Veuillez indiquer depuis combien de temps vous attendez.,5,5,5,5,5
gemma2:9b,data_pmus_yaounde,q4_2_b,Agent_76,30 60 MIN,4,3,4,4,4
gemma2:9b,data_pmus_yaounde,q4_3,Agent_76,850,4,3,4,4,4
gemma2:9b,data_pmus_yaounde,q4_4,Agent_76,VISITE FAMILLE,4,3,4,4,4
gemma2:9b,data_pmus_yaounde,q4_4_autres,Agent_76,ACHAT,4,3,4,4,4
gemma2:9b,data_pmus_yaounde,q5_1,Agent_76,ENTRE 36 ET 45 ANS,4,3,4,4,4
gemma2:9b,data_pmus_yaounde,q5_2,Agent_76,ENTRE 300 001 ET 500 000,4,3,4,4,4
gemma2:9b,data_pmus_yaounde,q5_3,Agent_76,FEMME,4,3,4,4,4
gemma2:9b,data_pmus_yaounde,centre ville,Agent_77,YAOUNDE,4,3,4,4,4
gemma2:9b,data_pmus_yaounde,q1_1,Agent_77,UN QUARTIER DE LA VILLE DE YAOUNDE,4,3,4,4,4
gemma2:9b,data_pmus_yaounde,q1_1_a,Agent_77,MVAN,4,3,4,4,4
gemma2:9b,data_pmus_yaounde,q1_1_b,Agent_77,MVAN,4,3,4,4,4
gemma2:9b,data_pmus_yaounde,q1_1_c,Agent_77,,2,1,2,1,3
gemma2:9b,data_pmus_yaounde,q1_2,Agent_77,UN QUARTIER DE LA VILLE DE YAOUNDE,4,3,4,4,4
gemma2:9b,data_pmus_yaounde,q1_2_a,Agent_77,ABOM,4,3,4,4,4
gemma2:9b,data_pmus_yaounde,q1_2_b,Agent_77,10 IEME ARRET,4,3,4,4,4
gemma2:9b,data_pmus_yaounde,q1_3_c,Agent_77,,2,1,2,1,3
gemma2:9b,data_pmus_yaounde,q2_1,Agent_77,A PIED,4,3,4,4,4
gemma2:9b,data_pmus_yaounde,q2_2_1,Agent_77,,2,1,2,1,3
gemma2:9b,data_pmus_yaounde,q2_2_2,Agent_77,,2,1,2,1,3
gemma2:9b,data_pmus_yaounde,q2_3_1,Agent_77,CARREFOURMVAN,4,3,4,4,4
gemma2:9b,data_pmus_yaounde,q2_3_2,Agent_77,0NANA,4,3,4,4,4
gemma2:9b,data_pmus_yaounde,q2_3,Agent_77,NON,5,4,5,4,4
gemma2:9b,data_pmus_yaounde,q2_4,Agent_77,A PIED,4,3,4,4,4
gemma2:9b,data_pmus_yaounde,q2_5_1,Agent_77,A B0NAS,4,3,4,4,4
gemma2:9b,data_pmus_yaounde,q2_5_2,Agent_77,CARREFOUR,4,3,4,4,4
gemma2:9b,data_pmus_yaounde,q2_6_1,Agent_77,CARREFOUR,4,3,4,4,4
gemma2:9b,data_pmus_yaounde,q2_6_2,Agent_77,CARREFOUR,4,3,4,4,4
gemma2:9b,data_pmus_yaounde,q3_1,Agent_77,NON,5,4,5,4,4
gemma2:9b,data_pmus_yaounde,q3_2,Agent_77,A PIED,4,3,4,4,4
gemma2:9b,data_pmus_yaounde,q3_3_1,Agent_77,ACACIA,4,3,4,4,4
gemma2:9b,data_pmus_yaounde,q3_3_2,Agent_77,CARREFOUR,4,3,4,4,4
gemma2:9b,data_pmus_yaounde,q4_1_a,Agent_77,Veuillez indiquer depuis combien de temps vous attendez.,5,5,5,5,5
gemma2:9b,data_pmus_yaounde,q4_1_b,Agent_77,MOINS DE 5 MIN,4,3,4,4,4
gemma2:9b,data_pmus_yaounde,q4_2_a,Agent_77,Veuillez indiquer depuis combien de temps vous attendez.,5,5,5,5,5
gemma2:9b,data_pmus_yaounde,q4_2_b,Agent_77,30 60 MIN,4,3,4,4,4
gemma2:9b,data_pmus_yaounde,q4_3,Agent_77,408,4,3,4,4,4
gemma2:9b,data_pmus_yaounde,q4_4,Agent_77,VISITE FAMILLE,4,3,4,4,4
gemma2:9b,data_pmus_yaounde,q4_4_autres,Agent_77,ACHAT,4,3,4,4,4
gemma2:9b,data_pmus_yaounde,q5_1,Agent_77,ENTRE 55ANS ET 64 ANS,4,3,4,4,4
gemma2:9b,data_pmus_yaounde,q5_2,Agent_77,ENTRE 30 001 ET 100 000,4,3,4,4,4
gemma2:9b,data_pmus_yaounde,q5_3,Agent_77,FEMME,4,3,4,4,4
gemma2:9b,data_pmus_yaounde,centre ville,Agent_78,YAOUNDE,4,3,4,4,4
gemma2:9b,data_pmus_yaounde,q1_1,Agent_78,UN QUARTIER DE LA VILLE DE YAOUNDE,4,3,4,4,4
gemma2:9b,data_pmus_yaounde,q1_1_a,Agent_78,ABIT,4,3,4,4,4
gemma2:9b,data_pmus_yaounde,q1_1_b,Agent_78,MARCHECENTRAL,4,3,4,4,4
gemma2:9b,data_pmus_yaounde,q1_1_c,Agent_78,,2,1,2,1,3
gemma2:9b,data_pmus_yaounde,q1_2,Agent_78,UN QUARTIER DE LA VILLE DE YAOUNDE,4,3,4,4,4
gemma2:9b,data_pmus_yaounde,q1_2_a,Agent_78,ABOM,4,3,4,4,4
gemma2:9b,data_pmus_yaounde,q1_2_b,Agent_78,10 IEME ARRET,4,3,4,4,4
gemma2:9b,data_pmus_yaounde,q1_3_c,Agent_78,AFANOYA,4,3,4,4,4
gemma2:9b,data_pmus_yaounde,q2_1,Agent_78,A PIED,4,3,4,4,4
gemma2:9b,data_pmus_yaounde,q2_2_1,Agent_78,2 CHEVEAU,4,3,4,4,4
gemma2:9b,data_pmus_yaounde,q2_2_2,Agent_78,ABOM,4,3,4,4,4
gemma2:9b,data_pmus_yaounde,q2_3_1,Agent_78,0LESOA,4,3,4,4,4
gemma2:9b,data_pmus_yaounde,q2_3_2,Agent_78,NKOA MBANG,4,3,4,4,4
gemma2:9b,data_pmus_yaounde,q2_3,Agent_78,NON,5,4,5,4,4
gemma2:9b,data_pmus_yaounde,q2_4,Agent_78,A PIED,4,3,4,4,4
gemma2:9b,data_pmus_yaounde,q2_5_1,Agent_78,,2,1,2,1,3
gemma2:9b,data_pmus_yaounde,q2_5_2,Agent_78,,2,1,2,1,3
gemma2:9b,data_pmus_yaounde,q2_6_1,Agent_78,NKOA MBANG,4,3,4,4,4
gemma2:9b,data_pmus_yaounde,q2_6_2,Agent_78,11EME ARRET,4,3,4,4,4
gemma2:9b,data_pmus_yaounde,q3_1,Agent_78,NON,5,4,5,4,4
gemma2:9b,data_pmus_yaounde,q3_2,Agent_78,A PIED,4,3,4,4,4
gemma2:9b,data_pmus_yaounde,q3_3_1,Agent_78,,2,1,2,1,3
gemma2:9b,data_pmus_yaounde,q3_3_2,Agent_78,,2,1,2,1,3
gemma2:9b,data_pmus_yaounde,q4_1_a,Agent_78,Veuillez indiquer depuis combien de temps vous attendez.,5,5,5,5,5
gemma2:9b,data_pmus_yaounde,q4_1_b,Agent_78,MOINS DE 5 MIN,4,3,4,4,4
gemma2:9b,data_pmus_yaounde,q4_2_a,Agent_78,Veuillez indiquer depuis combien de temps vous attendez.,5,5,5,5,5
gemma2:9b,data_pmus_yaounde,q4_2_b,Agent_78,30 60 MIN,4,3,4,4,4
gemma2:9b,data_pmus_yaounde,q4_3,Agent_78,700,4,3,4,4,4
gemma2:9b,data_pmus_yaounde,q4_4,Agent_78,VISITE FAMILLE,4,3,4,4,4
gemma2:9b,data_pmus_yaounde,q4_4_autres,Agent_78,ACHAT,4,3,4,4,4
gemma2:9b,data_pmus_yaounde,q5_1,Agent_78,ENTRE 26 ET 35 ANS,4,3,4,4,4
gemma2:9b,data_pmus_yaounde,q5_2,Agent_78,ENTRE 30 001 ET 100 000,4,3,4,4,4
gemma2:9b,data_pmus_yaounde,q5_3,Agent_78,FEMME,4,3,4,4,4
gemma2:9b,data_pmus_yaounde,centre ville,Agent_79,YAOUNDE,4,3,4,4,4
gemma2:9b,data_pmus_yaounde,q1_1,Agent_79,UN QUARTIER DE LA VILLE DE YAOUNDE,4,3,4,4,4
gemma2:9b,data_pmus_yaounde,q1_1_a,Agent_79,ETOA MEKI,4,3,4,4,4
gemma2:9b,data_pmus_yaounde,q1_1_b,Agent_79,STATION BLESSING,4,3,4,4,4
gemma2:9b,data_pmus_yaounde,q1_1_c,Agent_79,NKOA MBANG,4,3,4,4,4
gemma2:9b,data_pmus_yaounde,q1_2,Agent_79,UN QUARTIER DE LA VILLE DE YAOUNDE,4,3,4,4,4
gemma2:9b,data_pmus_yaounde,q1_2_a,Agent_79,BARRIERE,4,3,4,4,4
gemma2:9b,data_pmus_yaounde,q1_2_b,Agent_79,BARRIERE,4,3,4,4,4
gemma2:9b,data_pmus_yaounde,q1_3_c,Agent_79,NKOA MBANG,4,3,4,4,4
gemma2:9b,data_pmus_yaounde,q2_1,Agent_79,A PIED,4,3,4,4,4
gemma2:9b,data_pmus_yaounde,q2_2_1,Agent_79,2 CHEVEAU,4,3,4,4,4
gemma2:9b,data_pmus_yaounde,q2_2_2,Agent_79,10 E ARRET,4,3,4,4,4
gemma2:9b,data_pmus_yaounde,q2_3_1,Agent_79,BARRIERE,4,3,4,4,4
gemma2:9b,data_pmus_yaounde,q2_3_2,Agent_79,AT LA TRADEX,4,3,4,4,4
gemma2:9b,data_pmus_yaounde,q2_3,Agent_79,NON,5,4,5,4,4
gemma2:9b,data_pmus_yaounde,q2_4,Agent_79,PAR BUS STACY,4,3,4,4,4
gemma2:9b,data_pmus_yaounde,q2_5_1,Agent_79,BARRIERE,4,3,4,4,4
gemma2:9b,data_pmus_yaounde,q2_5_2,Agent_79,BARRIERE,4,3,4,4,4
gemma2:9b,data_pmus_yaounde,q2_6_1,Agent_79,BARRIERE,4,3,4,4,4
gemma2:9b,data_pmus_yaounde,q2_6_2,Agent_79,BARRIERE,4,3,4,4,4
gemma2:9b,data_pmus_yaounde,q3_1,Agent_79,NON,5,4,5,4,4
gemma2:9b,data_pmus_yaounde,q3_2,Agent_79,PAR BUS STACY,4,3,4,4,4
gemma2:9b,data_pmus_yaounde,q3_3_1,Agent_79,BARRIERE,4,3,4,4,4
gemma2:9b,data_pmus_yaounde,q3_3_2,Agent_79,BARRIERE,4,3,4,4,4
gemma2:9b,data_pmus_yaounde,q4_1_a,Agent_79,Veuillez indiquer depuis combien de temps vous attendez.,5,5,5,5,5
gemma2:9b,data_pmus_yaounde,q4_1_b,Agent_79,MOINS DE 5 MIN,4,3,4,4,4
gemma2:9b,data_pmus_yaounde,q4_2_a,Agent_79,Veuillez indiquer depuis combien de temps vous attendez.,5,5,5,5,5
gemma2:9b,data_pmus_yaounde,q4_2_b,Agent_79,30 60 MIN,4,3,4,4,4
gemma2:9b,data_pmus_yaounde,q4_3,Agent_79,3200,4,3,4,4,4
gemma2:9b,data_pmus_yaounde,q4_4,Agent_79,TRAVAIL,4,3,4,4,4
gemma2:9b,data_pmus_yaounde,q4_4_autres,Agent_79,ACHAT,4,3,4,4,4
gemma2:9b,data_pmus_yaounde,q5_1,Agent_79,MOINS DE 18 ANS,4,3,4,4,4
gemma2:9b,data_pmus_yaounde,q5_2,Agent_79,MOINS DE 30 000,4,3,4,4,4
gemma2:9b,data_pmus_yaounde,q5_3,Agent_79,FEMME,4,3,4,4,4
gemma2:9b,data_pmus_yaounde,centre ville,Agent_80,YAOUNDE,4,3,4,4,4
gemma2:9b,data_pmus_yaounde,q1_1,Agent_80,UN QUARTIER DE LA VILLE DE YAOUNDE,4,3,4,4,4
gemma2:9b,data_pmus_yaounde,q1_1_a,Agent_80,ABIT,4,3,4,4,4
gemma2:9b,data_pmus_yaounde,q1_1_b,Agent_80,A COTE DE L,4,3,4,4,4
gemma2:9b,data_pmus_yaounde,q1_1_c,Agent_80,AFANOYA,4,3,4,4,4
gemma2:9b,data_pmus_yaounde,q1_2,Agent_80,UN QUARTIER DE LA VILLE DE YAOUNDE,4,3,4,4,4
gemma2:9b,data_pmus_yaounde,q1_2_a,Agent_80,ABOM,4,3,4,4,4
gemma2:9b,data_pmus_yaounde,q1_2_b,Agent_80,10 IEME ARRET,4,3,4,4,4
gemma2:9b,data_pmus_yaounde,q1_3_c,Agent_80,YAOUNDE,4,3,4,4,4
gemma2:9b,data_pmus_yaounde,q2_1,Agent_80,A PIED,4,3,4,4,4
gemma2:9b,data_pmus_yaounde,q2_2_1,Agent_80,,2,1,2,1,3
gemma2:9b,data_pmus_yaounde,q2_2_2,Agent_80,,2,1,2,1,3
gemma2:9b,data_pmus_yaounde,q2_3_1,Agent_80,AUCUN,4,3,4,4,4
gemma2:9b,data_pmus_yaounde,q2_3_2,Agent_80,AUCUN,4,3,4,4,4
gemma2:9b,data_pmus_yaounde,q2_3,Agent_80,NON,5,4,5,4,4
gemma2:9b,data_pmus_yaounde,q2_4,Agent_80,A PIED,4,3,4,4,4
gemma2:9b,data_pmus_yaounde,q2_5_1,Agent_80,A B0NAS,4,3,4,4,4
gemma2:9b,data_pmus_yaounde,q2_5_2,Agent_80,0MPHINE,4,3,4,4,4
gemma2:9b,data_pmus_yaounde,q2_6_1,Agent_80,ABATTOIR,4,3,4,4,4
gemma2:9b,data_pmus_yaounde,q2_6_2,Agent_80,,2,1,2,1,3
gemma2:9b,data_pmus_yaounde,q3_1,Agent_80,NON,5,4,5,4,4
gemma2:9b,data_pmus_yaounde,q3_2,Agent_80,A PIED,4,3,4,4,4
gemma2:9b,data_pmus_yaounde,q3_3_1,Agent_80,NKO NDONGO,4,3,4,4,4
gemma2:9b,data_pmus_yaounde,q3_3_2,Agent_80,10 IEME ARRET,4,3,4,4,4
gemma2:9b,data_pmus_yaounde,q4_1_a,Agent_80,Veuillez indiquer depuis combien de temps vous attendez.,5,5,5,5,5
gemma2:9b,data_pmus_yaounde,q4_1_b,Agent_80,MOINS DE 5 MIN,4,3,4,4,4
gemma2:9b,data_pmus_yaounde,q4_2_a,Agent_80,Veuillez indiquer depuis combien de temps vous attendez.,5,5,5,5,5
gemma2:9b,data_pmus_yaounde,q4_2_b,Agent_80,30 60 MIN,4,3,4,4,4
gemma2:9b,data_pmus_yaounde,q4_3,Agent_80,700,4,3,4,4,4
gemma2:9b,data_pmus_yaounde,q4_4,Agent_80,COURSES,4,3,4,4,4
gemma2:9b,data_pmus_yaounde,q4_4_autres,Agent_80,FAIRE DES ACHATS,4,3,4,4,4
gemma2:9b,data_pmus_yaounde,q5_1,Agent_80,ENTRE 18 ET 25 ANS,4,3,4,4,4
gemma2:9b,data_pmus_yaounde,q5_2,Agent_80,MOINS DE 30 000,4,3,4,4,4
gemma2:9b,data_pmus_yaounde,q5_3,Agent_80,FEMME,4,3,4,4,4
gemma2:9b,data_pmus_yaounde,centre ville,Agent_81,YAOUNDE,4,3,4,4,4
gemma2:9b,data_pmus_yaounde,q1_1,Agent_81,UN QUARTIER DE LA VILLE DE YAOUNDE,4,3,4,4,4
gemma2:9b,data_pmus_yaounde,q1_1_a,Agent_81,ABIT,4,3,4,4,4
gemma2:9b,data_pmus_yaounde,q1_1_b,Agent_81,CHAPRLLE,4,3,4,4,4
gemma2:9b,data_pmus_yaounde,q1_1_c,Agent_81,AFANOYA,4,3,4,4,4
gemma2:9b,data_pmus_yaounde,q1_2,Agent_81,UN QUARTIER DE LA VILLE DE YAOUNDE,4,3,4,4,4
gemma2:9b,data_pmus_yaounde,q1_2_a,Agent_81,ABOM,4,3,4,4,4
gemma2:9b,data_pmus_yaounde,q1_2_b,Agent_81,10 IEME ARRET,4,3,4,4,4
gemma2:9b,data_pmus_yaounde,q1_3_c,Agent_81,YAOUNDE,4,3,4,4,4
gemma2:9b,data_pmus_yaounde,q2_1,Agent_81,A PIED,4,3,4,4,4
gemma2:9b,data_pmus_yaounde,q2_2_1,Agent_81,,2,1,2,1,3
gemma2:9b,data_pmus_yaounde,q2_2_2,Agent_81,,2,1,2,1,3
gemma2:9b,data_pmus_yaounde,q2_3_1,Agent_81,,2,1,2,1,3
gemma2:9b,data_pmus_yaounde,q2_3_2,Agent_81,,2,1,2,1,3
gemma2:9b,data_pmus_yaounde,q2_3,Agent_81,NON,5,4,5,4,4
gemma2:9b,data_pmus_yaounde,q2_4,Agent_81,A PIED,4,3,4,4,4
gemma2:9b,data_pmus_yaounde,q2_5_1,Agent_81,,2,1,2,1,3
gemma2:9b,data_pmus_yaounde,q2_5_2,Agent_81,,2,1,2,1,3
gemma2:9b,data_pmus_yaounde,q2_6_1,Agent_81,CHAPPELLE,4,3,4,4,4
gemma2:9b,data_pmus_yaounde,q2_6_2,Agent_81,CHAPPELLE,4,3,4,4,4
gemma2:9b,data_pmus_yaounde,q3_1,Agent_81,NON,5,4,5,4,4
gemma2:9b,data_pmus_yaounde,q3_2,Agent_81,A PIED,4,3,4,4,4
gemma2:9b,data_pmus_yaounde,q3_3_1,Agent_81,,2,1,2,1,3
gemma2:9b,data_pmus_yaounde,q3_3_2,Agent_81,,2,1,2,1,3
gemma2:9b,data_pmus_yaounde,q4_1_a,Agent_81,Veuillez indiquer depuis combien de temps vous attendez.,5,5,5,5,5
gemma2:9b,data_pmus_yaounde,q4_1_b,Agent_81,MOINS DE 5 MIN,4,3,4,4,4
gemma2:9b,data_pmus_yaounde,q4_2_a,Agent_81,Veuillez indiquer depuis combien de temps vous attendez.,5,5,5,5,5
gemma2:9b,data_pmus_yaounde,q4_2_b,Agent_81,15 30 MIN,4,3,4,4,4
gemma2:9b,data_pmus_yaounde,q4_3,Agent_81,1550,4,3,4,4,4
gemma2:9b,data_pmus_yaounde,q4_4,Agent_81,D MARCHES ADMINISTRATIVES ET OU SANT,4,3,4,4,4
gemma2:9b,data_pmus_yaounde,q4_4_autres,Agent_81,ACHAT,4,3,4,4,4
gemma2:9b,data_pmus_yaounde,q5_1,Agent_81,ENTRE 18 ET 25 ANS,4,3,4,4,4
gemma2:9b,data_pmus_yaounde,q5_2,Agent_81,ENTRE 300 001 ET 500 000,4,3,4,4,4
gemma2:9b,data_pmus_yaounde,q5_3,Agent_81,FEMME,4,3,4,4,4
gemma2:9b,data_pmus_yaounde,centre ville,Agent_82,YAOUNDE,4,3,4,4,4
gemma2:9b,data_pmus_yaounde,q1_1,Agent_82,UN QUARTIER DE LA VILLE DE YAOUNDE,4,3,4,4,4
gemma2:9b,data_pmus_yaounde,q1_1_a,Agent_82,ABIT,4,3,4,4,4
gemma2:9b,data_pmus_yaounde,q1_1_b,Agent_82,TERMINUS AHALA,4,3,4,4,4
gemma2:9b,data_pmus_yaounde,q1_1_c,Agent_82,,2,1,2,1,3
gemma2:9b,data_pmus_yaounde,q1_2,Agent_82,UN QUARTIER DE LA VILLE DE YAOUNDE,4,3,4,4,4
gemma2:9b,data_pmus_yaounde,q1_2_a,Agent_82,ABOM,4,3,4,4,4
gemma2:9b,data_pmus_yaounde,q1_2_b,Agent_82,10 IEME ARRET,4,3,4,4,4
gemma2:9b,data_pmus_yaounde,q1_3_c,Agent_82,NGOUMOU,4,3,4,4,4
gemma2:9b,data_pmus_yaounde,q2_1,Agent_82,PAR BUS STACY,4,3,4,4,4
gemma2:9b,data_pmus_yaounde,q2_2_1,Agent_82,2 CHEVEAU,4,3,4,4,4
gemma2:9b,data_pmus_yaounde,q2_2_2,Agent_82,MONTEE CARIOCA,4,3,4,4,4
gemma2:9b,data_pmus_yaounde,q2_3_1,Agent_82,NGOUMOU,4,3,4,4,4
gemma2:9b,data_pmus_yaounde,q2_3_2,Agent_82,0NANA,4,3,4,4,4
gemma2:9b,data_pmus_yaounde,q2_3,Agent_82,NON,5,4,5,4,4
gemma2:9b,data_pmus_yaounde,q2_4,Agent_82,A PIED,4,3,4,4,4
gemma2:9b,data_pmus_yaounde,q2_5_1,Agent_82,,2,1,2,1,3
gemma2:9b,data_pmus_yaounde,q2_5_2,Agent_82,,2,1,2,1,3
gemma2:9b,data_pmus_yaounde,q2_6_1,Agent_82,,2,1,2,1,3
gemma2:9b,data_pmus_yaounde,q2_6_2,Agent_82,,2,1,2,1,3
gemma2:9b,data_pmus_yaounde,q3_1,Agent_82,NON,5,4,5,4,4
gemma2:9b,data_pmus_yaounde,q3_2,Agent_82,PAR BUS STACY,4,3,4,4,4
gemma2:9b,data_pmus_yaounde,q3_3_1,Agent_82,,2,1,2,1,3
gemma2:9b,data_pmus_yaounde,q3_3_2,Agent_82,,2,1,2,1,3
gemma2:9b,data_pmus_yaounde,q4_1_a,Agent_82,Veuillez indiquer depuis combien de temps vous attendez.,5,5,5,5,5
gemma2:9b,data_pmus_yaounde,q4_1_b,Agent_82,MOINS DE 5 MIN,4,3,4,4,4
gemma2:9b,data_pmus_yaounde,q4_2_a,Agent_82,Veuillez indiquer depuis combien de temps vous attendez.,5,5,5,5,5
gemma2:9b,data_pmus_yaounde,q4_2_b,Agent_82,30 60 MIN,4,3,4,4,4
gemma2:9b,data_pmus_yaounde,q4_3,Agent_82,2600,4,3,4,4,4
gemma2:9b,data_pmus_yaounde,q4_4,Agent_82,ACTIVIT S DE LOISIRS,4,3,4,4,4
gemma2:9b,data_pmus_yaounde,q4_4_autres,Agent_82,ACHAT,4,3,4,4,4
gemma2:9b,data_pmus_yaounde,q5_1,Agent_82,ENTRE 18 ET 25 ANS,4,3,4,4,4
gemma2:9b,data_pmus_yaounde,q5_2,Agent_82,ENTRE 30 001 ET 100 000,4,3,4,4,4
gemma2:9b,data_pmus_yaounde,q5_3,Agent_82,HOMME,4,3,4,4,4
gemma2:9b,data_pmus_yaounde,centre ville,Agent_83,YAOUNDE,4,3,4,4,4
gemma2:9b,data_pmus_yaounde,q1_1,Agent_83,UN QUARTIER DE LA VILLE DE YAOUNDE,4,3,4,4,4
gemma2:9b,data_pmus_yaounde,q1_1_a,Agent_83,ABIT,4,3,4,4,4
gemma2:9b,data_pmus_yaounde,q1_1_b,Agent_83,YOYO BAR,4,3,4,4,4
gemma2:9b,data_pmus_yaounde,q1_1_c,Agent_83,,2,1,2,1,3
gemma2:9b,data_pmus_yaounde,q1_2,Agent_83,UN QUARTIER DE LA VILLE DE YAOUNDE,4,3,4,4,4
gemma2:9b,data_pmus_yaounde,q1_2_a,Agent_83,ABOM,4,3,4,4,4
gemma2:9b,data_pmus_yaounde,q1_2_b,Agent_83,YOYO BAR,4,3,4,4,4
gemma2:9b,data_pmus_yaounde,q1_3_c,Agent_83,,2,1,2,1,3
gemma2:9b,data_pmus_yaounde,q2_1,Agent_83,A PIED,4,3,4,4,4
gemma2:9b,data_pmus_yaounde,q2_2_1,Agent_83,,2,1,2,1,3
gemma2:9b,data_pmus_yaounde,q2_2_2,Agent_83,,2,1,2,1,3
gemma2:9b,data_pmus_yaounde,q2_3_1,Agent_83,,2,1,2,1,3
gemma2:9b,data_pmus_yaounde,q2_3_2,Agent_83,,2,1,2,1,3
gemma2:9b,data_pmus_yaounde,q2_3,Agent_83,NON,5,4,5,4,4
gemma2:9b,data_pmus_yaounde,q2_4,Agent_83,A PIED,4,3,4,4,4
gemma2:9b,data_pmus_yaounde,q2_5_1,Agent_83,,2,1,2,1,3
gemma2:9b,data_pmus_yaounde,q2_5_2,Agent_83,,2,1,2,1,3
gemma2:9b,data_pmus_yaounde,q2_6_1,Agent_83,,2,1,2,1,3
gemma2:9b,data_pmus_yaounde,q2_6_2,Agent_83,,2,1,2,1,3
gemma2:9b,data_pmus_yaounde,q3_1,Agent_83,NON,5,4,5,4,4
gemma2:9b,data_pmus_yaounde,q3_2,Agent_83,A PIED,4,3,4,4,4
gemma2:9b,data_pmus_yaounde,q3_3_1,Agent_83,,2,1,2,1,3
gemma2:9b,data_pmus_yaounde,q3_3_2,Agent_83,,2,1,2,1,3
gemma2:9b,data_pmus_yaounde,q4_1_a,Agent_83,Veuillez indiquer depuis combien de temps vous attendez.,5,5,5,5,5
gemma2:9b,data_pmus_yaounde,q4_1_b,Agent_83,MOINS DE 5 MIN,4,3,4,4,4
gemma2:9b,data_pmus_yaounde,q4_2_a,Agent_83,Veuillez indiquer depuis combien de temps vous attendez.,5,5,5,5,5
gemma2:9b,data_pmus_yaounde,q4_2_b,Agent_83,30 60 MIN,4,3,4,4,4
gemma2:9b,data_pmus_yaounde,q4_3,Agent_83,200,4,3,4,4,4
gemma2:9b,data_pmus_yaounde,q4_4,Agent_83,ACTIVIT S DE LOISIRS,4,3,4,4,4
gemma2:9b,data_pmus_yaounde,q4_4_autres,Agent_83,FAIRE DU MARCHE,4,3,4,4,4
gemma2:9b,data_pmus_yaounde,q5_1,Agent_83,ENTRE 18 ET 25 ANS,4,3,4,4,4
gemma2:9b,data_pmus_yaounde,q5_2,Agent_83,ENTRE 30 001 ET 100 000,4,3,4,4,4
gemma2:9b,data_pmus_yaounde,q5_3,Agent_83,HOMME,4,3,4,4,4
gemma2:9b,data_pmus_yaounde,centre ville,Agent_84,YAOUNDE,4,3,4,4,4
gemma2:9b,data_pmus_yaounde,q1_1,Agent_84,UN QUARTIER DE LA VILLE DE YAOUNDE,4,3,4,4,4
gemma2:9b,data_pmus_yaounde,q1_1_a,Agent_84,EKOUNOU,4,3,4,4,4
gemma2:9b,data_pmus_yaounde,q1_1_b,Agent_84,10EME ARRET,4,3,4,4,4
gemma2:9b,data_pmus_yaounde,q1_1_c,Agent_84,,2,1,2,1,3
gemma2:9b,data_pmus_yaounde,q1_2,Agent_84,UN QUARTIER DE LA VILLE DE YAOUNDE,4,3,4,4,4
gemma2:9b,data_pmus_yaounde,q1_2_a,Agent_84,ABOM,4,3,4,4,4
gemma2:9b,data_pmus_yaounde,q1_2_b,Agent_84,NKOA MBANG,4,3,4,4,4
gemma2:9b,data_pmus_yaounde,q1_3_c,Agent_84,,2,1,2,1,3
gemma2:9b,data_pmus_yaounde,q2_1,Agent_84,PAR BUS STACY,4,3,4,4,4
gemma2:9b,data_pmus_yaounde,q2_2_1,Agent_84,ETOUKBE,4,3,4,4,4
gemma2:9b,data_pmus_yaounde,q2_2_2,Agent_84,,2,1,2,1,3
gemma2:9b,data_pmus_yaounde,q2_3_1,Agent_84,NKOA MBANG,4,3,4,4,4
gemma2:9b,data_pmus_yaounde,q2_3_2,Agent_84,CARREFOUR,4,3,4,4,4
gemma2:9b,data_pmus_yaounde,q2_3,Agent_84,NON,5,4,5,4,4
gemma2:9b,data_pmus_yaounde,q2_4,Agent_84,PAR BUS STACY,4,3,4,4,4
gemma2:9b,data_pmus_yaounde,q2_5_1,Agent_84,NKOA MBANG,4,3,4,4,4
gemma2:9b,data_pmus_yaounde,q2_5_2,Agent_84,0MPHINE,4,3,4,4,4
gemma2:9b,data_pmus_yaounde,q2_6_1,Agent_84,CARREFOUR,4,3,4,4,4
gemma2:9b,data_pmus_yaounde,q2_6_2,Agent_84,CARREFOUR,4,3,4,4,4
gemma2:9b,data_pmus_yaounde,q3_1,Agent_84,NON,5,4,5,4,4
gemma2:9b,data_pmus_yaounde,q3_2,Agent_84,PAR BUS STACY,4,3,4,4,4
gemma2:9b,data_pmus_yaounde,q3_3_1,Agent_84,ACACIA,4,3,4,4,4
gemma2:9b,data_pmus_yaounde,q3_3_2,Agent_84,ACACIA,4,3,4,4,4
gemma2:9b,data_pmus_yaounde,q4_1_a,Agent_84,Veuillez indiquer depuis combien de temps vous attendez.,5,5,5,5,5
gemma2:9b,data_pmus_yaounde,q4_1_b,Agent_84,MOINS DE 5 MIN,4,3,4,4,4
gemma2:9b,data_pmus_yaounde,q4_2_a,Agent_84,Veuillez indiquer depuis combien de temps vous attendez.,5,5,5,5,5
gemma2:9b,data_pmus_yaounde,q4_2_b,Agent_84,30 60 MIN,4,3,4,4,4
gemma2:9b,data_pmus_yaounde,q4_3,Agent_84,400,4,3,4,4,4
gemma2:9b,data_pmus_yaounde,q4_4,Agent_84,COURSES,4,3,4,4,4
gemma2:9b,data_pmus_yaounde,q4_4_autres,Agent_84,FAIRE DES ACHATS,4,3,4,4,4
gemma2:9b,data_pmus_yaounde,q5_1,Agent_84,MOINS DE 18 ANS,4,3,4,4,4
gemma2:9b,data_pmus_yaounde,q5_2,Agent_84,MOINS DE 30 000,4,3,4,4,4
gemma2:9b,data_pmus_yaounde,q5_3,Agent_84,HOMME,4,3,4,4,4
gemma2:9b,data_pmus_yaounde,centre ville,Agent_85,YAOUNDE,4,3,4,4,4
gemma2:9b,data_pmus_yaounde,q1_1,Agent_85,UN QUARTIER DE LA VILLE DE YAOUNDE,4,3,4,4,4
gemma2:9b,data_pmus_yaounde,q1_1_a,Agent_85,ABIT,4,3,4,4,4
gemma2:9b,data_pmus_yaounde,q1_1_b,Agent_85,CITYBILINGUAL,4,3,4,4,4
gemma2:9b,data_pmus_yaounde,q1_1_c,Agent_85,,2,1,2,1,3
gemma2:9b,data_pmus_yaounde,q1_2,Agent_85,UN QUARTIER DE LA VILLE DE YAOUNDE,4,3,4,4,4
gemma2:9b,data_pmus_yaounde,q1_2_a,Agent_85,ABOM,4,3,4,4,4
gemma2:9b,data_pmus_yaounde,q1_2_b,Agent_85,CITRON,4,3,4,4,4
gemma2:9b,data_pmus_yaounde,q1_3_c,Agent_85,,2,1,2,1,3
gemma2:9b,data_pmus_yaounde,q2_1,Agent_85,PAR BUS STACY,4,3,4,4,4
gemma2:9b,data_pmus_yaounde,q2_2_1,Agent_85,NOUVELLE ROUTE,4,3,4,4,4
gemma2:9b,data_pmus_yaounde,q2_2_2,Agent_85,NOUVELLE ROUTE,4,3,4,4,4
gemma2:9b,data_pmus_yaounde,q2_3_1,Agent_85,0LESOA,4,3,4,4,4
gemma2:9b,data_pmus_yaounde,q2_3_2,Agent_85,0NANA,4,3,4,4,4
gemma2:9b,data_pmus_yaounde,q2_3,Agent_85,NON,5,4,5,4,4
gemma2:9b,data_pmus_yaounde,q2_4,Agent_85,PAR BUS STACY,4,3,4,4,4
gemma2:9b,data_pmus_yaounde,q2_5_1,Agent_85,NKOA MBANG,4,3,4,4,4
gemma2:9b,data_pmus_yaounde,q2_5_2,Agent_85,0MPHINE,4,3,4,4,4
gemma2:9b,data_pmus_yaounde,q2_6_1,Agent_85,ONANA,4,3,4,4,4
gemma2:9b,data_pmus_yaounde,q2_6_2,Agent_85,11EME ARRET,4,3,4,4,4
gemma2:9b,data_pmus_yaounde,q3_1,Agent_85,NON,5,4,5,4,4
gemma2:9b,data_pmus_yaounde,q3_2,Agent_85,PAR BUS STACY,4,3,4,4,4
gemma2:9b,data_pmus_yaounde,q3_3_1,Agent_85,ACACIA,4,3,4,4,4
gemma2:9b,data_pmus_yaounde,q3_3_2,Agent_85,ACACIA,4,3,4,4,4
gemma2:9b,data_pmus_yaounde,q4_1_a,Agent_85,Veuillez indiquer depuis combien de temps vous attendez.,5,5,5,5,5
gemma2:9b,data_pmus_yaounde,q4_1_b,Agent_85,MOINS DE 5 MIN,4,3,4,4,4
gemma2:9b,data_pmus_yaounde,q4_2_a,Agent_85,Veuillez indiquer depuis combien de temps vous attendez.,5,5,5,5,5
gemma2:9b,data_pmus_yaounde,q4_2_b,Agent_85,30 60 MIN,4,3,4,4,4
gemma2:9b,data_pmus_yaounde,q4_3,Agent_85,2250,4,3,4,4,4
gemma2:9b,data_pmus_yaounde,q4_4,Agent_85,TRAVAIL,4,3,4,4,4
gemma2:9b,data_pmus_yaounde,q4_4_autres,Agent_85,ACHAT,4,3,4,4,4
gemma2:9b,data_pmus_yaounde,q5_1,Agent_85,ENTRE 18 ET 25 ANS,4,3,4,4,4
gemma2:9b,data_pmus_yaounde,q5_2,Agent_85,ENTRE 30 001 ET 100 000,4,3,4,4,4
gemma2:9b,data_pmus_yaounde,q5_3,Agent_85,FEMME,4,3,4,4,4
gemma2:9b,data_pmus_yaounde,centre ville,Agent_86,YAOUNDE,4,3,4,4,4
gemma2:9b,data_pmus_yaounde,q1_1,Agent_86,UN QUARTIER DE LA VILLE DE YAOUNDE,4,3,4,4,4
gemma2:9b,data_pmus_yaounde,q1_1_a,Agent_86,AWAE ESCALIER,4,3,4,4,4
gemma2:9b,data_pmus_yaounde,q1_1_b,Agent_86,NADA,4,3,4,4,4
gemma2:9b,data_pmus_yaounde,q1_1_c,Agent_86,,2,1,2,1,3
gemma2:9b,data_pmus_yaounde,q1_2,Agent_86,UN QUARTIER DE LA VILLE DE YAOUNDE,4,3,4,4,4
gemma2:9b,data_pmus_yaounde,q1_2_a,Agent_86,NKOA MBANG,4,3,4,4,4
gemma2:9b,data_pmus_yaounde,q1_2_b,Agent_86,NKOA MBANG,4,3,4,4,4
gemma2:9b,data_pmus_yaounde,q1_3_c,Agent_86,,2,1,2,1,3
gemma2:9b,data_pmus_yaounde,q2_1,Agent_86,A PIED,4,3,4,4,4
gemma2:9b,data_pmus_yaounde,q2_2_1,Agent_86,2 CHEVEAU,4,3,4,4,4
gemma2:9b,data_pmus_yaounde,q2_2_2,Agent_86,NKOA MBANG,4,3,4,4,4
gemma2:9b,data_pmus_yaounde,q2_3_1,Agent_86,NKOA MBANG,4,3,4,4,4
gemma2:9b,data_pmus_yaounde,q2_3_2,Agent_86,0NANA,4,3,4,4,4
gemma2:9b,data_pmus_yaounde,q2_3,Agent_86,NON,5,4,5,4,4
gemma2:9b,data_pmus_yaounde,q2_4,Agent_86,A PIED,4,3,4,4,4
gemma2:9b,data_pmus_yaounde,q2_5_1,Agent_86,NKOA MBANG,4,3,4,4,4
gemma2:9b,data_pmus_yaounde,q2_5_2,Agent_86,0MPHINE,4,3,4,4,4
gemma2:9b,data_pmus_yaounde,q2_6_1,Agent_86,ONANA,4,3,4,4,4
gemma2:9b,data_pmus_yaounde,q2_6_2,Agent_86,11EME ARRET,4,3,4,4,4
gemma2:9b,data_pmus_yaounde,q3_1,Agent_86,NON,5,4,5,4,4
gemma2:9b,data_pmus_yaounde,q3_2,Agent_86,A PIED,4,3,4,4,4
gemma2:9b,data_pmus_yaounde,q3_3_1,Agent_86,NKOA MBANG,4,3,4,4,4
gemma2:9b,data_pmus_yaounde,q3_3_2,Agent_86,NKOA MBANG,4,3,4,4,4
gemma2:9b,data_pmus_yaounde,q4_1_a,Agent_86,Veuillez indiquer depuis combien de temps vous attendez.,5,5,5,5,5
gemma2:9b,data_pmus_yaounde,q4_1_b,Agent_86,MOINS DE 5 MIN,4,3,4,4,4
gemma2:9b,data_pmus_yaounde,q4_2_a,Agent_86,Veuillez indiquer depuis combien de temps vous attendez.,5,5,5,5,5
gemma2:9b,data_pmus_yaounde,q4_2_b,Agent_86,30 60 MIN,4,3,4,4,4
gemma2:9b,data_pmus_yaounde,q4_3,Agent_86,2250,4,3,4,4,4
gemma2:9b,data_pmus_yaounde,q4_4,Agent_86,TRAVAIL,4,3,4,4,4
gemma2:9b,data_pmus_yaounde,q4_4_autres,Agent_86,ACHAT,4,3,4,4,4
gemma2:9b,data_pmus_yaounde,q5_1,Agent_86,ENTRE 18 ET 25 ANS,4,3,4,4,4
gemma2:9b,data_pmus_yaounde,q5_2,Agent_86,ENTRE 300 001 ET 500 000,4,3,4,4,4
gemma2:9b,data_pmus_yaounde,q5_3,Agent_86,FEMME,4,3,4,4,4
gemma2:9b,data_pmus_yaounde,centre ville,Agent_87,YAOUNDE,4,3,4,4,4
gemma2:9b,data_pmus_yaounde,q1_1,Agent_87,UN QUARTIER DE LA VILLE DE YAOUNDE,4,3,4,4,4
gemma2:9b,data_pmus_yaounde,q1_1_a,Agent_87,NKOZOA,4,3,4,4,4
gemma2:9b,data_pmus_yaounde,q1_1_b,Agent_87,NKOZOA,4,3,4,4,4
gemma2:9b,data_pmus_yaounde,q1_1_c,Agent_87,,2,1,2,1,3
gemma2:9b,data_pmus_yaounde,q1_2,Agent_87,UN QUARTIER DE LA VILLE DE YAOUNDE,4,3,4,4,4
gemma2:9b,data_pmus_yaounde,q1_2_a,Agent_87,ABOM,4,3,4,4,4
gemma2:9b,data_pmus_yaounde,q1_2_b,Agent_87,10 IEME ARRET,4,3,4,4,4
gemma2:9b,data_pmus_yaounde,q1_3_c,Agent_87,,2,1,2,1,3
gemma2:9b,data_pmus_yaounde,q2_1,Agent_87,A PIED,4,3,4,4,4
gemma2:9b,data_pmus_yaounde,q2_2_1,Agent_87,2 CHEVEAU,4,3,4,4,4
gemma2:9b,data_pmus_yaounde,q2_2_2,Agent_87,,2,1,2,1,3
gemma2:9b,data_pmus_yaounde,q2_3_1,Agent_87,CARREFOURE MEC,4,3,4,4,4
gemma2:9b,data_pmus_yaounde,q2_3_2,Agent_87,0NANA,4,3,4,4,4
gemma2:9b,data_pmus_yaounde,q2_3,Agent_87,NON,5,4,5,4,4
gemma2:9b,data_pmus_yaounde,q2_4,Agent_87,PAR BUS STACY,4,3,4,4,4
gemma2:9b,data_pmus_yaounde,q2_5_1,Agent_87,CARREFOUR BASTOS,4,3,4,4,4
gemma2:9b,data_pmus_yaounde,q2_5_2,Agent_87,0MPHINE,4,3,4,4,4
gemma2:9b,data_pmus_yaounde,q2_6_1,Agent_87,CARREFOUR,4,3,4,4,4
gemma2:9b,data_pmus_yaounde,q2_6_2,Agent_87,CARREFOUR,4,3,4,4,4
gemma2:9b,data_pmus_yaounde,q3_1,Agent_87,NON,5,4,5,4,4
gemma2:9b,data_pmus_yaounde,q3_2,Agent_87,A PIED,4,3,4,4,4
gemma2:9b,data_pmus_yaounde,q3_3_1,Agent_87,ACACIA,4,3,4,4,4
gemma2:9b,data_pmus_yaounde,q3_3_2,Agent_87,ACACIA,4,3,4,4,4
gemma2:9b,data_pmus_yaounde,q4_1_a,Agent_87,Veuillez indiquer depuis combien de temps vous attendez.,5,5,5,5,5
gemma2:9b,data_pmus_yaounde,q4_1_b,Agent_87,MOINS DE 5 MIN,4,3,4,4,4
gemma2:9b,data_pmus_yaounde,q4_2_a,Agent_87,Veuillez indiquer depuis combien de temps vous attendez.,5,5,5,5,5
gemma2:9b,data_pmus_yaounde,q4_2_b,Agent_87,30 60 MIN,4,3,4,4,4
gemma2:9b,data_pmus_yaounde,q4_3,Agent_87,200,4,3,4,4,4
gemma2:9b,data_pmus_yaounde,q4_4,Agent_87,TRAVAIL,4,3,4,4,4
gemma2:9b,data_pmus_yaounde,q4_4_autres,Agent_87,ACHAT,4,3,4,4,4
gemma2:9b,data_pmus_yaounde,q5_1,Agent_87,ENTRE 36 ET 45 ANS,4,3,4,4,4
gemma2:9b,data_pmus_yaounde,q5_2,Agent_87,ENTRE 300 001 ET 500 000,4,3,4,4,4
gemma2:9b,data_pmus_yaounde,q5_3,Agent_87,HOMME,4,3,4,4,4
gemma2:9b,data_pmus_yaounde,centre ville,Agent_88,YAOUNDE,4,3,4,4,4
gemma2:9b,data_pmus_yaounde,q1_1,Agent_88,UN QUARTIER DE LA VILLE DE YAOUNDE,4,3,4,4,4
gemma2:9b,data_pmus_yaounde,q1_1_a,Agent_88,ABIT,4,3,4,4,4
gemma2:9b,data_pmus_yaounde,q1_1_b,Agent_88,MONTAGNE MA VOISINE,4,3,4,4,4
gemma2:9b,data_pmus_yaounde,q1_1_c,Agent_88,,2,1,2,1,3
gemma2:9b,data_pmus_yaounde,q1_2,Agent_88,UN QUARTIER DE LA VILLE DE YAOUNDE,4,3,4,4,4
gemma2:9b,data_pmus_yaounde,q1_2_a,Agent_88,CITE VERTE,4,3,4,4,4
gemma2:9b,data_pmus_yaounde,q1_2_b,Agent_88,10 IEME ARRET,4,3,4,4,4
gemma2:9b,data_pmus_yaounde,q1_3_c,Agent_88,,2,1,2,1,3
gemma2:9b,data_pmus_yaounde,q2_1,Agent_88,A PIED,4,3,4,4,4
gemma2:9b,data_pmus_yaounde,q2_2_1,Agent_88,2 CHEVEAU,4,3,4,4,4
gemma2:9b,data_pmus_yaounde,q2_2_2,Agent_88,A PIED,4,3,4,4,4
gemma2:9b,data_pmus_yaounde,q2_3_1,Agent_88,CITE VERTE,4,3,4,4,4
gemma2:9b,data_pmus_yaounde,q2_3_2,Agent_88,0NANA,4,3,4,4,4
gemma2:9b,data_pmus_yaounde,q2_3,Agent_88,NON,5,4,5,4,4
gemma2:9b,data_pmus_yaounde,q2_4,Agent_88,PAR BUS STACY,4,3,4,4,4
gemma2:9b,data_pmus_yaounde,q2_5_1,Agent_88,MONTEE DES S URS,4,3,4,4,4
gemma2:9b,data_pmus_yaounde,q2_5_2,Agent_88,MONTEE DES S URS,4,3,4,4,4
gemma2:9b,data_pmus_yaounde,q2_6_1,Agent_88,ABATTOIR,4,3,4,4,4
gemma2:9b,data_pmus_yaounde,q2_6_2,Agent_88,11EME ARRET,4,3,4,4,4
gemma2:9b,data_pmus_yaounde,q3_1,Agent_88,NON,5,4,5,4,4
gemma2:9b,data_pmus_yaounde,q3_2,Agent_88,PAR BUS STACY,4,3,4,4,4
gemma2:9b,data_pmus_yaounde,q3_3_1,Agent_88,CITE VERTE,4,3,4,4,4
gemma2:9b,data_pmus_yaounde,q3_3_2,Agent_88,10 IEME ARRET,4,3,4,4,4
gemma2:9b,data_pmus_yaounde,q4_1_a,Agent_88,Veuillez indiquer depuis combien de temps vous attendez.,5,5,5,5,5
gemma2:9b,data_pmus_yaounde,q4_1_b,Agent_88,MOINS DE 5 MIN,4,3,4,4,4
gemma2:9b,data_pmus_yaounde,q4_2_a,Agent_88,Veuillez indiquer depuis combien de temps vous attendez.,5,5,5,5,5
gemma2:9b,data_pmus_yaounde,q4_2_b,Agent_88,30 60 MIN,4,3,4,4,4
gemma2:9b,data_pmus_yaounde,q4_3,Agent_88,500,4,3,4,4,4
gemma2:9b,data_pmus_yaounde,q4_4,Agent_88,TRAVAIL,4,3,4,4,4
gemma2:9b,data_pmus_yaounde,q4_4_autres,Agent_88,ACHAT,4,3,4,4,4
gemma2:9b,data_pmus_yaounde,q5_1,Agent_88,ENTRE 18 ET 25 ANS,4,3,4,4,4
gemma2:9b,data_pmus_yaounde,q5_2,Agent_88,ENTRE 300 001 ET 500 000,4,3,4,4,4
gemma2:9b,data_pmus_yaounde,q5_3,Agent_88,FEMME,4,3,4,4,4
gemma2:9b,data_pmus_yaounde,centre ville,Agent_89,YAOUNDE,4,3,4,4,4
gemma2:9b,data_pmus_yaounde,q1_1,Agent_89,UN QUARTIER DE LA VILLE DE YAOUNDE,4,3,4,4,4
gemma2:9b,data_pmus_yaounde,q1_1_a,Agent_89,ABIT,4,3,4,4,4
gemma2:9b,data_pmus_yaounde,q1_1_b,Agent_89,10EME ARRET,4,3,4,4,4
gemma2:9b,data_pmus_yaounde,q1_1_c,Agent_89,,2,1,2,1,3
gemma2:9b,data_pmus_yaounde,q1_2,Agent_89,UN QUARTIER DE LA VILLE DE YAOUNDE,4,3,4,4,4
gemma2:9b,data_pmus_yaounde,q1_2_a,Agent_89,MONATELE,4,3,4,4,4
gemma2:9b,data_pmus_yaounde,q1_2_b,Agent_89,10 IEME ARRET,4,3,4,4,4
gemma2:9b,data_pmus_yaounde,q1_3_c,Agent_89,,2,1,2,1,3
gemma2:9b,data_pmus_yaounde,q2_1,Agent_89,PAR TAXI,4,3,4,4,4
gemma2:9b,data_pmus_yaounde,q2_2_1,Agent_89,2 CHEVEAU,4,3,4,4,4
gemma2:9b,data_pmus_yaounde,q2_2_2,Agent_89,10 E ARRET,4,3,4,4,4
gemma2:9b,data_pmus_yaounde,q2_3_1,Agent_89,0LESOA,4,3,4,4,4
gemma2:9b,data_pmus_yaounde,q2_3_2,Agent_89,AUCUN,4,3,4,4,4
gemma2:9b,data_pmus_yaounde,q2_3,Agent_89,NON,5,4,5,4,4
gemma2:9b,data_pmus_yaounde,q2_4,Agent_89,PAR TAXI,4,3,4,4,4
gemma2:9b,data_pmus_yaounde,q2_5_1,Agent_89,LEBOUDI,4,3,4,4,4
gemma2:9b,data_pmus_yaounde,q2_5_2,Agent_89,0MPHINE,4,3,4,4,4
gemma2:9b,data_pmus_yaounde,q2_6_1,Agent_89,ABATTOIR,4,3,4,4,4
gemma2:9b,data_pmus_yaounde,q2_6_2,Agent_89,11EME ARRET,4,3,4,4,4
gemma2:9b,data_pmus_yaounde,q3_1,Agent_89,NON,5,4,5,4,4
gemma2:9b,data_pmus_yaounde,q3_2,Agent_89,PAR TAXI,4,3,4,4,4
gemma2:9b,data_pmus_yaounde,q3_3_1,Agent_89,LEBOUDI,4,3,4,4,4
gemma2:9b,data_pmus_yaounde,q3_3_2,Agent_89,10 IEME ARRET,4,3,4,4,4
gemma2:9b,data_pmus_yaounde,q4_1_a,Agent_89,Veuillez indiquer depuis combien de temps vous attendez.,5,5,5,5,5
gemma2:9b,data_pmus_yaounde,q4_1_b,Agent_89,MOINS DE 5 MIN,4,3,4,4,4
gemma2:9b,data_pmus_yaounde,q4_2_a,Agent_89,Veuillez indiquer depuis combien de temps vous attendez.,5,5,5,5,5
gemma2:9b,data_pmus_yaounde,q4_2_b,Agent_89,30 60 MIN,4,3,4,4,4
gemma2:9b,data_pmus_yaounde,q4_3,Agent_89,3800,4,3,4,4,4
gemma2:9b,data_pmus_yaounde,q4_4,Agent_89,TRAVAIL,4,3,4,4,4
gemma2:9b,data_pmus_yaounde,q4_4_autres,Agent_89,ACHAT,4,3,4,4,4
gemma2:9b,data_pmus_yaounde,q5_1,Agent_89,ENTRE 36 ET 45 ANS,4,3,4,4,4
gemma2:9b,data_pmus_yaounde,q5_2,Agent_89,ENTRE 30 001 ET 100 000,4,3,4,4,4
gemma2:9b,data_pmus_yaounde,q5_3,Agent_89,HOMME,4,3,4,4,4
gemma2:9b,data_pmus_yaounde,centre ville,Agent_90,YAOUNDE,4,3,4,4,4
gemma2:9b,data_pmus_yaounde,q1_1,Agent_90,UN QUARTIER DE LA VILLE DE YAOUNDE,4,3,4,4,4
gemma2:9b,data_pmus_yaounde,q1_1_a,Agent_90,ELIG ESSONO,4,3,4,4,4
gemma2:9b,data_pmus_yaounde,q1_1_b,Agent_90,10EME ARRET,4,3,4,4,4
gemma2:9b,data_pmus_yaounde,q1_1_c,Agent_90,NKOASSI,4,3,4,4,4
gemma2:9b,data_pmus_yaounde,q1_2,Agent_90,UN QUARTIER DE LA VILLE DE YAOUNDE,4,3,4,4,4
gemma2:9b,data_pmus_yaounde,q1_2_a,Agent_90,ELIG ESSONO,4,3,4,4,4
gemma2:9b,data_pmus_yaounde,q1_2_b,Agent_90,10 IEME ARRET,4,3,4,4,4
gemma2:9b,data_pmus_yaounde,q1_3_c,Agent_90,AFANOYA,4,3,4,4,4
gemma2:9b,data_pmus_yaounde,q2_1,Agent_90,A PIED,4,3,4,4,4
gemma2:9b,data_pmus_yaounde,q2_2_1,Agent_90,MOTO,4,3,4,4,4
gemma2:9b,data_pmus_yaounde,q2_2_2,Agent_90,10 E ARRET,4,3,4,4,4
gemma2:9b,data_pmus_yaounde,q2_3_1,Agent_90,,2,1,2,1,3
gemma2:9b,data_pmus_yaounde,q2_3_2,Agent_90,,2,1,2,1,3
gemma2:9b,data_pmus_yaounde,q2_3,Agent_90,NON,5,4,5,4,4
gemma2:9b,data_pmus_yaounde,q2_4,Agent_90,A PIED,4,3,4,4,4
gemma2:9b,data_pmus_yaounde,q2_5_1,Agent_90,,2,1,2,1,3
gemma2:9b,data_pmus_yaounde,q2_5_2,Agent_90,,2,1,2,1,3
gemma2:9b,data_pmus_yaounde,q2_6_1,Agent_90,,2,1,2,1,3
gemma2:9b,data_pmus_yaounde,q2_6_2,Agent_90,,2,1,2,1,3
gemma2:9b,data_pmus_yaounde,q3_1,Agent_90,NON,5,4,5,4,4
gemma2:9b,data_pmus_yaounde,q3_2,Agent_90,A PIED,4,3,4,4,4
gemma2:9b,data_pmus_yaounde,q3_3_1,Agent_90,,2,1,2,1,3
gemma2:9b,data_pmus_yaounde,q3_3_2,Agent_90,,2,1,2,1,3
gemma2:9b,data_pmus_yaounde,q4_1_a,Agent_90,Veuillez indiquer depuis combien de temps vous attendez.,5,5,5,5,5
gemma2:9b,data_pmus_yaounde,q4_1_b,Agent_90,MOINS DE 5 MIN,4,3,4,4,4
gemma2:9b,data_pmus_yaounde,q4_2_a,Agent_90,Veuillez indiquer depuis combien de temps vous attendez.,5,5,5,5,5
gemma2:9b,data_pmus_yaounde,q4_2_b,Agent_90,MOINS DE 15 MIN,4,3,4,4,4
gemma2:9b,data_pmus_yaounde,q4_3,Agent_90,1700,4,3,4,4,4
gemma2:9b,data_pmus_yaounde,q4_4,Agent_90,VISITE FAMILLE,4,3,4,4,4
gemma2:9b,data_pmus_yaounde,q4_4_autres,Agent_90,ACHAT,4,3,4,4,4
gemma2:9b,data_pmus_yaounde,q5_1,Agent_90,ENTRE 26 ET 35 ANS,4,3,4,4,4
gemma2:9b,data_pmus_yaounde,q5_2,Agent_90,ENTRE 30 001 ET 100 000,4,3,4,4,4
gemma2:9b,data_pmus_yaounde,q5_3,Agent_90,FEMME,4,3,4,4,4
gemma2:9b,data_pmus_yaounde,centre ville,Agent_91,YAOUNDE,4,3,4,4,4
gemma2:9b,data_pmus_yaounde,q1_1,Agent_91,UN QUARTIER DE LA VILLE DE YAOUNDE,4,3,4,4,4
gemma2:9b,data_pmus_yaounde,q1_1_a,Agent_91,ABIT,4,3,4,4,4
gemma2:9b,data_pmus_yaounde,q1_1_b,Agent_91,10EME ARRET,4,3,4,4,4
gemma2:9b,data_pmus_yaounde,q1_1_c,Agent_91,,2,1,2,1,3
gemma2:9b,data_pmus_yaounde,q1_2,Agent_91,UN QUARTIER DE LA VILLE DE YAOUNDE,4,3,4,4,4
gemma2:9b,data_pmus_yaounde,q1_2_a,Agent_91,ABOM,4,3,4,4,4
gemma2:9b,data_pmus_yaounde,q1_2_b,Agent_91,,2,1,2,1,3
gemma2:9b,data_pmus_yaounde,q1_3_c,Agent_91,,2,1,2,1,3
gemma2:9b,data_pmus_yaounde,q2_1,Agent_91,A PIED,4,3,4,4,4
gemma2:9b,data_pmus_yaounde,q2_2_1,Agent_91,,2,1,2,1,3
gemma2:9b,data_pmus_yaounde,q2_2_2,Agent_91,,2,1,2,1,3
gemma2:9b,data_pmus_yaounde,q2_3_1,Agent_91,,2,1,2,1,3
gemma2:9b,data_pmus_yaounde,q2_3_2,Agent_91,,2,1,2,1,3
gemma2:9b,data_pmus_yaounde,q2_3,Agent_91,NON,5,4,5,4,4
gemma2:9b,data_pmus_yaounde,q2_4,Agent_91,A PIED,4,3,4,4,4
gemma2:9b,data_pmus_yaounde,q2_5_1,Agent_91,,2,1,2,1,3
gemma2:9b,data_pmus_yaounde,q2_5_2,Agent_91,,2,1,2,1,3
gemma2:9b,data_pmus_yaounde,q2_6_1,Agent_91,,2,1,2,1,3
gemma2:9b,data_pmus_yaounde,q2_6_2,Agent_91,,2,1,2,1,3
gemma2:9b,data_pmus_yaounde,q3_1,Agent_91,NON,5,4,5,4,4
gemma2:9b,data_pmus_yaounde,q3_2,Agent_91,A PIED,4,3,4,4,4
gemma2:9b,data_pmus_yaounde,q3_3_1,Agent_91,,2,1,2,1,3
gemma2:9b,data_pmus_yaounde,q3_3_2,Agent_91,,2,1,2,1,3
gemma2:9b,data_pmus_yaounde,q4_1_a,Agent_91,Veuillez indiquer depuis combien de temps vous attendez.,5,5,5,5,5
gemma2:9b,data_pmus_yaounde,q4_1_b,Agent_91,MOINS DE 5 MIN,4,3,4,4,4
gemma2:9b,data_pmus_yaounde,q4_2_a,Agent_91,Veuillez indiquer depuis combien de temps vous attendez.,5,5,5,5,5
gemma2:9b,data_pmus_yaounde,q4_2_b,Agent_91,30 60 MIN,4,3,4,4,4
gemma2:9b,data_pmus_yaounde,q4_3,Agent_91,150,4,3,4,4,4
gemma2:9b,data_pmus_yaounde,q4_4,Agent_91,ACTIVIT S DE LOISIRS,4,3,4,4,4
gemma2:9b,data_pmus_yaounde,q4_4_autres,Agent_91,ACHAT,4,3,4,4,4
gemma2:9b,data_pmus_yaounde,q5_1,Agent_91,ENTRE 26 ET 35 ANS,4,3,4,4,4
gemma2:9b,data_pmus_yaounde,q5_2,Agent_91,ENTRE 30 001 ET 100 000,4,3,4,4,4
gemma2:9b,data_pmus_yaounde,q5_3,Agent_91,HOMME,4,3,4,4,4
gemma2:9b,data_pmus_yaounde,centre ville,Agent_92,YAOUNDE,4,3,4,4,4
gemma2:9b,data_pmus_yaounde,q1_1,Agent_92,UN QUARTIER DE LA VILLE DE YAOUNDE,4,3,4,4,4
gemma2:9b,data_pmus_yaounde,q1_1_a,Agent_92,ABIT,4,3,4,4,4
gemma2:9b,data_pmus_yaounde,q1_1_b,Agent_92,10EME ARRET,4,3,4,4,4
gemma2:9b,data_pmus_yaounde,q1_1_c,Agent_92,,2,1,2,1,3
gemma2:9b,data_pmus_yaounde,q1_2,Agent_92,UN QUARTIER DE LA VILLE DE YAOUNDE,4,3,4,4,4
gemma2:9b,data_pmus_yaounde,q1_2_a,Agent_92,ABOM,4,3,4,4,4
gemma2:9b,data_pmus_yaounde,q1_2_b,Agent_92,10 IEME ARRET,4,3,4,4,4
gemma2:9b,data_pmus_yaounde,q1_3_c,Agent_92,,2,1,2,1,3
gemma2:9b,data_pmus_yaounde,q2_1,Agent_92,A PIED,4,3,4,4,4
gemma2:9b,data_pmus_yaounde,q2_2_1,Agent_92,CANSONEL,4,3,4,4,4
gemma2:9b,data_pmus_yaounde,q2_2_2,Agent_92,CAMPSONEL,4,3,4,4,4
gemma2:9b,data_pmus_yaounde,q2_3_1,Agent_92,SONEL,4,3,4,4,4
gemma2:9b,data_pmus_yaounde,q2_3_2,Agent_92,SONEL,4,3,4,4,4
gemma2:9b,data_pmus_yaounde,q2_3,Agent_92,NON,5,4,5,4,4
gemma2:9b,data_pmus_yaounde,q2_4,Agent_92,PAR BUS STACY,4,3,4,4,4
gemma2:9b,data_pmus_yaounde,q2_5_1,Agent_92,A B0NAS,4,3,4,4,4
gemma2:9b,data_pmus_yaounde,q2_5_2,Agent_92,0MPHINE,4,3,4,4,4
gemma2:9b,data_pmus_yaounde,q2_6_1,Agent_92,ABATTOIR,4,3,4,4,4
gemma2:9b,data_pmus_yaounde,q2_6_2,Agent_92,CAMP SONEL,4,3,4,4,4
gemma2:9b,data_pmus_yaounde,q3_1,Agent_92,NON,5,4,5,4,4
gemma2:9b,data_pmus_yaounde,q3_2,Agent_92,A PIED,4,3,4,4,4
gemma2:9b,data_pmus_yaounde,q3_3_1,Agent_92,ACACIA,4,3,4,4,4
gemma2:9b,data_pmus_yaounde,q3_3_2,Agent_92,CAMP SONEL,4,3,4,4,4
gemma2:9b,data_pmus_yaounde,q4_1_a,Agent_92,Veuillez indiquer depuis combien de temps vous attendez.,5,5,5,5,5
gemma2:9b,data_pmus_yaounde,q4_1_b,Agent_92,MOINS DE 5 MIN,4,3,4,4,4
gemma2:9b,data_pmus_yaounde,q4_2_a,Agent_92,Veuillez indiquer depuis combien de temps vous attendez.,5,5,5,5,5
gemma2:9b,data_pmus_yaounde,q4_2_b,Agent_92,30 60 MIN,4,3,4,4,4
gemma2:9b,data_pmus_yaounde,q4_3,Agent_92,3500,4,3,4,4,4
gemma2:9b,data_pmus_yaounde,q4_4,Agent_92,ACTIVIT S DE LOISIRS,4,3,4,4,4
gemma2:9b,data_pmus_yaounde,q4_4_autres,Agent_92,ACHAT,4,3,4,4,4
gemma2:9b,data_pmus_yaounde,q5_1,Agent_92,ENTRE 18 ET 25 ANS,4,3,4,4,4
gemma2:9b,data_pmus_yaounde,q5_2,Agent_92,MOINS DE 30 000,4,3,4,4,4
gemma2:9b,data_pmus_yaounde,q5_3,Agent_92,FEMME,4,3,4,4,4
gemma2:9b,data_pmus_yaounde,centre ville,Agent_93,YAOUNDE,4,3,4,4,4
gemma2:9b,data_pmus_yaounde,q1_1,Agent_93,UN QUARTIER DE LA VILLE DE YAOUNDE,4,3,4,4,4
gemma2:9b,data_pmus_yaounde,q1_1_a,Agent_93,ABIT,4,3,4,4,4
gemma2:9b,data_pmus_yaounde,q1_1_b,Agent_93,10EME ARRET,4,3,4,4,4
gemma2:9b,data_pmus_yaounde,q1_1_c,Agent_93,,2,1,2,1,3
gemma2:9b,data_pmus_yaounde,q1_2,Agent_93,UN QUARTIER DE LA VILLE DE YAOUNDE,4,3,4,4,4
gemma2:9b,data_pmus_yaounde,q1_2_a,Agent_93,ABOM,4,3,4,4,4
gemma2:9b,data_pmus_yaounde,q1_2_b,Agent_93,10 IEME ARRET,4,3,4,4,4
gemma2:9b,data_pmus_yaounde,q1_3_c,Agent_93,,2,1,2,1,3
gemma2:9b,data_pmus_yaounde,q2_1,Agent_93,A PIED,4,3,4,4,4
gemma2:9b,data_pmus_yaounde,q2_2_1,Agent_93,,2,1,2,1,3
gemma2:9b,data_pmus_yaounde,q2_2_2,Agent_93,,2,1,2,1,3
gemma2:9b,data_pmus_yaounde,q2_3_1,Agent_93,,2,1,2,1,3
gemma2:9b,data_pmus_yaounde,q2_3_2,Agent_93,A PIED,4,3,4,4,4
gemma2:9b,data_pmus_yaounde,q2_3,Agent_93,NON,5,4,5,4,4
gemma2:9b,data_pmus_yaounde,q2_4,Agent_93,A PIED,4,3,4,4,4
gemma2:9b,data_pmus_yaounde,q2_5_1,Agent_93,,2,1,2,1,3
gemma2:9b,data_pmus_yaounde,q2_5_2,Agent_93,,2,1,2,1,3
gemma2:9b,data_pmus_yaounde,q2_6_1,Agent_93,,2,1,2,1,3
gemma2:9b,data_pmus_yaounde,q2_6_2,Agent_93,,2,1,2,1,3
gemma2:9b,data_pmus_yaounde,q3_1,Agent_93,NON,5,4,5,4,4
gemma2:9b,data_pmus_yaounde,q3_2,Agent_93,A PIED,4,3,4,4,4
gemma2:9b,data_pmus_yaounde,q3_3_1,Agent_93,,2,1,2,1,3
gemma2:9b,data_pmus_yaounde,q3_3_2,Agent_93,,2,1,2,1,3
gemma2:9b,data_pmus_yaounde,q4_1_a,Agent_93,Veuillez indiquer depuis combien de temps vous attendez.,5,5,5,5,5
gemma2:9b,data_pmus_yaounde,q4_1_b,Agent_93,MOINS DE 5 MIN,4,3,4,4,4
gemma2:9b,data_pmus_yaounde,q4_2_a,Agent_93,Veuillez indiquer depuis combien de temps vous attendez.,5,5,5,5,5
gemma2:9b,data_pmus_yaounde,q4_2_b,Agent_93,30 60 MIN,4,3,4,4,4
gemma2:9b,data_pmus_yaounde,q4_3,Agent_93,900,4,3,4,4,4
gemma2:9b,data_pmus_yaounde,q4_4,Agent_93,VISITE FAMILLE,4,3,4,4,4
gemma2:9b,data_pmus_yaounde,q4_4_autres,Agent_93,ACHAT,4,3,4,4,4
gemma2:9b,data_pmus_yaounde,q5_1,Agent_93,ENTRE 55ANS ET 64 ANS,4,3,4,4,4
gemma2:9b,data_pmus_yaounde,q5_2,Agent_93,ENTRE 300 001 ET 500 000,4,3,4,4,4
gemma2:9b,data_pmus_yaounde,q5_3,Agent_93,FEMME,4,3,4,4,4
gemma2:9b,data_pmus_yaounde,centre ville,Agent_94,YAOUNDE,4,3,4,4,4
gemma2:9b,data_pmus_yaounde,q1_1,Agent_94,UN QUARTIER DE LA VILLE DE YAOUNDE,4,3,4,4,4
gemma2:9b,data_pmus_yaounde,q1_1_a,Agent_94,ABIT,4,3,4,4,4
gemma2:9b,data_pmus_yaounde,q1_1_b,Agent_94,10EME ARRET,4,3,4,4,4
gemma2:9b,data_pmus_yaounde,q1_1_c,Agent_94,,2,1,2,1,3
gemma2:9b,data_pmus_yaounde,q1_2,Agent_94,UN QUARTIER DE LA VILLE DE YAOUNDE,4,3,4,4,4
gemma2:9b,data_pmus_yaounde,q1_2_a,Agent_94,ABOM,4,3,4,4,4
gemma2:9b,data_pmus_yaounde,q1_2_b,Agent_94,NKOA MBANG,4,3,4,4,4
gemma2:9b,data_pmus_yaounde,q1_3_c,Agent_94,,2,1,2,1,3
gemma2:9b,data_pmus_yaounde,q2_1,Agent_94,PAR BUS STACY,4,3,4,4,4
gemma2:9b,data_pmus_yaounde,q2_2_1,Agent_94,NKOA MBANG,4,3,4,4,4
gemma2:9b,data_pmus_yaounde,q2_2_2,Agent_94,NKOA MBANG,4,3,4,4,4
gemma2:9b,data_pmus_yaounde,q2_3_1,Agent_94,NKOA MBANG,4,3,4,4,4
gemma2:9b,data_pmus_yaounde,q2_3_2,Agent_94,NKOA MBANG,4,3,4,4,4
gemma2:9b,data_pmus_yaounde,q2_3,Agent_94,NON,5,4,5,4,4
gemma2:9b,data_pmus_yaounde,q2_4,Agent_94,PAR BUS STACY,4,3,4,4,4
gemma2:9b,data_pmus_yaounde,q2_5_1,Agent_94,NKOA MBANG,4,3,4,4,4
gemma2:9b,data_pmus_yaounde,q2_5_2,Agent_94,0MPHINE,4,3,4,4,4
gemma2:9b,data_pmus_yaounde,q2_6_1,Agent_94,NKOA MBANG,4,3,4,4,4
gemma2:9b,data_pmus_yaounde,q2_6_2,Agent_94,11EME ARRET,4,3,4,4,4
gemma2:9b,data_pmus_yaounde,q3_1,Agent_94,NON,5,4,5,4,4
gemma2:9b,data_pmus_yaounde,q3_2,Agent_94,PAR BUS STACY,4,3,4,4,4
gemma2:9b,data_pmus_yaounde,q3_3_1,Agent_94,NKOA MBANG,4,3,4,4,4
gemma2:9b,data_pmus_yaounde,q3_3_2,Agent_94,NKOA MBANG,4,3,4,4,4
gemma2:9b,data_pmus_yaounde,q4_1_a,Agent_94,Veuillez indiquer depuis combien de temps vous attendez.,5,5,5,5,5
gemma2:9b,data_pmus_yaounde,q4_1_b,Agent_94,MOINS DE 5 MIN,4,3,4,4,4
gemma2:9b,data_pmus_yaounde,q4_2_a,Agent_94,Veuillez indiquer depuis combien de temps vous attendez.,5,5,5,5,5
gemma2:9b,data_pmus_yaounde,q4_2_b,Agent_94,30 60 MIN,4,3,4,4,4
gemma2:9b,data_pmus_yaounde,q4_3,Agent_94,1950,4,3,4,4,4
gemma2:9b,data_pmus_yaounde,q4_4,Agent_94,VISITE FAMILLE,4,3,4,4,4
gemma2:9b,data_pmus_yaounde,q4_4_autres,Agent_94,ACHAT,4,3,4,4,4
gemma2:9b,data_pmus_yaounde,q5_1,Agent_94,ENTRE 18 ET 25 ANS,4,3,4,4,4
gemma2:9b,data_pmus_yaounde,q5_2,Agent_94,ENTRE 30 001 ET 100 000,4,3,4,4,4
gemma2:9b,data_pmus_yaounde,q5_3,Agent_94,FEMME,4,3,4,4,4
gemma2:9b,data_pmus_yaounde,centre ville,Agent_95,YAOUNDE,4,3,4,4,4
gemma2:9b,data_pmus_yaounde,q1_1,Agent_95,UN QUARTIER DE LA VILLE DE YAOUNDE,4,3,4,4,4
gemma2:9b,data_pmus_yaounde,q1_1_a,Agent_95,ABIT,4,3,4,4,4
gemma2:9b,data_pmus_yaounde,q1_1_b,Agent_95,QUARTIER GENERAL,4,3,4,4,4
gemma2:9b,data_pmus_yaounde,q1_1_c,Agent_95,AFANOYA,4,3,4,4,4
gemma2:9b,data_pmus_yaounde,q1_2,Agent_95,UN QUARTIER DE LA VILLE DE YAOUNDE,4,3,4,4,4
gemma2:9b,data_pmus_yaounde,q1_2_a,Agent_95,ABOM,4,3,4,4,4
gemma2:9b,data_pmus_yaounde,q1_2_b,Agent_95,YOKAFO,4,3,4,4,4
gemma2:9b,data_pmus_yaounde,q1_3_c,Agent_95,YAOUNDE,4,3,4,4,4
gemma2:9b,data_pmus_yaounde,q2_1,Agent_95,A PIED,4,3,4,4,4
gemma2:9b,data_pmus_yaounde,q2_2_1,Agent_95,AU BRASSERI,4,3,4,4,4
gemma2:9b,data_pmus_yaounde,q2_2_2,Agent_95,10 E ARRET,4,3,4,4,4
gemma2:9b,data_pmus_yaounde,q2_3_1,Agent_95,0LESOA,4,3,4,4,4
gemma2:9b,data_pmus_yaounde,q2_3_2,Agent_95,0NANA,4,3,4,4,4
gemma2:9b,data_pmus_yaounde,q2_3,Agent_95,NON,5,4,5,4,4
gemma2:9b,data_pmus_yaounde,q2_4,Agent_95,PAR BUS STACY,4,3,4,4,4
gemma2:9b,data_pmus_yaounde,q2_5_1,Agent_95,FOURGEROLLES,4,3,4,4,4
gemma2:9b,data_pmus_yaounde,q2_5_2,Agent_95,FOURGEROLLES,4,3,4,4,4
gemma2:9b,data_pmus_yaounde,q2_6_1,Agent_95,ONANA,4,3,4,4,4
gemma2:9b,data_pmus_yaounde,q2_6_2,Agent_95,11EME ARRET,4,3,4,4,4
gemma2:9b,data_pmus_yaounde,q3_1,Agent_95,NON,5,4,5,4,4
gemma2:9b,data_pmus_yaounde,q3_2,Agent_95,A PIED,4,3,4,4,4
gemma2:9b,data_pmus_yaounde,q3_3_1,Agent_95,FOURGEROLLES,4,3,4,4,4
gemma2:9b,data_pmus_yaounde,q3_3_2,Agent_95,FOURGEROLLES,4,3,4,4,4
gemma2:9b,data_pmus_yaounde,q4_1_a,Agent_95,Veuillez indiquer depuis combien de temps vous attendez.,5,5,5,5,5
gemma2:9b,data_pmus_yaounde,q4_1_b,Agent_95,MOINS DE 5 MIN,4,3,4,4,4
gemma2:9b,data_pmus_yaounde,q4_2_a,Agent_95,Veuillez indiquer depuis combien de temps vous attendez.,5,5,5,5,5
gemma2:9b,data_pmus_yaounde,q4_2_b,Agent_95,30 60 MIN,4,3,4,4,4
gemma2:9b,data_pmus_yaounde,q4_3,Agent_95,1200,4,3,4,4,4
gemma2:9b,data_pmus_yaounde,q4_4,Agent_95,COURSES,4,3,4,4,4
gemma2:9b,data_pmus_yaounde,q4_4_autres,Agent_95,FAIRE DES ACHATS,4,3,4,4,4
gemma2:9b,data_pmus_yaounde,q5_1,Agent_95,ENTRE 18 ET 25 ANS,4,3,4,4,4
gemma2:9b,data_pmus_yaounde,q5_2,Agent_95,MOINS DE 30 000,4,3,4,4,4
gemma2:9b,data_pmus_yaounde,q5_3,Agent_95,HOMME,4,3,4,4,4
gemma2:9b,data_pmus_yaounde,centre ville,Agent_96,YAOUNDE,4,3,4,4,4
gemma2:9b,data_pmus_yaounde,q1_1,Agent_96,UN QUARTIER DE LA VILLE DE YAOUNDE,4,3,4,4,4
gemma2:9b,data_pmus_yaounde,q1_1_a,Agent_96,ABIT,4,3,4,4,4
gemma2:9b,data_pmus_yaounde,q1_1_b,Agent_96,10EME ARRET,4,3,4,4,4
gemma2:9b,data_pmus_yaounde,q1_1_c,Agent_96,AFANOYA,4,3,4,4,4
gemma2:9b,data_pmus_yaounde,q1_2,Agent_96,UN QUARTIER DE LA VILLE DE YAOUNDE,4,3,4,4,4
gemma2:9b,data_pmus_yaounde,q1_2_a,Agent_96,NKONDENGUI,4,3,4,4,4
gemma2:9b,data_pmus_yaounde,q1_2_b,Agent_96,10 IEME ARRET,4,3,4,4,4
gemma2:9b,data_pmus_yaounde,q1_3_c,Agent_96,,2,1,2,1,3
gemma2:9b,data_pmus_yaounde,q2_1,Agent_96,A PIED,4,3,4,4,4
gemma2:9b,data_pmus_yaounde,q2_2_1,Agent_96,,2,1,2,1,3
gemma2:9b,data_pmus_yaounde,q2_2_2,Agent_96,,2,1,2,1,3
gemma2:9b,data_pmus_yaounde,q2_3_1,Agent_96,,2,1,2,1,3
gemma2:9b,data_pmus_yaounde,q2_3_2,Agent_96,,2,1,2,1,3
gemma2:9b,data_pmus_yaounde,q2_3,Agent_96,NON,5,4,5,4,4
gemma2:9b,data_pmus_yaounde,q2_4,Agent_96,A PIED,4,3,4,4,4
gemma2:9b,data_pmus_yaounde,q2_5_1,Agent_96,,2,1,2,1,3
gemma2:9b,data_pmus_yaounde,q2_5_2,Agent_96,,2,1,2,1,3
gemma2:9b,data_pmus_yaounde,q2_6_1,Agent_96,,2,1,2,1,3
gemma2:9b,data_pmus_yaounde,q2_6_2,Agent_96,,2,1,2,1,3
gemma2:9b,data_pmus_yaounde,q3_1,Agent_96,NON,5,4,5,4,4
gemma2:9b,data_pmus_yaounde,q3_2,Agent_96,A PIED,4,3,4,4,4
gemma2:9b,data_pmus_yaounde,q3_3_1,Agent_96,,2,1,2,1,3
gemma2:9b,data_pmus_yaounde,q3_3_2,Agent_96,,2,1,2,1,3
gemma2:9b,data_pmus_yaounde,q4_1_a,Agent_96,Veuillez indiquer depuis combien de temps vous attendez.,5,5,5,5,5
gemma2:9b,data_pmus_yaounde,q4_1_b,Agent_96,MOINS DE 5 MIN,4,3,4,4,4
gemma2:9b,data_pmus_yaounde,q4_2_a,Agent_96,Veuillez indiquer depuis combien de temps vous attendez.,5,5,5,5,5
gemma2:9b,data_pmus_yaounde,q4_2_b,Agent_96,30 60 MIN,4,3,4,4,4
gemma2:9b,data_pmus_yaounde,q4_3,Agent_96,200,4,3,4,4,4
gemma2:9b,data_pmus_yaounde,q4_4,Agent_96,D MARCHES ADMINISTRATIVES ET OU SANT,4,3,4,4,4
gemma2:9b,data_pmus_yaounde,q4_4_autres,Agent_96,ACHAT,4,3,4,4,4
gemma2:9b,data_pmus_yaounde,q5_1,Agent_96,MOINS DE 18 ANS,4,3,4,4,4
gemma2:9b,data_pmus_yaounde,q5_2,Agent_96,MOINS DE 30 000,4,3,4,4,4
gemma2:9b,data_pmus_yaounde,q5_3,Agent_96,HOMME,4,3,4,4,4
gemma2:9b,data_pmus_yaounde,centre ville,Agent_97,YAOUNDE,4,3,4,4,4
gemma2:9b,data_pmus_yaounde,q1_1,Agent_97,UN QUARTIER DE LA VILLE DE YAOUNDE,4,3,4,4,4
gemma2:9b,data_pmus_yaounde,q1_1_a,Agent_97,ABIT,4,3,4,4,4
gemma2:9b,data_pmus_yaounde,q1_1_b,Agent_97,ENTRE CHAMPS DE TIR,4,3,4,4,4
gemma2:9b,data_pmus_yaounde,q1_1_c,Agent_97,,2,1,2,1,3
gemma2:9b,data_pmus_yaounde,q1_2,Agent_97,UN QUARTIER DE LA VILLE DE YAOUNDE,4,3,4,4,4
gemma2:9b,data_pmus_yaounde,q1_2_a,Agent_97,ABOM,4,3,4,4,4
gemma2:9b,data_pmus_yaounde,q1_2_b,Agent_97,10 IEME ARRET,4,3,4,4,4
gemma2:9b,data_pmus_yaounde,q1_3_c,Agent_97,,2,1,2,1,3
gemma2:9b,data_pmus_yaounde,q2_1,Agent_97,A PIED,4,3,4,4,4
gemma2:9b,data_pmus_yaounde,q2_2_1,Agent_97,AU NIVEAU DE CARREFOUR BANANE,4,3,4,4,4
gemma2:9b,data_pmus_yaounde,q2_2_2,Agent_97,10 E ARRET,4,3,4,4,4
gemma2:9b,data_pmus_yaounde,q2_3_1,Agent_97,0LESOA,4,3,4,4,4
gemma2:9b,data_pmus_yaounde,q2_3_2,Agent_97,AUCUN,4,3,4,4,4
gemma2:9b,data_pmus_yaounde,q2_3,Agent_97,NON,5,4,5,4,4
gemma2:9b,data_pmus_yaounde,q2_4,Agent_97,PAR BUS STACY,4,3,4,4,4
gemma2:9b,data_pmus_yaounde,q2_5_1,Agent_97,A B0NAS,4,3,4,4,4
gemma2:9b,data_pmus_yaounde,q2_5_2,Agent_97,0MPHINE,4,3,4,4,4
gemma2:9b,data_pmus_yaounde,q2_6_1,Agent_97,ABATTOIR,4,3,4,4,4
gemma2:9b,data_pmus_yaounde,q2_6_2,Agent_97,11EME ARRET,4,3,4,4,4
gemma2:9b,data_pmus_yaounde,q3_1,Agent_97,NON,5,4,5,4,4
gemma2:9b,data_pmus_yaounde,q3_2,Agent_97,A PIED,4,3,4,4,4
gemma2:9b,data_pmus_yaounde,q3_3_1,Agent_97,ACACIA,4,3,4,4,4
gemma2:9b,data_pmus_yaounde,q3_3_2,Agent_97,ENTREE WAGUEE,4,3,4,4,4
gemma2:9b,data_pmus_yaounde,q4_1_a,Agent_97,Veuillez indiquer depuis combien de temps vous attendez.,5,5,5,5,5
gemma2:9b,data_pmus_yaounde,q4_1_b,Agent_97,MOINS DE 5 MIN,4,3,4,4,4
gemma2:9b,data_pmus_yaounde,q4_2_a,Agent_97,Veuillez indiquer depuis combien de temps vous attendez.,5,5,5,5,5
gemma2:9b,data_pmus_yaounde,q4_2_b,Agent_97,30 60 MIN,4,3,4,4,4
gemma2:9b,data_pmus_yaounde,q4_3,Agent_97,1650,4,3,4,4,4
gemma2:9b,data_pmus_yaounde,q4_4,Agent_97,VISITE FAMILLE,4,3,4,4,4
gemma2:9b,data_pmus_yaounde,q4_4_autres,Agent_97,ACHAT,4,3,4,4,4
gemma2:9b,data_pmus_yaounde,q5_1,Agent_97,ENTRE 18 ET 25 ANS,4,3,4,4,4
gemma2:9b,data_pmus_yaounde,q5_2,Agent_97,ENTRE 30 001 ET 100 000,4,3,4,4,4
gemma2:9b,data_pmus_yaounde,q5_3,Agent_97,HOMME,4,3,4,4,4
gemma2:9b,data_pmus_yaounde,centre ville,Agent_98,YAOUNDE,4,3,4,4,4
gemma2:9b,data_pmus_yaounde,q1_1,Agent_98,UN QUARTIER DE LA VILLE DE YAOUNDE,4,3,4,4,4
gemma2:9b,data_pmus_yaounde,q1_1_a,Agent_98,NKOLMESSENG,4,3,4,4,4
gemma2:9b,data_pmus_yaounde,q1_1_b,Agent_98,10EME ARRET,4,3,4,4,4
gemma2:9b,data_pmus_yaounde,q1_1_c,Agent_98,AFANOYA,4,3,4,4,4
gemma2:9b,data_pmus_yaounde,q1_2,Agent_98,UN QUARTIER DE LA VILLE DE YAOUNDE,4,3,4,4,4
gemma2:9b,data_pmus_yaounde,q1_2_a,Agent_98,BASTOS,4,3,4,4,4
gemma2:9b,data_pmus_yaounde,q1_2_b,Agent_98,BASTOS,4,3,4,4,4
gemma2:9b,data_pmus_yaounde,q1_3_c,Agent_98,YAOUNDE,4,3,4,4,4
gemma2:9b,data_pmus_yaounde,q2_1,Agent_98,A PIED,4,3,4,4,4
gemma2:9b,data_pmus_yaounde,q2_2_1,Agent_98,2 CHEVEAU,4,3,4,4,4
gemma2:9b,data_pmus_yaounde,q2_2_2,Agent_98,,2,1,2,1,3
gemma2:9b,data_pmus_yaounde,q2_3_1,Agent_98,,2,1,2,1,3
gemma2:9b,data_pmus_yaounde,q2_3_2,Agent_98,,2,1,2,1,3
gemma2:9b,data_pmus_yaounde,q2_3,Agent_98,NON,5,4,5,4,4
gemma2:9b,data_pmus_yaounde,q2_4,Agent_98,A PIED,4,3,4,4,4
gemma2:9b,data_pmus_yaounde,q2_5_1,Agent_98,,2,1,2,1,3
gemma2:9b,data_pmus_yaounde,q2_5_2,Agent_98,,2,1,2,1,3
gemma2:9b,data_pmus_yaounde,q2_6_1,Agent_98,,2,1,2,1,3
gemma2:9b,data_pmus_yaounde,q2_6_2,Agent_98,,2,1,2,1,3
gemma2:9b,data_pmus_yaounde,q3_1,Agent_98,NON,5,4,5,4,4
gemma2:9b,data_pmus_yaounde,q3_2,Agent_98,A PIED,4,3,4,4,4
gemma2:9b,data_pmus_yaounde,q3_3_1,Agent_98,,2,1,2,1,3
gemma2:9b,data_pmus_yaounde,q3_3_2,Agent_98,,2,1,2,1,3
gemma2:9b,data_pmus_yaounde,q4_1_a,Agent_98,Veuillez indiquer depuis combien de temps vous attendez.,5,5,5,5,5
gemma2:9b,data_pmus_yaounde,q4_1_b,Agent_98,MOINS DE 5 MIN,4,3,4,4,4
gemma2:9b,data_pmus_yaounde,q4_2_a,Agent_98,Veuillez indiquer depuis combien de temps vous attendez.,5,5,5,5,5
gemma2:9b,data_pmus_yaounde,q4_2_b,Agent_98,30 60 MIN,4,3,4,4,4
gemma2:9b,data_pmus_yaounde,q4_3,Agent_98,2700,4,3,4,4,4
gemma2:9b,data_pmus_yaounde,q4_4,Agent_98,COURSES,4,3,4,4,4
gemma2:9b,data_pmus_yaounde,q4_4_autres,Agent_98,FAIRE DES ACHATS,4,3,4,4,4
gemma2:9b,data_pmus_yaounde,q5_1,Agent_98,MOINS DE 18 ANS,4,3,4,4,4
gemma2:9b,data_pmus_yaounde,q5_2,Agent_98,ENTRE 300 001 ET 500 000,4,3,4,4,4
gemma2:9b,data_pmus_yaounde,q5_3,Agent_98,FEMME,4,3,4,4,4
gemma2:9b,data_pmus_yaounde,centre ville,Agent_99,YAOUNDE,4,3,4,4,4
gemma2:9b,data_pmus_yaounde,q1_1,Agent_99,UN QUARTIER DE LA VILLE DE YAOUNDE,4,3,4,4,4
gemma2:9b,data_pmus_yaounde,q1_1_a,Agent_99,ABIT,4,3,4,4,4
gemma2:9b,data_pmus_yaounde,q1_1_b,Agent_99,,2,1,2,1,3
gemma2:9b,data_pmus_yaounde,q1_1_c,Agent_99,,2,1,2,1,3
gemma2:9b,data_pmus_yaounde,q1_2,Agent_99,UN QUARTIER DE LA VILLE DE YAOUNDE,4,3,4,4,4
gemma2:9b,data_pmus_yaounde,q1_2_a,Agent_99,ELEVEUR,4,3,4,4,4
gemma2:9b,data_pmus_yaounde,q1_2_b,Agent_99,ELEVEUR,4,3,4,4,4
gemma2:9b,data_pmus_yaounde,q1_3_c,Agent_99,,2,1,2,1,3
gemma2:9b,data_pmus_yaounde,q2_1,Agent_99,A PIED,4,3,4,4,4
gemma2:9b,data_pmus_yaounde,q2_2_1,Agent_99,2 CHEVEAU,4,3,4,4,4
gemma2:9b,data_pmus_yaounde,q2_2_2,Agent_99,,2,1,2,1,3
gemma2:9b,data_pmus_yaounde,q2_3_1,Agent_99,0LESOA,4,3,4,4,4
gemma2:9b,data_pmus_yaounde,q2_3_2,Agent_99,,2,1,2,1,3
gemma2:9b,data_pmus_yaounde,q2_3,Agent_99,NON,5,4,5,4,4
gemma2:9b,data_pmus_yaounde,q2_4,Agent_99,PAR BUS STACY,4,3,4,4,4
gemma2:9b,data_pmus_yaounde,q2_5_1,Agent_99,CENTRE VILLE,4,3,4,4,4
gemma2:9b,data_pmus_yaounde,q2_5_2,Agent_99,0MPHINE,4,3,4,4,4
gemma2:9b,data_pmus_yaounde,q2_6_1,Agent_99,CENTRE VILLE,4,3,4,4,4
gemma2:9b,data_pmus_yaounde,q2_6_2,Agent_99,CENTRE VILLE,4,3,4,4,4
gemma2:9b,data_pmus_yaounde,q3_1,Agent_99,NON,5,4,5,4,4
gemma2:9b,data_pmus_yaounde,q3_2,Agent_99,PAR BUS STACY,4,3,4,4,4
gemma2:9b,data_pmus_yaounde,q3_3_1,Agent_99,CENTRE VILLE,4,3,4,4,4
gemma2:9b,data_pmus_yaounde,q3_3_2,Agent_99,CENTRE VILLE,4,3,4,4,4
gemma2:9b,data_pmus_yaounde,q4_1_a,Agent_99,Veuillez indiquer depuis combien de temps vous attendez.,5,5,5,5,5
gemma2:9b,data_pmus_yaounde,q4_1_b,Agent_99,MOINS DE 5 MIN,4,3,4,4,4
gemma2:9b,data_pmus_yaounde,q4_2_a,Agent_99,Veuillez indiquer depuis combien de temps vous attendez.,5,5,5,5,5
gemma2:9b,data_pmus_yaounde,q4_2_b,Agent_99,30 60 MIN,4,3,4,4,4
gemma2:9b,data_pmus_yaounde,q4_3,Agent_99,1400,4,3,4,4,4
gemma2:9b,data_pmus_yaounde,q4_4,Agent_99,D MARCHES ADMINISTRATIVES ET OU SANT,4,3,4,4,4
gemma2:9b,data_pmus_yaounde,q4_4_autres,Agent_99,ACHAT,4,3,4,4,4
gemma2:9b,data_pmus_yaounde,q5_1,Agent_99,ENTRE 18 ET 25 ANS,4,3,4,4,4
gemma2:9b,data_pmus_yaounde,q5_2,Agent_99,MOINS DE 30 000,4,3,4,4,4
gemma2:9b,data_pmus_yaounde,q5_3,Agent_99,FEMME,4,3,4,4,4
gemma2:9b,data_pmus_yaounde,centre ville,Agent_100,YAOUNDE,4,3,4,4,4
gemma2:9b,data_pmus_yaounde,q1_1,Agent_100,UN QUARTIER DE LA VILLE DE YAOUNDE,4,3,4,4,4
gemma2:9b,data_pmus_yaounde,q1_1_a,Agent_100,NKOA MBANG,4,3,4,4,4
gemma2:9b,data_pmus_yaounde,q1_1_b,Agent_100,OFEBE,4,3,4,4,4
gemma2:9b,data_pmus_yaounde,q1_1_c,Agent_100,AFANOYA,4,3,4,4,4
gemma2:9b,data_pmus_yaounde,q1_2,Agent_100,UN QUARTIER DE LA VILLE DE YAOUNDE,4,3,4,4,4
gemma2:9b,data_pmus_yaounde,q1_2_a,Agent_100,ABOM,4,3,4,4,4
gemma2:9b,data_pmus_yaounde,q1_2_b,Agent_100,10 IEME ARRET,4,3,4,4,4
gemma2:9b,data_pmus_yaounde,q1_3_c,Agent_100,NKOA MBANG,4,3,4,4,4
gemma2:9b,data_pmus_yaounde,q2_1,Agent_100,PAR BUS STACY,4,3,4,4,4
gemma2:9b,data_pmus_yaounde,q2_2_1,Agent_100,DEVANT MAHIMA,4,3,4,4,4
gemma2:9b,data_pmus_yaounde,q2_2_2,Agent_100,10 E ARRET,4,3,4,4,4
gemma2:9b,data_pmus_yaounde,q2_3_1,Agent_100,NKOA MBANG,4,3,4,4,4
gemma2:9b,data_pmus_yaounde,q2_3_2,Agent_100,NKOA MBANG,4,3,4,4,4
gemma2:9b,data_pmus_yaounde,q2_3,Agent_100,NON,5,4,5,4,4
gemma2:9b,data_pmus_yaounde,q2_4,Agent_100,A PIED,4,3,4,4,4
gemma2:9b,data_pmus_yaounde,q2_5_1,Agent_100,NKOA MBANG,4,3,4,4,4
gemma2:9b,data_pmus_yaounde,q2_5_2,Agent_100,0MPHINE,4,3,4,4,4
gemma2:9b,data_pmus_yaounde,q2_6_1,Agent_100,NKOA MBANG,4,3,4,4,4
gemma2:9b,data_pmus_yaounde,q2_6_2,Agent_100,,2,1,2,1,3
gemma2:9b,data_pmus_yaounde,q3_1,Agent_100,NON,5,4,5,4,4
gemma2:9b,data_pmus_yaounde,q3_2,Agent_100,PAR BUS STACY,4,3,4,4,4
gemma2:9b,data_pmus_yaounde,q3_3_1,Agent_100,,2,1,2,1,3
gemma2:9b,data_pmus_yaounde,q3_3_2,Agent_100,,2,1,2,1,3
gemma2:9b,data_pmus_yaounde,q4_1_a,Agent_100,Veuillez indiquer depuis combien de temps vous attendez.,5,5,5,5,5
gemma2:9b,data_pmus_yaounde,q4_1_b,Agent_100,MOINS DE 5 MIN,4,3,4,4,4
gemma2:9b,data_pmus_yaounde,q4_2_a,Agent_100,Veuillez indiquer depuis combien de temps vous attendez.,5,5,5,5,5
gemma2:9b,data_pmus_yaounde,q4_2_b,Agent_100,30 60 MIN,4,3,4,4,4
gemma2:9b,data_pmus_yaounde,q4_3,Agent_100,2250,4,3,4,4,4
gemma2:9b,data_pmus_yaounde,q4_4,Agent_100,TRAVAIL,4,3,4,4,4
gemma2:9b,data_pmus_yaounde,q4_4_autres,Agent_100,ACHAT,4,3,4,4,4
gemma2:9b,data_pmus_yaounde,q5_1,Agent_100,ENTRE 36 ET 45 ANS,4,3,4,4,4
gemma2:9b,data_pmus_yaounde,q5_2,Agent_100,ENTRE 30 001 ET 100 000,4,3,4,4,4
gemma2:9b,data_pmus_yaounde,q5_3,Agent_100,HOMME,4,3,4,4,4
gemma2:9b,data_pmus_yaounde,centre ville,Agent_101,YAOUNDE,4,3,4,4,4
gemma2:9b,data_pmus_yaounde,q1_1,Agent_101,UN QUARTIER DE LA VILLE DE YAOUNDE,4,3,4,4,4
gemma2:9b,data_pmus_yaounde,q1_1_a,Agent_101,ABIT,4,3,4,4,4
gemma2:9b,data_pmus_yaounde,q1_1_b,Agent_101,DERRIERE LE STADE OMINSPORT,4,3,4,4,4
gemma2:9b,data_pmus_yaounde,q1_1_c,Agent_101,,2,1,2,1,3
gemma2:9b,data_pmus_yaounde,q1_2,Agent_101,UN QUARTIER DE LA VILLE DE YAOUNDE,4,3,4,4,4
gemma2:9b,data_pmus_yaounde,q1_2_a,Agent_101,ABOM,4,3,4,4,4
gemma2:9b,data_pmus_yaounde,q1_2_b,Agent_101,NIKI,4,3,4,4,4
gemma2:9b,data_pmus_yaounde,q1_3_c,Agent_101,,2,1,2,1,3
gemma2:9b,data_pmus_yaounde,q2_1,Agent_101,PAR BUS STACY,4,3,4,4,4
gemma2:9b,data_pmus_yaounde,q2_2_1,Agent_101,NGOA EKELLE,4,3,4,4,4
gemma2:9b,data_pmus_yaounde,q2_2_2,Agent_101,SORTIE DE LA VILLE,4,3,4,4,4
gemma2:9b,data_pmus_yaounde,q2_3_1,Agent_101,NGOAUKELE,4,3,4,4,4
gemma2:9b,data_pmus_yaounde,q2_3_2,Agent_101,0NANA,4,3,4,4,4
gemma2:9b,data_pmus_yaounde,q2_3,Agent_101,NON,5,4,5,4,4
gemma2:9b,data_pmus_yaounde,q2_4,Agent_101,PAR TAXI,4,3,4,4,4
gemma2:9b,data_pmus_yaounde,q2_5_1,Agent_101,NGOA EKELLE,4,3,4,4,4
gemma2:9b,data_pmus_yaounde,q2_5_2,Agent_101,0MPHINE,4,3,4,4,4
gemma2:9b,data_pmus_yaounde,q2_6_1,Agent_101,NGOA EKELLE,4,3,4,4,4
gemma2:9b,data_pmus_yaounde,q2_6_2,Agent_101,NGOA EKELLE,4,3,4,4,4
gemma2:9b,data_pmus_yaounde,q3_1,Agent_101,NON,5,4,5,4,4
gemma2:9b,data_pmus_yaounde,q3_2,Agent_101,PAR TAXI,4,3,4,4,4
gemma2:9b,data_pmus_yaounde,q3_3_1,Agent_101,NGOA EKELLE,4,3,4,4,4
gemma2:9b,data_pmus_yaounde,q3_3_2,Agent_101,NGOA EKELLE,4,3,4,4,4
gemma2:9b,data_pmus_yaounde,q4_1_a,Agent_101,Veuillez indiquer depuis combien de temps vous attendez.,5,5,5,5,5
gemma2:9b,data_pmus_yaounde,q4_1_b,Agent_101,MOINS DE 5 MIN,4,3,4,4,4
gemma2:9b,data_pmus_yaounde,q4_2_a,Agent_101,Veuillez indiquer depuis combien de temps vous attendez.,5,5,5,5,5
gemma2:9b,data_pmus_yaounde,q4_2_b,Agent_101,30 60 MIN,4,3,4,4,4
gemma2:9b,data_pmus_yaounde,q4_3,Agent_101,1250,4,3,4,4,4
gemma2:9b,data_pmus_yaounde,q4_4,Agent_101,TRAVAIL,4,3,4,4,4
gemma2:9b,data_pmus_yaounde,q4_4_autres,Agent_101,ACHAT,4,3,4,4,4
gemma2:9b,data_pmus_yaounde,q5_1,Agent_101,ENTRE 55ANS ET 64 ANS,4,3,4,4,4
gemma2:9b,data_pmus_yaounde,q5_2,Agent_101,ENTRE 300 001 ET 500 000,4,3,4,4,4
gemma2:9b,data_pmus_yaounde,q5_3,Agent_101,HOMME,4,3,4,4,4
gemma2:9b,data_pmus_yaounde,centre ville,Agent_102,YAOUNDE,4,3,4,4,4
gemma2:9b,data_pmus_yaounde,q1_1,Agent_102,UN QUARTIER DE LA VILLE DE YAOUNDE,4,3,4,4,4
gemma2:9b,data_pmus_yaounde,q1_1_a,Agent_102,ETOA MEKI,4,3,4,4,4
gemma2:9b,data_pmus_yaounde,q1_1_b,Agent_102,ENTREE COLOMBIE,4,3,4,4,4
gemma2:9b,data_pmus_yaounde,q1_1_c,Agent_102,,2,1,2,1,3
gemma2:9b,data_pmus_yaounde,q1_2,Agent_102,UN QUARTIER DE LA VILLE DE YAOUNDE,4,3,4,4,4
gemma2:9b,data_pmus_yaounde,q1_2_a,Agent_102,ABOM,4,3,4,4,4
gemma2:9b,data_pmus_yaounde,q1_2_b,Agent_102,10 IEME ARRET,4,3,4,4,4
gemma2:9b,data_pmus_yaounde,q1_3_c,Agent_102,,2,1,2,1,3
gemma2:9b,data_pmus_yaounde,q2_1,Agent_102,PAR BUS STACY,4,3,4,4,4
gemma2:9b,data_pmus_yaounde,q2_2_1,Agent_102,CARREFOUR ELOUDOU,4,3,4,4,4
gemma2:9b,data_pmus_yaounde,q2_2_2,Agent_102,10 E ARRET,4,3,4,4,4
gemma2:9b,data_pmus_yaounde,q2_3_1,Agent_102,AUCUN,4,3,4,4,4
gemma2:9b,data_pmus_yaounde,q2_3_2,Agent_102,AUCUN,4,3,4,4,4
gemma2:9b,data_pmus_yaounde,q2_3,Agent_102,NON,5,4,5,4,4
gemma2:9b,data_pmus_yaounde,q2_4,Agent_102,PAR BUS STACY,4,3,4,4,4
gemma2:9b,data_pmus_yaounde,q2_5_1,Agent_102,A B0NAS,4,3,4,4,4
gemma2:9b,data_pmus_yaounde,q2_5_2,Agent_102,0MPHINE,4,3,4,4,4
gemma2:9b,data_pmus_yaounde,q2_6_1,Agent_102,ABATTOIR,4,3,4,4,4
gemma2:9b,data_pmus_yaounde,q2_6_2,Agent_102,11EME ARRET,4,3,4,4,4
gemma2:9b,data_pmus_yaounde,q3_1,Agent_102,NON,5,4,5,4,4
gemma2:9b,data_pmus_yaounde,q3_2,Agent_102,PAR BUS STACY,4,3,4,4,4
gemma2:9b,data_pmus_yaounde,q3_3_1,Agent_102,NKOA MBANG,4,3,4,4,4
gemma2:9b,data_pmus_yaounde,q3_3_2,Agent_102,NKOA MBANG,4,3,4,4,4
gemma2:9b,data_pmus_yaounde,q4_1_a,Agent_102,Veuillez indiquer depuis combien de temps vous attendez.,5,5,5,5,5
gemma2:9b,data_pmus_yaounde,q4_1_b,Agent_102,MOINS DE 5 MIN,4,3,4,4,4
gemma2:9b,data_pmus_yaounde,q4_2_a,Agent_102,Veuillez indiquer depuis combien de temps vous attendez.,5,5,5,5,5
gemma2:9b,data_pmus_yaounde,q4_2_b,Agent_102,30 60 MIN,4,3,4,4,4
gemma2:9b,data_pmus_yaounde,q4_3,Agent_102,900,4,3,4,4,4
gemma2:9b,data_pmus_yaounde,q4_4,Agent_102,VISITE FAMILLE,4,3,4,4,4
gemma2:9b,data_pmus_yaounde,q4_4_autres,Agent_102,ACHAT,4,3,4,4,4
gemma2:9b,data_pmus_yaounde,q5_1,Agent_102,ENTRE 36 ET 45 ANS,4,3,4,4,4
gemma2:9b,data_pmus_yaounde,q5_2,Agent_102,ENTRE 30 001 ET 100 000,4,3,4,4,4
gemma2:9b,data_pmus_yaounde,q5_3,Agent_102,HOMME,4,3,4,4,4
gemma2:9b,data_pmus_yaounde,centre ville,Agent_103,YAOUNDE,4,3,4,4,4
gemma2:9b,data_pmus_yaounde,q1_1,Agent_103,UN QUARTIER DE LA VILLE DE YAOUNDE,4,3,4,4,4
gemma2:9b,data_pmus_yaounde,q1_1_a,Agent_103,MFOU,4,3,4,4,4
gemma2:9b,data_pmus_yaounde,q1_1_b,Agent_103,AU NIVEAU DE LA STATION,4,3,4,4,4
gemma2:9b,data_pmus_yaounde,q1_1_c,Agent_103,AFANOYA,4,3,4,4,4
gemma2:9b,data_pmus_yaounde,q1_2,Agent_103,UN QUARTIER DE LA VILLE DE YAOUNDE,4,3,4,4,4
gemma2:9b,data_pmus_yaounde,q1_2_a,Agent_103,MFOU,4,3,4,4,4
gemma2:9b,data_pmus_yaounde,q1_2_b,Agent_103,MFOU,4,3,4,4,4
gemma2:9b,data_pmus_yaounde,q1_3_c,Agent_103,,2,1,2,1,3
gemma2:9b,data_pmus_yaounde,q2_1,Agent_103,A PIED,4,3,4,4,4
gemma2:9b,data_pmus_yaounde,q2_2_1,Agent_103,2 CHEVEAU,4,3,4,4,4
gemma2:9b,data_pmus_yaounde,q2_2_2,Agent_103,10 E ARRET,4,3,4,4,4
gemma2:9b,data_pmus_yaounde,q2_3_1,Agent_103,MFOU,4,3,4,4,4
gemma2:9b,data_pmus_yaounde,q2_3_2,Agent_103,MFOU,4,3,4,4,4
gemma2:9b,data_pmus_yaounde,q2_3,Agent_103,NON,5,4,5,4,4
gemma2:9b,data_pmus_yaounde,q2_4,Agent_103,PAR BUS STACY,4,3,4,4,4
gemma2:9b,data_pmus_yaounde,q2_5_1,Agent_103,MFOU,4,3,4,4,4
gemma2:9b,data_pmus_yaounde,q2_5_2,Agent_103,0MPHINE,4,3,4,4,4
gemma2:9b,data_pmus_yaounde,q2_6_1,Agent_103,ABATTOIR,4,3,4,4,4
gemma2:9b,data_pmus_yaounde,q2_6_2,Agent_103,11EME ARRET,4,3,4,4,4
gemma2:9b,data_pmus_yaounde,q3_1,Agent_103,NON,5,4,5,4,4
gemma2:9b,data_pmus_yaounde,q3_2,Agent_103,PAR BUS STACY,4,3,4,4,4
gemma2:9b,data_pmus_yaounde,q3_3_1,Agent_103,MFOU,4,3,4,4,4
gemma2:9b,data_pmus_yaounde,q3_3_2,Agent_103,10 IEME ARRET,4,3,4,4,4
gemma2:9b,data_pmus_yaounde,q4_1_a,Agent_103,Veuillez indiquer depuis combien de temps vous attendez.,5,5,5,5,5
gemma2:9b,data_pmus_yaounde,q4_1_b,Agent_103,MOINS DE 5 MIN,4,3,4,4,4
gemma2:9b,data_pmus_yaounde,q4_2_a,Agent_103,Veuillez indiquer depuis combien de temps vous attendez.,5,5,5,5,5
gemma2:9b,data_pmus_yaounde,q4_2_b,Agent_103,30 60 MIN,4,3,4,4,4
gemma2:9b,data_pmus_yaounde,q4_3,Agent_103,380,4,3,4,4,4
gemma2:9b,data_pmus_yaounde,q4_4,Agent_103,TRAVAIL,4,3,4,4,4
gemma2:9b,data_pmus_yaounde,q4_4_autres,Agent_103,ACHAT,4,3,4,4,4
gemma2:9b,data_pmus_yaounde,q5_1,Agent_103,ENTRE 36 ET 45 ANS,4,3,4,4,4
gemma2:9b,data_pmus_yaounde,q5_2,Agent_103,ENTRE 30 001 ET 100 000,4,3,4,4,4
gemma2:9b,data_pmus_yaounde,q5_3,Agent_103,FEMME,4,3,4,4,4
gemma2:9b,data_pmus_yaounde,centre ville,Agent_104,YAOUNDE,4,3,4,4,4
gemma2:9b,data_pmus_yaounde,q1_1,Agent_104,UN QUARTIER DE LA VILLE DE YAOUNDE,4,3,4,4,4
gemma2:9b,data_pmus_yaounde,q1_1_a,Agent_104,ABIT,4,3,4,4,4
gemma2:9b,data_pmus_yaounde,q1_1_b,Agent_104,SONEL,4,3,4,4,4
gemma2:9b,data_pmus_yaounde,q1_1_c,Agent_104,,2,1,2,1,3
gemma2:9b,data_pmus_yaounde,q1_2,Agent_104,UN QUARTIER DE LA VILLE DE YAOUNDE,4,3,4,4,4
gemma2:9b,data_pmus_yaounde,q1_2_a,Agent_104,POSTE CENTRALE,4,3,4,4,4
gemma2:9b,data_pmus_yaounde,q1_2_b,Agent_104,POSTE CENTRALE,4,3,4,4,4
gemma2:9b,data_pmus_yaounde,q1_3_c,Agent_104,,2,1,2,1,3
gemma2:9b,data_pmus_yaounde,q2_1,Agent_104,PAR TAXI,4,3,4,4,4
gemma2:9b,data_pmus_yaounde,q2_2_1,Agent_104,2 CHEVEAU,4,3,4,4,4
gemma2:9b,data_pmus_yaounde,q2_2_2,Agent_104,POSTE CENTRALE,4,3,4,4,4
gemma2:9b,data_pmus_yaounde,q2_3_1,Agent_104,POSTE CENTRALE,4,3,4,4,4
gemma2:9b,data_pmus_yaounde,q2_3_2,Agent_104,POSTE CENTRALE,4,3,4,4,4
gemma2:9b,data_pmus_yaounde,q2_3,Agent_104,NON,5,4,5,4,4
gemma2:9b,data_pmus_yaounde,q2_4,Agent_104,PAR TAXI,4,3,4,4,4
gemma2:9b,data_pmus_yaounde,q2_5_1,Agent_104,POSTE CENTRALE,4,3,4,4,4
gemma2:9b,data_pmus_yaounde,q2_5_2,Agent_104,POSTE CENTRALE,4,3,4,4,4
gemma2:9b,data_pmus_yaounde,q2_6_1,Agent_104,POSTE CENTRALE,4,3,4,4,4
gemma2:9b,data_pmus_yaounde,q2_6_2,Agent_104,POSTE CENTRALE,4,3,4,4,4
gemma2:9b,data_pmus_yaounde,q3_1,Agent_104,NON,5,4,5,4,4
gemma2:9b,data_pmus_yaounde,q3_2,Agent_104,PAR TAXI,4,3,4,4,4
gemma2:9b,data_pmus_yaounde,q3_3_1,Agent_104,ACACIA,4,3,4,4,4
gemma2:9b,data_pmus_yaounde,q3_3_2,Agent_104,ACACIA,4,3,4,4,4
gemma2:9b,data_pmus_yaounde,q4_1_a,Agent_104,Veuillez indiquer depuis combien de temps vous attendez.,5,5,5,5,5
gemma2:9b,data_pmus_yaounde,q4_1_b,Agent_104,MOINS DE 5 MIN,4,3,4,4,4
gemma2:9b,data_pmus_yaounde,q4_2_a,Agent_104,Veuillez indiquer depuis combien de temps vous attendez.,5,5,5,5,5
gemma2:9b,data_pmus_yaounde,q4_2_b,Agent_104,30 60 MIN,4,3,4,4,4
gemma2:9b,data_pmus_yaounde,q4_3,Agent_104,2950,4,3,4,4,4
gemma2:9b,data_pmus_yaounde,q4_4,Agent_104,TRAVAIL,4,3,4,4,4
gemma2:9b,data_pmus_yaounde,q4_4_autres,Agent_104,ACHAT,4,3,4,4,4
gemma2:9b,data_pmus_yaounde,q5_1,Agent_104,ENTRE 36 ET 45 ANS,4,3,4,4,4
gemma2:9b,data_pmus_yaounde,q5_2,Agent_104,ENTRE 30 001 ET 100 000,4,3,4,4,4
gemma2:9b,data_pmus_yaounde,q5_3,Agent_104,HOMME,4,3,4,4,4
gemma2:9b,data_pmus_yaounde,centre ville,Agent_105,YAOUNDE,4,3,4,4,4
gemma2:9b,data_pmus_yaounde,q1_1,Agent_105,UN QUARTIER DE LA VILLE DE YAOUNDE,4,3,4,4,4
gemma2:9b,data_pmus_yaounde,q1_1_a,Agent_105,ABIT,4,3,4,4,4
gemma2:9b,data_pmus_yaounde,q1_1_b,Agent_105,,2,1,2,1,3
gemma2:9b,data_pmus_yaounde,q1_1_c,Agent_105,AFANOYA,4,3,4,4,4
gemma2:9b,data_pmus_yaounde,q1_2,Agent_105,UN QUARTIER DE LA VILLE DE YAOUNDE,4,3,4,4,4
gemma2:9b,data_pmus_yaounde,q1_2_a,Agent_105,ABOM,4,3,4,4,4
gemma2:9b,data_pmus_yaounde,q1_2_b,Agent_105,KOLBIKO,4,3,4,4,4
gemma2:9b,data_pmus_yaounde,q1_3_c,Agent_105,,2,1,2,1,3
gemma2:9b,data_pmus_yaounde,q2_1,Agent_105,A PIED,4,3,4,4,4
gemma2:9b,data_pmus_yaounde,q2_2_1,Agent_105,CARREFOUR ETOU EBE,4,3,4,4,4
gemma2:9b,data_pmus_yaounde,q2_2_2,Agent_105,KOLBIKO,4,3,4,4,4
gemma2:9b,data_pmus_yaounde,q2_3_1,Agent_105,0LESOA,4,3,4,4,4
gemma2:9b,data_pmus_yaounde,q2_3_2,Agent_105,AUCUN,4,3,4,4,4
gemma2:9b,data_pmus_yaounde,q2_3,Agent_105,NON,5,4,5,4,4
gemma2:9b,data_pmus_yaounde,q2_4,Agent_105,PAR BUS STACY,4,3,4,4,4
gemma2:9b,data_pmus_yaounde,q2_5_1,Agent_105,A B0NAS,4,3,4,4,4
gemma2:9b,data_pmus_yaounde,q2_5_2,Agent_105,0MPHINE,4,3,4,4,4
gemma2:9b,data_pmus_yaounde,q2_6_1,Agent_105,ABATTOIR,4,3,4,4,4
gemma2:9b,data_pmus_yaounde,q2_6_2,Agent_105,11EME ARRET,4,3,4,4,4
gemma2:9b,data_pmus_yaounde,q3_1,Agent_105,NON,5,4,5,4,4
gemma2:9b,data_pmus_yaounde,q3_2,Agent_105,A PIED,4,3,4,4,4
gemma2:9b,data_pmus_yaounde,q3_3_1,Agent_105,ETOUG EBE,4,3,4,4,4
gemma2:9b,data_pmus_yaounde,q3_3_2,Agent_105,10 IEME ARRET,4,3,4,4,4
gemma2:9b,data_pmus_yaounde,q4_1_a,Agent_105,Veuillez indiquer depuis combien de temps vous attendez.,5,5,5,5,5
gemma2:9b,data_pmus_yaounde,q4_1_b,Agent_105,MOINS DE 5 MIN,4,3,4,4,4
gemma2:9b,data_pmus_yaounde,q4_2_a,Agent_105,Veuillez indiquer depuis combien de temps vous attendez.,5,5,5,5,5
gemma2:9b,data_pmus_yaounde,q4_2_b,Agent_105,30 60 MIN,4,3,4,4,4
gemma2:9b,data_pmus_yaounde,q4_3,Agent_105,750,4,3,4,4,4
gemma2:9b,data_pmus_yaounde,q4_4,Agent_105,COURSES,4,3,4,4,4
gemma2:9b,data_pmus_yaounde,q4_4_autres,Agent_105,FAIRE DES ACHATS,4,3,4,4,4
gemma2:9b,data_pmus_yaounde,q5_1,Agent_105,MOINS DE 18 ANS,4,3,4,4,4
gemma2:9b,data_pmus_yaounde,q5_2,Agent_105,ENTRE 30 001 ET 100 000,4,3,4,4,4
gemma2:9b,data_pmus_yaounde,q5_3,Agent_105,FEMME,4,3,4,4,4
gemma2:9b,data_pmus_yaounde,centre ville,Agent_106,YAOUNDE,4,3,4,4,4
gemma2:9b,data_pmus_yaounde,q1_1,Agent_106,UN QUARTIER DE LA VILLE DE YAOUNDE,4,3,4,4,4
gemma2:9b,data_pmus_yaounde,q1_1_a,Agent_106,ABIT,4,3,4,4,4
gemma2:9b,data_pmus_yaounde,q1_1_b,Agent_106,10EME ARRET,4,3,4,4,4
gemma2:9b,data_pmus_yaounde,q1_1_c,Agent_106,AFANOYA,4,3,4,4,4
gemma2:9b,data_pmus_yaounde,q1_2,Agent_106,UN QUARTIER DE LA VILLE DE YAOUNDE,4,3,4,4,4
gemma2:9b,data_pmus_yaounde,q1_2_a,Agent_106,CARREFOUR MEEC,4,3,4,4,4
gemma2:9b,data_pmus_yaounde,q1_2_b,Agent_106,10 IEME ARRET,4,3,4,4,4
gemma2:9b,data_pmus_yaounde,q1_3_c,Agent_106,YAOUNDE,4,3,4,4,4
gemma2:9b,data_pmus_yaounde,q2_1,Agent_106,A PIED,4,3,4,4,4
gemma2:9b,data_pmus_yaounde,q2_2_1,Agent_106,CARREFOUR MEEC,4,3,4,4,4
gemma2:9b,data_pmus_yaounde,q2_2_2,Agent_106,,2,1,2,1,3
gemma2:9b,data_pmus_yaounde,q2_3_1,Agent_106,0LESOA,4,3,4,4,4
gemma2:9b,data_pmus_yaounde,q2_3_2,Agent_106,CARREFOUR,4,3,4,4,4
gemma2:9b,data_pmus_yaounde,q2_3,Agent_106,NON,5,4,5,4,4
gemma2:9b,data_pmus_yaounde,q2_4,Agent_106,PAR BUS STACY,4,3,4,4,4
gemma2:9b,data_pmus_yaounde,q2_5_1,Agent_106,CARREFOUR MEEC,4,3,4,4,4
gemma2:9b,data_pmus_yaounde,q2_5_2,Agent_106,0MPHINE,4,3,4,4,4
gemma2:9b,data_pmus_yaounde,q2_6_1,Agent_106,CARREFOUR,4,3,4,4,4
gemma2:9b,data_pmus_yaounde,q2_6_2,Agent_106,CARREFOUR,4,3,4,4,4
gemma2:9b,data_pmus_yaounde,q3_1,Agent_106,NON,5,4,5,4,4
gemma2:9b,data_pmus_yaounde,q3_2,Agent_106,A PIED,4,3,4,4,4
gemma2:9b,data_pmus_yaounde,q3_3_1,Agent_106,ACACIA,4,3,4,4,4
gemma2:9b,data_pmus_yaounde,q3_3_2,Agent_106,ACACIA,4,3,4,4,4
gemma2:9b,data_pmus_yaounde,q4_1_a,Agent_106,Veuillez indiquer depuis combien de temps vous attendez.,5,5,5,5,5
gemma2:9b,data_pmus_yaounde,q4_1_b,Agent_106,MOINS DE 5 MIN,4,3,4,4,4
gemma2:9b,data_pmus_yaounde,q4_2_a,Agent_106,Veuillez indiquer depuis combien de temps vous attendez.,5,5,5,5,5
gemma2:9b,data_pmus_yaounde,q4_2_b,Agent_106,30 60 MIN,4,3,4,4,4
gemma2:9b,data_pmus_yaounde,q4_3,Agent_106,750,4,3,4,4,4
gemma2:9b,data_pmus_yaounde,q4_4,Agent_106,VISITE FAMILLE,4,3,4,4,4
gemma2:9b,data_pmus_yaounde,q4_4_autres,Agent_106,ACHAT,4,3,4,4,4
gemma2:9b,data_pmus_yaounde,q5_1,Agent_106,ENTRE 18 ET 25 ANS,4,3,4,4,4
gemma2:9b,data_pmus_yaounde,q5_2,Agent_106,ENTRE 30 001 ET 100 000,4,3,4,4,4
gemma2:9b,data_pmus_yaounde,q5_3,Agent_106,HOMME,4,3,4,4,4
gemma2:9b,data_pmus_yaounde,centre ville,Agent_107,YAOUNDE,4,3,4,4,4
gemma2:9b,data_pmus_yaounde,q1_1,Agent_107,UN QUARTIER DE LA VILLE DE YAOUNDE,4,3,4,4,4
gemma2:9b,data_pmus_yaounde,q1_1_a,Agent_107,ETOUG EBE,4,3,4,4,4
gemma2:9b,data_pmus_yaounde,q1_1_b,Agent_107,COLLEGE POLYVALENT,4,3,4,4,4
gemma2:9b,data_pmus_yaounde,q1_1_c,Agent_107,,2,1,2,1,3
gemma2:9b,data_pmus_yaounde,q1_2,Agent_107,UN QUARTIER DE LA VILLE DE YAOUNDE,4,3,4,4,4
gemma2:9b,data_pmus_yaounde,q1_2_a,Agent_107,MONASTER,4,3,4,4,4
gemma2:9b,data_pmus_yaounde,q1_2_b,Agent_107,MONASTER,4,3,4,4,4
gemma2:9b,data_pmus_yaounde,q1_3_c,Agent_107,,2,1,2,1,3
gemma2:9b,data_pmus_yaounde,q2_1,Agent_107,A PIED,4,3,4,4,4
gemma2:9b,data_pmus_yaounde,q2_2_1,Agent_107,CENTRE DES ANDICAP,4,3,4,4,4
gemma2:9b,data_pmus_yaounde,q2_2_2,Agent_107,,2,1,2,1,3
gemma2:9b,data_pmus_yaounde,q2_3_1,Agent_107,,2,1,2,1,3
gemma2:9b,data_pmus_yaounde,q2_3_2,Agent_107,,2,1,2,1,3
gemma2:9b,data_pmus_yaounde,q2_3,Agent_107,NON,5,4,5,4,4
gemma2:9b,data_pmus_yaounde,q2_4,Agent_107,A PIED,4,3,4,4,4
gemma2:9b,data_pmus_yaounde,q2_5_1,Agent_107,,2,1,2,1,3
gemma2:9b,data_pmus_yaounde,q2_5_2,Agent_107,,2,1,2,1,3
gemma2:9b,data_pmus_yaounde,q2_6_1,Agent_107,,2,1,2,1,3
gemma2:9b,data_pmus_yaounde,q2_6_2,Agent_107,,2,1,2,1,3
gemma2:9b,data_pmus_yaounde,q3_1,Agent_107,NON,5,4,5,4,4
gemma2:9b,data_pmus_yaounde,q3_2,Agent_107,A PIED,4,3,4,4,4
gemma2:9b,data_pmus_yaounde,q3_3_1,Agent_107,,2,1,2,1,3
gemma2:9b,data_pmus_yaounde,q3_3_2,Agent_107,,2,1,2,1,3
gemma2:9b,data_pmus_yaounde,q4_1_a,Agent_107,Veuillez indiquer depuis combien de temps vous attendez.,5,5,5,5,5
gemma2:9b,data_pmus_yaounde,q4_1_b,Agent_107,MOINS DE 5 MIN,4,3,4,4,4
gemma2:9b,data_pmus_yaounde,q4_2_a,Agent_107,Veuillez indiquer depuis combien de temps vous attendez.,5,5,5,5,5
gemma2:9b,data_pmus_yaounde,q4_2_b,Agent_107,30 60 MIN,4,3,4,4,4
gemma2:9b,data_pmus_yaounde,q4_3,Agent_107,2000,4,3,4,4,4
gemma2:9b,data_pmus_yaounde,q4_4,Agent_107,VISITE FAMILLE,4,3,4,4,4
gemma2:9b,data_pmus_yaounde,q4_4_autres,Agent_107,ACHAT,4,3,4,4,4
gemma2:9b,data_pmus_yaounde,q5_1,Agent_107,ENTRE 18 ET 25 ANS,4,3,4,4,4
gemma2:9b,data_pmus_yaounde,q5_2,Agent_107,ENTRE 300 001 ET 500 000,4,3,4,4,4
gemma2:9b,data_pmus_yaounde,q5_3,Agent_107,HOMME,4,3,4,4,4
gemma2:9b,data_pmus_yaounde,centre ville,Agent_108,YAOUNDE,4,3,4,4,4
gemma2:9b,data_pmus_yaounde,q1_1,Agent_108,UN QUARTIER DE LA VILLE DE YAOUNDE,4,3,4,4,4
gemma2:9b,data_pmus_yaounde,q1_1_a,Agent_108,ABIT,4,3,4,4,4
gemma2:9b,data_pmus_yaounde,q1_1_b,Agent_108,NTEM,4,3,4,4,4
gemma2:9b,data_pmus_yaounde,q1_1_c,Agent_108,NKOA MBANG,4,3,4,4,4
gemma2:9b,data_pmus_yaounde,q1_2,Agent_108,UN QUARTIER DE LA VILLE DE YAOUNDE,4,3,4,4,4
gemma2:9b,data_pmus_yaounde,q1_2_a,Agent_108,ABOM,4,3,4,4,4
gemma2:9b,data_pmus_yaounde,q1_2_b,Agent_108,10 IEME ARRET,4,3,4,4,4
gemma2:9b,data_pmus_yaounde,q1_3_c,Agent_108,NKOA MBANG,4,3,4,4,4
gemma2:9b,data_pmus_yaounde,q2_1,Agent_108,PAR TAXI,4,3,4,4,4
gemma2:9b,data_pmus_yaounde,q2_2_1,Agent_108,AU NIEAU DES RAILS,4,3,4,4,4
gemma2:9b,data_pmus_yaounde,q2_2_2,Agent_108,10 E ARRET,4,3,4,4,4
gemma2:9b,data_pmus_yaounde,q2_3_1,Agent_108,CARREFOUR,4,3,4,4,4
gemma2:9b,data_pmus_yaounde,q2_3_2,Agent_108,CARREFOUR,4,3,4,4,4
gemma2:9b,data_pmus_yaounde,q2_3,Agent_108,NON,5,4,5,4,4
gemma2:9b,data_pmus_yaounde,q2_4,Agent_108,PAR TAXI,4,3,4,4,4
gemma2:9b,data_pmus_yaounde,q2_5_1,Agent_108,A B0NAS,4,3,4,4,4
gemma2:9b,data_pmus_yaounde,q2_5_2,Agent_108,0MPHINE,4,3,4,4,4
gemma2:9b,data_pmus_yaounde,q2_6_1,Agent_108,CARREFOUR,4,3,4,4,4
gemma2:9b,data_pmus_yaounde,q2_6_2,Agent_108,CARREFOUR,4,3,4,4,4
gemma2:9b,data_pmus_yaounde,q3_1,Agent_108,NON,5,4,5,4,4
gemma2:9b,data_pmus_yaounde,q3_2,Agent_108,PAR TAXI,4,3,4,4,4
gemma2:9b,data_pmus_yaounde,q3_3_1,Agent_108,TAXI,4,3,4,4,4
gemma2:9b,data_pmus_yaounde,q3_3_2,Agent_108,TAXI,4,3,4,4,4
gemma2:9b,data_pmus_yaounde,q4_1_a,Agent_108,Veuillez indiquer depuis combien de temps vous attendez.,5,5,5,5,5
gemma2:9b,data_pmus_yaounde,q4_1_b,Agent_108,MOINS DE 5 MIN,4,3,4,4,4
gemma2:9b,data_pmus_yaounde,q4_2_a,Agent_108,Veuillez indiquer depuis combien de temps vous attendez.,5,5,5,5,5
gemma2:9b,data_pmus_yaounde,q4_2_b,Agent_108,30 60 MIN,4,3,4,4,4
gemma2:9b,data_pmus_yaounde,q4_3,Agent_108,125,4,3,4,4,4
gemma2:9b,data_pmus_yaounde,q4_4,Agent_108,VISITE FAMILLE,4,3,4,4,4
gemma2:9b,data_pmus_yaounde,q4_4_autres,Agent_108,ACHAT,4,3,4,4,4
gemma2:9b,data_pmus_yaounde,q5_1,Agent_108,ENTRE 36 ET 45 ANS,4,3,4,4,4
gemma2:9b,data_pmus_yaounde,q5_2,Agent_108,ENTRE 30 001 ET 100 000,4,3,4,4,4
gemma2:9b,data_pmus_yaounde,q5_3,Agent_108,FEMME,4,3,4,4,4
gemma2:9b,data_pmus_yaounde,centre ville,Agent_109,YAOUNDE,4,3,4,4,4
gemma2:9b,data_pmus_yaounde,q1_1,Agent_109,UN QUARTIER DE LA VILLE DE YAOUNDE,4,3,4,4,4
gemma2:9b,data_pmus_yaounde,q1_1_a,Agent_109,OYOM ABANG,4,3,4,4,4
gemma2:9b,data_pmus_yaounde,q1_1_b,Agent_109,10EME ARRET,4,3,4,4,4
gemma2:9b,data_pmus_yaounde,q1_1_c,Agent_109,,2,1,2,1,3
gemma2:9b,data_pmus_yaounde,q1_2,Agent_109,UN QUARTIER DE LA VILLE DE YAOUNDE,4,3,4,4,4
gemma2:9b,data_pmus_yaounde,q1_2_a,Agent_109,ABOM,4,3,4,4,4
gemma2:9b,data_pmus_yaounde,q1_2_b,Agent_109,10 IEME ARRET,4,3,4,4,4
gemma2:9b,data_pmus_yaounde,q1_3_c,Agent_109,,2,1,2,1,3
gemma2:9b,data_pmus_yaounde,q2_1,Agent_109,A PIED,4,3,4,4,4
gemma2:9b,data_pmus_yaounde,q2_2_1,Agent_109,,2,1,2,1,3
gemma2:9b,data_pmus_yaounde,q2_2_2,Agent_109,,2,1,2,1,3
gemma2:9b,data_pmus_yaounde,q2_3_1,Agent_109,,2,1,2,1,3
gemma2:9b,data_pmus_yaounde,q2_3_2,Agent_109,,2,1,2,1,3
gemma2:9b,data_pmus_yaounde,q2_3,Agent_109,NON,5,4,5,4,4
gemma2:9b,data_pmus_yaounde,q2_4,Agent_109,A PIED,4,3,4,4,4
gemma2:9b,data_pmus_yaounde,q2_5_1,Agent_109,,2,1,2,1,3
gemma2:9b,data_pmus_yaounde,q2_5_2,Agent_109,,2,1,2,1,3
gemma2:9b,data_pmus_yaounde,q2_6_1,Agent_109,ABATTOIR,4,3,4,4,4
gemma2:9b,data_pmus_yaounde,q2_6_2,Agent_109,11EME ARRET,4,3,4,4,4
gemma2:9b,data_pmus_yaounde,q3_1,Agent_109,NON,5,4,5,4,4
gemma2:9b,data_pmus_yaounde,q3_2,Agent_109,A PIED,4,3,4,4,4
gemma2:9b,data_pmus_yaounde,q3_3_1,Agent_109,,2,1,2,1,3
gemma2:9b,data_pmus_yaounde,q3_3_2,Agent_109,,2,1,2,1,3
gemma2:9b,data_pmus_yaounde,q4_1_a,Agent_109,Veuillez indiquer depuis combien de temps vous attendez.,5,5,5,5,5
gemma2:9b,data_pmus_yaounde,q4_1_b,Agent_109,MOINS DE 5 MIN,4,3,4,4,4
gemma2:9b,data_pmus_yaounde,q4_2_a,Agent_109,Veuillez indiquer depuis combien de temps vous attendez.,5,5,5,5,5
gemma2:9b,data_pmus_yaounde,q4_2_b,Agent_109,30 60 MIN,4,3,4,4,4
gemma2:9b,data_pmus_yaounde,q4_3,Agent_109,2750,4,3,4,4,4
gemma2:9b,data_pmus_yaounde,q4_4,Agent_109,COURSES,4,3,4,4,4
gemma2:9b,data_pmus_yaounde,q4_4_autres,Agent_109,FAIRE DES ACHATS,4,3,4,4,4
gemma2:9b,data_pmus_yaounde,q5_1,Agent_109,ENTRE 18 ET 25 ANS,4,3,4,4,4
gemma2:9b,data_pmus_yaounde,q5_2,Agent_109,MOINS DE 30 000,4,3,4,4,4
gemma2:9b,data_pmus_yaounde,q5_3,Agent_109,FEMME,4,3,4,4,4
gemma2:9b,data_pmus_yaounde,centre ville,Agent_110,YAOUNDE,4,3,4,4,4
gemma2:9b,data_pmus_yaounde,q1_1,Agent_110,UN QUARTIER DE LA VILLE DE YAOUNDE,4,3,4,4,4
gemma2:9b,data_pmus_yaounde,q1_1_a,Agent_110,ABIT,4,3,4,4,4
gemma2:9b,data_pmus_yaounde,q1_1_b,Agent_110,10EME ARRET,4,3,4,4,4
gemma2:9b,data_pmus_yaounde,q1_1_c,Agent_110,,2,1,2,1,3
gemma2:9b,data_pmus_yaounde,q1_2,Agent_110,HORS DE LA VILLE DE YAOUNDE,4,3,4,4,4
gemma2:9b,data_pmus_yaounde,q1_2_a,Agent_110,MBALLA 2,4,3,4,4,4
gemma2:9b,data_pmus_yaounde,q1_2_b,Agent_110,10 IEME ARRET,4,3,4,4,4
gemma2:9b,data_pmus_yaounde,q1_3_c,Agent_110,AFANOYA,4,3,4,4,4
gemma2:9b,data_pmus_yaounde,q2_1,Agent_110,PAR BUS STACY,4,3,4,4,4
gemma2:9b,data_pmus_yaounde,q2_2_1,Agent_110,2 CHEVEAU,4,3,4,4,4
gemma2:9b,data_pmus_yaounde,q2_2_2,Agent_110,10 E ARRET,4,3,4,4,4
gemma2:9b,data_pmus_yaounde,q2_3_1,Agent_110,AUCUN,4,3,4,4,4
gemma2:9b,data_pmus_yaounde,q2_3_2,Agent_110,AUCUN,4,3,4,4,4
gemma2:9b,data_pmus_yaounde,q2_3,Agent_110,NON,5,4,5,4,4
gemma2:9b,data_pmus_yaounde,q2_4,Agent_110,A PIED,4,3,4,4,4
gemma2:9b,data_pmus_yaounde,q2_5_1,Agent_110,A B0NAS,4,3,4,4,4
gemma2:9b,data_pmus_yaounde,q2_5_2,Agent_110,0MPHINE,4,3,4,4,4
gemma2:9b,data_pmus_yaounde,q2_6_1,Agent_110,ABATTOIR,4,3,4,4,4
gemma2:9b,data_pmus_yaounde,q2_6_2,Agent_110,11EME ARRET,4,3,4,4,4
gemma2:9b,data_pmus_yaounde,q3_1,Agent_110,NON,5,4,5,4,4
gemma2:9b,data_pmus_yaounde,q3_2,Agent_110,A PIED,4,3,4,4,4
gemma2:9b,data_pmus_yaounde,q3_3_1,Agent_110,ELEVEUR,4,3,4,4,4
gemma2:9b,data_pmus_yaounde,q3_3_2,Agent_110,10 IEME ARRET,4,3,4,4,4
gemma2:9b,data_pmus_yaounde,q4_1_a,Agent_110,Veuillez indiquer depuis combien de temps vous attendez.,5,5,5,5,5
gemma2:9b,data_pmus_yaounde,q4_1_b,Agent_110,MOINS DE 5 MIN,4,3,4,4,4
gemma2:9b,data_pmus_yaounde,q4_2_a,Agent_110,Veuillez indiquer depuis combien de temps vous attendez.,5,5,5,5,5
gemma2:9b,data_pmus_yaounde,q4_2_b,Agent_110,30 60 MIN,4,3,4,4,4
gemma2:9b,data_pmus_yaounde,q4_3,Agent_110,1850,4,3,4,4,4
gemma2:9b,data_pmus_yaounde,q4_4,Agent_110,ACTIVIT S DE LOISIRS,4,3,4,4,4
gemma2:9b,data_pmus_yaounde,q4_4_autres,Agent_110,ACHAT,4,3,4,4,4
gemma2:9b,data_pmus_yaounde,q5_1,Agent_110,ENTRE 18 ET 25 ANS,4,3,4,4,4
gemma2:9b,data_pmus_yaounde,q5_2,Agent_110,ENTRE 30 001 ET 100 000,4,3,4,4,4
gemma2:9b,data_pmus_yaounde,q5_3,Agent_110,FEMME,4,3,4,4,4
gemma2:9b,data_pmus_yaounde,centre ville,Agent_111,YAOUNDE,4,3,4,4,4
gemma2:9b,data_pmus_yaounde,q1_1,Agent_111,UN QUARTIER DE LA VILLE DE YAOUNDE,4,3,4,4,4
gemma2:9b,data_pmus_yaounde,q1_1_a,Agent_111,ETOA MEKI,4,3,4,4,4
gemma2:9b,data_pmus_yaounde,q1_1_b,Agent_111,CARREFOUR,4,3,4,4,4
gemma2:9b,data_pmus_yaounde,q1_1_c,Agent_111,,2,1,2,1,3
gemma2:9b,data_pmus_yaounde,q1_2,Agent_111,UN QUARTIER DE LA VILLE DE YAOUNDE,4,3,4,4,4
gemma2:9b,data_pmus_yaounde,q1_2_a,Agent_111,MVAN,4,3,4,4,4
gemma2:9b,data_pmus_yaounde,q1_2_b,Agent_111,10 IEME ARRET,4,3,4,4,4
gemma2:9b,data_pmus_yaounde,q1_3_c,Agent_111,MVAN,4,3,4,4,4
gemma2:9b,data_pmus_yaounde,q2_1,Agent_111,A PIED,4,3,4,4,4
gemma2:9b,data_pmus_yaounde,q2_2_1,Agent_111,2 CHEVEAU,4,3,4,4,4
gemma2:9b,data_pmus_yaounde,q2_2_2,Agent_111,,2,1,2,1,3
gemma2:9b,data_pmus_yaounde,q2_3_1,Agent_111,CARREFOURMVAN,4,3,4,4,4
gemma2:9b,data_pmus_yaounde,q2_3_2,Agent_111,CARREFOUR,4,3,4,4,4
gemma2:9b,data_pmus_yaounde,q2_3,Agent_111,NON,5,4,5,4,4
gemma2:9b,data_pmus_yaounde,q2_4,Agent_111,A PIED,4,3,4,4,4
gemma2:9b,data_pmus_yaounde,q2_5_1,Agent_111,A B0NAS,4,3,4,4,4
gemma2:9b,data_pmus_yaounde,q2_5_2,Agent_111,0MPHINE,4,3,4,4,4
gemma2:9b,data_pmus_yaounde,q2_6_1,Agent_111,CARREFOUR,4,3,4,4,4
gemma2:9b,data_pmus_yaounde,q2_6_2,Agent_111,CARREFOUR,4,3,4,4,4
gemma2:9b,data_pmus_yaounde,q3_1,Agent_111,NON,5,4,5,4,4
gemma2:9b,data_pmus_yaounde,q3_2,Agent_111,A PIED,4,3,4,4,4
gemma2:9b,data_pmus_yaounde,q3_3_1,Agent_111,ACACIA,4,3,4,4,4
gemma2:9b,data_pmus_yaounde,q3_3_2,Agent_111,CARREFOUR,4,3,4,4,4
gemma2:9b,data_pmus_yaounde,q4_1_a,Agent_111,Veuillez indiquer depuis combien de temps vous attendez.,5,5,5,5,5
gemma2:9b,data_pmus_yaounde,q4_1_b,Agent_111,MOINS DE 5 MIN,4,3,4,4,4
gemma2:9b,data_pmus_yaounde,q4_2_a,Agent_111,Veuillez indiquer depuis combien de temps vous attendez.,5,5,5,5,5
gemma2:9b,data_pmus_yaounde,q4_2_b,Agent_111,30 60 MIN,4,3,4,4,4
gemma2:9b,data_pmus_yaounde,q4_3,Agent_111,2500,4,3,4,4,4
gemma2:9b,data_pmus_yaounde,q4_4,Agent_111,ACTIVIT S DE LOISIRS,4,3,4,4,4
gemma2:9b,data_pmus_yaounde,q4_4_autres,Agent_111,ACHAT,4,3,4,4,4
gemma2:9b,data_pmus_yaounde,q5_1,Agent_111,ENTRE 18 ET 25 ANS,4,3,4,4,4
gemma2:9b,data_pmus_yaounde,q5_2,Agent_111,ENTRE 300 001 ET 500 000,4,3,4,4,4
gemma2:9b,data_pmus_yaounde,q5_3,Agent_111,FEMME,4,3,4,4,4
gemma2:9b,data_pmus_yaounde,centre ville,Agent_112,YAOUNDE,4,3,4,4,4
gemma2:9b,data_pmus_yaounde,q1_1,Agent_112,UN QUARTIER DE LA VILLE DE YAOUNDE,4,3,4,4,4
gemma2:9b,data_pmus_yaounde,q1_1_a,Agent_112,MVOG ADA,4,3,4,4,4
gemma2:9b,data_pmus_yaounde,q1_1_b,Agent_112,ECOLE,4,3,4,4,4
gemma2:9b,data_pmus_yaounde,q1_1_c,Agent_112,AFANOYA,4,3,4,4,4
gemma2:9b,data_pmus_yaounde,q1_2,Agent_112,UN QUARTIER DE LA VILLE DE YAOUNDE,4,3,4,4,4
gemma2:9b,data_pmus_yaounde,q1_2_a,Agent_112,CENTRE VILLE,4,3,4,4,4
gemma2:9b,data_pmus_yaounde,q1_2_b,Agent_112,10 IEME ARRET,4,3,4,4,4
gemma2:9b,data_pmus_yaounde,q1_3_c,Agent_112,NKOA MBANG,4,3,4,4,4
gemma2:9b,data_pmus_yaounde,q2_1,Agent_112,A PIED,4,3,4,4,4
gemma2:9b,data_pmus_yaounde,q2_2_1,Agent_112,CENTRE VILLE,4,3,4,4,4
gemma2:9b,data_pmus_yaounde,q2_2_2,Agent_112,DANS LE QUARTIER,4,3,4,4,4
gemma2:9b,data_pmus_yaounde,q2_3_1,Agent_112,CENTRE VILLE,4,3,4,4,4
gemma2:9b,data_pmus_yaounde,q2_3_2,Agent_112,0NANA,4,3,4,4,4
gemma2:9b,data_pmus_yaounde,q2_3,Agent_112,NON,5,4,5,4,4
gemma2:9b,data_pmus_yaounde,q2_4,Agent_112,A PIED,4,3,4,4,4
gemma2:9b,data_pmus_yaounde,q2_5_1,Agent_112,MVOG ADA,4,3,4,4,4
gemma2:9b,data_pmus_yaounde,q2_5_2,Agent_112,0MPHINE,4,3,4,4,4
gemma2:9b,data_pmus_yaounde,q2_6_1,Agent_112,MVOG ADA,4,3,4,4,4
gemma2:9b,data_pmus_yaounde,q2_6_2,Agent_112,MONTE,4,3,4,4,4
gemma2:9b,data_pmus_yaounde,q3_1,Agent_112,NON,5,4,5,4,4
gemma2:9b,data_pmus_yaounde,q3_2,Agent_112,A PIED,4,3,4,4,4
gemma2:9b,data_pmus_yaounde,q3_3_1,Agent_112,MVOG ADA,4,3,4,4,4
gemma2:9b,data_pmus_yaounde,q3_3_2,Agent_112,10 IEME ARRET,4,3,4,4,4
gemma2:9b,data_pmus_yaounde,q4_1_a,Agent_112,Veuillez indiquer depuis combien de temps vous attendez.,5,5,5,5,5
gemma2:9b,data_pmus_yaounde,q4_1_b,Agent_112,MOINS DE 5 MIN,4,3,4,4,4
gemma2:9b,data_pmus_yaounde,q4_2_a,Agent_112,Veuillez indiquer depuis combien de temps vous attendez.,5,5,5,5,5
gemma2:9b,data_pmus_yaounde,q4_2_b,Agent_112,30 60 MIN,4,3,4,4,4
gemma2:9b,data_pmus_yaounde,q4_3,Agent_112,3200,4,3,4,4,4
gemma2:9b,data_pmus_yaounde,q4_4,Agent_112,D MARCHES ADMINISTRATIVES ET OU SANT,4,3,4,4,4
gemma2:9b,data_pmus_yaounde,q4_4_autres,Agent_112,ACHAT,4,3,4,4,4
gemma2:9b,data_pmus_yaounde,q5_1,Agent_112,ENTRE 26 ET 35 ANS,4,3,4,4,4
gemma2:9b,data_pmus_yaounde,q5_2,Agent_112,ENTRE 30 001 ET 100 000,4,3,4,4,4
gemma2:9b,data_pmus_yaounde,q5_3,Agent_112,FEMME,4,3,4,4,4
gemma2:9b,data_pmus_yaounde,centre ville,Agent_113,YAOUNDE,4,3,4,4,4
gemma2:9b,data_pmus_yaounde,q1_1,Agent_113,UN QUARTIER DE LA VILLE DE YAOUNDE,4,3,4,4,4
gemma2:9b,data_pmus_yaounde,q1_1_a,Agent_113,ABIT,4,3,4,4,4
gemma2:9b,data_pmus_yaounde,q1_1_b,Agent_113,10EME ARRET,4,3,4,4,4
gemma2:9b,data_pmus_yaounde,q1_1_c,Agent_113,AFANOYA,4,3,4,4,4
gemma2:9b,data_pmus_yaounde,q1_2,Agent_113,UN QUARTIER DE LA VILLE DE YAOUNDE,4,3,4,4,4
gemma2:9b,data_pmus_yaounde,q1_2_a,Agent_113,MELEN,4,3,4,4,4
gemma2:9b,data_pmus_yaounde,q1_2_b,Agent_113,10 IEME ARRET,4,3,4,4,4
gemma2:9b,data_pmus_yaounde,q1_3_c,Agent_113,,2,1,2,1,3
gemma2:9b,data_pmus_yaounde,q2_1,Agent_113,PAR CARGO MINI BUS,4,3,4,4,4
gemma2:9b,data_pmus_yaounde,q2_2_1,Agent_113,CARREFOUR MEEC,4,3,4,4,4
gemma2:9b,data_pmus_yaounde,q2_2_2,Agent_113,10 E ARRET,4,3,4,4,4
gemma2:9b,data_pmus_yaounde,q2_3_1,Agent_113,0LESOA,4,3,4,4,4
gemma2:9b,data_pmus_yaounde,q2_3_2,Agent_113,HOPITAL,4,3,4,4,4
gemma2:9b,data_pmus_yaounde,q2_3,Agent_113,NON,5,4,5,4,4
gemma2:9b,data_pmus_yaounde,q2_4,Agent_113,A PIED,4,3,4,4,4
gemma2:9b,data_pmus_yaounde,q2_5_1,Agent_113,MELEN,4,3,4,4,4
gemma2:9b,data_pmus_yaounde,q2_5_2,Agent_113,HOPITAL,4,3,4,4,4
gemma2:9b,data_pmus_yaounde,q2_6_1,Agent_113,HOPITAL,4,3,4,4,4
gemma2:9b,data_pmus_yaounde,q2_6_2,Agent_113,11EME ARRET,4,3,4,4,4
gemma2:9b,data_pmus_yaounde,q3_1,Agent_113,NON,5,4,5,4,4
gemma2:9b,data_pmus_yaounde,q3_2,Agent_113,PAR CARGO MINI BUS,4,3,4,4,4
gemma2:9b,data_pmus_yaounde,q3_3_1,Agent_113,MELEN,4,3,4,4,4
gemma2:9b,data_pmus_yaounde,q3_3_2,Agent_113,10 IEME ARRET,4,3,4,4,4
gemma2:9b,data_pmus_yaounde,q4_1_a,Agent_113,Veuillez indiquer depuis combien de temps vous attendez.,5,5,5,5,5
gemma2:9b,data_pmus_yaounde,q4_1_b,Agent_113,MOINS DE 5 MIN,4,3,4,4,4
gemma2:9b,data_pmus_yaounde,q4_2_a,Agent_113,Veuillez indiquer depuis combien de temps vous attendez.,5,5,5,5,5
gemma2:9b,data_pmus_yaounde,q4_2_b,Agent_113,30 60 MIN,4,3,4,4,4
gemma2:9b,data_pmus_yaounde,q4_3,Agent_113,1400,4,3,4,4,4
gemma2:9b,data_pmus_yaounde,q4_4,Agent_113,VISITE FAMILLE,4,3,4,4,4
gemma2:9b,data_pmus_yaounde,q4_4_autres,Agent_113,ACHAT,4,3,4,4,4
gemma2:9b,data_pmus_yaounde,q5_1,Agent_113,ENTRE 18 ET 25 ANS,4,3,4,4,4
gemma2:9b,data_pmus_yaounde,q5_2,Agent_113,ENTRE 30 001 ET 100 000,4,3,4,4,4
gemma2:9b,data_pmus_yaounde,q5_3,Agent_113,FEMME,4,3,4,4,4
gemma2:9b,data_pmus_yaounde,centre ville,Agent_114,YAOUNDE,4,3,4,4,4
gemma2:9b,data_pmus_yaounde,q1_1,Agent_114,UN QUARTIER DE LA VILLE DE YAOUNDE,4,3,4,4,4
gemma2:9b,data_pmus_yaounde,q1_1_a,Agent_114,OLEMBE,4,3,4,4,4
gemma2:9b,data_pmus_yaounde,q1_1_b,Agent_114,MONTE DU PARC,4,3,4,4,4
gemma2:9b,data_pmus_yaounde,q1_1_c,Agent_114,,2,1,2,1,3
gemma2:9b,data_pmus_yaounde,q1_2,Agent_114,UN QUARTIER DE LA VILLE DE YAOUNDE,4,3,4,4,4
gemma2:9b,data_pmus_yaounde,q1_2_a,Agent_114,ABOM,4,3,4,4,4
gemma2:9b,data_pmus_yaounde,q1_2_b,Agent_114,AUCUN,4,3,4,4,4
gemma2:9b,data_pmus_yaounde,q1_3_c,Agent_114,,2,1,2,1,3
gemma2:9b,data_pmus_yaounde,q2_1,Agent_114,PAR BUS STACY,4,3,4,4,4
gemma2:9b,data_pmus_yaounde,q2_2_1,Agent_114,CARREFOUR DES SOEUR,4,3,4,4,4
gemma2:9b,data_pmus_yaounde,q2_2_2,Agent_114,10 E ARRET,4,3,4,4,4
gemma2:9b,data_pmus_yaounde,q2_3_1,Agent_114,0LESOA,4,3,4,4,4
gemma2:9b,data_pmus_yaounde,q2_3_2,Agent_114,0NANA,4,3,4,4,4
gemma2:9b,data_pmus_yaounde,q2_3,Agent_114,NON,5,4,5,4,4
gemma2:9b,data_pmus_yaounde,q2_4,Agent_114,PAR BUS STACY,4,3,4,4,4
gemma2:9b,data_pmus_yaounde,q2_5_1,Agent_114,CENTRE VILLE,4,3,4,4,4
gemma2:9b,data_pmus_yaounde,q2_5_2,Agent_114,0MPHINE,4,3,4,4,4
gemma2:9b,data_pmus_yaounde,q2_6_1,Agent_114,ONANA,4,3,4,4,4
gemma2:9b,data_pmus_yaounde,q2_6_2,Agent_114,CENTRE VILLE,4,3,4,4,4
gemma2:9b,data_pmus_yaounde,q3_1,Agent_114,NON,5,4,5,4,4
gemma2:9b,data_pmus_yaounde,q3_2,Agent_114,PAR BUS STACY,4,3,4,4,4
gemma2:9b,data_pmus_yaounde,q3_3_1,Agent_114,CENTRE VILLE,4,3,4,4,4
gemma2:9b,data_pmus_yaounde,q3_3_2,Agent_114,CENTRE VILLE,4,3,4,4,4
gemma2:9b,data_pmus_yaounde,q4_1_a,Agent_114,Veuillez indiquer depuis combien de temps vous attendez.,5,5,5,5,5
gemma2:9b,data_pmus_yaounde,q4_1_b,Agent_114,MOINS DE 5 MIN,4,3,4,4,4
gemma2:9b,data_pmus_yaounde,q4_2_a,Agent_114,Veuillez indiquer depuis combien de temps vous attendez.,5,5,5,5,5
gemma2:9b,data_pmus_yaounde,q4_2_b,Agent_114,30 60 MIN,4,3,4,4,4
gemma2:9b,data_pmus_yaounde,q4_3,Agent_114,1200,4,3,4,4,4
gemma2:9b,data_pmus_yaounde,q4_4,Agent_114,VISITE FAMILLE,4,3,4,4,4
gemma2:9b,data_pmus_yaounde,q4_4_autres,Agent_114,REUNION FAMILIALE,4,3,4,4,4
gemma2:9b,data_pmus_yaounde,q5_1,Agent_114,ENTRE 18 ET 25 ANS,4,3,4,4,4
gemma2:9b,data_pmus_yaounde,q5_2,Agent_114,ENTRE 30 001 ET 100 000,4,3,4,4,4
gemma2:9b,data_pmus_yaounde,q5_3,Agent_114,FEMME,4,3,4,4,4
gemma2:9b,data_pmus_yaounde,centre ville,Agent_115,YAOUNDE,4,3,4,4,4
gemma2:9b,data_pmus_yaounde,q1_1,Agent_115,UN QUARTIER DE LA VILLE DE YAOUNDE,4,3,4,4,4
gemma2:9b,data_pmus_yaounde,q1_1_a,Agent_115,ABIT,4,3,4,4,4
gemma2:9b,data_pmus_yaounde,q1_1_b,Agent_115,ENTRE ABEGA,4,3,4,4,4
gemma2:9b,data_pmus_yaounde,q1_1_c,Agent_115,,2,1,2,1,3
gemma2:9b,data_pmus_yaounde,q1_2,Agent_115,UN QUARTIER DE LA VILLE DE YAOUNDE,4,3,4,4,4
gemma2:9b,data_pmus_yaounde,q1_2_a,Agent_115,EMIA,4,3,4,4,4
gemma2:9b,data_pmus_yaounde,q1_2_b,Agent_115,10 IEME ARRET,4,3,4,4,4
gemma2:9b,data_pmus_yaounde,q1_3_c,Agent_115,,2,1,2,1,3
gemma2:9b,data_pmus_yaounde,q2_1,Agent_115,PAR BUS STACY,4,3,4,4,4
gemma2:9b,data_pmus_yaounde,q2_2_1,Agent_115,2 CHEVEAU,4,3,4,4,4
gemma2:9b,data_pmus_yaounde,q2_2_2,Agent_115,10 E ARRET,4,3,4,4,4
gemma2:9b,data_pmus_yaounde,q2_3_1,Agent_115,,2,1,2,1,3
gemma2:9b,data_pmus_yaounde,q2_3_2,Agent_115,,2,1,2,1,3
gemma2:9b,data_pmus_yaounde,q2_3,Agent_115,NON,5,4,5,4,4
gemma2:9b,data_pmus_yaounde,q2_4,Agent_115,PAR BUS STACY,4,3,4,4,4
gemma2:9b,data_pmus_yaounde,q2_5_1,Agent_115,A B0NAS,4,3,4,4,4
gemma2:9b,data_pmus_yaounde,q2_5_2,Agent_115,0MPHINE,4,3,4,4,4
gemma2:9b,data_pmus_yaounde,q2_6_1,Agent_115,ABATTOIR,4,3,4,4,4
gemma2:9b,data_pmus_yaounde,q2_6_2,Agent_115,11EME ARRET,4,3,4,4,4
gemma2:9b,data_pmus_yaounde,q3_1,Agent_115,NON,5,4,5,4,4
gemma2:9b,data_pmus_yaounde,q3_2,Agent_115,PAR BUS STACY,4,3,4,4,4
gemma2:9b,data_pmus_yaounde,q3_3_1,Agent_115,ACACIA,4,3,4,4,4
gemma2:9b,data_pmus_yaounde,q3_3_2,Agent_115,ACACIA,4,3,4,4,4
gemma2:9b,data_pmus_yaounde,q4_1_a,Agent_115,Veuillez indiquer depuis combien de temps vous attendez.,5,5,5,5,5
gemma2:9b,data_pmus_yaounde,q4_1_b,Agent_115,MOINS DE 5 MIN,4,3,4,4,4
gemma2:9b,data_pmus_yaounde,q4_2_a,Agent_115,Veuillez indiquer depuis combien de temps vous attendez.,5,5,5,5,5
gemma2:9b,data_pmus_yaounde,q4_2_b,Agent_115,30 60 MIN,4,3,4,4,4
gemma2:9b,data_pmus_yaounde,q4_3,Agent_115,1300,4,3,4,4,4
gemma2:9b,data_pmus_yaounde,q4_4,Agent_115,COURSES,4,3,4,4,4
gemma2:9b,data_pmus_yaounde,q4_4_autres,Agent_115,FAIRE DES ACHATS,4,3,4,4,4
gemma2:9b,data_pmus_yaounde,q5_1,Agent_115,ENTRE 18 ET 25 ANS,4,3,4,4,4
gemma2:9b,data_pmus_yaounde,q5_2,Agent_115,ENTRE 30 001 ET 100 000,4,3,4,4,4
gemma2:9b,data_pmus_yaounde,q5_3,Agent_115,FEMME,4,3,4,4,4
gemma2:9b,data_pmus_yaounde,centre ville,Agent_116,YAOUNDE,4,3,4,4,4
gemma2:9b,data_pmus_yaounde,q1_1,Agent_116,UN QUARTIER DE LA VILLE DE YAOUNDE,4,3,4,4,4
gemma2:9b,data_pmus_yaounde,q1_1_a,Agent_116,BRIQUETERIE,4,3,4,4,4
gemma2:9b,data_pmus_yaounde,q1_1_b,Agent_116,STATION MRS,4,3,4,4,4
gemma2:9b,data_pmus_yaounde,q1_1_c,Agent_116,AFANOYA,4,3,4,4,4
gemma2:9b,data_pmus_yaounde,q1_2,Agent_116,UN QUARTIER DE LA VILLE DE YAOUNDE,4,3,4,4,4
gemma2:9b,data_pmus_yaounde,q1_2_a,Agent_116,ABOM,4,3,4,4,4
gemma2:9b,data_pmus_yaounde,q1_2_b,Agent_116,CHAMPANZE,4,3,4,4,4
gemma2:9b,data_pmus_yaounde,q1_3_c,Agent_116,,2,1,2,1,3
gemma2:9b,data_pmus_yaounde,q2_1,Agent_116,A PIED,4,3,4,4,4
gemma2:9b,data_pmus_yaounde,q2_2_1,Agent_116,BRIQUETERIE,4,3,4,4,4
gemma2:9b,data_pmus_yaounde,q2_2_2,Agent_116,10 E ARRET,4,3,4,4,4
gemma2:9b,data_pmus_yaounde,q2_3_1,Agent_116,0LESOA,4,3,4,4,4
gemma2:9b,data_pmus_yaounde,q2_3_2,Agent_116,WARDA,4,3,4,4,4
gemma2:9b,data_pmus_yaounde,q2_3,Agent_116,NON,5,4,5,4,4
gemma2:9b,data_pmus_yaounde,q2_4,Agent_116,A PIED,4,3,4,4,4
gemma2:9b,data_pmus_yaounde,q2_5_1,Agent_116,A B0NAS,4,3,4,4,4
gemma2:9b,data_pmus_yaounde,q2_5_2,Agent_116,0MPHINE,4,3,4,4,4
gemma2:9b,data_pmus_yaounde,q2_6_1,Agent_116,ABATTOIR,4,3,4,4,4
gemma2:9b,data_pmus_yaounde,q2_6_2,Agent_116,11EME ARRET,4,3,4,4,4
gemma2:9b,data_pmus_yaounde,q3_1,Agent_116,NON,5,4,5,4,4
gemma2:9b,data_pmus_yaounde,q3_2,Agent_116,A PIED,4,3,4,4,4
gemma2:9b,data_pmus_yaounde,q3_3_1,Agent_116,WARDA,4,3,4,4,4
gemma2:9b,data_pmus_yaounde,q3_3_2,Agent_116,10 IEME ARRET,4,3,4,4,4
gemma2:9b,data_pmus_yaounde,q4_1_a,Agent_116,Veuillez indiquer depuis combien de temps vous attendez.,5,5,5,5,5
gemma2:9b,data_pmus_yaounde,q4_1_b,Agent_116,MOINS DE 5 MIN,4,3,4,4,4
gemma2:9b,data_pmus_yaounde,q4_2_a,Agent_116,Veuillez indiquer depuis combien de temps vous attendez.,5,5,5,5,5
gemma2:9b,data_pmus_yaounde,q4_2_b,Agent_116,30 60 MIN,4,3,4,4,4
gemma2:9b,data_pmus_yaounde,q4_3,Agent_116,800,4,3,4,4,4
gemma2:9b,data_pmus_yaounde,q4_4,Agent_116,TRAVAIL,4,3,4,4,4
gemma2:9b,data_pmus_yaounde,q4_4_autres,Agent_116,ACHAT,4,3,4,4,4
gemma2:9b,data_pmus_yaounde,q5_1,Agent_116,ENTRE 36 ET 45 ANS,4,3,4,4,4
gemma2:9b,data_pmus_yaounde,q5_2,Agent_116,ENTRE 30 001 ET 100 000,4,3,4,4,4
gemma2:9b,data_pmus_yaounde,q5_3,Agent_116,HOMME,4,3,4,4,4
gemma2:9b,data_pmus_yaounde,centre ville,Agent_117,YAOUNDE,4,3,4,4,4
gemma2:9b,data_pmus_yaounde,q1_1,Agent_117,UN QUARTIER DE LA VILLE DE YAOUNDE,4,3,4,4,4
gemma2:9b,data_pmus_yaounde,q1_1_a,Agent_117,ACACIA,4,3,4,4,4
gemma2:9b,data_pmus_yaounde,q1_1_b,Agent_117,COLLEGE BASSI,4,3,4,4,4
gemma2:9b,data_pmus_yaounde,q1_1_c,Agent_117,AFANOYA,4,3,4,4,4
gemma2:9b,data_pmus_yaounde,q1_2,Agent_117,UN QUARTIER DE LA VILLE DE YAOUNDE,4,3,4,4,4
gemma2:9b,data_pmus_yaounde,q1_2_a,Agent_117,ABOM,4,3,4,4,4
gemma2:9b,data_pmus_yaounde,q1_2_b,Agent_117,10 IEME ARRET,4,3,4,4,4
gemma2:9b,data_pmus_yaounde,q1_3_c,Agent_117,YAOUNDE,4,3,4,4,4
gemma2:9b,data_pmus_yaounde,q2_1,Agent_117,PAR BUS STACY,4,3,4,4,4
gemma2:9b,data_pmus_yaounde,q2_2_1,Agent_117,2 CHEVEAU,4,3,4,4,4
gemma2:9b,data_pmus_yaounde,q2_2_2,Agent_117,10 E ARRET,4,3,4,4,4
gemma2:9b,data_pmus_yaounde,q2_3_1,Agent_117,0LESOA,4,3,4,4,4
gemma2:9b,data_pmus_yaounde,q2_3_2,Agent_117,0NANA,4,3,4,4,4
gemma2:9b,data_pmus_yaounde,q2_3,Agent_117,NON,5,4,5,4,4
gemma2:9b,data_pmus_yaounde,q2_4,Agent_117,PAR BUS STACY,4,3,4,4,4
gemma2:9b,data_pmus_yaounde,q2_5_1,Agent_117,CARREFOUR NSSIMEYONG,4,3,4,4,4
gemma2:9b,data_pmus_yaounde,q2_5_2,Agent_117,0MPHINE,4,3,4,4,4
gemma2:9b,data_pmus_yaounde,q2_6_1,Agent_117,ABATTOIR,4,3,4,4,4
gemma2:9b,data_pmus_yaounde,q2_6_2,Agent_117,11EME ARRET,4,3,4,4,4
gemma2:9b,data_pmus_yaounde,q3_1,Agent_117,NON,5,4,5,4,4
gemma2:9b,data_pmus_yaounde,q3_2,Agent_117,PAR BUS STACY,4,3,4,4,4
gemma2:9b,data_pmus_yaounde,q3_3_1,Agent_117,ACACIA,4,3,4,4,4
gemma2:9b,data_pmus_yaounde,q3_3_2,Agent_117,ACACIA,4,3,4,4,4
gemma2:9b,data_pmus_yaounde,q4_1_a,Agent_117,Veuillez indiquer depuis combien de temps vous attendez.,5,5,5,5,5
gemma2:9b,data_pmus_yaounde,q4_1_b,Agent_117,MOINS DE 5 MIN,4,3,4,4,4
gemma2:9b,data_pmus_yaounde,q4_2_a,Agent_117,Veuillez indiquer depuis combien de temps vous attendez.,5,5,5,5,5
gemma2:9b,data_pmus_yaounde,q4_2_b,Agent_117,30 60 MIN,4,3,4,4,4
gemma2:9b,data_pmus_yaounde,q4_3,Agent_117,7000,4,3,4,4,4
gemma2:9b,data_pmus_yaounde,q4_4,Agent_117,COURSES,4,3,4,4,4
gemma2:9b,data_pmus_yaounde,q4_4_autres,Agent_117,FAIRE DES ACHATS,4,3,4,4,4
gemma2:9b,data_pmus_yaounde,q5_1,Agent_117,MOINS DE 18 ANS,4,3,4,4,4
gemma2:9b,data_pmus_yaounde,q5_2,Agent_117,MOINS DE 30 000,4,3,4,4,4
gemma2:9b,data_pmus_yaounde,q5_3,Agent_117,FEMME,4,3,4,4,4
gemma2:9b,data_pmus_yaounde,centre ville,Agent_118,YAOUNDE,4,3,4,4,4
gemma2:9b,data_pmus_yaounde,q1_1,Agent_118,UN QUARTIER DE LA VILLE DE YAOUNDE,4,3,4,4,4
gemma2:9b,data_pmus_yaounde,q1_1_a,Agent_118,ABIT,4,3,4,4,4
gemma2:9b,data_pmus_yaounde,q1_1_b,Agent_118,10EME ARRET,4,3,4,4,4
gemma2:9b,data_pmus_yaounde,q1_1_c,Agent_118,,2,1,2,1,3
gemma2:9b,data_pmus_yaounde,q1_2,Agent_118,UN QUARTIER DE LA VILLE DE YAOUNDE,4,3,4,4,4
gemma2:9b,data_pmus_yaounde,q1_2_a,Agent_118,ABOM,4,3,4,4,4
gemma2:9b,data_pmus_yaounde,q1_2_b,Agent_118,CARREFOUR,4,3,4,4,4
gemma2:9b,data_pmus_yaounde,q1_3_c,Agent_118,,2,1,2,1,3
gemma2:9b,data_pmus_yaounde,q2_1,Agent_118,A PIED,4,3,4,4,4
gemma2:9b,data_pmus_yaounde,q2_2_1,Agent_118,CARREFOUR DES SOEUR,4,3,4,4,4
gemma2:9b,data_pmus_yaounde,q2_2_2,Agent_118,CARREFOUR,4,3,4,4,4
gemma2:9b,data_pmus_yaounde,q2_3_1,Agent_118,CARREFOUR,4,3,4,4,4
gemma2:9b,data_pmus_yaounde,q2_3_2,Agent_118,CARREFOUR,4,3,4,4,4
gemma2:9b,data_pmus_yaounde,q2_3,Agent_118,NON,5,4,5,4,4
gemma2:9b,data_pmus_yaounde,q2_4,Agent_118,A PIED,4,3,4,4,4
gemma2:9b,data_pmus_yaounde,q2_5_1,Agent_118,A B0NAS,4,3,4,4,4
gemma2:9b,data_pmus_yaounde,q2_5_2,Agent_118,0MPHINE,4,3,4,4,4
gemma2:9b,data_pmus_yaounde,q2_6_1,Agent_118,CARREFOUR,4,3,4,4,4
gemma2:9b,data_pmus_yaounde,q2_6_2,Agent_118,CARREFOUR,4,3,4,4,4
gemma2:9b,data_pmus_yaounde,q3_1,Agent_118,NON,5,4,5,4,4
gemma2:9b,data_pmus_yaounde,q3_2,Agent_118,A PIED,4,3,4,4,4
gemma2:9b,data_pmus_yaounde,q3_3_1,Agent_118,ACACIA,4,3,4,4,4
gemma2:9b,data_pmus_yaounde,q3_3_2,Agent_118,CARREFOUR,4,3,4,4,4
gemma2:9b,data_pmus_yaounde,q4_1_a,Agent_118,Veuillez indiquer depuis combien de temps vous attendez.,5,5,5,5,5
gemma2:9b,data_pmus_yaounde,q4_1_b,Agent_118,MOINS DE 5 MIN,4,3,4,4,4
gemma2:9b,data_pmus_yaounde,q4_2_a,Agent_118,Veuillez indiquer depuis combien de temps vous attendez.,5,5,5,5,5
gemma2:9b,data_pmus_yaounde,q4_2_b,Agent_118,30 60 MIN,4,3,4,4,4
gemma2:9b,data_pmus_yaounde,q4_3,Agent_118,550,4,3,4,4,4
gemma2:9b,data_pmus_yaounde,q4_4,Agent_118,ACTIVIT S DE LOISIRS,4,3,4,4,4
gemma2:9b,data_pmus_yaounde,q4_4_autres,Agent_118,ACHAT,4,3,4,4,4
gemma2:9b,data_pmus_yaounde,q5_1,Agent_118,ENTRE 26 ET 35 ANS,4,3,4,4,4
gemma2:9b,data_pmus_yaounde,q5_2,Agent_118,ENTRE 30 001 ET 100 000,4,3,4,4,4
gemma2:9b,data_pmus_yaounde,q5_3,Agent_118,FEMME,4,3,4,4,4
gemma2:9b,data_pmus_yaounde,centre ville,Agent_119,YAOUNDE,4,3,4,4,4
gemma2:9b,data_pmus_yaounde,q1_1,Agent_119,UN QUARTIER DE LA VILLE DE YAOUNDE,4,3,4,4,4
gemma2:9b,data_pmus_yaounde,q1_1_a,Agent_119,ABIT,4,3,4,4,4
gemma2:9b,data_pmus_yaounde,q1_1_b,Agent_119,10EME ARRET,4,3,4,4,4
gemma2:9b,data_pmus_yaounde,q1_1_c,Agent_119,,2,1,2,1,3
gemma2:9b,data_pmus_yaounde,q1_2,Agent_119,UN QUARTIER DE LA VILLE DE YAOUNDE,4,3,4,4,4
gemma2:9b,data_pmus_yaounde,q1_2_a,Agent_119,ABOM,4,3,4,4,4
gemma2:9b,data_pmus_yaounde,q1_2_b,Agent_119,10 IEME ARRET,4,3,4,4,4
gemma2:9b,data_pmus_yaounde,q1_3_c,Agent_119,,2,1,2,1,3
gemma2:9b,data_pmus_yaounde,q2_1,Agent_119,A PIED,4,3,4,4,4
gemma2:9b,data_pmus_yaounde,q2_2_1,Agent_119,2 CHEVEAU,4,3,4,4,4
gemma2:9b,data_pmus_yaounde,q2_2_2,Agent_119,ABOM,4,3,4,4,4
gemma2:9b,data_pmus_yaounde,q2_3_1,Agent_119,AUCUN,4,3,4,4,4
gemma2:9b,data_pmus_yaounde,q2_3_2,Agent_119,,2,1,2,1,3
gemma2:9b,data_pmus_yaounde,q2_3,Agent_119,NON,5,4,5,4,4
gemma2:9b,data_pmus_yaounde,q2_4,Agent_119,A PIED,4,3,4,4,4
gemma2:9b,data_pmus_yaounde,q2_5_1,Agent_119,A B0NAS,4,3,4,4,4
gemma2:9b,data_pmus_yaounde,q2_5_2,Agent_119,0MPHINE,4,3,4,4,4
gemma2:9b,data_pmus_yaounde,q2_6_1,Agent_119,,2,1,2,1,3
gemma2:9b,data_pmus_yaounde,q2_6_2,Agent_119,,2,1,2,1,3
gemma2:9b,data_pmus_yaounde,q3_1,Agent_119,NON,5,4,5,4,4
gemma2:9b,data_pmus_yaounde,q3_2,Agent_119,PAR BUS STACY,4,3,4,4,4
gemma2:9b,data_pmus_yaounde,q3_3_1,Agent_119,BARRIERE,4,3,4,4,4
gemma2:9b,data_pmus_yaounde,q3_3_2,Agent_119,BARRIERE,4,3,4,4,4
gemma2:9b,data_pmus_yaounde,q4_1_a,Agent_119,Veuillez indiquer depuis combien de temps vous attendez.,5,5,5,5,5
gemma2:9b,data_pmus_yaounde,q4_1_b,Agent_119,MOINS DE 5 MIN,4,3,4,4,4
gemma2:9b,data_pmus_yaounde,q4_2_a,Agent_119,Veuillez indiquer depuis combien de temps vous attendez.,5,5,5,5,5
gemma2:9b,data_pmus_yaounde,q4_2_b,Agent_119,30 60 MIN,4,3,4,4,4
gemma2:9b,data_pmus_yaounde,q4_3,Agent_119,2700,4,3,4,4,4
gemma2:9b,data_pmus_yaounde,q4_4,Agent_119,TRAVAIL,4,3,4,4,4
gemma2:9b,data_pmus_yaounde,q4_4_autres,Agent_119,ACHAT,4,3,4,4,4
gemma2:9b,data_pmus_yaounde,q5_1,Agent_119,ENTRE 18 ET 25 ANS,4,3,4,4,4
gemma2:9b,data_pmus_yaounde,q5_2,Agent_119,ENTRE 30 001 ET 100 000,4,3,4,4,4
gemma2:9b,data_pmus_yaounde,q5_3,Agent_119,FEMME,4,3,4,4,4
gemma2:9b,data_pmus_yaounde,centre ville,Agent_120,YAOUNDE,4,3,4,4,4
gemma2:9b,data_pmus_yaounde,q1_1,Agent_120,UN QUARTIER DE LA VILLE DE YAOUNDE,4,3,4,4,4
gemma2:9b,data_pmus_yaounde,q1_1_a,Agent_120,ABIT,4,3,4,4,4
gemma2:9b,data_pmus_yaounde,q1_1_b,Agent_120,COLLEGE DE LESPERANCE,4,3,4,4,4
gemma2:9b,data_pmus_yaounde,q1_1_c,Agent_120,AFANOYA,4,3,4,4,4
gemma2:9b,data_pmus_yaounde,q1_2,Agent_120,UN QUARTIER DE LA VILLE DE YAOUNDE,4,3,4,4,4
gemma2:9b,data_pmus_yaounde,q1_2_a,Agent_120,COLMESING,4,3,4,4,4
gemma2:9b,data_pmus_yaounde,q1_2_b,Agent_120,10 IEME ARRET,4,3,4,4,4
gemma2:9b,data_pmus_yaounde,q1_3_c,Agent_120,NKOA MBANG,4,3,4,4,4
gemma2:9b,data_pmus_yaounde,q2_1,Agent_120,PAR BUS AGENCE INTERURBAIN,4,3,4,4,4
gemma2:9b,data_pmus_yaounde,q2_2_1,Agent_120,2 CHEVEAU,4,3,4,4,4
gemma2:9b,data_pmus_yaounde,q2_2_2,Agent_120,10 E ARRET,4,3,4,4,4
gemma2:9b,data_pmus_yaounde,q2_3_1,Agent_120,0LESOA,4,3,4,4,4
gemma2:9b,data_pmus_yaounde,q2_3_2,Agent_120,0NANA,4,3,4,4,4
gemma2:9b,data_pmus_yaounde,q2_3,Agent_120,NON,5,4,5,4,4
gemma2:9b,data_pmus_yaounde,q2_4,Agent_120,PAR BUS AGENCE INTERURBAIN,4,3,4,4,4
gemma2:9b,data_pmus_yaounde,q2_5_1,Agent_120,A B0NAS,4,3,4,4,4
gemma2:9b,data_pmus_yaounde,q2_5_2,Agent_120,OMNISIPORT,4,3,4,4,4
gemma2:9b,data_pmus_yaounde,q2_6_1,Agent_120,OMNISIPORT,4,3,4,4,4
gemma2:9b,data_pmus_yaounde,q2_6_2,Agent_120,OMNISIPORT,4,3,4,4,4
gemma2:9b,data_pmus_yaounde,q3_1,Agent_120,NON,5,4,5,4,4
gemma2:9b,data_pmus_yaounde,q3_2,Agent_120,PAR BUS AGENCE INTERURBAIN,4,3,4,4,4
gemma2:9b,data_pmus_yaounde,q3_3_1,Agent_120,OMNISIPORT,4,3,4,4,4
gemma2:9b,data_pmus_yaounde,q3_3_2,Agent_120,OMNISIPORT,4,3,4,4,4
gemma2:9b,data_pmus_yaounde,q4_1_a,Agent_120,Veuillez indiquer depuis combien de temps vous attendez.,5,5,5,5,5
gemma2:9b,data_pmus_yaounde,q4_1_b,Agent_120,MOINS DE 5 MIN,4,3,4,4,4
gemma2:9b,data_pmus_yaounde,q4_2_a,Agent_120,Veuillez indiquer depuis combien de temps vous attendez.,5,5,5,5,5
gemma2:9b,data_pmus_yaounde,q4_2_b,Agent_120,30 60 MIN,4,3,4,4,4
gemma2:9b,data_pmus_yaounde,q4_3,Agent_120,1200,4,3,4,4,4
gemma2:9b,data_pmus_yaounde,q4_4,Agent_120,COURSES,4,3,4,4,4
gemma2:9b,data_pmus_yaounde,q4_4_autres,Agent_120,FAIRE DES ACHATS,4,3,4,4,4
gemma2:9b,data_pmus_yaounde,q5_1,Agent_120,MOINS DE 18 ANS,4,3,4,4,4
gemma2:9b,data_pmus_yaounde,q5_2,Agent_120,ENTRE 30 001 ET 100 000,4,3,4,4,4
gemma2:9b,data_pmus_yaounde,q5_3,Agent_120,FEMME,4,3,4,4,4
gemma2:9b,data_pmus_yaounde,centre ville,Agent_121,YAOUNDE,4,3,4,4,4
gemma2:9b,data_pmus_yaounde,q1_1,Agent_121,UN QUARTIER DE LA VILLE DE YAOUNDE,4,3,4,4,4
gemma2:9b,data_pmus_yaounde,q1_1_a,Agent_121,ACACIA,4,3,4,4,4
gemma2:9b,data_pmus_yaounde,q1_1_b,Agent_121,10EME ARRET,4,3,4,4,4
gemma2:9b,data_pmus_yaounde,q1_1_c,Agent_121,AFANOYA,4,3,4,4,4
gemma2:9b,data_pmus_yaounde,q1_2,Agent_121,UN QUARTIER DE LA VILLE DE YAOUNDE,4,3,4,4,4
gemma2:9b,data_pmus_yaounde,q1_2_a,Agent_121,SCALOM,4,3,4,4,4
gemma2:9b,data_pmus_yaounde,q1_2_b,Agent_121,SCALOM,4,3,4,4,4
gemma2:9b,data_pmus_yaounde,q1_3_c,Agent_121,YAOUNDE,4,3,4,4,4
gemma2:9b,data_pmus_yaounde,q2_1,Agent_121,A PIED,4,3,4,4,4
gemma2:9b,data_pmus_yaounde,q2_2_1,Agent_121,ACACIA,4,3,4,4,4
gemma2:9b,data_pmus_yaounde,q2_2_2,Agent_121,,2,1,2,1,3
gemma2:9b,data_pmus_yaounde,q2_3_1,Agent_121,,2,1,2,1,3
gemma2:9b,data_pmus_yaounde,q2_3_2,Agent_121,,2,1,2,1,3
gemma2:9b,data_pmus_yaounde,q2_3,Agent_121,NON,5,4,5,4,4
gemma2:9b,data_pmus_yaounde,q2_4,Agent_121,PAR BUS STACY,4,3,4,4,4
gemma2:9b,data_pmus_yaounde,q2_5_1,Agent_121,SCALOM,4,3,4,4,4
gemma2:9b,data_pmus_yaounde,q2_5_2,Agent_121,0MPHINE,4,3,4,4,4
gemma2:9b,data_pmus_yaounde,q2_6_1,Agent_121,ABATTOIR,4,3,4,4,4
gemma2:9b,data_pmus_yaounde,q2_6_2,Agent_121,11EME ARRET,4,3,4,4,4
gemma2:9b,data_pmus_yaounde,q3_1,Agent_121,NON,5,4,5,4,4
gemma2:9b,data_pmus_yaounde,q3_2,Agent_121,PAR BUS STACY,4,3,4,4,4
gemma2:9b,data_pmus_yaounde,q3_3_1,Agent_121,ACACIA,4,3,4,4,4
gemma2:9b,data_pmus_yaounde,q3_3_2,Agent_121,ACACIA,4,3,4,4,4
gemma2:9b,data_pmus_yaounde,q4_1_a,Agent_121,Veuillez indiquer depuis combien de temps vous attendez.,5,5,5,5,5
gemma2:9b,data_pmus_yaounde,q4_1_b,Agent_121,MOINS DE 5 MIN,4,3,4,4,4
gemma2:9b,data_pmus_yaounde,q4_2_a,Agent_121,Veuillez indiquer depuis combien de temps vous attendez.,5,5,5,5,5
gemma2:9b,data_pmus_yaounde,q4_2_b,Agent_121,30 60 MIN,4,3,4,4,4
gemma2:9b,data_pmus_yaounde,q4_3,Agent_121,1550,4,3,4,4,4
gemma2:9b,data_pmus_yaounde,q4_4,Agent_121,COURSES,4,3,4,4,4
gemma2:9b,data_pmus_yaounde,q4_4_autres,Agent_121,FAIRE DES ACHATS,4,3,4,4,4
gemma2:9b,data_pmus_yaounde,q5_1,Agent_121,ENTRE 18 ET 25 ANS,4,3,4,4,4
gemma2:9b,data_pmus_yaounde,q5_2,Agent_121,ENTRE 30 001 ET 100 000,4,3,4,4,4
gemma2:9b,data_pmus_yaounde,q5_3,Agent_121,FEMME,4,3,4,4,4
gemma2:9b,data_pmus_yaounde,centre ville,Agent_122,YAOUNDE,4,3,4,4,4
gemma2:9b,data_pmus_yaounde,q1_1,Agent_122,UN QUARTIER DE LA VILLE DE YAOUNDE,4,3,4,4,4
gemma2:9b,data_pmus_yaounde,q1_1_a,Agent_122,ABIT,4,3,4,4,4
gemma2:9b,data_pmus_yaounde,q1_1_b,Agent_122,10EME ARRET,4,3,4,4,4
gemma2:9b,data_pmus_yaounde,q1_1_c,Agent_122,AFANOYA,4,3,4,4,4
gemma2:9b,data_pmus_yaounde,q1_2,Agent_122,UN QUARTIER DE LA VILLE DE YAOUNDE,4,3,4,4,4
gemma2:9b,data_pmus_yaounde,q1_2_a,Agent_122,ABOM,4,3,4,4,4
gemma2:9b,data_pmus_yaounde,q1_2_b,Agent_122,10 IEME ARRET,4,3,4,4,4
gemma2:9b,data_pmus_yaounde,q1_3_c,Agent_122,YAOUNDE,4,3,4,4,4
gemma2:9b,data_pmus_yaounde,q2_1,Agent_122,A PIED,4,3,4,4,4
gemma2:9b,data_pmus_yaounde,q2_2_1,Agent_122,QUARTIER FOUDA,4,3,4,4,4
gemma2:9b,data_pmus_yaounde,q2_2_2,Agent_122,,2,1,2,1,3
gemma2:9b,data_pmus_yaounde,q2_3_1,Agent_122,CENTRE HADICAPEE,4,3,4,4,4
gemma2:9b,data_pmus_yaounde,q2_3_2,Agent_122,0NANA,4,3,4,4,4
gemma2:9b,data_pmus_yaounde,q2_3,Agent_122,NON,5,4,5,4,4
gemma2:9b,data_pmus_yaounde,q2_4,Agent_122,PAR BUS STACY,4,3,4,4,4
gemma2:9b,data_pmus_yaounde,q2_5_1,Agent_122,CENTRE VILLE,4,3,4,4,4
gemma2:9b,data_pmus_yaounde,q2_5_2,Agent_122,0MPHINE,4,3,4,4,4
gemma2:9b,data_pmus_yaounde,q2_6_1,Agent_122,ABATTOIR,4,3,4,4,4
gemma2:9b,data_pmus_yaounde,q2_6_2,Agent_122,11EME ARRET,4,3,4,4,4
gemma2:9b,data_pmus_yaounde,q3_1,Agent_122,NON,5,4,5,4,4
gemma2:9b,data_pmus_yaounde,q3_2,Agent_122,A PIED,4,3,4,4,4
gemma2:9b,data_pmus_yaounde,q3_3_1,Agent_122,TKC,4,3,4,4,4
gemma2:9b,data_pmus_yaounde,q3_3_2,Agent_122,TKC,4,3,4,4,4
gemma2:9b,data_pmus_yaounde,q4_1_a,Agent_122,Veuillez indiquer depuis combien de temps vous attendez.,5,5,5,5,5
gemma2:9b,data_pmus_yaounde,q4_1_b,Agent_122,MOINS DE 5 MIN,4,3,4,4,4
gemma2:9b,data_pmus_yaounde,q4_2_a,Agent_122,Veuillez indiquer depuis combien de temps vous attendez.,5,5,5,5,5
gemma2:9b,data_pmus_yaounde,q4_2_b,Agent_122,30 60 MIN,4,3,4,4,4
gemma2:9b,data_pmus_yaounde,q4_3,Agent_122,950,4,3,4,4,4
gemma2:9b,data_pmus_yaounde,q4_4,Agent_122,AUTRES,4,3,4,4,4
gemma2:9b,data_pmus_yaounde,q4_4_autres,Agent_122,ACHAT,4,3,4,4,4
gemma2:9b,data_pmus_yaounde,q5_1,Agent_122,MOINS DE 18 ANS,4,3,4,4,4
gemma2:9b,data_pmus_yaounde,q5_2,Agent_122,ENTRE 30 001 ET 100 000,4,3,4,4,4
gemma2:9b,data_pmus_yaounde,q5_3,Agent_122,HOMME,4,3,4,4,4
gemma2:9b,data_pmus_yaounde,centre ville,Agent_123,YAOUNDE,4,3,4,4,4
gemma2:9b,data_pmus_yaounde,q1_1,Agent_123,UN QUARTIER DE LA VILLE DE YAOUNDE,4,3,4,4,4
gemma2:9b,data_pmus_yaounde,q1_1_a,Agent_123,ABIT,4,3,4,4,4
gemma2:9b,data_pmus_yaounde,q1_1_b,Agent_123,10EME ARRET,4,3,4,4,4
gemma2:9b,data_pmus_yaounde,q1_1_c,Agent_123,AFANOYA,4,3,4,4,4
gemma2:9b,data_pmus_yaounde,q1_2,Agent_123,UN QUARTIER DE LA VILLE DE YAOUNDE,4,3,4,4,4
gemma2:9b,data_pmus_yaounde,q1_2_a,Agent_123,ABOM,4,3,4,4,4
gemma2:9b,data_pmus_yaounde,q1_2_b,Agent_123,ANCIEN BINAM,4,3,4,4,4
gemma2:9b,data_pmus_yaounde,q1_3_c,Agent_123,YAOUNDE,4,3,4,4,4
gemma2:9b,data_pmus_yaounde,q2_1,Agent_123,A PIED,4,3,4,4,4
gemma2:9b,data_pmus_yaounde,q2_2_1,Agent_123,2 CHEVEAU,4,3,4,4,4
gemma2:9b,data_pmus_yaounde,q2_2_2,Agent_123,10 E ARRET,4,3,4,4,4
gemma2:9b,data_pmus_yaounde,q2_3_1,Agent_123,0LESOA,4,3,4,4,4
gemma2:9b,data_pmus_yaounde,q2_3_2,Agent_123,,2,1,2,1,3
gemma2:9b,data_pmus_yaounde,q2_3,Agent_123,NON,5,4,5,4,4
gemma2:9b,data_pmus_yaounde,q2_4,Agent_123,A PIED,4,3,4,4,4
gemma2:9b,data_pmus_yaounde,q2_5_1,Agent_123,,2,1,2,1,3
gemma2:9b,data_pmus_yaounde,q2_5_2,Agent_123,,2,1,2,1,3
gemma2:9b,data_pmus_yaounde,q2_6_1,Agent_123,,2,1,2,1,3
gemma2:9b,data_pmus_yaounde,q2_6_2,Agent_123,,2,1,2,1,3
gemma2:9b,data_pmus_yaounde,q3_1,Agent_123,NON,5,4,5,4,4
gemma2:9b,data_pmus_yaounde,q3_2,Agent_123,A PIED,4,3,4,4,4
gemma2:9b,data_pmus_yaounde,q3_3_1,Agent_123,,2,1,2,1,3
gemma2:9b,data_pmus_yaounde,q3_3_2,Agent_123,,2,1,2,1,3
gemma2:9b,data_pmus_yaounde,q4_1_a,Agent_123,Veuillez indiquer depuis combien de temps vous attendez.,5,5,5,5,5
gemma2:9b,data_pmus_yaounde,q4_1_b,Agent_123,MOINS DE 5 MIN,4,3,4,4,4
gemma2:9b,data_pmus_yaounde,q4_2_a,Agent_123,Veuillez indiquer depuis combien de temps vous attendez.,5,5,5,5,5
gemma2:9b,data_pmus_yaounde,q4_2_b,Agent_123,30 60 MIN,4,3,4,4,4
gemma2:9b,data_pmus_yaounde,q4_3,Agent_123,600,4,3,4,4,4
gemma2:9b,data_pmus_yaounde,q4_4,Agent_123,TRAVAIL,4,3,4,4,4
gemma2:9b,data_pmus_yaounde,q4_4_autres,Agent_123,ACHAT,4,3,4,4,4
gemma2:9b,data_pmus_yaounde,q5_1,Agent_123,ENTRE 18 ET 25 ANS,4,3,4,4,4
gemma2:9b,data_pmus_yaounde,q5_2,Agent_123,ENTRE 30 001 ET 100 000,4,3,4,4,4
gemma2:9b,data_pmus_yaounde,q5_3,Agent_123,HOMME,4,3,4,4,4
gemma2:9b,data_pmus_yaounde,centre ville,Agent_124,YAOUNDE,4,3,4,4,4
gemma2:9b,data_pmus_yaounde,q1_1,Agent_124,UN QUARTIER DE LA VILLE DE YAOUNDE,4,3,4,4,4
gemma2:9b,data_pmus_yaounde,q1_1_a,Agent_124,BARRIERE,4,3,4,4,4
gemma2:9b,data_pmus_yaounde,q1_1_b,Agent_124,NADA,4,3,4,4,4
gemma2:9b,data_pmus_yaounde,q1_1_c,Agent_124,,2,1,2,1,3
gemma2:9b,data_pmus_yaounde,q1_2,Agent_124,UN QUARTIER DE LA VILLE DE YAOUNDE,4,3,4,4,4
gemma2:9b,data_pmus_yaounde,q1_2_a,Agent_124,ABOM,4,3,4,4,4
gemma2:9b,data_pmus_yaounde,q1_2_b,Agent_124,10 IEME ARRET,4,3,4,4,4
gemma2:9b,data_pmus_yaounde,q1_3_c,Agent_124,,2,1,2,1,3
gemma2:9b,data_pmus_yaounde,q2_1,Agent_124,A PIED,4,3,4,4,4
gemma2:9b,data_pmus_yaounde,q2_2_1,Agent_124,BARRIERE,4,3,4,4,4
gemma2:9b,data_pmus_yaounde,q2_2_2,Agent_124,10 E ARRET,4,3,4,4,4
gemma2:9b,data_pmus_yaounde,q2_3_1,Agent_124,BARRIERE,4,3,4,4,4
gemma2:9b,data_pmus_yaounde,q2_3_2,Agent_124,0NANA,4,3,4,4,4
gemma2:9b,data_pmus_yaounde,q2_3,Agent_124,NON,5,4,5,4,4
gemma2:9b,data_pmus_yaounde,q2_4,Agent_124,PAR BUS STACY,4,3,4,4,4
gemma2:9b,data_pmus_yaounde,q2_5_1,Agent_124,BARRIERE,4,3,4,4,4
gemma2:9b,data_pmus_yaounde,q2_5_2,Agent_124,BARRIERE,4,3,4,4,4
gemma2:9b,data_pmus_yaounde,q2_6_1,Agent_124,ONANA,4,3,4,4,4
gemma2:9b,data_pmus_yaounde,q2_6_2,Agent_124,11EME ARRET,4,3,4,4,4
gemma2:9b,data_pmus_yaounde,q3_1,Agent_124,NON,5,4,5,4,4
gemma2:9b,data_pmus_yaounde,q3_2,Agent_124,PAR BUS STACY,4,3,4,4,4
gemma2:9b,data_pmus_yaounde,q3_3_1,Agent_124,BARRIERE,4,3,4,4,4
gemma2:9b,data_pmus_yaounde,q3_3_2,Agent_124,BARRIERE,4,3,4,4,4
gemma2:9b,data_pmus_yaounde,q4_1_a,Agent_124,Veuillez indiquer depuis combien de temps vous attendez.,5,5,5,5,5
gemma2:9b,data_pmus_yaounde,q4_1_b,Agent_124,MOINS DE 5 MIN,4,3,4,4,4
gemma2:9b,data_pmus_yaounde,q4_2_a,Agent_124,Veuillez indiquer depuis combien de temps vous attendez.,5,5,5,5,5
gemma2:9b,data_pmus_yaounde,q4_2_b,Agent_124,30 60 MIN,4,3,4,4,4
gemma2:9b,data_pmus_yaounde,q4_3,Agent_124,250,4,3,4,4,4
gemma2:9b,data_pmus_yaounde,q4_4,Agent_124,COURSES,4,3,4,4,4
gemma2:9b,data_pmus_yaounde,q4_4_autres,Agent_124,FAIRE DES ACHATS,4,3,4,4,4
gemma2:9b,data_pmus_yaounde,q5_1,Agent_124,MOINS DE 18 ANS,4,3,4,4,4
gemma2:9b,data_pmus_yaounde,q5_2,Agent_124,ENTRE 30 001 ET 100 000,4,3,4,4,4
gemma2:9b,data_pmus_yaounde,q5_3,Agent_124,FEMME,4,3,4,4,4
gemma2:9b,data_pmus_yaounde,centre ville,Agent_125,YAOUNDE,4,3,4,4,4
gemma2:9b,data_pmus_yaounde,q1_1,Agent_125,UN QUARTIER DE LA VILLE DE YAOUNDE,4,3,4,4,4
gemma2:9b,data_pmus_yaounde,q1_1_a,Agent_125,MENDONG,4,3,4,4,4
gemma2:9b,data_pmus_yaounde,q1_1_b,Agent_125,10EME ARRET,4,3,4,4,4
gemma2:9b,data_pmus_yaounde,q1_1_c,Agent_125,AFANOYA,4,3,4,4,4
gemma2:9b,data_pmus_yaounde,q1_2,Agent_125,UN QUARTIER DE LA VILLE DE YAOUNDE,4,3,4,4,4
gemma2:9b,data_pmus_yaounde,q1_2_a,Agent_125,SIMBOCK,4,3,4,4,4
gemma2:9b,data_pmus_yaounde,q1_2_b,Agent_125,10 IEME ARRET,4,3,4,4,4
gemma2:9b,data_pmus_yaounde,q1_3_c,Agent_125,YAOUNDE,4,3,4,4,4
gemma2:9b,data_pmus_yaounde,q2_1,Agent_125,A PIED,4,3,4,4,4
gemma2:9b,data_pmus_yaounde,q2_2_1,Agent_125,2 CHEVEAU,4,3,4,4,4
gemma2:9b,data_pmus_yaounde,q2_2_2,Agent_125,10 E ARRET,4,3,4,4,4
gemma2:9b,data_pmus_yaounde,q2_3_1,Agent_125,0LESOA,4,3,4,4,4
gemma2:9b,data_pmus_yaounde,q2_3_2,Agent_125,A PIED,4,3,4,4,4
gemma2:9b,data_pmus_yaounde,q2_3,Agent_125,NON,5,4,5,4,4
gemma2:9b,data_pmus_yaounde,q2_4,Agent_125,PAR BUS STACY,4,3,4,4,4
gemma2:9b,data_pmus_yaounde,q2_5_1,Agent_125,A B0NAS,4,3,4,4,4
gemma2:9b,data_pmus_yaounde,q2_5_2,Agent_125,0MPHINE,4,3,4,4,4
gemma2:9b,data_pmus_yaounde,q2_6_1,Agent_125,SIMBOOCK,4,3,4,4,4
gemma2:9b,data_pmus_yaounde,q2_6_2,Agent_125,SIMBOCK,4,3,4,4,4
gemma2:9b,data_pmus_yaounde,q3_1,Agent_125,NON,5,4,5,4,4
gemma2:9b,data_pmus_yaounde,q3_2,Agent_125,PAR BUS STACY,4,3,4,4,4
gemma2:9b,data_pmus_yaounde,q3_3_1,Agent_125,ACACIA,4,3,4,4,4
gemma2:9b,data_pmus_yaounde,q3_3_2,Agent_125,ACACIA,4,3,4,4,4
gemma2:9b,data_pmus_yaounde,q4_1_a,Agent_125,Veuillez indiquer depuis combien de temps vous attendez.,5,5,5,5,5
gemma2:9b,data_pmus_yaounde,q4_1_b,Agent_125,MOINS DE 5 MIN,4,3,4,4,4
gemma2:9b,data_pmus_yaounde,q4_2_a,Agent_125,Veuillez indiquer depuis combien de temps vous attendez.,5,5,5,5,5
gemma2:9b,data_pmus_yaounde,q4_2_b,Agent_125,30 60 MIN,4,3,4,4,4
gemma2:9b,data_pmus_yaounde,q4_3,Agent_125,1200,4,3,4,4,4
gemma2:9b,data_pmus_yaounde,q4_4,Agent_125,TRAVAIL,4,3,4,4,4
gemma2:9b,data_pmus_yaounde,q4_4_autres,Agent_125,ACHAT,4,3,4,4,4
gemma2:9b,data_pmus_yaounde,q5_1,Agent_125,ENTRE 55ANS ET 64 ANS,4,3,4,4,4
gemma2:9b,data_pmus_yaounde,q5_2,Agent_125,ENTRE 30 001 ET 100 000,4,3,4,4,4
gemma2:9b,data_pmus_yaounde,q5_3,Agent_125,HOMME,4,3,4,4,4
gemma2:9b,data_pmus_yaounde,centre ville,Agent_126,YAOUNDE,4,3,4,4,4
gemma2:9b,data_pmus_yaounde,q1_1,Agent_126,UN QUARTIER DE LA VILLE DE YAOUNDE,4,3,4,4,4
gemma2:9b,data_pmus_yaounde,q1_1_a,Agent_126,EYEGUE,4,3,4,4,4
gemma2:9b,data_pmus_yaounde,q1_1_b,Agent_126,LEBOUDI,4,3,4,4,4
gemma2:9b,data_pmus_yaounde,q1_1_c,Agent_126,,2,1,2,1,3
gemma2:9b,data_pmus_yaounde,q1_2,Agent_126,UN QUARTIER DE LA VILLE DE YAOUNDE,4,3,4,4,4
gemma2:9b,data_pmus_yaounde,q1_2_a,Agent_126,ABOM,4,3,4,4,4
gemma2:9b,data_pmus_yaounde,q1_2_b,Agent_126,,2,1,2,1,3
gemma2:9b,data_pmus_yaounde,q1_3_c,Agent_126,,2,1,2,1,3
gemma2:9b,data_pmus_yaounde,q2_1,Agent_126,A PIED,4,3,4,4,4
gemma2:9b,data_pmus_yaounde,q2_2_1,Agent_126,MESSAME NDONGO,4,3,4,4,4
gemma2:9b,data_pmus_yaounde,q2_2_2,Agent_126,,2,1,2,1,3
gemma2:9b,data_pmus_yaounde,q2_3_1,Agent_126,,2,1,2,1,3
gemma2:9b,data_pmus_yaounde,q2_3_2,Agent_126,,2,1,2,1,3
gemma2:9b,data_pmus_yaounde,q2_3,Agent_126,NON,5,4,5,4,4
gemma2:9b,data_pmus_yaounde,q2_4,Agent_126,PAR TAXI,4,3,4,4,4
gemma2:9b,data_pmus_yaounde,q2_5_1,Agent_126,EKOUNOU,4,3,4,4,4
gemma2:9b,data_pmus_yaounde,q2_5_2,Agent_126,0MPHINE,4,3,4,4,4
gemma2:9b,data_pmus_yaounde,q2_6_1,Agent_126,EKOUNOU,4,3,4,4,4
gemma2:9b,data_pmus_yaounde,q2_6_2,Agent_126,11EME ARRET,4,3,4,4,4
gemma2:9b,data_pmus_yaounde,q3_1,Agent_126,NON,5,4,5,4,4
gemma2:9b,data_pmus_yaounde,q3_2,Agent_126,PAR TAXI,4,3,4,4,4
gemma2:9b,data_pmus_yaounde,q3_3_1,Agent_126,EKOUNOU,4,3,4,4,4
gemma2:9b,data_pmus_yaounde,q3_3_2,Agent_126,10 IEME ARRET,4,3,4,4,4
gemma2:9b,data_pmus_yaounde,q4_1_a,Agent_126,Veuillez indiquer depuis combien de temps vous attendez.,5,5,5,5,5
gemma2:9b,data_pmus_yaounde,q4_1_b,Agent_126,MOINS DE 5 MIN,4,3,4,4,4
gemma2:9b,data_pmus_yaounde,q4_2_a,Agent_126,Veuillez indiquer depuis combien de temps vous attendez.,5,5,5,5,5
gemma2:9b,data_pmus_yaounde,q4_2_b,Agent_126,30 60 MIN,4,3,4,4,4
gemma2:9b,data_pmus_yaounde,q4_3,Agent_126,200,4,3,4,4,4
gemma2:9b,data_pmus_yaounde,q4_4,Agent_126,TRAVAIL,4,3,4,4,4
gemma2:9b,data_pmus_yaounde,q4_4_autres,Agent_126,ACHAT,4,3,4,4,4
gemma2:9b,data_pmus_yaounde,q5_1,Agent_126,ENTRE 26 ET 35 ANS,4,3,4,4,4
gemma2:9b,data_pmus_yaounde,q5_2,Agent_126,ENTRE 30 001 ET 100 000,4,3,4,4,4
gemma2:9b,data_pmus_yaounde,q5_3,Agent_126,HOMME,4,3,4,4,4
gemma2:9b,data_pmus_yaounde,centre ville,Agent_127,YAOUNDE,4,3,4,4,4
gemma2:9b,data_pmus_yaounde,q1_1,Agent_127,UN QUARTIER DE LA VILLE DE YAOUNDE,4,3,4,4,4
gemma2:9b,data_pmus_yaounde,q1_1_a,Agent_127,NSIMALEN,4,3,4,4,4
gemma2:9b,data_pmus_yaounde,q1_1_b,Agent_127,10EME ARRET,4,3,4,4,4
gemma2:9b,data_pmus_yaounde,q1_1_c,Agent_127,AFANOYA,4,3,4,4,4
gemma2:9b,data_pmus_yaounde,q1_2,Agent_127,UN QUARTIER DE LA VILLE DE YAOUNDE,4,3,4,4,4
gemma2:9b,data_pmus_yaounde,q1_2_a,Agent_127,NKOLBISSON,4,3,4,4,4
gemma2:9b,data_pmus_yaounde,q1_2_b,Agent_127,NKOLBISSON,4,3,4,4,4
gemma2:9b,data_pmus_yaounde,q1_3_c,Agent_127,YAOUNDE,4,3,4,4,4
gemma2:9b,data_pmus_yaounde,q2_1,Agent_127,A PIED,4,3,4,4,4
gemma2:9b,data_pmus_yaounde,q2_2_1,Agent_127,2 CHEVEAU,4,3,4,4,4
gemma2:9b,data_pmus_yaounde,q2_2_2,Agent_127,CARSFOUR,4,3,4,4,4
gemma2:9b,data_pmus_yaounde,q2_3_1,Agent_127,0LESOA,4,3,4,4,4
gemma2:9b,data_pmus_yaounde,q2_3_2,Agent_127,CARREFOUR,4,3,4,4,4
gemma2:9b,data_pmus_yaounde,q2_3,Agent_127,NON,5,4,5,4,4
gemma2:9b,data_pmus_yaounde,q2_4,Agent_127,A PIED,4,3,4,4,4
gemma2:9b,data_pmus_yaounde,q2_5_1,Agent_127,CARREFOUR NOLBISSON,4,3,4,4,4
gemma2:9b,data_pmus_yaounde,q2_5_2,Agent_127,0MPHINE,4,3,4,4,4
gemma2:9b,data_pmus_yaounde,q2_6_1,Agent_127,CARREFOUR,4,3,4,4,4
gemma2:9b,data_pmus_yaounde,q2_6_2,Agent_127,CARREFOUR,4,3,4,4,4
gemma2:9b,data_pmus_yaounde,q3_1,Agent_127,NON,5,4,5,4,4
gemma2:9b,data_pmus_yaounde,q3_2,Agent_127,A PIED,4,3,4,4,4
gemma2:9b,data_pmus_yaounde,q3_3_1,Agent_127,ACACIA,4,3,4,4,4
gemma2:9b,data_pmus_yaounde,q3_3_2,Agent_127,CARREFOURTIMI,4,3,4,4,4
gemma2:9b,data_pmus_yaounde,q4_1_a,Agent_127,Veuillez indiquer depuis combien de temps vous attendez.,5,5,5,5,5
gemma2:9b,data_pmus_yaounde,q4_1_b,Agent_127,MOINS DE 5 MIN,4,3,4,4,4
gemma2:9b,data_pmus_yaounde,q4_2_a,Agent_127,Veuillez indiquer depuis combien de temps vous attendez.,5,5,5,5,5
gemma2:9b,data_pmus_yaounde,q4_2_b,Agent_127,30 60 MIN,4,3,4,4,4
gemma2:9b,data_pmus_yaounde,q4_3,Agent_127,300,4,3,4,4,4
gemma2:9b,data_pmus_yaounde,q4_4,Agent_127,TRAVAIL,4,3,4,4,4
gemma2:9b,data_pmus_yaounde,q4_4_autres,Agent_127,ACHAT,4,3,4,4,4
gemma2:9b,data_pmus_yaounde,q5_1,Agent_127,ENTRE 18 ET 25 ANS,4,3,4,4,4
gemma2:9b,data_pmus_yaounde,q5_2,Agent_127,ENTRE 30 001 ET 100 000,4,3,4,4,4
gemma2:9b,data_pmus_yaounde,q5_3,Agent_127,HOMME,4,3,4,4,4
gemma2:9b,data_pmus_yaounde,centre ville,Agent_128,YAOUNDE,4,3,4,4,4
gemma2:9b,data_pmus_yaounde,q1_1,Agent_128,UN QUARTIER DE LA VILLE DE YAOUNDE,4,3,4,4,4
gemma2:9b,data_pmus_yaounde,q1_1_a,Agent_128,ABIT,4,3,4,4,4
gemma2:9b,data_pmus_yaounde,q1_1_b,Agent_128,10EME ARRET,4,3,4,4,4
gemma2:9b,data_pmus_yaounde,q1_1_c,Agent_128,,2,1,2,1,3
gemma2:9b,data_pmus_yaounde,q1_2,Agent_128,UN QUARTIER DE LA VILLE DE YAOUNDE,4,3,4,4,4
gemma2:9b,data_pmus_yaounde,q1_2_a,Agent_128,CARRIERE,4,3,4,4,4
gemma2:9b,data_pmus_yaounde,q1_2_b,Agent_128,10 IEME ARRET,4,3,4,4,4
gemma2:9b,data_pmus_yaounde,q1_3_c,Agent_128,,2,1,2,1,3
gemma2:9b,data_pmus_yaounde,q2_1,Agent_128,A PIED,4,3,4,4,4
gemma2:9b,data_pmus_yaounde,q2_2_1,Agent_128,2 CHEVEAU,4,3,4,4,4
gemma2:9b,data_pmus_yaounde,q2_2_2,Agent_128,10 E ARRET,4,3,4,4,4
gemma2:9b,data_pmus_yaounde,q2_3_1,Agent_128,,2,1,2,1,3
gemma2:9b,data_pmus_yaounde,q2_3_2,Agent_128,,2,1,2,1,3
gemma2:9b,data_pmus_yaounde,q2_3,Agent_128,NON,5,4,5,4,4
gemma2:9b,data_pmus_yaounde,q2_4,Agent_128,PAR BUS STACY,4,3,4,4,4
gemma2:9b,data_pmus_yaounde,q2_5_1,Agent_128,CARRIERE,4,3,4,4,4
gemma2:9b,data_pmus_yaounde,q2_5_2,Agent_128,0MPHINE,4,3,4,4,4
gemma2:9b,data_pmus_yaounde,q2_6_1,Agent_128,BARRIERE,4,3,4,4,4
gemma2:9b,data_pmus_yaounde,q2_6_2,Agent_128,BARRIERE,4,3,4,4,4
gemma2:9b,data_pmus_yaounde,q3_1,Agent_128,NON,5,4,5,4,4
gemma2:9b,data_pmus_yaounde,q3_2,Agent_128,A PIED,4,3,4,4,4
gemma2:9b,data_pmus_yaounde,q3_3_1,Agent_128,BARRIERE,4,3,4,4,4
gemma2:9b,data_pmus_yaounde,q3_3_2,Agent_128,BARRIERE,4,3,4,4,4
gemma2:9b,data_pmus_yaounde,q4_1_a,Agent_128,Veuillez indiquer depuis combien de temps vous attendez.,5,5,5,5,5
gemma2:9b,data_pmus_yaounde,q4_1_b,Agent_128,MOINS DE 5 MIN,4,3,4,4,4
gemma2:9b,data_pmus_yaounde,q4_2_a,Agent_128,Veuillez indiquer depuis combien de temps vous attendez.,5,5,5,5,5
gemma2:9b,data_pmus_yaounde,q4_2_b,Agent_128,30 60 MIN,4,3,4,4,4
gemma2:9b,data_pmus_yaounde,q4_3,Agent_128,800,4,3,4,4,4
gemma2:9b,data_pmus_yaounde,q4_4,Agent_128,TRAVAIL,4,3,4,4,4
gemma2:9b,data_pmus_yaounde,q4_4_autres,Agent_128,ACHAT,4,3,4,4,4
gemma2:9b,data_pmus_yaounde,q5_1,Agent_128,ENTRE 18 ET 25 ANS,4,3,4,4,4
gemma2:9b,data_pmus_yaounde,q5_2,Agent_128,ENTRE 30 001 ET 100 000,4,3,4,4,4
gemma2:9b,data_pmus_yaounde,q5_3,Agent_128,HOMME,4,3,4,4,4
gemma2:9b,data_pmus_yaounde,centre ville,Agent_129,YAOUNDE,4,3,4,4,4
gemma2:9b,data_pmus_yaounde,q1_1,Agent_129,UN QUARTIER DE LA VILLE DE YAOUNDE,4,3,4,4,4
gemma2:9b,data_pmus_yaounde,q1_1_a,Agent_129,AFANOYA,4,3,4,4,4
gemma2:9b,data_pmus_yaounde,q1_1_b,Agent_129,ROSAIRE COLLEGE,4,3,4,4,4
gemma2:9b,data_pmus_yaounde,q1_1_c,Agent_129,AFANOYA,4,3,4,4,4
gemma2:9b,data_pmus_yaounde,q1_2,Agent_129,UN QUARTIER DE LA VILLE DE YAOUNDE,4,3,4,4,4
gemma2:9b,data_pmus_yaounde,q1_2_a,Agent_129,MVOG MBI,4,3,4,4,4
gemma2:9b,data_pmus_yaounde,q1_2_b,Agent_129,MVOG MBI,4,3,4,4,4
gemma2:9b,data_pmus_yaounde,q1_3_c,Agent_129,NKOZOA,4,3,4,4,4
gemma2:9b,data_pmus_yaounde,q2_1,Agent_129,A PIED,4,3,4,4,4
gemma2:9b,data_pmus_yaounde,q2_2_1,Agent_129,AU BRASSERI,4,3,4,4,4
gemma2:9b,data_pmus_yaounde,q2_2_2,Agent_129,MVOG MBI,4,3,4,4,4
gemma2:9b,data_pmus_yaounde,q2_3_1,Agent_129,MVOG MBI,4,3,4,4,4
gemma2:9b,data_pmus_yaounde,q2_3_2,Agent_129,MVOG MBI,4,3,4,4,4
gemma2:9b,data_pmus_yaounde,q2_3,Agent_129,NON,5,4,5,4,4
gemma2:9b,data_pmus_yaounde,q2_4,Agent_129,A PIED,4,3,4,4,4
gemma2:9b,data_pmus_yaounde,q2_5_1,Agent_129,,2,1,2,1,3
gemma2:9b,data_pmus_yaounde,q2_5_2,Agent_129,,2,1,2,1,3
gemma2:9b,data_pmus_yaounde,q2_6_1,Agent_129,MVOG MBI,4,3,4,4,4
gemma2:9b,data_pmus_yaounde,q2_6_2,Agent_129,11EME ARRET,4,3,4,4,4
gemma2:9b,data_pmus_yaounde,q3_1,Agent_129,NON,5,4,5,4,4
gemma2:9b,data_pmus_yaounde,q3_2,Agent_129,A PIED,4,3,4,4,4
gemma2:9b,data_pmus_yaounde,q3_3_1,Agent_129,,2,1,2,1,3
gemma2:9b,data_pmus_yaounde,q3_3_2,Agent_129,,2,1,2,1,3
gemma2:9b,data_pmus_yaounde,q4_1_a,Agent_129,Veuillez indiquer depuis combien de temps vous attendez.,5,5,5,5,5
gemma2:9b,data_pmus_yaounde,q4_1_b,Agent_129,MOINS DE 5 MIN,4,3,4,4,4
gemma2:9b,data_pmus_yaounde,q4_2_a,Agent_129,Veuillez indiquer depuis combien de temps vous attendez.,5,5,5,5,5
gemma2:9b,data_pmus_yaounde,q4_2_b,Agent_129,30 60 MIN,4,3,4,4,4
gemma2:9b,data_pmus_yaounde,q4_3,Agent_129,250,4,3,4,4,4
gemma2:9b,data_pmus_yaounde,q4_4,Agent_129,TRAVAIL,4,3,4,4,4
gemma2:9b,data_pmus_yaounde,q4_4_autres,Agent_129,ACHAT,4,3,4,4,4
gemma2:9b,data_pmus_yaounde,q5_1,Agent_129,ENTRE 18 ET 25 ANS,4,3,4,4,4
gemma2:9b,data_pmus_yaounde,q5_2,Agent_129,MOINS DE 30 000,4,3,4,4,4
gemma2:9b,data_pmus_yaounde,q5_3,Agent_129,HOMME,4,3,4,4,4
gemma2:9b,data_pmus_yaounde,centre ville,Agent_130,YAOUNDE,4,3,4,4,4
gemma2:9b,data_pmus_yaounde,q1_1,Agent_130,UN QUARTIER DE LA VILLE DE YAOUNDE,4,3,4,4,4
gemma2:9b,data_pmus_yaounde,q1_1_a,Agent_130,ABIT,4,3,4,4,4
gemma2:9b,data_pmus_yaounde,q1_1_b,Agent_130,10EME ARRET,4,3,4,4,4
gemma2:9b,data_pmus_yaounde,q1_1_c,Agent_130,,2,1,2,1,3
gemma2:9b,data_pmus_yaounde,q1_2,Agent_130,UN QUARTIER DE LA VILLE DE YAOUNDE,4,3,4,4,4
gemma2:9b,data_pmus_yaounde,q1_2_a,Agent_130,ABOM,4,3,4,4,4
gemma2:9b,data_pmus_yaounde,q1_2_b,Agent_130,CARAVEL,4,3,4,4,4
gemma2:9b,data_pmus_yaounde,q1_3_c,Agent_130,,2,1,2,1,3
gemma2:9b,data_pmus_yaounde,q2_1,Agent_130,A PIED,4,3,4,4,4
gemma2:9b,data_pmus_yaounde,q2_2_1,Agent_130,2 CHEVEAU,4,3,4,4,4
gemma2:9b,data_pmus_yaounde,q2_2_2,Agent_130,10 E ARRET,4,3,4,4,4
gemma2:9b,data_pmus_yaounde,q2_3_1,Agent_130,0LESOA,4,3,4,4,4
gemma2:9b,data_pmus_yaounde,q2_3_2,Agent_130,,2,1,2,1,3
gemma2:9b,data_pmus_yaounde,q2_3,Agent_130,NON,5,4,5,4,4
gemma2:9b,data_pmus_yaounde,q2_4,Agent_130,PAR BUS STACY,4,3,4,4,4
gemma2:9b,data_pmus_yaounde,q2_5_1,Agent_130,A B0NAS,4,3,4,4,4
gemma2:9b,data_pmus_yaounde,q2_5_2,Agent_130,0MPHINE,4,3,4,4,4
gemma2:9b,data_pmus_yaounde,q2_6_1,Agent_130,ABATTOIR,4,3,4,4,4
gemma2:9b,data_pmus_yaounde,q2_6_2,Agent_130,11EME ARRET,4,3,4,4,4
gemma2:9b,data_pmus_yaounde,q3_1,Agent_130,NON,5,4,5,4,4
gemma2:9b,data_pmus_yaounde,q3_2,Agent_130,PAR BUS STACY,4,3,4,4,4
gemma2:9b,data_pmus_yaounde,q3_3_1,Agent_130,NGOUSSO,4,3,4,4,4
gemma2:9b,data_pmus_yaounde,q3_3_2,Agent_130,10 IEME ARRET,4,3,4,4,4
gemma2:9b,data_pmus_yaounde,q4_1_a,Agent_130,Veuillez indiquer depuis combien de temps vous attendez.,5,5,5,5,5
gemma2:9b,data_pmus_yaounde,q4_1_b,Agent_130,MOINS DE 5 MIN,4,3,4,4,4
gemma2:9b,data_pmus_yaounde,q4_2_a,Agent_130,Veuillez indiquer depuis combien de temps vous attendez.,5,5,5,5,5
gemma2:9b,data_pmus_yaounde,q4_2_b,Agent_130,15 30 MIN,4,3,4,4,4
gemma2:9b,data_pmus_yaounde,q4_3,Agent_130,100,4,3,4,4,4
gemma2:9b,data_pmus_yaounde,q4_4,Agent_130,TRAVAIL,4,3,4,4,4
gemma2:9b,data_pmus_yaounde,q4_4_autres,Agent_130,ACHAT,4,3,4,4,4
gemma2:9b,data_pmus_yaounde,q5_1,Agent_130,ENTRE 18 ET 25 ANS,4,3,4,4,4
gemma2:9b,data_pmus_yaounde,q5_2,Agent_130,MOINS DE 30 000,4,3,4,4,4
gemma2:9b,data_pmus_yaounde,q5_3,Agent_130,FEMME,4,3,4,4,4
gemma2:9b,data_pmus_yaounde,centre ville,Agent_131,YAOUNDE,4,3,4,4,4
gemma2:9b,data_pmus_yaounde,q1_1,Agent_131,UN QUARTIER DE LA VILLE DE YAOUNDE,4,3,4,4,4
gemma2:9b,data_pmus_yaounde,q1_1_a,Agent_131,ABIT,4,3,4,4,4
gemma2:9b,data_pmus_yaounde,q1_1_b,Agent_131,10EME ARRET,4,3,4,4,4
gemma2:9b,data_pmus_yaounde,q1_1_c,Agent_131,,2,1,2,1,3
gemma2:9b,data_pmus_yaounde,q1_2,Agent_131,UN QUARTIER DE LA VILLE DE YAOUNDE,4,3,4,4,4
gemma2:9b,data_pmus_yaounde,q1_2_a,Agent_131,ABOM,4,3,4,4,4
gemma2:9b,data_pmus_yaounde,q1_2_b,Agent_131,NOUNOUS,4,3,4,4,4
gemma2:9b,data_pmus_yaounde,q1_3_c,Agent_131,,2,1,2,1,3
gemma2:9b,data_pmus_yaounde,q2_1,Agent_131,A PIED,4,3,4,4,4
gemma2:9b,data_pmus_yaounde,q2_2_1,Agent_131,2 CHEVEAU,4,3,4,4,4
gemma2:9b,data_pmus_yaounde,q2_2_2,Agent_131,10 E ARRET,4,3,4,4,4
gemma2:9b,data_pmus_yaounde,q2_3_1,Agent_131,0LESOA,4,3,4,4,4
gemma2:9b,data_pmus_yaounde,q2_3_2,Agent_131,,2,1,2,1,3
gemma2:9b,data_pmus_yaounde,q2_3,Agent_131,NON,5,4,5,4,4
gemma2:9b,data_pmus_yaounde,q2_4,Agent_131,A PIED,4,3,4,4,4
gemma2:9b,data_pmus_yaounde,q2_5_1,Agent_131,A B0NAS,4,3,4,4,4
gemma2:9b,data_pmus_yaounde,q2_5_2,Agent_131,0MPHINE,4,3,4,4,4
gemma2:9b,data_pmus_yaounde,q2_6_1,Agent_131,ABATTOIR,4,3,4,4,4
gemma2:9b,data_pmus_yaounde,q2_6_2,Agent_131,11EME ARRET,4,3,4,4,4
gemma2:9b,data_pmus_yaounde,q3_1,Agent_131,NON,5,4,5,4,4
gemma2:9b,data_pmus_yaounde,q3_2,Agent_131,PAR BUS STACY,4,3,4,4,4
gemma2:9b,data_pmus_yaounde,q3_3_1,Agent_131,ACACIA,4,3,4,4,4
gemma2:9b,data_pmus_yaounde,q3_3_2,Agent_131,ACACIA,4,3,4,4,4
gemma2:9b,data_pmus_yaounde,q4_1_a,Agent_131,Veuillez indiquer depuis combien de temps vous attendez.,5,5,5,5,5
gemma2:9b,data_pmus_yaounde,q4_1_b,Agent_131,MOINS DE 5 MIN,4,3,4,4,4
gemma2:9b,data_pmus_yaounde,q4_2_a,Agent_131,Veuillez indiquer depuis combien de temps vous attendez.,5,5,5,5,5
gemma2:9b,data_pmus_yaounde,q4_2_b,Agent_131,30 60 MIN,4,3,4,4,4
gemma2:9b,data_pmus_yaounde,q4_3,Agent_131,2000,4,3,4,4,4
gemma2:9b,data_pmus_yaounde,q4_4,Agent_131,VISITE FAMILLE,4,3,4,4,4
gemma2:9b,data_pmus_yaounde,q4_4_autres,Agent_131,ACHAT,4,3,4,4,4
gemma2:9b,data_pmus_yaounde,q5_1,Agent_131,ENTRE 18 ET 25 ANS,4,3,4,4,4
gemma2:9b,data_pmus_yaounde,q5_2,Agent_131,ENTRE 30 001 ET 100 000,4,3,4,4,4
gemma2:9b,data_pmus_yaounde,q5_3,Agent_131,FEMME,4,3,4,4,4
gemma2:9b,data_pmus_yaounde,centre ville,Agent_132,YAOUNDE,4,3,4,4,4
gemma2:9b,data_pmus_yaounde,q1_1,Agent_132,UN QUARTIER DE LA VILLE DE YAOUNDE,4,3,4,4,4
gemma2:9b,data_pmus_yaounde,q1_1_a,Agent_132,ODZA,4,3,4,4,4
gemma2:9b,data_pmus_yaounde,q1_1_b,Agent_132,ODZA,4,3,4,4,4
gemma2:9b,data_pmus_yaounde,q1_1_c,Agent_132,,2,1,2,1,3
gemma2:9b,data_pmus_yaounde,q1_2,Agent_132,UN QUARTIER DE LA VILLE DE YAOUNDE,4,3,4,4,4
gemma2:9b,data_pmus_yaounde,q1_2_a,Agent_132,ABOM,4,3,4,4,4
gemma2:9b,data_pmus_yaounde,q1_2_b,Agent_132,10 IEME ARRET,4,3,4,4,4
gemma2:9b,data_pmus_yaounde,q1_3_c,Agent_132,,2,1,2,1,3
gemma2:9b,data_pmus_yaounde,q2_1,Agent_132,PAR BUS STACY,4,3,4,4,4
gemma2:9b,data_pmus_yaounde,q2_2_1,Agent_132,AUBERGE BLUE,4,3,4,4,4
gemma2:9b,data_pmus_yaounde,q2_2_2,Agent_132,10 E ARRET,4,3,4,4,4
gemma2:9b,data_pmus_yaounde,q2_3_1,Agent_132,0LESOA,4,3,4,4,4
gemma2:9b,data_pmus_yaounde,q2_3_2,Agent_132,0NANA,4,3,4,4,4
gemma2:9b,data_pmus_yaounde,q2_3,Agent_132,NON,5,4,5,4,4
gemma2:9b,data_pmus_yaounde,q2_4,Agent_132,A PIED,4,3,4,4,4
gemma2:9b,data_pmus_yaounde,q2_5_1,Agent_132,,2,1,2,1,3
gemma2:9b,data_pmus_yaounde,q2_5_2,Agent_132,,2,1,2,1,3
gemma2:9b,data_pmus_yaounde,q2_6_1,Agent_132,ODZA,4,3,4,4,4
gemma2:9b,data_pmus_yaounde,q2_6_2,Agent_132,11EME ARRET,4,3,4,4,4
gemma2:9b,data_pmus_yaounde,q3_1,Agent_132,NON,5,4,5,4,4
gemma2:9b,data_pmus_yaounde,q3_2,Agent_132,PAR BUS STACY,4,3,4,4,4
gemma2:9b,data_pmus_yaounde,q3_3_1,Agent_132,,2,1,2,1,3
gemma2:9b,data_pmus_yaounde,q3_3_2,Agent_132,10 IEME ARRET,4,3,4,4,4
gemma2:9b,data_pmus_yaounde,q4_1_a,Agent_132,Veuillez indiquer depuis combien de temps vous attendez.,5,5,5,5,5
gemma2:9b,data_pmus_yaounde,q4_1_b,Agent_132,MOINS DE 5 MIN,4,3,4,4,4
gemma2:9b,data_pmus_yaounde,q4_2_a,Agent_132,Veuillez indiquer depuis combien de temps vous attendez.,5,5,5,5,5
gemma2:9b,data_pmus_yaounde,q4_2_b,Agent_132,30 60 MIN,4,3,4,4,4
gemma2:9b,data_pmus_yaounde,q4_3,Agent_132,850,4,3,4,4,4
gemma2:9b,data_pmus_yaounde,q4_4,Agent_132,COURSES,4,3,4,4,4
gemma2:9b,data_pmus_yaounde,q4_4_autres,Agent_132,FAIRE DES ACHATS,4,3,4,4,4
gemma2:9b,data_pmus_yaounde,q5_1,Agent_132,MOINS DE 18 ANS,4,3,4,4,4
gemma2:9b,data_pmus_yaounde,q5_2,Agent_132,ENTRE 300 001 ET 500 000,4,3,4,4,4
gemma2:9b,data_pmus_yaounde,q5_3,Agent_132,FEMME,4,3,4,4,4
gemma2:9b,data_pmus_yaounde,centre ville,Agent_133,YAOUNDE,4,3,4,4,4
gemma2:9b,data_pmus_yaounde,q1_1,Agent_133,UN QUARTIER DE LA VILLE DE YAOUNDE,4,3,4,4,4
gemma2:9b,data_pmus_yaounde,q1_1_a,Agent_133,MFOU,4,3,4,4,4
gemma2:9b,data_pmus_yaounde,q1_1_b,Agent_133,10EME ARRET,4,3,4,4,4
gemma2:9b,data_pmus_yaounde,q1_1_c,Agent_133,,2,1,2,1,3
gemma2:9b,data_pmus_yaounde,q1_2,Agent_133,UN QUARTIER DE LA VILLE DE YAOUNDE,4,3,4,4,4
gemma2:9b,data_pmus_yaounde,q1_2_a,Agent_133,MFOU,4,3,4,4,4
gemma2:9b,data_pmus_yaounde,q1_2_b,Agent_133,10 IEME ARRET,4,3,4,4,4
gemma2:9b,data_pmus_yaounde,q1_3_c,Agent_133,,2,1,2,1,3
gemma2:9b,data_pmus_yaounde,q2_1,Agent_133,A PIED,4,3,4,4,4
gemma2:9b,data_pmus_yaounde,q2_2_1,Agent_133,,2,1,2,1,3
gemma2:9b,data_pmus_yaounde,q2_2_2,Agent_133,A PIED,4,3,4,4,4
gemma2:9b,data_pmus_yaounde,q2_3_1,Agent_133,,2,1,2,1,3
gemma2:9b,data_pmus_yaounde,q2_3_2,Agent_133,A PIED,4,3,4,4,4
gemma2:9b,data_pmus_yaounde,q2_3,Agent_133,NON,5,4,5,4,4
gemma2:9b,data_pmus_yaounde,q2_4,Agent_133,A PIED,4,3,4,4,4
gemma2:9b,data_pmus_yaounde,q2_5_1,Agent_133,,2,1,2,1,3
gemma2:9b,data_pmus_yaounde,q2_5_2,Agent_133,,2,1,2,1,3
gemma2:9b,data_pmus_yaounde,q2_6_1,Agent_133,,2,1,2,1,3
gemma2:9b,data_pmus_yaounde,q2_6_2,Agent_133,,2,1,2,1,3
gemma2:9b,data_pmus_yaounde,q3_1,Agent_133,NON,5,4,5,4,4
gemma2:9b,data_pmus_yaounde,q3_2,Agent_133,A PIED,4,3,4,4,4
gemma2:9b,data_pmus_yaounde,q3_3_1,Agent_133,,2,1,2,1,3
gemma2:9b,data_pmus_yaounde,q3_3_2,Agent_133,,2,1,2,1,3
gemma2:9b,data_pmus_yaounde,q4_1_a,Agent_133,Veuillez indiquer depuis combien de temps vous attendez.,5,5,5,5,5
gemma2:9b,data_pmus_yaounde,q4_1_b,Agent_133,MOINS DE 5 MIN,4,3,4,4,4
gemma2:9b,data_pmus_yaounde,q4_2_a,Agent_133,Veuillez indiquer depuis combien de temps vous attendez.,5,5,5,5,5
gemma2:9b,data_pmus_yaounde,q4_2_b,Agent_133,15 30 MIN,4,3,4,4,4
gemma2:9b,data_pmus_yaounde,q4_3,Agent_133,1750,4,3,4,4,4
gemma2:9b,data_pmus_yaounde,q4_4,Agent_133,TRAVAIL,4,3,4,4,4
gemma2:9b,data_pmus_yaounde,q4_4_autres,Agent_133,ACHAT,4,3,4,4,4
gemma2:9b,data_pmus_yaounde,q5_1,Agent_133,ENTRE 26 ET 35 ANS,4,3,4,4,4
gemma2:9b,data_pmus_yaounde,q5_2,Agent_133,ENTRE 30 001 ET 100 000,4,3,4,4,4
gemma2:9b,data_pmus_yaounde,q5_3,Agent_133,FEMME,4,3,4,4,4
gemma2:9b,data_pmus_yaounde,centre ville,Agent_134,YAOUNDE,4,3,4,4,4
gemma2:9b,data_pmus_yaounde,q1_1,Agent_134,UN QUARTIER DE LA VILLE DE YAOUNDE,4,3,4,4,4
gemma2:9b,data_pmus_yaounde,q1_1_a,Agent_134,ABIT,4,3,4,4,4
gemma2:9b,data_pmus_yaounde,q1_1_b,Agent_134,PESSAGE,4,3,4,4,4
gemma2:9b,data_pmus_yaounde,q1_1_c,Agent_134,AFANOYA,4,3,4,4,4
gemma2:9b,data_pmus_yaounde,q1_2,Agent_134,UN QUARTIER DE LA VILLE DE YAOUNDE,4,3,4,4,4
gemma2:9b,data_pmus_yaounde,q1_2_a,Agent_134,ABOM,4,3,4,4,4
gemma2:9b,data_pmus_yaounde,q1_2_b,Agent_134,NKOLMESSENG,4,3,4,4,4
gemma2:9b,data_pmus_yaounde,q1_3_c,Agent_134,YAOUNDE,4,3,4,4,4
gemma2:9b,data_pmus_yaounde,q2_1,Agent_134,A PIED,4,3,4,4,4
gemma2:9b,data_pmus_yaounde,q2_2_1,Agent_134,2 CHEVEAU,4,3,4,4,4
gemma2:9b,data_pmus_yaounde,q2_2_2,Agent_134,10 E ARRET,4,3,4,4,4
gemma2:9b,data_pmus_yaounde,q2_3_1,Agent_134,,2,1,2,1,3
gemma2:9b,data_pmus_yaounde,q2_3_2,Agent_134,,2,1,2,1,3
gemma2:9b,data_pmus_yaounde,q2_3,Agent_134,NON,5,4,5,4,4
gemma2:9b,data_pmus_yaounde,q2_4,Agent_134,A PIED,4,3,4,4,4
gemma2:9b,data_pmus_yaounde,q2_5_1,Agent_134,,2,1,2,1,3
gemma2:9b,data_pmus_yaounde,q2_5_2,Agent_134,,2,1,2,1,3
gemma2:9b,data_pmus_yaounde,q2_6_1,Agent_134,,2,1,2,1,3
gemma2:9b,data_pmus_yaounde,q2_6_2,Agent_134,,2,1,2,1,3
gemma2:9b,data_pmus_yaounde,q3_1,Agent_134,NON,5,4,5,4,4
gemma2:9b,data_pmus_yaounde,q3_2,Agent_134,A PIED,4,3,4,4,4
gemma2:9b,data_pmus_yaounde,q3_3_1,Agent_134,,2,1,2,1,3
gemma2:9b,data_pmus_yaounde,q3_3_2,Agent_134,,2,1,2,1,3
gemma2:9b,data_pmus_yaounde,q4_1_a,Agent_134,Veuillez indiquer depuis combien de temps vous attendez.,5,5,5,5,5
gemma2:9b,data_pmus_yaounde,q4_1_b,Agent_134,MOINS DE 5 MIN,4,3,4,4,4
gemma2:9b,data_pmus_yaounde,q4_2_a,Agent_134,Veuillez indiquer depuis combien de temps vous attendez.,5,5,5,5,5
gemma2:9b,data_pmus_yaounde,q4_2_b,Agent_134,15 30 MIN,4,3,4,4,4
gemma2:9b,data_pmus_yaounde,q4_3,Agent_134,800,4,3,4,4,4
gemma2:9b,data_pmus_yaounde,q4_4,Agent_134,D MARCHES ADMINISTRATIVES ET OU SANT,4,3,4,4,4
gemma2:9b,data_pmus_yaounde,q4_4_autres,Agent_134,FAIRE DU MARCHE,4,3,4,4,4
gemma2:9b,data_pmus_yaounde,q5_1,Agent_134,ENTRE 18 ET 25 ANS,4,3,4,4,4
gemma2:9b,data_pmus_yaounde,q5_2,Agent_134,ENTRE 30 001 ET 100 000,4,3,4,4,4
gemma2:9b,data_pmus_yaounde,q5_3,Agent_134,HOMME,4,3,4,4,4
gemma2:9b,data_pmus_yaounde,centre ville,Agent_135,YAOUNDE,4,3,4,4,4
gemma2:9b,data_pmus_yaounde,q1_1,Agent_135,UN QUARTIER DE LA VILLE DE YAOUNDE,4,3,4,4,4
gemma2:9b,data_pmus_yaounde,q1_1_a,Agent_135,ABIT,4,3,4,4,4
gemma2:9b,data_pmus_yaounde,q1_1_b,Agent_135,10EME ARRET,4,3,4,4,4
gemma2:9b,data_pmus_yaounde,q1_1_c,Agent_135,,2,1,2,1,3
gemma2:9b,data_pmus_yaounde,q1_2,Agent_135,UN QUARTIER DE LA VILLE DE YAOUNDE,4,3,4,4,4
gemma2:9b,data_pmus_yaounde,q1_2_a,Agent_135,ABOM,4,3,4,4,4
gemma2:9b,data_pmus_yaounde,q1_2_b,Agent_135,10 IEME ARRET,4,3,4,4,4
gemma2:9b,data_pmus_yaounde,q1_3_c,Agent_135,,2,1,2,1,3
gemma2:9b,data_pmus_yaounde,q2_1,Agent_135,A PIED,4,3,4,4,4
gemma2:9b,data_pmus_yaounde,q2_2_1,Agent_135,,2,1,2,1,3
gemma2:9b,data_pmus_yaounde,q2_2_2,Agent_135,,2,1,2,1,3
gemma2:9b,data_pmus_yaounde,q2_3_1,Agent_135,AUCUN,4,3,4,4,4
gemma2:9b,data_pmus_yaounde,q2_3_2,Agent_135,AUCUN,4,3,4,4,4
gemma2:9b,data_pmus_yaounde,q2_3,Agent_135,NON,5,4,5,4,4
gemma2:9b,data_pmus_yaounde,q2_4,Agent_135,A PIED,4,3,4,4,4
gemma2:9b,data_pmus_yaounde,q2_5_1,Agent_135,A B0NAS,4,3,4,4,4
gemma2:9b,data_pmus_yaounde,q2_5_2,Agent_135,0MPHINE,4,3,4,4,4
gemma2:9b,data_pmus_yaounde,q2_6_1,Agent_135,ABATTOIR,4,3,4,4,4
gemma2:9b,data_pmus_yaounde,q2_6_2,Agent_135,,2,1,2,1,3
gemma2:9b,data_pmus_yaounde,q3_1,Agent_135,NON,5,4,5,4,4
gemma2:9b,data_pmus_yaounde,q3_2,Agent_135,A PIED,4,3,4,4,4
gemma2:9b,data_pmus_yaounde,q3_3_1,Agent_135,,2,1,2,1,3
gemma2:9b,data_pmus_yaounde,q3_3_2,Agent_135,,2,1,2,1,3
gemma2:9b,data_pmus_yaounde,q4_1_a,Agent_135,Veuillez indiquer depuis combien de temps vous attendez.,5,5,5,5,5
gemma2:9b,data_pmus_yaounde,q4_1_b,Agent_135,MOINS DE 5 MIN,4,3,4,4,4
gemma2:9b,data_pmus_yaounde,q4_2_a,Agent_135,Veuillez indiquer depuis combien de temps vous attendez.,5,5,5,5,5
gemma2:9b,data_pmus_yaounde,q4_2_b,Agent_135,15 30 MIN,4,3,4,4,4
gemma2:9b,data_pmus_yaounde,q4_3,Agent_135,125,4,3,4,4,4
gemma2:9b,data_pmus_yaounde,q4_4,Agent_135,COURSES,4,3,4,4,4
gemma2:9b,data_pmus_yaounde,q4_4_autres,Agent_135,FAIRE DES ACHATS,4,3,4,4,4
gemma2:9b,data_pmus_yaounde,q5_1,Agent_135,MOINS DE 18 ANS,4,3,4,4,4
gemma2:9b,data_pmus_yaounde,q5_2,Agent_135,ENTRE 30 001 ET 100 000,4,3,4,4,4
gemma2:9b,data_pmus_yaounde,q5_3,Agent_135,HOMME,4,3,4,4,4
gemma2:9b,data_pmus_yaounde,centre ville,Agent_136,YAOUNDE,4,3,4,4,4
gemma2:9b,data_pmus_yaounde,q1_1,Agent_136,UN QUARTIER DE LA VILLE DE YAOUNDE,4,3,4,4,4
gemma2:9b,data_pmus_yaounde,q1_1_a,Agent_136,EMOMBO,4,3,4,4,4
gemma2:9b,data_pmus_yaounde,q1_1_b,Agent_136,ANCIEN SIEME,4,3,4,4,4
gemma2:9b,data_pmus_yaounde,q1_1_c,Agent_136,,2,1,2,1,3
gemma2:9b,data_pmus_yaounde,q1_2,Agent_136,UN QUARTIER DE LA VILLE DE YAOUNDE,4,3,4,4,4
gemma2:9b,data_pmus_yaounde,q1_2_a,Agent_136,ABOM,4,3,4,4,4
gemma2:9b,data_pmus_yaounde,q1_2_b,Agent_136,10 IEME ARRET,4,3,4,4,4
gemma2:9b,data_pmus_yaounde,q1_3_c,Agent_136,,2,1,2,1,3
gemma2:9b,data_pmus_yaounde,q2_1,Agent_136,A PIED,4,3,4,4,4
gemma2:9b,data_pmus_yaounde,q2_2_1,Agent_136,EMOMBO1ER,4,3,4,4,4
gemma2:9b,data_pmus_yaounde,q2_2_2,Agent_136,,2,1,2,1,3
gemma2:9b,data_pmus_yaounde,q2_3_1,Agent_136,,2,1,2,1,3
gemma2:9b,data_pmus_yaounde,q2_3_2,Agent_136,,2,1,2,1,3
gemma2:9b,data_pmus_yaounde,q2_3,Agent_136,NON,5,4,5,4,4
gemma2:9b,data_pmus_yaounde,q2_4,Agent_136,PAR BUS STACY,4,3,4,4,4
gemma2:9b,data_pmus_yaounde,q2_5_1,Agent_136,,2,1,2,1,3
gemma2:9b,data_pmus_yaounde,q2_5_2,Agent_136,,2,1,2,1,3
gemma2:9b,data_pmus_yaounde,q2_6_1,Agent_136,ELIG EDZOA,4,3,4,4,4
gemma2:9b,data_pmus_yaounde,q2_6_2,Agent_136,11EME ARRET,4,3,4,4,4
gemma2:9b,data_pmus_yaounde,q3_1,Agent_136,NON,5,4,5,4,4
gemma2:9b,data_pmus_yaounde,q3_2,Agent_136,A PIED,4,3,4,4,4
gemma2:9b,data_pmus_yaounde,q3_3_1,Agent_136,,2,1,2,1,3
gemma2:9b,data_pmus_yaounde,q3_3_2,Agent_136,,2,1,2,1,3
gemma2:9b,data_pmus_yaounde,q4_1_a,Agent_136,Veuillez indiquer depuis combien de temps vous attendez.,5,5,5,5,5
gemma2:9b,data_pmus_yaounde,q4_1_b,Agent_136,MOINS DE 5 MIN,4,3,4,4,4
gemma2:9b,data_pmus_yaounde,q4_2_a,Agent_136,Veuillez indiquer depuis combien de temps vous attendez.,5,5,5,5,5
gemma2:9b,data_pmus_yaounde,q4_2_b,Agent_136,30 60 MIN,4,3,4,4,4
gemma2:9b,data_pmus_yaounde,q4_3,Agent_136,950,4,3,4,4,4
gemma2:9b,data_pmus_yaounde,q4_4,Agent_136,TRAVAIL,4,3,4,4,4
gemma2:9b,data_pmus_yaounde,q4_4_autres,Agent_136,ACHAT,4,3,4,4,4
gemma2:9b,data_pmus_yaounde,q5_1,Agent_136,ENTRE 36 ET 45 ANS,4,3,4,4,4
gemma2:9b,data_pmus_yaounde,q5_2,Agent_136,MOINS DE 30 000,4,3,4,4,4
gemma2:9b,data_pmus_yaounde,q5_3,Agent_136,HOMME,4,3,4,4,4
gemma2:9b,data_pmus_yaounde,centre ville,Agent_137,YAOUNDE,4,3,4,4,4
gemma2:9b,data_pmus_yaounde,q1_1,Agent_137,UN QUARTIER DE LA VILLE DE YAOUNDE,4,3,4,4,4
gemma2:9b,data_pmus_yaounde,q1_1_a,Agent_137,ABIT,4,3,4,4,4
gemma2:9b,data_pmus_yaounde,q1_1_b,Agent_137,MONTEE FOE,4,3,4,4,4
gemma2:9b,data_pmus_yaounde,q1_1_c,Agent_137,,2,1,2,1,3
gemma2:9b,data_pmus_yaounde,q1_2,Agent_137,UN QUARTIER DE LA VILLE DE YAOUNDE,4,3,4,4,4
gemma2:9b,data_pmus_yaounde,q1_2_a,Agent_137,ABOM,4,3,4,4,4
gemma2:9b,data_pmus_yaounde,q1_2_b,Agent_137,10 IEME ARRET,4,3,4,4,4
gemma2:9b,data_pmus_yaounde,q1_3_c,Agent_137,,2,1,2,1,3
gemma2:9b,data_pmus_yaounde,q2_1,Agent_137,A PIED,4,3,4,4,4
gemma2:9b,data_pmus_yaounde,q2_2_1,Agent_137,2 CHEVEAU,4,3,4,4,4
gemma2:9b,data_pmus_yaounde,q2_2_2,Agent_137,MONTEE CARNAVAL,4,3,4,4,4
gemma2:9b,data_pmus_yaounde,q2_3_1,Agent_137,0LESOA,4,3,4,4,4
gemma2:9b,data_pmus_yaounde,q2_3_2,Agent_137,0NANA,4,3,4,4,4
gemma2:9b,data_pmus_yaounde,q2_3,Agent_137,NON,5,4,5,4,4
gemma2:9b,data_pmus_yaounde,q2_4,Agent_137,A PIED,4,3,4,4,4
gemma2:9b,data_pmus_yaounde,q2_5_1,Agent_137,MONTEE DES S URS,4,3,4,4,4
gemma2:9b,data_pmus_yaounde,q2_5_2,Agent_137,MONTEE DES S URS,4,3,4,4,4
gemma2:9b,data_pmus_yaounde,q2_6_1,Agent_137,ABATTOIR,4,3,4,4,4
gemma2:9b,data_pmus_yaounde,q2_6_2,Agent_137,11EME ARRET,4,3,4,4,4
gemma2:9b,data_pmus_yaounde,q3_1,Agent_137,NON,5,4,5,4,4
gemma2:9b,data_pmus_yaounde,q3_2,Agent_137,A PIED,4,3,4,4,4
gemma2:9b,data_pmus_yaounde,q3_3_1,Agent_137,ACACIA,4,3,4,4,4
gemma2:9b,data_pmus_yaounde,q3_3_2,Agent_137,MONTEE RENAULT,4,3,4,4,4
gemma2:9b,data_pmus_yaounde,q4_1_a,Agent_137,Veuillez indiquer depuis combien de temps vous attendez.,5,5,5,5,5
gemma2:9b,data_pmus_yaounde,q4_1_b,Agent_137,MOINS DE 5 MIN,4,3,4,4,4
gemma2:9b,data_pmus_yaounde,q4_2_a,Agent_137,Veuillez indiquer depuis combien de temps vous attendez.,5,5,5,5,5
gemma2:9b,data_pmus_yaounde,q4_2_b,Agent_137,30 60 MIN,4,3,4,4,4
gemma2:9b,data_pmus_yaounde,q4_3,Agent_137,450,4,3,4,4,4
gemma2:9b,data_pmus_yaounde,q4_4,Agent_137,TRAVAIL,4,3,4,4,4
gemma2:9b,data_pmus_yaounde,q4_4_autres,Agent_137,ACHAT,4,3,4,4,4
gemma2:9b,data_pmus_yaounde,q5_1,Agent_137,ENTRE 18 ET 25 ANS,4,3,4,4,4
gemma2:9b,data_pmus_yaounde,q5_2,Agent_137,ENTRE 30 001 ET 100 000,4,3,4,4,4
gemma2:9b,data_pmus_yaounde,q5_3,Agent_137,FEMME,4,3,4,4,4
gemma2:9b,data_pmus_yaounde,centre ville,Agent_138,YAOUNDE,4,3,4,4,4
gemma2:9b,data_pmus_yaounde,q1_1,Agent_138,UN QUARTIER DE LA VILLE DE YAOUNDE,4,3,4,4,4
gemma2:9b,data_pmus_yaounde,q1_1_a,Agent_138,ABIT,4,3,4,4,4
gemma2:9b,data_pmus_yaounde,q1_1_b,Agent_138,10EME ARRET,4,3,4,4,4
gemma2:9b,data_pmus_yaounde,q1_1_c,Agent_138,,2,1,2,1,3
gemma2:9b,data_pmus_yaounde,q1_2,Agent_138,UN QUARTIER DE LA VILLE DE YAOUNDE,4,3,4,4,4
gemma2:9b,data_pmus_yaounde,q1_2_a,Agent_138,ABOM,4,3,4,4,4
gemma2:9b,data_pmus_yaounde,q1_2_b,Agent_138,10 IEME ARRET,4,3,4,4,4
gemma2:9b,data_pmus_yaounde,q1_3_c,Agent_138,,2,1,2,1,3
gemma2:9b,data_pmus_yaounde,q2_1,Agent_138,PAR BUS STACY,4,3,4,4,4
gemma2:9b,data_pmus_yaounde,q2_2_1,Agent_138,AVENUE DES BANQUES,4,3,4,4,4
gemma2:9b,data_pmus_yaounde,q2_2_2,Agent_138,ENTREE IHM,4,3,4,4,4
gemma2:9b,data_pmus_yaounde,q2_3_1,Agent_138,0LESOA,4,3,4,4,4
gemma2:9b,data_pmus_yaounde,q2_3_2,Agent_138,0NANA,4,3,4,4,4
gemma2:9b,data_pmus_yaounde,q2_3,Agent_138,NON,5,4,5,4,4
gemma2:9b,data_pmus_yaounde,q2_4,Agent_138,PAR BUS STACY,4,3,4,4,4
gemma2:9b,data_pmus_yaounde,q2_5_1,Agent_138,CENTRE VILLE,4,3,4,4,4
gemma2:9b,data_pmus_yaounde,q2_5_2,Agent_138,0MPHINE,4,3,4,4,4
gemma2:9b,data_pmus_yaounde,q2_6_1,Agent_138,CENTRE VILLE,4,3,4,4,4
gemma2:9b,data_pmus_yaounde,q2_6_2,Agent_138,CENTRE VILLE,4,3,4,4,4
gemma2:9b,data_pmus_yaounde,q3_1,Agent_138,NON,5,4,5,4,4
gemma2:9b,data_pmus_yaounde,q3_2,Agent_138,PAR BUS STACY,4,3,4,4,4
gemma2:9b,data_pmus_yaounde,q3_3_1,Agent_138,HUITIEME,4,3,4,4,4
gemma2:9b,data_pmus_yaounde,q3_3_2,Agent_138,HUITIEME,4,3,4,4,4
gemma2:9b,data_pmus_yaounde,q4_1_a,Agent_138,Veuillez indiquer depuis combien de temps vous attendez.,5,5,5,5,5
gemma2:9b,data_pmus_yaounde,q4_1_b,Agent_138,MOINS DE 5 MIN,4,3,4,4,4
gemma2:9b,data_pmus_yaounde,q4_2_a,Agent_138,Veuillez indiquer depuis combien de temps vous attendez.,5,5,5,5,5
gemma2:9b,data_pmus_yaounde,q4_2_b,Agent_138,30 60 MIN,4,3,4,4,4
gemma2:9b,data_pmus_yaounde,q4_3,Agent_138,2600,4,3,4,4,4
gemma2:9b,data_pmus_yaounde,q4_4,Agent_138,TRAVAIL,4,3,4,4,4
gemma2:9b,data_pmus_yaounde,q4_4_autres,Agent_138,ACHAT,4,3,4,4,4
gemma2:9b,data_pmus_yaounde,q5_1,Agent_138,ENTRE 36 ET 45 ANS,4,3,4,4,4
gemma2:9b,data_pmus_yaounde,q5_2,Agent_138,ENTRE 30 001 ET 100 000,4,3,4,4,4
gemma2:9b,data_pmus_yaounde,q5_3,Agent_138,HOMME,4,3,4,4,4
gemma2:9b,data_pmus_yaounde,centre ville,Agent_139,YAOUNDE,4,3,4,4,4
gemma2:9b,data_pmus_yaounde,q1_1,Agent_139,UN QUARTIER DE LA VILLE DE YAOUNDE,4,3,4,4,4
gemma2:9b,data_pmus_yaounde,q1_1_a,Agent_139,ABIT,4,3,4,4,4
gemma2:9b,data_pmus_yaounde,q1_1_b,Agent_139,AVANT LES RAILS PREMIERE ENTREE,4,3,4,4,4
gemma2:9b,data_pmus_yaounde,q1_1_c,Agent_139,AFANOYA,4,3,4,4,4
gemma2:9b,data_pmus_yaounde,q1_2,Agent_139,UN QUARTIER DE LA VILLE DE YAOUNDE,4,3,4,4,4
gemma2:9b,data_pmus_yaounde,q1_2_a,Agent_139,SANGNELINA,4,3,4,4,4
gemma2:9b,data_pmus_yaounde,q1_2_b,Agent_139,10 IEME ARRET,4,3,4,4,4
gemma2:9b,data_pmus_yaounde,q1_3_c,Agent_139,AFANOYA,4,3,4,4,4
gemma2:9b,data_pmus_yaounde,q2_1,Agent_139,A PIED,4,3,4,4,4
gemma2:9b,data_pmus_yaounde,q2_2_1,Agent_139,2 CHEVEAU,4,3,4,4,4
gemma2:9b,data_pmus_yaounde,q2_2_2,Agent_139,,2,1,2,1,3
gemma2:9b,data_pmus_yaounde,q2_3_1,Agent_139,0LESOA,4,3,4,4,4
gemma2:9b,data_pmus_yaounde,q2_3_2,Agent_139,BORNE FONTAINR,4,3,4,4,4
gemma2:9b,data_pmus_yaounde,q2_3,Agent_139,NON,5,4,5,4,4
gemma2:9b,data_pmus_yaounde,q2_4,Agent_139,PAR BUS STACY,4,3,4,4,4
gemma2:9b,data_pmus_yaounde,q2_5_1,Agent_139,,2,1,2,1,3
gemma2:9b,data_pmus_yaounde,q2_5_2,Agent_139,,2,1,2,1,3
gemma2:9b,data_pmus_yaounde,q2_6_1,Agent_139,ABATTOIR,4,3,4,4,4
gemma2:9b,data_pmus_yaounde,q2_6_2,Agent_139,11EME ARRET,4,3,4,4,4
gemma2:9b,data_pmus_yaounde,q3_1,Agent_139,NON,5,4,5,4,4
gemma2:9b,data_pmus_yaounde,q3_2,Agent_139,PAR BUS STACY,4,3,4,4,4
gemma2:9b,data_pmus_yaounde,q3_3_1,Agent_139,,2,1,2,1,3
gemma2:9b,data_pmus_yaounde,q3_3_2,Agent_139,,2,1,2,1,3
gemma2:9b,data_pmus_yaounde,q4_1_a,Agent_139,Veuillez indiquer depuis combien de temps vous attendez.,5,5,5,5,5
gemma2:9b,data_pmus_yaounde,q4_1_b,Agent_139,MOINS DE 5 MIN,4,3,4,4,4
gemma2:9b,data_pmus_yaounde,q4_2_a,Agent_139,Veuillez indiquer depuis combien de temps vous attendez.,5,5,5,5,5
gemma2:9b,data_pmus_yaounde,q4_2_b,Agent_139,30 60 MIN,4,3,4,4,4
gemma2:9b,data_pmus_yaounde,q4_3,Agent_139,2500,4,3,4,4,4
gemma2:9b,data_pmus_yaounde,q4_4,Agent_139,TRAVAIL,4,3,4,4,4
gemma2:9b,data_pmus_yaounde,q4_4_autres,Agent_139,ACHAT,4,3,4,4,4
gemma2:9b,data_pmus_yaounde,q5_1,Agent_139,ENTRE 36 ET 45 ANS,4,3,4,4,4
gemma2:9b,data_pmus_yaounde,q5_2,Agent_139,ENTRE 30 001 ET 100 000,4,3,4,4,4
gemma2:9b,data_pmus_yaounde,q5_3,Agent_139,HOMME,4,3,4,4,4
gemma2:9b,data_pmus_yaounde,centre ville,Agent_140,YAOUNDE,4,3,4,4,4
gemma2:9b,data_pmus_yaounde,q1_1,Agent_140,UN QUARTIER DE LA VILLE DE YAOUNDE,4,3,4,4,4
gemma2:9b,data_pmus_yaounde,q1_1_a,Agent_140,ABIT,4,3,4,4,4
gemma2:9b,data_pmus_yaounde,q1_1_b,Agent_140,CITE DES MIRACLE,4,3,4,4,4
gemma2:9b,data_pmus_yaounde,q1_1_c,Agent_140,,2,1,2,1,3
gemma2:9b,data_pmus_yaounde,q1_2,Agent_140,UN QUARTIER DE LA VILLE DE YAOUNDE,4,3,4,4,4
gemma2:9b,data_pmus_yaounde,q1_2_a,Agent_140,ABOM,4,3,4,4,4
gemma2:9b,data_pmus_yaounde,q1_2_b,Agent_140,CENTRE COMMERCIAL,4,3,4,4,4
gemma2:9b,data_pmus_yaounde,q1_3_c,Agent_140,,2,1,2,1,3
gemma2:9b,data_pmus_yaounde,q2_1,Agent_140,PAR TAXI,4,3,4,4,4
gemma2:9b,data_pmus_yaounde,q2_2_1,Agent_140,2 CHEVEAU,4,3,4,4,4
gemma2:9b,data_pmus_yaounde,q2_2_2,Agent_140,CARREFOURNKONO,4,3,4,4,4
gemma2:9b,data_pmus_yaounde,q2_3_1,Agent_140,0LESOA,4,3,4,4,4
gemma2:9b,data_pmus_yaounde,q2_3_2,Agent_140,0NANA,4,3,4,4,4
gemma2:9b,data_pmus_yaounde,q2_3,Agent_140,NON,5,4,5,4,4
gemma2:9b,data_pmus_yaounde,q2_4,Agent_140,PAR TAXI,4,3,4,4,4
gemma2:9b,data_pmus_yaounde,q2_5_1,Agent_140,A B0NAS,4,3,4,4,4
gemma2:9b,data_pmus_yaounde,q2_5_2,Agent_140,0MPHINE,4,3,4,4,4
gemma2:9b,data_pmus_yaounde,q2_6_1,Agent_140,ONANA,4,3,4,4,4
gemma2:9b,data_pmus_yaounde,q2_6_2,Agent_140,11EME ARRET,4,3,4,4,4
gemma2:9b,data_pmus_yaounde,q3_1,Agent_140,NON,5,4,5,4,4
gemma2:9b,data_pmus_yaounde,q3_2,Agent_140,PAR TAXI,4,3,4,4,4
gemma2:9b,data_pmus_yaounde,q3_3_1,Agent_140,ACACIA,4,3,4,4,4
gemma2:9b,data_pmus_yaounde,q3_3_2,Agent_140,ACACIA,4,3,4,4,4
gemma2:9b,data_pmus_yaounde,q4_1_a,Agent_140,Veuillez indiquer depuis combien de temps vous attendez.,5,5,5,5,5
gemma2:9b,data_pmus_yaounde,q4_1_b,Agent_140,MOINS DE 5 MIN,4,3,4,4,4
gemma2:9b,data_pmus_yaounde,q4_2_a,Agent_140,Veuillez indiquer depuis combien de temps vous attendez.,5,5,5,5,5
gemma2:9b,data_pmus_yaounde,q4_2_b,Agent_140,30 60 MIN,4,3,4,4,4
gemma2:9b,data_pmus_yaounde,q4_3,Agent_140,650,4,3,4,4,4
gemma2:9b,data_pmus_yaounde,q4_4,Agent_140,TRAVAIL,4,3,4,4,4
gemma2:9b,data_pmus_yaounde,q4_4_autres,Agent_140,ACHAT,4,3,4,4,4
gemma2:9b,data_pmus_yaounde,q5_1,Agent_140,ENTRE 36 ET 45 ANS,4,3,4,4,4
gemma2:9b,data_pmus_yaounde,q5_2,Agent_140,ENTRE 30 001 ET 100 000,4,3,4,4,4
gemma2:9b,data_pmus_yaounde,q5_3,Agent_140,HOMME,4,3,4,4,4
gemma2:9b,data_pmus_yaounde,centre ville,Agent_141,YAOUNDE,4,3,4,4,4
gemma2:9b,data_pmus_yaounde,q1_1,Agent_141,UN QUARTIER DE LA VILLE DE YAOUNDE,4,3,4,4,4
gemma2:9b,data_pmus_yaounde,q1_1_a,Agent_141,OLEMBE,4,3,4,4,4
gemma2:9b,data_pmus_yaounde,q1_1_b,Agent_141,10EME ARRET,4,3,4,4,4
gemma2:9b,data_pmus_yaounde,q1_1_c,Agent_141,,2,1,2,1,3
gemma2:9b,data_pmus_yaounde,q1_2,Agent_141,UN QUARTIER DE LA VILLE DE YAOUNDE,4,3,4,4,4
gemma2:9b,data_pmus_yaounde,q1_2_a,Agent_141,ABOM,4,3,4,4,4
gemma2:9b,data_pmus_yaounde,q1_2_b,Agent_141,10 IEME ARRET,4,3,4,4,4
gemma2:9b,data_pmus_yaounde,q1_3_c,Agent_141,,2,1,2,1,3
gemma2:9b,data_pmus_yaounde,q2_1,Agent_141,A PIED,4,3,4,4,4
gemma2:9b,data_pmus_yaounde,q2_2_1,Agent_141,2 CHEVEAU,4,3,4,4,4
gemma2:9b,data_pmus_yaounde,q2_2_2,Agent_141,CAMP MILIATAIRE,4,3,4,4,4
gemma2:9b,data_pmus_yaounde,q2_3_1,Agent_141,,2,1,2,1,3
gemma2:9b,data_pmus_yaounde,q2_3_2,Agent_141,,2,1,2,1,3
gemma2:9b,data_pmus_yaounde,q2_3,Agent_141,NON,5,4,5,4,4
gemma2:9b,data_pmus_yaounde,q2_4,Agent_141,A PIED,4,3,4,4,4
gemma2:9b,data_pmus_yaounde,q2_5_1,Agent_141,BASE MILITAIRE,4,3,4,4,4
gemma2:9b,data_pmus_yaounde,q2_5_2,Agent_141,BASE MILITAIRE,4,3,4,4,4
gemma2:9b,data_pmus_yaounde,q2_6_1,Agent_141,,2,1,2,1,3
gemma2:9b,data_pmus_yaounde,q2_6_2,Agent_141,,2,1,2,1,3
gemma2:9b,data_pmus_yaounde,q3_1,Agent_141,NON,5,4,5,4,4
gemma2:9b,data_pmus_yaounde,q3_2,Agent_141,A PIED,4,3,4,4,4
gemma2:9b,data_pmus_yaounde,q3_3_1,Agent_141,,2,1,2,1,3
gemma2:9b,data_pmus_yaounde,q3_3_2,Agent_141,,2,1,2,1,3
gemma2:9b,data_pmus_yaounde,q4_1_a,Agent_141,Veuillez indiquer depuis combien de temps vous attendez.,5,5,5,5,5
gemma2:9b,data_pmus_yaounde,q4_1_b,Agent_141,MOINS DE 5 MIN,4,3,4,4,4
gemma2:9b,data_pmus_yaounde,q4_2_a,Agent_141,Veuillez indiquer depuis combien de temps vous attendez.,5,5,5,5,5
gemma2:9b,data_pmus_yaounde,q4_2_b,Agent_141,MOINS DE 15 MIN,4,3,4,4,4
gemma2:9b,data_pmus_yaounde,q4_3,Agent_141,208,4,3,4,4,4
gemma2:9b,data_pmus_yaounde,q4_4,Agent_141,TRAVAIL,4,3,4,4,4
gemma2:9b,data_pmus_yaounde,q4_4_autres,Agent_141,ACHAT,4,3,4,4,4
gemma2:9b,data_pmus_yaounde,q5_1,Agent_141,ENTRE 55ANS ET 64 ANS,4,3,4,4,4
gemma2:9b,data_pmus_yaounde,q5_2,Agent_141,ENTRE 300 001 ET 500 000,4,3,4,4,4
gemma2:9b,data_pmus_yaounde,q5_3,Agent_141,HOMME,4,3,4,4,4
gemma2:9b,data_pmus_yaounde,centre ville,Agent_142,YAOUNDE,4,3,4,4,4
gemma2:9b,data_pmus_yaounde,q1_1,Agent_142,UN QUARTIER DE LA VILLE DE YAOUNDE,4,3,4,4,4
gemma2:9b,data_pmus_yaounde,q1_1_a,Agent_142,ABIT,4,3,4,4,4
gemma2:9b,data_pmus_yaounde,q1_1_b,Agent_142,SIMBOCK,4,3,4,4,4
gemma2:9b,data_pmus_yaounde,q1_1_c,Agent_142,,2,1,2,1,3
gemma2:9b,data_pmus_yaounde,q1_2,Agent_142,UN QUARTIER DE LA VILLE DE YAOUNDE,4,3,4,4,4
gemma2:9b,data_pmus_yaounde,q1_2_a,Agent_142,SIMBOCK,4,3,4,4,4
gemma2:9b,data_pmus_yaounde,q1_2_b,Agent_142,10 IEME ARRET,4,3,4,4,4
gemma2:9b,data_pmus_yaounde,q1_3_c,Agent_142,,2,1,2,1,3
gemma2:9b,data_pmus_yaounde,q2_1,Agent_142,PAR TAXI,4,3,4,4,4
gemma2:9b,data_pmus_yaounde,q2_2_1,Agent_142,AVENUE DES BANQUES,4,3,4,4,4
gemma2:9b,data_pmus_yaounde,q2_2_2,Agent_142,AVENUE DES BANQUES,4,3,4,4,4
gemma2:9b,data_pmus_yaounde,q2_3_1,Agent_142,0LESOA,4,3,4,4,4
gemma2:9b,data_pmus_yaounde,q2_3_2,Agent_142,0NANA,4,3,4,4,4
gemma2:9b,data_pmus_yaounde,q2_3,Agent_142,NON,5,4,5,4,4
gemma2:9b,data_pmus_yaounde,q2_4,Agent_142,PAR BUS STACY,4,3,4,4,4
gemma2:9b,data_pmus_yaounde,q2_5_1,Agent_142,ENTREE,4,3,4,4,4
gemma2:9b,data_pmus_yaounde,q2_5_2,Agent_142,0MPHINE,4,3,4,4,4
gemma2:9b,data_pmus_yaounde,q2_6_1,Agent_142,ONANA,4,3,4,4,4
gemma2:9b,data_pmus_yaounde,q2_6_2,Agent_142,ENTRE SIMBOC,4,3,4,4,4
gemma2:9b,data_pmus_yaounde,q3_1,Agent_142,NON,5,4,5,4,4
gemma2:9b,data_pmus_yaounde,q3_2,Agent_142,PAR BUS STACY,4,3,4,4,4
gemma2:9b,data_pmus_yaounde,q3_3_1,Agent_142,ACACIA,4,3,4,4,4
gemma2:9b,data_pmus_yaounde,q3_3_2,Agent_142,ACACIA,4,3,4,4,4
gemma2:9b,data_pmus_yaounde,q4_1_a,Agent_142,Veuillez indiquer depuis combien de temps vous attendez.,5,5,5,5,5
gemma2:9b,data_pmus_yaounde,q4_1_b,Agent_142,MOINS DE 5 MIN,4,3,4,4,4
gemma2:9b,data_pmus_yaounde,q4_2_a,Agent_142,Veuillez indiquer depuis combien de temps vous attendez.,5,5,5,5,5
gemma2:9b,data_pmus_yaounde,q4_2_b,Agent_142,30 60 MIN,4,3,4,4,4
gemma2:9b,data_pmus_yaounde,q4_3,Agent_142,2700,4,3,4,4,4
gemma2:9b,data_pmus_yaounde,q4_4,Agent_142,VISITE FAMILLE,4,3,4,4,4
gemma2:9b,data_pmus_yaounde,q4_4_autres,Agent_142,ACHAT,4,3,4,4,4
gemma2:9b,data_pmus_yaounde,q5_1,Agent_142,ENTRE 26 ET 35 ANS,4,3,4,4,4
gemma2:9b,data_pmus_yaounde,q5_2,Agent_142,ENTRE 30 001 ET 100 000,4,3,4,4,4
gemma2:9b,data_pmus_yaounde,q5_3,Agent_142,HOMME,4,3,4,4,4
gemma2:9b,data_pmus_yaounde,centre ville,Agent_143,YAOUNDE,4,3,4,4,4
gemma2:9b,data_pmus_yaounde,q1_1,Agent_143,UN QUARTIER DE LA VILLE DE YAOUNDE,4,3,4,4,4
gemma2:9b,data_pmus_yaounde,q1_1_a,Agent_143,FOUDA,4,3,4,4,4
gemma2:9b,data_pmus_yaounde,q1_1_b,Agent_143,10EME ARRET,4,3,4,4,4
gemma2:9b,data_pmus_yaounde,q1_1_c,Agent_143,NKOASSI,4,3,4,4,4
gemma2:9b,data_pmus_yaounde,q1_2,Agent_143,UN QUARTIER DE LA VILLE DE YAOUNDE,4,3,4,4,4
gemma2:9b,data_pmus_yaounde,q1_2_a,Agent_143,SANTA BARBARA,4,3,4,4,4
gemma2:9b,data_pmus_yaounde,q1_2_b,Agent_143,ANCIEN 6EME,4,3,4,4,4
gemma2:9b,data_pmus_yaounde,q1_3_c,Agent_143,YAOUNDE,4,3,4,4,4
gemma2:9b,data_pmus_yaounde,q2_1,Agent_143,A PIED,4,3,4,4,4
gemma2:9b,data_pmus_yaounde,q2_2_1,Agent_143,2 CHEVEAU,4,3,4,4,4
gemma2:9b,data_pmus_yaounde,q2_2_2,Agent_143,10 E ARRET,4,3,4,4,4
gemma2:9b,data_pmus_yaounde,q2_3_1,Agent_143,0LESOA,4,3,4,4,4
gemma2:9b,data_pmus_yaounde,q2_3_2,Agent_143,AUCUN,4,3,4,4,4
gemma2:9b,data_pmus_yaounde,q2_3,Agent_143,NON,5,4,5,4,4
gemma2:9b,data_pmus_yaounde,q2_4,Agent_143,A PIED,4,3,4,4,4
gemma2:9b,data_pmus_yaounde,q2_5_1,Agent_143,FOUDA,4,3,4,4,4
gemma2:9b,data_pmus_yaounde,q2_5_2,Agent_143,0MPHINE,4,3,4,4,4
gemma2:9b,data_pmus_yaounde,q2_6_1,Agent_143,ABATTOIR,4,3,4,4,4
gemma2:9b,data_pmus_yaounde,q2_6_2,Agent_143,11EME ARRET,4,3,4,4,4
gemma2:9b,data_pmus_yaounde,q3_1,Agent_143,NON,5,4,5,4,4
gemma2:9b,data_pmus_yaounde,q3_2,Agent_143,PAR BUS STACY,4,3,4,4,4
gemma2:9b,data_pmus_yaounde,q3_3_1,Agent_143,CENTRE VILLE,4,3,4,4,4
gemma2:9b,data_pmus_yaounde,q3_3_2,Agent_143,CENTRE VILLE,4,3,4,4,4
gemma2:9b,data_pmus_yaounde,q4_1_a,Agent_143,Veuillez indiquer depuis combien de temps vous attendez.,5,5,5,5,5
gemma2:9b,data_pmus_yaounde,q4_1_b,Agent_143,MOINS DE 5 MIN,4,3,4,4,4
gemma2:9b,data_pmus_yaounde,q4_2_a,Agent_143,Veuillez indiquer depuis combien de temps vous attendez.,5,5,5,5,5
gemma2:9b,data_pmus_yaounde,q4_2_b,Agent_143,30 60 MIN,4,3,4,4,4
gemma2:9b,data_pmus_yaounde,q4_3,Agent_143,3000,4,3,4,4,4
gemma2:9b,data_pmus_yaounde,q4_4,Agent_143,COURSES,4,3,4,4,4
gemma2:9b,data_pmus_yaounde,q4_4_autres,Agent_143,FAIRE DES ACHATS,4,3,4,4,4
gemma2:9b,data_pmus_yaounde,q5_1,Agent_143,ENTRE 18 ET 25 ANS,4,3,4,4,4
gemma2:9b,data_pmus_yaounde,q5_2,Agent_143,ENTRE 30 001 ET 100 000,4,3,4,4,4
gemma2:9b,data_pmus_yaounde,q5_3,Agent_143,FEMME,4,3,4,4,4
gemma2:9b,data_pmus_yaounde,centre ville,Agent_144,YAOUNDE,4,3,4,4,4
gemma2:9b,data_pmus_yaounde,q1_1,Agent_144,UN QUARTIER DE LA VILLE DE YAOUNDE,4,3,4,4,4
gemma2:9b,data_pmus_yaounde,q1_1_a,Agent_144,ABIT,4,3,4,4,4
gemma2:9b,data_pmus_yaounde,q1_1_b,Agent_144,10EME ARRET,4,3,4,4,4
gemma2:9b,data_pmus_yaounde,q1_1_c,Agent_144,,2,1,2,1,3
gemma2:9b,data_pmus_yaounde,q1_2,Agent_144,UN QUARTIER DE LA VILLE DE YAOUNDE,4,3,4,4,4
gemma2:9b,data_pmus_yaounde,q1_2_a,Agent_144,TSINGA,4,3,4,4,4
gemma2:9b,data_pmus_yaounde,q1_2_b,Agent_144,10 IEME ARRET,4,3,4,4,4
gemma2:9b,data_pmus_yaounde,q1_3_c,Agent_144,,2,1,2,1,3
gemma2:9b,data_pmus_yaounde,q2_1,Agent_144,PAR BUS STACY,4,3,4,4,4
gemma2:9b,data_pmus_yaounde,q2_2_1,Agent_144,2 CHEVEAU,4,3,4,4,4
gemma2:9b,data_pmus_yaounde,q2_2_2,Agent_144,10 E ARRET,4,3,4,4,4
gemma2:9b,data_pmus_yaounde,q2_3_1,Agent_144,0LESOA,4,3,4,4,4
gemma2:9b,data_pmus_yaounde,q2_3_2,Agent_144,0NANA,4,3,4,4,4
gemma2:9b,data_pmus_yaounde,q2_3,Agent_144,NON,5,4,5,4,4
gemma2:9b,data_pmus_yaounde,q2_4,Agent_144,PAR BUS STACY,4,3,4,4,4
gemma2:9b,data_pmus_yaounde,q2_5_1,Agent_144,FIN GOUDRON,4,3,4,4,4
gemma2:9b,data_pmus_yaounde,q2_5_2,Agent_144,FIN GOUDRON,4,3,4,4,4
gemma2:9b,data_pmus_yaounde,q2_6_1,Agent_144,ABATTOIR,4,3,4,4,4
gemma2:9b,data_pmus_yaounde,q2_6_2,Agent_144,11EME ARRET,4,3,4,4,4
gemma2:9b,data_pmus_yaounde,q3_1,Agent_144,NON,5,4,5,4,4
gemma2:9b,data_pmus_yaounde,q3_2,Agent_144,PAR BUS STACY,4,3,4,4,4
gemma2:9b,data_pmus_yaounde,q3_3_1,Agent_144,ACACIA,4,3,4,4,4
gemma2:9b,data_pmus_yaounde,q3_3_2,Agent_144,ACACIA,4,3,4,4,4
gemma2:9b,data_pmus_yaounde,q4_1_a,Agent_144,Veuillez indiquer depuis combien de temps vous attendez.,5,5,5,5,5
gemma2:9b,data_pmus_yaounde,q4_1_b,Agent_144,MOINS DE 5 MIN,4,3,4,4,4
gemma2:9b,data_pmus_yaounde,q4_2_a,Agent_144,Veuillez indiquer depuis combien de temps vous attendez.,5,5,5,5,5
gemma2:9b,data_pmus_yaounde,q4_2_b,Agent_144,30 60 MIN,4,3,4,4,4
gemma2:9b,data_pmus_yaounde,q4_3,Agent_144,1350,4,3,4,4,4
gemma2:9b,data_pmus_yaounde,q4_4,Agent_144,COURSES,4,3,4,4,4
gemma2:9b,data_pmus_yaounde,q4_4_autres,Agent_144,FAIRE DES ACHATS,4,3,4,4,4
gemma2:9b,data_pmus_yaounde,q5_1,Agent_144,ENTRE 18 ET 25 ANS,4,3,4,4,4
gemma2:9b,data_pmus_yaounde,q5_2,Agent_144,MOINS DE 30 000,4,3,4,4,4
gemma2:9b,data_pmus_yaounde,q5_3,Agent_144,FEMME,4,3,4,4,4
gemma2:9b,data_pmus_yaounde,centre ville,Agent_145,YAOUNDE,4,3,4,4,4
gemma2:9b,data_pmus_yaounde,q1_1,Agent_145,UN QUARTIER DE LA VILLE DE YAOUNDE,4,3,4,4,4
gemma2:9b,data_pmus_yaounde,q1_1_a,Agent_145,ABIT,4,3,4,4,4
gemma2:9b,data_pmus_yaounde,q1_1_b,Agent_145,10EME ARRET,4,3,4,4,4
gemma2:9b,data_pmus_yaounde,q1_1_c,Agent_145,,2,1,2,1,3
gemma2:9b,data_pmus_yaounde,q1_2,Agent_145,UN QUARTIER DE LA VILLE DE YAOUNDE,4,3,4,4,4
gemma2:9b,data_pmus_yaounde,q1_2_a,Agent_145,ABOM,4,3,4,4,4
gemma2:9b,data_pmus_yaounde,q1_2_b,Agent_145,10 IEME ARRET,4,3,4,4,4
gemma2:9b,data_pmus_yaounde,q1_3_c,Agent_145,,2,1,2,1,3
gemma2:9b,data_pmus_yaounde,q2_1,Agent_145,A PIED,4,3,4,4,4
gemma2:9b,data_pmus_yaounde,q2_2_1,Agent_145,2 CHEVEAU,4,3,4,4,4
gemma2:9b,data_pmus_yaounde,q2_2_2,Agent_145,10 E ARRET,4,3,4,4,4
gemma2:9b,data_pmus_yaounde,q2_3_1,Agent_145,0LESOA,4,3,4,4,4
gemma2:9b,data_pmus_yaounde,q2_3_2,Agent_145,CARREFOUR,4,3,4,4,4
gemma2:9b,data_pmus_yaounde,q2_3,Agent_145,NON,5,4,5,4,4
gemma2:9b,data_pmus_yaounde,q2_4,Agent_145,A PIED,4,3,4,4,4
gemma2:9b,data_pmus_yaounde,q2_5_1,Agent_145,A B0NAS,4,3,4,4,4
gemma2:9b,data_pmus_yaounde,q2_5_2,Agent_145,CARREFOUR,4,3,4,4,4
gemma2:9b,data_pmus_yaounde,q2_6_1,Agent_145,CARREFOUR,4,3,4,4,4
gemma2:9b,data_pmus_yaounde,q2_6_2,Agent_145,CARREFOUR,4,3,4,4,4
gemma2:9b,data_pmus_yaounde,q3_1,Agent_145,NON,5,4,5,4,4
gemma2:9b,data_pmus_yaounde,q3_2,Agent_145,PAR CARGO MINI BUS,4,3,4,4,4
gemma2:9b,data_pmus_yaounde,q3_3_1,Agent_145,ACACIA,4,3,4,4,4
gemma2:9b,data_pmus_yaounde,q3_3_2,Agent_145,ACACIA,4,3,4,4,4
gemma2:9b,data_pmus_yaounde,q4_1_a,Agent_145,Veuillez indiquer depuis combien de temps vous attendez.,5,5,5,5,5
gemma2:9b,data_pmus_yaounde,q4_1_b,Agent_145,MOINS DE 5 MIN,4,3,4,4,4
gemma2:9b,data_pmus_yaounde,q4_2_a,Agent_145,Veuillez indiquer depuis combien de temps vous attendez.,5,5,5,5,5
gemma2:9b,data_pmus_yaounde,q4_2_b,Agent_145,30 60 MIN,4,3,4,4,4
gemma2:9b,data_pmus_yaounde,q4_3,Agent_145,750,4,3,4,4,4
gemma2:9b,data_pmus_yaounde,q4_4,Agent_145,VISITE FAMILLE,4,3,4,4,4
gemma2:9b,data_pmus_yaounde,q4_4_autres,Agent_145,ACHAT,4,3,4,4,4
gemma2:9b,data_pmus_yaounde,q5_1,Agent_145,ENTRE 18 ET 25 ANS,4,3,4,4,4
gemma2:9b,data_pmus_yaounde,q5_2,Agent_145,ENTRE 30 001 ET 100 000,4,3,4,4,4
gemma2:9b,data_pmus_yaounde,q5_3,Agent_145,FEMME,4,3,4,4,4
gemma2:9b,data_pmus_yaounde,centre ville,Agent_146,YAOUNDE,4,3,4,4,4
gemma2:9b,data_pmus_yaounde,q1_1,Agent_146,UN QUARTIER DE LA VILLE DE YAOUNDE,4,3,4,4,4
gemma2:9b,data_pmus_yaounde,q1_1_a,Agent_146,ABIT,4,3,4,4,4
gemma2:9b,data_pmus_yaounde,q1_1_b,Agent_146,10EME ARRET,4,3,4,4,4
gemma2:9b,data_pmus_yaounde,q1_1_c,Agent_146,,2,1,2,1,3
gemma2:9b,data_pmus_yaounde,q1_2,Agent_146,UN QUARTIER DE LA VILLE DE YAOUNDE,4,3,4,4,4
gemma2:9b,data_pmus_yaounde,q1_2_a,Agent_146,ABOM,4,3,4,4,4
gemma2:9b,data_pmus_yaounde,q1_2_b,Agent_146,10 IEME ARRET,4,3,4,4,4
gemma2:9b,data_pmus_yaounde,q1_3_c,Agent_146,,2,1,2,1,3
gemma2:9b,data_pmus_yaounde,q2_1,Agent_146,A PIED,4,3,4,4,4
gemma2:9b,data_pmus_yaounde,q2_2_1,Agent_146,,2,1,2,1,3
gemma2:9b,data_pmus_yaounde,q2_2_2,Agent_146,,2,1,2,1,3
gemma2:9b,data_pmus_yaounde,q2_3_1,Agent_146,,2,1,2,1,3
gemma2:9b,data_pmus_yaounde,q2_3_2,Agent_146,A PIED,4,3,4,4,4
gemma2:9b,data_pmus_yaounde,q2_3,Agent_146,NON,5,4,5,4,4
gemma2:9b,data_pmus_yaounde,q2_4,Agent_146,A PIED,4,3,4,4,4
gemma2:9b,data_pmus_yaounde,q2_5_1,Agent_146,,2,1,2,1,3
gemma2:9b,data_pmus_yaounde,q2_5_2,Agent_146,,2,1,2,1,3
gemma2:9b,data_pmus_yaounde,q2_6_1,Agent_146,,2,1,2,1,3
gemma2:9b,data_pmus_yaounde,q2_6_2,Agent_146,,2,1,2,1,3
gemma2:9b,data_pmus_yaounde,q3_1,Agent_146,NON,5,4,5,4,4
gemma2:9b,data_pmus_yaounde,q3_2,Agent_146,A PIED,4,3,4,4,4
gemma2:9b,data_pmus_yaounde,q3_3_1,Agent_146,,2,1,2,1,3
gemma2:9b,data_pmus_yaounde,q3_3_2,Agent_146,,2,1,2,1,3
gemma2:9b,data_pmus_yaounde,q4_1_a,Agent_146,Veuillez indiquer depuis combien de temps vous attendez.,5,5,5,5,5
gemma2:9b,data_pmus_yaounde,q4_1_b,Agent_146,MOINS DE 5 MIN,4,3,4,4,4
gemma2:9b,data_pmus_yaounde,q4_2_a,Agent_146,Veuillez indiquer depuis combien de temps vous attendez.,5,5,5,5,5
gemma2:9b,data_pmus_yaounde,q4_2_b,Agent_146,30 60 MIN,4,3,4,4,4
gemma2:9b,data_pmus_yaounde,q4_3,Agent_146,200,4,3,4,4,4
gemma2:9b,data_pmus_yaounde,q4_4,Agent_146,SPORTIVES,4,3,4,4,4
gemma2:9b,data_pmus_yaounde,q4_4_autres,Agent_146,ACHAT,4,3,4,4,4
gemma2:9b,data_pmus_yaounde,q5_1,Agent_146,ENTRE 36 ET 45 ANS,4,3,4,4,4
gemma2:9b,data_pmus_yaounde,q5_2,Agent_146,ENTRE 300 001 ET 500 000,4,3,4,4,4
gemma2:9b,data_pmus_yaounde,q5_3,Agent_146,FEMME,4,3,4,4,4
gemma2:9b,data_pmus_yaounde,centre ville,Agent_147,YAOUNDE,4,3,4,4,4
gemma2:9b,data_pmus_yaounde,q1_1,Agent_147,UN QUARTIER DE LA VILLE DE YAOUNDE,4,3,4,4,4
gemma2:9b,data_pmus_yaounde,q1_1_a,Agent_147,ABIT,4,3,4,4,4
gemma2:9b,data_pmus_yaounde,q1_1_b,Agent_147,POSTE CENTRALE,4,3,4,4,4
gemma2:9b,data_pmus_yaounde,q1_1_c,Agent_147,,2,1,2,1,3
gemma2:9b,data_pmus_yaounde,q1_2,Agent_147,UN QUARTIER DE LA VILLE DE YAOUNDE,4,3,4,4,4
gemma2:9b,data_pmus_yaounde,q1_2_a,Agent_147,ABOM,4,3,4,4,4
gemma2:9b,data_pmus_yaounde,q1_2_b,Agent_147,10 IEME ARRET,4,3,4,4,4
gemma2:9b,data_pmus_yaounde,q1_3_c,Agent_147,,2,1,2,1,3
gemma2:9b,data_pmus_yaounde,q2_1,Agent_147,A PIED,4,3,4,4,4
gemma2:9b,data_pmus_yaounde,q2_2_1,Agent_147,2 CHEVEAU,4,3,4,4,4
gemma2:9b,data_pmus_yaounde,q2_2_2,Agent_147,,2,1,2,1,3
gemma2:9b,data_pmus_yaounde,q2_3_1,Agent_147,EKOUNOU,4,3,4,4,4
gemma2:9b,data_pmus_yaounde,q2_3_2,Agent_147,EKOUNOU,4,3,4,4,4
gemma2:9b,data_pmus_yaounde,q2_3,Agent_147,NON,5,4,5,4,4
gemma2:9b,data_pmus_yaounde,q2_4,Agent_147,PAR BUS STACY,4,3,4,4,4
gemma2:9b,data_pmus_yaounde,q2_5_1,Agent_147,,2,1,2,1,3
gemma2:9b,data_pmus_yaounde,q2_5_2,Agent_147,,2,1,2,1,3
gemma2:9b,data_pmus_yaounde,q2_6_1,Agent_147,EKOUNOU,4,3,4,4,4
gemma2:9b,data_pmus_yaounde,q2_6_2,Agent_147,11EME ARRET,4,3,4,4,4
gemma2:9b,data_pmus_yaounde,q3_1,Agent_147,NON,5,4,5,4,4
gemma2:9b,data_pmus_yaounde,q3_2,Agent_147,PAR BUS STACY,4,3,4,4,4
gemma2:9b,data_pmus_yaounde,q3_3_1,Agent_147,,2,1,2,1,3
gemma2:9b,data_pmus_yaounde,q3_3_2,Agent_147,COLLEGE PIERRE MONTI,4,3,4,4,4
gemma2:9b,data_pmus_yaounde,q4_1_a,Agent_147,Veuillez indiquer depuis combien de temps vous attendez.,5,5,5,5,5
gemma2:9b,data_pmus_yaounde,q4_1_b,Agent_147,MOINS DE 5 MIN,4,3,4,4,4
gemma2:9b,data_pmus_yaounde,q4_2_a,Agent_147,Veuillez indiquer depuis combien de temps vous attendez.,5,5,5,5,5
gemma2:9b,data_pmus_yaounde,q4_2_b,Agent_147,30 60 MIN,4,3,4,4,4
gemma2:9b,data_pmus_yaounde,q4_3,Agent_147,250,4,3,4,4,4
gemma2:9b,data_pmus_yaounde,q4_4,Agent_147,D MARCHES ADMINISTRATIVES ET OU SANT,4,3,4,4,4
gemma2:9b,data_pmus_yaounde,q4_4_autres,Agent_147,ACHAT,4,3,4,4,4
gemma2:9b,data_pmus_yaounde,q5_1,Agent_147,ENTRE 55ANS ET 64 ANS,4,3,4,4,4
gemma2:9b,data_pmus_yaounde,q5_2,Agent_147,ENTRE 300 001 ET 500 000,4,3,4,4,4
gemma2:9b,data_pmus_yaounde,q5_3,Agent_147,HOMME,4,3,4,4,4
gemma2:9b,data_pmus_yaounde,centre ville,Agent_148,YAOUNDE,4,3,4,4,4
gemma2:9b,data_pmus_yaounde,q1_1,Agent_148,UN QUARTIER DE LA VILLE DE YAOUNDE,4,3,4,4,4
gemma2:9b,data_pmus_yaounde,q1_1_a,Agent_148,ABIT,4,3,4,4,4
gemma2:9b,data_pmus_yaounde,q1_1_b,Agent_148,10EME ARRET,4,3,4,4,4
gemma2:9b,data_pmus_yaounde,q1_1_c,Agent_148,,2,1,2,1,3
gemma2:9b,data_pmus_yaounde,q1_2,Agent_148,UN QUARTIER DE LA VILLE DE YAOUNDE,4,3,4,4,4
gemma2:9b,data_pmus_yaounde,q1_2_a,Agent_148,NKOLANGA,4,3,4,4,4
gemma2:9b,data_pmus_yaounde,q1_2_b,Agent_148,NKOLANGA,4,3,4,4,4
gemma2:9b,data_pmus_yaounde,q1_3_c,Agent_148,,2,1,2,1,3
gemma2:9b,data_pmus_yaounde,q2_1,Agent_148,PAR BUS STACY,4,3,4,4,4
gemma2:9b,data_pmus_yaounde,q2_2_1,Agent_148,CENTREADMINISTRATIF,4,3,4,4,4
gemma2:9b,data_pmus_yaounde,q2_2_2,Agent_148,10 E ARRET,4,3,4,4,4
gemma2:9b,data_pmus_yaounde,q2_3_1,Agent_148,0LESOA,4,3,4,4,4
gemma2:9b,data_pmus_yaounde,q2_3_2,Agent_148,NKOL MBONG,4,3,4,4,4
gemma2:9b,data_pmus_yaounde,q2_3,Agent_148,NON,5,4,5,4,4
gemma2:9b,data_pmus_yaounde,q2_4,Agent_148,A PIED,4,3,4,4,4
gemma2:9b,data_pmus_yaounde,q2_5_1,Agent_148,,2,1,2,1,3
gemma2:9b,data_pmus_yaounde,q2_5_2,Agent_148,,2,1,2,1,3
gemma2:9b,data_pmus_yaounde,q2_6_1,Agent_148,NKOM KANA,4,3,4,4,4
gemma2:9b,data_pmus_yaounde,q2_6_2,Agent_148,DECENTE NKOM KANA,4,3,4,4,4
gemma2:9b,data_pmus_yaounde,q3_1,Agent_148,NON,5,4,5,4,4
gemma2:9b,data_pmus_yaounde,q3_2,Agent_148,A PIED,4,3,4,4,4
gemma2:9b,data_pmus_yaounde,q3_3_1,Agent_148,,2,1,2,1,3
gemma2:9b,data_pmus_yaounde,q3_3_2,Agent_148,,2,1,2,1,3
gemma2:9b,data_pmus_yaounde,q4_1_a,Agent_148,Veuillez indiquer depuis combien de temps vous attendez.,5,5,5,5,5
gemma2:9b,data_pmus_yaounde,q4_1_b,Agent_148,MOINS DE 5 MIN,4,3,4,4,4
gemma2:9b,data_pmus_yaounde,q4_2_a,Agent_148,Veuillez indiquer depuis combien de temps vous attendez.,5,5,5,5,5
gemma2:9b,data_pmus_yaounde,q4_2_b,Agent_148,30 60 MIN,4,3,4,4,4
gemma2:9b,data_pmus_yaounde,q4_3,Agent_148,1750,4,3,4,4,4
gemma2:9b,data_pmus_yaounde,q4_4,Agent_148,VISITE FAMILLE,4,3,4,4,4
gemma2:9b,data_pmus_yaounde,q4_4_autres,Agent_148,ACHAT,4,3,4,4,4
gemma2:9b,data_pmus_yaounde,q5_1,Agent_148,ENTRE 26 ET 35 ANS,4,3,4,4,4
gemma2:9b,data_pmus_yaounde,q5_2,Agent_148,ENTRE 300 001 ET 500 000,4,3,4,4,4
gemma2:9b,data_pmus_yaounde,q5_3,Agent_148,FEMME,4,3,4,4,4
gemma2:9b,data_pmus_yaounde,centre ville,Agent_149,YAOUNDE,4,3,4,4,4
gemma2:9b,data_pmus_yaounde,q1_1,Agent_149,UN QUARTIER DE LA VILLE DE YAOUNDE,4,3,4,4,4
gemma2:9b,data_pmus_yaounde,q1_1_a,Agent_149,ABIT,4,3,4,4,4
gemma2:9b,data_pmus_yaounde,q1_1_b,Agent_149,10EME ARRET,4,3,4,4,4
gemma2:9b,data_pmus_yaounde,q1_1_c,Agent_149,,2,1,2,1,3
gemma2:9b,data_pmus_yaounde,q1_2,Agent_149,UN QUARTIER DE LA VILLE DE YAOUNDE,4,3,4,4,4
gemma2:9b,data_pmus_yaounde,q1_2_a,Agent_149,NKOM KANA,4,3,4,4,4
gemma2:9b,data_pmus_yaounde,q1_2_b,Agent_149,,2,1,2,1,3
gemma2:9b,data_pmus_yaounde,q1_3_c,Agent_149,,2,1,2,1,3
gemma2:9b,data_pmus_yaounde,q2_1,Agent_149,A PIED,4,3,4,4,4
gemma2:9b,data_pmus_yaounde,q2_2_1,Agent_149,,2,1,2,1,3
gemma2:9b,data_pmus_yaounde,q2_2_2,Agent_149,,2,1,2,1,3
gemma2:9b,data_pmus_yaounde,q2_3_1,Agent_149,,2,1,2,1,3
gemma2:9b,data_pmus_yaounde,q2_3_2,Agent_149,,2,1,2,1,3
gemma2:9b,data_pmus_yaounde,q2_3,Agent_149,NON,5,4,5,4,4
gemma2:9b,data_pmus_yaounde,q2_4,Agent_149,A PIED,4,3,4,4,4
gemma2:9b,data_pmus_yaounde,q2_5_1,Agent_149,,2,1,2,1,3
gemma2:9b,data_pmus_yaounde,q2_5_2,Agent_149,,2,1,2,1,3
gemma2:9b,data_pmus_yaounde,q2_6_1,Agent_149,,2,1,2,1,3
gemma2:9b,data_pmus_yaounde,q2_6_2,Agent_149,,2,1,2,1,3
gemma2:9b,data_pmus_yaounde,q3_1,Agent_149,NON,5,4,5,4,4
gemma2:9b,data_pmus_yaounde,q3_2,Agent_149,A PIED,4,3,4,4,4
gemma2:9b,data_pmus_yaounde,q3_3_1,Agent_149,,2,1,2,1,3
gemma2:9b,data_pmus_yaounde,q3_3_2,Agent_149,,2,1,2,1,3
gemma2:9b,data_pmus_yaounde,q4_1_a,Agent_149,Veuillez indiquer depuis combien de temps vous attendez.,5,5,5,5,5
gemma2:9b,data_pmus_yaounde,q4_1_b,Agent_149,MOINS DE 5 MIN,4,3,4,4,4
gemma2:9b,data_pmus_yaounde,q4_2_a,Agent_149,Veuillez indiquer depuis combien de temps vous attendez.,5,5,5,5,5
gemma2:9b,data_pmus_yaounde,q4_2_b,Agent_149,30 60 MIN,4,3,4,4,4
gemma2:9b,data_pmus_yaounde,q4_3,Agent_149,550,4,3,4,4,4
gemma2:9b,data_pmus_yaounde,q4_4,Agent_149,VISITE FAMILLE,4,3,4,4,4
gemma2:9b,data_pmus_yaounde,q4_4_autres,Agent_149,ACHAT,4,3,4,4,4
gemma2:9b,data_pmus_yaounde,q5_1,Agent_149,ENTRE 18 ET 25 ANS,4,3,4,4,4
gemma2:9b,data_pmus_yaounde,q5_2,Agent_149,ENTRE 30 001 ET 100 000,4,3,4,4,4
gemma2:9b,data_pmus_yaounde,q5_3,Agent_149,FEMME,4,3,4,4,4
gemma2:9b,data_pmus_yaounde,centre ville,Agent_150,YAOUNDE,4,3,4,4,4
gemma2:9b,data_pmus_yaounde,q1_1,Agent_150,UN QUARTIER DE LA VILLE DE YAOUNDE,4,3,4,4,4
gemma2:9b,data_pmus_yaounde,q1_1_a,Agent_150,ABIT,4,3,4,4,4
gemma2:9b,data_pmus_yaounde,q1_1_b,Agent_150,AU NIVEAU DU TCHADE,4,3,4,4,4
gemma2:9b,data_pmus_yaounde,q1_1_c,Agent_150,,2,1,2,1,3
gemma2:9b,data_pmus_yaounde,q1_2,Agent_150,UN QUARTIER DE LA VILLE DE YAOUNDE,4,3,4,4,4
gemma2:9b,data_pmus_yaounde,q1_2_a,Agent_150,ABOM,4,3,4,4,4
gemma2:9b,data_pmus_yaounde,q1_2_b,Agent_150,CHECKSPEE,4,3,4,4,4
gemma2:9b,data_pmus_yaounde,q1_3_c,Agent_150,AFANOYA,4,3,4,4,4
gemma2:9b,data_pmus_yaounde,q2_1,Agent_150,A PIED,4,3,4,4,4
gemma2:9b,data_pmus_yaounde,q2_2_1,Agent_150,,2,1,2,1,3
gemma2:9b,data_pmus_yaounde,q2_2_2,Agent_150,,2,1,2,1,3
gemma2:9b,data_pmus_yaounde,q2_3_1,Agent_150,,2,1,2,1,3
gemma2:9b,data_pmus_yaounde,q2_3_2,Agent_150,,2,1,2,1,3
gemma2:9b,data_pmus_yaounde,q2_3,Agent_150,NON,5,4,5,4,4
gemma2:9b,data_pmus_yaounde,q2_4,Agent_150,A PIED,4,3,4,4,4
gemma2:9b,data_pmus_yaounde,q2_5_1,Agent_150,,2,1,2,1,3
gemma2:9b,data_pmus_yaounde,q2_5_2,Agent_150,,2,1,2,1,3
gemma2:9b,data_pmus_yaounde,q2_6_1,Agent_150,,2,1,2,1,3
gemma2:9b,data_pmus_yaounde,q2_6_2,Agent_150,,2,1,2,1,3
gemma2:9b,data_pmus_yaounde,q3_1,Agent_150,NON,5,4,5,4,4
gemma2:9b,data_pmus_yaounde,q3_2,Agent_150,A PIED,4,3,4,4,4
gemma2:9b,data_pmus_yaounde,q3_3_1,Agent_150,,2,1,2,1,3
gemma2:9b,data_pmus_yaounde,q3_3_2,Agent_150,,2,1,2,1,3
gemma2:9b,data_pmus_yaounde,q4_1_a,Agent_150,Veuillez indiquer depuis combien de temps vous attendez.,5,5,5,5,5
gemma2:9b,data_pmus_yaounde,q4_1_b,Agent_150,MOINS DE 5 MIN,4,3,4,4,4
gemma2:9b,data_pmus_yaounde,q4_2_a,Agent_150,Veuillez indiquer depuis combien de temps vous attendez.,5,5,5,5,5
gemma2:9b,data_pmus_yaounde,q4_2_b,Agent_150,30 60 MIN,4,3,4,4,4
gemma2:9b,data_pmus_yaounde,q4_3,Agent_150,3300,4,3,4,4,4
gemma2:9b,data_pmus_yaounde,q4_4,Agent_150,VISITE FAMILLE,4,3,4,4,4
gemma2:9b,data_pmus_yaounde,q4_4_autres,Agent_150,ACHAT,4,3,4,4,4
gemma2:9b,data_pmus_yaounde,q5_1,Agent_150,ENTRE 26 ET 35 ANS,4,3,4,4,4
gemma2:9b,data_pmus_yaounde,q5_2,Agent_150,ENTRE 30 001 ET 100 000,4,3,4,4,4
gemma2:9b,data_pmus_yaounde,q5_3,Agent_150,FEMME,4,3,4,4,4
gemma2:9b,data_pmus_yaounde,centre ville,Agent_151,YAOUNDE,4,3,4,4,4
gemma2:9b,data_pmus_yaounde,q1_1,Agent_151,UN QUARTIER DE LA VILLE DE YAOUNDE,4,3,4,4,4
gemma2:9b,data_pmus_yaounde,q1_1_a,Agent_151,MOKOLO,4,3,4,4,4
gemma2:9b,data_pmus_yaounde,q1_1_b,Agent_151,FACEDOVE,4,3,4,4,4
gemma2:9b,data_pmus_yaounde,q1_1_c,Agent_151,,2,1,2,1,3
gemma2:9b,data_pmus_yaounde,q1_2,Agent_151,UN QUARTIER DE LA VILLE DE YAOUNDE,4,3,4,4,4
gemma2:9b,data_pmus_yaounde,q1_2_a,Agent_151,ABOM,4,3,4,4,4
gemma2:9b,data_pmus_yaounde,q1_2_b,Agent_151,,2,1,2,1,3
gemma2:9b,data_pmus_yaounde,q1_3_c,Agent_151,,2,1,2,1,3
gemma2:9b,data_pmus_yaounde,q2_1,Agent_151,PAR CARGO MINI BUS,4,3,4,4,4
gemma2:9b,data_pmus_yaounde,q2_2_1,Agent_151,,2,1,2,1,3
gemma2:9b,data_pmus_yaounde,q2_2_2,Agent_151,,2,1,2,1,3
gemma2:9b,data_pmus_yaounde,q2_3_1,Agent_151,,2,1,2,1,3
gemma2:9b,data_pmus_yaounde,q2_3_2,Agent_151,,2,1,2,1,3
gemma2:9b,data_pmus_yaounde,q2_3,Agent_151,NON,5,4,5,4,4
gemma2:9b,data_pmus_yaounde,q2_4,Agent_151,A PIED,4,3,4,4,4
gemma2:9b,data_pmus_yaounde,q2_5_1,Agent_151,,2,1,2,1,3
gemma2:9b,data_pmus_yaounde,q2_5_2,Agent_151,,2,1,2,1,3
gemma2:9b,data_pmus_yaounde,q2_6_1,Agent_151,,2,1,2,1,3
gemma2:9b,data_pmus_yaounde,q2_6_2,Agent_151,,2,1,2,1,3
gemma2:9b,data_pmus_yaounde,q3_1,Agent_151,NON,5,4,5,4,4
gemma2:9b,data_pmus_yaounde,q3_2,Agent_151,A PIED,4,3,4,4,4
gemma2:9b,data_pmus_yaounde,q3_3_1,Agent_151,,2,1,2,1,3
gemma2:9b,data_pmus_yaounde,q3_3_2,Agent_151,,2,1,2,1,3
gemma2:9b,data_pmus_yaounde,q4_1_a,Agent_151,Veuillez indiquer depuis combien de temps vous attendez.,5,5,5,5,5
gemma2:9b,data_pmus_yaounde,q4_1_b,Agent_151,MOINS DE 5 MIN,4,3,4,4,4
gemma2:9b,data_pmus_yaounde,q4_2_a,Agent_151,Veuillez indiquer depuis combien de temps vous attendez.,5,5,5,5,5
gemma2:9b,data_pmus_yaounde,q4_2_b,Agent_151,30 60 MIN,4,3,4,4,4
gemma2:9b,data_pmus_yaounde,q4_3,Agent_151,250,4,3,4,4,4
gemma2:9b,data_pmus_yaounde,q4_4,Agent_151,TRAVAIL,4,3,4,4,4
gemma2:9b,data_pmus_yaounde,q4_4_autres,Agent_151,ACHAT,4,3,4,4,4
gemma2:9b,data_pmus_yaounde,q5_1,Agent_151,ENTRE 18 ET 25 ANS,4,3,4,4,4
gemma2:9b,data_pmus_yaounde,q5_2,Agent_151,MOINS DE 30 000,4,3,4,4,4
gemma2:9b,data_pmus_yaounde,q5_3,Agent_151,FEMME,4,3,4,4,4
gemma2:9b,data_pmus_yaounde,centre ville,Agent_152,YAOUNDE,4,3,4,4,4
gemma2:9b,data_pmus_yaounde,q1_1,Agent_152,UN QUARTIER DE LA VILLE DE YAOUNDE,4,3,4,4,4
gemma2:9b,data_pmus_yaounde,q1_1_a,Agent_152,OYOM ABANG,4,3,4,4,4
gemma2:9b,data_pmus_yaounde,q1_1_b,Agent_152,10EME ARRET,4,3,4,4,4
gemma2:9b,data_pmus_yaounde,q1_1_c,Agent_152,,2,1,2,1,3
gemma2:9b,data_pmus_yaounde,q1_2,Agent_152,UN QUARTIER DE LA VILLE DE YAOUNDE,4,3,4,4,4
gemma2:9b,data_pmus_yaounde,q1_2_a,Agent_152,CARREFOUR MEEC,4,3,4,4,4
gemma2:9b,data_pmus_yaounde,q1_2_b,Agent_152,10 IEME ARRET,4,3,4,4,4
gemma2:9b,data_pmus_yaounde,q1_3_c,Agent_152,,2,1,2,1,3
gemma2:9b,data_pmus_yaounde,q2_1,Agent_152,PAR BUS STACY,4,3,4,4,4
gemma2:9b,data_pmus_yaounde,q2_2_1,Agent_152,CARREFOUR MEEC,4,3,4,4,4
gemma2:9b,data_pmus_yaounde,q2_2_2,Agent_152,10 E ARRET,4,3,4,4,4
gemma2:9b,data_pmus_yaounde,q2_3_1,Agent_152,0LESOA,4,3,4,4,4
gemma2:9b,data_pmus_yaounde,q2_3_2,Agent_152,0NANA,4,3,4,4,4
gemma2:9b,data_pmus_yaounde,q2_3,Agent_152,NON,5,4,5,4,4
gemma2:9b,data_pmus_yaounde,q2_4,Agent_152,PAR BUS STACY,4,3,4,4,4
gemma2:9b,data_pmus_yaounde,q2_5_1,Agent_152,CARREFOUR MEEC,4,3,4,4,4
gemma2:9b,data_pmus_yaounde,q2_5_2,Agent_152,0MPHINE,4,3,4,4,4
gemma2:9b,data_pmus_yaounde,q2_6_1,Agent_152,CARREFOUR,4,3,4,4,4
gemma2:9b,data_pmus_yaounde,q2_6_2,Agent_152,CARREFOUR,4,3,4,4,4
gemma2:9b,data_pmus_yaounde,q3_1,Agent_152,NON,5,4,5,4,4
gemma2:9b,data_pmus_yaounde,q3_2,Agent_152,PAR BUS STACY,4,3,4,4,4
gemma2:9b,data_pmus_yaounde,q3_3_1,Agent_152,CARREFOUR MEEC,4,3,4,4,4
gemma2:9b,data_pmus_yaounde,q3_3_2,Agent_152,10 IEME ARRET,4,3,4,4,4
gemma2:9b,data_pmus_yaounde,q4_1_a,Agent_152,Veuillez indiquer depuis combien de temps vous attendez.,5,5,5,5,5
gemma2:9b,data_pmus_yaounde,q4_1_b,Agent_152,MOINS DE 5 MIN,4,3,4,4,4
gemma2:9b,data_pmus_yaounde,q4_2_a,Agent_152,Veuillez indiquer depuis combien de temps vous attendez.,5,5,5,5,5
gemma2:9b,data_pmus_yaounde,q4_2_b,Agent_152,30 60 MIN,4,3,4,4,4
gemma2:9b,data_pmus_yaounde,q4_3,Agent_152,1750,4,3,4,4,4
gemma2:9b,data_pmus_yaounde,q4_4,Agent_152,ACTIVIT S DE LOISIRS,4,3,4,4,4
gemma2:9b,data_pmus_yaounde,q4_4_autres,Agent_152,RENCONTRE,4,3,4,4,4
gemma2:9b,data_pmus_yaounde,q5_1,Agent_152,ENTRE 26 ET 35 ANS,4,3,4,4,4
gemma2:9b,data_pmus_yaounde,q5_2,Agent_152,ENTRE 30 001 ET 100 000,4,3,4,4,4
gemma2:9b,data_pmus_yaounde,q5_3,Agent_152,FEMME,4,3,4,4,4
gemma2:9b,data_pmus_yaounde,centre ville,Agent_153,YAOUNDE,4,3,4,4,4
gemma2:9b,data_pmus_yaounde,q1_1,Agent_153,UN QUARTIER DE LA VILLE DE YAOUNDE,4,3,4,4,4
gemma2:9b,data_pmus_yaounde,q1_1_a,Agent_153,EFOULAN,4,3,4,4,4
gemma2:9b,data_pmus_yaounde,q1_1_b,Agent_153,10EME ARRET,4,3,4,4,4
gemma2:9b,data_pmus_yaounde,q1_1_c,Agent_153,,2,1,2,1,3
gemma2:9b,data_pmus_yaounde,q1_2,Agent_153,UN QUARTIER DE LA VILLE DE YAOUNDE,4,3,4,4,4
gemma2:9b,data_pmus_yaounde,q1_2_a,Agent_153,,2,1,2,1,3
gemma2:9b,data_pmus_yaounde,q1_2_b,Agent_153,,2,1,2,1,3
gemma2:9b,data_pmus_yaounde,q1_3_c,Agent_153,AFANOYA,4,3,4,4,4
gemma2:9b,data_pmus_yaounde,q2_1,Agent_153,PAR BUS STACY,4,3,4,4,4
gemma2:9b,data_pmus_yaounde,q2_2_1,Agent_153,CARREFOUR BERLIN,4,3,4,4,4
gemma2:9b,data_pmus_yaounde,q2_2_2,Agent_153,10 E ARRET,4,3,4,4,4
gemma2:9b,data_pmus_yaounde,q2_3_1,Agent_153,EFOULAN,4,3,4,4,4
gemma2:9b,data_pmus_yaounde,q2_3_2,Agent_153,CAMP YAYAP,4,3,4,4,4
gemma2:9b,data_pmus_yaounde,q2_3,Agent_153,NON,5,4,5,4,4
gemma2:9b,data_pmus_yaounde,q2_4,Agent_153,PAR BUS STACY,4,3,4,4,4
gemma2:9b,data_pmus_yaounde,q2_5_1,Agent_153,CAMP,4,3,4,4,4
gemma2:9b,data_pmus_yaounde,q2_5_2,Agent_153,0MPHINE,4,3,4,4,4
gemma2:9b,data_pmus_yaounde,q2_6_1,Agent_153,MVOLYE,4,3,4,4,4
gemma2:9b,data_pmus_yaounde,q2_6_2,Agent_153,11EME ARRET,4,3,4,4,4
gemma2:9b,data_pmus_yaounde,q3_1,Agent_153,NON,5,4,5,4,4
gemma2:9b,data_pmus_yaounde,q3_2,Agent_153,PAR BUS STACY,4,3,4,4,4
gemma2:9b,data_pmus_yaounde,q3_3_1,Agent_153,,2,1,2,1,3
gemma2:9b,data_pmus_yaounde,q3_3_2,Agent_153,,2,1,2,1,3
gemma2:9b,data_pmus_yaounde,q4_1_a,Agent_153,Veuillez indiquer depuis combien de temps vous attendez.,5,5,5,5,5
gemma2:9b,data_pmus_yaounde,q4_1_b,Agent_153,MOINS DE 5 MIN,4,3,4,4,4
gemma2:9b,data_pmus_yaounde,q4_2_a,Agent_153,Veuillez indiquer depuis combien de temps vous attendez.,5,5,5,5,5
gemma2:9b,data_pmus_yaounde,q4_2_b,Agent_153,30 60 MIN,4,3,4,4,4
gemma2:9b,data_pmus_yaounde,q4_3,Agent_153,1550,4,3,4,4,4
gemma2:9b,data_pmus_yaounde,q4_4,Agent_153,VISITE FAMILLE,4,3,4,4,4
gemma2:9b,data_pmus_yaounde,q4_4_autres,Agent_153,ACHAT,4,3,4,4,4
gemma2:9b,data_pmus_yaounde,q5_1,Agent_153,MOINS DE 18 ANS,4,3,4,4,4
gemma2:9b,data_pmus_yaounde,q5_2,Agent_153,ENTRE 30 001 ET 100 000,4,3,4,4,4
gemma2:9b,data_pmus_yaounde,q5_3,Agent_153,FEMME,4,3,4,4,4
gemma2:9b,data_pmus_yaounde,centre ville,Agent_154,YAOUNDE,4,3,4,4,4
gemma2:9b,data_pmus_yaounde,q1_1,Agent_154,UN QUARTIER DE LA VILLE DE YAOUNDE,4,3,4,4,4
gemma2:9b,data_pmus_yaounde,q1_1_a,Agent_154,ABIT,4,3,4,4,4
gemma2:9b,data_pmus_yaounde,q1_1_b,Agent_154,10EME ARRET,4,3,4,4,4
gemma2:9b,data_pmus_yaounde,q1_1_c,Agent_154,,2,1,2,1,3
gemma2:9b,data_pmus_yaounde,q1_2,Agent_154,UN QUARTIER DE LA VILLE DE YAOUNDE,4,3,4,4,4
gemma2:9b,data_pmus_yaounde,q1_2_a,Agent_154,ABOM,4,3,4,4,4
gemma2:9b,data_pmus_yaounde,q1_2_b,Agent_154,10 IEME ARRET,4,3,4,4,4
gemma2:9b,data_pmus_yaounde,q1_3_c,Agent_154,,2,1,2,1,3
gemma2:9b,data_pmus_yaounde,q2_1,Agent_154,A PIED,4,3,4,4,4
gemma2:9b,data_pmus_yaounde,q2_2_1,Agent_154,,2,1,2,1,3
gemma2:9b,data_pmus_yaounde,q2_2_2,Agent_154,,2,1,2,1,3
gemma2:9b,data_pmus_yaounde,q2_3_1,Agent_154,,2,1,2,1,3
gemma2:9b,data_pmus_yaounde,q2_3_2,Agent_154,,2,1,2,1,3
gemma2:9b,data_pmus_yaounde,q2_3,Agent_154,NON,5,4,5,4,4
gemma2:9b,data_pmus_yaounde,q2_4,Agent_154,A PIED,4,3,4,4,4
gemma2:9b,data_pmus_yaounde,q2_5_1,Agent_154,,2,1,2,1,3
gemma2:9b,data_pmus_yaounde,q2_5_2,Agent_154,,2,1,2,1,3
gemma2:9b,data_pmus_yaounde,q2_6_1,Agent_154,,2,1,2,1,3
gemma2:9b,data_pmus_yaounde,q2_6_2,Agent_154,,2,1,2,1,3
gemma2:9b,data_pmus_yaounde,q3_1,Agent_154,NON,5,4,5,4,4
gemma2:9b,data_pmus_yaounde,q3_2,Agent_154,A PIED,4,3,4,4,4
gemma2:9b,data_pmus_yaounde,q3_3_1,Agent_154,,2,1,2,1,3
gemma2:9b,data_pmus_yaounde,q3_3_2,Agent_154,,2,1,2,1,3
gemma2:9b,data_pmus_yaounde,q4_1_a,Agent_154,Veuillez indiquer depuis combien de temps vous attendez.,5,5,5,5,5
gemma2:9b,data_pmus_yaounde,q4_1_b,Agent_154,MOINS DE 5 MIN,4,3,4,4,4
gemma2:9b,data_pmus_yaounde,q4_2_a,Agent_154,Veuillez indiquer depuis combien de temps vous attendez.,5,5,5,5,5
gemma2:9b,data_pmus_yaounde,q4_2_b,Agent_154,MOINS DE 15 MIN,4,3,4,4,4
gemma2:9b,data_pmus_yaounde,q4_3,Agent_154,1550,4,3,4,4,4
gemma2:9b,data_pmus_yaounde,q4_4,Agent_154,COURSES,4,3,4,4,4
gemma2:9b,data_pmus_yaounde,q4_4_autres,Agent_154,FAIRE DES ACHATS,4,3,4,4,4
gemma2:9b,data_pmus_yaounde,q5_1,Agent_154,ENTRE 26 ET 35 ANS,4,3,4,4,4
gemma2:9b,data_pmus_yaounde,q5_2,Agent_154,ENTRE 30 001 ET 100 000,4,3,4,4,4
gemma2:9b,data_pmus_yaounde,q5_3,Agent_154,FEMME,4,3,4,4,4
gemma2:9b,data_pmus_yaounde,centre ville,Agent_155,YAOUNDE,4,3,4,4,4
gemma2:9b,data_pmus_yaounde,q1_1,Agent_155,UN QUARTIER DE LA VILLE DE YAOUNDE,4,3,4,4,4
gemma2:9b,data_pmus_yaounde,q1_1_a,Agent_155,ABIT,4,3,4,4,4
gemma2:9b,data_pmus_yaounde,q1_1_b,Agent_155,10EME ARRET,4,3,4,4,4
gemma2:9b,data_pmus_yaounde,q1_1_c,Agent_155,AFANOYA,4,3,4,4,4
gemma2:9b,data_pmus_yaounde,q1_2,Agent_155,UN QUARTIER DE LA VILLE DE YAOUNDE,4,3,4,4,4
gemma2:9b,data_pmus_yaounde,q1_2_a,Agent_155,ABOM,4,3,4,4,4
gemma2:9b,data_pmus_yaounde,q1_2_b,Agent_155,ENTRE CHAPELLE,4,3,4,4,4
gemma2:9b,data_pmus_yaounde,q1_3_c,Agent_155,AFANOYA,4,3,4,4,4
gemma2:9b,data_pmus_yaounde,q2_1,Agent_155,A PIED,4,3,4,4,4
gemma2:9b,data_pmus_yaounde,q2_2_1,Agent_155,2 CHEVEAU,4,3,4,4,4
gemma2:9b,data_pmus_yaounde,q2_2_2,Agent_155,A PIED,4,3,4,4,4
gemma2:9b,data_pmus_yaounde,q2_3_1,Agent_155,,2,1,2,1,3
gemma2:9b,data_pmus_yaounde,q2_3_2,Agent_155,,2,1,2,1,3
gemma2:9b,data_pmus_yaounde,q2_3,Agent_155,NON,5,4,5,4,4
gemma2:9b,data_pmus_yaounde,q2_4,Agent_155,A PIED,4,3,4,4,4
gemma2:9b,data_pmus_yaounde,q2_5_1,Agent_155,A B0NAS,4,3,4,4,4
gemma2:9b,data_pmus_yaounde,q2_5_2,Agent_155,0MPHINE,4,3,4,4,4
gemma2:9b,data_pmus_yaounde,q2_6_1,Agent_155,,2,1,2,1,3
gemma2:9b,data_pmus_yaounde,q2_6_2,Agent_155,,2,1,2,1,3
gemma2:9b,data_pmus_yaounde,q3_1,Agent_155,NON,5,4,5,4,4
gemma2:9b,data_pmus_yaounde,q3_2,Agent_155,A PIED,4,3,4,4,4
gemma2:9b,data_pmus_yaounde,q3_3_1,Agent_155,,2,1,2,1,3
gemma2:9b,data_pmus_yaounde,q3_3_2,Agent_155,,2,1,2,1,3
gemma2:9b,data_pmus_yaounde,q4_1_a,Agent_155,Veuillez indiquer depuis combien de temps vous attendez.,5,5,5,5,5
gemma2:9b,data_pmus_yaounde,q4_1_b,Agent_155,MOINS DE 5 MIN,4,3,4,4,4
gemma2:9b,data_pmus_yaounde,q4_2_a,Agent_155,Veuillez indiquer depuis combien de temps vous attendez.,5,5,5,5,5
gemma2:9b,data_pmus_yaounde,q4_2_b,Agent_155,30 60 MIN,4,3,4,4,4
gemma2:9b,data_pmus_yaounde,q4_3,Agent_155,2800,4,3,4,4,4
gemma2:9b,data_pmus_yaounde,q4_4,Agent_155,D MARCHES ADMINISTRATIVES ET OU SANT,4,3,4,4,4
gemma2:9b,data_pmus_yaounde,q4_4_autres,Agent_155,ACHAT,4,3,4,4,4
gemma2:9b,data_pmus_yaounde,q5_1,Agent_155,ENTRE 18 ET 25 ANS,4,3,4,4,4
gemma2:9b,data_pmus_yaounde,q5_2,Agent_155,ENTRE 300 001 ET 500 000,4,3,4,4,4
gemma2:9b,data_pmus_yaounde,q5_3,Agent_155,HOMME,4,3,4,4,4
gemma2:9b,data_pmus_yaounde,centre ville,Agent_156,YAOUNDE,4,3,4,4,4
gemma2:9b,data_pmus_yaounde,q1_1,Agent_156,UN QUARTIER DE LA VILLE DE YAOUNDE,4,3,4,4,4
gemma2:9b,data_pmus_yaounde,q1_1_a,Agent_156,CENTRE VILLE,4,3,4,4,4
gemma2:9b,data_pmus_yaounde,q1_1_b,Agent_156,10EME ARRET,4,3,4,4,4
gemma2:9b,data_pmus_yaounde,q1_1_c,Agent_156,,2,1,2,1,3
gemma2:9b,data_pmus_yaounde,q1_2,Agent_156,UN QUARTIER DE LA VILLE DE YAOUNDE,4,3,4,4,4
gemma2:9b,data_pmus_yaounde,q1_2_a,Agent_156,ABOM,4,3,4,4,4
gemma2:9b,data_pmus_yaounde,q1_2_b,Agent_156,10 IEME ARRET,4,3,4,4,4
gemma2:9b,data_pmus_yaounde,q1_3_c,Agent_156,AFANOYA,4,3,4,4,4
gemma2:9b,data_pmus_yaounde,q2_1,Agent_156,A PIED,4,3,4,4,4
gemma2:9b,data_pmus_yaounde,q2_2_1,Agent_156,2 CHEVEAU,4,3,4,4,4
gemma2:9b,data_pmus_yaounde,q2_2_2,Agent_156,,2,1,2,1,3
gemma2:9b,data_pmus_yaounde,q2_3_1,Agent_156,AUCUN,4,3,4,4,4
gemma2:9b,data_pmus_yaounde,q2_3_2,Agent_156,AUCUN,4,3,4,4,4
gemma2:9b,data_pmus_yaounde,q2_3,Agent_156,NON,5,4,5,4,4
gemma2:9b,data_pmus_yaounde,q2_4,Agent_156,A PIED,4,3,4,4,4
gemma2:9b,data_pmus_yaounde,q2_5_1,Agent_156,A B0NAS,4,3,4,4,4
gemma2:9b,data_pmus_yaounde,q2_5_2,Agent_156,0MPHINE,4,3,4,4,4
gemma2:9b,data_pmus_yaounde,q2_6_1,Agent_156,ABATTOIR,4,3,4,4,4
gemma2:9b,data_pmus_yaounde,q2_6_2,Agent_156,11EME ARRET,4,3,4,4,4
gemma2:9b,data_pmus_yaounde,q3_1,Agent_156,NON,5,4,5,4,4
gemma2:9b,data_pmus_yaounde,q3_2,Agent_156,A PIED,4,3,4,4,4
gemma2:9b,data_pmus_yaounde,q3_3_1,Agent_156,CENTRE VILLE,4,3,4,4,4
gemma2:9b,data_pmus_yaounde,q3_3_2,Agent_156,CENTRE VILLE,4,3,4,4,4
gemma2:9b,data_pmus_yaounde,q4_1_a,Agent_156,Veuillez indiquer depuis combien de temps vous attendez.,5,5,5,5,5
gemma2:9b,data_pmus_yaounde,q4_1_b,Agent_156,MOINS DE 5 MIN,4,3,4,4,4
gemma2:9b,data_pmus_yaounde,q4_2_a,Agent_156,Veuillez indiquer depuis combien de temps vous attendez.,5,5,5,5,5
gemma2:9b,data_pmus_yaounde,q4_2_b,Agent_156,30 60 MIN,4,3,4,4,4
gemma2:9b,data_pmus_yaounde,q4_3,Agent_156,1250,4,3,4,4,4
gemma2:9b,data_pmus_yaounde,q4_4,Agent_156,VISITE FAMILLE,4,3,4,4,4
gemma2:9b,data_pmus_yaounde,q4_4_autres,Agent_156,ACHAT,4,3,4,4,4
gemma2:9b,data_pmus_yaounde,q5_1,Agent_156,ENTRE 18 ET 25 ANS,4,3,4,4,4
gemma2:9b,data_pmus_yaounde,q5_2,Agent_156,ENTRE 30 001 ET 100 000,4,3,4,4,4
gemma2:9b,data_pmus_yaounde,q5_3,Agent_156,FEMME,4,3,4,4,4
gemma2:9b,data_pmus_yaounde,centre ville,Agent_157,YAOUNDE,4,3,4,4,4
gemma2:9b,data_pmus_yaounde,q1_1,Agent_157,UN QUARTIER DE LA VILLE DE YAOUNDE,4,3,4,4,4
gemma2:9b,data_pmus_yaounde,q1_1_a,Agent_157,ABIT,4,3,4,4,4
gemma2:9b,data_pmus_yaounde,q1_1_b,Agent_157,NKOUMOU,4,3,4,4,4
gemma2:9b,data_pmus_yaounde,q1_1_c,Agent_157,,2,1,2,1,3
gemma2:9b,data_pmus_yaounde,q1_2,Agent_157,UN QUARTIER DE LA VILLE DE YAOUNDE,4,3,4,4,4
gemma2:9b,data_pmus_yaounde,q1_2_a,Agent_157,ABOM,4,3,4,4,4
gemma2:9b,data_pmus_yaounde,q1_2_b,Agent_157,MONTE SAPLET,4,3,4,4,4
gemma2:9b,data_pmus_yaounde,q1_3_c,Agent_157,,2,1,2,1,3
gemma2:9b,data_pmus_yaounde,q2_1,Agent_157,PAR BUS STACY,4,3,4,4,4
gemma2:9b,data_pmus_yaounde,q2_2_1,Agent_157,2 CHEVEAU,4,3,4,4,4
gemma2:9b,data_pmus_yaounde,q2_2_2,Agent_157,10 E ARRET,4,3,4,4,4
gemma2:9b,data_pmus_yaounde,q2_3_1,Agent_157,0LESOA,4,3,4,4,4
gemma2:9b,data_pmus_yaounde,q2_3_2,Agent_157,,2,1,2,1,3
gemma2:9b,data_pmus_yaounde,q2_3,Agent_157,NON,5,4,5,4,4
gemma2:9b,data_pmus_yaounde,q2_4,Agent_157,PAR BUS STACY,4,3,4,4,4
gemma2:9b,data_pmus_yaounde,q2_5_1,Agent_157,MOBIL OMINSPORT,4,3,4,4,4
gemma2:9b,data_pmus_yaounde,q2_5_2,Agent_157,0MPHINE,4,3,4,4,4
gemma2:9b,data_pmus_yaounde,q2_6_1,Agent_157,MOBIL OMINSPORT,4,3,4,4,4
gemma2:9b,data_pmus_yaounde,q2_6_2,Agent_157,11EME ARRET,4,3,4,4,4
gemma2:9b,data_pmus_yaounde,q3_1,Agent_157,NON,5,4,5,4,4
gemma2:9b,data_pmus_yaounde,q3_2,Agent_157,PAR BUS STACY,4,3,4,4,4
gemma2:9b,data_pmus_yaounde,q3_3_1,Agent_157,MBALLA 2,4,3,4,4,4
gemma2:9b,data_pmus_yaounde,q3_3_2,Agent_157,10 IEME ARRET,4,3,4,4,4
gemma2:9b,data_pmus_yaounde,q4_1_a,Agent_157,Veuillez indiquer depuis combien de temps vous attendez.,5,5,5,5,5
gemma2:9b,data_pmus_yaounde,q4_1_b,Agent_157,MOINS DE 5 MIN,4,3,4,4,4
gemma2:9b,data_pmus_yaounde,q4_2_a,Agent_157,Veuillez indiquer depuis combien de temps vous attendez.,5,5,5,5,5
gemma2:9b,data_pmus_yaounde,q4_2_b,Agent_157,30 60 MIN,4,3,4,4,4
gemma2:9b,data_pmus_yaounde,q4_3,Agent_157,1300,4,3,4,4,4
gemma2:9b,data_pmus_yaounde,q4_4,Agent_157,TRAVAIL,4,3,4,4,4
gemma2:9b,data_pmus_yaounde,q4_4_autres,Agent_157,ACHAT,4,3,4,4,4
gemma2:9b,data_pmus_yaounde,q5_1,Agent_157,ENTRE 18 ET 25 ANS,4,3,4,4,4
gemma2:9b,data_pmus_yaounde,q5_2,Agent_157,MOINS DE 30 000,4,3,4,4,4
gemma2:9b,data_pmus_yaounde,q5_3,Agent_157,FEMME,4,3,4,4,4
gemma2:9b,data_pmus_yaounde,centre ville,Agent_158,YAOUNDE,4,3,4,4,4
gemma2:9b,data_pmus_yaounde,q1_1,Agent_158,UN QUARTIER DE LA VILLE DE YAOUNDE,4,3,4,4,4
gemma2:9b,data_pmus_yaounde,q1_1_a,Agent_158,MVOG ADA,4,3,4,4,4
gemma2:9b,data_pmus_yaounde,q1_1_b,Agent_158,10EME ARRET,4,3,4,4,4
gemma2:9b,data_pmus_yaounde,q1_1_c,Agent_158,AFANOYA,4,3,4,4,4
gemma2:9b,data_pmus_yaounde,q1_2,Agent_158,UN QUARTIER DE LA VILLE DE YAOUNDE,4,3,4,4,4
gemma2:9b,data_pmus_yaounde,q1_2_a,Agent_158,MVOG ADA,4,3,4,4,4
gemma2:9b,data_pmus_yaounde,q1_2_b,Agent_158,10 IEME ARRET,4,3,4,4,4
gemma2:9b,data_pmus_yaounde,q1_3_c,Agent_158,,2,1,2,1,3
gemma2:9b,data_pmus_yaounde,q2_1,Agent_158,A PIED,4,3,4,4,4
gemma2:9b,data_pmus_yaounde,q2_2_1,Agent_158,,2,1,2,1,3
gemma2:9b,data_pmus_yaounde,q2_2_2,Agent_158,10 E ARRET,4,3,4,4,4
gemma2:9b,data_pmus_yaounde,q2_3_1,Agent_158,,2,1,2,1,3
gemma2:9b,data_pmus_yaounde,q2_3_2,Agent_158,,2,1,2,1,3
gemma2:9b,data_pmus_yaounde,q2_3,Agent_158,NON,5,4,5,4,4
gemma2:9b,data_pmus_yaounde,q2_4,Agent_158,A PIED,4,3,4,4,4
gemma2:9b,data_pmus_yaounde,q2_5_1,Agent_158,,2,1,2,1,3
gemma2:9b,data_pmus_yaounde,q2_5_2,Agent_158,,2,1,2,1,3
gemma2:9b,data_pmus_yaounde,q2_6_1,Agent_158,,2,1,2,1,3
gemma2:9b,data_pmus_yaounde,q2_6_2,Agent_158,,2,1,2,1,3
gemma2:9b,data_pmus_yaounde,q3_1,Agent_158,NON,5,4,5,4,4
gemma2:9b,data_pmus_yaounde,q3_2,Agent_158,A PIED,4,3,4,4,4
gemma2:9b,data_pmus_yaounde,q3_3_1,Agent_158,NKOA MBANG,4,3,4,4,4
gemma2:9b,data_pmus_yaounde,q3_3_2,Agent_158,NKOA MBANG,4,3,4,4,4
gemma2:9b,data_pmus_yaounde,q4_1_a,Agent_158,Veuillez indiquer depuis combien de temps vous attendez.,5,5,5,5,5
gemma2:9b,data_pmus_yaounde,q4_1_b,Agent_158,MOINS DE 5 MIN,4,3,4,4,4
gemma2:9b,data_pmus_yaounde,q4_2_a,Agent_158,Veuillez indiquer depuis combien de temps vous attendez.,5,5,5,5,5
gemma2:9b,data_pmus_yaounde,q4_2_b,Agent_158,30 60 MIN,4,3,4,4,4
gemma2:9b,data_pmus_yaounde,q4_3,Agent_158,850,4,3,4,4,4
gemma2:9b,data_pmus_yaounde,q4_4,Agent_158,TRAVAIL,4,3,4,4,4
gemma2:9b,data_pmus_yaounde,q4_4_autres,Agent_158,ACHAT,4,3,4,4,4
gemma2:9b,data_pmus_yaounde,q5_1,Agent_158,ENTRE 18 ET 25 ANS,4,3,4,4,4
gemma2:9b,data_pmus_yaounde,q5_2,Agent_158,ENTRE 30 001 ET 100 000,4,3,4,4,4
gemma2:9b,data_pmus_yaounde,q5_3,Agent_158,FEMME,4,3,4,4,4
gemma2:9b,data_pmus_yaounde,centre ville,Agent_159,YAOUNDE,4,3,4,4,4
gemma2:9b,data_pmus_yaounde,q1_1,Agent_159,UN QUARTIER DE LA VILLE DE YAOUNDE,4,3,4,4,4
gemma2:9b,data_pmus_yaounde,q1_1_a,Agent_159,MBALLA 2,4,3,4,4,4
gemma2:9b,data_pmus_yaounde,q1_1_b,Agent_159,10EME ARRET,4,3,4,4,4
gemma2:9b,data_pmus_yaounde,q1_1_c,Agent_159,,2,1,2,1,3
gemma2:9b,data_pmus_yaounde,q1_2,Agent_159,UN QUARTIER DE LA VILLE DE YAOUNDE,4,3,4,4,4
gemma2:9b,data_pmus_yaounde,q1_2_a,Agent_159,ABOM,4,3,4,4,4
gemma2:9b,data_pmus_yaounde,q1_2_b,Agent_159,CHEZ LE GOUVENEUR,4,3,4,4,4
gemma2:9b,data_pmus_yaounde,q1_3_c,Agent_159,,2,1,2,1,3
gemma2:9b,data_pmus_yaounde,q2_1,Agent_159,A PIED,4,3,4,4,4
gemma2:9b,data_pmus_yaounde,q2_2_1,Agent_159,2 CHEVEAU,4,3,4,4,4
gemma2:9b,data_pmus_yaounde,q2_2_2,Agent_159,10 E ARRET,4,3,4,4,4
gemma2:9b,data_pmus_yaounde,q2_3_1,Agent_159,AUCUN,4,3,4,4,4
gemma2:9b,data_pmus_yaounde,q2_3_2,Agent_159,,2,1,2,1,3
gemma2:9b,data_pmus_yaounde,q2_3,Agent_159,NON,5,4,5,4,4
gemma2:9b,data_pmus_yaounde,q2_4,Agent_159,A PIED,4,3,4,4,4
gemma2:9b,data_pmus_yaounde,q2_5_1,Agent_159,A B0NAS,4,3,4,4,4
gemma2:9b,data_pmus_yaounde,q2_5_2,Agent_159,0MPHINE,4,3,4,4,4
gemma2:9b,data_pmus_yaounde,q2_6_1,Agent_159,,2,1,2,1,3
gemma2:9b,data_pmus_yaounde,q2_6_2,Agent_159,,2,1,2,1,3
gemma2:9b,data_pmus_yaounde,q3_1,Agent_159,NON,5,4,5,4,4
gemma2:9b,data_pmus_yaounde,q3_2,Agent_159,A PIED,4,3,4,4,4
gemma2:9b,data_pmus_yaounde,q3_3_1,Agent_159,,2,1,2,1,3
gemma2:9b,data_pmus_yaounde,q3_3_2,Agent_159,,2,1,2,1,3
gemma2:9b,data_pmus_yaounde,q4_1_a,Agent_159,Veuillez indiquer depuis combien de temps vous attendez.,5,5,5,5,5
gemma2:9b,data_pmus_yaounde,q4_1_b,Agent_159,MOINS DE 5 MIN,4,3,4,4,4
gemma2:9b,data_pmus_yaounde,q4_2_a,Agent_159,Veuillez indiquer depuis combien de temps vous attendez.,5,5,5,5,5
gemma2:9b,data_pmus_yaounde,q4_2_b,Agent_159,30 60 MIN,4,3,4,4,4
gemma2:9b,data_pmus_yaounde,q4_3,Agent_159,1600,4,3,4,4,4
gemma2:9b,data_pmus_yaounde,q4_4,Agent_159,VISITE FAMILLE,4,3,4,4,4
gemma2:9b,data_pmus_yaounde,q4_4_autres,Agent_159,ACHAT,4,3,4,4,4
gemma2:9b,data_pmus_yaounde,q5_1,Agent_159,ENTRE 36 ET 45 ANS,4,3,4,4,4
gemma2:9b,data_pmus_yaounde,q5_2,Agent_159,ENTRE 30 001 ET 100 000,4,3,4,4,4
gemma2:9b,data_pmus_yaounde,q5_3,Agent_159,HOMME,4,3,4,4,4
gemma2:9b,data_pmus_yaounde,centre ville,Agent_160,YAOUNDE,4,3,4,4,4
gemma2:9b,data_pmus_yaounde,q1_1,Agent_160,UN QUARTIER DE LA VILLE DE YAOUNDE,4,3,4,4,4
gemma2:9b,data_pmus_yaounde,q1_1_a,Agent_160,ABIT,4,3,4,4,4
gemma2:9b,data_pmus_yaounde,q1_1_b,Agent_160,10EME ARRET,4,3,4,4,4
gemma2:9b,data_pmus_yaounde,q1_1_c,Agent_160,,2,1,2,1,3
gemma2:9b,data_pmus_yaounde,q1_2,Agent_160,UN QUARTIER DE LA VILLE DE YAOUNDE,4,3,4,4,4
gemma2:9b,data_pmus_yaounde,q1_2_a,Agent_160,CARRIERE,4,3,4,4,4
gemma2:9b,data_pmus_yaounde,q1_2_b,Agent_160,10 IEME ARRET,4,3,4,4,4
gemma2:9b,data_pmus_yaounde,q1_3_c,Agent_160,,2,1,2,1,3
gemma2:9b,data_pmus_yaounde,q2_1,Agent_160,A PIED,4,3,4,4,4
gemma2:9b,data_pmus_yaounde,q2_2_1,Agent_160,,2,1,2,1,3
gemma2:9b,data_pmus_yaounde,q2_2_2,Agent_160,,2,1,2,1,3
gemma2:9b,data_pmus_yaounde,q2_3_1,Agent_160,,2,1,2,1,3
gemma2:9b,data_pmus_yaounde,q2_3_2,Agent_160,,2,1,2,1,3
gemma2:9b,data_pmus_yaounde,q2_3,Agent_160,NON,5,4,5,4,4
gemma2:9b,data_pmus_yaounde,q2_4,Agent_160,A PIED,4,3,4,4,4
gemma2:9b,data_pmus_yaounde,q2_5_1,Agent_160,,2,1,2,1,3
gemma2:9b,data_pmus_yaounde,q2_5_2,Agent_160,,2,1,2,1,3
gemma2:9b,data_pmus_yaounde,q2_6_1,Agent_160,,2,1,2,1,3
gemma2:9b,data_pmus_yaounde,q2_6_2,Agent_160,,2,1,2,1,3
gemma2:9b,data_pmus_yaounde,q3_1,Agent_160,NON,5,4,5,4,4
gemma2:9b,data_pmus_yaounde,q3_2,Agent_160,A PIED,4,3,4,4,4
gemma2:9b,data_pmus_yaounde,q3_3_1,Agent_160,,2,1,2,1,3
gemma2:9b,data_pmus_yaounde,q3_3_2,Agent_160,,2,1,2,1,3
gemma2:9b,data_pmus_yaounde,q4_1_a,Agent_160,Veuillez indiquer depuis combien de temps vous attendez.,5,5,5,5,5
gemma2:9b,data_pmus_yaounde,q4_1_b,Agent_160,MOINS DE 5 MIN,4,3,4,4,4
gemma2:9b,data_pmus_yaounde,q4_2_a,Agent_160,Veuillez indiquer depuis combien de temps vous attendez.,5,5,5,5,5
gemma2:9b,data_pmus_yaounde,q4_2_b,Agent_160,30 60 MIN,4,3,4,4,4
gemma2:9b,data_pmus_yaounde,q4_3,Agent_160,2250,4,3,4,4,4
gemma2:9b,data_pmus_yaounde,q4_4,Agent_160,D MARCHES ADMINISTRATIVES ET OU SANT,4,3,4,4,4
gemma2:9b,data_pmus_yaounde,q4_4_autres,Agent_160,FAIRE DU MARCHE,4,3,4,4,4
gemma2:9b,data_pmus_yaounde,q5_1,Agent_160,ENTRE 55ANS ET 64 ANS,4,3,4,4,4
gemma2:9b,data_pmus_yaounde,q5_2,Agent_160,ENTRE 300 001 ET 500 000,4,3,4,4,4
gemma2:9b,data_pmus_yaounde,q5_3,Agent_160,HOMME,4,3,4,4,4
gemma2:9b,data_pmus_yaounde,centre ville,Agent_161,YAOUNDE,4,3,4,4,4
gemma2:9b,data_pmus_yaounde,q1_1,Agent_161,UN QUARTIER DE LA VILLE DE YAOUNDE,4,3,4,4,4
gemma2:9b,data_pmus_yaounde,q1_1_a,Agent_161,ABIT,4,3,4,4,4
gemma2:9b,data_pmus_yaounde,q1_1_b,Agent_161,DIXIEME ARRET,4,3,4,4,4
gemma2:9b,data_pmus_yaounde,q1_1_c,Agent_161,,2,1,2,1,3
gemma2:9b,data_pmus_yaounde,q1_2,Agent_161,UN QUARTIER DE LA VILLE DE YAOUNDE,4,3,4,4,4
gemma2:9b,data_pmus_yaounde,q1_2_a,Agent_161,ABOM,4,3,4,4,4
gemma2:9b,data_pmus_yaounde,q1_2_b,Agent_161,10 IEME ARRET,4,3,4,4,4
gemma2:9b,data_pmus_yaounde,q1_3_c,Agent_161,,2,1,2,1,3
gemma2:9b,data_pmus_yaounde,q2_1,Agent_161,A PIED,4,3,4,4,4
gemma2:9b,data_pmus_yaounde,q2_2_1,Agent_161,,2,1,2,1,3
gemma2:9b,data_pmus_yaounde,q2_2_2,Agent_161,,2,1,2,1,3
gemma2:9b,data_pmus_yaounde,q2_3_1,Agent_161,,2,1,2,1,3
gemma2:9b,data_pmus_yaounde,q2_3_2,Agent_161,,2,1,2,1,3
gemma2:9b,data_pmus_yaounde,q2_3,Agent_161,NON,5,4,5,4,4
gemma2:9b,data_pmus_yaounde,q2_4,Agent_161,A PIED,4,3,4,4,4
gemma2:9b,data_pmus_yaounde,q2_5_1,Agent_161,,2,1,2,1,3
gemma2:9b,data_pmus_yaounde,q2_5_2,Agent_161,,2,1,2,1,3
gemma2:9b,data_pmus_yaounde,q2_6_1,Agent_161,,2,1,2,1,3
gemma2:9b,data_pmus_yaounde,q2_6_2,Agent_161,,2,1,2,1,3
gemma2:9b,data_pmus_yaounde,q3_1,Agent_161,NON,5,4,5,4,4
gemma2:9b,data_pmus_yaounde,q3_2,Agent_161,A PIED,4,3,4,4,4
gemma2:9b,data_pmus_yaounde,q3_3_1,Agent_161,,2,1,2,1,3
gemma2:9b,data_pmus_yaounde,q3_3_2,Agent_161,,2,1,2,1,3
gemma2:9b,data_pmus_yaounde,q4_1_a,Agent_161,Veuillez indiquer depuis combien de temps vous attendez.,5,5,5,5,5
gemma2:9b,data_pmus_yaounde,q4_1_b,Agent_161,MOINS DE 5 MIN,4,3,4,4,4
gemma2:9b,data_pmus_yaounde,q4_2_a,Agent_161,Veuillez indiquer depuis combien de temps vous attendez.,5,5,5,5,5
gemma2:9b,data_pmus_yaounde,q4_2_b,Agent_161,MOINS DE 15 MIN,4,3,4,4,4
gemma2:9b,data_pmus_yaounde,q4_3,Agent_161,750,4,3,4,4,4
gemma2:9b,data_pmus_yaounde,q4_4,Agent_161,COURSES,4,3,4,4,4
gemma2:9b,data_pmus_yaounde,q4_4_autres,Agent_161,FAIRE DES ACHATS,4,3,4,4,4
gemma2:9b,data_pmus_yaounde,q5_1,Agent_161,ENTRE 36 ET 45 ANS,4,3,4,4,4
gemma2:9b,data_pmus_yaounde,q5_2,Agent_161,ENTRE 300 001 ET 500 000,4,3,4,4,4
gemma2:9b,data_pmus_yaounde,q5_3,Agent_161,FEMME,4,3,4,4,4
gemma2:9b,data_pmus_yaounde,centre ville,Agent_162,YAOUNDE,4,3,4,4,4
gemma2:9b,data_pmus_yaounde,q1_1,Agent_162,UN QUARTIER DE LA VILLE DE YAOUNDE,4,3,4,4,4
gemma2:9b,data_pmus_yaounde,q1_1_a,Agent_162,MINKAN,4,3,4,4,4
gemma2:9b,data_pmus_yaounde,q1_1_b,Agent_162,10EME ARRET,4,3,4,4,4
gemma2:9b,data_pmus_yaounde,q1_1_c,Agent_162,,2,1,2,1,3
gemma2:9b,data_pmus_yaounde,q1_2,Agent_162,UN QUARTIER DE LA VILLE DE YAOUNDE,4,3,4,4,4
gemma2:9b,data_pmus_yaounde,q1_2_a,Agent_162,ABOM,4,3,4,4,4
gemma2:9b,data_pmus_yaounde,q1_2_b,Agent_162,10 IEME ARRET,4,3,4,4,4
gemma2:9b,data_pmus_yaounde,q1_3_c,Agent_162,,2,1,2,1,3
gemma2:9b,data_pmus_yaounde,q2_1,Agent_162,A PIED,4,3,4,4,4
gemma2:9b,data_pmus_yaounde,q2_2_1,Agent_162,2 CHEVEAU,4,3,4,4,4
gemma2:9b,data_pmus_yaounde,q2_2_2,Agent_162,CARREFOUR,4,3,4,4,4
gemma2:9b,data_pmus_yaounde,q2_3_1,Agent_162,CARREFOUR,4,3,4,4,4
gemma2:9b,data_pmus_yaounde,q2_3_2,Agent_162,CARREFOUR,4,3,4,4,4
gemma2:9b,data_pmus_yaounde,q2_3,Agent_162,NON,5,4,5,4,4
gemma2:9b,data_pmus_yaounde,q2_4,Agent_162,A PIED,4,3,4,4,4
gemma2:9b,data_pmus_yaounde,q2_5_1,Agent_162,A B0NAS,4,3,4,4,4
gemma2:9b,data_pmus_yaounde,q2_5_2,Agent_162,0MPHINE,4,3,4,4,4
gemma2:9b,data_pmus_yaounde,q2_6_1,Agent_162,ABATTOIR,4,3,4,4,4
gemma2:9b,data_pmus_yaounde,q2_6_2,Agent_162,CARREFOUR,4,3,4,4,4
gemma2:9b,data_pmus_yaounde,q3_1,Agent_162,NON,5,4,5,4,4
gemma2:9b,data_pmus_yaounde,q3_2,Agent_162,A PIED,4,3,4,4,4
gemma2:9b,data_pmus_yaounde,q3_3_1,Agent_162,ACACIA,4,3,4,4,4
gemma2:9b,data_pmus_yaounde,q3_3_2,Agent_162,10 IEME ARRET,4,3,4,4,4
gemma2:9b,data_pmus_yaounde,q4_1_a,Agent_162,Veuillez indiquer depuis combien de temps vous attendez.,5,5,5,5,5
gemma2:9b,data_pmus_yaounde,q4_1_b,Agent_162,MOINS DE 5 MIN,4,3,4,4,4
gemma2:9b,data_pmus_yaounde,q4_2_a,Agent_162,Veuillez indiquer depuis combien de temps vous attendez.,5,5,5,5,5
gemma2:9b,data_pmus_yaounde,q4_2_b,Agent_162,30 60 MIN,4,3,4,4,4
gemma2:9b,data_pmus_yaounde,q4_3,Agent_162,1250,4,3,4,4,4
gemma2:9b,data_pmus_yaounde,q4_4,Agent_162,COURSES,4,3,4,4,4
gemma2:9b,data_pmus_yaounde,q4_4_autres,Agent_162,FAIRE DES ACHATS,4,3,4,4,4
gemma2:9b,data_pmus_yaounde,q5_1,Agent_162,ENTRE 36 ET 45 ANS,4,3,4,4,4
gemma2:9b,data_pmus_yaounde,q5_2,Agent_162,ENTRE 30 001 ET 100 000,4,3,4,4,4
gemma2:9b,data_pmus_yaounde,q5_3,Agent_162,FEMME,4,3,4,4,4
gemma2:9b,data_pmus_yaounde,centre ville,Agent_163,YAOUNDE,4,3,4,4,4
gemma2:9b,data_pmus_yaounde,q1_1,Agent_163,UN QUARTIER DE LA VILLE DE YAOUNDE,4,3,4,4,4
gemma2:9b,data_pmus_yaounde,q1_1_a,Agent_163,NIOM,4,3,4,4,4
gemma2:9b,data_pmus_yaounde,q1_1_b,Agent_163,NIOMDISPENSAIRE,4,3,4,4,4
gemma2:9b,data_pmus_yaounde,q1_1_c,Agent_163,,2,1,2,1,3
gemma2:9b,data_pmus_yaounde,q1_2,Agent_163,UN QUARTIER DE LA VILLE DE YAOUNDE,4,3,4,4,4
gemma2:9b,data_pmus_yaounde,q1_2_a,Agent_163,ABOM,4,3,4,4,4
gemma2:9b,data_pmus_yaounde,q1_2_b,Agent_163,PARC NATIONAL,4,3,4,4,4
gemma2:9b,data_pmus_yaounde,q1_3_c,Agent_163,,2,1,2,1,3
gemma2:9b,data_pmus_yaounde,q2_1,Agent_163,A PIED,4,3,4,4,4
gemma2:9b,data_pmus_yaounde,q2_2_1,Agent_163,2 CHEVEAU,4,3,4,4,4
gemma2:9b,data_pmus_yaounde,q2_2_2,Agent_163,10 E ARRET,4,3,4,4,4
gemma2:9b,data_pmus_yaounde,q2_3_1,Agent_163,,2,1,2,1,3
gemma2:9b,data_pmus_yaounde,q2_3_2,Agent_163,,2,1,2,1,3
gemma2:9b,data_pmus_yaounde,q2_3,Agent_163,NON,5,4,5,4,4
gemma2:9b,data_pmus_yaounde,q2_4,Agent_163,PAR BUS STACY,4,3,4,4,4
gemma2:9b,data_pmus_yaounde,q2_5_1,Agent_163,A B0NAS,4,3,4,4,4
gemma2:9b,data_pmus_yaounde,q2_5_2,Agent_163,0MPHINE,4,3,4,4,4
gemma2:9b,data_pmus_yaounde,q2_6_1,Agent_163,ABATTOIR,4,3,4,4,4
gemma2:9b,data_pmus_yaounde,q2_6_2,Agent_163,11EME ARRET,4,3,4,4,4
gemma2:9b,data_pmus_yaounde,q3_1,Agent_163,NON,5,4,5,4,4
gemma2:9b,data_pmus_yaounde,q3_2,Agent_163,PAR BUS STACY,4,3,4,4,4
gemma2:9b,data_pmus_yaounde,q3_3_1,Agent_163,ACACIA,4,3,4,4,4
gemma2:9b,data_pmus_yaounde,q3_3_2,Agent_163,ACACIA,4,3,4,4,4
gemma2:9b,data_pmus_yaounde,q4_1_a,Agent_163,Veuillez indiquer depuis combien de temps vous attendez.,5,5,5,5,5
gemma2:9b,data_pmus_yaounde,q4_1_b,Agent_163,MOINS DE 5 MIN,4,3,4,4,4
gemma2:9b,data_pmus_yaounde,q4_2_a,Agent_163,Veuillez indiquer depuis combien de temps vous attendez.,5,5,5,5,5
gemma2:9b,data_pmus_yaounde,q4_2_b,Agent_163,15 30 MIN,4,3,4,4,4
gemma2:9b,data_pmus_yaounde,q4_3,Agent_163,1000,4,3,4,4,4
gemma2:9b,data_pmus_yaounde,q4_4,Agent_163,TRAVAIL,4,3,4,4,4
gemma2:9b,data_pmus_yaounde,q4_4_autres,Agent_163,ACHAT,4,3,4,4,4
gemma2:9b,data_pmus_yaounde,q5_1,Agent_163,ENTRE 26 ET 35 ANS,4,3,4,4,4
gemma2:9b,data_pmus_yaounde,q5_2,Agent_163,ENTRE 30 001 ET 100 000,4,3,4,4,4
gemma2:9b,data_pmus_yaounde,q5_3,Agent_163,HOMME,4,3,4,4,4
gemma2:9b,data_pmus_yaounde,centre ville,Agent_164,YAOUNDE,4,3,4,4,4
gemma2:9b,data_pmus_yaounde,q1_1,Agent_164,UN QUARTIER DE LA VILLE DE YAOUNDE,4,3,4,4,4
gemma2:9b,data_pmus_yaounde,q1_1_a,Agent_164,ETETAK,4,3,4,4,4
gemma2:9b,data_pmus_yaounde,q1_1_b,Agent_164,10EME ARRET,4,3,4,4,4
gemma2:9b,data_pmus_yaounde,q1_1_c,Agent_164,AFANOYA,4,3,4,4,4
gemma2:9b,data_pmus_yaounde,q1_2,Agent_164,UN QUARTIER DE LA VILLE DE YAOUNDE,4,3,4,4,4
gemma2:9b,data_pmus_yaounde,q1_2_a,Agent_164,POSTE CENTRALE,4,3,4,4,4
gemma2:9b,data_pmus_yaounde,q1_2_b,Agent_164,POSTE CENTRALE,4,3,4,4,4
gemma2:9b,data_pmus_yaounde,q1_3_c,Agent_164,,2,1,2,1,3
gemma2:9b,data_pmus_yaounde,q2_1,Agent_164,A PIED,4,3,4,4,4
gemma2:9b,data_pmus_yaounde,q2_2_1,Agent_164,2 CHEVEAU,4,3,4,4,4
gemma2:9b,data_pmus_yaounde,q2_2_2,Agent_164,POSTE CENTRALE,4,3,4,4,4
gemma2:9b,data_pmus_yaounde,q2_3_1,Agent_164,POSTE CENTRALE,4,3,4,4,4
gemma2:9b,data_pmus_yaounde,q2_3_2,Agent_164,POSTE CENTRALE,4,3,4,4,4
gemma2:9b,data_pmus_yaounde,q2_3,Agent_164,NON,5,4,5,4,4
gemma2:9b,data_pmus_yaounde,q2_4,Agent_164,A PIED,4,3,4,4,4
gemma2:9b,data_pmus_yaounde,q2_5_1,Agent_164,POSTE CENTRALE,4,3,4,4,4
gemma2:9b,data_pmus_yaounde,q2_5_2,Agent_164,POSTE CENTRALE,4,3,4,4,4
gemma2:9b,data_pmus_yaounde,q2_6_1,Agent_164,POSTE CENTRALE,4,3,4,4,4
gemma2:9b,data_pmus_yaounde,q2_6_2,Agent_164,POSTE CENTRALE,4,3,4,4,4
gemma2:9b,data_pmus_yaounde,q3_1,Agent_164,NON,5,4,5,4,4
gemma2:9b,data_pmus_yaounde,q3_2,Agent_164,A PIED,4,3,4,4,4
gemma2:9b,data_pmus_yaounde,q3_3_1,Agent_164,ACACIA,4,3,4,4,4
gemma2:9b,data_pmus_yaounde,q3_3_2,Agent_164,ACACIA,4,3,4,4,4
gemma2:9b,data_pmus_yaounde,q4_1_a,Agent_164,Veuillez indiquer depuis combien de temps vous attendez.,5,5,5,5,5
gemma2:9b,data_pmus_yaounde,q4_1_b,Agent_164,MOINS DE 5 MIN,4,3,4,4,4
gemma2:9b,data_pmus_yaounde,q4_2_a,Agent_164,Veuillez indiquer depuis combien de temps vous attendez.,5,5,5,5,5
gemma2:9b,data_pmus_yaounde,q4_2_b,Agent_164,30 60 MIN,4,3,4,4,4
gemma2:9b,data_pmus_yaounde,q4_3,Agent_164,600,4,3,4,4,4
gemma2:9b,data_pmus_yaounde,q4_4,Agent_164,COURSES,4,3,4,4,4
gemma2:9b,data_pmus_yaounde,q4_4_autres,Agent_164,FAIRE DES ACHATS,4,3,4,4,4
gemma2:9b,data_pmus_yaounde,q5_1,Agent_164,ENTRE 36 ET 45 ANS,4,3,4,4,4
gemma2:9b,data_pmus_yaounde,q5_2,Agent_164,ENTRE 30 001 ET 100 000,4,3,4,4,4
gemma2:9b,data_pmus_yaounde,q5_3,Agent_164,HOMME,4,3,4,4,4
gemma2:9b,data_pmus_yaounde,centre ville,Agent_165,YAOUNDE,4,3,4,4,4
gemma2:9b,data_pmus_yaounde,q1_1,Agent_165,UN QUARTIER DE LA VILLE DE YAOUNDE,4,3,4,4,4
gemma2:9b,data_pmus_yaounde,q1_1_a,Agent_165,ABIT,4,3,4,4,4
gemma2:9b,data_pmus_yaounde,q1_1_b,Agent_165,10EME ARRET,4,3,4,4,4
gemma2:9b,data_pmus_yaounde,q1_1_c,Agent_165,,2,1,2,1,3
gemma2:9b,data_pmus_yaounde,q1_2,Agent_165,UN QUARTIER DE LA VILLE DE YAOUNDE,4,3,4,4,4
gemma2:9b,data_pmus_yaounde,q1_2_a,Agent_165,ABOM,4,3,4,4,4
gemma2:9b,data_pmus_yaounde,q1_2_b,Agent_165,10 IEME ARRET,4,3,4,4,4
gemma2:9b,data_pmus_yaounde,q1_3_c,Agent_165,,2,1,2,1,3
gemma2:9b,data_pmus_yaounde,q2_1,Agent_165,A PIED,4,3,4,4,4
gemma2:9b,data_pmus_yaounde,q2_2_1,Agent_165,2 CHEVEAU,4,3,4,4,4
gemma2:9b,data_pmus_yaounde,q2_2_2,Agent_165,10 E ARRET,4,3,4,4,4
gemma2:9b,data_pmus_yaounde,q2_3_1,Agent_165,A LA RDPC,4,3,4,4,4
gemma2:9b,data_pmus_yaounde,q2_3_2,Agent_165,0NANA,4,3,4,4,4
gemma2:9b,data_pmus_yaounde,q2_3,Agent_165,NON,5,4,5,4,4
gemma2:9b,data_pmus_yaounde,q2_4,Agent_165,A PIED,4,3,4,4,4
gemma2:9b,data_pmus_yaounde,q2_5_1,Agent_165,A B0NAS,4,3,4,4,4
gemma2:9b,data_pmus_yaounde,q2_5_2,Agent_165,CARRRFOUR,4,3,4,4,4
gemma2:9b,data_pmus_yaounde,q2_6_1,Agent_165,CARREFOUR,4,3,4,4,4
gemma2:9b,data_pmus_yaounde,q2_6_2,Agent_165,CARREFOUR,4,3,4,4,4
gemma2:9b,data_pmus_yaounde,q3_1,Agent_165,NON,5,4,5,4,4
gemma2:9b,data_pmus_yaounde,q3_2,Agent_165,A PIED,4,3,4,4,4
gemma2:9b,data_pmus_yaounde,q3_3_1,Agent_165,ACACIA,4,3,4,4,4
gemma2:9b,data_pmus_yaounde,q3_3_2,Agent_165,CARREFOUR,4,3,4,4,4
gemma2:9b,data_pmus_yaounde,q4_1_a,Agent_165,Veuillez indiquer depuis combien de temps vous attendez.,5,5,5,5,5
gemma2:9b,data_pmus_yaounde,q4_1_b,Agent_165,MOINS DE 5 MIN,4,3,4,4,4
gemma2:9b,data_pmus_yaounde,q4_2_a,Agent_165,Veuillez indiquer depuis combien de temps vous attendez.,5,5,5,5,5
gemma2:9b,data_pmus_yaounde,q4_2_b,Agent_165,30 60 MIN,4,3,4,4,4
gemma2:9b,data_pmus_yaounde,q4_3,Agent_165,650,4,3,4,4,4
gemma2:9b,data_pmus_yaounde,q4_4,Agent_165,COURSES,4,3,4,4,4
gemma2:9b,data_pmus_yaounde,q4_4_autres,Agent_165,COURS,4,3,4,4,4
gemma2:9b,data_pmus_yaounde,q5_1,Agent_165,ENTRE 18 ET 25 ANS,4,3,4,4,4
gemma2:9b,data_pmus_yaounde,q5_2,Agent_165,ENTRE 30 001 ET 100 000,4,3,4,4,4
gemma2:9b,data_pmus_yaounde,q5_3,Agent_165,FEMME,4,3,4,4,4
gemma2:9b,data_pmus_yaounde,centre ville,Agent_166,YAOUNDE,4,3,4,4,4
gemma2:9b,data_pmus_yaounde,q1_1,Agent_166,UN QUARTIER DE LA VILLE DE YAOUNDE,4,3,4,4,4
gemma2:9b,data_pmus_yaounde,q1_1_a,Agent_166,ABIT,4,3,4,4,4
gemma2:9b,data_pmus_yaounde,q1_1_b,Agent_166,10EME ARRET,4,3,4,4,4
gemma2:9b,data_pmus_yaounde,q1_1_c,Agent_166,,2,1,2,1,3
gemma2:9b,data_pmus_yaounde,q1_2,Agent_166,UN QUARTIER DE LA VILLE DE YAOUNDE,4,3,4,4,4
gemma2:9b,data_pmus_yaounde,q1_2_a,Agent_166,ABOM,4,3,4,4,4
gemma2:9b,data_pmus_yaounde,q1_2_b,Agent_166,10 IEME ARRET,4,3,4,4,4
gemma2:9b,data_pmus_yaounde,q1_3_c,Agent_166,,2,1,2,1,3
gemma2:9b,data_pmus_yaounde,q2_1,Agent_166,A PIED,4,3,4,4,4
gemma2:9b,data_pmus_yaounde,q2_2_1,Agent_166,AWAE,4,3,4,4,4
gemma2:9b,data_pmus_yaounde,q2_2_2,Agent_166,,2,1,2,1,3
gemma2:9b,data_pmus_yaounde,q2_3_1,Agent_166,,2,1,2,1,3
gemma2:9b,data_pmus_yaounde,q2_3_2,Agent_166,AUCUN,4,3,4,4,4
gemma2:9b,data_pmus_yaounde,q2_3,Agent_166,NON,5,4,5,4,4
gemma2:9b,data_pmus_yaounde,q2_4,Agent_166,PAR BUS STACY,4,3,4,4,4
gemma2:9b,data_pmus_yaounde,q2_5_1,Agent_166,A B0NAS,4,3,4,4,4
gemma2:9b,data_pmus_yaounde,q2_5_2,Agent_166,0MPHINE,4,3,4,4,4
gemma2:9b,data_pmus_yaounde,q2_6_1,Agent_166,CENTRE VILLE,4,3,4,4,4
gemma2:9b,data_pmus_yaounde,q2_6_2,Agent_166,CENTRE VILLE,4,3,4,4,4
gemma2:9b,data_pmus_yaounde,q3_1,Agent_166,NON,5,4,5,4,4
gemma2:9b,data_pmus_yaounde,q3_2,Agent_166,PAR BUS STACY,4,3,4,4,4
gemma2:9b,data_pmus_yaounde,q3_3_1,Agent_166,CENTRE VILLE,4,3,4,4,4
gemma2:9b,data_pmus_yaounde,q3_3_2,Agent_166,CENTRE VILLE,4,3,4,4,4
gemma2:9b,data_pmus_yaounde,q4_1_a,Agent_166,Veuillez indiquer depuis combien de temps vous attendez.,5,5,5,5,5
gemma2:9b,data_pmus_yaounde,q4_1_b,Agent_166,MOINS DE 5 MIN,4,3,4,4,4
gemma2:9b,data_pmus_yaounde,q4_2_a,Agent_166,Veuillez indiquer depuis combien de temps vous attendez.,5,5,5,5,5
gemma2:9b,data_pmus_yaounde,q4_2_b,Agent_166,30 60 MIN,4,3,4,4,4
gemma2:9b,data_pmus_yaounde,q4_3,Agent_166,700,4,3,4,4,4
gemma2:9b,data_pmus_yaounde,q4_4,Agent_166,TRAVAIL,4,3,4,4,4
gemma2:9b,data_pmus_yaounde,q4_4_autres,Agent_166,FAIRE DES ACHATS,4,3,4,4,4
gemma2:9b,data_pmus_yaounde,q5_1,Agent_166,ENTRE 18 ET 25 ANS,4,3,4,4,4
gemma2:9b,data_pmus_yaounde,q5_2,Agent_166,ENTRE 300 001 ET 500 000,4,3,4,4,4
gemma2:9b,data_pmus_yaounde,q5_3,Agent_166,FEMME,4,3,4,4,4
gemma2:9b,data_pmus_yaounde,centre ville,Agent_167,YAOUNDE,4,3,4,4,4
gemma2:9b,data_pmus_yaounde,q1_1,Agent_167,UN QUARTIER DE LA VILLE DE YAOUNDE,4,3,4,4,4
gemma2:9b,data_pmus_yaounde,q1_1_a,Agent_167,ABIT,4,3,4,4,4
gemma2:9b,data_pmus_yaounde,q1_1_b,Agent_167,10EME ARRET,4,3,4,4,4
gemma2:9b,data_pmus_yaounde,q1_1_c,Agent_167,,2,1,2,1,3
gemma2:9b,data_pmus_yaounde,q1_2,Agent_167,UN QUARTIER DE LA VILLE DE YAOUNDE,4,3,4,4,4
gemma2:9b,data_pmus_yaounde,q1_2_a,Agent_167,MVOG TIGUI,4,3,4,4,4
gemma2:9b,data_pmus_yaounde,q1_2_b,Agent_167,10 IEME ARRET,4,3,4,4,4
gemma2:9b,data_pmus_yaounde,q1_3_c,Agent_167,,2,1,2,1,3
gemma2:9b,data_pmus_yaounde,q2_1,Agent_167,PAR BUS STACY,4,3,4,4,4
gemma2:9b,data_pmus_yaounde,q2_2_1,Agent_167,2 CHEVEAU,4,3,4,4,4
gemma2:9b,data_pmus_yaounde,q2_2_2,Agent_167,10 E ARRET,4,3,4,4,4
gemma2:9b,data_pmus_yaounde,q2_3_1,Agent_167,0LESOA,4,3,4,4,4
gemma2:9b,data_pmus_yaounde,q2_3_2,Agent_167,0NANA,4,3,4,4,4
gemma2:9b,data_pmus_yaounde,q2_3,Agent_167,NON,5,4,5,4,4
gemma2:9b,data_pmus_yaounde,q2_4,Agent_167,PAR BUS STACY,4,3,4,4,4
gemma2:9b,data_pmus_yaounde,q2_5_1,Agent_167,A B0NAS,4,3,4,4,4
gemma2:9b,data_pmus_yaounde,q2_5_2,Agent_167,0MPHINE,4,3,4,4,4
gemma2:9b,data_pmus_yaounde,q2_6_1,Agent_167,ONANA,4,3,4,4,4
gemma2:9b,data_pmus_yaounde,q2_6_2,Agent_167,CAREFOURE,4,3,4,4,4
gemma2:9b,data_pmus_yaounde,q3_1,Agent_167,NON,5,4,5,4,4
gemma2:9b,data_pmus_yaounde,q3_2,Agent_167,PAR BUS STACY,4,3,4,4,4
gemma2:9b,data_pmus_yaounde,q3_3_1,Agent_167,MVOG TIGUI,4,3,4,4,4
gemma2:9b,data_pmus_yaounde,q3_3_2,Agent_167,10 IEME ARRET,4,3,4,4,4
gemma2:9b,data_pmus_yaounde,q4_1_a,Agent_167,Veuillez indiquer depuis combien de temps vous attendez.,5,5,5,5,5
gemma2:9b,data_pmus_yaounde,q4_1_b,Agent_167,MOINS DE 5 MIN,4,3,4,4,4
gemma2:9b,data_pmus_yaounde,q4_2_a,Agent_167,Veuillez indiquer depuis combien de temps vous attendez.,5,5,5,5,5
gemma2:9b,data_pmus_yaounde,q4_2_b,Agent_167,30 60 MIN,4,3,4,4,4
gemma2:9b,data_pmus_yaounde,q4_3,Agent_167,2750,4,3,4,4,4
gemma2:9b,data_pmus_yaounde,q4_4,Agent_167,VISITE FAMILLE,4,3,4,4,4
gemma2:9b,data_pmus_yaounde,q4_4_autres,Agent_167,ACHAT,4,3,4,4,4
gemma2:9b,data_pmus_yaounde,q5_1,Agent_167,ENTRE 36 ET 45 ANS,4,3,4,4,4
gemma2:9b,data_pmus_yaounde,q5_2,Agent_167,ENTRE 30 001 ET 100 000,4,3,4,4,4
gemma2:9b,data_pmus_yaounde,q5_3,Agent_167,HOMME,4,3,4,4,4
gemma2:9b,data_pmus_yaounde,centre ville,Agent_168,YAOUNDE,4,3,4,4,4
gemma2:9b,data_pmus_yaounde,q1_1,Agent_168,UN QUARTIER DE LA VILLE DE YAOUNDE,4,3,4,4,4
gemma2:9b,data_pmus_yaounde,q1_1_a,Agent_168,ABIT,4,3,4,4,4
gemma2:9b,data_pmus_yaounde,q1_1_b,Agent_168,MVAN,4,3,4,4,4
gemma2:9b,data_pmus_yaounde,q1_1_c,Agent_168,,2,1,2,1,3
gemma2:9b,data_pmus_yaounde,q1_2,Agent_168,UN QUARTIER DE LA VILLE DE YAOUNDE,4,3,4,4,4
gemma2:9b,data_pmus_yaounde,q1_2_a,Agent_168,MVAN,4,3,4,4,4
gemma2:9b,data_pmus_yaounde,q1_2_b,Agent_168,MVAN,4,3,4,4,4
gemma2:9b,data_pmus_yaounde,q1_3_c,Agent_168,,2,1,2,1,3
gemma2:9b,data_pmus_yaounde,q2_1,Agent_168,A PIED,4,3,4,4,4
gemma2:9b,data_pmus_yaounde,q2_2_1,Agent_168,2 CHEVEAU,4,3,4,4,4
gemma2:9b,data_pmus_yaounde,q2_2_2,Agent_168,MVAN,4,3,4,4,4
gemma2:9b,data_pmus_yaounde,q2_3_1,Agent_168,MVAN,4,3,4,4,4
gemma2:9b,data_pmus_yaounde,q2_3_2,Agent_168,0NANA,4,3,4,4,4
gemma2:9b,data_pmus_yaounde,q2_3,Agent_168,NON,5,4,5,4,4
gemma2:9b,data_pmus_yaounde,q2_4,Agent_168,A PIED,4,3,4,4,4
gemma2:9b,data_pmus_yaounde,q2_5_1,Agent_168,MVAN,4,3,4,4,4
gemma2:9b,data_pmus_yaounde,q2_5_2,Agent_168,0MPHINE,4,3,4,4,4
gemma2:9b,data_pmus_yaounde,q2_6_1,Agent_168,MVAN,4,3,4,4,4
gemma2:9b,data_pmus_yaounde,q2_6_2,Agent_168,MVAN,4,3,4,4,4
gemma2:9b,data_pmus_yaounde,q3_1,Agent_168,NON,5,4,5,4,4
gemma2:9b,data_pmus_yaounde,q3_2,Agent_168,PAR TAXI,4,3,4,4,4
gemma2:9b,data_pmus_yaounde,q3_3_1,Agent_168,MVAN,4,3,4,4,4
gemma2:9b,data_pmus_yaounde,q3_3_2,Agent_168,MVAN,4,3,4,4,4
gemma2:9b,data_pmus_yaounde,q4_1_a,Agent_168,Veuillez indiquer depuis combien de temps vous attendez.,5,5,5,5,5
gemma2:9b,data_pmus_yaounde,q4_1_b,Agent_168,MOINS DE 5 MIN,4,3,4,4,4
gemma2:9b,data_pmus_yaounde,q4_2_a,Agent_168,Veuillez indiquer depuis combien de temps vous attendez.,5,5,5,5,5
gemma2:9b,data_pmus_yaounde,q4_2_b,Agent_168,30 60 MIN,4,3,4,4,4
gemma2:9b,data_pmus_yaounde,q4_3,Agent_168,2800,4,3,4,4,4
gemma2:9b,data_pmus_yaounde,q4_4,Agent_168,SPORTIVES,4,3,4,4,4
gemma2:9b,data_pmus_yaounde,q4_4_autres,Agent_168,SPORT ET VISITE AMICALE,4,3,4,4,4
gemma2:9b,data_pmus_yaounde,q5_1,Agent_168,ENTRE 26 ET 35 ANS,4,3,4,4,4
gemma2:9b,data_pmus_yaounde,q5_2,Agent_168,ENTRE 30 001 ET 100 000,4,3,4,4,4
gemma2:9b,data_pmus_yaounde,q5_3,Agent_168,FEMME,4,3,4,4,4
gemma2:9b,data_pmus_yaounde,centre ville,Agent_169,YAOUNDE,4,3,4,4,4
gemma2:9b,data_pmus_yaounde,q1_1,Agent_169,UN QUARTIER DE LA VILLE DE YAOUNDE,4,3,4,4,4
gemma2:9b,data_pmus_yaounde,q1_1_a,Agent_169,MVOG ATANGANA MBALLA,4,3,4,4,4
gemma2:9b,data_pmus_yaounde,q1_1_b,Agent_169,MVOG ATANGANA MBALLA,4,3,4,4,4
gemma2:9b,data_pmus_yaounde,q1_1_c,Agent_169,,2,1,2,1,3
gemma2:9b,data_pmus_yaounde,q1_2,Agent_169,UN QUARTIER DE LA VILLE DE YAOUNDE,4,3,4,4,4
gemma2:9b,data_pmus_yaounde,q1_2_a,Agent_169,MVOG ATANGANA MBALLA,4,3,4,4,4
gemma2:9b,data_pmus_yaounde,q1_2_b,Agent_169,10 IEME ARRET,4,3,4,4,4
gemma2:9b,data_pmus_yaounde,q1_3_c,Agent_169,,2,1,2,1,3
gemma2:9b,data_pmus_yaounde,q2_1,Agent_169,PAR BUS STACY,4,3,4,4,4
gemma2:9b,data_pmus_yaounde,q2_2_1,Agent_169,CARREFOUR DES SOEUR,4,3,4,4,4
gemma2:9b,data_pmus_yaounde,q2_2_2,Agent_169,10 E ARRET,4,3,4,4,4
gemma2:9b,data_pmus_yaounde,q2_3_1,Agent_169,0LESOA,4,3,4,4,4
gemma2:9b,data_pmus_yaounde,q2_3_2,Agent_169,ROSIERE SUPERIEURE,4,3,4,4,4
gemma2:9b,data_pmus_yaounde,q2_3,Agent_169,NON,5,4,5,4,4
gemma2:9b,data_pmus_yaounde,q2_4,Agent_169,PAR BUS STACY,4,3,4,4,4
gemma2:9b,data_pmus_yaounde,q2_5_1,Agent_169,MVOG BETSI,4,3,4,4,4
gemma2:9b,data_pmus_yaounde,q2_5_2,Agent_169,0MPHINE,4,3,4,4,4
gemma2:9b,data_pmus_yaounde,q2_6_1,Agent_169,MVOG ATANGANA MBALLA,4,3,4,4,4
gemma2:9b,data_pmus_yaounde,q2_6_2,Agent_169,MVOG ATANGANA MBALLA,4,3,4,4,4
gemma2:9b,data_pmus_yaounde,q3_1,Agent_169,NON,5,4,5,4,4
gemma2:9b,data_pmus_yaounde,q3_2,Agent_169,PAR BUS STACY,4,3,4,4,4
gemma2:9b,data_pmus_yaounde,q3_3_1,Agent_169,MVOG ATANGANA MBALLA,4,3,4,4,4
gemma2:9b,data_pmus_yaounde,q3_3_2,Agent_169,10 IEME ARRET,4,3,4,4,4
gemma2:9b,data_pmus_yaounde,q4_1_a,Agent_169,Veuillez indiquer depuis combien de temps vous attendez.,5,5,5,5,5
gemma2:9b,data_pmus_yaounde,q4_1_b,Agent_169,MOINS DE 5 MIN,4,3,4,4,4
gemma2:9b,data_pmus_yaounde,q4_2_a,Agent_169,Veuillez indiquer depuis combien de temps vous attendez.,5,5,5,5,5
gemma2:9b,data_pmus_yaounde,q4_2_b,Agent_169,30 60 MIN,4,3,4,4,4
gemma2:9b,data_pmus_yaounde,q4_3,Agent_169,450,4,3,4,4,4
gemma2:9b,data_pmus_yaounde,q4_4,Agent_169,COURSES,4,3,4,4,4
gemma2:9b,data_pmus_yaounde,q4_4_autres,Agent_169,FAIRE DES ACHATS,4,3,4,4,4
gemma2:9b,data_pmus_yaounde,q5_1,Agent_169,ENTRE 18 ET 25 ANS,4,3,4,4,4
gemma2:9b,data_pmus_yaounde,q5_2,Agent_169,ENTRE 30 001 ET 100 000,4,3,4,4,4
gemma2:9b,data_pmus_yaounde,q5_3,Agent_169,FEMME,4,3,4,4,4
gemma2:9b,data_pmus_yaounde,centre ville,Agent_170,YAOUNDE,4,3,4,4,4
gemma2:9b,data_pmus_yaounde,q1_1,Agent_170,UN QUARTIER DE LA VILLE DE YAOUNDE,4,3,4,4,4
gemma2:9b,data_pmus_yaounde,q1_1_a,Agent_170,ABIT,4,3,4,4,4
gemma2:9b,data_pmus_yaounde,q1_1_b,Agent_170,10EME ARRET,4,3,4,4,4
gemma2:9b,data_pmus_yaounde,q1_1_c,Agent_170,,2,1,2,1,3
gemma2:9b,data_pmus_yaounde,q1_2,Agent_170,UN QUARTIER DE LA VILLE DE YAOUNDE,4,3,4,4,4
gemma2:9b,data_pmus_yaounde,q1_2_a,Agent_170,ABOM,4,3,4,4,4
gemma2:9b,data_pmus_yaounde,q1_2_b,Agent_170,10 IEME ARRET,4,3,4,4,4
gemma2:9b,data_pmus_yaounde,q1_3_c,Agent_170,,2,1,2,1,3
gemma2:9b,data_pmus_yaounde,q2_1,Agent_170,PAR BUS STACY,4,3,4,4,4
gemma2:9b,data_pmus_yaounde,q2_2_1,Agent_170,2 CHEVEAU,4,3,4,4,4
gemma2:9b,data_pmus_yaounde,q2_2_2,Agent_170,BRASSERIE,4,3,4,4,4
gemma2:9b,data_pmus_yaounde,q2_3_1,Agent_170,0LESOA,4,3,4,4,4
gemma2:9b,data_pmus_yaounde,q2_3_2,Agent_170,BRIQUETERIE,4,3,4,4,4
gemma2:9b,data_pmus_yaounde,q2_3,Agent_170,NON,5,4,5,4,4
gemma2:9b,data_pmus_yaounde,q2_4,Agent_170,PAR BUS STACY,4,3,4,4,4
gemma2:9b,data_pmus_yaounde,q2_5_1,Agent_170,BRIQUETERIE,4,3,4,4,4
gemma2:9b,data_pmus_yaounde,q2_5_2,Agent_170,0MPHINE,4,3,4,4,4
gemma2:9b,data_pmus_yaounde,q2_6_1,Agent_170,CARREFOUR,4,3,4,4,4
gemma2:9b,data_pmus_yaounde,q2_6_2,Agent_170,CARREFOUR,4,3,4,4,4
gemma2:9b,data_pmus_yaounde,q3_1,Agent_170,NON,5,4,5,4,4
gemma2:9b,data_pmus_yaounde,q3_2,Agent_170,PAR BUS STACY,4,3,4,4,4
gemma2:9b,data_pmus_yaounde,q3_3_1,Agent_170,ACACIA,4,3,4,4,4
gemma2:9b,data_pmus_yaounde,q3_3_2,Agent_170,CARREFOUR,4,3,4,4,4
gemma2:9b,data_pmus_yaounde,q4_1_a,Agent_170,Veuillez indiquer depuis combien de temps vous attendez.,5,5,5,5,5
gemma2:9b,data_pmus_yaounde,q4_1_b,Agent_170,MOINS DE 5 MIN,4,3,4,4,4
gemma2:9b,data_pmus_yaounde,q4_2_a,Agent_170,Veuillez indiquer depuis combien de temps vous attendez.,5,5,5,5,5
gemma2:9b,data_pmus_yaounde,q4_2_b,Agent_170,30 60 MIN,4,3,4,4,4
gemma2:9b,data_pmus_yaounde,q4_3,Agent_170,850,4,3,4,4,4
gemma2:9b,data_pmus_yaounde,q4_4,Agent_170,COURSES,4,3,4,4,4
gemma2:9b,data_pmus_yaounde,q4_4_autres,Agent_170,FAIRE DES ACHATS,4,3,4,4,4
gemma2:9b,data_pmus_yaounde,q5_1,Agent_170,MOINS DE 18 ANS,4,3,4,4,4
gemma2:9b,data_pmus_yaounde,q5_2,Agent_170,ENTRE 30 001 ET 100 000,4,3,4,4,4
gemma2:9b,data_pmus_yaounde,q5_3,Agent_170,FEMME,4,3,4,4,4
gemma2:9b,data_pmus_yaounde,centre ville,Agent_171,YAOUNDE,4,3,4,4,4
gemma2:9b,data_pmus_yaounde,q1_1,Agent_171,UN QUARTIER DE LA VILLE DE YAOUNDE,4,3,4,4,4
gemma2:9b,data_pmus_yaounde,q1_1_a,Agent_171,DAMAS,4,3,4,4,4
gemma2:9b,data_pmus_yaounde,q1_1_b,Agent_171,COLLEGE SAINT AUGUSTIN,4,3,4,4,4
gemma2:9b,data_pmus_yaounde,q1_1_c,Agent_171,,2,1,2,1,3
gemma2:9b,data_pmus_yaounde,q1_2,Agent_171,UN QUARTIER DE LA VILLE DE YAOUNDE,4,3,4,4,4
gemma2:9b,data_pmus_yaounde,q1_2_a,Agent_171,ABOM,4,3,4,4,4
gemma2:9b,data_pmus_yaounde,q1_2_b,Agent_171,10 IEME ARRET,4,3,4,4,4
gemma2:9b,data_pmus_yaounde,q1_3_c,Agent_171,,2,1,2,1,3
gemma2:9b,data_pmus_yaounde,q2_1,Agent_171,A PIED,4,3,4,4,4
gemma2:9b,data_pmus_yaounde,q2_2_1,Agent_171,,2,1,2,1,3
gemma2:9b,data_pmus_yaounde,q2_2_2,Agent_171,,2,1,2,1,3
gemma2:9b,data_pmus_yaounde,q2_3_1,Agent_171,,2,1,2,1,3
gemma2:9b,data_pmus_yaounde,q2_3_2,Agent_171,A PIED,4,3,4,4,4
gemma2:9b,data_pmus_yaounde,q2_3,Agent_171,NON,5,4,5,4,4
gemma2:9b,data_pmus_yaounde,q2_4,Agent_171,A PIED,4,3,4,4,4
gemma2:9b,data_pmus_yaounde,q2_5_1,Agent_171,,2,1,2,1,3
gemma2:9b,data_pmus_yaounde,q2_5_2,Agent_171,,2,1,2,1,3
gemma2:9b,data_pmus_yaounde,q2_6_1,Agent_171,ABATTOIR,4,3,4,4,4
gemma2:9b,data_pmus_yaounde,q2_6_2,Agent_171,11EME ARRET,4,3,4,4,4
gemma2:9b,data_pmus_yaounde,q3_1,Agent_171,NON,5,4,5,4,4
gemma2:9b,data_pmus_yaounde,q3_2,Agent_171,A PIED,4,3,4,4,4
gemma2:9b,data_pmus_yaounde,q3_3_1,Agent_171,,2,1,2,1,3
gemma2:9b,data_pmus_yaounde,q3_3_2,Agent_171,,2,1,2,1,3
gemma2:9b,data_pmus_yaounde,q4_1_a,Agent_171,Veuillez indiquer depuis combien de temps vous attendez.,5,5,5,5,5
gemma2:9b,data_pmus_yaounde,q4_1_b,Agent_171,MOINS DE 5 MIN,4,3,4,4,4
gemma2:9b,data_pmus_yaounde,q4_2_a,Agent_171,Veuillez indiquer depuis combien de temps vous attendez.,5,5,5,5,5
gemma2:9b,data_pmus_yaounde,q4_2_b,Agent_171,30 60 MIN,4,3,4,4,4
gemma2:9b,data_pmus_yaounde,q4_3,Agent_171,700,4,3,4,4,4
gemma2:9b,data_pmus_yaounde,q4_4,Agent_171,D MARCHES ADMINISTRATIVES ET OU SANT,4,3,4,4,4
gemma2:9b,data_pmus_yaounde,q4_4_autres,Agent_171,ACHAT,4,3,4,4,4
gemma2:9b,data_pmus_yaounde,q5_1,Agent_171,ENTRE 36 ET 45 ANS,4,3,4,4,4
gemma2:9b,data_pmus_yaounde,q5_2,Agent_171,ENTRE 30 001 ET 100 000,4,3,4,4,4
gemma2:9b,data_pmus_yaounde,q5_3,Agent_171,HOMME,4,3,4,4,4
gemma2:9b,data_pmus_yaounde,centre ville,Agent_172,YAOUNDE,4,3,4,4,4
gemma2:9b,data_pmus_yaounde,q1_1,Agent_172,UN QUARTIER DE LA VILLE DE YAOUNDE,4,3,4,4,4
gemma2:9b,data_pmus_yaounde,q1_1_a,Agent_172,NKOL BIKOK,4,3,4,4,4
gemma2:9b,data_pmus_yaounde,q1_1_b,Agent_172,TRADEX,4,3,4,4,4
gemma2:9b,data_pmus_yaounde,q1_1_c,Agent_172,AFANOYA,4,3,4,4,4
gemma2:9b,data_pmus_yaounde,q1_2,Agent_172,UN QUARTIER DE LA VILLE DE YAOUNDE,4,3,4,4,4
gemma2:9b,data_pmus_yaounde,q1_2_a,Agent_172,ABOM,4,3,4,4,4
gemma2:9b,data_pmus_yaounde,q1_2_b,Agent_172,BAILIC,4,3,4,4,4
gemma2:9b,data_pmus_yaounde,q1_3_c,Agent_172,AFANOYA,4,3,4,4,4
gemma2:9b,data_pmus_yaounde,q2_1,Agent_172,PAR TAXI,4,3,4,4,4
gemma2:9b,data_pmus_yaounde,q2_2_1,Agent_172,2 CHEVEAU,4,3,4,4,4
gemma2:9b,data_pmus_yaounde,q2_2_2,Agent_172,10 E ARRET,4,3,4,4,4
gemma2:9b,data_pmus_yaounde,q2_3_1,Agent_172,0LESOA,4,3,4,4,4
gemma2:9b,data_pmus_yaounde,q2_3_2,Agent_172,AT LA TRADEX,4,3,4,4,4
gemma2:9b,data_pmus_yaounde,q2_3,Agent_172,NON,5,4,5,4,4
gemma2:9b,data_pmus_yaounde,q2_4,Agent_172,A PIED,4,3,4,4,4
gemma2:9b,data_pmus_yaounde,q2_5_1,Agent_172,NKOL BIKOK,4,3,4,4,4
gemma2:9b,data_pmus_yaounde,q2_5_2,Agent_172,0MPHINE,4,3,4,4,4
gemma2:9b,data_pmus_yaounde,q2_6_1,Agent_172,TRADEX,4,3,4,4,4
gemma2:9b,data_pmus_yaounde,q2_6_2,Agent_172,TRADEX,4,3,4,4,4
gemma2:9b,data_pmus_yaounde,q3_1,Agent_172,NON,5,4,5,4,4
gemma2:9b,data_pmus_yaounde,q3_2,Agent_172,A PIED,4,3,4,4,4
gemma2:9b,data_pmus_yaounde,q3_3_1,Agent_172,ACACIA,4,3,4,4,4
gemma2:9b,data_pmus_yaounde,q3_3_2,Agent_172,ACACIA,4,3,4,4,4
gemma2:9b,data_pmus_yaounde,q4_1_a,Agent_172,Veuillez indiquer depuis combien de temps vous attendez.,5,5,5,5,5
gemma2:9b,data_pmus_yaounde,q4_1_b,Agent_172,MOINS DE 5 MIN,4,3,4,4,4
gemma2:9b,data_pmus_yaounde,q4_2_a,Agent_172,Veuillez indiquer depuis combien de temps vous attendez.,5,5,5,5,5
gemma2:9b,data_pmus_yaounde,q4_2_b,Agent_172,30 60 MIN,4,3,4,4,4
gemma2:9b,data_pmus_yaounde,q4_3,Agent_172,2250,4,3,4,4,4
gemma2:9b,data_pmus_yaounde,q4_4,Agent_172,ACTIVIT S DE LOISIRS,4,3,4,4,4
gemma2:9b,data_pmus_yaounde,q4_4_autres,Agent_172,SPORT ET VISITE AMICALE,4,3,4,4,4
gemma2:9b,data_pmus_yaounde,q5_1,Agent_172,ENTRE 18 ET 25 ANS,4,3,4,4,4
gemma2:9b,data_pmus_yaounde,q5_2,Agent_172,ENTRE 300 001 ET 500 000,4,3,4,4,4
gemma2:9b,data_pmus_yaounde,q5_3,Agent_172,FEMME,4,3,4,4,4
gemma2:9b,data_pmus_yaounde,centre ville,Agent_173,YAOUNDE,4,3,4,4,4
gemma2:9b,data_pmus_yaounde,q1_1,Agent_173,UN QUARTIER DE LA VILLE DE YAOUNDE,4,3,4,4,4
gemma2:9b,data_pmus_yaounde,q1_1_a,Agent_173,MVOG BETSI,4,3,4,4,4
gemma2:9b,data_pmus_yaounde,q1_1_b,Agent_173,HOLY INFANT,4,3,4,4,4
gemma2:9b,data_pmus_yaounde,q1_1_c,Agent_173,AFANOYA,4,3,4,4,4
gemma2:9b,data_pmus_yaounde,q1_2,Agent_173,UN QUARTIER DE LA VILLE DE YAOUNDE,4,3,4,4,4
gemma2:9b,data_pmus_yaounde,q1_2_a,Agent_173,ABOM,4,3,4,4,4
gemma2:9b,data_pmus_yaounde,q1_2_b,Agent_173,10 IEME ARRET,4,3,4,4,4
gemma2:9b,data_pmus_yaounde,q1_3_c,Agent_173,AFANOYA,4,3,4,4,4
gemma2:9b,data_pmus_yaounde,q2_1,Agent_173,PAR BUS STACY,4,3,4,4,4
gemma2:9b,data_pmus_yaounde,q2_2_1,Agent_173,TRACOM,4,3,4,4,4
gemma2:9b,data_pmus_yaounde,q2_2_2,Agent_173,TRACOM,4,3,4,4,4
gemma2:9b,data_pmus_yaounde,q2_3_1,Agent_173,0LESOA,4,3,4,4,4
gemma2:9b,data_pmus_yaounde,q2_3_2,Agent_173,0NANA,4,3,4,4,4
gemma2:9b,data_pmus_yaounde,q2_3,Agent_173,NON,5,4,5,4,4
gemma2:9b,data_pmus_yaounde,q2_4,Agent_173,A PIED,4,3,4,4,4
gemma2:9b,data_pmus_yaounde,q2_5_1,Agent_173,,2,1,2,1,3
gemma2:9b,data_pmus_yaounde,q2_5_2,Agent_173,,2,1,2,1,3
gemma2:9b,data_pmus_yaounde,q2_6_1,Agent_173,ONANA,4,3,4,4,4
gemma2:9b,data_pmus_yaounde,q2_6_2,Agent_173,11EME ARRET,4,3,4,4,4
gemma2:9b,data_pmus_yaounde,q3_1,Agent_173,NON,5,4,5,4,4
gemma2:9b,data_pmus_yaounde,q3_2,Agent_173,PAR BUS STACY,4,3,4,4,4
gemma2:9b,data_pmus_yaounde,q3_3_1,Agent_173,MVOG BETSI,4,3,4,4,4
gemma2:9b,data_pmus_yaounde,q3_3_2,Agent_173,MVOG BETSI,4,3,4,4,4
gemma2:9b,data_pmus_yaounde,q4_1_a,Agent_173,Veuillez indiquer depuis combien de temps vous attendez.,5,5,5,5,5
gemma2:9b,data_pmus_yaounde,q4_1_b,Agent_173,MOINS DE 5 MIN,4,3,4,4,4
gemma2:9b,data_pmus_yaounde,q4_2_a,Agent_173,Veuillez indiquer depuis combien de temps vous attendez.,5,5,5,5,5
gemma2:9b,data_pmus_yaounde,q4_2_b,Agent_173,30 60 MIN,4,3,4,4,4
gemma2:9b,data_pmus_yaounde,q4_3,Agent_173,3250,4,3,4,4,4
gemma2:9b,data_pmus_yaounde,q4_4,Agent_173,COURSES,4,3,4,4,4
gemma2:9b,data_pmus_yaounde,q4_4_autres,Agent_173,FAIRE DES ACHATS,4,3,4,4,4
gemma2:9b,data_pmus_yaounde,q5_1,Agent_173,MOINS DE 18 ANS,4,3,4,4,4
gemma2:9b,data_pmus_yaounde,q5_2,Agent_173,ENTRE 30 001 ET 100 000,4,3,4,4,4
gemma2:9b,data_pmus_yaounde,q5_3,Agent_173,FEMME,4,3,4,4,4
gemma2:9b,data_pmus_yaounde,centre ville,Agent_174,YAOUNDE,4,3,4,4,4
gemma2:9b,data_pmus_yaounde,q1_1,Agent_174,UN QUARTIER DE LA VILLE DE YAOUNDE,4,3,4,4,4
gemma2:9b,data_pmus_yaounde,q1_1_a,Agent_174,MESSA,4,3,4,4,4
gemma2:9b,data_pmus_yaounde,q1_1_b,Agent_174,COLLEGE CQTHOLIQ,4,3,4,4,4
gemma2:9b,data_pmus_yaounde,q1_1_c,Agent_174,,2,1,2,1,3
gemma2:9b,data_pmus_yaounde,q1_2,Agent_174,UN QUARTIER DE LA VILLE DE YAOUNDE,4,3,4,4,4
gemma2:9b,data_pmus_yaounde,q1_2_a,Agent_174,ABOM,4,3,4,4,4
gemma2:9b,data_pmus_yaounde,q1_2_b,Agent_174,NKOLZIE,4,3,4,4,4
gemma2:9b,data_pmus_yaounde,q1_3_c,Agent_174,,2,1,2,1,3
gemma2:9b,data_pmus_yaounde,q2_1,Agent_174,PAR BUS STACY,4,3,4,4,4
gemma2:9b,data_pmus_yaounde,q2_2_1,Agent_174,MERC,4,3,4,4,4
gemma2:9b,data_pmus_yaounde,q2_2_2,Agent_174,10 E ARRET,4,3,4,4,4
gemma2:9b,data_pmus_yaounde,q2_3_1,Agent_174,NKOLBISS0NG,4,3,4,4,4
gemma2:9b,data_pmus_yaounde,q2_3_2,Agent_174,0NANA,4,3,4,4,4
gemma2:9b,data_pmus_yaounde,q2_3,Agent_174,NON,5,4,5,4,4
gemma2:9b,data_pmus_yaounde,q2_4,Agent_174,PAR BUS STACY,4,3,4,4,4
gemma2:9b,data_pmus_yaounde,q2_5_1,Agent_174,MVOG ADA,4,3,4,4,4
gemma2:9b,data_pmus_yaounde,q2_5_2,Agent_174,MVOG EKOUSO,4,3,4,4,4
gemma2:9b,data_pmus_yaounde,q2_6_1,Agent_174,ONANA,4,3,4,4,4
gemma2:9b,data_pmus_yaounde,q2_6_2,Agent_174,11EME ARRET,4,3,4,4,4
gemma2:9b,data_pmus_yaounde,q3_1,Agent_174,NON,5,4,5,4,4
gemma2:9b,data_pmus_yaounde,q3_2,Agent_174,A PIED,4,3,4,4,4
gemma2:9b,data_pmus_yaounde,q3_3_1,Agent_174,ACACIA,4,3,4,4,4
gemma2:9b,data_pmus_yaounde,q3_3_2,Agent_174,ACACIA,4,3,4,4,4
gemma2:9b,data_pmus_yaounde,q4_1_a,Agent_174,Veuillez indiquer depuis combien de temps vous attendez.,5,5,5,5,5
gemma2:9b,data_pmus_yaounde,q4_1_b,Agent_174,MOINS DE 5 MIN,4,3,4,4,4
gemma2:9b,data_pmus_yaounde,q4_2_a,Agent_174,Veuillez indiquer depuis combien de temps vous attendez.,5,5,5,5,5
gemma2:9b,data_pmus_yaounde,q4_2_b,Agent_174,30 60 MIN,4,3,4,4,4
gemma2:9b,data_pmus_yaounde,q4_3,Agent_174,800,4,3,4,4,4
gemma2:9b,data_pmus_yaounde,q4_4,Agent_174,VISITE FAMILLE,4,3,4,4,4
gemma2:9b,data_pmus_yaounde,q4_4_autres,Agent_174,ACHAT,4,3,4,4,4
gemma2:9b,data_pmus_yaounde,q5_1,Agent_174,ENTRE 18 ET 25 ANS,4,3,4,4,4
gemma2:9b,data_pmus_yaounde,q5_2,Agent_174,ENTRE 30 001 ET 100 000,4,3,4,4,4
gemma2:9b,data_pmus_yaounde,q5_3,Agent_174,FEMME,4,3,4,4,4
gemma2:9b,data_pmus_yaounde,centre ville,Agent_175,YAOUNDE,4,3,4,4,4
gemma2:9b,data_pmus_yaounde,q1_1,Agent_175,UN QUARTIER DE LA VILLE DE YAOUNDE,4,3,4,4,4
gemma2:9b,data_pmus_yaounde,q1_1_a,Agent_175,NSIMEYONG,4,3,4,4,4
gemma2:9b,data_pmus_yaounde,q1_1_b,Agent_175,NSIMEYONG,4,3,4,4,4
gemma2:9b,data_pmus_yaounde,q1_1_c,Agent_175,AFANOYA,4,3,4,4,4
gemma2:9b,data_pmus_yaounde,q1_2,Agent_175,UN QUARTIER DE LA VILLE DE YAOUNDE,4,3,4,4,4
gemma2:9b,data_pmus_yaounde,q1_2_a,Agent_175,NSIMEYONG,4,3,4,4,4
gemma2:9b,data_pmus_yaounde,q1_2_b,Agent_175,NSIMEYONG,4,3,4,4,4
gemma2:9b,data_pmus_yaounde,q1_3_c,Agent_175,YAOUNDE,4,3,4,4,4
gemma2:9b,data_pmus_yaounde,q2_1,Agent_175,A PIED,4,3,4,4,4
gemma2:9b,data_pmus_yaounde,q2_2_1,Agent_175,,2,1,2,1,3
gemma2:9b,data_pmus_yaounde,q2_2_2,Agent_175,,2,1,2,1,3
gemma2:9b,data_pmus_yaounde,q2_3_1,Agent_175,,2,1,2,1,3
gemma2:9b,data_pmus_yaounde,q2_3_2,Agent_175,,2,1,2,1,3
gemma2:9b,data_pmus_yaounde,q2_3,Agent_175,NON,5,4,5,4,4
gemma2:9b,data_pmus_yaounde,q2_4,Agent_175,A PIED,4,3,4,4,4
gemma2:9b,data_pmus_yaounde,q2_5_1,Agent_175,,2,1,2,1,3
gemma2:9b,data_pmus_yaounde,q2_5_2,Agent_175,,2,1,2,1,3
gemma2:9b,data_pmus_yaounde,q2_6_1,Agent_175,NSIMEYONG,4,3,4,4,4
gemma2:9b,data_pmus_yaounde,q2_6_2,Agent_175,11EME ARRET,4,3,4,4,4
gemma2:9b,data_pmus_yaounde,q3_1,Agent_175,NON,5,4,5,4,4
gemma2:9b,data_pmus_yaounde,q3_2,Agent_175,A PIED,4,3,4,4,4
gemma2:9b,data_pmus_yaounde,q3_3_1,Agent_175,,2,1,2,1,3
gemma2:9b,data_pmus_yaounde,q3_3_2,Agent_175,,2,1,2,1,3
gemma2:9b,data_pmus_yaounde,q4_1_a,Agent_175,Veuillez indiquer depuis combien de temps vous attendez.,5,5,5,5,5
gemma2:9b,data_pmus_yaounde,q4_1_b,Agent_175,MOINS DE 5 MIN,4,3,4,4,4
gemma2:9b,data_pmus_yaounde,q4_2_a,Agent_175,Veuillez indiquer depuis combien de temps vous attendez.,5,5,5,5,5
gemma2:9b,data_pmus_yaounde,q4_2_b,Agent_175,MOINS DE 15 MIN,4,3,4,4,4
gemma2:9b,data_pmus_yaounde,q4_3,Agent_175,240,4,3,4,4,4
gemma2:9b,data_pmus_yaounde,q4_4,Agent_175,TRAVAIL,4,3,4,4,4
gemma2:9b,data_pmus_yaounde,q4_4_autres,Agent_175,FAIRE DES ACHATS,4,3,4,4,4
gemma2:9b,data_pmus_yaounde,q5_1,Agent_175,ENTRE 18 ET 25 ANS,4,3,4,4,4
gemma2:9b,data_pmus_yaounde,q5_2,Agent_175,MOINS DE 30 000,4,3,4,4,4
gemma2:9b,data_pmus_yaounde,q5_3,Agent_175,FEMME,4,3,4,4,4
gemma2:9b,data_pmus_yaounde,centre ville,Agent_176,YAOUNDE,4,3,4,4,4
gemma2:9b,data_pmus_yaounde,q1_1,Agent_176,UN QUARTIER DE LA VILLE DE YAOUNDE,4,3,4,4,4
gemma2:9b,data_pmus_yaounde,q1_1_a,Agent_176,FOUDA,4,3,4,4,4
gemma2:9b,data_pmus_yaounde,q1_1_b,Agent_176,REGION BAR,4,3,4,4,4
gemma2:9b,data_pmus_yaounde,q1_1_c,Agent_176,,2,1,2,1,3
gemma2:9b,data_pmus_yaounde,q1_2,Agent_176,UN QUARTIER DE LA VILLE DE YAOUNDE,4,3,4,4,4
gemma2:9b,data_pmus_yaounde,q1_2_a,Agent_176,SIMBOCK,4,3,4,4,4
gemma2:9b,data_pmus_yaounde,q1_2_b,Agent_176,10 IEME ARRET,4,3,4,4,4
gemma2:9b,data_pmus_yaounde,q1_3_c,Agent_176,,2,1,2,1,3
gemma2:9b,data_pmus_yaounde,q2_1,Agent_176,PAR BUS STACY,4,3,4,4,4
gemma2:9b,data_pmus_yaounde,q2_2_1,Agent_176,CARREFOUR GP,4,3,4,4,4
gemma2:9b,data_pmus_yaounde,q2_2_2,Agent_176,CARREFOUR,4,3,4,4,4
gemma2:9b,data_pmus_yaounde,q2_3_1,Agent_176,0LESOA,4,3,4,4,4
gemma2:9b,data_pmus_yaounde,q2_3_2,Agent_176,MOBIL,4,3,4,4,4
gemma2:9b,data_pmus_yaounde,q2_3,Agent_176,NON,5,4,5,4,4
gemma2:9b,data_pmus_yaounde,q2_4,Agent_176,PAR BUS STACY,4,3,4,4,4
gemma2:9b,data_pmus_yaounde,q2_5_1,Agent_176,A B0NAS,4,3,4,4,4
gemma2:9b,data_pmus_yaounde,q2_5_2,Agent_176,MOBIL,4,3,4,4,4
gemma2:9b,data_pmus_yaounde,q2_6_1,Agent_176,ABATTOIR,4,3,4,4,4
gemma2:9b,data_pmus_yaounde,q2_6_2,Agent_176,11EME ARRET,4,3,4,4,4
gemma2:9b,data_pmus_yaounde,q3_1,Agent_176,NON,5,4,5,4,4
gemma2:9b,data_pmus_yaounde,q3_2,Agent_176,PAR BUS STACY,4,3,4,4,4
gemma2:9b,data_pmus_yaounde,q3_3_1,Agent_176,ACACIA,4,3,4,4,4
gemma2:9b,data_pmus_yaounde,q3_3_2,Agent_176,10 IEME ARRET,4,3,4,4,4
gemma2:9b,data_pmus_yaounde,q4_1_a,Agent_176,Veuillez indiquer depuis combien de temps vous attendez.,5,5,5,5,5
gemma2:9b,data_pmus_yaounde,q4_1_b,Agent_176,MOINS DE 5 MIN,4,3,4,4,4
gemma2:9b,data_pmus_yaounde,q4_2_a,Agent_176,Veuillez indiquer depuis combien de temps vous attendez.,5,5,5,5,5
gemma2:9b,data_pmus_yaounde,q4_2_b,Agent_176,30 60 MIN,4,3,4,4,4
gemma2:9b,data_pmus_yaounde,q4_3,Agent_176,2250,4,3,4,4,4
gemma2:9b,data_pmus_yaounde,q4_4,Agent_176,COURSES,4,3,4,4,4
gemma2:9b,data_pmus_yaounde,q4_4_autres,Agent_176,FAIRE DES ACHATS,4,3,4,4,4
gemma2:9b,data_pmus_yaounde,q5_1,Agent_176,ENTRE 36 ET 45 ANS,4,3,4,4,4
gemma2:9b,data_pmus_yaounde,q5_2,Agent_176,ENTRE 30 001 ET 100 000,4,3,4,4,4
gemma2:9b,data_pmus_yaounde,q5_3,Agent_176,FEMME,4,3,4,4,4
gemma2:9b,data_pmus_yaounde,centre ville,Agent_177,YAOUNDE,4,3,4,4,4
gemma2:9b,data_pmus_yaounde,q1_1,Agent_177,UN QUARTIER DE LA VILLE DE YAOUNDE,4,3,4,4,4
gemma2:9b,data_pmus_yaounde,q1_1_a,Agent_177,ABIT,4,3,4,4,4
gemma2:9b,data_pmus_yaounde,q1_1_b,Agent_177,10EME ARRET,4,3,4,4,4
gemma2:9b,data_pmus_yaounde,q1_1_c,Agent_177,,2,1,2,1,3
gemma2:9b,data_pmus_yaounde,q1_2,Agent_177,UN QUARTIER DE LA VILLE DE YAOUNDE,4,3,4,4,4
gemma2:9b,data_pmus_yaounde,q1_2_a,Agent_177,AHALA,4,3,4,4,4
gemma2:9b,data_pmus_yaounde,q1_2_b,Agent_177,10 IEME ARRET,4,3,4,4,4
gemma2:9b,data_pmus_yaounde,q1_3_c,Agent_177,,2,1,2,1,3
gemma2:9b,data_pmus_yaounde,q2_1,Agent_177,PAR BUS STACY,4,3,4,4,4
gemma2:9b,data_pmus_yaounde,q2_2_1,Agent_177,TREMINUS ODJA,4,3,4,4,4
gemma2:9b,data_pmus_yaounde,q2_2_2,Agent_177,10 E ARRET,4,3,4,4,4
gemma2:9b,data_pmus_yaounde,q2_3_1,Agent_177,0LESOA,4,3,4,4,4
gemma2:9b,data_pmus_yaounde,q2_3_2,Agent_177,0NANA,4,3,4,4,4
gemma2:9b,data_pmus_yaounde,q2_3,Agent_177,NON,5,4,5,4,4
gemma2:9b,data_pmus_yaounde,q2_4,Agent_177,PAR BUS STACY,4,3,4,4,4
gemma2:9b,data_pmus_yaounde,q2_5_1,Agent_177,,2,1,2,1,3
gemma2:9b,data_pmus_yaounde,q2_5_2,Agent_177,,2,1,2,1,3
gemma2:9b,data_pmus_yaounde,q2_6_1,Agent_177,ONANA,4,3,4,4,4
gemma2:9b,data_pmus_yaounde,q2_6_2,Agent_177,11EME ARRET,4,3,4,4,4
gemma2:9b,data_pmus_yaounde,q3_1,Agent_177,NON,5,4,5,4,4
gemma2:9b,data_pmus_yaounde,q3_2,Agent_177,PAR BUS STACY,4,3,4,4,4
gemma2:9b,data_pmus_yaounde,q3_3_1,Agent_177,NKOA MBANG,4,3,4,4,4
gemma2:9b,data_pmus_yaounde,q3_3_2,Agent_177,NKOA MBANG,4,3,4,4,4
gemma2:9b,data_pmus_yaounde,q4_1_a,Agent_177,Veuillez indiquer depuis combien de temps vous attendez.,5,5,5,5,5
gemma2:9b,data_pmus_yaounde,q4_1_b,Agent_177,MOINS DE 5 MIN,4,3,4,4,4
gemma2:9b,data_pmus_yaounde,q4_2_a,Agent_177,Veuillez indiquer depuis combien de temps vous attendez.,5,5,5,5,5
gemma2:9b,data_pmus_yaounde,q4_2_b,Agent_177,30 60 MIN,4,3,4,4,4
gemma2:9b,data_pmus_yaounde,q4_3,Agent_177,2750,4,3,4,4,4
gemma2:9b,data_pmus_yaounde,q4_4,Agent_177,VISITE FAMILLE,4,3,4,4,4
gemma2:9b,data_pmus_yaounde,q4_4_autres,Agent_177,ACHAT,4,3,4,4,4
gemma2:9b,data_pmus_yaounde,q5_1,Agent_177,ENTRE 18 ET 25 ANS,4,3,4,4,4
gemma2:9b,data_pmus_yaounde,q5_2,Agent_177,ENTRE 30 001 ET 100 000,4,3,4,4,4
gemma2:9b,data_pmus_yaounde,q5_3,Agent_177,HOMME,4,3,4,4,4
gemma2:9b,data_pmus_yaounde,centre ville,Agent_178,YAOUNDE,4,3,4,4,4
gemma2:9b,data_pmus_yaounde,q1_1,Agent_178,UN QUARTIER DE LA VILLE DE YAOUNDE,4,3,4,4,4
gemma2:9b,data_pmus_yaounde,q1_1_a,Agent_178,ABIT,4,3,4,4,4
gemma2:9b,data_pmus_yaounde,q1_1_b,Agent_178,10EME ARRET,4,3,4,4,4
gemma2:9b,data_pmus_yaounde,q1_1_c,Agent_178,,2,1,2,1,3
gemma2:9b,data_pmus_yaounde,q1_2,Agent_178,UN QUARTIER DE LA VILLE DE YAOUNDE,4,3,4,4,4
gemma2:9b,data_pmus_yaounde,q1_2_a,Agent_178,SIMBOCK,4,3,4,4,4
gemma2:9b,data_pmus_yaounde,q1_2_b,Agent_178,10 IEME ARRET,4,3,4,4,4
gemma2:9b,data_pmus_yaounde,q1_3_c,Agent_178,,2,1,2,1,3
gemma2:9b,data_pmus_yaounde,q2_1,Agent_178,A PIED,4,3,4,4,4
gemma2:9b,data_pmus_yaounde,q2_2_1,Agent_178,CARREFOUR NGUEM,4,3,4,4,4
gemma2:9b,data_pmus_yaounde,q2_2_2,Agent_178,10 E ARRET,4,3,4,4,4
gemma2:9b,data_pmus_yaounde,q2_3_1,Agent_178,CARREFOUR,4,3,4,4,4
gemma2:9b,data_pmus_yaounde,q2_3_2,Agent_178,CARREFOUR,4,3,4,4,4
gemma2:9b,data_pmus_yaounde,q2_3,Agent_178,NON,5,4,5,4,4
gemma2:9b,data_pmus_yaounde,q2_4,Agent_178,A PIED,4,3,4,4,4
gemma2:9b,data_pmus_yaounde,q2_5_1,Agent_178,A B0NAS,4,3,4,4,4
gemma2:9b,data_pmus_yaounde,q2_5_2,Agent_178,0MPHINE,4,3,4,4,4
gemma2:9b,data_pmus_yaounde,q2_6_1,Agent_178,CARREFOUR,4,3,4,4,4
gemma2:9b,data_pmus_yaounde,q2_6_2,Agent_178,CARREFOUR,4,3,4,4,4
gemma2:9b,data_pmus_yaounde,q3_1,Agent_178,NON,5,4,5,4,4
gemma2:9b,data_pmus_yaounde,q3_2,Agent_178,A PIED,4,3,4,4,4
gemma2:9b,data_pmus_yaounde,q3_3_1,Agent_178,ACACIA,4,3,4,4,4
gemma2:9b,data_pmus_yaounde,q3_3_2,Agent_178,ACACIA,4,3,4,4,4
gemma2:9b,data_pmus_yaounde,q4_1_a,Agent_178,Veuillez indiquer depuis combien de temps vous attendez.,5,5,5,5,5
gemma2:9b,data_pmus_yaounde,q4_1_b,Agent_178,MOINS DE 5 MIN,4,3,4,4,4
gemma2:9b,data_pmus_yaounde,q4_2_a,Agent_178,Veuillez indiquer depuis combien de temps vous attendez.,5,5,5,5,5
gemma2:9b,data_pmus_yaounde,q4_2_b,Agent_178,30 60 MIN,4,3,4,4,4
gemma2:9b,data_pmus_yaounde,q4_3,Agent_178,1850,4,3,4,4,4
gemma2:9b,data_pmus_yaounde,q4_4,Agent_178,TRAVAIL,4,3,4,4,4
gemma2:9b,data_pmus_yaounde,q4_4_autres,Agent_178,ACHAT,4,3,4,4,4
gemma2:9b,data_pmus_yaounde,q5_1,Agent_178,ENTRE 18 ET 25 ANS,4,3,4,4,4
gemma2:9b,data_pmus_yaounde,q5_2,Agent_178,ENTRE 30 001 ET 100 000,4,3,4,4,4
gemma2:9b,data_pmus_yaounde,q5_3,Agent_178,HOMME,4,3,4,4,4
gemma2:9b,data_pmus_yaounde,centre ville,Agent_179,YAOUNDE,4,3,4,4,4
gemma2:9b,data_pmus_yaounde,q1_1,Agent_179,UN QUARTIER DE LA VILLE DE YAOUNDE,4,3,4,4,4
gemma2:9b,data_pmus_yaounde,q1_1_a,Agent_179,POSTE CENTRALE,4,3,4,4,4
gemma2:9b,data_pmus_yaounde,q1_1_b,Agent_179,10EME ARRET,4,3,4,4,4
gemma2:9b,data_pmus_yaounde,q1_1_c,Agent_179,,2,1,2,1,3
gemma2:9b,data_pmus_yaounde,q1_2,Agent_179,HORS DE LA VILLE DE YAOUNDE,4,3,4,4,4
gemma2:9b,data_pmus_yaounde,q1_2_a,Agent_179,EMOMBO,4,3,4,4,4
gemma2:9b,data_pmus_yaounde,q1_2_b,Agent_179,10 IEME ARRET,4,3,4,4,4
gemma2:9b,data_pmus_yaounde,q1_3_c,Agent_179,AFANOYA,4,3,4,4,4
gemma2:9b,data_pmus_yaounde,q2_1,Agent_179,PAR TAXI,4,3,4,4,4
gemma2:9b,data_pmus_yaounde,q2_2_1,Agent_179,MOBILE KODENGUI,4,3,4,4,4
gemma2:9b,data_pmus_yaounde,q2_2_2,Agent_179,10 E ARRET,4,3,4,4,4
gemma2:9b,data_pmus_yaounde,q2_3_1,Agent_179,NKOZOA,4,3,4,4,4
gemma2:9b,data_pmus_yaounde,q2_3_2,Agent_179,0NANA,4,3,4,4,4
gemma2:9b,data_pmus_yaounde,q2_3,Agent_179,NON,5,4,5,4,4
gemma2:9b,data_pmus_yaounde,q2_4,Agent_179,A PIED,4,3,4,4,4
gemma2:9b,data_pmus_yaounde,q2_5_1,Agent_179,NKOZOA,4,3,4,4,4
gemma2:9b,data_pmus_yaounde,q2_5_2,Agent_179,0MPHINE,4,3,4,4,4
gemma2:9b,data_pmus_yaounde,q2_6_1,Agent_179,ONANA,4,3,4,4,4
gemma2:9b,data_pmus_yaounde,q2_6_2,Agent_179,,2,1,2,1,3
gemma2:9b,data_pmus_yaounde,q3_1,Agent_179,NON,5,4,5,4,4
gemma2:9b,data_pmus_yaounde,q3_2,Agent_179,A PIED,4,3,4,4,4
gemma2:9b,data_pmus_yaounde,q3_3_1,Agent_179,ONANA,4,3,4,4,4
gemma2:9b,data_pmus_yaounde,q3_3_2,Agent_179,10 IEME ARRET,4,3,4,4,4
gemma2:9b,data_pmus_yaounde,q4_1_a,Agent_179,Veuillez indiquer depuis combien de temps vous attendez.,5,5,5,5,5
gemma2:9b,data_pmus_yaounde,q4_1_b,Agent_179,MOINS DE 5 MIN,4,3,4,4,4
gemma2:9b,data_pmus_yaounde,q4_2_a,Agent_179,Veuillez indiquer depuis combien de temps vous attendez.,5,5,5,5,5
gemma2:9b,data_pmus_yaounde,q4_2_b,Agent_179,30 60 MIN,4,3,4,4,4
gemma2:9b,data_pmus_yaounde,q4_3,Agent_179,1250,4,3,4,4,4
gemma2:9b,data_pmus_yaounde,q4_4,Agent_179,ACTIVIT S DE LOISIRS,4,3,4,4,4
gemma2:9b,data_pmus_yaounde,q4_4_autres,Agent_179,ACHAT,4,3,4,4,4
gemma2:9b,data_pmus_yaounde,q5_1,Agent_179,ENTRE 55ANS ET 64 ANS,4,3,4,4,4
gemma2:9b,data_pmus_yaounde,q5_2,Agent_179,ENTRE 30 001 ET 100 000,4,3,4,4,4
gemma2:9b,data_pmus_yaounde,q5_3,Agent_179,HOMME,4,3,4,4,4
gemma2:9b,data_pmus_yaounde,centre ville,Agent_180,YAOUNDE,4,3,4,4,4
gemma2:9b,data_pmus_yaounde,q1_1,Agent_180,UN QUARTIER DE LA VILLE DE YAOUNDE,4,3,4,4,4
gemma2:9b,data_pmus_yaounde,q1_1_a,Agent_180,ABIT,4,3,4,4,4
gemma2:9b,data_pmus_yaounde,q1_1_b,Agent_180,DEVANT COLLEGE EVANGISTE,4,3,4,4,4
gemma2:9b,data_pmus_yaounde,q1_1_c,Agent_180,,2,1,2,1,3
gemma2:9b,data_pmus_yaounde,q1_2,Agent_180,UN QUARTIER DE LA VILLE DE YAOUNDE,4,3,4,4,4
gemma2:9b,data_pmus_yaounde,q1_2_a,Agent_180,ABOM,4,3,4,4,4
gemma2:9b,data_pmus_yaounde,q1_2_b,Agent_180,APRES LES RAILS,4,3,4,4,4
gemma2:9b,data_pmus_yaounde,q1_3_c,Agent_180,,2,1,2,1,3
gemma2:9b,data_pmus_yaounde,q2_1,Agent_180,A PIED,4,3,4,4,4
gemma2:9b,data_pmus_yaounde,q2_2_1,Agent_180,2 CHEVEAU,4,3,4,4,4
gemma2:9b,data_pmus_yaounde,q2_2_2,Agent_180,APRES LES RAILS,4,3,4,4,4
gemma2:9b,data_pmus_yaounde,q2_3_1,Agent_180,0LESOA,4,3,4,4,4
gemma2:9b,data_pmus_yaounde,q2_3_2,Agent_180,0NANA,4,3,4,4,4
gemma2:9b,data_pmus_yaounde,q2_3,Agent_180,NON,5,4,5,4,4
gemma2:9b,data_pmus_yaounde,q2_4,Agent_180,A PIED,4,3,4,4,4
gemma2:9b,data_pmus_yaounde,q2_5_1,Agent_180,A B0NAS,4,3,4,4,4
gemma2:9b,data_pmus_yaounde,q2_5_2,Agent_180,0MPHINE,4,3,4,4,4
gemma2:9b,data_pmus_yaounde,q2_6_1,Agent_180,ABATTOIR,4,3,4,4,4
gemma2:9b,data_pmus_yaounde,q2_6_2,Agent_180,11EME ARRET,4,3,4,4,4
gemma2:9b,data_pmus_yaounde,q3_1,Agent_180,NON,5,4,5,4,4
gemma2:9b,data_pmus_yaounde,q3_2,Agent_180,A PIED,4,3,4,4,4
gemma2:9b,data_pmus_yaounde,q3_3_1,Agent_180,NKO NDONGO,4,3,4,4,4
gemma2:9b,data_pmus_yaounde,q3_3_2,Agent_180,10 IEME ARRET,4,3,4,4,4
gemma2:9b,data_pmus_yaounde,q4_1_a,Agent_180,Veuillez indiquer depuis combien de temps vous attendez.,5,5,5,5,5
gemma2:9b,data_pmus_yaounde,q4_1_b,Agent_180,MOINS DE 5 MIN,4,3,4,4,4
gemma2:9b,data_pmus_yaounde,q4_2_a,Agent_180,Veuillez indiquer depuis combien de temps vous attendez.,5,5,5,5,5
gemma2:9b,data_pmus_yaounde,q4_2_b,Agent_180,30 60 MIN,4,3,4,4,4
gemma2:9b,data_pmus_yaounde,q4_3,Agent_180,240,4,3,4,4,4
gemma2:9b,data_pmus_yaounde,q4_4,Agent_180,TRAVAIL,4,3,4,4,4
gemma2:9b,data_pmus_yaounde,q4_4_autres,Agent_180,ACHAT,4,3,4,4,4
gemma2:9b,data_pmus_yaounde,q5_1,Agent_180,ENTRE 18 ET 25 ANS,4,3,4,4,4
gemma2:9b,data_pmus_yaounde,q5_2,Agent_180,ENTRE 30 001 ET 100 000,4,3,4,4,4
gemma2:9b,data_pmus_yaounde,q5_3,Agent_180,FEMME,4,3,4,4,4
gemma2:9b,data_pmus_yaounde,centre ville,Agent_181,YAOUNDE,4,3,4,4,4
gemma2:9b,data_pmus_yaounde,q1_1,Agent_181,UN QUARTIER DE LA VILLE DE YAOUNDE,4,3,4,4,4
gemma2:9b,data_pmus_yaounde,q1_1_a,Agent_181,NKOMO,4,3,4,4,4
gemma2:9b,data_pmus_yaounde,q1_1_b,Agent_181,NKOMO,4,3,4,4,4
gemma2:9b,data_pmus_yaounde,q1_1_c,Agent_181,,2,1,2,1,3
gemma2:9b,data_pmus_yaounde,q1_2,Agent_181,UN QUARTIER DE LA VILLE DE YAOUNDE,4,3,4,4,4
gemma2:9b,data_pmus_yaounde,q1_2_a,Agent_181,ABOM,4,3,4,4,4
gemma2:9b,data_pmus_yaounde,q1_2_b,Agent_181,10 IEME ARRET,4,3,4,4,4
gemma2:9b,data_pmus_yaounde,q1_3_c,Agent_181,,2,1,2,1,3
gemma2:9b,data_pmus_yaounde,q2_1,Agent_181,A PIED,4,3,4,4,4
gemma2:9b,data_pmus_yaounde,q2_2_1,Agent_181,2 CHEVEAU,4,3,4,4,4
gemma2:9b,data_pmus_yaounde,q2_2_2,Agent_181,,2,1,2,1,3
gemma2:9b,data_pmus_yaounde,q2_3_1,Agent_181,AUCUN,4,3,4,4,4
gemma2:9b,data_pmus_yaounde,q2_3_2,Agent_181,,2,1,2,1,3
gemma2:9b,data_pmus_yaounde,q2_3,Agent_181,NON,5,4,5,4,4
gemma2:9b,data_pmus_yaounde,q2_4,Agent_181,A PIED,4,3,4,4,4
gemma2:9b,data_pmus_yaounde,q2_5_1,Agent_181,A B0NAS,4,3,4,4,4
gemma2:9b,data_pmus_yaounde,q2_5_2,Agent_181,0MPHINE,4,3,4,4,4
gemma2:9b,data_pmus_yaounde,q2_6_1,Agent_181,,2,1,2,1,3
gemma2:9b,data_pmus_yaounde,q2_6_2,Agent_181,,2,1,2,1,3
gemma2:9b,data_pmus_yaounde,q3_1,Agent_181,NON,5,4,5,4,4
gemma2:9b,data_pmus_yaounde,q3_2,Agent_181,A PIED,4,3,4,4,4
gemma2:9b,data_pmus_yaounde,q3_3_1,Agent_181,,2,1,2,1,3
gemma2:9b,data_pmus_yaounde,q3_3_2,Agent_181,,2,1,2,1,3
gemma2:9b,data_pmus_yaounde,q4_1_a,Agent_181,Veuillez indiquer depuis combien de temps vous attendez.,5,5,5,5,5
gemma2:9b,data_pmus_yaounde,q4_1_b,Agent_181,MOINS DE 5 MIN,4,3,4,4,4
gemma2:9b,data_pmus_yaounde,q4_2_a,Agent_181,Veuillez indiquer depuis combien de temps vous attendez.,5,5,5,5,5
gemma2:9b,data_pmus_yaounde,q4_2_b,Agent_181,30 60 MIN,4,3,4,4,4
gemma2:9b,data_pmus_yaounde,q4_3,Agent_181,1200,4,3,4,4,4
gemma2:9b,data_pmus_yaounde,q4_4,Agent_181,D MARCHES ADMINISTRATIVES ET OU SANT,4,3,4,4,4
gemma2:9b,data_pmus_yaounde,q4_4_autres,Agent_181,FAIRE DU MARCHE,4,3,4,4,4
gemma2:9b,data_pmus_yaounde,q5_1,Agent_181,ENTRE 18 ET 25 ANS,4,3,4,4,4
gemma2:9b,data_pmus_yaounde,q5_2,Agent_181,ENTRE 30 001 ET 100 000,4,3,4,4,4
gemma2:9b,data_pmus_yaounde,q5_3,Agent_181,HOMME,4,3,4,4,4
gemma2:9b,data_pmus_yaounde,centre ville,Agent_182,YAOUNDE,4,3,4,4,4
gemma2:9b,data_pmus_yaounde,q1_1,Agent_182,UN QUARTIER DE LA VILLE DE YAOUNDE,4,3,4,4,4
gemma2:9b,data_pmus_yaounde,q1_1_a,Agent_182,NFANDENA,4,3,4,4,4
gemma2:9b,data_pmus_yaounde,q1_1_b,Agent_182,ARRET BUS,4,3,4,4,4
gemma2:9b,data_pmus_yaounde,q1_1_c,Agent_182,AFANOYA,4,3,4,4,4
gemma2:9b,data_pmus_yaounde,q1_2,Agent_182,UN QUARTIER DE LA VILLE DE YAOUNDE,4,3,4,4,4
gemma2:9b,data_pmus_yaounde,q1_2_a,Agent_182,FOURGEROLLES,4,3,4,4,4
gemma2:9b,data_pmus_yaounde,q1_2_b,Agent_182,10 IEME ARRET,4,3,4,4,4
gemma2:9b,data_pmus_yaounde,q1_3_c,Agent_182,AFANOYA,4,3,4,4,4
gemma2:9b,data_pmus_yaounde,q2_1,Agent_182,A PIED,4,3,4,4,4
gemma2:9b,data_pmus_yaounde,q2_2_1,Agent_182,2 CHEVEAU,4,3,4,4,4
gemma2:9b,data_pmus_yaounde,q2_2_2,Agent_182,10 E ARRET,4,3,4,4,4
gemma2:9b,data_pmus_yaounde,q2_3_1,Agent_182,0LESOA,4,3,4,4,4
gemma2:9b,data_pmus_yaounde,q2_3_2,Agent_182,,2,1,2,1,3
gemma2:9b,data_pmus_yaounde,q2_3,Agent_182,NON,5,4,5,4,4
gemma2:9b,data_pmus_yaounde,q2_4,Agent_182,A PIED,4,3,4,4,4
gemma2:9b,data_pmus_yaounde,q2_5_1,Agent_182,A B0NAS,4,3,4,4,4
gemma2:9b,data_pmus_yaounde,q2_5_2,Agent_182,COMPLEX,4,3,4,4,4
gemma2:9b,data_pmus_yaounde,q2_6_1,Agent_182,FOURGEROLLES,4,3,4,4,4
gemma2:9b,data_pmus_yaounde,q2_6_2,Agent_182,11EME ARRET,4,3,4,4,4
gemma2:9b,data_pmus_yaounde,q3_1,Agent_182,NON,5,4,5,4,4
gemma2:9b,data_pmus_yaounde,q3_2,Agent_182,A PIED,4,3,4,4,4
gemma2:9b,data_pmus_yaounde,q3_3_1,Agent_182,FOURGEROLLES,4,3,4,4,4
gemma2:9b,data_pmus_yaounde,q3_3_2,Agent_182,FOURGEROLLES,4,3,4,4,4
gemma2:9b,data_pmus_yaounde,q4_1_a,Agent_182,Veuillez indiquer depuis combien de temps vous attendez.,5,5,5,5,5
gemma2:9b,data_pmus_yaounde,q4_1_b,Agent_182,MOINS DE 5 MIN,4,3,4,4,4
gemma2:9b,data_pmus_yaounde,q4_2_a,Agent_182,Veuillez indiquer depuis combien de temps vous attendez.,5,5,5,5,5
gemma2:9b,data_pmus_yaounde,q4_2_b,Agent_182,30 60 MIN,4,3,4,4,4
gemma2:9b,data_pmus_yaounde,q4_3,Agent_182,550,4,3,4,4,4
gemma2:9b,data_pmus_yaounde,q4_4,Agent_182,SPORTIVES,4,3,4,4,4
gemma2:9b,data_pmus_yaounde,q4_4_autres,Agent_182,ACHAT,4,3,4,4,4
gemma2:9b,data_pmus_yaounde,q5_1,Agent_182,MOINS DE 18 ANS,4,3,4,4,4
gemma2:9b,data_pmus_yaounde,q5_2,Agent_182,ENTRE 30 001 ET 100 000,4,3,4,4,4
gemma2:9b,data_pmus_yaounde,q5_3,Agent_182,FEMME,4,3,4,4,4
gemma2:9b,data_pmus_yaounde,centre ville,Agent_183,YAOUNDE,4,3,4,4,4
gemma2:9b,data_pmus_yaounde,q1_1,Agent_183,UN QUARTIER DE LA VILLE DE YAOUNDE,4,3,4,4,4
gemma2:9b,data_pmus_yaounde,q1_1_a,Agent_183,NKOA MBANG,4,3,4,4,4
gemma2:9b,data_pmus_yaounde,q1_1_b,Agent_183,DERRIERE LE SNACK BAR SAFARI,4,3,4,4,4
gemma2:9b,data_pmus_yaounde,q1_1_c,Agent_183,AFANOYA,4,3,4,4,4
gemma2:9b,data_pmus_yaounde,q1_2,Agent_183,UN QUARTIER DE LA VILLE DE YAOUNDE,4,3,4,4,4
gemma2:9b,data_pmus_yaounde,q1_2_a,Agent_183,MBALLA 2,4,3,4,4,4
gemma2:9b,data_pmus_yaounde,q1_2_b,Agent_183,MBALLA 2,4,3,4,4,4
gemma2:9b,data_pmus_yaounde,q1_3_c,Agent_183,AFANOYA,4,3,4,4,4
gemma2:9b,data_pmus_yaounde,q2_1,Agent_183,A PIED,4,3,4,4,4
gemma2:9b,data_pmus_yaounde,q2_2_1,Agent_183,AU NIEAU DES RAILS,4,3,4,4,4
gemma2:9b,data_pmus_yaounde,q2_2_2,Agent_183,NKOA MBANG,4,3,4,4,4
gemma2:9b,data_pmus_yaounde,q2_3_1,Agent_183,0LESOA,4,3,4,4,4
gemma2:9b,data_pmus_yaounde,q2_3_2,Agent_183,NKOA MBANG,4,3,4,4,4
gemma2:9b,data_pmus_yaounde,q2_3,Agent_183,NON,5,4,5,4,4
gemma2:9b,data_pmus_yaounde,q2_4,Agent_183,A PIED,4,3,4,4,4
gemma2:9b,data_pmus_yaounde,q2_5_1,Agent_183,NKOA MBANG,4,3,4,4,4
gemma2:9b,data_pmus_yaounde,q2_5_2,Agent_183,0MPHINE,4,3,4,4,4
gemma2:9b,data_pmus_yaounde,q2_6_1,Agent_183,NKOA MBANG,4,3,4,4,4
gemma2:9b,data_pmus_yaounde,q2_6_2,Agent_183,11EME ARRET,4,3,4,4,4
gemma2:9b,data_pmus_yaounde,q3_1,Agent_183,NON,5,4,5,4,4
gemma2:9b,data_pmus_yaounde,q3_2,Agent_183,A PIED,4,3,4,4,4
gemma2:9b,data_pmus_yaounde,q3_3_1,Agent_183,ACACIA,4,3,4,4,4
gemma2:9b,data_pmus_yaounde,q3_3_2,Agent_183,NKOA MBANG,4,3,4,4,4
gemma2:9b,data_pmus_yaounde,q4_1_a,Agent_183,Veuillez indiquer depuis combien de temps vous attendez.,5,5,5,5,5
gemma2:9b,data_pmus_yaounde,q4_1_b,Agent_183,MOINS DE 5 MIN,4,3,4,4,4
gemma2:9b,data_pmus_yaounde,q4_2_a,Agent_183,Veuillez indiquer depuis combien de temps vous attendez.,5,5,5,5,5
gemma2:9b,data_pmus_yaounde,q4_2_b,Agent_183,30 60 MIN,4,3,4,4,4
gemma2:9b,data_pmus_yaounde,q4_3,Agent_183,300,4,3,4,4,4
gemma2:9b,data_pmus_yaounde,q4_4,Agent_183,D MARCHES ADMINISTRATIVES ET OU SANT,4,3,4,4,4
gemma2:9b,data_pmus_yaounde,q4_4_autres,Agent_183,ACHAT,4,3,4,4,4
gemma2:9b,data_pmus_yaounde,q5_1,Agent_183,ENTRE 18 ET 25 ANS,4,3,4,4,4
gemma2:9b,data_pmus_yaounde,q5_2,Agent_183,ENTRE 30 001 ET 100 000,4,3,4,4,4
gemma2:9b,data_pmus_yaounde,q5_3,Agent_183,FEMME,4,3,4,4,4
gemma2:9b,data_pmus_yaounde,centre ville,Agent_184,YAOUNDE,4,3,4,4,4
gemma2:9b,data_pmus_yaounde,q1_1,Agent_184,UN QUARTIER DE LA VILLE DE YAOUNDE,4,3,4,4,4
gemma2:9b,data_pmus_yaounde,q1_1_a,Agent_184,TKC,4,3,4,4,4
gemma2:9b,data_pmus_yaounde,q1_1_b,Agent_184,RUE FRATERNINI,4,3,4,4,4
gemma2:9b,data_pmus_yaounde,q1_1_c,Agent_184,,2,1,2,1,3
gemma2:9b,data_pmus_yaounde,q1_2,Agent_184,UN QUARTIER DE LA VILLE DE YAOUNDE,4,3,4,4,4
gemma2:9b,data_pmus_yaounde,q1_2_a,Agent_184,ACACIA,4,3,4,4,4
gemma2:9b,data_pmus_yaounde,q1_2_b,Agent_184,ACACIA,4,3,4,4,4
gemma2:9b,data_pmus_yaounde,q1_3_c,Agent_184,,2,1,2,1,3
gemma2:9b,data_pmus_yaounde,q2_1,Agent_184,A PIED,4,3,4,4,4
gemma2:9b,data_pmus_yaounde,q2_2_1,Agent_184,,2,1,2,1,3
gemma2:9b,data_pmus_yaounde,q2_2_2,Agent_184,,2,1,2,1,3
gemma2:9b,data_pmus_yaounde,q2_3_1,Agent_184,,2,1,2,1,3
gemma2:9b,data_pmus_yaounde,q2_3_2,Agent_184,,2,1,2,1,3
gemma2:9b,data_pmus_yaounde,q2_3,Agent_184,NON,5,4,5,4,4
gemma2:9b,data_pmus_yaounde,q2_4,Agent_184,A PIED,4,3,4,4,4
gemma2:9b,data_pmus_yaounde,q2_5_1,Agent_184,,2,1,2,1,3
gemma2:9b,data_pmus_yaounde,q2_5_2,Agent_184,,2,1,2,1,3
gemma2:9b,data_pmus_yaounde,q2_6_1,Agent_184,,2,1,2,1,3
gemma2:9b,data_pmus_yaounde,q2_6_2,Agent_184,,2,1,2,1,3
gemma2:9b,data_pmus_yaounde,q3_1,Agent_184,NON,5,4,5,4,4
gemma2:9b,data_pmus_yaounde,q3_2,Agent_184,A PIED,4,3,4,4,4
gemma2:9b,data_pmus_yaounde,q3_3_1,Agent_184,,2,1,2,1,3
gemma2:9b,data_pmus_yaounde,q3_3_2,Agent_184,,2,1,2,1,3
gemma2:9b,data_pmus_yaounde,q4_1_a,Agent_184,Veuillez indiquer depuis combien de temps vous attendez.,5,5,5,5,5
gemma2:9b,data_pmus_yaounde,q4_1_b,Agent_184,MOINS DE 5 MIN,4,3,4,4,4
gemma2:9b,data_pmus_yaounde,q4_2_a,Agent_184,Veuillez indiquer depuis combien de temps vous attendez.,5,5,5,5,5
gemma2:9b,data_pmus_yaounde,q4_2_b,Agent_184,30 60 MIN,4,3,4,4,4
gemma2:9b,data_pmus_yaounde,q4_3,Agent_184,500,4,3,4,4,4
gemma2:9b,data_pmus_yaounde,q4_4,Agent_184,COURSES,4,3,4,4,4
gemma2:9b,data_pmus_yaounde,q4_4_autres,Agent_184,FAIRE DES ACHATS,4,3,4,4,4
gemma2:9b,data_pmus_yaounde,q5_1,Agent_184,ENTRE 18 ET 25 ANS,4,3,4,4,4
gemma2:9b,data_pmus_yaounde,q5_2,Agent_184,ENTRE 30 001 ET 100 000,4,3,4,4,4
gemma2:9b,data_pmus_yaounde,q5_3,Agent_184,HOMME,4,3,4,4,4
gemma2:9b,data_pmus_yaounde,centre ville,Agent_185,YAOUNDE,4,3,4,4,4
gemma2:9b,data_pmus_yaounde,q1_1,Agent_185,UN QUARTIER DE LA VILLE DE YAOUNDE,4,3,4,4,4
gemma2:9b,data_pmus_yaounde,q1_1_a,Agent_185,EMANA,4,3,4,4,4
gemma2:9b,data_pmus_yaounde,q1_1_b,Agent_185,DERRIERE CAMP TUNISIEN,4,3,4,4,4
gemma2:9b,data_pmus_yaounde,q1_1_c,Agent_185,,2,1,2,1,3
gemma2:9b,data_pmus_yaounde,q1_2,Agent_185,UN QUARTIER DE LA VILLE DE YAOUNDE,4,3,4,4,4
gemma2:9b,data_pmus_yaounde,q1_2_a,Agent_185,ABOM,4,3,4,4,4
gemma2:9b,data_pmus_yaounde,q1_2_b,Agent_185,ENTRE TCHOUGUI,4,3,4,4,4
gemma2:9b,data_pmus_yaounde,q1_3_c,Agent_185,,2,1,2,1,3
gemma2:9b,data_pmus_yaounde,q2_1,Agent_185,PAR BUS STACY,4,3,4,4,4
gemma2:9b,data_pmus_yaounde,q2_2_1,Agent_185,2 CHEVEAU,4,3,4,4,4
gemma2:9b,data_pmus_yaounde,q2_2_2,Agent_185,10 E ARRET,4,3,4,4,4
gemma2:9b,data_pmus_yaounde,q2_3_1,Agent_185,0LESOA,4,3,4,4,4
gemma2:9b,data_pmus_yaounde,q2_3_2,Agent_185,0NANA,4,3,4,4,4
gemma2:9b,data_pmus_yaounde,q2_3,Agent_185,NON,5,4,5,4,4
gemma2:9b,data_pmus_yaounde,q2_4,Agent_185,PAR BUS STACY,4,3,4,4,4
gemma2:9b,data_pmus_yaounde,q2_5_1,Agent_185,A B0NAS,4,3,4,4,4
gemma2:9b,data_pmus_yaounde,q2_5_2,Agent_185,0MPHINE,4,3,4,4,4
gemma2:9b,data_pmus_yaounde,q2_6_1,Agent_185,ABATTOIR,4,3,4,4,4
gemma2:9b,data_pmus_yaounde,q2_6_2,Agent_185,11EME ARRET,4,3,4,4,4
gemma2:9b,data_pmus_yaounde,q3_1,Agent_185,NON,5,4,5,4,4
gemma2:9b,data_pmus_yaounde,q3_2,Agent_185,PAR BUS STACY,4,3,4,4,4
gemma2:9b,data_pmus_yaounde,q3_3_1,Agent_185,SANTA BARBARA,4,3,4,4,4
gemma2:9b,data_pmus_yaounde,q3_3_2,Agent_185,ENTREE 8EME,4,3,4,4,4
gemma2:9b,data_pmus_yaounde,q4_1_a,Agent_185,Veuillez indiquer depuis combien de temps vous attendez.,5,5,5,5,5
gemma2:9b,data_pmus_yaounde,q4_1_b,Agent_185,MOINS DE 5 MIN,4,3,4,4,4
gemma2:9b,data_pmus_yaounde,q4_2_a,Agent_185,Veuillez indiquer depuis combien de temps vous attendez.,5,5,5,5,5
gemma2:9b,data_pmus_yaounde,q4_2_b,Agent_185,30 60 MIN,4,3,4,4,4
gemma2:9b,data_pmus_yaounde,q4_3,Agent_185,850,4,3,4,4,4
gemma2:9b,data_pmus_yaounde,q4_4,Agent_185,VISITE FAMILLE,4,3,4,4,4
gemma2:9b,data_pmus_yaounde,q4_4_autres,Agent_185,ACHAT,4,3,4,4,4
gemma2:9b,data_pmus_yaounde,q5_1,Agent_185,MOINS DE 18 ANS,4,3,4,4,4
gemma2:9b,data_pmus_yaounde,q5_2,Agent_185,MOINS DE 30 000,4,3,4,4,4
gemma2:9b,data_pmus_yaounde,q5_3,Agent_185,HOMME,4,3,4,4,4
gemma2:9b,data_pmus_yaounde,centre ville,Agent_186,YAOUNDE,4,3,4,4,4
gemma2:9b,data_pmus_yaounde,q1_1,Agent_186,UN QUARTIER DE LA VILLE DE YAOUNDE,4,3,4,4,4
gemma2:9b,data_pmus_yaounde,q1_1_a,Agent_186,ESSOMBA,4,3,4,4,4
gemma2:9b,data_pmus_yaounde,q1_1_b,Agent_186,10EME ARRET,4,3,4,4,4
gemma2:9b,data_pmus_yaounde,q1_1_c,Agent_186,,2,1,2,1,3
gemma2:9b,data_pmus_yaounde,q1_2,Agent_186,UN QUARTIER DE LA VILLE DE YAOUNDE,4,3,4,4,4
gemma2:9b,data_pmus_yaounde,q1_2_a,Agent_186,NKOL FOULOU,4,3,4,4,4
gemma2:9b,data_pmus_yaounde,q1_2_b,Agent_186,10 IEME ARRET,4,3,4,4,4
gemma2:9b,data_pmus_yaounde,q1_3_c,Agent_186,NKOL FOULOU,4,3,4,4,4
gemma2:9b,data_pmus_yaounde,q2_1,Agent_186,A PIED,4,3,4,4,4
gemma2:9b,data_pmus_yaounde,q2_2_1,Agent_186,2 CHEVEAU,4,3,4,4,4
gemma2:9b,data_pmus_yaounde,q2_2_2,Agent_186,10 E ARRET,4,3,4,4,4
gemma2:9b,data_pmus_yaounde,q2_3_1,Agent_186,ESSOMBA,4,3,4,4,4
gemma2:9b,data_pmus_yaounde,q2_3_2,Agent_186,ESSOMBA,4,3,4,4,4
gemma2:9b,data_pmus_yaounde,q2_3,Agent_186,NON,5,4,5,4,4
gemma2:9b,data_pmus_yaounde,q2_4,Agent_186,PAR BUS STACY,4,3,4,4,4
gemma2:9b,data_pmus_yaounde,q2_5_1,Agent_186,ESSOMBA,4,3,4,4,4
gemma2:9b,data_pmus_yaounde,q2_5_2,Agent_186,ESSOMBA,4,3,4,4,4
gemma2:9b,data_pmus_yaounde,q2_6_1,Agent_186,ESSOMBA,4,3,4,4,4
gemma2:9b,data_pmus_yaounde,q2_6_2,Agent_186,11EME ARRET,4,3,4,4,4
gemma2:9b,data_pmus_yaounde,q3_1,Agent_186,NON,5,4,5,4,4
gemma2:9b,data_pmus_yaounde,q3_2,Agent_186,PAR BUS STACY,4,3,4,4,4
gemma2:9b,data_pmus_yaounde,q3_3_1,Agent_186,ESSOMBA,4,3,4,4,4
gemma2:9b,data_pmus_yaounde,q3_3_2,Agent_186,MONTEE ESSOMBA,4,3,4,4,4
gemma2:9b,data_pmus_yaounde,q4_1_a,Agent_186,Veuillez indiquer depuis combien de temps vous attendez.,5,5,5,5,5
gemma2:9b,data_pmus_yaounde,q4_1_b,Agent_186,MOINS DE 5 MIN,4,3,4,4,4
gemma2:9b,data_pmus_yaounde,q4_2_a,Agent_186,Veuillez indiquer depuis combien de temps vous attendez.,5,5,5,5,5
gemma2:9b,data_pmus_yaounde,q4_2_b,Agent_186,30 60 MIN,4,3,4,4,4
gemma2:9b,data_pmus_yaounde,q4_3,Agent_186,550,4,3,4,4,4
gemma2:9b,data_pmus_yaounde,q4_4,Agent_186,TRAVAIL,4,3,4,4,4
gemma2:9b,data_pmus_yaounde,q4_4_autres,Agent_186,ACHAT,4,3,4,4,4
gemma2:9b,data_pmus_yaounde,q5_1,Agent_186,ENTRE 36 ET 45 ANS,4,3,4,4,4
gemma2:9b,data_pmus_yaounde,q5_2,Agent_186,ENTRE 30 001 ET 100 000,4,3,4,4,4
gemma2:9b,data_pmus_yaounde,q5_3,Agent_186,FEMME,4,3,4,4,4
gemma2:9b,data_pmus_yaounde,centre ville,Agent_187,YAOUNDE,4,3,4,4,4
gemma2:9b,data_pmus_yaounde,q1_1,Agent_187,UN QUARTIER DE LA VILLE DE YAOUNDE,4,3,4,4,4
gemma2:9b,data_pmus_yaounde,q1_1_a,Agent_187,ABIT,4,3,4,4,4
gemma2:9b,data_pmus_yaounde,q1_1_b,Agent_187,10EME ARRET,4,3,4,4,4
gemma2:9b,data_pmus_yaounde,q1_1_c,Agent_187,NKOA MBANG,4,3,4,4,4
gemma2:9b,data_pmus_yaounde,q1_2,Agent_187,UN QUARTIER DE LA VILLE DE YAOUNDE,4,3,4,4,4
gemma2:9b,data_pmus_yaounde,q1_2_a,Agent_187,NKOA MBANG,4,3,4,4,4
gemma2:9b,data_pmus_yaounde,q1_2_b,Agent_187,NKOA MBANG,4,3,4,4,4
gemma2:9b,data_pmus_yaounde,q1_3_c,Agent_187,NKOA MBANG,4,3,4,4,4
gemma2:9b,data_pmus_yaounde,q2_1,Agent_187,A PIED,4,3,4,4,4
gemma2:9b,data_pmus_yaounde,q2_2_1,Agent_187,2 CHEVEAU,4,3,4,4,4
gemma2:9b,data_pmus_yaounde,q2_2_2,Agent_187,NKOA MBANG,4,3,4,4,4
gemma2:9b,data_pmus_yaounde,q2_3_1,Agent_187,NKOA MBANG,4,3,4,4,4
gemma2:9b,data_pmus_yaounde,q2_3_2,Agent_187,NKOA MBANG,4,3,4,4,4
gemma2:9b,data_pmus_yaounde,q2_3,Agent_187,NON,5,4,5,4,4
gemma2:9b,data_pmus_yaounde,q2_4,Agent_187,A PIED,4,3,4,4,4
gemma2:9b,data_pmus_yaounde,q2_5_1,Agent_187,NKOA MBANG,4,3,4,4,4
gemma2:9b,data_pmus_yaounde,q2_5_2,Agent_187,0MPHINE,4,3,4,4,4
gemma2:9b,data_pmus_yaounde,q2_6_1,Agent_187,NKOA MBANG,4,3,4,4,4
gemma2:9b,data_pmus_yaounde,q2_6_2,Agent_187,11EME ARRET,4,3,4,4,4
gemma2:9b,data_pmus_yaounde,q3_1,Agent_187,NON,5,4,5,4,4
gemma2:9b,data_pmus_yaounde,q3_2,Agent_187,PAR BUS STACY,4,3,4,4,4
gemma2:9b,data_pmus_yaounde,q3_3_1,Agent_187,ACACIA,4,3,4,4,4
gemma2:9b,data_pmus_yaounde,q3_3_2,Agent_187,ACACIA,4,3,4,4,4
gemma2:9b,data_pmus_yaounde,q4_1_a,Agent_187,Veuillez indiquer depuis combien de temps vous attendez.,5,5,5,5,5
gemma2:9b,data_pmus_yaounde,q4_1_b,Agent_187,MOINS DE 5 MIN,4,3,4,4,4
gemma2:9b,data_pmus_yaounde,q4_2_a,Agent_187,Veuillez indiquer depuis combien de temps vous attendez.,5,5,5,5,5
gemma2:9b,data_pmus_yaounde,q4_2_b,Agent_187,30 60 MIN,4,3,4,4,4
gemma2:9b,data_pmus_yaounde,q4_3,Agent_187,2250,4,3,4,4,4
gemma2:9b,data_pmus_yaounde,q4_4,Agent_187,D MARCHES ADMINISTRATIVES ET OU SANT,4,3,4,4,4
gemma2:9b,data_pmus_yaounde,q4_4_autres,Agent_187,FAIRE DU MARCHE,4,3,4,4,4
gemma2:9b,data_pmus_yaounde,q5_1,Agent_187,ENTRE 36 ET 45 ANS,4,3,4,4,4
gemma2:9b,data_pmus_yaounde,q5_2,Agent_187,ENTRE 30 001 ET 100 000,4,3,4,4,4
gemma2:9b,data_pmus_yaounde,q5_3,Agent_187,FEMME,4,3,4,4,4
gemma2:9b,data_pmus_yaounde,centre ville,Agent_188,YAOUNDE,4,3,4,4,4
gemma2:9b,data_pmus_yaounde,q1_1,Agent_188,UN QUARTIER DE LA VILLE DE YAOUNDE,4,3,4,4,4
gemma2:9b,data_pmus_yaounde,q1_1_a,Agent_188,ABIT,4,3,4,4,4
gemma2:9b,data_pmus_yaounde,q1_1_b,Agent_188,CITE SIC MESSA,4,3,4,4,4
gemma2:9b,data_pmus_yaounde,q1_1_c,Agent_188,,2,1,2,1,3
gemma2:9b,data_pmus_yaounde,q1_2,Agent_188,UN QUARTIER DE LA VILLE DE YAOUNDE,4,3,4,4,4
gemma2:9b,data_pmus_yaounde,q1_2_a,Agent_188,ABOM,4,3,4,4,4
gemma2:9b,data_pmus_yaounde,q1_2_b,Agent_188,10 IEME ARRET,4,3,4,4,4
gemma2:9b,data_pmus_yaounde,q1_3_c,Agent_188,,2,1,2,1,3
gemma2:9b,data_pmus_yaounde,q2_1,Agent_188,A PIED,4,3,4,4,4
gemma2:9b,data_pmus_yaounde,q2_2_1,Agent_188,DEVANT MAHIMA,4,3,4,4,4
gemma2:9b,data_pmus_yaounde,q2_2_2,Agent_188,,2,1,2,1,3
gemma2:9b,data_pmus_yaounde,q2_3_1,Agent_188,,2,1,2,1,3
gemma2:9b,data_pmus_yaounde,q2_3_2,Agent_188,,2,1,2,1,3
gemma2:9b,data_pmus_yaounde,q2_3,Agent_188,NON,5,4,5,4,4
gemma2:9b,data_pmus_yaounde,q2_4,Agent_188,A PIED,4,3,4,4,4
gemma2:9b,data_pmus_yaounde,q2_5_1,Agent_188,,2,1,2,1,3
gemma2:9b,data_pmus_yaounde,q2_5_2,Agent_188,,2,1,2,1,3
gemma2:9b,data_pmus_yaounde,q2_6_1,Agent_188,,2,1,2,1,3
gemma2:9b,data_pmus_yaounde,q2_6_2,Agent_188,,2,1,2,1,3
gemma2:9b,data_pmus_yaounde,q3_1,Agent_188,NON,5,4,5,4,4
gemma2:9b,data_pmus_yaounde,q3_2,Agent_188,A PIED,4,3,4,4,4
gemma2:9b,data_pmus_yaounde,q3_3_1,Agent_188,,2,1,2,1,3
gemma2:9b,data_pmus_yaounde,q3_3_2,Agent_188,,2,1,2,1,3
gemma2:9b,data_pmus_yaounde,q4_1_a,Agent_188,Veuillez indiquer depuis combien de temps vous attendez.,5,5,5,5,5
gemma2:9b,data_pmus_yaounde,q4_1_b,Agent_188,MOINS DE 5 MIN,4,3,4,4,4
gemma2:9b,data_pmus_yaounde,q4_2_a,Agent_188,Veuillez indiquer depuis combien de temps vous attendez.,5,5,5,5,5
gemma2:9b,data_pmus_yaounde,q4_2_b,Agent_188,30 60 MIN,4,3,4,4,4
gemma2:9b,data_pmus_yaounde,q4_3,Agent_188,650,4,3,4,4,4
gemma2:9b,data_pmus_yaounde,q4_4,Agent_188,TRAVAIL,4,3,4,4,4
gemma2:9b,data_pmus_yaounde,q4_4_autres,Agent_188,ACHAT,4,3,4,4,4
gemma2:9b,data_pmus_yaounde,q5_1,Agent_188,ENTRE 26 ET 35 ANS,4,3,4,4,4
gemma2:9b,data_pmus_yaounde,q5_2,Agent_188,ENTRE 30 001 ET 100 000,4,3,4,4,4
gemma2:9b,data_pmus_yaounde,q5_3,Agent_188,FEMME,4,3,4,4,4
gemma2:9b,data_pmus_yaounde,centre ville,Agent_189,YAOUNDE,4,3,4,4,4
gemma2:9b,data_pmus_yaounde,q1_1,Agent_189,UN QUARTIER DE LA VILLE DE YAOUNDE,4,3,4,4,4
gemma2:9b,data_pmus_yaounde,q1_1_a,Agent_189,ABIT,4,3,4,4,4
gemma2:9b,data_pmus_yaounde,q1_1_b,Agent_189,10EME ARRET,4,3,4,4,4
gemma2:9b,data_pmus_yaounde,q1_1_c,Agent_189,,2,1,2,1,3
gemma2:9b,data_pmus_yaounde,q1_2,Agent_189,UN QUARTIER DE LA VILLE DE YAOUNDE,4,3,4,4,4
gemma2:9b,data_pmus_yaounde,q1_2_a,Agent_189,MARCHE MFOUNDI,4,3,4,4,4
gemma2:9b,data_pmus_yaounde,q1_2_b,Agent_189,10 IEME ARRET,4,3,4,4,4
gemma2:9b,data_pmus_yaounde,q1_3_c,Agent_189,,2,1,2,1,3
gemma2:9b,data_pmus_yaounde,q2_1,Agent_189,A PIED,4,3,4,4,4
gemma2:9b,data_pmus_yaounde,q2_2_1,Agent_189,2 CHEVEAU,4,3,4,4,4
gemma2:9b,data_pmus_yaounde,q2_2_2,Agent_189,10 E ARRET,4,3,4,4,4
gemma2:9b,data_pmus_yaounde,q2_3_1,Agent_189,,2,1,2,1,3
gemma2:9b,data_pmus_yaounde,q2_3_2,Agent_189,,2,1,2,1,3
gemma2:9b,data_pmus_yaounde,q2_3,Agent_189,NON,5,4,5,4,4
gemma2:9b,data_pmus_yaounde,q2_4,Agent_189,PAR BUS STACY,4,3,4,4,4
gemma2:9b,data_pmus_yaounde,q2_5_1,Agent_189,,2,1,2,1,3
gemma2:9b,data_pmus_yaounde,q2_5_2,Agent_189,,2,1,2,1,3
gemma2:9b,data_pmus_yaounde,q2_6_1,Agent_189,MARCHE MFOUNDI,4,3,4,4,4
gemma2:9b,data_pmus_yaounde,q2_6_2,Agent_189,11EME ARRET,4,3,4,4,4
gemma2:9b,data_pmus_yaounde,q3_1,Agent_189,NON,5,4,5,4,4
gemma2:9b,data_pmus_yaounde,q3_2,Agent_189,PAR BUS STACY,4,3,4,4,4
gemma2:9b,data_pmus_yaounde,q3_3_1,Agent_189,,2,1,2,1,3
gemma2:9b,data_pmus_yaounde,q3_3_2,Agent_189,VERS NKOLONDOM,4,3,4,4,4
gemma2:9b,data_pmus_yaounde,q4_1_a,Agent_189,Veuillez indiquer depuis combien de temps vous attendez.,5,5,5,5,5
gemma2:9b,data_pmus_yaounde,q4_1_b,Agent_189,MOINS DE 5 MIN,4,3,4,4,4
gemma2:9b,data_pmus_yaounde,q4_2_a,Agent_189,Veuillez indiquer depuis combien de temps vous attendez.,5,5,5,5,5
gemma2:9b,data_pmus_yaounde,q4_2_b,Agent_189,30 60 MIN,4,3,4,4,4
gemma2:9b,data_pmus_yaounde,q4_3,Agent_189,2000,4,3,4,4,4
gemma2:9b,data_pmus_yaounde,q4_4,Agent_189,TRAVAIL,4,3,4,4,4
gemma2:9b,data_pmus_yaounde,q4_4_autres,Agent_189,ACHAT,4,3,4,4,4
gemma2:9b,data_pmus_yaounde,q5_1,Agent_189,ENTRE 18 ET 25 ANS,4,3,4,4,4
gemma2:9b,data_pmus_yaounde,q5_2,Agent_189,ENTRE 30 001 ET 100 000,4,3,4,4,4
gemma2:9b,data_pmus_yaounde,q5_3,Agent_189,FEMME,4,3,4,4,4
gemma2:9b,data_pmus_yaounde,centre ville,Agent_190,YAOUNDE,4,3,4,4,4
gemma2:9b,data_pmus_yaounde,q1_1,Agent_190,UN QUARTIER DE LA VILLE DE YAOUNDE,4,3,4,4,4
gemma2:9b,data_pmus_yaounde,q1_1_a,Agent_190,ABIT,4,3,4,4,4
gemma2:9b,data_pmus_yaounde,q1_1_b,Agent_190,ANCIENPAYAGE,4,3,4,4,4
gemma2:9b,data_pmus_yaounde,q1_1_c,Agent_190,,2,1,2,1,3
gemma2:9b,data_pmus_yaounde,q1_2,Agent_190,UN QUARTIER DE LA VILLE DE YAOUNDE,4,3,4,4,4
gemma2:9b,data_pmus_yaounde,q1_2_a,Agent_190,NKOMO,4,3,4,4,4
gemma2:9b,data_pmus_yaounde,q1_2_b,Agent_190,10 IEME ARRET,4,3,4,4,4
gemma2:9b,data_pmus_yaounde,q1_3_c,Agent_190,,2,1,2,1,3
gemma2:9b,data_pmus_yaounde,q2_1,Agent_190,A PIED,4,3,4,4,4
gemma2:9b,data_pmus_yaounde,q2_2_1,Agent_190,DISPENSAIRE,4,3,4,4,4
gemma2:9b,data_pmus_yaounde,q2_2_2,Agent_190,DISPENSAIRE,4,3,4,4,4
gemma2:9b,data_pmus_yaounde,q2_3_1,Agent_190,DISPENSAIRE,4,3,4,4,4
gemma2:9b,data_pmus_yaounde,q2_3_2,Agent_190,DISPENSAIRE,4,3,4,4,4
gemma2:9b,data_pmus_yaounde,q2_3,Agent_190,NON,5,4,5,4,4
gemma2:9b,data_pmus_yaounde,q2_4,Agent_190,A PIED,4,3,4,4,4
gemma2:9b,data_pmus_yaounde,q2_5_1,Agent_190,A B0NAS,4,3,4,4,4
gemma2:9b,data_pmus_yaounde,q2_5_2,Agent_190,0MPHINE,4,3,4,4,4
gemma2:9b,data_pmus_yaounde,q2_6_1,Agent_190,ABATTOIR,4,3,4,4,4
gemma2:9b,data_pmus_yaounde,q2_6_2,Agent_190,11EME ARRET,4,3,4,4,4
gemma2:9b,data_pmus_yaounde,q3_1,Agent_190,NON,5,4,5,4,4
gemma2:9b,data_pmus_yaounde,q3_2,Agent_190,A PIED,4,3,4,4,4
gemma2:9b,data_pmus_yaounde,q3_3_1,Agent_190,NKOZOA,4,3,4,4,4
gemma2:9b,data_pmus_yaounde,q3_3_2,Agent_190,10 IEME ARRET,4,3,4,4,4
gemma2:9b,data_pmus_yaounde,q4_1_a,Agent_190,Veuillez indiquer depuis combien de temps vous attendez.,5,5,5,5,5
gemma2:9b,data_pmus_yaounde,q4_1_b,Agent_190,MOINS DE 5 MIN,4,3,4,4,4
gemma2:9b,data_pmus_yaounde,q4_2_a,Agent_190,Veuillez indiquer depuis combien de temps vous attendez.,5,5,5,5,5
gemma2:9b,data_pmus_yaounde,q4_2_b,Agent_190,30 60 MIN,4,3,4,4,4
gemma2:9b,data_pmus_yaounde,q4_3,Agent_190,1010,4,3,4,4,4
gemma2:9b,data_pmus_yaounde,q4_4,Agent_190,TRAVAIL,4,3,4,4,4
gemma2:9b,data_pmus_yaounde,q4_4_autres,Agent_190,ACHAT,4,3,4,4,4
gemma2:9b,data_pmus_yaounde,q5_1,Agent_190,ENTRE 36 ET 45 ANS,4,3,4,4,4
gemma2:9b,data_pmus_yaounde,q5_2,Agent_190,ENTRE 30 001 ET 100 000,4,3,4,4,4
gemma2:9b,data_pmus_yaounde,q5_3,Agent_190,FEMME,4,3,4,4,4
gemma2:9b,data_pmus_yaounde,centre ville,Agent_191,YAOUNDE,4,3,4,4,4
gemma2:9b,data_pmus_yaounde,q1_1,Agent_191,UN QUARTIER DE LA VILLE DE YAOUNDE,4,3,4,4,4
gemma2:9b,data_pmus_yaounde,q1_1_a,Agent_191,JOUVENCE,4,3,4,4,4
gemma2:9b,data_pmus_yaounde,q1_1_b,Agent_191,10EME ARRET,4,3,4,4,4
gemma2:9b,data_pmus_yaounde,q1_1_c,Agent_191,NKOASSI,4,3,4,4,4
gemma2:9b,data_pmus_yaounde,q1_2,Agent_191,UN QUARTIER DE LA VILLE DE YAOUNDE,4,3,4,4,4
gemma2:9b,data_pmus_yaounde,q1_2_a,Agent_191,JOUVENCE,4,3,4,4,4
gemma2:9b,data_pmus_yaounde,q1_2_b,Agent_191,10 IEME ARRET,4,3,4,4,4
gemma2:9b,data_pmus_yaounde,q1_3_c,Agent_191,AFANOYA,4,3,4,4,4
gemma2:9b,data_pmus_yaounde,q2_1,Agent_191,A PIED,4,3,4,4,4
gemma2:9b,data_pmus_yaounde,q2_2_1,Agent_191,2 CHEVEAU,4,3,4,4,4
gemma2:9b,data_pmus_yaounde,q2_2_2,Agent_191,,2,1,2,1,3
gemma2:9b,data_pmus_yaounde,q2_3_1,Agent_191,,2,1,2,1,3
gemma2:9b,data_pmus_yaounde,q2_3_2,Agent_191,,2,1,2,1,3
gemma2:9b,data_pmus_yaounde,q2_3,Agent_191,NON,5,4,5,4,4
gemma2:9b,data_pmus_yaounde,q2_4,Agent_191,A PIED,4,3,4,4,4
gemma2:9b,data_pmus_yaounde,q2_5_1,Agent_191,,2,1,2,1,3
gemma2:9b,data_pmus_yaounde,q2_5_2,Agent_191,,2,1,2,1,3
gemma2:9b,data_pmus_yaounde,q2_6_1,Agent_191,,2,1,2,1,3
gemma2:9b,data_pmus_yaounde,q2_6_2,Agent_191,,2,1,2,1,3
gemma2:9b,data_pmus_yaounde,q3_1,Agent_191,NON,5,4,5,4,4
gemma2:9b,data_pmus_yaounde,q3_2,Agent_191,A PIED,4,3,4,4,4
gemma2:9b,data_pmus_yaounde,q3_3_1,Agent_191,,2,1,2,1,3
gemma2:9b,data_pmus_yaounde,q3_3_2,Agent_191,,2,1,2,1,3
gemma2:9b,data_pmus_yaounde,q4_1_a,Agent_191,Veuillez indiquer depuis combien de temps vous attendez.,5,5,5,5,5
gemma2:9b,data_pmus_yaounde,q4_1_b,Agent_191,MOINS DE 5 MIN,4,3,4,4,4
gemma2:9b,data_pmus_yaounde,q4_2_a,Agent_191,Veuillez indiquer depuis combien de temps vous attendez.,5,5,5,5,5
gemma2:9b,data_pmus_yaounde,q4_2_b,Agent_191,30 60 MIN,4,3,4,4,4
gemma2:9b,data_pmus_yaounde,q4_3,Agent_191,1750,4,3,4,4,4
gemma2:9b,data_pmus_yaounde,q4_4,Agent_191,ACTIVIT S DE LOISIRS,4,3,4,4,4
gemma2:9b,data_pmus_yaounde,q4_4_autres,Agent_191,ACHAT,4,3,4,4,4
gemma2:9b,data_pmus_yaounde,q5_1,Agent_191,ENTRE 18 ET 25 ANS,4,3,4,4,4
gemma2:9b,data_pmus_yaounde,q5_2,Agent_191,ENTRE 30 001 ET 100 000,4,3,4,4,4
gemma2:9b,data_pmus_yaounde,q5_3,Agent_191,FEMME,4,3,4,4,4
gemma2:9b,data_pmus_yaounde,centre ville,Agent_192,YAOUNDE,4,3,4,4,4
gemma2:9b,data_pmus_yaounde,q1_1,Agent_192,UN QUARTIER DE LA VILLE DE YAOUNDE,4,3,4,4,4
gemma2:9b,data_pmus_yaounde,q1_1_a,Agent_192,ABIT,4,3,4,4,4
gemma2:9b,data_pmus_yaounde,q1_1_b,Agent_192,ELOUMDEM,4,3,4,4,4
gemma2:9b,data_pmus_yaounde,q1_1_c,Agent_192,AFANOYA,4,3,4,4,4
gemma2:9b,data_pmus_yaounde,q1_2,Agent_192,UN QUARTIER DE LA VILLE DE YAOUNDE,4,3,4,4,4
gemma2:9b,data_pmus_yaounde,q1_2_a,Agent_192,MBANKOMO,4,3,4,4,4
gemma2:9b,data_pmus_yaounde,q1_2_b,Agent_192,MVOG MBI,4,3,4,4,4
gemma2:9b,data_pmus_yaounde,q1_3_c,Agent_192,,2,1,2,1,3
gemma2:9b,data_pmus_yaounde,q2_1,Agent_192,A PIED,4,3,4,4,4
gemma2:9b,data_pmus_yaounde,q2_2_1,Agent_192,2 CHEVEAU,4,3,4,4,4
gemma2:9b,data_pmus_yaounde,q2_2_2,Agent_192,A PIED,4,3,4,4,4
gemma2:9b,data_pmus_yaounde,q2_3_1,Agent_192,,2,1,2,1,3
gemma2:9b,data_pmus_yaounde,q2_3_2,Agent_192,AUCUN,4,3,4,4,4
gemma2:9b,data_pmus_yaounde,q2_3,Agent_192,NON,5,4,5,4,4
gemma2:9b,data_pmus_yaounde,q2_4,Agent_192,A PIED,4,3,4,4,4
gemma2:9b,data_pmus_yaounde,q2_5_1,Agent_192,,2,1,2,1,3
gemma2:9b,data_pmus_yaounde,q2_5_2,Agent_192,,2,1,2,1,3
gemma2:9b,data_pmus_yaounde,q2_6_1,Agent_192,ABATTOIR,4,3,4,4,4
gemma2:9b,data_pmus_yaounde,q2_6_2,Agent_192,11EME ARRET,4,3,4,4,4
gemma2:9b,data_pmus_yaounde,q3_1,Agent_192,NON,5,4,5,4,4
gemma2:9b,data_pmus_yaounde,q3_2,Agent_192,A PIED,4,3,4,4,4
gemma2:9b,data_pmus_yaounde,q3_3_1,Agent_192,,2,1,2,1,3
gemma2:9b,data_pmus_yaounde,q3_3_2,Agent_192,,2,1,2,1,3
gemma2:9b,data_pmus_yaounde,q4_1_a,Agent_192,Veuillez indiquer depuis combien de temps vous attendez.,5,5,5,5,5
gemma2:9b,data_pmus_yaounde,q4_1_b,Agent_192,MOINS DE 5 MIN,4,3,4,4,4
gemma2:9b,data_pmus_yaounde,q4_2_a,Agent_192,Veuillez indiquer depuis combien de temps vous attendez.,5,5,5,5,5
gemma2:9b,data_pmus_yaounde,q4_2_b,Agent_192,30 60 MIN,4,3,4,4,4
gemma2:9b,data_pmus_yaounde,q4_3,Agent_192,380,4,3,4,4,4
gemma2:9b,data_pmus_yaounde,q4_4,Agent_192,COURSES,4,3,4,4,4
gemma2:9b,data_pmus_yaounde,q4_4_autres,Agent_192,FAIRE DU MARCHE,4,3,4,4,4
gemma2:9b,data_pmus_yaounde,q5_1,Agent_192,ENTRE 18 ET 25 ANS,4,3,4,4,4
gemma2:9b,data_pmus_yaounde,q5_2,Agent_192,ENTRE 30 001 ET 100 000,4,3,4,4,4
gemma2:9b,data_pmus_yaounde,q5_3,Agent_192,FEMME,4,3,4,4,4
gemma2:9b,data_pmus_yaounde,centre ville,Agent_193,YAOUNDE,4,3,4,4,4
gemma2:9b,data_pmus_yaounde,q1_1,Agent_193,UN QUARTIER DE LA VILLE DE YAOUNDE,4,3,4,4,4
gemma2:9b,data_pmus_yaounde,q1_1_a,Agent_193,ABIT,4,3,4,4,4
gemma2:9b,data_pmus_yaounde,q1_1_b,Agent_193,ENTRE CITE DE LA PAIX,4,3,4,4,4
gemma2:9b,data_pmus_yaounde,q1_1_c,Agent_193,AFANOYA,4,3,4,4,4
gemma2:9b,data_pmus_yaounde,q1_2,Agent_193,UN QUARTIER DE LA VILLE DE YAOUNDE,4,3,4,4,4
gemma2:9b,data_pmus_yaounde,q1_2_a,Agent_193,MVOGT,4,3,4,4,4
gemma2:9b,data_pmus_yaounde,q1_2_b,Agent_193,10 IEME ARRET,4,3,4,4,4
gemma2:9b,data_pmus_yaounde,q1_3_c,Agent_193,AFANOYA,4,3,4,4,4
gemma2:9b,data_pmus_yaounde,q2_1,Agent_193,A PIED,4,3,4,4,4
gemma2:9b,data_pmus_yaounde,q2_2_1,Agent_193,2 CHEVEAU,4,3,4,4,4
gemma2:9b,data_pmus_yaounde,q2_2_2,Agent_193,10 E ARRET,4,3,4,4,4
gemma2:9b,data_pmus_yaounde,q2_3_1,Agent_193,0LESOA,4,3,4,4,4
gemma2:9b,data_pmus_yaounde,q2_3_2,Agent_193,AUCUN,4,3,4,4,4
gemma2:9b,data_pmus_yaounde,q2_3,Agent_193,NON,5,4,5,4,4
gemma2:9b,data_pmus_yaounde,q2_4,Agent_193,A PIED,4,3,4,4,4
gemma2:9b,data_pmus_yaounde,q2_5_1,Agent_193,A B0NAS,4,3,4,4,4
gemma2:9b,data_pmus_yaounde,q2_5_2,Agent_193,0MPHINE,4,3,4,4,4
gemma2:9b,data_pmus_yaounde,q2_6_1,Agent_193,ABATTOIR,4,3,4,4,4
gemma2:9b,data_pmus_yaounde,q2_6_2,Agent_193,11EME ARRET,4,3,4,4,4
gemma2:9b,data_pmus_yaounde,q3_1,Agent_193,NON,5,4,5,4,4
gemma2:9b,data_pmus_yaounde,q3_2,Agent_193,A PIED,4,3,4,4,4
gemma2:9b,data_pmus_yaounde,q3_3_1,Agent_193,NKO NDONGO,4,3,4,4,4
gemma2:9b,data_pmus_yaounde,q3_3_2,Agent_193,10 IEME ARRET,4,3,4,4,4
gemma2:9b,data_pmus_yaounde,q4_1_a,Agent_193,Veuillez indiquer depuis combien de temps vous attendez.,5,5,5,5,5
gemma2:9b,data_pmus_yaounde,q4_1_b,Agent_193,MOINS DE 5 MIN,4,3,4,4,4
gemma2:9b,data_pmus_yaounde,q4_2_a,Agent_193,Veuillez indiquer depuis combien de temps vous attendez.,5,5,5,5,5
gemma2:9b,data_pmus_yaounde,q4_2_b,Agent_193,30 60 MIN,4,3,4,4,4
gemma2:9b,data_pmus_yaounde,q4_3,Agent_193,200,4,3,4,4,4
gemma2:9b,data_pmus_yaounde,q4_4,Agent_193,SPORTIVES,4,3,4,4,4
gemma2:9b,data_pmus_yaounde,q4_4_autres,Agent_193,SPORT ET VISITE AMICALE,4,3,4,4,4
gemma2:9b,data_pmus_yaounde,q5_1,Agent_193,ENTRE 18 ET 25 ANS,4,3,4,4,4
gemma2:9b,data_pmus_yaounde,q5_2,Agent_193,ENTRE 30 001 ET 100 000,4,3,4,4,4
gemma2:9b,data_pmus_yaounde,q5_3,Agent_193,HOMME,4,3,4,4,4
gemma2:9b,data_pmus_yaounde,centre ville,Agent_194,YAOUNDE,4,3,4,4,4
gemma2:9b,data_pmus_yaounde,q1_1,Agent_194,UN QUARTIER DE LA VILLE DE YAOUNDE,4,3,4,4,4
gemma2:9b,data_pmus_yaounde,q1_1_a,Agent_194,ABIT,4,3,4,4,4
gemma2:9b,data_pmus_yaounde,q1_1_b,Agent_194,APRES ESCAL,4,3,4,4,4
gemma2:9b,data_pmus_yaounde,q1_1_c,Agent_194,AFANOYA,4,3,4,4,4
gemma2:9b,data_pmus_yaounde,q1_2,Agent_194,UN QUARTIER DE LA VILLE DE YAOUNDE,4,3,4,4,4
gemma2:9b,data_pmus_yaounde,q1_2_a,Agent_194,NKONDENGUI,4,3,4,4,4
gemma2:9b,data_pmus_yaounde,q1_2_b,Agent_194,10 IEME ARRET,4,3,4,4,4
gemma2:9b,data_pmus_yaounde,q1_3_c,Agent_194,NKOZOA,4,3,4,4,4
gemma2:9b,data_pmus_yaounde,q2_1,Agent_194,A PIED,4,3,4,4,4
gemma2:9b,data_pmus_yaounde,q2_2_1,Agent_194,2 CHEVEAU,4,3,4,4,4
gemma2:9b,data_pmus_yaounde,q2_2_2,Agent_194,A PIED,4,3,4,4,4
gemma2:9b,data_pmus_yaounde,q2_3_1,Agent_194,,2,1,2,1,3
gemma2:9b,data_pmus_yaounde,q2_3_2,Agent_194,,2,1,2,1,3
gemma2:9b,data_pmus_yaounde,q2_3,Agent_194,NON,5,4,5,4,4
gemma2:9b,data_pmus_yaounde,q2_4,Agent_194,A PIED,4,3,4,4,4
gemma2:9b,data_pmus_yaounde,q2_5_1,Agent_194,,2,1,2,1,3
gemma2:9b,data_pmus_yaounde,q2_5_2,Agent_194,,2,1,2,1,3
gemma2:9b,data_pmus_yaounde,q2_6_1,Agent_194,,2,1,2,1,3
gemma2:9b,data_pmus_yaounde,q2_6_2,Agent_194,,2,1,2,1,3
gemma2:9b,data_pmus_yaounde,q3_1,Agent_194,NON,5,4,5,4,4
gemma2:9b,data_pmus_yaounde,q3_2,Agent_194,A PIED,4,3,4,4,4
gemma2:9b,data_pmus_yaounde,q3_3_1,Agent_194,,2,1,2,1,3
gemma2:9b,data_pmus_yaounde,q3_3_2,Agent_194,,2,1,2,1,3
gemma2:9b,data_pmus_yaounde,q4_1_a,Agent_194,Veuillez indiquer depuis combien de temps vous attendez.,5,5,5,5,5
gemma2:9b,data_pmus_yaounde,q4_1_b,Agent_194,MOINS DE 5 MIN,4,3,4,4,4
gemma2:9b,data_pmus_yaounde,q4_2_a,Agent_194,Veuillez indiquer depuis combien de temps vous attendez.,5,5,5,5,5
gemma2:9b,data_pmus_yaounde,q4_2_b,Agent_194,15 30 MIN,4,3,4,4,4
gemma2:9b,data_pmus_yaounde,q4_3,Agent_194,700,4,3,4,4,4
gemma2:9b,data_pmus_yaounde,q4_4,Agent_194,TRAVAIL,4,3,4,4,4
gemma2:9b,data_pmus_yaounde,q4_4_autres,Agent_194,ACHAT,4,3,4,4,4
gemma2:9b,data_pmus_yaounde,q5_1,Agent_194,ENTRE 26 ET 35 ANS,4,3,4,4,4
gemma2:9b,data_pmus_yaounde,q5_2,Agent_194,ENTRE 300 001 ET 500 000,4,3,4,4,4
gemma2:9b,data_pmus_yaounde,q5_3,Agent_194,HOMME,4,3,4,4,4
gemma2:9b,data_pmus_yaounde,centre ville,Agent_195,YAOUNDE,4,3,4,4,4
gemma2:9b,data_pmus_yaounde,q1_1,Agent_195,UN QUARTIER DE LA VILLE DE YAOUNDE,4,3,4,4,4
gemma2:9b,data_pmus_yaounde,q1_1_a,Agent_195,MESSASSI,4,3,4,4,4
gemma2:9b,data_pmus_yaounde,q1_1_b,Agent_195,10EME ARRET,4,3,4,4,4
gemma2:9b,data_pmus_yaounde,q1_1_c,Agent_195,NGAOUNDERE,4,3,4,4,4
gemma2:9b,data_pmus_yaounde,q1_2,Agent_195,UN QUARTIER DE LA VILLE DE YAOUNDE,4,3,4,4,4
gemma2:9b,data_pmus_yaounde,q1_2_a,Agent_195,OBOBOGO,4,3,4,4,4
gemma2:9b,data_pmus_yaounde,q1_2_b,Agent_195,10 IEME ARRET,4,3,4,4,4
gemma2:9b,data_pmus_yaounde,q1_3_c,Agent_195,,2,1,2,1,3
gemma2:9b,data_pmus_yaounde,q2_1,Agent_195,PAR TAXI,4,3,4,4,4
gemma2:9b,data_pmus_yaounde,q2_2_1,Agent_195,2 CHEVEAU,4,3,4,4,4
gemma2:9b,data_pmus_yaounde,q2_2_2,Agent_195,10 E ARRET,4,3,4,4,4
gemma2:9b,data_pmus_yaounde,q2_3_1,Agent_195,0LESOA,4,3,4,4,4
gemma2:9b,data_pmus_yaounde,q2_3_2,Agent_195,ENTREEE,4,3,4,4,4
gemma2:9b,data_pmus_yaounde,q2_3,Agent_195,NON,5,4,5,4,4
gemma2:9b,data_pmus_yaounde,q2_4,Agent_195,PAR TAXI,4,3,4,4,4
gemma2:9b,data_pmus_yaounde,q2_5_1,Agent_195,OBOBOGO,4,3,4,4,4
gemma2:9b,data_pmus_yaounde,q2_5_2,Agent_195,0MPHINE,4,3,4,4,4
gemma2:9b,data_pmus_yaounde,q2_6_1,Agent_195,ABATTOIR,4,3,4,4,4
gemma2:9b,data_pmus_yaounde,q2_6_2,Agent_195,11EME ARRET,4,3,4,4,4
gemma2:9b,data_pmus_yaounde,q3_1,Agent_195,NON,5,4,5,4,4
gemma2:9b,data_pmus_yaounde,q3_2,Agent_195,PAR TAXI,4,3,4,4,4
gemma2:9b,data_pmus_yaounde,q3_3_1,Agent_195,OBOBOGO,4,3,4,4,4
gemma2:9b,data_pmus_yaounde,q3_3_2,Agent_195,OBOBOGO,4,3,4,4,4
gemma2:9b,data_pmus_yaounde,q4_1_a,Agent_195,Veuillez indiquer depuis combien de temps vous attendez.,5,5,5,5,5
gemma2:9b,data_pmus_yaounde,q4_1_b,Agent_195,MOINS DE 5 MIN,4,3,4,4,4
gemma2:9b,data_pmus_yaounde,q4_2_a,Agent_195,Veuillez indiquer depuis combien de temps vous attendez.,5,5,5,5,5
gemma2:9b,data_pmus_yaounde,q4_2_b,Agent_195,30 60 MIN,4,3,4,4,4
gemma2:9b,data_pmus_yaounde,q4_3,Agent_195,250,4,3,4,4,4
gemma2:9b,data_pmus_yaounde,q4_4,Agent_195,TRAVAIL,4,3,4,4,4
gemma2:9b,data_pmus_yaounde,q4_4_autres,Agent_195,ACHAT,4,3,4,4,4
gemma2:9b,data_pmus_yaounde,q5_1,Agent_195,ENTRE 26 ET 35 ANS,4,3,4,4,4
gemma2:9b,data_pmus_yaounde,q5_2,Agent_195,ENTRE 30 001 ET 100 000,4,3,4,4,4
gemma2:9b,data_pmus_yaounde,q5_3,Agent_195,FEMME,4,3,4,4,4
gemma2:9b,data_pmus_yaounde,centre ville,Agent_196,YAOUNDE,4,3,4,4,4
gemma2:9b,data_pmus_yaounde,q1_1,Agent_196,UN QUARTIER DE LA VILLE DE YAOUNDE,4,3,4,4,4
gemma2:9b,data_pmus_yaounde,q1_1_a,Agent_196,ABIT,4,3,4,4,4
gemma2:9b,data_pmus_yaounde,q1_1_b,Agent_196,CITY BILINGUAL,4,3,4,4,4
gemma2:9b,data_pmus_yaounde,q1_1_c,Agent_196,AFANOYA,4,3,4,4,4
gemma2:9b,data_pmus_yaounde,q1_2,Agent_196,UN QUARTIER DE LA VILLE DE YAOUNDE,4,3,4,4,4
gemma2:9b,data_pmus_yaounde,q1_2_a,Agent_196,ABOM,4,3,4,4,4
gemma2:9b,data_pmus_yaounde,q1_2_b,Agent_196,10 IEME ARRET,4,3,4,4,4
gemma2:9b,data_pmus_yaounde,q1_3_c,Agent_196,YAOUNDE,4,3,4,4,4
gemma2:9b,data_pmus_yaounde,q2_1,Agent_196,PAR BUS STACY,4,3,4,4,4
gemma2:9b,data_pmus_yaounde,q2_2_1,Agent_196,CARREFOUR MEEC,4,3,4,4,4
gemma2:9b,data_pmus_yaounde,q2_2_2,Agent_196,10 E ARRET,4,3,4,4,4
gemma2:9b,data_pmus_yaounde,q2_3_1,Agent_196,POSTECENTRAL,4,3,4,4,4
gemma2:9b,data_pmus_yaounde,q2_3_2,Agent_196,CARREFOUR,4,3,4,4,4
gemma2:9b,data_pmus_yaounde,q2_3,Agent_196,NON,5,4,5,4,4
gemma2:9b,data_pmus_yaounde,q2_4,Agent_196,PAR BUS STACY,4,3,4,4,4
gemma2:9b,data_pmus_yaounde,q2_5_1,Agent_196,A B0NAS,4,3,4,4,4
gemma2:9b,data_pmus_yaounde,q2_5_2,Agent_196,CARREFOUR,4,3,4,4,4
gemma2:9b,data_pmus_yaounde,q2_6_1,Agent_196,CARREFOUR,4,3,4,4,4
gemma2:9b,data_pmus_yaounde,q2_6_2,Agent_196,CARREFOUR,4,3,4,4,4
gemma2:9b,data_pmus_yaounde,q3_1,Agent_196,NON,5,4,5,4,4
gemma2:9b,data_pmus_yaounde,q3_2,Agent_196,PAR BUS STACY,4,3,4,4,4
gemma2:9b,data_pmus_yaounde,q3_3_1,Agent_196,ACACIA,4,3,4,4,4
gemma2:9b,data_pmus_yaounde,q3_3_2,Agent_196,CARREFOUR,4,3,4,4,4
gemma2:9b,data_pmus_yaounde,q4_1_a,Agent_196,Veuillez indiquer depuis combien de temps vous attendez.,5,5,5,5,5
gemma2:9b,data_pmus_yaounde,q4_1_b,Agent_196,MOINS DE 5 MIN,4,3,4,4,4
gemma2:9b,data_pmus_yaounde,q4_2_a,Agent_196,Veuillez indiquer depuis combien de temps vous attendez.,5,5,5,5,5
gemma2:9b,data_pmus_yaounde,q4_2_b,Agent_196,30 60 MIN,4,3,4,4,4
gemma2:9b,data_pmus_yaounde,q4_3,Agent_196,700,4,3,4,4,4
gemma2:9b,data_pmus_yaounde,q4_4,Agent_196,COURSES,4,3,4,4,4
gemma2:9b,data_pmus_yaounde,q4_4_autres,Agent_196,FAIRE DES ACHATS,4,3,4,4,4
gemma2:9b,data_pmus_yaounde,q5_1,Agent_196,ENTRE 18 ET 25 ANS,4,3,4,4,4
gemma2:9b,data_pmus_yaounde,q5_2,Agent_196,MOINS DE 30 000,4,3,4,4,4
gemma2:9b,data_pmus_yaounde,q5_3,Agent_196,FEMME,4,3,4,4,4
gemma2:9b,data_pmus_yaounde,centre ville,Agent_197,YAOUNDE,4,3,4,4,4
gemma2:9b,data_pmus_yaounde,q1_1,Agent_197,UN QUARTIER DE LA VILLE DE YAOUNDE,4,3,4,4,4
gemma2:9b,data_pmus_yaounde,q1_1_a,Agent_197,SANTA BARBARA,4,3,4,4,4
gemma2:9b,data_pmus_yaounde,q1_1_b,Agent_197,CARREFOUR,4,3,4,4,4
gemma2:9b,data_pmus_yaounde,q1_1_c,Agent_197,,2,1,2,1,3
gemma2:9b,data_pmus_yaounde,q1_2,Agent_197,UN QUARTIER DE LA VILLE DE YAOUNDE,4,3,4,4,4
gemma2:9b,data_pmus_yaounde,q1_2_a,Agent_197,SANTA BARBARA,4,3,4,4,4
gemma2:9b,data_pmus_yaounde,q1_2_b,Agent_197,CARREFOUR,4,3,4,4,4
gemma2:9b,data_pmus_yaounde,q1_3_c,Agent_197,,2,1,2,1,3
gemma2:9b,data_pmus_yaounde,q2_1,Agent_197,A PIED,4,3,4,4,4
gemma2:9b,data_pmus_yaounde,q2_2_1,Agent_197,2 CHEVEAU,4,3,4,4,4
gemma2:9b,data_pmus_yaounde,q2_2_2,Agent_197,CARREFOUR,4,3,4,4,4
gemma2:9b,data_pmus_yaounde,q2_3_1,Agent_197,CARREFOUR,4,3,4,4,4
gemma2:9b,data_pmus_yaounde,q2_3_2,Agent_197,CARREFOUR,4,3,4,4,4
gemma2:9b,data_pmus_yaounde,q2_3,Agent_197,NON,5,4,5,4,4
gemma2:9b,data_pmus_yaounde,q2_4,Agent_197,A PIED,4,3,4,4,4
gemma2:9b,data_pmus_yaounde,q2_5_1,Agent_197,A B0NAS,4,3,4,4,4
gemma2:9b,data_pmus_yaounde,q2_5_2,Agent_197,CARREFOUR,4,3,4,4,4
gemma2:9b,data_pmus_yaounde,q2_6_1,Agent_197,CARREFOUR,4,3,4,4,4
gemma2:9b,data_pmus_yaounde,q2_6_2,Agent_197,CARREFOUR,4,3,4,4,4
gemma2:9b,data_pmus_yaounde,q3_1,Agent_197,NON,5,4,5,4,4
gemma2:9b,data_pmus_yaounde,q3_2,Agent_197,A PIED,4,3,4,4,4
gemma2:9b,data_pmus_yaounde,q3_3_1,Agent_197,ACACIA,4,3,4,4,4
gemma2:9b,data_pmus_yaounde,q3_3_2,Agent_197,CARREFOUR,4,3,4,4,4
gemma2:9b,data_pmus_yaounde,q4_1_a,Agent_197,Veuillez indiquer depuis combien de temps vous attendez.,5,5,5,5,5
gemma2:9b,data_pmus_yaounde,q4_1_b,Agent_197,MOINS DE 5 MIN,4,3,4,4,4
gemma2:9b,data_pmus_yaounde,q4_2_a,Agent_197,Veuillez indiquer depuis combien de temps vous attendez.,5,5,5,5,5
gemma2:9b,data_pmus_yaounde,q4_2_b,Agent_197,30 60 MIN,4,3,4,4,4
gemma2:9b,data_pmus_yaounde,q4_3,Agent_197,2000,4,3,4,4,4
gemma2:9b,data_pmus_yaounde,q4_4,Agent_197,COURSES,4,3,4,4,4
gemma2:9b,data_pmus_yaounde,q4_4_autres,Agent_197,FAIRE DES ACHATS,4,3,4,4,4
gemma2:9b,data_pmus_yaounde,q5_1,Agent_197,ENTRE 18 ET 25 ANS,4,3,4,4,4
gemma2:9b,data_pmus_yaounde,q5_2,Agent_197,ENTRE 30 001 ET 100 000,4,3,4,4,4
gemma2:9b,data_pmus_yaounde,q5_3,Agent_197,FEMME,4,3,4,4,4
gemma2:9b,data_pmus_yaounde,centre ville,Agent_198,YAOUNDE,4,3,4,4,4
gemma2:9b,data_pmus_yaounde,q1_1,Agent_198,UN QUARTIER DE LA VILLE DE YAOUNDE,4,3,4,4,4
gemma2:9b,data_pmus_yaounde,q1_1_a,Agent_198,NKOL NDA,4,3,4,4,4
gemma2:9b,data_pmus_yaounde,q1_1_b,Agent_198,RO N D POINT,4,3,4,4,4
gemma2:9b,data_pmus_yaounde,q1_1_c,Agent_198,,2,1,2,1,3
gemma2:9b,data_pmus_yaounde,q1_2,Agent_198,UN QUARTIER DE LA VILLE DE YAOUNDE,4,3,4,4,4
gemma2:9b,data_pmus_yaounde,q1_2_a,Agent_198,NKOLMESSENG,4,3,4,4,4
gemma2:9b,data_pmus_yaounde,q1_2_b,Agent_198,10 IEME ARRET,4,3,4,4,4
gemma2:9b,data_pmus_yaounde,q1_3_c,Agent_198,YAOUNDE,4,3,4,4,4
gemma2:9b,data_pmus_yaounde,q2_1,Agent_198,A PIED,4,3,4,4,4
gemma2:9b,data_pmus_yaounde,q2_2_1,Agent_198,NKOL NDA,4,3,4,4,4
gemma2:9b,data_pmus_yaounde,q2_2_2,Agent_198,,2,1,2,1,3
gemma2:9b,data_pmus_yaounde,q2_3_1,Agent_198,,2,1,2,1,3
gemma2:9b,data_pmus_yaounde,q2_3_2,Agent_198,,2,1,2,1,3
gemma2:9b,data_pmus_yaounde,q2_3,Agent_198,NON,5,4,5,4,4
gemma2:9b,data_pmus_yaounde,q2_4,Agent_198,A PIED,4,3,4,4,4
gemma2:9b,data_pmus_yaounde,q2_5_1,Agent_198,,2,1,2,1,3
gemma2:9b,data_pmus_yaounde,q2_5_2,Agent_198,,2,1,2,1,3
gemma2:9b,data_pmus_yaounde,q2_6_1,Agent_198,,2,1,2,1,3
gemma2:9b,data_pmus_yaounde,q2_6_2,Agent_198,,2,1,2,1,3
gemma2:9b,data_pmus_yaounde,q3_1,Agent_198,NON,5,4,5,4,4
gemma2:9b,data_pmus_yaounde,q3_2,Agent_198,A PIED,4,3,4,4,4
gemma2:9b,data_pmus_yaounde,q3_3_1,Agent_198,,2,1,2,1,3
gemma2:9b,data_pmus_yaounde,q3_3_2,Agent_198,,2,1,2,1,3
gemma2:9b,data_pmus_yaounde,q4_1_a,Agent_198,Veuillez indiquer depuis combien de temps vous attendez.,5,5,5,5,5
gemma2:9b,data_pmus_yaounde,q4_1_b,Agent_198,MOINS DE 5 MIN,4,3,4,4,4
gemma2:9b,data_pmus_yaounde,q4_2_a,Agent_198,Veuillez indiquer depuis combien de temps vous attendez.,5,5,5,5,5
gemma2:9b,data_pmus_yaounde,q4_2_b,Agent_198,30 60 MIN,4,3,4,4,4
gemma2:9b,data_pmus_yaounde,q4_3,Agent_198,450,4,3,4,4,4
gemma2:9b,data_pmus_yaounde,q4_4,Agent_198,TRAVAIL,4,3,4,4,4
gemma2:9b,data_pmus_yaounde,q4_4_autres,Agent_198,ACHAT,4,3,4,4,4
gemma2:9b,data_pmus_yaounde,q5_1,Agent_198,ENTRE 26 ET 35 ANS,4,3,4,4,4
gemma2:9b,data_pmus_yaounde,q5_2,Agent_198,ENTRE 30 001 ET 100 000,4,3,4,4,4
gemma2:9b,data_pmus_yaounde,q5_3,Agent_198,HOMME,4,3,4,4,4
gemma2:9b,data_pmus_yaounde,centre ville,Agent_199,YAOUNDE,4,3,4,4,4
gemma2:9b,data_pmus_yaounde,q1_1,Agent_199,UN QUARTIER DE LA VILLE DE YAOUNDE,4,3,4,4,4
gemma2:9b,data_pmus_yaounde,q1_1_a,Agent_199,ABIT,4,3,4,4,4
gemma2:9b,data_pmus_yaounde,q1_1_b,Agent_199,STATION CAMOCO,4,3,4,4,4
gemma2:9b,data_pmus_yaounde,q1_1_c,Agent_199,,2,1,2,1,3
gemma2:9b,data_pmus_yaounde,q1_2,Agent_199,UN QUARTIER DE LA VILLE DE YAOUNDE,4,3,4,4,4
gemma2:9b,data_pmus_yaounde,q1_2_a,Agent_199,NKOLBISSON,4,3,4,4,4
gemma2:9b,data_pmus_yaounde,q1_2_b,Agent_199,10 IEME ARRET,4,3,4,4,4
gemma2:9b,data_pmus_yaounde,q1_3_c,Agent_199,,2,1,2,1,3
gemma2:9b,data_pmus_yaounde,q2_1,Agent_199,PAR BUS STACY,4,3,4,4,4
gemma2:9b,data_pmus_yaounde,q2_2_1,Agent_199,2 CHEVEAU,4,3,4,4,4
gemma2:9b,data_pmus_yaounde,q2_2_2,Agent_199,10 E ARRET,4,3,4,4,4
gemma2:9b,data_pmus_yaounde,q2_3_1,Agent_199,0LESOA,4,3,4,4,4
gemma2:9b,data_pmus_yaounde,q2_3_2,Agent_199,0NANA,4,3,4,4,4
gemma2:9b,data_pmus_yaounde,q2_3,Agent_199,NON,5,4,5,4,4
gemma2:9b,data_pmus_yaounde,q2_4,Agent_199,PAR BUS STACY,4,3,4,4,4
gemma2:9b,data_pmus_yaounde,q2_5_1,Agent_199,NKOA MBANG,4,3,4,4,4
gemma2:9b,data_pmus_yaounde,q2_5_2,Agent_199,0MPHINE,4,3,4,4,4
gemma2:9b,data_pmus_yaounde,q2_6_1,Agent_199,NKOA MBANG,4,3,4,4,4
gemma2:9b,data_pmus_yaounde,q2_6_2,Agent_199,11EME ARRET,4,3,4,4,4
gemma2:9b,data_pmus_yaounde,q3_1,Agent_199,NON,5,4,5,4,4
gemma2:9b,data_pmus_yaounde,q3_2,Agent_199,PAR BUS STACY,4,3,4,4,4
gemma2:9b,data_pmus_yaounde,q3_3_1,Agent_199,NKOA MBANG,4,3,4,4,4
gemma2:9b,data_pmus_yaounde,q3_3_2,Agent_199,NKOA MBANG,4,3,4,4,4
gemma2:9b,data_pmus_yaounde,q4_1_a,Agent_199,Veuillez indiquer depuis combien de temps vous attendez.,5,5,5,5,5
gemma2:9b,data_pmus_yaounde,q4_1_b,Agent_199,MOINS DE 5 MIN,4,3,4,4,4
gemma2:9b,data_pmus_yaounde,q4_2_a,Agent_199,Veuillez indiquer depuis combien de temps vous attendez.,5,5,5,5,5
gemma2:9b,data_pmus_yaounde,q4_2_b,Agent_199,30 60 MIN,4,3,4,4,4
gemma2:9b,data_pmus_yaounde,q4_3,Agent_199,2250,4,3,4,4,4
gemma2:9b,data_pmus_yaounde,q4_4,Agent_199,VISITE FAMILLE,4,3,4,4,4
gemma2:9b,data_pmus_yaounde,q4_4_autres,Agent_199,ACHAT,4,3,4,4,4
gemma2:9b,data_pmus_yaounde,q5_1,Agent_199,ENTRE 18 ET 25 ANS,4,3,4,4,4
gemma2:9b,data_pmus_yaounde,q5_2,Agent_199,ENTRE 300 001 ET 500 000,4,3,4,4,4
gemma2:9b,data_pmus_yaounde,q5_3,Agent_199,FEMME,4,3,4,4,4
