accuracy,relevance,coherence,completeness,fluency,model,dataset,question,agent_id,response
4,4,2,4,3,gemma3:27b,data_pmus_yaounde,centre ville,Agent_0,YAOUNDE
5,4,4,4,4,gemma3:27b,data_pmus_yaounde,q1_1,Agent_0,HORS DE LA VILLE DE YAOUNDE
4,4,3,4,4,gemma3:27b,data_pmus_yaounde,q1_1_a,Agent_0,MOKOLO
4,4,3,4,3,gemma3:27b,data_pmus_yaounde,q1_1_b,Agent_0,EPAB
4,4,2,4,3,gemma3:27b,data_pmus_yaounde,q1_1_c,Agent_0,AFANOYA
5,4,4,4,4,gemma3:27b,data_pmus_yaounde,q1_2,Agent_0,UN QUARTIER DE LA VILLE DE YAOUNDE
4,4,4,4,4,gemma3:27b,data_pmus_yaounde,q1_2_a,Agent_0,CARREFOUR LUMIERE
4,4,3,4,3,gemma3:27b,data_pmus_yaounde,q1_2_b,Agent_0,PETIT MARCHE
4,4,2,4,3,gemma3:27b,data_pmus_yaounde,q1_3_c,Agent_0,AFANOYA
4,3,4,4,3,gemma3:27b,data_pmus_yaounde,q2_1,Agent_0,PAR BUS STACY
4,4,2,4,3,gemma3:27b,data_pmus_yaounde,q2_2_1,Agent_0,RON POINT ESSPRESS
4,4,2,4,3,gemma3:27b,data_pmus_yaounde,q2_2_2,Agent_0,FIN GOUDRON
4,4,2,4,3,gemma3:27b,data_pmus_yaounde,q2_3_1,Agent_0,0LESOA
4,4,2,4,3,gemma3:27b,data_pmus_yaounde,q2_3_2,Agent_0,TERMINUS
4,4,4,4,4,gemma3:27b,data_pmus_yaounde,q2_3,Agent_0,NON
4,4,2,4,3,gemma3:27b,data_pmus_yaounde,q2_4,Agent_0,PAR BUS STACY
4,4,2,4,3,gemma3:27b,data_pmus_yaounde,q2_5_1,Agent_0,FIN GOUDRON
4,4,2,4,3,gemma3:27b,data_pmus_yaounde,q2_5_2,Agent_0,FIN GOUDRON
4,4,2,4,3,gemma3:27b,data_pmus_yaounde,q2_6_1,Agent_0,CARREFOUR
4,4,2,4,3,gemma3:27b,data_pmus_yaounde,q2_6_2,Agent_0,MARCHE
4,4,3,4,4,gemma3:27b,data_pmus_yaounde,q3_1,Agent_0,NON
4,3,4,4,3,gemma3:27b,data_pmus_yaounde,q3_2,Agent_0,PAR BUS STACY
4,4,3,4,3,gemma3:27b,data_pmus_yaounde,q3_3_1,Agent_0,MOKOLO
4,4,2,4,3,gemma3:27b,data_pmus_yaounde,q3_3_2,Agent_0,BORNE FONTAINE
4,4,2,4,2,gemma3:27b,data_pmus_yaounde,q4_1_a,Agent_0,Veuillez indiquer depuis combien de temps vous attendez.
4,3,3,4,4,gemma3:27b,data_pmus_yaounde,q4_1_b,Agent_0,MOINS DE 5 MIN
4,4,2,4,2,gemma3:27b,data_pmus_yaounde,q4_2_a,Agent_0,Veuillez indiquer depuis combien de temps vous attendez.
4,3,3,4,4,gemma3:27b,data_pmus_yaounde,q4_2_b,Agent_0,30 60 MIN
4,4,4,4,4,gemma3:27b,data_pmus_yaounde,q4_3,Agent_0,850
4,3,4,4,4,gemma3:27b,data_pmus_yaounde,q4_4,Agent_0,COURSES
3,3,3,4,3,gemma3:27b,data_pmus_yaounde,q4_4_autres,Agent_0,FAIRE DU MARCHE
5,3,4,4,4,gemma3:27b,data_pmus_yaounde,q5_1,Agent_0,ENTRE 36 ET 45 ANS
5,3,4,4,4,gemma3:27b,data_pmus_yaounde,q5_2,Agent_0,MOINS DE 30 000
4,4,4,4,4,gemma3:27b,data_pmus_yaounde,q5_3,Agent_0,HOMME
4,4,2,4,3,gemma3:27b,data_pmus_yaounde,centre ville,Agent_1,YAOUNDE
5,4,4,4,4,gemma3:27b,data_pmus_yaounde,q1_1,Agent_1,HORS DE LA VILLE DE YAOUNDE
4,4,3,4,4,gemma3:27b,data_pmus_yaounde,q1_1_a,Agent_1,MBAM ET KIM
4,4,3,4,3,gemma3:27b,data_pmus_yaounde,q1_1_b,Agent_1,SAA
4,4,2,4,3,gemma3:27b,data_pmus_yaounde,q1_1_c,Agent_1,AFANOYA
5,4,4,4,4,gemma3:27b,data_pmus_yaounde,q1_2,Agent_1,UN QUARTIER DE LA VILLE DE YAOUNDE
4,4,4,4,4,gemma3:27b,data_pmus_yaounde,q1_2_a,Agent_1,ODZA
4,4,3,4,3,gemma3:27b,data_pmus_yaounde,q1_2_b,Agent_1,ODZA HAPPY
4,4,2,4,3,gemma3:27b,data_pmus_yaounde,q1_3_c,Agent_1,AFANOYA
4,3,4,4,3,gemma3:27b,data_pmus_yaounde,q2_1,Agent_1,PAR TAXI
4,4,2,4,3,gemma3:27b,data_pmus_yaounde,q2_2_1,Agent_1,SAA CENTRE
4,4,2,4,3,gemma3:27b,data_pmus_yaounde,q2_2_2,Agent_1,10 E ARRET
4,4,2,4,3,gemma3:27b,data_pmus_yaounde,q2_3_1,Agent_1,0LESOA
4,4,2,4,3,gemma3:27b,data_pmus_yaounde,q2_3_2,Agent_1,ROND POINTEXPRESS
4,4,4,4,4,gemma3:27b,data_pmus_yaounde,q2_3,Agent_1,NON
4,4,2,4,3,gemma3:27b,data_pmus_yaounde,q2_4,Agent_1,PAR BUS STACY
4,4,2,4,3,gemma3:27b,data_pmus_yaounde,q2_5_1,Agent_1,A B0NAS
4,4,2,4,3,gemma3:27b,data_pmus_yaounde,q2_5_2,Agent_1,TOTAL
4,4,2,4,3,gemma3:27b,data_pmus_yaounde,q2_6_1,Agent_1,ROND POINT
4,4,2,4,3,gemma3:27b,data_pmus_yaounde,q2_6_2,Agent_1,ROND POINT NLONGKAK
4,4,3,4,4,gemma3:27b,data_pmus_yaounde,q3_1,Agent_1,NON
4,3,4,4,3,gemma3:27b,data_pmus_yaounde,q3_2,Agent_1,PAR BUS STACY
4,4,3,4,3,gemma3:27b,data_pmus_yaounde,q3_3_1,Agent_1,SAA
4,4,2,4,3,gemma3:27b,data_pmus_yaounde,q3_3_2,Agent_1,OYOM ABANG
4,4,2,4,2,gemma3:27b,data_pmus_yaounde,q4_1_a,Agent_1,Veuillez indiquer depuis combien de temps vous attendez.
4,3,3,4,4,gemma3:27b,data_pmus_yaounde,q4_1_b,Agent_1,10 20 MINUTES
4,4,2,4,2,gemma3:27b,data_pmus_yaounde,q4_2_a,Agent_1,Veuillez indiquer depuis combien de temps vous attendez.
4,3,3,4,4,gemma3:27b,data_pmus_yaounde,q4_2_b,Agent_1,30 60 MIN
4,4,4,4,4,gemma3:27b,data_pmus_yaounde,q4_3,Agent_1,800
4,3,4,4,4,gemma3:27b,data_pmus_yaounde,q4_4,Agent_1,VISITE FAMILLE
3,3,3,4,3,gemma3:27b,data_pmus_yaounde,q4_4_autres,Agent_1,RENCONTRE
5,3,4,4,4,gemma3:27b,data_pmus_yaounde,q5_1,Agent_1,ENTRE 26 ET 35 ANS
5,3,4,4,4,gemma3:27b,data_pmus_yaounde,q5_2,Agent_1,ENTRE 300 001 ET 500 000
4,4,4,4,4,gemma3:27b,data_pmus_yaounde,q5_3,Agent_1,HOMME
4,4,2,4,3,gemma3:27b,data_pmus_yaounde,centre ville,Agent_2,YAOUNDE
5,4,4,4,4,gemma3:27b,data_pmus_yaounde,q1_1,Agent_2,UN QUARTIER DE LA VILLE DE YAOUNDE
4,4,3,4,4,gemma3:27b,data_pmus_yaounde,q1_1_a,Agent_2,NLONGKAK
4,4,3,4,3,gemma3:27b,data_pmus_yaounde,q1_1_b,Agent_2,10EME ARRET
4,4,2,4,3,gemma3:27b,data_pmus_yaounde,q1_1_c,Agent_2,NGOUSSO
5,4,4,4,4,gemma3:27b,data_pmus_yaounde,q1_2,Agent_2,HORS DE LA VILLE DE YAOUNDE
4,4,4,4,4,gemma3:27b,data_pmus_yaounde,q1_2_a,Agent_2,NGOUSSO
4,4,3,4,3,gemma3:27b,data_pmus_yaounde,q1_2_b,Agent_2,10 IEME ARRET
4,4,2,4,3,gemma3:27b,data_pmus_yaounde,q1_3_c,Agent_2,AFANOYA
4,3,4,4,3,gemma3:27b,data_pmus_yaounde,q2_1,Agent_2,PAR BUS STACY
4,4,2,4,3,gemma3:27b,data_pmus_yaounde,q2_2_1,Agent_2,CARREFOUR NGUEM
4,4,2,4,3,gemma3:27b,data_pmus_yaounde,q2_2_2,Agent_2,TRANSFORMATEUR
4,4,2,4,3,gemma3:27b,data_pmus_yaounde,q2_3_1,Agent_2,NGOUSSO
4,4,2,4,3,gemma3:27b,data_pmus_yaounde,q2_3_2,Agent_2,0NANA
4,4,4,4,4,gemma3:27b,data_pmus_yaounde,q2_3,Agent_2,NON
4,4,2,4,3,gemma3:27b,data_pmus_yaounde,q2_4,Agent_2,A PIED
4,4,2,4,3,gemma3:27b,data_pmus_yaounde,q2_5_1,Agent_2,NGOUSSO
4,4,2,4,3,gemma3:27b,data_pmus_yaounde,q2_5_2,Agent_2,0MPHINE
4,4,2,4,3,gemma3:27b,data_pmus_yaounde,q2_6_1,Agent_2,NGOUSSO
4,4,2,4,3,gemma3:27b,data_pmus_yaounde,q2_6_2,Agent_2,11EME ARRET
4,4,3,4,4,gemma3:27b,data_pmus_yaounde,q3_1,Agent_2,NON
4,3,4,4,3,gemma3:27b,data_pmus_yaounde,q3_2,Agent_2,PAR BUS STACY
4,4,3,4,3,gemma3:27b,data_pmus_yaounde,q3_3_1,Agent_2,TRANSFORMATEUR
4,4,2,4,3,gemma3:27b,data_pmus_yaounde,q3_3_2,Agent_2,IMEUBLE MTN
4,4,2,4,2,gemma3:27b,data_pmus_yaounde,q4_1_a,Agent_2,Veuillez indiquer depuis combien de temps vous attendez.
4,3,3,4,4,gemma3:27b,data_pmus_yaounde,q4_1_b,Agent_2,MOINS DE 5 MIN
4,4,2,4,2,gemma3:27b,data_pmus_yaounde,q4_2_a,Agent_2,Veuillez indiquer depuis combien de temps vous attendez.
4,3,3,4,4,gemma3:27b,data_pmus_yaounde,q4_2_b,Agent_2,30 60 MIN
4,4,4,4,4,gemma3:27b,data_pmus_yaounde,q4_3,Agent_2,750
4,3,4,4,4,gemma3:27b,data_pmus_yaounde,q4_4,Agent_2,ACTIVIT S DE LOISIRS
3,3,3,4,3,gemma3:27b,data_pmus_yaounde,q4_4_autres,Agent_2,ETUDES
5,3,4,4,4,gemma3:27b,data_pmus_yaounde,q5_1,Agent_2,MOINS DE 18 ANS
5,3,4,4,4,gemma3:27b,data_pmus_yaounde,q5_2,Agent_2,MOINS DE 30 000
4,4,4,4,4,gemma3:27b,data_pmus_yaounde,q5_3,Agent_2,FEMME
4,4,2,4,3,gemma3:27b,data_pmus_yaounde,centre ville,Agent_3,YAOUNDE
5,4,4,4,4,gemma3:27b,data_pmus_yaounde,q1_1,Agent_3,UN QUARTIER DE LA VILLE DE YAOUNDE
4,4,3,4,4,gemma3:27b,data_pmus_yaounde,q1_1_a,Agent_3,ABIT
4,4,3,4,3,gemma3:27b,data_pmus_yaounde,q1_1_b,Agent_3,10EME ARRET
4,4,2,4,3,gemma3:27b,data_pmus_yaounde,q1_1_c,Agent_3,AFANOYA
5,4,4,4,4,gemma3:27b,data_pmus_yaounde,q1_2,Agent_3,UN QUARTIER DE LA VILLE DE YAOUNDE
4,4,4,4,4,gemma3:27b,data_pmus_yaounde,q1_2_a,Agent_3,ABOM
4,4,3,4,3,gemma3:27b,data_pmus_yaounde,q1_2_b,Agent_3,10 IEME ARRET
4,4,2,4,3,gemma3:27b,data_pmus_yaounde,q1_3_c,Agent_3,AFANOYA
4,3,4,4,3,gemma3:27b,data_pmus_yaounde,q2_1,Agent_3,A PIED
4,4,2,4,3,gemma3:27b,data_pmus_yaounde,q2_2_1,Agent_3,2 CHEVEAU
4,4,2,4,3,gemma3:27b,data_pmus_yaounde,q2_2_2,Agent_3,ENTREE DES S URS
4,4,2,4,3,gemma3:27b,data_pmus_yaounde,q2_3_1,Agent_3,0LESOA
4,4,2,4,3,gemma3:27b,data_pmus_yaounde,q2_3_2,Agent_3,A PIED
4,4,4,4,4,gemma3:27b,data_pmus_yaounde,q2_3,Agent_3,NON
4,4,2,4,3,gemma3:27b,data_pmus_yaounde,q2_4,Agent_3,A PIED
4,4,2,4,3,gemma3:27b,data_pmus_yaounde,q2_5_1,Agent_3,ONANA
4,4,2,4,3,gemma3:27b,data_pmus_yaounde,q2_5_2,Agent_3,MAITURE
4,4,2,4,3,gemma3:27b,data_pmus_yaounde,q2_6_1,Agent_3,ONANA
4,4,2,4,3,gemma3:27b,data_pmus_yaounde,q2_6_2,Agent_3,LAC
4,4,3,4,4,gemma3:27b,data_pmus_yaounde,q3_1,Agent_3,NON
4,3,4,4,3,gemma3:27b,data_pmus_yaounde,q3_2,Agent_3,A PIED
4,4,3,4,3,gemma3:27b,data_pmus_yaounde,q3_3_1,Agent_3,ONANA
4,4,2,4,3,gemma3:27b,data_pmus_yaounde,q3_3_2,Agent_3,MUSEE NATIONAL
4,4,2,4,2,gemma3:27b,data_pmus_yaounde,q4_1_a,Agent_3,Veuillez indiquer depuis combien de temps vous attendez.
4,3,3,4,4,gemma3:27b,data_pmus_yaounde,q4_1_b,Agent_3,MOINS DE 5 MIN
4,4,2,4,2,gemma3:27b,data_pmus_yaounde,q4_2_a,Agent_3,Veuillez indiquer depuis combien de temps vous attendez.
4,3,3,4,4,gemma3:27b,data_pmus_yaounde,q4_2_b,Agent_3,30 60 MIN
4,4,4,4,4,gemma3:27b,data_pmus_yaounde,q4_3,Agent_3,300
4,3,4,4,4,gemma3:27b,data_pmus_yaounde,q4_4,Agent_3,TRAVAIL
3,3,3,4,3,gemma3:27b,data_pmus_yaounde,q4_4_autres,Agent_3,EXPEDITION COURRIER
5,3,4,4,4,gemma3:27b,data_pmus_yaounde,q5_1,Agent_3,ENTRE 18 ET 25 ANS
5,3,4,4,4,gemma3:27b,data_pmus_yaounde,q5_2,Agent_3,MOINS DE 30 000
4,4,4,4,4,gemma3:27b,data_pmus_yaounde,q5_3,Agent_3,HOMME
4,4,2,4,3,gemma3:27b,data_pmus_yaounde,centre ville,Agent_4,YAOUNDE
5,4,4,4,4,gemma3:27b,data_pmus_yaounde,q1_1,Agent_4,UN QUARTIER DE LA VILLE DE YAOUNDE
4,4,3,4,4,gemma3:27b,data_pmus_yaounde,q1_1_a,Agent_4,MVOG BETSI
4,4,3,4,3,gemma3:27b,data_pmus_yaounde,q1_1_b,Agent_4,HOLY INFANT
4,4,2,4,3,gemma3:27b,data_pmus_yaounde,q1_1_c,Agent_4,AFANOYA
5,4,4,4,4,gemma3:27b,data_pmus_yaounde,q1_2,Agent_4,UN QUARTIER DE LA VILLE DE YAOUNDE
4,4,4,4,4,gemma3:27b,data_pmus_yaounde,q1_2_a,Agent_4,GOLF
4,4,3,4,3,gemma3:27b,data_pmus_yaounde,q1_2_b,Agent_4,10 IEME ARRET
4,4,2,4,3,gemma3:27b,data_pmus_yaounde,q1_3_c,Agent_4,AFANOYA
4,3,4,4,3,gemma3:27b,data_pmus_yaounde,q2_1,Agent_4,PAR BUS STACY
4,4,2,4,3,gemma3:27b,data_pmus_yaounde,q2_2_1,Agent_4,MVOG BETSI
4,4,2,4,3,gemma3:27b,data_pmus_yaounde,q2_2_2,Agent_4,MVOG BETSI
4,4,2,4,3,gemma3:27b,data_pmus_yaounde,q2_3_1,Agent_4,0LESOA
4,4,2,4,3,gemma3:27b,data_pmus_yaounde,q2_3_2,Agent_4,ROND POINT
4,4,4,4,4,gemma3:27b,data_pmus_yaounde,q2_3,Agent_4,NON
4,4,2,4,3,gemma3:27b,data_pmus_yaounde,q2_4,Agent_4,PAR BUS STACY
4,4,2,4,3,gemma3:27b,data_pmus_yaounde,q2_5_1,Agent_4,MVOG BETSI
4,4,2,4,3,gemma3:27b,data_pmus_yaounde,q2_5_2,Agent_4,STATION
4,4,2,4,3,gemma3:27b,data_pmus_yaounde,q2_6_1,Agent_4,ROND POINT
4,4,2,4,3,gemma3:27b,data_pmus_yaounde,q2_6_2,Agent_4,CARREFOUR
4,4,3,4,4,gemma3:27b,data_pmus_yaounde,q3_1,Agent_4,NON
4,3,4,4,3,gemma3:27b,data_pmus_yaounde,q3_2,Agent_4,PAR BUS STACY
4,4,3,4,3,gemma3:27b,data_pmus_yaounde,q3_3_1,Agent_4,MVOG BETSI
4,4,2,4,3,gemma3:27b,data_pmus_yaounde,q3_3_2,Agent_4,MVOG BETSI
4,4,2,4,2,gemma3:27b,data_pmus_yaounde,q4_1_a,Agent_4,Veuillez indiquer depuis combien de temps vous attendez.
4,3,3,4,4,gemma3:27b,data_pmus_yaounde,q4_1_b,Agent_4,MOINS DE 5 MIN
4,4,2,4,2,gemma3:27b,data_pmus_yaounde,q4_2_a,Agent_4,Veuillez indiquer depuis combien de temps vous attendez.
4,3,3,4,4,gemma3:27b,data_pmus_yaounde,q4_2_b,Agent_4,30 60 MIN
4,4,4,4,4,gemma3:27b,data_pmus_yaounde,q4_3,Agent_4,250
4,3,4,4,4,gemma3:27b,data_pmus_yaounde,q4_4,Agent_4,ACTIVIT S DE LOISIRS
3,3,3,4,3,gemma3:27b,data_pmus_yaounde,q4_4_autres,Agent_4,ETUDES
5,3,4,4,4,gemma3:27b,data_pmus_yaounde,q5_1,Agent_4,MOINS DE 18 ANS
5,3,4,4,4,gemma3:27b,data_pmus_yaounde,q5_2,Agent_4,MOINS DE 30 000
4,4,4,4,4,gemma3:27b,data_pmus_yaounde,q5_3,Agent_4,FEMME
4,4,2,4,3,gemma3:27b,data_pmus_yaounde,centre ville,Agent_5,YAOUNDE
5,4,4,4,4,gemma3:27b,data_pmus_yaounde,q1_1,Agent_5,UN QUARTIER DE LA VILLE DE YAOUNDE
4,4,3,4,4,gemma3:27b,data_pmus_yaounde,q1_1_a,Agent_5,ABIT
4,4,3,4,3,gemma3:27b,data_pmus_yaounde,q1_1_b,Agent_5,PETIT MARCE
4,4,2,4,3,gemma3:27b,data_pmus_yaounde,q1_1_c,Agent_5,AFANOYA
5,4,4,4,4,gemma3:27b,data_pmus_yaounde,q1_2,Agent_5,UN QUARTIER DE LA VILLE DE YAOUNDE
4,4,4,4,4,gemma3:27b,data_pmus_yaounde,q1_2_a,Agent_5,ETETAK
4,4,3,4,3,gemma3:27b,data_pmus_yaounde,q1_2_b,Agent_5,BAOBAB
4,4,2,4,3,gemma3:27b,data_pmus_yaounde,q1_3_c,Agent_5,KRIBI
4,3,4,4,3,gemma3:27b,data_pmus_yaounde,q2_1,Agent_5,A PIED
1,1,1,1,3,gemma3:27b,data_pmus_yaounde,q2_2_1,Agent_5,nan
4,4,2,4,3,gemma3:27b,data_pmus_yaounde,q2_2_2,Agent_5,MONTEE CARNAVAL
4,4,2,4,3,gemma3:27b,data_pmus_yaounde,q2_3_1,Agent_5,0LESOA
1,1,1,1,3,gemma3:27b,data_pmus_yaounde,q2_3_2,Agent_5,nan
4,4,4,4,4,gemma3:27b,data_pmus_yaounde,q2_3,Agent_5,NON
4,4,2,4,3,gemma3:27b,data_pmus_yaounde,q2_4,Agent_5,A PIED
4,4,2,4,3,gemma3:27b,data_pmus_yaounde,q2_5_1,Agent_5,ETOUDI
1,1,1,1,3,gemma3:27b,data_pmus_yaounde,q2_5_2,Agent_5,nan
4,4,2,4,3,gemma3:27b,data_pmus_yaounde,q2_6_1,Agent_5,EOSS0S
1,1,1,1,3,gemma3:27b,data_pmus_yaounde,q2_6_2,Agent_5,nan
4,4,3,4,4,gemma3:27b,data_pmus_yaounde,q3_1,Agent_5,NON
4,3,4,4,3,gemma3:27b,data_pmus_yaounde,q3_2,Agent_5,A PIED
4,4,3,4,3,gemma3:27b,data_pmus_yaounde,q3_3_1,Agent_5,ETETAK
4,4,2,4,3,gemma3:27b,data_pmus_yaounde,q3_3_2,Agent_5,MOTO GEORGES
4,4,2,4,2,gemma3:27b,data_pmus_yaounde,q4_1_a,Agent_5,Veuillez indiquer depuis combien de temps vous attendez.
4,3,3,4,4,gemma3:27b,data_pmus_yaounde,q4_1_b,Agent_5,MOINS DE 5 MIN
4,4,2,4,2,gemma3:27b,data_pmus_yaounde,q4_2_a,Agent_5,Veuillez indiquer depuis combien de temps vous attendez.
4,3,3,4,4,gemma3:27b,data_pmus_yaounde,q4_2_b,Agent_5,15 30 MIN
4,4,4,4,4,gemma3:27b,data_pmus_yaounde,q4_3,Agent_5,750
4,3,4,4,4,gemma3:27b,data_pmus_yaounde,q4_4,Agent_5,COURSES
3,3,3,4,3,gemma3:27b,data_pmus_yaounde,q4_4_autres,Agent_5,FAIRE DU MARCHE
5,3,4,4,4,gemma3:27b,data_pmus_yaounde,q5_1,Agent_5,ENTRE 26 ET 35 ANS
5,3,4,4,4,gemma3:27b,data_pmus_yaounde,q5_2,Agent_5,MOINS DE 30 000
4,4,4,4,4,gemma3:27b,data_pmus_yaounde,q5_3,Agent_5,HOMME
4,4,2,4,3,gemma3:27b,data_pmus_yaounde,centre ville,Agent_6,YAOUNDE
5,4,4,4,4,gemma3:27b,data_pmus_yaounde,q1_1,Agent_6,UN QUARTIER DE LA VILLE DE YAOUNDE
4,4,3,4,4,gemma3:27b,data_pmus_yaounde,q1_1_a,Agent_6,MBANKOMO
4,4,3,4,3,gemma3:27b,data_pmus_yaounde,q1_1_b,Agent_6,10EME ARRET
4,4,2,4,3,gemma3:27b,data_pmus_yaounde,q1_1_c,Agent_6,MBANKOMO
5,4,4,4,4,gemma3:27b,data_pmus_yaounde,q1_2,Agent_6,UN QUARTIER DE LA VILLE DE YAOUNDE
4,4,4,4,4,gemma3:27b,data_pmus_yaounde,q1_2_a,Agent_6,ABOM
4,4,3,4,3,gemma3:27b,data_pmus_yaounde,q1_2_b,Agent_6,10 IEME ARRET
4,4,2,4,3,gemma3:27b,data_pmus_yaounde,q1_3_c,Agent_6,AFANOYA
4,3,4,4,3,gemma3:27b,data_pmus_yaounde,q2_1,Agent_6,A PIED
4,4,2,4,3,gemma3:27b,data_pmus_yaounde,q2_2_1,Agent_6,NBANKOMO
4,4,2,4,3,gemma3:27b,data_pmus_yaounde,q2_2_2,Agent_6,10 E ARRET
4,4,2,4,3,gemma3:27b,data_pmus_yaounde,q2_3_1,Agent_6,0LESOA
4,4,2,4,3,gemma3:27b,data_pmus_yaounde,q2_3_2,Agent_6,0NANA
4,4,4,4,4,gemma3:27b,data_pmus_yaounde,q2_3,Agent_6,NON
4,4,2,4,3,gemma3:27b,data_pmus_yaounde,q2_4,Agent_6,A PIED
4,4,2,4,3,gemma3:27b,data_pmus_yaounde,q2_5_1,Agent_6,A B0NAS
4,4,2,4,3,gemma3:27b,data_pmus_yaounde,q2_5_2,Agent_6,0MPHINE
4,4,2,4,3,gemma3:27b,data_pmus_yaounde,q2_6_1,Agent_6,ONANA
4,4,2,4,3,gemma3:27b,data_pmus_yaounde,q2_6_2,Agent_6,MIMBOMAN TERMINUS
4,4,3,4,4,gemma3:27b,data_pmus_yaounde,q3_1,Agent_6,NON
4,3,4,4,3,gemma3:27b,data_pmus_yaounde,q3_2,Agent_6,PAR TAXI
4,4,3,4,3,gemma3:27b,data_pmus_yaounde,q3_3_1,Agent_6,ACACIA
4,4,2,4,3,gemma3:27b,data_pmus_yaounde,q3_3_2,Agent_6,MBANKOMO
4,4,2,4,2,gemma3:27b,data_pmus_yaounde,q4_1_a,Agent_6,Veuillez indiquer depuis combien de temps vous attendez.
4,3,3,4,4,gemma3:27b,data_pmus_yaounde,q4_1_b,Agent_6,MOINS DE 5 MIN
4,4,2,4,2,gemma3:27b,data_pmus_yaounde,q4_2_a,Agent_6,Veuillez indiquer depuis combien de temps vous attendez.
4,3,3,4,4,gemma3:27b,data_pmus_yaounde,q4_2_b,Agent_6,30 60 MIN
4,4,4,4,4,gemma3:27b,data_pmus_yaounde,q4_3,Agent_6,3500
4,3,4,4,4,gemma3:27b,data_pmus_yaounde,q4_4,Agent_6,TRAVAIL
3,3,3,4,3,gemma3:27b,data_pmus_yaounde,q4_4_autres,Agent_6,LES AFFAIRES
5,3,4,4,4,gemma3:27b,data_pmus_yaounde,q5_1,Agent_6,ENTRE 55ANS ET 64 ANS
5,3,4,4,4,gemma3:27b,data_pmus_yaounde,q5_2,Agent_6,ENTRE 300 001 ET 500 000
4,4,4,4,4,gemma3:27b,data_pmus_yaounde,q5_3,Agent_6,HOMME
4,4,2,4,3,gemma3:27b,data_pmus_yaounde,centre ville,Agent_7,YAOUNDE
5,4,4,4,4,gemma3:27b,data_pmus_yaounde,q1_1,Agent_7,UN QUARTIER DE LA VILLE DE YAOUNDE
4,4,3,4,4,gemma3:27b,data_pmus_yaounde,q1_1_a,Agent_7,BITENG
4,4,3,4,3,gemma3:27b,data_pmus_yaounde,q1_1_b,Agent_7,EXPRESS UNION
4,4,2,4,3,gemma3:27b,data_pmus_yaounde,q1_1_c,Agent_7,AFANOYA
5,4,4,4,4,gemma3:27b,data_pmus_yaounde,q1_2,Agent_7,UN QUARTIER DE LA VILLE DE YAOUNDE
4,4,4,4,4,gemma3:27b,data_pmus_yaounde,q1_2_a,Agent_7,BITENG
4,4,3,4,3,gemma3:27b,data_pmus_yaounde,q1_2_b,Agent_7,EXPRESS UNION
4,4,2,4,3,gemma3:27b,data_pmus_yaounde,q1_3_c,Agent_7,DOUALA
4,3,4,4,3,gemma3:27b,data_pmus_yaounde,q2_1,Agent_7,A PIED
4,4,2,4,3,gemma3:27b,data_pmus_yaounde,q2_2_1,Agent_7,EXPRESS UNION
4,4,2,4,3,gemma3:27b,data_pmus_yaounde,q2_2_2,Agent_7,EXPRESS UNION
4,4,2,4,3,gemma3:27b,data_pmus_yaounde,q2_3_1,Agent_7,0LESOA
4,4,2,4,3,gemma3:27b,data_pmus_yaounde,q2_3_2,Agent_7,EXPRESS UNION
4,4,4,4,4,gemma3:27b,data_pmus_yaounde,q2_3,Agent_7,NON
4,4,2,4,3,gemma3:27b,data_pmus_yaounde,q2_4,Agent_7,PAR BUS STACY
4,4,2,4,3,gemma3:27b,data_pmus_yaounde,q2_5_1,Agent_7,BITENG
4,4,2,4,3,gemma3:27b,data_pmus_yaounde,q2_5_2,Agent_7,0MPHINE
4,4,2,4,3,gemma3:27b,data_pmus_yaounde,q2_6_1,Agent_7,ABATTOIR
4,4,2,4,3,gemma3:27b,data_pmus_yaounde,q2_6_2,Agent_7,EXPRESS UNION
4,4,3,4,4,gemma3:27b,data_pmus_yaounde,q3_1,Agent_7,NON
4,3,4,4,3,gemma3:27b,data_pmus_yaounde,q3_2,Agent_7,PAR BUS STACY
4,4,3,4,3,gemma3:27b,data_pmus_yaounde,q3_3_1,Agent_7,BITENG
4,4,2,4,3,gemma3:27b,data_pmus_yaounde,q3_3_2,Agent_7,EXPRESS UNION
4,4,2,4,2,gemma3:27b,data_pmus_yaounde,q4_1_a,Agent_7,Veuillez indiquer depuis combien de temps vous attendez.
4,3,3,4,4,gemma3:27b,data_pmus_yaounde,q4_1_b,Agent_7,MOINS DE 5 MIN
4,4,2,4,2,gemma3:27b,data_pmus_yaounde,q4_2_a,Agent_7,Veuillez indiquer depuis combien de temps vous attendez.
4,3,3,4,4,gemma3:27b,data_pmus_yaounde,q4_2_b,Agent_7,30 60 MIN
4,4,4,4,4,gemma3:27b,data_pmus_yaounde,q4_3,Agent_7,600
4,3,4,4,4,gemma3:27b,data_pmus_yaounde,q4_4,Agent_7,COURSES
3,3,3,4,3,gemma3:27b,data_pmus_yaounde,q4_4_autres,Agent_7,FAIRE DU MARCHE
5,3,4,4,4,gemma3:27b,data_pmus_yaounde,q5_1,Agent_7,ENTRE 36 ET 45 ANS
5,3,4,4,4,gemma3:27b,data_pmus_yaounde,q5_2,Agent_7,ENTRE 30 001 ET 100 000
4,4,4,4,4,gemma3:27b,data_pmus_yaounde,q5_3,Agent_7,FEMME
4,4,2,4,3,gemma3:27b,data_pmus_yaounde,centre ville,Agent_8,YAOUNDE
5,4,4,4,4,gemma3:27b,data_pmus_yaounde,q1_1,Agent_8,HORS DE LA VILLE DE YAOUNDE
4,4,3,4,4,gemma3:27b,data_pmus_yaounde,q1_1_a,Agent_8,MBALLA 2
4,4,3,4,3,gemma3:27b,data_pmus_yaounde,q1_1_b,Agent_8,10EME ARRET
4,4,2,4,3,gemma3:27b,data_pmus_yaounde,q1_1_c,Agent_8,DOUALA
5,4,4,4,4,gemma3:27b,data_pmus_yaounde,q1_2,Agent_8,HORS DE LA VILLE DE YAOUNDE
4,4,4,4,4,gemma3:27b,data_pmus_yaounde,q1_2_a,Agent_8,DOUALA
4,4,3,4,3,gemma3:27b,data_pmus_yaounde,q1_2_b,Agent_8,10 IEME ARRET
4,4,2,4,3,gemma3:27b,data_pmus_yaounde,q1_3_c,Agent_8,DOUALA
4,3,4,4,3,gemma3:27b,data_pmus_yaounde,q2_1,Agent_8,PAR BUS AGENCE INTERURBAIN
4,4,2,4,3,gemma3:27b,data_pmus_yaounde,q2_2_1,Agent_8,2 CHEVEAU
4,4,2,4,3,gemma3:27b,data_pmus_yaounde,q2_2_2,Agent_8,REGIE
4,4,2,4,3,gemma3:27b,data_pmus_yaounde,q2_3_1,Agent_8,0LESOA
4,4,2,4,3,gemma3:27b,data_pmus_yaounde,q2_3_2,Agent_8,STATION MRS
4,4,4,4,4,gemma3:27b,data_pmus_yaounde,q2_3,Agent_8,NON
4,4,2,4,3,gemma3:27b,data_pmus_yaounde,q2_4,Agent_8,PAR BUS AGENCE INTERURBAIN
4,4,2,4,3,gemma3:27b,data_pmus_yaounde,q2_5_1,Agent_8,DOUALA
4,4,2,4,3,gemma3:27b,data_pmus_yaounde,q2_5_2,Agent_8,MBALLA 2
4,4,2,4,3,gemma3:27b,data_pmus_yaounde,q2_6_1,Agent_8,ABATTOIR
4,4,2,4,3,gemma3:27b,data_pmus_yaounde,q2_6_2,Agent_8,CAREFOURE
4,4,3,4,4,gemma3:27b,data_pmus_yaounde,q3_1,Agent_8,NON
4,3,4,4,3,gemma3:27b,data_pmus_yaounde,q3_2,Agent_8,PAR BUS AGENCE INTERURBAIN
4,4,3,4,3,gemma3:27b,data_pmus_yaounde,q3_3_1,Agent_8,MBALLA 2
4,4,2,4,3,gemma3:27b,data_pmus_yaounde,q3_3_2,Agent_8,ROND POIN EXPRESS
4,4,2,4,2,gemma3:27b,data_pmus_yaounde,q4_1_a,Agent_8,Veuillez indiquer depuis combien de temps vous attendez.
4,3,3,4,4,gemma3:27b,data_pmus_yaounde,q4_1_b,Agent_8,PLUS DE 20 MINUTES
4,4,2,4,2,gemma3:27b,data_pmus_yaounde,q4_2_a,Agent_8,Veuillez indiquer depuis combien de temps vous attendez.
4,3,3,4,4,gemma3:27b,data_pmus_yaounde,q4_2_b,Agent_8,PLUS DE 1HEURE
4,4,4,4,4,gemma3:27b,data_pmus_yaounde,q4_3,Agent_8,2700
4,3,4,4,4,gemma3:27b,data_pmus_yaounde,q4_4,Agent_8,TRAVAIL
3,3,3,4,3,gemma3:27b,data_pmus_yaounde,q4_4_autres,Agent_8,ACHAT
5,3,4,4,4,gemma3:27b,data_pmus_yaounde,q5_1,Agent_8,ENTRE 26 ET 35 ANS
5,3,4,4,4,gemma3:27b,data_pmus_yaounde,q5_2,Agent_8,ENTRE 300 001 ET 500 000
4,4,4,4,4,gemma3:27b,data_pmus_yaounde,q5_3,Agent_8,FEMME
4,4,2,4,3,gemma3:27b,data_pmus_yaounde,centre ville,Agent_9,YAOUNDE
5,4,4,4,4,gemma3:27b,data_pmus_yaounde,q1_1,Agent_9,HORS DE LA VILLE DE YAOUNDE
4,4,3,4,4,gemma3:27b,data_pmus_yaounde,q1_1_a,Agent_9,ABIT
4,4,3,4,3,gemma3:27b,data_pmus_yaounde,q1_1_b,Agent_9,10EME ARRET
4,4,2,4,3,gemma3:27b,data_pmus_yaounde,q1_1_c,Agent_9,AFANOYA
5,4,4,4,4,gemma3:27b,data_pmus_yaounde,q1_2,Agent_9,UN QUARTIER DE LA VILLE DE YAOUNDE
4,4,4,4,4,gemma3:27b,data_pmus_yaounde,q1_2_a,Agent_9,ESSOMBA
4,4,3,4,3,gemma3:27b,data_pmus_yaounde,q1_2_b,Agent_9,DESCENTE EVASION
4,4,2,4,3,gemma3:27b,data_pmus_yaounde,q1_3_c,Agent_9,AFANOYA
4,3,4,4,3,gemma3:27b,data_pmus_yaounde,q2_1,Agent_9,PAR BUS STACY
4,4,2,4,3,gemma3:27b,data_pmus_yaounde,q2_2_1,Agent_9,2 CHEVEAU
4,4,2,4,3,gemma3:27b,data_pmus_yaounde,q2_2_2,Agent_9,TITI GARAGE
4,4,2,4,3,gemma3:27b,data_pmus_yaounde,q2_3_1,Agent_9,0LESOA
4,4,2,4,3,gemma3:27b,data_pmus_yaounde,q2_3_2,Agent_9,ESSOMBA
4,4,4,4,4,gemma3:27b,data_pmus_yaounde,q2_3,Agent_9,NON
4,4,2,4,3,gemma3:27b,data_pmus_yaounde,q2_4,Agent_9,PAR BUS STACY
4,4,2,4,3,gemma3:27b,data_pmus_yaounde,q2_5_1,Agent_9,A B0NAS
4,4,2,4,3,gemma3:27b,data_pmus_yaounde,q2_5_2,Agent_9,GAR ROUTIERE
4,4,2,4,3,gemma3:27b,data_pmus_yaounde,q2_6_1,Agent_9,ESSOMBA
4,4,2,4,3,gemma3:27b,data_pmus_yaounde,q2_6_2,Agent_9,ROND POIN
4,4,3,4,4,gemma3:27b,data_pmus_yaounde,q3_1,Agent_9,NON
4,3,4,4,3,gemma3:27b,data_pmus_yaounde,q3_2,Agent_9,PAR BUS STACY
4,4,3,4,3,gemma3:27b,data_pmus_yaounde,q3_3_1,Agent_9,TITI GARAGE
4,4,2,4,3,gemma3:27b,data_pmus_yaounde,q3_3_2,Agent_9,10 IEME ARRET
4,4,2,4,2,gemma3:27b,data_pmus_yaounde,q4_1_a,Agent_9,Veuillez indiquer depuis combien de temps vous attendez.
4,3,3,4,4,gemma3:27b,data_pmus_yaounde,q4_1_b,Agent_9,10 20 MINUTES
4,4,2,4,2,gemma3:27b,data_pmus_yaounde,q4_2_a,Agent_9,Veuillez indiquer depuis combien de temps vous attendez.
4,3,3,4,4,gemma3:27b,data_pmus_yaounde,q4_2_b,Agent_9,30 60 MIN
4,4,4,4,4,gemma3:27b,data_pmus_yaounde,q4_3,Agent_9,800
4,3,4,4,4,gemma3:27b,data_pmus_yaounde,q4_4,Agent_9,COURSES
3,3,3,4,3,gemma3:27b,data_pmus_yaounde,q4_4_autres,Agent_9,FAIRE DU MARCHE
5,3,4,4,4,gemma3:27b,data_pmus_yaounde,q5_1,Agent_9,MOINS DE 18 ANS
5,3,4,4,4,gemma3:27b,data_pmus_yaounde,q5_2,Agent_9,ENTRE 30 001 ET 100 000
4,4,4,4,4,gemma3:27b,data_pmus_yaounde,q5_3,Agent_9,FEMME
4,4,2,4,3,gemma3:27b,data_pmus_yaounde,centre ville,Agent_10,YAOUNDE
5,4,4,4,4,gemma3:27b,data_pmus_yaounde,q1_1,Agent_10,UN QUARTIER DE LA VILLE DE YAOUNDE
4,4,3,4,4,gemma3:27b,data_pmus_yaounde,q1_1_a,Agent_10,ABIT
4,4,3,4,3,gemma3:27b,data_pmus_yaounde,q1_1_b,Agent_10,ECOCO2
4,4,2,4,3,gemma3:27b,data_pmus_yaounde,q1_1_c,Agent_10,AFANOYA
5,4,4,4,4,gemma3:27b,data_pmus_yaounde,q1_2,Agent_10,UN QUARTIER DE LA VILLE DE YAOUNDE
4,4,4,4,4,gemma3:27b,data_pmus_yaounde,q1_2_a,Agent_10,ABOM
4,4,3,4,3,gemma3:27b,data_pmus_yaounde,q1_2_b,Agent_10,ECOCO2
4,4,2,4,3,gemma3:27b,data_pmus_yaounde,q1_3_c,Agent_10,AFANOYA
4,3,4,4,3,gemma3:27b,data_pmus_yaounde,q2_1,Agent_10,PAR BUS STACY
4,4,2,4,3,gemma3:27b,data_pmus_yaounde,q2_2_1,Agent_10,2 CHEVEAU
4,4,2,4,3,gemma3:27b,data_pmus_yaounde,q2_2_2,Agent_10,DANS LE QUARTIER
4,4,2,4,3,gemma3:27b,data_pmus_yaounde,q2_3_1,Agent_10,0LESOA
4,4,2,4,3,gemma3:27b,data_pmus_yaounde,q2_3_2,Agent_10,GARE VOYAGEUR
4,4,4,4,4,gemma3:27b,data_pmus_yaounde,q2_3,Agent_10,NON
4,4,2,4,3,gemma3:27b,data_pmus_yaounde,q2_4,Agent_10,PAR BUS STACY
4,4,2,4,3,gemma3:27b,data_pmus_yaounde,q2_5_1,Agent_10,A B0NAS
4,4,2,4,3,gemma3:27b,data_pmus_yaounde,q2_5_2,Agent_10,0MPHINE
4,4,2,4,3,gemma3:27b,data_pmus_yaounde,q2_6_1,Agent_10,ABATTOIR
4,4,2,4,3,gemma3:27b,data_pmus_yaounde,q2_6_2,Agent_10,CAMP SIC BIYEM ASSI
4,4,3,4,4,gemma3:27b,data_pmus_yaounde,q3_1,Agent_10,NON
4,3,4,4,3,gemma3:27b,data_pmus_yaounde,q3_2,Agent_10,PAR BUS STACY
4,4,3,4,3,gemma3:27b,data_pmus_yaounde,q3_3_1,Agent_10,NSIMALEN
4,4,2,4,3,gemma3:27b,data_pmus_yaounde,q3_3_2,Agent_10,POSTE DE POLICE
4,4,2,4,2,gemma3:27b,data_pmus_yaounde,q4_1_a,Agent_10,Veuillez indiquer depuis combien de temps vous attendez.
4,3,3,4,4,gemma3:27b,data_pmus_yaounde,q4_1_b,Agent_10,MOINS DE 5 MIN
4,4,2,4,2,gemma3:27b,data_pmus_yaounde,q4_2_a,Agent_10,Veuillez indiquer depuis combien de temps vous attendez.
4,3,3,4,4,gemma3:27b,data_pmus_yaounde,q4_2_b,Agent_10,30 60 MIN
4,4,4,4,4,gemma3:27b,data_pmus_yaounde,q4_3,Agent_10,2700
4,3,4,4,4,gemma3:27b,data_pmus_yaounde,q4_4,Agent_10,COURSES
3,3,3,4,3,gemma3:27b,data_pmus_yaounde,q4_4_autres,Agent_10,FAIRE DU MARCHE
5,3,4,4,4,gemma3:27b,data_pmus_yaounde,q5_1,Agent_10,ENTRE 26 ET 35 ANS
5,3,4,4,4,gemma3:27b,data_pmus_yaounde,q5_2,Agent_10,ENTRE 30 001 ET 100 000
4,4,4,4,4,gemma3:27b,data_pmus_yaounde,q5_3,Agent_10,HOMME
4,4,2,4,3,gemma3:27b,data_pmus_yaounde,centre ville,Agent_11,YAOUNDE
5,4,4,4,4,gemma3:27b,data_pmus_yaounde,q1_1,Agent_11,UN QUARTIER DE LA VILLE DE YAOUNDE
4,4,3,4,4,gemma3:27b,data_pmus_yaounde,q1_1_a,Agent_11,ABIT
4,4,3,4,3,gemma3:27b,data_pmus_yaounde,q1_1_b,Agent_11,EWANKANG
4,4,2,4,3,gemma3:27b,data_pmus_yaounde,q1_1_c,Agent_11,AFANOYA
5,4,4,4,4,gemma3:27b,data_pmus_yaounde,q1_2,Agent_11,UN QUARTIER DE LA VILLE DE YAOUNDE
4,4,4,4,4,gemma3:27b,data_pmus_yaounde,q1_2_a,Agent_11,ETOA MEKI
4,4,3,4,3,gemma3:27b,data_pmus_yaounde,q1_2_b,Agent_11,ETOA
4,4,2,4,3,gemma3:27b,data_pmus_yaounde,q1_3_c,Agent_11,AFANOYA
4,3,4,4,3,gemma3:27b,data_pmus_yaounde,q2_1,Agent_11,PAR BUS STACY
4,4,2,4,3,gemma3:27b,data_pmus_yaounde,q2_2_1,Agent_11,CARREFOUR DU SOLEIL
4,4,2,4,3,gemma3:27b,data_pmus_yaounde,q2_2_2,Agent_11,CARREFOUR
4,4,2,4,3,gemma3:27b,data_pmus_yaounde,q2_3_1,Agent_11,ETOA MEKI
4,4,2,4,3,gemma3:27b,data_pmus_yaounde,q2_3_2,Agent_11,CAREFOIR
4,4,4,4,4,gemma3:27b,data_pmus_yaounde,q2_3,Agent_11,NON
4,4,2,4,3,gemma3:27b,data_pmus_yaounde,q2_4,Agent_11,PAR BUS STACY
4,4,2,4,3,gemma3:27b,data_pmus_yaounde,q2_5_1,Agent_11,ETOA MEKI
4,4,2,4,3,gemma3:27b,data_pmus_yaounde,q2_5_2,Agent_11,DANS LE QUARTIER
4,4,2,4,3,gemma3:27b,data_pmus_yaounde,q2_6_1,Agent_11,CARREFOUR
4,4,2,4,3,gemma3:27b,data_pmus_yaounde,q2_6_2,Agent_11,CARREFOUR
4,4,3,4,4,gemma3:27b,data_pmus_yaounde,q3_1,Agent_11,NON
4,3,4,4,3,gemma3:27b,data_pmus_yaounde,q3_2,Agent_11,PAR BUS STACY
4,4,3,4,3,gemma3:27b,data_pmus_yaounde,q3_3_1,Agent_11,ACACIA
4,4,2,4,3,gemma3:27b,data_pmus_yaounde,q3_3_2,Agent_11,ELIG ESSONO
4,4,2,4,2,gemma3:27b,data_pmus_yaounde,q4_1_a,Agent_11,Veuillez indiquer depuis combien de temps vous attendez.
4,3,3,4,4,gemma3:27b,data_pmus_yaounde,q4_1_b,Agent_11,MOINS DE 5 MIN
4,4,2,4,2,gemma3:27b,data_pmus_yaounde,q4_2_a,Agent_11,Veuillez indiquer depuis combien de temps vous attendez.
4,3,3,4,4,gemma3:27b,data_pmus_yaounde,q4_2_b,Agent_11,30 60 MIN
4,4,4,4,4,gemma3:27b,data_pmus_yaounde,q4_3,Agent_11,600
4,3,4,4,4,gemma3:27b,data_pmus_yaounde,q4_4,Agent_11,D MARCHES ADMINISTRATIVES ET OU SANT
3,3,3,4,3,gemma3:27b,data_pmus_yaounde,q4_4_autres,Agent_11,ACHAT
5,3,4,4,4,gemma3:27b,data_pmus_yaounde,q5_1,Agent_11,ENTRE 36 ET 45 ANS
5,3,4,4,4,gemma3:27b,data_pmus_yaounde,q5_2,Agent_11,ENTRE 30 001 ET 100 000
4,4,4,4,4,gemma3:27b,data_pmus_yaounde,q5_3,Agent_11,FEMME
4,4,2,4,3,gemma3:27b,data_pmus_yaounde,centre ville,Agent_12,YAOUNDE
5,4,4,4,4,gemma3:27b,data_pmus_yaounde,q1_1,Agent_12,HORS DE LA VILLE DE YAOUNDE
4,4,3,4,4,gemma3:27b,data_pmus_yaounde,q1_1_a,Agent_12,ABIT
4,4,3,4,3,gemma3:27b,data_pmus_yaounde,q1_1_b,Agent_12,10EME ARRET
4,4,2,4,3,gemma3:27b,data_pmus_yaounde,q1_1_c,Agent_12,AFANOYA
5,4,4,4,4,gemma3:27b,data_pmus_yaounde,q1_2,Agent_12,UN QUARTIER DE LA VILLE DE YAOUNDE
4,4,4,4,4,gemma3:27b,data_pmus_yaounde,q1_2_a,Agent_12,EKIE
4,4,3,4,3,gemma3:27b,data_pmus_yaounde,q1_2_b,Agent_12,CONCENTR
4,4,2,4,3,gemma3:27b,data_pmus_yaounde,q1_3_c,Agent_12,AFANOYA
4,3,4,4,3,gemma3:27b,data_pmus_yaounde,q2_1,Agent_12,PAR BUS STACY
4,4,2,4,3,gemma3:27b,data_pmus_yaounde,q2_2_1,Agent_12,2 CHEVEAU
4,4,2,4,3,gemma3:27b,data_pmus_yaounde,q2_2_2,Agent_12,10 E ARRET
4,4,2,4,3,gemma3:27b,data_pmus_yaounde,q2_3_1,Agent_12,A H A LA
4,4,2,4,3,gemma3:27b,data_pmus_yaounde,q2_3_2,Agent_12,AH A LA
4,4,4,4,4,gemma3:27b,data_pmus_yaounde,q2_3,Agent_12,NON
4,4,2,4,3,gemma3:27b,data_pmus_yaounde,q2_4,Agent_12,PAR BUS STACY
4,4,2,4,3,gemma3:27b,data_pmus_yaounde,q2_5_1,Agent_12,AHALA
4,4,2,4,3,gemma3:27b,data_pmus_yaounde,q2_5_2,Agent_12,0MPHINE
4,4,2,4,3,gemma3:27b,data_pmus_yaounde,q2_6_1,Agent_12,ABATTOIR
4,4,2,4,3,gemma3:27b,data_pmus_yaounde,q2_6_2,Agent_12,AHALA 2 EME ECHANGEUR
4,4,3,4,4,gemma3:27b,data_pmus_yaounde,q3_1,Agent_12,NON
4,3,4,4,3,gemma3:27b,data_pmus_yaounde,q3_2,Agent_12,PAR BUS STACY
4,4,3,4,3,gemma3:27b,data_pmus_yaounde,q3_3_1,Agent_12,ACACIA
4,4,2,4,3,gemma3:27b,data_pmus_yaounde,q3_3_2,Agent_12,10 IEME ARRET
4,4,2,4,2,gemma3:27b,data_pmus_yaounde,q4_1_a,Agent_12,Veuillez indiquer depuis combien de temps vous attendez.
4,3,3,4,4,gemma3:27b,data_pmus_yaounde,q4_1_b,Agent_12,MOINS DE 5 MIN
4,4,2,4,2,gemma3:27b,data_pmus_yaounde,q4_2_a,Agent_12,Veuillez indiquer depuis combien de temps vous attendez.
4,3,3,4,4,gemma3:27b,data_pmus_yaounde,q4_2_b,Agent_12,30 60 MIN
4,4,4,4,4,gemma3:27b,data_pmus_yaounde,q4_3,Agent_12,1500
4,3,4,4,4,gemma3:27b,data_pmus_yaounde,q4_4,Agent_12,TRAVAIL
3,3,3,4,3,gemma3:27b,data_pmus_yaounde,q4_4_autres,Agent_12,ACHAT
5,3,4,4,4,gemma3:27b,data_pmus_yaounde,q5_1,Agent_12,ENTRE 26 ET 35 ANS
5,3,4,4,4,gemma3:27b,data_pmus_yaounde,q5_2,Agent_12,MOINS DE 30 000
4,4,4,4,4,gemma3:27b,data_pmus_yaounde,q5_3,Agent_12,HOMME
4,4,2,4,3,gemma3:27b,data_pmus_yaounde,centre ville,Agent_13,YAOUNDE
5,4,4,4,4,gemma3:27b,data_pmus_yaounde,q1_1,Agent_13,HORS DE LA VILLE DE YAOUNDE
4,4,3,4,4,gemma3:27b,data_pmus_yaounde,q1_1_a,Agent_13,ABIT
4,4,3,4,3,gemma3:27b,data_pmus_yaounde,q1_1_b,Agent_13,10EME ARRET
4,4,2,4,3,gemma3:27b,data_pmus_yaounde,q1_1_c,Agent_13,AFANOYA
5,4,4,4,4,gemma3:27b,data_pmus_yaounde,q1_2,Agent_13,UN QUARTIER DE LA VILLE DE YAOUNDE
4,4,4,4,4,gemma3:27b,data_pmus_yaounde,q1_2_a,Agent_13,TKA
4,4,3,4,3,gemma3:27b,data_pmus_yaounde,q1_2_b,Agent_13,10 IEME ARRET
4,4,2,4,3,gemma3:27b,data_pmus_yaounde,q1_3_c,Agent_13,KRIBI
4,3,4,4,3,gemma3:27b,data_pmus_yaounde,q2_1,Agent_13,PAR TAXI
4,4,2,4,3,gemma3:27b,data_pmus_yaounde,q2_2_1,Agent_13,2 CHEVEAU
4,4,2,4,3,gemma3:27b,data_pmus_yaounde,q2_2_2,Agent_13,10 E ARRET
4,4,2,4,3,gemma3:27b,data_pmus_yaounde,q2_3_1,Agent_13,0LESOA
4,4,2,4,3,gemma3:27b,data_pmus_yaounde,q2_3_2,Agent_13,0NANA
5,4,4,4,4,gemma3:27b,data_pmus_yaounde,q2_3,Agent_13,NON
4,4,2,4,3,gemma3:27b,data_pmus_yaounde,q2_4,Agent_13,PAR CARGO MINI BUS
4,4,2,4,3,gemma3:27b,data_pmus_yaounde,q2_5_1,Agent_13,A B0NAS
4,4,2,4,3,gemma3:27b,data_pmus_yaounde,q2_5_2,Agent_13,CARROUF
4,4,2,4,3,gemma3:27b,data_pmus_yaounde,q2_6_1,Agent_13,ABATTOIR
4,4,2,4,3,gemma3:27b,data_pmus_yaounde,q2_6_2,Agent_13,TERMINUS ODZA
4,4,3,4,4,gemma3:27b,data_pmus_yaounde,q3_1,Agent_13,NON
4,3,4,4,3,gemma3:27b,data_pmus_yaounde,q3_2,Agent_13,PAR CARGO MINI BUS
4,4,3,4,3,gemma3:27b,data_pmus_yaounde,q3_3_1,Agent_13,ACACIA
4,4,2,4,3,gemma3:27b,data_pmus_yaounde,q3_3_2,Agent_13,10 IEME ARRET
5,4,2,4,2,gemma3:27b,data_pmus_yaounde,q4_1_a,Agent_13,Veuillez indiquer depuis combien de temps vous attendez.
4,3,3,4,4,gemma3:27b,data_pmus_yaounde,q4_1_b,Agent_13,MOINS DE 5 MIN
5,4,2,4,2,gemma3:27b,data_pmus_yaounde,q4_2_a,Agent_13,Veuillez indiquer depuis combien de temps vous attendez.
4,3,3,4,4,gemma3:27b,data_pmus_yaounde,q4_2_b,Agent_13,30 60 MIN
4,4,4,4,4,gemma3:27b,data_pmus_yaounde,q4_3,Agent_13,800
4,3,4,4,4,gemma3:27b,data_pmus_yaounde,q4_4,Agent_13,TRAVAIL
3,3,3,4,3,gemma3:27b,data_pmus_yaounde,q4_4_autres,Agent_13,ACHAT
5,3,4,4,4,gemma3:27b,data_pmus_yaounde,q5_1,Agent_13,ENTRE 36 ET 45 ANS
5,3,4,4,4,gemma3:27b,data_pmus_yaounde,q5_2,Agent_13,MOINS DE 30 000
4,4,4,4,4,gemma3:27b,data_pmus_yaounde,q5_3,Agent_13,HOMME
4,4,2,4,3,gemma3:27b,data_pmus_yaounde,centre ville,Agent_14,YAOUNDE
5,4,4,4,4,gemma3:27b,data_pmus_yaounde,q1_1,Agent_14,UN QUARTIER DE LA VILLE DE YAOUNDE
4,4,3,4,4,gemma3:27b,data_pmus_yaounde,q1_1_a,Agent_14,ABIT
4,4,3,4,3,gemma3:27b,data_pmus_yaounde,q1_1_b,Agent_14,ENCEINTE DE LUNIVERSITE
4,4,2,4,3,gemma3:27b,data_pmus_yaounde,q1_1_c,Agent_14,AFANOYA
5,4,4,4,4,gemma3:27b,data_pmus_yaounde,q1_2,Agent_14,UN QUARTIER DE LA VILLE DE YAOUNDE
4,4,4,4,4,gemma3:27b,data_pmus_yaounde,q1_2_a,Agent_14,MVOG BETSI
4,4,3,4,3,gemma3:27b,data_pmus_yaounde,q1_2_b,Agent_14,MVOG BETSI
4,4,2,4,3,gemma3:27b,data_pmus_yaounde,q1_3_c,Agent_14,AFANOYA
4,3,4,4,3,gemma3:27b,data_pmus_yaounde,q2_1,Agent_14,PAR BUS STACY
4,4,2,4,3,gemma3:27b,data_pmus_yaounde,q2_2_1,Agent_14,ROND PONT EXPRESSE
4,4,2,4,3,gemma3:27b,data_pmus_yaounde,q2_2_2,Agent_14,MVOG BETSI
4,4,2,4,3,gemma3:27b,data_pmus_yaounde,q2_3_1,Agent_14,MVOG BETSI
4,4,2,4,3,gemma3:27b,data_pmus_yaounde,q2_3_2,Agent_14,0NANA
5,4,4,4,4,gemma3:27b,data_pmus_yaounde,q2_3,Agent_14,NON
4,4,2,4,3,gemma3:27b,data_pmus_yaounde,q2_4,Agent_14,PAR BUS STACY
4,4,2,4,3,gemma3:27b,data_pmus_yaounde,q2_5_1,Agent_14,MVOG BETSI
4,4,2,4,3,gemma3:27b,data_pmus_yaounde,q2_5_2,Agent_14,0MPHINE
4,4,2,4,3,gemma3:27b,data_pmus_yaounde,q2_6_1,Agent_14,MVOG BETSI
4,4,2,4,3,gemma3:27b,data_pmus_yaounde,q2_6_2,Agent_14,11EME ARRET
4,4,3,4,4,gemma3:27b,data_pmus_yaounde,q3_1,Agent_14,NON
4,3,4,4,3,gemma3:27b,data_pmus_yaounde,q3_2,Agent_14,PAR BUS STACY
4,4,3,4,3,gemma3:27b,data_pmus_yaounde,q3_3_1,Agent_14,MVOG BETSI
4,4,2,4,3,gemma3:27b,data_pmus_yaounde,q3_3_2,Agent_14,MOKOL NYKI
5,4,2,4,2,gemma3:27b,data_pmus_yaounde,q4_1_a,Agent_14,Veuillez indiquer depuis combien de temps vous attendez.
4,3,3,4,4,gemma3:27b,data_pmus_yaounde,q4_1_b,Agent_14,MOINS DE 5 MIN
5,4,2,4,2,gemma3:27b,data_pmus_yaounde,q4_2_a,Agent_14,Veuillez indiquer depuis combien de temps vous attendez.
4,3,3,4,4,gemma3:27b,data_pmus_yaounde,q4_2_b,Agent_14,30 60 MIN
4,4,4,4,4,gemma3:27b,data_pmus_yaounde,q4_3,Agent_14,300
4,3,4,4,4,gemma3:27b,data_pmus_yaounde,q4_4,Agent_14,VISITE FAMILLE
3,3,3,4,3,gemma3:27b,data_pmus_yaounde,q4_4_autres,Agent_14,HOPITAL
5,3,4,4,4,gemma3:27b,data_pmus_yaounde,q5_1,Agent_14,ENTRE 26 ET 35 ANS
5,3,4,4,4,gemma3:27b,data_pmus_yaounde,q5_2,Agent_14,MOINS DE 30 000
4,4,4,4,4,gemma3:27b,data_pmus_yaounde,q5_3,Agent_14,HOMME
4,4,2,4,3,gemma3:27b,data_pmus_yaounde,centre ville,Agent_15,YAOUNDE
5,4,4,4,4,gemma3:27b,data_pmus_yaounde,q1_1,Agent_15,HORS DE LA VILLE DE YAOUNDE
4,4,3,4,4,gemma3:27b,data_pmus_yaounde,q1_1_a,Agent_15,NKOLKAK
4,4,3,4,3,gemma3:27b,data_pmus_yaounde,q1_1_b,Agent_15,10EME ARRET
4,4,2,4,3,gemma3:27b,data_pmus_yaounde,q1_1_c,Agent_15,AFANOYA
5,4,4,4,4,gemma3:27b,data_pmus_yaounde,q1_2,Agent_15,UN QUARTIER DE LA VILLE DE YAOUNDE
4,4,4,4,4,gemma3:27b,data_pmus_yaounde,q1_2_a,Agent_15,ABOM
4,4,3,4,3,gemma3:27b,data_pmus_yaounde,q1_2_b,Agent_15,10 IEME ARRET
4,4,2,4,3,gemma3:27b,data_pmus_yaounde,q1_3_c,Agent_15,AFANOYA
4,3,4,4,3,gemma3:27b,data_pmus_yaounde,q2_1,Agent_15,PAR BUS STACY
4,4,2,4,3,gemma3:27b,data_pmus_yaounde,q2_2_1,Agent_15,2 CHEVEAU
4,4,2,4,3,gemma3:27b,data_pmus_yaounde,q2_2_2,Agent_15,CIMMISSARIAT
4,4,2,4,3,gemma3:27b,data_pmus_yaounde,q2_3_1,Agent_15,TSINGA
4,4,2,4,3,gemma3:27b,data_pmus_yaounde,q2_3_2,Agent_15,APRES TRADEX
5,4,4,4,4,gemma3:27b,data_pmus_yaounde,q2_3,Agent_15,NON
4,4,2,4,3,gemma3:27b,data_pmus_yaounde,q2_4,Agent_15,PAR BUS STACY
4,4,2,4,3,gemma3:27b,data_pmus_yaounde,q2_5_1,Agent_15,A B0NAS
4,4,2,4,3,gemma3:27b,data_pmus_yaounde,q2_5_2,Agent_15,MOBIL
4,4,2,4,3,gemma3:27b,data_pmus_yaounde,q2_6_1,Agent_15,ABATTOIR
4,4,2,4,3,gemma3:27b,data_pmus_yaounde,q2_6_2,Agent_15,ARRET BUS
4,4,3,4,4,gemma3:27b,data_pmus_yaounde,q3_1,Agent_15,NON
4,3,4,4,3,gemma3:27b,data_pmus_yaounde,q3_2,Agent_15,A PIED
4,4,3,4,3,gemma3:27b,data_pmus_yaounde,q3_3_1,Agent_15,TSINGA
4,4,2,4,3,gemma3:27b,data_pmus_yaounde,q3_3_2,Agent_15,AUX NIVEAU DES AGENCES
5,4,2,4,2,gemma3:27b,data_pmus_yaounde,q4_1_a,Agent_15,Veuillez indiquer depuis combien de temps vous attendez.
4,3,3,4,4,gemma3:27b,data_pmus_yaounde,q4_1_b,Agent_15,MOINS DE 5 MIN
5,4,2,4,2,gemma3:27b,data_pmus_yaounde,q4_2_a,Agent_15,Veuillez indiquer depuis combien de temps vous attendez.
4,3,3,4,4,gemma3:27b,data_pmus_yaounde,q4_2_b,Agent_15,30 60 MIN
4,4,4,4,4,gemma3:27b,data_pmus_yaounde,q4_3,Agent_15,550
4,3,4,4,4,gemma3:27b,data_pmus_yaounde,q4_4,Agent_15,TRAVAIL
3,3,3,4,3,gemma3:27b,data_pmus_yaounde,q4_4_autres,Agent_15,ACHAT
5,3,4,4,4,gemma3:27b,data_pmus_yaounde,q5_1,Agent_15,ENTRE 18 ET 25 ANS
5,3,4,4,4,gemma3:27b,data_pmus_yaounde,q5_2,Agent_15,MOINS DE 30 000
4,4,4,4,4,gemma3:27b,data_pmus_yaounde,q5_3,Agent_15,HOMME
4,4,2,4,3,gemma3:27b,data_pmus_yaounde,centre ville,Agent_16,YAOUNDE
5,4,4,4,4,gemma3:27b,data_pmus_yaounde,q1_1,Agent_16,UN QUARTIER DE LA VILLE DE YAOUNDE
4,4,3,4,4,gemma3:27b,data_pmus_yaounde,q1_1_a,Agent_16,BARRIERE
4,4,3,4,3,gemma3:27b,data_pmus_yaounde,q1_1_b,Agent_16,SEPT APPARTEMENTS
4,4,2,4,3,gemma3:27b,data_pmus_yaounde,q1_1_c,Agent_16,NOMAYOS
5,4,4,4,4,gemma3:27b,data_pmus_yaounde,q1_2,Agent_16,UN QUARTIER DE LA VILLE DE YAOUNDE
4,4,4,4,4,gemma3:27b,data_pmus_yaounde,q1_2_a,Agent_16,NOMAYOS
4,4,3,4,3,gemma3:27b,data_pmus_yaounde,q1_2_b,Agent_16,10 IEME ARRET
4,4,2,4,3,gemma3:27b,data_pmus_yaounde,q1_3_c,Agent_16,NOMAYOS
4,3,4,4,3,gemma3:27b,data_pmus_yaounde,q2_1,Agent_16,PAR BUS STACY
4,4,2,4,3,gemma3:27b,data_pmus_yaounde,q2_2_1,Agent_16,TERMINUS
4,4,2,4,3,gemma3:27b,data_pmus_yaounde,q2_2_2,Agent_16,BARRIERRAE
4,4,2,4,3,gemma3:27b,data_pmus_yaounde,q2_3_1,Agent_16,BARRIERE
4,4,2,4,3,gemma3:27b,data_pmus_yaounde,q2_3_2,Agent_16,0NANA
5,4,4,4,4,gemma3:27b,data_pmus_yaounde,q2_3,Agent_16,NON
4,4,2,4,3,gemma3:27b,data_pmus_yaounde,q2_4,Agent_16,PAR BUS STACY
4,4,2,4,3,gemma3:27b,data_pmus_yaounde,q2_5_1,Agent_16,A B0NAS
4,4,2,4,3,gemma3:27b,data_pmus_yaounde,q2_5_2,Agent_16,NIVEAU DES LAMPADER
4,4,2,4,3,gemma3:27b,data_pmus_yaounde,q2_6_1,Agent_16,BARRIERE
4,4,2,4,3,gemma3:27b,data_pmus_yaounde,q2_6_2,Agent_16,ROND POINT NLONGKAK
4,4,3,4,4,gemma3:27b,data_pmus_yaounde,q3_1,Agent_16,NON
4,3,4,4,3,gemma3:27b,data_pmus_yaounde,q3_2,Agent_16,PAR BUS STACY
4,4,3,4,3,gemma3:27b,data_pmus_yaounde,q3_3_1,Agent_16,NOMAYOS
4,4,2,4,3,gemma3:27b,data_pmus_yaounde,q3_3_2,Agent_16,ARRET BUS
5,4,2,4,2,gemma3:27b,data_pmus_yaounde,q4_1_a,Agent_16,Veuillez indiquer depuis combien de temps vous attendez.
4,3,3,4,4,gemma3:27b,data_pmus_yaounde,q4_1_b,Agent_16,MOINS DE 5 MIN
5,4,2,4,2,gemma3:27b,data_pmus_yaounde,q4_2_a,Agent_16,Veuillez indiquer depuis combien de temps vous attendez.
4,3,3,4,4,gemma3:27b,data_pmus_yaounde,q4_2_b,Agent_16,30 60 MIN
4,4,4,4,4,gemma3:27b,data_pmus_yaounde,q4_3,Agent_16,600
4,3,4,4,4,gemma3:27b,data_pmus_yaounde,q4_4,Agent_16,D MARCHES ADMINISTRATIVES ET OU SANT
3,3,3,4,3,gemma3:27b,data_pmus_yaounde,q4_4_autres,Agent_16,CONSULTATION
5,3,4,4,4,gemma3:27b,data_pmus_yaounde,q5_1,Agent_16,ENTRE 36 ET 45 ANS
5,3,4,4,4,gemma3:27b,data_pmus_yaounde,q5_2,Agent_16,ENTRE 30 001 ET 100 000
4,4,4,4,4,gemma3:27b,data_pmus_yaounde,q5_3,Agent_16,HOMME
4,4,2,4,3,gemma3:27b,data_pmus_yaounde,centre ville,Agent_17,YAOUNDE
5,4,4,4,4,gemma3:27b,data_pmus_yaounde,q1_1,Agent_17,HORS DE LA VILLE DE YAOUNDE
4,4,3,4,4,gemma3:27b,data_pmus_yaounde,q1_1_a,Agent_17,MVOG BETSI
4,4,3,4,3,gemma3:27b,data_pmus_yaounde,q1_1_b,Agent_17,10EME ARRET
4,4,2,4,3,gemma3:27b,data_pmus_yaounde,q1_1_c,Agent_17,AFANOYA
5,4,4,4,4,gemma3:27b,data_pmus_yaounde,q1_2,Agent_17,UN QUARTIER DE LA VILLE DE YAOUNDE
4,4,4,4,4,gemma3:27b,data_pmus_yaounde,q1_2_a,Agent_17,BEATITUDE
4,4,3,4,3,gemma3:27b,data_pmus_yaounde,q1_2_b,Agent_17,10 IEME ARRET
4,4,2,4,3,gemma3:27b,data_pmus_yaounde,q1_3_c,Agent_17,AFANOYA
4,3,4,4,3,gemma3:27b,data_pmus_yaounde,q2_1,Agent_17,A PIED
4,4,2,4,3,gemma3:27b,data_pmus_yaounde,q2_2_1,Agent_17,MVOG BETSI
4,4,2,4,3,gemma3:27b,data_pmus_yaounde,q2_2_2,Agent_17,10 E ARRET
4,4,2,4,3,gemma3:27b,data_pmus_yaounde,q2_3_1,Agent_17,0LESOA
4,4,2,4,3,gemma3:27b,data_pmus_yaounde,q2_3_2,Agent_17,BEATUDE
5,4,4,4,4,gemma3:27b,data_pmus_yaounde,q2_3,Agent_17,OUI
4,4,2,4,3,gemma3:27b,data_pmus_yaounde,q2_4,Agent_17,PAR BUS STACY
4,4,2,4,3,gemma3:27b,data_pmus_yaounde,q2_5_1,Agent_17,MVOG BETSI
4,4,2,4,3,gemma3:27b,data_pmus_yaounde,q2_5_2,Agent_17,0MPHINE
4,4,2,4,3,gemma3:27b,data_pmus_yaounde,q2_6_1,Agent_17,BEATITUDE
4,4,2,4,3,gemma3:27b,data_pmus_yaounde,q2_6_2,Agent_17,MIMBOMAN TERMINUS
4,4,3,4,4,gemma3:27b,data_pmus_yaounde,q3_1,Agent_17,NON
4,3,4,4,3,gemma3:27b,data_pmus_yaounde,q3_2,Agent_17,PAR BUS AGENCE INTERURBAIN
4,4,3,4,3,gemma3:27b,data_pmus_yaounde,q3_3_1,Agent_17,MVOG BETSI
4,4,2,4,3,gemma3:27b,data_pmus_yaounde,q3_3_2,Agent_17,MVOG BETSI
5,4,2,4,2,gemma3:27b,data_pmus_yaounde,q4_1_a,Agent_17,Veuillez indiquer depuis combien de temps vous attendez.
4,3,3,4,4,gemma3:27b,data_pmus_yaounde,q4_1_b,Agent_17,PLUS DE 20 MINUTES
5,4,2,4,2,gemma3:27b,data_pmus_yaounde,q4_2_a,Agent_17,Veuillez indiquer depuis combien de temps vous attendez.
4,3,3,4,4,gemma3:27b,data_pmus_yaounde,q4_2_b,Agent_17,30 60 MIN
4,4,4,4,4,gemma3:27b,data_pmus_yaounde,q4_3,Agent_17,800
4,3,4,4,4,gemma3:27b,data_pmus_yaounde,q4_4,Agent_17,TRAVAIL
3,3,3,4,3,gemma3:27b,data_pmus_yaounde,q4_4_autres,Agent_17,RECUPERE SON VEHICULE
5,3,4,4,4,gemma3:27b,data_pmus_yaounde,q5_1,Agent_17,ENTRE 36 ET 45 ANS
5,3,4,4,4,gemma3:27b,data_pmus_yaounde,q5_2,Agent_17,MOINS DE 30 000
4,4,4,4,4,gemma3:27b,data_pmus_yaounde,q5_3,Agent_17,HOMME
4,4,2,4,3,gemma3:27b,data_pmus_yaounde,centre ville,Agent_18,YAOUNDE
5,4,4,4,4,gemma3:27b,data_pmus_yaounde,q1_1,Agent_18,HORS DE LA VILLE DE YAOUNDE
4,4,3,4,4,gemma3:27b,data_pmus_yaounde,q1_1_a,Agent_18,ABIT
4,4,3,4,3,gemma3:27b,data_pmus_yaounde,q1_1_b,Agent_18,STADE MILITAIRE
4,4,2,4,3,gemma3:27b,data_pmus_yaounde,q1_1_c,Agent_18,AFANOYA
5,4,4,4,4,gemma3:27b,data_pmus_yaounde,q1_2,Agent_18,UN QUARTIER DE LA VILLE DE YAOUNDE
4,4,4,4,4,gemma3:27b,data_pmus_yaounde,q1_2_a,Agent_18,ABOM
4,4,3,4,3,gemma3:27b,data_pmus_yaounde,q1_2_b,Agent_18,10 IEME ARRET
4,4,2,4,3,gemma3:27b,data_pmus_yaounde,q1_3_c,Agent_18,AFANOYA
4,3,4,4,3,gemma3:27b,data_pmus_yaounde,q2_1,Agent_18,PAR TAXI
4,4,2,4,3,gemma3:27b,data_pmus_yaounde,q2_2_1,Agent_18,2 CHEVEAU
4,4,2,4,3,gemma3:27b,data_pmus_yaounde,q2_2_2,Agent_18,NYOM2
4,4,2,4,3,gemma3:27b,data_pmus_yaounde,q2_3_1,Agent_18,CENTRE VILLE
4,4,2,4,3,gemma3:27b,data_pmus_yaounde,q2_3_2,Agent_18,CARREFOURETOUDI
5,4,4,4,4,gemma3:27b,data_pmus_yaounde,q2_3,Agent_18,NON
4,4,2,4,3,gemma3:27b,data_pmus_yaounde,q2_4,Agent_18,PAR TAXI
4,4,2,4,3,gemma3:27b,data_pmus_yaounde,q2_5_1,Agent_18,A B0NAS
4,4,2,4,3,gemma3:27b,data_pmus_yaounde,q2_5_2,Agent_18,ENTREE ESSO
4,4,2,4,3,gemma3:27b,data_pmus_yaounde,q2_6_1,Agent_18,STADE
4,4,2,4,3,gemma3:27b,data_pmus_yaounde,q2_6_2,Agent_18,PALAIS DE CONGRES
4,4,3,4,4,gemma3:27b,data_pmus_yaounde,q3_1,Agent_18,NON
4,3,4,4,3,gemma3:27b,data_pmus_yaounde,q3_2,Agent_18,PAR CARGO MINI BUS
4,4,3,4,3,gemma3:27b,data_pmus_yaounde,q3_3_1,Agent_18,ACACIA
4,4,2,4,3,gemma3:27b,data_pmus_yaounde,q3_3_2,Agent_18,MINI PRIX
5,4,2,4,2,gemma3:27b,data_pmus_yaounde,q4_1_a,Agent_18,Veuillez indiquer depuis combien de temps vous attendez.
4,3,3,4,4,gemma3:27b,data_pmus_yaounde,q4_1_b,Agent_18,MOINS DE 5 MIN
5,4,2,4,2,gemma3:27b,data_pmus_yaounde,q4_2_a,Agent_18,Veuillez indiquer depuis combien de temps vous attendez.
4,3,3,4,4,gemma3:27b,data_pmus_yaounde,q4_2_b,Agent_18,30 60 MIN
4,4,4,4,4,gemma3:27b,data_pmus_yaounde,q4_3,Agent_18,800
4,3,4,4,4,gemma3:27b,data_pmus_yaounde,q4_4,Agent_18,VISITE FAMILLE
3,3,3,4,3,gemma3:27b,data_pmus_yaounde,q4_4_autres,Agent_18,ACHAT
5,3,4,4,4,gemma3:27b,data_pmus_yaounde,q5_1,Agent_18,ENTRE 36 ET 45 ANS
5,3,4,4,4,gemma3:27b,data_pmus_yaounde,q5_2,Agent_18,ENTRE 30 001 ET 100 000
4,4,4,4,4,gemma3:27b,data_pmus_yaounde,q5_3,Agent_18,HOMME
4,4,2,4,3,gemma3:27b,data_pmus_yaounde,centre ville,Agent_19,YAOUNDE
5,4,4,4,4,gemma3:27b,data_pmus_yaounde,q1_1,Agent_19,UN QUARTIER DE LA VILLE DE YAOUNDE
4,4,3,4,4,gemma3:27b,data_pmus_yaounde,q1_1_a,Agent_19,MVAN
4,4,3,4,3,gemma3:27b,data_pmus_yaounde,q1_1_b,Agent_19,ELIG EDO
4,4,2,4,3,gemma3:27b,data_pmus_yaounde,q1_1_c,Agent_19,AFANOYA
5,4,4,4,4,gemma3:27b,data_pmus_yaounde,q1_2,Agent_19,UN QUARTIER DE LA VILLE DE YAOUNDE
4,4,4,4,4,gemma3:27b,data_pmus_yaounde,q1_2_a,Agent_19,DAMAS
4,4,3,4,3,gemma3:27b,data_pmus_yaounde,q1_2_b,Agent_19,10 IEME ARRET
4,4,2,4,3,gemma3:27b,data_pmus_yaounde,q1_3_c,Agent_19,AFANOYA
4,3,4,4,3,gemma3:27b,data_pmus_yaounde,q2_1,Agent_19,A PIED
4,4,2,4,3,gemma3:27b,data_pmus_yaounde,q2_2_1,Agent_19,2 CHEVEAU
4,4,2,4,3,gemma3:27b,data_pmus_yaounde,q2_2_2,Agent_19,CARREFOUR
4,4,2,4,3,gemma3:27b,data_pmus_yaounde,q2_3_1,Agent_19,DAMAS
4,4,2,4,3,gemma3:27b,data_pmus_yaounde,q2_3_2,Agent_19,ROND POINTVDAMAS
5,4,4,4,4,gemma3:27b,data_pmus_yaounde,q2_3,Agent_19,OUI
4,4,2,4,3,gemma3:27b,data_pmus_yaounde,q2_4,Agent_19,PAR TAXI
4,4,2,4,3,gemma3:27b,data_pmus_yaounde,q2_5_1,Agent_19,A B0NAS
4,4,2,4,3,gemma3:27b,data_pmus_yaounde,q2_5_2,Agent_19,STADE OMINSPORT
4,4,2,4,3,gemma3:27b,data_pmus_yaounde,q2_6_1,Agent_19,DAMAS
4,4,2,4,3,gemma3:27b,data_pmus_yaounde,q2_6_2,Agent_19,TERMINUS ODZA
4,4,3,4,4,gemma3:27b,data_pmus_yaounde,q3_1,Agent_19,NON
4,3,4,4,3,gemma3:27b,data_pmus_yaounde,q3_2,Agent_19,PAR TAXI
4,4,3,4,3,gemma3:27b,data_pmus_yaounde,q3_3_1,Agent_19,ACACIA
4,4,2,4,3,gemma3:27b,data_pmus_yaounde,q3_3_2,Agent_19,10 IEME ARRET
5,4,2,4,2,gemma3:27b,data_pmus_yaounde,q4_1_a,Agent_19,Veuillez indiquer depuis combien de temps vous attendez.
4,3,3,4,4,gemma3:27b,data_pmus_yaounde,q4_1_b,Agent_19,MOINS DE 5 MIN
5,4,2,4,2,gemma3:27b,data_pmus_yaounde,q4_2_a,Agent_19,Veuillez indiquer depuis combien de temps vous attendez.
4,3,3,4,4,gemma3:27b,data_pmus_yaounde,q4_2_b,Agent_19,30 60 MIN
4,4,4,4,4,gemma3:27b,data_pmus_yaounde,q4_3,Agent_19,5000
4,3,4,4,4,gemma3:27b,data_pmus_yaounde,q4_4,Agent_19,VISITE FAMILLE
3,3,3,4,3,gemma3:27b,data_pmus_yaounde,q4_4_autres,Agent_19,ACHAT
5,3,4,4,4,gemma3:27b,data_pmus_yaounde,q5_1,Agent_19,PLUS DE 65 ANS
5,3,4,4,4,gemma3:27b,data_pmus_yaounde,q5_2,Agent_19,ENTRE 30 001 ET 100 000
4,4,4,4,4,gemma3:27b,data_pmus_yaounde,q5_3,Agent_19,FEMME
4,4,2,4,3,gemma3:27b,data_pmus_yaounde,centre ville,Agent_20,YAOUNDE
5,4,4,4,4,gemma3:27b,data_pmus_yaounde,q1_1,Agent_20,UN QUARTIER DE LA VILLE DE YAOUNDE
4,4,3,4,4,gemma3:27b,data_pmus_yaounde,q1_1_a,Agent_20,BAABA
4,4,3,4,3,gemma3:27b,data_pmus_yaounde,q1_1_b,Agent_20,10EME ARRET
4,4,2,4,3,gemma3:27b,data_pmus_yaounde,q1_1_c,Agent_20,AFANOYA
5,4,4,4,4,gemma3:27b,data_pmus_yaounde,q1_2,Agent_20,UN QUARTIER DE LA VILLE DE YAOUNDE
4,4,4,4,4,gemma3:27b,data_pmus_yaounde,q1_2_a,Agent_20,CARREFOUR MEEC
4,4,3,4,3,gemma3:27b,data_pmus_yaounde,q1_2_b,Agent_20,10 IEME ARRET
4,4,2,4,3,gemma3:27b,data_pmus_yaounde,q1_3_c,Agent_20,AFANOYA
4,3,4,4,3,gemma3:27b,data_pmus_yaounde,q2_1,Agent_20,PAR BUS STACY
4,4,2,4,3,gemma3:27b,data_pmus_yaounde,q2_2_1,Agent_20,2 CHEVEAU
4,4,2,4,3,gemma3:27b,data_pmus_yaounde,q2_2_2,Agent_20,10 E ARRET
4,4,2,4,3,gemma3:27b,data_pmus_yaounde,q2_3_1,Agent_20,MINI FERME
4,4,2,4,3,gemma3:27b,data_pmus_yaounde,q2_3_2,Agent_20,MINFI
5,4,4,4,4,gemma3:27b,data_pmus_yaounde,q2_3,Agent_20,NON
4,4,2,4,3,gemma3:27b,data_pmus_yaounde,q2_4,Agent_20,PAR BUS STACY
4,4,2,4,3,gemma3:27b,data_pmus_yaounde,q2_5_1,Agent_20,MINI FERME
4,4,2,4,3,gemma3:27b,data_pmus_yaounde,q2_5_2,Agent_20,TRACOM
4,4,2,4,3,gemma3:27b,data_pmus_yaounde,q2_6_1,Agent_20,ABATTOIR
4,4,2,4,3,gemma3:27b,data_pmus_yaounde,q2_6_2,Agent_20,11EME ARRET
4,4,3,4,4,gemma3:27b,data_pmus_yaounde,q3_1,Agent_20,NON
4,3,4,4,3,gemma3:27b,data_pmus_yaounde,q3_2,Agent_20,PAR BUS STACY
4,4,3,4,3,gemma3:27b,data_pmus_yaounde,q3_3_1,Agent_20,ACACIA
4,4,2,4,3,gemma3:27b,data_pmus_yaounde,q3_3_2,Agent_20,10 IEME ARRET
5,4,2,4,2,gemma3:27b,data_pmus_yaounde,q4_1_a,Agent_20,Veuillez indiquer depuis combien de temps vous attendez.
4,3,3,4,4,gemma3:27b,data_pmus_yaounde,q4_1_b,Agent_20,MOINS DE 5 MIN
5,4,2,4,2,gemma3:27b,data_pmus_yaounde,q4_2_a,Agent_20,Veuillez indiquer depuis combien de temps vous attendez.
4,3,3,4,4,gemma3:27b,data_pmus_yaounde,q4_2_b,Agent_20,30 60 MIN
4,4,4,4,4,gemma3:27b,data_pmus_yaounde,q4_3,Agent_20,500
4,3,4,4,4,gemma3:27b,data_pmus_yaounde,q4_4,Agent_20,ACTIVIT S DE LOISIRS
3,3,3,4,3,gemma3:27b,data_pmus_yaounde,q4_4_autres,Agent_20,FAIRE DU MARCHE
5,3,4,4,4,gemma3:27b,data_pmus_yaounde,q5_1,Agent_20,ENTRE 18 ET 25 ANS
5,3,4,4,4,gemma3:27b,data_pmus_yaounde,q5_2,Agent_20,ENTRE 30 001 ET 100 000
4,4,4,4,4,gemma3:27b,data_pmus_yaounde,q5_3,Agent_20,HOMME
4,4,2,4,3,gemma3:27b,data_pmus_yaounde,centre ville,Agent_21,YAOUNDE
5,4,4,4,4,gemma3:27b,data_pmus_yaounde,q1_1,Agent_21,HORS DE LA VILLE DE YAOUNDE
4,4,3,4,4,gemma3:27b,data_pmus_yaounde,q1_1_a,Agent_21,ABIT
4,4,3,4,3,gemma3:27b,data_pmus_yaounde,q1_1_b,Agent_21,10EME ARRET
4,4,2,4,3,gemma3:27b,data_pmus_yaounde,q1_1_c,Agent_21,AFANOYA
5,4,4,4,4,gemma3:27b,data_pmus_yaounde,q1_2,Agent_21,HORS DE LA VILLE DE YAOUNDE
4,4,4,4,4,gemma3:27b,data_pmus_yaounde,q1_2_a,Agent_21,MELEN
4,4,3,4,3,gemma3:27b,data_pmus_yaounde,q1_2_b,Agent_21,10 IEME ARRET
4,4,2,4,3,gemma3:27b,data_pmus_yaounde,q1_3_c,Agent_21,AFANOYA
4,3,4,4,3,gemma3:27b,data_pmus_yaounde,q2_1,Agent_21,PAR BUS STACY
4,4,2,4,3,gemma3:27b,data_pmus_yaounde,q2_2_1,Agent_21,MONTEE PARC
4,4,2,4,3,gemma3:27b,data_pmus_yaounde,q2_2_2,Agent_21,10 E ARRET
4,4,2,4,3,gemma3:27b,data_pmus_yaounde,q2_3_1,Agent_21,MELEN
4,4,2,4,3,gemma3:27b,data_pmus_yaounde,q2_3_2,Agent_21,TOTALE MELEN
5,4,4,4,4,gemma3:27b,data_pmus_yaounde,q2_3,Agent_21,NON
4,4,2,4,3,gemma3:27b,data_pmus_yaounde,q2_4,Agent_21,PAR BUS STACY
4,4,2,4,3,gemma3:27b,data_pmus_yaounde,q2_5_1,Agent_21,MELEN
4,4,2,4,3,gemma3:27b,data_pmus_yaounde,q2_5_2,Agent_21,0MPHINE
4,4,2,4,3,gemma3:27b,data_pmus_yaounde,q2_6_1,Agent_21,MELEN
4,4,2,4,3,gemma3:27b,data_pmus_yaounde,q2_6_2,Agent_21,BISCUITERIE
4,4,3,4,4,gemma3:27b,data_pmus_yaounde,q3_1,Agent_21,OUI
4,3,4,4,3,gemma3:27b,data_pmus_yaounde,q3_2,Agent_21,PAR BUS STACY
4,4,3,4,3,gemma3:27b,data_pmus_yaounde,q3_3_1,Agent_21,MELEN
4,4,2,4,3,gemma3:27b,data_pmus_yaounde,q3_3_2,Agent_21,10 IEME ARRET
5,4,2,4,2,gemma3:27b,data_pmus_yaounde,q4_1_a,Agent_21,Veuillez indiquer depuis combien de temps vous attendez.
4,3,3,4,4,gemma3:27b,data_pmus_yaounde,q4_1_b,Agent_21,MOINS DE 5 MIN
5,4,2,4,2,gemma3:27b,data_pmus_yaounde,q4_2_a,Agent_21,Veuillez indiquer depuis combien de temps vous attendez.
4,3,3,4,4,gemma3:27b,data_pmus_yaounde,q4_2_b,Agent_21,30 60 MIN
4,4,4,4,4,gemma3:27b,data_pmus_yaounde,q4_3,Agent_21,1200
4,3,4,4,4,gemma3:27b,data_pmus_yaounde,q4_4,Agent_21,COURSES
3,3,3,4,3,gemma3:27b,data_pmus_yaounde,q4_4_autres,Agent_21,COURS
5,3,4,4,4,gemma3:27b,data_pmus_yaounde,q5_1,Agent_21,MOINS DE 18 ANS
5,3,4,4,4,gemma3:27b,data_pmus_yaounde,q5_2,Agent_21,ENTRE 30 001 ET 100 000
4,4,4,4,4,gemma3:27b,data_pmus_yaounde,q5_3,Agent_21,FEMME
4,4,2,4,3,gemma3:27b,data_pmus_yaounde,centre ville,Agent_22,YAOUNDE
5,4,4,4,4,gemma3:27b,data_pmus_yaounde,q1_1,Agent_22,UN QUARTIER DE LA VILLE DE YAOUNDE
4,4,3,4,4,gemma3:27b,data_pmus_yaounde,q1_1_a,Agent_22,NSIMEYONG
4,4,3,4,3,gemma3:27b,data_pmus_yaounde,q1_1_b,Agent_22,CAPELLE
1,1,1,1,3,gemma3:27b,data_pmus_yaounde,q1_1_c,Agent_22,nan
5,4,4,4,4,gemma3:27b,data_pmus_yaounde,q1_2,Agent_22,UN QUARTIER DE LA VILLE DE YAOUNDE
4,4,4,4,4,gemma3:27b,data_pmus_yaounde,q1_2_a,Agent_22,FOUDA
4,4,3,4,3,gemma3:27b,data_pmus_yaounde,q1_2_b,Agent_22,10 IEME ARRET
4,4,2,4,3,gemma3:27b,data_pmus_yaounde,q1_3_c,Agent_22,AFANOYA
4,3,4,4,3,gemma3:27b,data_pmus_yaounde,q2_1,Agent_22,PAR BUS STACY
4,4,2,4,3,gemma3:27b,data_pmus_yaounde,q2_2_1,Agent_22,2 CHEVEAU
4,4,2,4,3,gemma3:27b,data_pmus_yaounde,q2_2_2,Agent_22,ENTREE STADE
4,4,2,4,3,gemma3:27b,data_pmus_yaounde,q2_3_1,Agent_22,FOUDA
4,4,2,4,3,gemma3:27b,data_pmus_yaounde,q2_3_2,Agent_22,DISPENSAIRE
5,4,4,4,4,gemma3:27b,data_pmus_yaounde,q2_3,Agent_22,NON
4,4,2,4,3,gemma3:27b,data_pmus_yaounde,q2_4,Agent_22,PAR BUS STACY
4,4,2,4,3,gemma3:27b,data_pmus_yaounde,q2_5_1,Agent_22,FOUDA
4,4,2,4,3,gemma3:27b,data_pmus_yaounde,q2_5_2,Agent_22,FACE MAIRI
4,4,2,4,3,gemma3:27b,data_pmus_yaounde,q2_6_1,Agent_22,FOUDA
4,4,2,4,3,gemma3:27b,data_pmus_yaounde,q2_6_2,Agent_22,GARE VOYAGEUR
4,4,3,4,4,gemma3:27b,data_pmus_yaounde,q3_1,Agent_22,NON
4,3,4,4,3,gemma3:27b,data_pmus_yaounde,q3_2,Agent_22,PAR BUS STACY
4,4,3,4,3,gemma3:27b,data_pmus_yaounde,q3_3_1,Agent_22,ACACIA
4,4,2,4,3,gemma3:27b,data_pmus_yaounde,q3_3_2,Agent_22,NSIMEYONG
5,4,2,4,2,gemma3:27b,data_pmus_yaounde,q4_1_a,Agent_22,Veuillez indiquer depuis combien de temps vous attendez.
4,3,3,4,4,gemma3:27b,data_pmus_yaounde,q4_1_b,Agent_22,MOINS DE 5 MIN
5,4,2,4,2,gemma3:27b,data_pmus_yaounde,q4_2_a,Agent_22,Veuillez indiquer depuis combien de temps vous attendez.
4,3,3,4,4,gemma3:27b,data_pmus_yaounde,q4_2_b,Agent_22,30 60 MIN
4,4,4,4,4,gemma3:27b,data_pmus_yaounde,q4_3,Agent_22,800
4,3,4,4,4,gemma3:27b,data_pmus_yaounde,q4_4,Agent_22,D MARCHES ADMINISTRATIVES ET OU SANT
3,3,3,4,3,gemma3:27b,data_pmus_yaounde,q4_4_autres,Agent_22,CONSULTATION
5,3,4,4,4,gemma3:27b,data_pmus_yaounde,q5_1,Agent_22,ENTRE 36 ET 45 ANS
5,3,4,4,4,gemma3:27b,data_pmus_yaounde,q5_2,Agent_22,ENTRE 300 001 ET 500 000
4,4,4,4,4,gemma3:27b,data_pmus_yaounde,q5_3,Agent_22,FEMME
4,4,2,4,3,gemma3:27b,data_pmus_yaounde,centre ville,Agent_23,YAOUNDE
5,4,4,4,4,gemma3:27b,data_pmus_yaounde,q1_1,Agent_23,HORS DE LA VILLE DE YAOUNDE
4,4,3,4,4,gemma3:27b,data_pmus_yaounde,q1_1_a,Agent_23,ABIT
4,4,3,4,3,gemma3:27b,data_pmus_yaounde,q1_1_b,Agent_23,10EME ARRET
4,4,2,4,3,gemma3:27b,data_pmus_yaounde,q1_1_c,Agent_23,AFANOYA
5,4,4,4,4,gemma3:27b,data_pmus_yaounde,q1_2,Agent_23,UN QUARTIER DE LA VILLE DE YAOUNDE
4,4,4,4,4,gemma3:27b,data_pmus_yaounde,q1_2_a,Agent_23,ABOM
4,4,3,4,3,gemma3:27b,data_pmus_yaounde,q1_2_b,Agent_23,10 IEME ARRET
4,4,2,4,3,gemma3:27b,data_pmus_yaounde,q1_3_c,Agent_23,AFANOYA
4,3,4,4,3,gemma3:27b,data_pmus_yaounde,q2_1,Agent_23,A PIED
4,4,2,4,3,gemma3:27b,data_pmus_yaounde,q2_2_1,Agent_23,2 CHEVEAU
4,4,2,4,3,gemma3:27b,data_pmus_yaounde,q2_2_2,Agent_23,LICEE DAHALA
4,4,2,4,3,gemma3:27b,data_pmus_yaounde,q2_3_1,Agent_23,0LESOA
4,4,2,4,3,gemma3:27b,data_pmus_yaounde,q2_3_2,Agent_23,BRASSERI
5,4,4,4,4,gemma3:27b,data_pmus_yaounde,q2_3,Agent_23,NON
4,4,2,4,3,gemma3:27b,data_pmus_yaounde,q2_4,Agent_23,A PIED
4,4,2,4,3,gemma3:27b,data_pmus_yaounde,q2_5_1,Agent_23,CENTRE VILLE
4,4,2,4,3,gemma3:27b,data_pmus_yaounde,q2_5_2,Agent_23,0MPHINE
4,4,2,4,3,gemma3:27b,data_pmus_yaounde,q2_6_1,Agent_23,ABATTOIR
4,4,2,4,3,gemma3:27b,data_pmus_yaounde,q2_6_2,Agent_23,BORNE FONTAINE
4,4,3,4,4,gemma3:27b,data_pmus_yaounde,q3_1,Agent_23,NON
4,3,4,4,3,gemma3:27b,data_pmus_yaounde,q3_2,Agent_23,A PIED
4,4,3,4,3,gemma3:27b,data_pmus_yaounde,q3_3_1,Agent_23,RUE FOE
4,4,2,4,3,gemma3:27b,data_pmus_yaounde,q3_3_2,Agent_23,10 IEME ARRET
5,4,2,4,2,gemma3:27b,data_pmus_yaounde,q4_1_a,Agent_23,Veuillez indiquer depuis combien de temps vous attendez.
4,3,3,4,4,gemma3:27b,data_pmus_yaounde,q4_1_b,Agent_23,MOINS DE 5 MIN
5,4,2,4,2,gemma3:27b,data_pmus_yaounde,q4_2_a,Agent_23,Veuillez indiquer depuis combien de temps vous attendez.
4,3,3,4,4,gemma3:27b,data_pmus_yaounde,q4_2_b,Agent_23,15 30 MIN
4,4,4,4,4,gemma3:27b,data_pmus_yaounde,q4_3,Agent_23,500
4,3,4,4,4,gemma3:27b,data_pmus_yaounde,q4_4,Agent_23,COURSES
3,3,3,4,3,gemma3:27b,data_pmus_yaounde,q4_4_autres,Agent_23,FAIRE DU MARCHE
5,3,4,4,4,gemma3:27b,data_pmus_yaounde,q5_1,Agent_23,ENTRE 26 ET 35 ANS
5,3,4,4,4,gemma3:27b,data_pmus_yaounde,q5_2,Agent_23,ENTRE 30 001 ET 100 000
4,4,4,4,4,gemma3:27b,data_pmus_yaounde,q5_3,Agent_23,HOMME
4,4,2,4,3,gemma3:27b,data_pmus_yaounde,centre ville,Agent_24,YAOUNDE
5,4,4,4,4,gemma3:27b,data_pmus_yaounde,q1_1,Agent_24,UN QUARTIER DE LA VILLE DE YAOUNDE
4,4,3,4,4,gemma3:27b,data_pmus_yaounde,q1_1_a,Agent_24,MVOG ADA
4,4,3,4,3,gemma3:27b,data_pmus_yaounde,q1_1_b,Agent_24,BOUKARI
4,4,2,4,3,gemma3:27b,data_pmus_yaounde,q1_1_c,Agent_24,MVOG ADA
5,4,4,4,4,gemma3:27b,data_pmus_yaounde,q1_2,Agent_24,UN QUARTIER DE LA VILLE DE YAOUNDE
4,4,4,4,4,gemma3:27b,data_pmus_yaounde,q1_2_a,Agent_24,NKOLGA
4,4,3,4,3,gemma3:27b,data_pmus_yaounde,q1_2_b,Agent_24,RUENSIMALEN
4,4,2,4,3,gemma3:27b,data_pmus_yaounde,q1_3_c,Agent_24,AFANOYA
4,3,4,4,3,gemma3:27b,data_pmus_yaounde,q2_1,Agent_24,PAR BUS STACY
4,4,2,4,3,gemma3:27b,data_pmus_yaounde,q2_2_1,Agent_24,2 CHEVEAU
4,4,2,4,3,gemma3:27b,data_pmus_yaounde,q2_2_2,Agent_24,10 E ARRET
4,4,2,4,3,gemma3:27b,data_pmus_yaounde,q2_3_1,Agent_24,0LESOA
4,4,2,4,3,gemma3:27b,data_pmus_yaounde,q2_3_2,Agent_24,0NANA
5,4,4,4,4,gemma3:27b,data_pmus_yaounde,q2_3,Agent_24,NON
4,4,2,4,3,gemma3:27b,data_pmus_yaounde,q2_4,Agent_24,PAR BUS STACY
4,4,2,4,3,gemma3:27b,data_pmus_yaounde,q2_5_1,Agent_24,A B0NAS
4,4,2,4,3,gemma3:27b,data_pmus_yaounde,q2_5_2,Agent_24,TERMINUS
4,4,2,4,3,gemma3:27b,data_pmus_yaounde,q2_6_1,Agent_24,ABATTOIR
4,4,2,4,3,gemma3:27b,data_pmus_yaounde,q2_6_2,Agent_24,M A MINAG
4,4,3,4,4,gemma3:27b,data_pmus_yaounde,q3_1,Agent_24,NON
4,3,4,4,3,gemma3:27b,data_pmus_yaounde,q3_2,Agent_24,PAR BUS STACY
4,4,3,4,3,gemma3:27b,data_pmus_yaounde,q3_3_1,Agent_24,ACACIA
4,4,2,4,3,gemma3:27b,data_pmus_yaounde,q3_3_2,Agent_24,ENTREE GUINESS
5,4,2,4,2,gemma3:27b,data_pmus_yaounde,q4_1_a,Agent_24,Veuillez indiquer depuis combien de temps vous attendez.
4,3,3,4,4,gemma3:27b,data_pmus_yaounde,q4_1_b,Agent_24,MOINS DE 5 MIN
5,4,2,4,2,gemma3:27b,data_pmus_yaounde,q4_2_a,Agent_24,Veuillez indiquer depuis combien de temps vous attendez.
4,3,3,4,4,gemma3:27b,data_pmus_yaounde,q4_2_b,Agent_24,30 60 MIN
4,4,4,4,4,gemma3:27b,data_pmus_yaounde,q4_3,Agent_24,1350
4,3,4,4,4,gemma3:27b,data_pmus_yaounde,q4_4,Agent_24,TRAVAIL
3,3,3,4,3,gemma3:27b,data_pmus_yaounde,q4_4_autres,Agent_24,HOPITAL
5,3,4,4,4,gemma3:27b,data_pmus_yaounde,q5_1,Agent_24,ENTRE 26 ET 35 ANS
5,3,4,4,4,gemma3:27b,data_pmus_yaounde,q5_2,Agent_24,ENTRE 30 001 ET 100 000
4,4,4,4,4,gemma3:27b,data_pmus_yaounde,q5_3,Agent_24,FEMME
4,4,2,4,3,gemma3:27b,data_pmus_yaounde,centre ville,Agent_25,YAOUNDE
5,4,4,4,4,gemma3:27b,data_pmus_yaounde,q1_1,Agent_25,HORS DE LA VILLE DE YAOUNDE
4,4,3,4,4,gemma3:27b,data_pmus_yaounde,q1_1_a,Agent_25,ABIT
4,4,3,4,3,gemma3:27b,data_pmus_yaounde,q1_1_b,Agent_25,10EME ARRET
4,4,2,4,3,gemma3:27b,data_pmus_yaounde,q1_1_c,Agent_25,AFANOYA
5,4,4,4,4,gemma3:27b,data_pmus_yaounde,q1_2,Agent_25,UN QUARTIER DE LA VILLE DE YAOUNDE
4,4,4,4,4,gemma3:27b,data_pmus_yaounde,q1_2_a,Agent_25,ABOM
4,4,3,4,3,gemma3:27b,data_pmus_yaounde,q1_2_b,Agent_25,10 IEME ARRET
4,4,2,4,3,gemma3:27b,data_pmus_yaounde,q1_3_c,Agent_25,AFANOYA
4,3,4,4,3,gemma3:27b,data_pmus_yaounde,q2_1,Agent_25,PAR BUS STACY
4,4,2,4,3,gemma3:27b,data_pmus_yaounde,q2_2_1,Agent_25,2 CHEVEAU
4,4,2,4,3,gemma3:27b,data_pmus_yaounde,q2_2_2,Agent_25,10 E ARRET
4,4,2,4,3,gemma3:27b,data_pmus_yaounde,q2_3_1,Agent_25,LEBOUDI
4,4,2,4,3,gemma3:27b,data_pmus_yaounde,q2_3_2,Agent_25,0NANA
5,4,4,4,4,gemma3:27b,data_pmus_yaounde,q2_3,Agent_25,NON
4,4,2,4,3,gemma3:27b,data_pmus_yaounde,q2_4,Agent_25,PAR BUS STACY
4,4,2,4,3,gemma3:27b,data_pmus_yaounde,q2_5_1,Agent_25,LEBOUDI
4,4,2,4,3,gemma3:27b,data_pmus_yaounde,q2_5_2,Agent_25,0MPHINE
4,4,2,4,3,gemma3:27b,data_pmus_yaounde,q2_6_1,Agent_25,ONANA
4,4,2,4,3,gemma3:27b,data_pmus_yaounde,q2_6_2,Agent_25,ROND POINT MECC
4,4,3,4,4,gemma3:27b,data_pmus_yaounde,q3_1,Agent_25,NON
4,3,4,4,3,gemma3:27b,data_pmus_yaounde,q3_2,Agent_25,PAR BUS STACY
4,4,3,4,3,gemma3:27b,data_pmus_yaounde,q3_3_1,Agent_25,LEBOUDI
4,4,2,4,3,gemma3:27b,data_pmus_yaounde,q3_3_2,Agent_25,10 IEME ARRET
5,4,2,4,2,gemma3:27b,data_pmus_yaounde,q4_1_a,Agent_25,Veuillez indiquer depuis combien de temps vous attendez.
4,3,3,4,4,gemma3:27b,data_pmus_yaounde,q4_1_b,Agent_25,MOINS DE 5 MIN
5,4,2,4,2,gemma3:27b,data_pmus_yaounde,q4_2_a,Agent_25,Veuillez indiquer depuis combien de temps vous attendez.
4,3,3,4,4,gemma3:27b,data_pmus_yaounde,q4_2_b,Agent_25,30 60 MIN
4,4,4,4,4,gemma3:27b,data_pmus_yaounde,q4_3,Agent_25,800
4,3,4,4,4,gemma3:27b,data_pmus_yaounde,q4_4,Agent_25,VISITE FAMILLE
3,3,3,4,3,gemma3:27b,data_pmus_yaounde,q4_4_autres,Agent_25,RENCONTRE
5,3,4,4,4,gemma3:27b,data_pmus_yaounde,q5_1,Agent_25,ENTRE 36 ET 45 ANS
5,3,4,4,4,gemma3:27b,data_pmus_yaounde,q5_2,Agent_25,ENTRE 30 001 ET 100 000
4,4,4,4,4,gemma3:27b,data_pmus_yaounde,q5_3,Agent_25,HOMME
4,4,2,4,3,gemma3:27b,data_pmus_yaounde,centre ville,Agent_26,YAOUNDE
5,4,4,4,4,gemma3:27b,data_pmus_yaounde,q1_1,Agent_26,UN QUARTIER DE LA VILLE DE YAOUNDE
4,4,3,4,4,gemma3:27b,data_pmus_yaounde,q1_1_a,Agent_26,COLLEGE FOTSO
4,4,3,4,3,gemma3:27b,data_pmus_yaounde,q1_1_b,Agent_26,MARCHECENTRAL
4,4,2,4,3,gemma3:27b,data_pmus_yaounde,q1_1_c,Agent_26,MVAN
5,4,4,4,4,gemma3:27b,data_pmus_yaounde,q1_2,Agent_26,UN QUARTIER DE LA VILLE DE YAOUNDE
4,4,4,4,4,gemma3:27b,data_pmus_yaounde,q1_2_a,Agent_26,ABOM
4,4,3,4,3,gemma3:27b,data_pmus_yaounde,q1_2_b,Agent_26,BR A SSERIE
4,4,2,4,3,gemma3:27b,data_pmus_yaounde,q1_3_c,Agent_26,MVAN
4,3,4,4,3,gemma3:27b,data_pmus_yaounde,q2_1,Agent_26,PAR BUS STACY
4,4,2,4,3,gemma3:27b,data_pmus_yaounde,q2_2_1,Agent_26,MARCHE CENTRAL
4,4,2,4,3,gemma3:27b,data_pmus_yaounde,q2_2_2,Agent_26,10 E ARRET
4,4,2,4,3,gemma3:27b,data_pmus_yaounde,q2_3_1,Agent_26,TERMINUS
4,4,2,4,3,gemma3:27b,data_pmus_yaounde,q2_3_2,Agent_26,0NANA
5,4,4,4,4,gemma3:27b,data_pmus_yaounde,q2_3,Agent_26,NON
4,4,2,4,3,gemma3:27b,data_pmus_yaounde,q2_4,Agent_26,PAR BUS STACY
4,4,2,4,3,gemma3:27b,data_pmus_yaounde,q2_5_1,Agent_26,ENTRE DES SOEUR
4,4,2,4,3,gemma3:27b,data_pmus_yaounde,q2_5_2,Agent_26,0MPHINE
4,4,2,4,3,gemma3:27b,data_pmus_yaounde,q2_6_1,Agent_26,ONANA
4,4,2,4,3,gemma3:27b,data_pmus_yaounde,q2_6_2,Agent_26,MVAN
4,4,3,4,4,gemma3:27b,data_pmus_yaounde,q3_1,Agent_26,NON
4,3,4,4,3,gemma3:27b,data_pmus_yaounde,q3_2,Agent_26,PAR BUS STACY
4,4,3,4,3,gemma3:27b,data_pmus_yaounde,q3_3_1,Agent_26,MARCHE NFOUNDI
4,4,2,4,3,gemma3:27b,data_pmus_yaounde,q3_3_2,Agent_26,VERS LES AGENCES
5,4,2,4,2,gemma3:27b,data_pmus_yaounde,q4_1_a,Agent_26,Veuillez indiquer depuis combien de temps vous attendez.
4,3,3,4,4,gemma3:27b,data_pmus_yaounde,q4_1_b,Agent_26,MOINS DE 5 MIN
5,4,2,4,2,gemma3:27b,data_pmus_yaounde,q4_2_a,Agent_26,Veuillez indiquer depuis combien de temps vous attendez.
4,3,3,4,4,gemma3:27b,data_pmus_yaounde,q4_2_b,Agent_26,30 60 MIN
4,4,4,4,4,gemma3:27b,data_pmus_yaounde,q4_3,Agent_26,750
4,3,4,4,4,gemma3:27b,data_pmus_yaounde,q4_4,Agent_26,TRAVAIL
3,3,3,4,3,gemma3:27b,data_pmus_yaounde,q4_4_autres,Agent_26,FAIRE DES ACHATS
5,3,4,4,4,gemma3:27b,data_pmus_yaounde,q5_1,Agent_26,MOINS DE 18 ANS
5,3,4,4,4,gemma3:27b,data_pmus_yaounde,q5_2,Agent_26,ENTRE 30 001 ET 100 000
4,4,4,4,4,gemma3:27b,data_pmus_yaounde,q5_3,Agent_26,HOMME
4,4,2,4,3,gemma3:27b,data_pmus_yaounde,centre ville,Agent_27,YAOUNDE
5,4,4,4,4,gemma3:27b,data_pmus_yaounde,q1_1,Agent_27,HORS DE LA VILLE DE YAOUNDE
4,4,3,4,4,gemma3:27b,data_pmus_yaounde,q1_1_a,Agent_27,NKO NDONGO
4,4,3,4,3,gemma3:27b,data_pmus_yaounde,q1_1_b,Agent_27,10EME ARRET
4,4,2,4,3,gemma3:27b,data_pmus_yaounde,q1_1_c,Agent_27,AFANOYA
5,4,4,4,4,gemma3:27b,data_pmus_yaounde,q1_2,Agent_27,UN QUARTIER DE LA VILLE DE YAOUNDE
4,4,4,4,4,gemma3:27b,data_pmus_yaounde,q1_2_a,Agent_27,NKOLBISSON
4,4,3,4,3,gemma3:27b,data_pmus_yaounde,q1_2_b,Agent_27,NKOLBISSON
4,4,2,4,3,gemma3:27b,data_pmus_yaounde,q1_3_c,Agent_27,AFANOYA
4,3,4,4,3,gemma3:27b,data_pmus_yaounde,q2_1,Agent_27,PAR BUS STACY
4,4,2,4,3,gemma3:27b,data_pmus_yaounde,q2_2_1,Agent_27,2 CHEVEAU
4,4,2,4,3,gemma3:27b,data_pmus_yaounde,q2_2_2,Agent_27,FOTO JEUNES
4,4,2,4,3,gemma3:27b,data_pmus_yaounde,q2_3_1,Agent_27,NKOLBISSON
4,4,2,4,3,gemma3:27b,data_pmus_yaounde,q2_3_2,Agent_27,NKOLBISSON
5,4,4,4,4,gemma3:27b,data_pmus_yaounde,q2_3,Agent_27,NON
4,4,2,4,3,gemma3:27b,data_pmus_yaounde,q2_4,Agent_27,PAR BUS STACY
4,4,2,4,3,gemma3:27b,data_pmus_yaounde,q2_5_1,Agent_27,NKOLBISSON
4,4,2,4,3,gemma3:27b,data_pmus_yaounde,q2_5_2,Agent_27,MONTEE FOE
4,4,2,4,3,gemma3:27b,data_pmus_yaounde,q2_6_1,Agent_27,NKOLBISSON
4,4,2,4,3,gemma3:27b,data_pmus_yaounde,q2_6_2,Agent_27,NKOLBISSON
4,4,3,4,4,gemma3:27b,data_pmus_yaounde,q3_1,Agent_27,NON
4,3,4,4,3,gemma3:27b,data_pmus_yaounde,q3_2,Agent_27,PAR BUS STACY
4,4,3,4,3,gemma3:27b,data_pmus_yaounde,q3_3_1,Agent_27,NKOLBISSON
4,4,2,4,3,gemma3:27b,data_pmus_yaounde,q3_3_2,Agent_27,LAMPADAIRE
5,4,2,4,2,gemma3:27b,data_pmus_yaounde,q4_1_a,Agent_27,Veuillez indiquer depuis combien de temps vous attendez.
4,3,3,4,4,gemma3:27b,data_pmus_yaounde,q4_1_b,Agent_27,PLUS DE 20 MINUTES
5,4,2,4,2,gemma3:27b,data_pmus_yaounde,q4_2_a,Agent_27,Veuillez indiquer depuis combien de temps vous attendez.
4,3,3,4,4,gemma3:27b,data_pmus_yaounde,q4_2_b,Agent_27,30 60 MIN
4,4,4,4,4,gemma3:27b,data_pmus_yaounde,q4_3,Agent_27,2700
4,3,4,4,4,gemma3:27b,data_pmus_yaounde,q4_4,Agent_27,VISITE FAMILLE
3,3,3,4,3,gemma3:27b,data_pmus_yaounde,q4_4_autres,Agent_27,ACHAT
5,3,4,4,4,gemma3:27b,data_pmus_yaounde,q5_1,Agent_27,ENTRE 18 ET 25 ANS
5,3,4,4,4,gemma3:27b,data_pmus_yaounde,q5_2,Agent_27,MOINS DE 30 000
4,4,4,4,4,gemma3:27b,data_pmus_yaounde,q5_3,Agent_27,HOMME
4,4,2,4,3,gemma3:27b,data_pmus_yaounde,centre ville,Agent_28,YAOUNDE
5,4,4,4,4,gemma3:27b,data_pmus_yaounde,q1_1,Agent_28,UN QUARTIER DE LA VILLE DE YAOUNDE
4,4,3,4,4,gemma3:27b,data_pmus_yaounde,q1_1_a,Agent_28,OLEZOA
4,4,3,4,3,gemma3:27b,data_pmus_yaounde,q1_1_b,Agent_28,OLEZOA
4,4,2,4,3,gemma3:27b,data_pmus_yaounde,q1_1_c,Agent_28,AFANOYA
5,4,4,4,4,gemma3:27b,data_pmus_yaounde,q1_2,Agent_28,UN QUARTIER DE LA VILLE DE YAOUNDE
4,4,4,4,4,gemma3:27b,data_pmus_yaounde,q1_2_a,Agent_28,EKOUM DOUM
4,4,3,4,3,gemma3:27b,data_pmus_yaounde,q1_2_b,Agent_28,EKOUM DOUM
4,4,2,4,3,gemma3:27b,data_pmus_yaounde,q1_3_c,Agent_28,AFANOYA
4,3,4,4,3,gemma3:27b,data_pmus_yaounde,q2_1,Agent_28,PAR BUS STACY
4,4,2,4,3,gemma3:27b,data_pmus_yaounde,q2_2_1,Agent_28,OMNISPOT
4,4,2,4,3,gemma3:27b,data_pmus_yaounde,q2_2_2,Agent_28,IMMEUBLE HAPPY
4,4,2,4,3,gemma3:27b,data_pmus_yaounde,q2_3_1,Agent_28,EKOUM DOUM
4,4,2,4,3,gemma3:27b,data_pmus_yaounde,q2_3_2,Agent_28,0NANA
5,4,4,4,4,gemma3:27b,data_pmus_yaounde,q2_3,Agent_28,NON
4,4,2,4,3,gemma3:27b,data_pmus_yaounde,q2_4,Agent_28,PAR TAXI
4,4,2,4,3,gemma3:27b,data_pmus_yaounde,q2_5_1,Agent_28,EKOUM DOUM
4,4,2,4,3,gemma3:27b,data_pmus_yaounde,q2_5_2,Agent_28,ROND POINT
4,4,2,4,3,gemma3:27b,data_pmus_yaounde,q2_6_1,Agent_28,ABATTOIR
4,4,2,4,3,gemma3:27b,data_pmus_yaounde,q2_6_2,Agent_28,BIYEM ASSI ECOLE
4,4,3,4,4,gemma3:27b,data_pmus_yaounde,q3_1,Agent_28,NON
4,3,4,4,3,gemma3:27b,data_pmus_yaounde,q3_2,Agent_28,PAR BUS STACY
4,4,3,4,3,gemma3:27b,data_pmus_yaounde,q3_3_1,Agent_28,OLEZOA
4,4,2,4,3,gemma3:27b,data_pmus_yaounde,q3_3_2,Agent_28,IMMEUBLE HAPPY
5,4,2,4,2,gemma3:27b,data_pmus_yaounde,q4_1_a,Agent_28,Veuillez indiquer depuis combien de temps vous attendez.
4,3,3,4,4,gemma3:27b,data_pmus_yaounde,q4_1_b,Agent_28,MOINS DE 5 MIN
5,4,2,4,2,gemma3:27b,data_pmus_yaounde,q4_2_a,Agent_28,Veuillez indiquer depuis combien de temps vous attendez.
4,3,3,4,4,gemma3:27b,data_pmus_yaounde,q4_2_b,Agent_28,30 60 MIN
4,4,4,4,4,gemma3:27b,data_pmus_yaounde,q4_3,Agent_28,900
4,3,4,4,4,gemma3:27b,data_pmus_yaounde,q4_4,Agent_28,TRAVAIL
3,3,3,4,3,gemma3:27b,data_pmus_yaounde,q4_4_autres,Agent_28,LES AFFAIRES
5,3,4,4,4,gemma3:27b,data_pmus_yaounde,q5_1,Agent_28,ENTRE 36 ET 45 ANS
5,3,4,4,4,gemma3:27b,data_pmus_yaounde,q5_2,Agent_28,ENTRE 300 001 ET 500 000
4,4,4,4,4,gemma3:27b,data_pmus_yaounde,q5_3,Agent_28,HOMME
4,4,2,4,3,gemma3:27b,data_pmus_yaounde,centre ville,Agent_29,YAOUNDE
5,4,4,4,4,gemma3:27b,data_pmus_yaounde,q1_1,Agent_29,HORS DE LA VILLE DE YAOUNDE
4,4,3,4,4,gemma3:27b,data_pmus_yaounde,q1_1_a,Agent_29,TKC
4,4,3,4,3,gemma3:27b,data_pmus_yaounde,q1_1_b,Agent_29,COLLEGE FLEMIE
4,4,2,4,3,gemma3:27b,data_pmus_yaounde,q1_1_c,Agent_29,AFANOYA
5,4,4,4,4,gemma3:27b,data_pmus_yaounde,q1_2,Agent_29,UN QUARTIER DE LA VILLE DE YAOUNDE
4,4,4,4,4,gemma3:27b,data_pmus_yaounde,q1_2_a,Agent_29,SIMBOCK
4,4,3,4,3,gemma3:27b,data_pmus_yaounde,q1_2_b,Agent_29,ENTREE VALLEE
4,4,2,4,3,gemma3:27b,data_pmus_yaounde,q1_3_c,Agent_29,AFANOYA
4,3,4,4,3,gemma3:27b,data_pmus_yaounde,q2_1,Agent_29,PAR BUS STACY
4,4,2,4,3,gemma3:27b,data_pmus_yaounde,q2_2_1,Agent_29,2 CHEVEAU
4,4,2,4,3,gemma3:27b,data_pmus_yaounde,q2_2_2,Agent_29,10 E ARRET
4,4,2,4,3,gemma3:27b,data_pmus_yaounde,q2_3_1,Agent_29,0LESOA
4,4,2,4,3,gemma3:27b,data_pmus_yaounde,q2_3_2,Agent_29,0NANA
5,4,4,4,4,gemma3:27b,data_pmus_yaounde,q2_3,Agent_29,NON
4,4,2,4,3,gemma3:27b,data_pmus_yaounde,q2_4,Agent_29,PAR BUS STACY
4,4,2,4,3,gemma3:27b,data_pmus_yaounde,q2_5_1,Agent_29,SIMBOCK
4,4,2,4,3,gemma3:27b,data_pmus_yaounde,q2_5_2,Agent_29,0MPHINE
4,4,2,4,3,gemma3:27b,data_pmus_yaounde,q2_6_1,Agent_29,ABATTOIR
4,4,2,4,3,gemma3:27b,data_pmus_yaounde,q2_6_2,Agent_29,11EME ARRET
4,4,3,4,4,gemma3:27b,data_pmus_yaounde,q3_1,Agent_29,NON
4,3,4,4,3,gemma3:27b,data_pmus_yaounde,q3_2,Agent_29,PAR BUS STACY
4,4,3,4,3,gemma3:27b,data_pmus_yaounde,q3_3_1,Agent_29,ACACIA
4,4,2,4,3,gemma3:27b,data_pmus_yaounde,q3_3_2,Agent_29,10 IEME ARRET
5,4,2,4,2,gemma3:27b,data_pmus_yaounde,q4_1_a,Agent_29,Veuillez indiquer depuis combien de temps vous attendez.
4,3,3,4,4,gemma3:27b,data_pmus_yaounde,q4_1_b,Agent_29,MOINS DE 5 MIN
5,4,2,4,2,gemma3:27b,data_pmus_yaounde,q4_2_a,Agent_29,Veuillez indiquer depuis combien de temps vous attendez.
4,3,3,4,4,gemma3:27b,data_pmus_yaounde,q4_2_b,Agent_29,30 60 MIN
4,4,4,4,4,gemma3:27b,data_pmus_yaounde,q4_3,Agent_29,1950
4,3,4,4,4,gemma3:27b,data_pmus_yaounde,q4_4,Agent_29,D MARCHES ADMINISTRATIVES ET OU SANT
3,3,3,4,3,gemma3:27b,data_pmus_yaounde,q4_4_autres,Agent_29,SCOLARITE
5,3,4,4,4,gemma3:27b,data_pmus_yaounde,q5_1,Agent_29,MOINS DE 18 ANS
5,3,4,4,4,gemma3:27b,data_pmus_yaounde,q5_2,Agent_29,MOINS DE 30 000
4,4,4,4,4,gemma3:27b,data_pmus_yaounde,q5_3,Agent_29,HOMME
4,4,2,4,3,gemma3:27b,data_pmus_yaounde,centre ville,Agent_30,YAOUNDE
5,4,4,4,4,gemma3:27b,data_pmus_yaounde,q1_1,Agent_30,HORS DE LA VILLE DE YAOUNDE
4,4,3,4,4,gemma3:27b,data_pmus_yaounde,q1_1_a,Agent_30,NKOA MBANG
4,4,3,4,3,gemma3:27b,data_pmus_yaounde,q1_1_b,Agent_30,10EME ARRET
4,4,2,4,3,gemma3:27b,data_pmus_yaounde,q1_1_c,Agent_30,AFANOYA
5,4,4,4,4,gemma3:27b,data_pmus_yaounde,q1_2,Agent_30,UN QUARTIER DE LA VILLE DE YAOUNDE
4,4,4,4,4,gemma3:27b,data_pmus_yaounde,q1_2_a,Agent_30,BABA
4,4,3,4,3,gemma3:27b,data_pmus_yaounde,q1_2_b,Agent_30,10 IEME ARRET
4,4,2,4,3,gemma3:27b,data_pmus_yaounde,q1_3_c,Agent_30,AFANOYA
4,3,4,4,3,gemma3:27b,data_pmus_yaounde,q2_1,Agent_30,PAR BUS STACY
4,4,2,4,3,gemma3:27b,data_pmus_yaounde,q2_2_1,Agent_30,2 CHEVEAU
4,4,2,4,3,gemma3:27b,data_pmus_yaounde,q2_2_2,Agent_30,BARIERE
4,4,2,4,3,gemma3:27b,data_pmus_yaounde,q2_3_1,Agent_30,CARREFOUR
4,4,2,4,3,gemma3:27b,data_pmus_yaounde,q2_3_2,Agent_30,CARREFOUR
5,4,4,4,4,gemma3:27b,data_pmus_yaounde,q2_3,Agent_30,NON
4,4,2,4,3,gemma3:27b,data_pmus_yaounde,q2_4,Agent_30,PAR BUS STACY
4,4,2,4,3,gemma3:27b,data_pmus_yaounde,q2_5_1,Agent_30,A B0NAS
4,4,2,4,3,gemma3:27b,data_pmus_yaounde,q2_5_2,Agent_30,TRACOM
4,4,2,4,3,gemma3:27b,data_pmus_yaounde,q2_6_1,Agent_30,ABATTOIR
4,4,2,4,3,gemma3:27b,data_pmus_yaounde,q2_6_2,Agent_30,11EME ARRET
4,4,3,4,4,gemma3:27b,data_pmus_yaounde,q3_1,Agent_30,NON
4,3,4,4,3,gemma3:27b,data_pmus_yaounde,q3_2,Agent_30,PAR BUS STACY
4,4,3,4,3,gemma3:27b,data_pmus_yaounde,q3_3_1,Agent_30,NKOA MBANG
4,4,2,4,3,gemma3:27b,data_pmus_yaounde,q3_3_2,Agent_30,CARREFOUR
5,4,2,5,2,gemma3:27b,data_pmus_yaounde,q4_1_a,Agent_30,Veuillez indiquer depuis combien de temps vous attendez.
4,3,3,4,4,gemma3:27b,data_pmus_yaounde,q4_1_b,Agent_30,MOINS DE 5 MIN
5,4,2,5,2,gemma3:27b,data_pmus_yaounde,q4_2_a,Agent_30,Veuillez indiquer depuis combien de temps vous attendez.
4,3,3,4,4,gemma3:27b,data_pmus_yaounde,q4_2_b,Agent_30,15 30 MIN
4,4,4,4,4,gemma3:27b,data_pmus_yaounde,q4_3,Agent_30,600
4,3,4,4,4,gemma3:27b,data_pmus_yaounde,q4_4,Agent_30,VISITE FAMILLE
3,3,3,4,3,gemma3:27b,data_pmus_yaounde,q4_4_autres,Agent_30,ACHAT
5,3,4,4,4,gemma3:27b,data_pmus_yaounde,q5_1,Agent_30,ENTRE 36 ET 45 ANS
5,3,4,4,4,gemma3:27b,data_pmus_yaounde,q5_2,Agent_30,ENTRE 30 001 ET 100 000
4,4,4,4,4,gemma3:27b,data_pmus_yaounde,q5_3,Agent_30,FEMME
4,4,2,4,3,gemma3:27b,data_pmus_yaounde,centre ville,Agent_31,YAOUNDE
5,4,4,4,4,gemma3:27b,data_pmus_yaounde,q1_1,Agent_31,UN QUARTIER DE LA VILLE DE YAOUNDE
4,4,3,4,4,gemma3:27b,data_pmus_yaounde,q1_1_a,Agent_31,NKOLBISSON
4,4,3,4,3,gemma3:27b,data_pmus_yaounde,q1_1_b,Agent_31,10EME ARRET
4,4,2,4,3,gemma3:27b,data_pmus_yaounde,q1_1_c,Agent_31,AFANOYA
5,4,4,4,4,gemma3:27b,data_pmus_yaounde,q1_2,Agent_31,UN QUARTIER DE LA VILLE DE YAOUNDE
4,4,4,4,4,gemma3:27b,data_pmus_yaounde,q1_2_a,Agent_31,ABOM
4,4,3,4,3,gemma3:27b,data_pmus_yaounde,q1_2_b,Agent_31,10 IEME ARRET
4,4,2,4,3,gemma3:27b,data_pmus_yaounde,q1_3_c,Agent_31,KRIBI
4,3,4,4,3,gemma3:27b,data_pmus_yaounde,q2_1,Agent_31,PAR BUS STACY
4,4,2,4,3,gemma3:27b,data_pmus_yaounde,q2_2_1,Agent_31,GARRE KY OSSIE
4,4,2,4,3,gemma3:27b,data_pmus_yaounde,q2_2_2,Agent_31,10 E ARRET
4,4,2,4,3,gemma3:27b,data_pmus_yaounde,q2_3_1,Agent_31,0LESOA
4,4,2,4,3,gemma3:27b,data_pmus_yaounde,q2_3_2,Agent_31,CARREF0UR
5,4,4,4,4,gemma3:27b,data_pmus_yaounde,q2_3,Agent_31,NON
4,4,2,4,3,gemma3:27b,data_pmus_yaounde,q2_4,Agent_31,PAR BUS STACY
4,4,2,4,3,gemma3:27b,data_pmus_yaounde,q2_5_1,Agent_31,A B0NAS
4,4,2,4,3,gemma3:27b,data_pmus_yaounde,q2_5_2,Agent_31,NOUVELLE ROUTE
4,4,2,4,3,gemma3:27b,data_pmus_yaounde,q2_6_1,Agent_31,ABATTOIR
4,4,2,4,3,gemma3:27b,data_pmus_yaounde,q2_6_2,Agent_31,11EME ARRET
4,4,3,4,4,gemma3:27b,data_pmus_yaounde,q3_1,Agent_31,NON
4,3,4,4,3,gemma3:27b,data_pmus_yaounde,q3_2,Agent_31,PAR BUS STACY
4,4,3,4,3,gemma3:27b,data_pmus_yaounde,q3_3_1,Agent_31,ACACIA
4,4,2,4,3,gemma3:27b,data_pmus_yaounde,q3_3_2,Agent_31,10 IEME ARRET
5,4,2,5,2,gemma3:27b,data_pmus_yaounde,q4_1_a,Agent_31,Veuillez indiquer depuis combien de temps vous attendez.
4,3,3,4,4,gemma3:27b,data_pmus_yaounde,q4_1_b,Agent_31,MOINS DE 5 MIN
5,4,2,5,2,gemma3:27b,data_pmus_yaounde,q4_2_a,Agent_31,Veuillez indiquer depuis combien de temps vous attendez.
4,3,3,4,4,gemma3:27b,data_pmus_yaounde,q4_2_b,Agent_31,30 60 MIN
4,4,4,4,4,gemma3:27b,data_pmus_yaounde,q4_3,Agent_31,2600
4,3,4,4,4,gemma3:27b,data_pmus_yaounde,q4_4,Agent_31,COURSES
3,3,3,4,3,gemma3:27b,data_pmus_yaounde,q4_4_autres,Agent_31,FAIRE DES ACHATS
5,3,4,4,4,gemma3:27b,data_pmus_yaounde,q5_1,Agent_31,MOINS DE 18 ANS
5,3,4,4,4,gemma3:27b,data_pmus_yaounde,q5_2,Agent_31,ENTRE 30 001 ET 100 000
4,4,4,4,4,gemma3:27b,data_pmus_yaounde,q5_3,Agent_31,FEMME
4,4,2,4,3,gemma3:27b,data_pmus_yaounde,centre ville,Agent_32,YAOUNDE
5,4,4,4,4,gemma3:27b,data_pmus_yaounde,q1_1,Agent_32,UN QUARTIER DE LA VILLE DE YAOUNDE
4,4,3,4,4,gemma3:27b,data_pmus_yaounde,q1_1_a,Agent_32,NFANDENA
4,4,3,4,3,gemma3:27b,data_pmus_yaounde,q1_1_b,Agent_32,BAZARTI
4,4,2,4,3,gemma3:27b,data_pmus_yaounde,q1_1_c,Agent_32,AFANOYA
5,4,4,4,4,gemma3:27b,data_pmus_yaounde,q1_2,Agent_32,UN QUARTIER DE LA VILLE DE YAOUNDE
4,4,4,4,4,gemma3:27b,data_pmus_yaounde,q1_2_a,Agent_32,MBALLA 2
4,4,3,4,3,gemma3:27b,data_pmus_yaounde,q1_2_b,Agent_32,MBALLA 2
4,4,2,4,3,gemma3:27b,data_pmus_yaounde,q1_3_c,Agent_32,AFANOYA
4,3,4,4,3,gemma3:27b,data_pmus_yaounde,q2_1,Agent_32,PAR BUS STACY
4,4,2,4,3,gemma3:27b,data_pmus_yaounde,q2_2_1,Agent_32,2 CHEVEAU
4,4,2,4,3,gemma3:27b,data_pmus_yaounde,q2_2_2,Agent_32,FIN GOUDRON
4,4,2,4,3,gemma3:27b,data_pmus_yaounde,q2_3_1,Agent_32,MBALLA 2
4,4,2,4,3,gemma3:27b,data_pmus_yaounde,q2_3_2,Agent_32,MOBILOMNISIPORT
5,4,4,4,4,gemma3:27b,data_pmus_yaounde,q2_3,Agent_32,NON
4,4,2,4,3,gemma3:27b,data_pmus_yaounde,q2_4,Agent_32,PAR BUS STACY
4,4,2,4,3,gemma3:27b,data_pmus_yaounde,q2_5_1,Agent_32,FIN GOUDRON
4,4,2,4,3,gemma3:27b,data_pmus_yaounde,q2_5_2,Agent_32,FIN GOUDRON
4,4,2,4,3,gemma3:27b,data_pmus_yaounde,q2_6_1,Agent_32,ABATTOIR
4,4,2,4,3,gemma3:27b,data_pmus_yaounde,q2_6_2,Agent_32,11EME ARRET
4,4,3,4,4,gemma3:27b,data_pmus_yaounde,q3_1,Agent_32,NON
4,3,4,4,3,gemma3:27b,data_pmus_yaounde,q3_2,Agent_32,PAR BUS STACY
4,4,3,4,3,gemma3:27b,data_pmus_yaounde,q3_3_1,Agent_32,ACACIA
4,4,2,4,3,gemma3:27b,data_pmus_yaounde,q3_3_2,Agent_32,MONTEEJUVENS
5,4,2,5,2,gemma3:27b,data_pmus_yaounde,q4_1_a,Agent_32,Veuillez indiquer depuis combien de temps vous attendez.
4,3,3,4,4,gemma3:27b,data_pmus_yaounde,q4_1_b,Agent_32,MOINS DE 5 MIN
5,4,2,5,2,gemma3:27b,data_pmus_yaounde,q4_2_a,Agent_32,Veuillez indiquer depuis combien de temps vous attendez.
4,3,3,4,4,gemma3:27b,data_pmus_yaounde,q4_2_b,Agent_32,15 30 MIN
4,4,4,4,4,gemma3:27b,data_pmus_yaounde,q4_3,Agent_32,800
4,3,4,4,4,gemma3:27b,data_pmus_yaounde,q4_4,Agent_32,COURSES
3,3,3,4,3,gemma3:27b,data_pmus_yaounde,q4_4_autres,Agent_32,FAIRE DU MARCHE
5,3,4,4,4,gemma3:27b,data_pmus_yaounde,q5_1,Agent_32,ENTRE 18 ET 25 ANS
5,3,4,4,4,gemma3:27b,data_pmus_yaounde,q5_2,Agent_32,ENTRE 30 001 ET 100 000
4,4,4,4,4,gemma3:27b,data_pmus_yaounde,q5_3,Agent_32,FEMME
4,4,2,4,3,gemma3:27b,data_pmus_yaounde,centre ville,Agent_33,YAOUNDE
5,4,4,4,4,gemma3:27b,data_pmus_yaounde,q1_1,Agent_33,HORS DE LA VILLE DE YAOUNDE
4,4,3,4,4,gemma3:27b,data_pmus_yaounde,q1_1_a,Agent_33,NKOLMESSENG
4,4,3,4,3,gemma3:27b,data_pmus_yaounde,q1_1_b,Agent_33,SOUS PREFECTURE
4,4,2,4,3,gemma3:27b,data_pmus_yaounde,q1_1_c,Agent_33,AFANOYA
5,4,4,4,4,gemma3:27b,data_pmus_yaounde,q1_2,Agent_33,HORS DE LA VILLE DE YAOUNDE
4,4,4,4,4,gemma3:27b,data_pmus_yaounde,q1_2_a,Agent_33,OBILI
4,4,3,4,3,gemma3:27b,data_pmus_yaounde,q1_2_b,Agent_33,10 IEME ARRET
4,4,2,4,3,gemma3:27b,data_pmus_yaounde,q1_3_c,Agent_33,AFANOYA
4,3,4,4,3,gemma3:27b,data_pmus_yaounde,q2_1,Agent_33,PAR BUS STACY
4,4,2,4,3,gemma3:27b,data_pmus_yaounde,q2_2_1,Agent_33,OBILI
4,4,2,4,3,gemma3:27b,data_pmus_yaounde,q2_2_2,Agent_33,BRASSERIE
4,4,2,4,3,gemma3:27b,data_pmus_yaounde,q2_3_1,Agent_33,0LESOA
4,4,2,4,3,gemma3:27b,data_pmus_yaounde,q2_3_2,Agent_33,TOTALNGOUSSO
5,4,4,4,4,gemma3:27b,data_pmus_yaounde,q2_3,Agent_33,NON
4,4,2,4,3,gemma3:27b,data_pmus_yaounde,q2_4,Agent_33,PAR TAXI
4,4,2,4,3,gemma3:27b,data_pmus_yaounde,q2_5_1,Agent_33,BIYEM ASSI
4,4,2,4,3,gemma3:27b,data_pmus_yaounde,q2_5_2,Agent_33,BIYEM ASSI
4,4,2,4,3,gemma3:27b,data_pmus_yaounde,q2_6_1,Agent_33,ABATTOIR
4,4,2,4,3,gemma3:27b,data_pmus_yaounde,q2_6_2,Agent_33,OBIL
4,4,3,4,4,gemma3:27b,data_pmus_yaounde,q3_1,Agent_33,NON
4,3,4,4,3,gemma3:27b,data_pmus_yaounde,q3_2,Agent_33,PAR BUS STACY
4,4,3,4,3,gemma3:27b,data_pmus_yaounde,q3_3_1,Agent_33,MELEN
4,4,2,4,3,gemma3:27b,data_pmus_yaounde,q3_3_2,Agent_33,MIMBOMAN ECOLE
5,4,2,5,2,gemma3:27b,data_pmus_yaounde,q4_1_a,Agent_33,Veuillez indiquer depuis combien de temps vous attendez.
4,3,3,4,4,gemma3:27b,data_pmus_yaounde,q4_1_b,Agent_33,MOINS DE 5 MIN
5,4,2,5,2,gemma3:27b,data_pmus_yaounde,q4_2_a,Agent_33,Veuillez indiquer depuis combien de temps vous attendez.
4,3,3,4,4,gemma3:27b,data_pmus_yaounde,q4_2_b,Agent_33,30 60 MIN
4,4,4,4,4,gemma3:27b,data_pmus_yaounde,q4_3,Agent_33,1800
4,3,4,4,4,gemma3:27b,data_pmus_yaounde,q4_4,Agent_33,TRAVAIL
3,3,3,4,3,gemma3:27b,data_pmus_yaounde,q4_4_autres,Agent_33,LES AFFAIRES
5,3,4,4,4,gemma3:27b,data_pmus_yaounde,q5_1,Agent_33,ENTRE 36 ET 45 ANS
5,3,4,4,4,gemma3:27b,data_pmus_yaounde,q5_2,Agent_33,ENTRE 30 001 ET 100 000
4,4,4,4,4,gemma3:27b,data_pmus_yaounde,q5_3,Agent_33,HOMME
4,4,2,4,3,gemma3:27b,data_pmus_yaounde,centre ville,Agent_34,YAOUNDE
5,4,4,4,4,gemma3:27b,data_pmus_yaounde,q1_1,Agent_34,HORS DE LA VILLE DE YAOUNDE
4,4,3,4,4,gemma3:27b,data_pmus_yaounde,q1_1_a,Agent_34,FOURGEROLLES
4,4,3,4,3,gemma3:27b,data_pmus_yaounde,q1_1_b,Agent_34,10EME ARRET
4,4,2,4,3,gemma3:27b,data_pmus_yaounde,q1_1_c,Agent_34,AFANOYA
5,4,4,4,4,gemma3:27b,data_pmus_yaounde,q1_2,Agent_34,UN QUARTIER DE LA VILLE DE YAOUNDE
4,4,4,4,4,gemma3:27b,data_pmus_yaounde,q1_2_a,Agent_34,ABOM
4,4,3,4,3,gemma3:27b,data_pmus_yaounde,q1_2_b,Agent_34,10 IEME ARRET
4,4,2,4,3,gemma3:27b,data_pmus_yaounde,q1_3_c,Agent_34,AFANOYA
4,3,4,4,3,gemma3:27b,data_pmus_yaounde,q2_1,Agent_34,PAR BUS STACY
4,4,2,4,3,gemma3:27b,data_pmus_yaounde,q2_2_1,Agent_34,PETIT MARCHE
4,4,2,4,3,gemma3:27b,data_pmus_yaounde,q2_2_2,Agent_34,10 E ARRET
4,4,2,4,3,gemma3:27b,data_pmus_yaounde,q2_3_1,Agent_34,0LESOA
4,4,2,4,3,gemma3:27b,data_pmus_yaounde,q2_3_2,Agent_34,MOBILOMINSPORT
5,4,4,4,4,gemma3:27b,data_pmus_yaounde,q2_3,Agent_34,NON
4,4,2,4,3,gemma3:27b,data_pmus_yaounde,q2_4,Agent_34,PAR BUS STACY
4,4,2,4,3,gemma3:27b,data_pmus_yaounde,q2_5_1,Agent_34,BARRIERE
4,4,2,4,3,gemma3:27b,data_pmus_yaounde,q2_5_2,Agent_34,BARRIERE
4,4,2,4,3,gemma3:27b,data_pmus_yaounde,q2_6_1,Agent_34,MOBIL OMINSPORT
4,4,2,4,3,gemma3:27b,data_pmus_yaounde,q2_6_2,Agent_34,DERRIERE LYCEE
4,4,3,4,4,gemma3:27b,data_pmus_yaounde,q3_1,Agent_34,NON
4,3,4,4,3,gemma3:27b,data_pmus_yaounde,q3_2,Agent_34,PAR BUS STACY
4,4,3,4,3,gemma3:27b,data_pmus_yaounde,q3_3_1,Agent_34,FOURGEROLLES
4,4,2,4,3,gemma3:27b,data_pmus_yaounde,q3_3_2,Agent_34,10 IEME ARRET
5,4,2,5,2,gemma3:27b,data_pmus_yaounde,q4_1_a,Agent_34,Veuillez indiquer depuis combien de temps vous attendez.
4,3,3,4,4,gemma3:27b,data_pmus_yaounde,q4_1_b,Agent_34,MOINS DE 5 MIN
5,4,2,5,2,gemma3:27b,data_pmus_yaounde,q4_2_a,Agent_34,Veuillez indiquer depuis combien de temps vous attendez.
4,3,3,4,4,gemma3:27b,data_pmus_yaounde,q4_2_b,Agent_34,30 60 MIN
4,4,4,4,4,gemma3:27b,data_pmus_yaounde,q4_3,Agent_34,900
4,3,4,4,4,gemma3:27b,data_pmus_yaounde,q4_4,Agent_34,ACTIVIT S DE LOISIRS
3,3,3,4,3,gemma3:27b,data_pmus_yaounde,q4_4_autres,Agent_34,SPORT ET VISITE AMICALE
5,3,4,4,4,gemma3:27b,data_pmus_yaounde,q5_1,Agent_34,ENTRE 18 ET 25 ANS
5,3,4,4,4,gemma3:27b,data_pmus_yaounde,q5_2,Agent_34,MOINS DE 30 000
4,4,4,4,4,gemma3:27b,data_pmus_yaounde,q5_3,Agent_34,FEMME
4,4,2,4,3,gemma3:27b,data_pmus_yaounde,centre ville,Agent_35,YAOUNDE
5,4,4,4,4,gemma3:27b,data_pmus_yaounde,q1_1,Agent_35,HORS DE LA VILLE DE YAOUNDE
4,4,3,4,4,gemma3:27b,data_pmus_yaounde,q1_1_a,Agent_35,MBANKOLO
4,4,3,4,3,gemma3:27b,data_pmus_yaounde,q1_1_b,Agent_35,10EME ARRET
4,4,2,4,3,gemma3:27b,data_pmus_yaounde,q1_1_c,Agent_35,AFANOYA
5,4,4,4,4,gemma3:27b,data_pmus_yaounde,q1_2,Agent_35,UN QUARTIER DE LA VILLE DE YAOUNDE
4,4,4,4,4,gemma3:27b,data_pmus_yaounde,q1_2_a,Agent_35,OBAM
4,4,3,4,3,gemma3:27b,data_pmus_yaounde,q1_2_b,Agent_35,10 IEME ARRET
4,4,2,4,3,gemma3:27b,data_pmus_yaounde,q1_3_c,Agent_35,DOUALA
4,3,4,4,3,gemma3:27b,data_pmus_yaounde,q2_1,Agent_35,PAR BUS STACY
4,4,2,4,3,gemma3:27b,data_pmus_yaounde,q2_2_1,Agent_35,2 CHEVEAU
4,4,2,4,3,gemma3:27b,data_pmus_yaounde,q2_2_2,Agent_35,10 E ARRET
4,4,2,4,3,gemma3:27b,data_pmus_yaounde,q2_3_1,Agent_35,MBANKOLO
4,4,2,4,3,gemma3:27b,data_pmus_yaounde,q2_3_2,Agent_35,CARREFO
5,4,4,4,4,gemma3:27b,data_pmus_yaounde,q2_3,Agent_35,NON
4,4,2,4,3,gemma3:27b,data_pmus_yaounde,q2_4,Agent_35,PAR BUS STACY
4,4,2,4,3,gemma3:27b,data_pmus_yaounde,q2_5_1,Agent_35,A B0NAS
4,4,2,4,3,gemma3:27b,data_pmus_yaounde,q2_5_2,Agent_35,STATION
4,4,2,4,3,gemma3:27b,data_pmus_yaounde,q2_6_1,Agent_35,ABATTOIR
4,4,2,4,3,gemma3:27b,data_pmus_yaounde,q2_6_2,Agent_35,MIMBOMAN TERMINUS
4,4,3,4,4,gemma3:27b,data_pmus_yaounde,q3_1,Agent_35,NON
4,3,4,4,3,gemma3:27b,data_pmus_yaounde,q3_2,Agent_35,PAR BUS STACY
4,4,3,4,3,gemma3:27b,data_pmus_yaounde,q3_3_1,Agent_35,ACACIA
4,4,2,4,3,gemma3:27b,data_pmus_yaounde,q3_3_2,Agent_35,10 IEME ARRET
5,4,2,5,2,gemma3:27b,data_pmus_yaounde,q4_1_a,Agent_35,Veuillez indiquer depuis combien de temps vous attendez.
4,3,3,4,4,gemma3:27b,data_pmus_yaounde,q4_1_b,Agent_35,PLUS DE 20 MINUTES
5,4,2,5,2,gemma3:27b,data_pmus_yaounde,q4_2_a,Agent_35,Veuillez indiquer depuis combien de temps vous attendez.
4,3,3,4,4,gemma3:27b,data_pmus_yaounde,q4_2_b,Agent_35,30 60 MIN
4,4,4,4,4,gemma3:27b,data_pmus_yaounde,q4_3,Agent_35,500
4,3,4,4,4,gemma3:27b,data_pmus_yaounde,q4_4,Agent_35,D MARCHES ADMINISTRATIVES ET OU SANT
3,3,3,4,3,gemma3:27b,data_pmus_yaounde,q4_4_autres,Agent_35,HOPITAL
5,3,4,4,4,gemma3:27b,data_pmus_yaounde,q5_1,Agent_35,ENTRE 18 ET 25 ANS
5,3,4,4,4,gemma3:27b,data_pmus_yaounde,q5_2,Agent_35,MOINS DE 30 000
4,4,4,4,4,gemma3:27b,data_pmus_yaounde,q5_3,Agent_35,FEMME
4,4,2,4,3,gemma3:27b,data_pmus_yaounde,centre ville,Agent_36,YAOUNDE
5,4,4,4,4,gemma3:27b,data_pmus_yaounde,q1_1,Agent_36,UN QUARTIER DE LA VILLE DE YAOUNDE
4,4,3,4,4,gemma3:27b,data_pmus_yaounde,q1_1_a,Agent_36,MVOLYE
4,4,3,4,3,gemma3:27b,data_pmus_yaounde,q1_1_b,Agent_36,MOSQUE
4,4,2,4,3,gemma3:27b,data_pmus_yaounde,q1_1_c,Agent_36,AFANOYA
5,4,4,4,4,gemma3:27b,data_pmus_yaounde,q1_2,Agent_36,HORS DE LA VILLE DE YAOUNDE
4,4,4,4,4,gemma3:27b,data_pmus_yaounde,q1_2_a,Agent_36,SANTA BARBARA
4,4,3,4,3,gemma3:27b,data_pmus_yaounde,q1_2_b,Agent_36,10 IEME ARRET
4,4,2,4,3,gemma3:27b,data_pmus_yaounde,q1_3_c,Agent_36,AFANOYA
4,3,4,4,3,gemma3:27b,data_pmus_yaounde,q2_1,Agent_36,PAR BUS AGENCE INTERURBAIN
4,4,2,4,3,gemma3:27b,data_pmus_yaounde,q2_2_1,Agent_36,MVOLYE
4,4,2,4,3,gemma3:27b,data_pmus_yaounde,q2_2_2,Agent_36,PE TIY BILLAGE
4,4,2,4,3,gemma3:27b,data_pmus_yaounde,q2_3_1,Agent_36,0LESOA
4,4,2,4,3,gemma3:27b,data_pmus_yaounde,q2_3_2,Agent_36,SANTA BARBARA
5,4,4,4,4,gemma3:27b,data_pmus_yaounde,q2_3,Agent_36,NON
4,4,2,4,3,gemma3:27b,data_pmus_yaounde,q2_4,Agent_36,PAR BUS AGENCE INTERURBAIN
4,4,2,4,3,gemma3:27b,data_pmus_yaounde,q2_5_1,Agent_36,NGOUSSO
4,4,2,4,3,gemma3:27b,data_pmus_yaounde,q2_5_2,Agent_36,STATION
4,4,2,4,3,gemma3:27b,data_pmus_yaounde,q2_6_1,Agent_36,ABATTOIR
4,4,2,4,3,gemma3:27b,data_pmus_yaounde,q2_6_2,Agent_36,ENTREE DECHARGE NKOL FOULOU
4,4,3,4,4,gemma3:27b,data_pmus_yaounde,q3_1,Agent_36,NON
4,3,4,4,3,gemma3:27b,data_pmus_yaounde,q3_2,Agent_36,PAR BUS AGENCE INTERURBAIN
4,4,3,4,3,gemma3:27b,data_pmus_yaounde,q3_3_1,Agent_36,NGOLBESOK
4,4,2,4,3,gemma3:27b,data_pmus_yaounde,q3_3_2,Agent_36,SANTA BARBARA
5,4,2,5,2,gemma3:27b,data_pmus_yaounde,q4_1_a,Agent_36,Veuillez indiquer depuis combien de temps vous attendez.
4,3,3,4,4,gemma3:27b,data_pmus_yaounde,q4_1_b,Agent_36,MOINS DE 5 MIN
5,4,2,5,2,gemma3:27b,data_pmus_yaounde,q4_2_a,Agent_36,Veuillez indiquer depuis combien de temps vous attendez.
4,3,3,4,4,gemma3:27b,data_pmus_yaounde,q4_2_b,Agent_36,30 60 MIN
4,4,4,4,4,gemma3:27b,data_pmus_yaounde,q4_3,Agent_36,800
4,3,4,4,4,gemma3:27b,data_pmus_yaounde,q4_4,Agent_36,VISITE FAMILLE
3,3,3,4,3,gemma3:27b,data_pmus_yaounde,q4_4_autres,Agent_36,REUNION FAMILIALE
5,3,4,4,4,gemma3:27b,data_pmus_yaounde,q5_1,Agent_36,MOINS DE 18 ANS
5,3,4,4,4,gemma3:27b,data_pmus_yaounde,q5_2,Agent_36,ENTRE 30 001 ET 100 000
4,4,4,4,4,gemma3:27b,data_pmus_yaounde,q5_3,Agent_36,HOMME
4,4,2,4,3,gemma3:27b,data_pmus_yaounde,centre ville,Agent_37,YAOUNDE
5,4,4,4,4,gemma3:27b,data_pmus_yaounde,q1_1,Agent_37,HORS DE LA VILLE DE YAOUNDE
4,4,3,4,4,gemma3:27b,data_pmus_yaounde,q1_1_a,Agent_37,SANTA BARBARA
4,4,3,4,3,gemma3:27b,data_pmus_yaounde,q1_1_b,Agent_37,10EME ARRET
4,4,2,4,3,gemma3:27b,data_pmus_yaounde,q1_1_c,Agent_37,DOUALA
5,4,4,4,4,gemma3:27b,data_pmus_yaounde,q1_2,Agent_37,UN QUARTIER DE LA VILLE DE YAOUNDE
4,4,4,4,4,gemma3:27b,data_pmus_yaounde,q1_2_a,Agent_37,DRAGAGE
4,4,3,4,3,gemma3:27b,data_pmus_yaounde,q1_2_b,Agent_37,SNH
4,4,2,4,3,gemma3:27b,data_pmus_yaounde,q1_3_c,Agent_37,DOUALA
4,3,4,4,3,gemma3:27b,data_pmus_yaounde,q2_1,Agent_37,PAR BUS STACY
4,4,2,4,3,gemma3:27b,data_pmus_yaounde,q2_2_1,Agent_37,2 CHEVEAU
4,4,2,4,3,gemma3:27b,data_pmus_yaounde,q2_2_2,Agent_37,BUCA
4,4,2,4,3,gemma3:27b,data_pmus_yaounde,q2_3_1,Agent_37,0LESOA
4,4,2,4,3,gemma3:27b,data_pmus_yaounde,q2_3_2,Agent_37,CARREFOUR
5,4,4,4,4,gemma3:27b,data_pmus_yaounde,q2_3,Agent_37,NON
4,4,2,4,3,gemma3:27b,data_pmus_yaounde,q2_4,Agent_37,PAR BUS STACY
4,4,2,4,3,gemma3:27b,data_pmus_yaounde,q2_5_1,Agent_37,A B0NAS
4,4,2,4,3,gemma3:27b,data_pmus_yaounde,q2_5_2,Agent_37,ARRET BUS
4,4,2,4,3,gemma3:27b,data_pmus_yaounde,q2_6_1,Agent_37,ABATTOIR
4,4,2,4,3,gemma3:27b,data_pmus_yaounde,q2_6_2,Agent_37,11EME ARRET
4,4,3,4,4,gemma3:27b,data_pmus_yaounde,q3_1,Agent_37,NON
4,3,4,4,3,gemma3:27b,data_pmus_yaounde,q3_2,Agent_37,PAR BUS STACY
4,4,3,4,3,gemma3:27b,data_pmus_yaounde,q3_3_1,Agent_37,DRAGAGE
4,4,2,4,3,gemma3:27b,data_pmus_yaounde,q3_3_2,Agent_37,10 IEME ARRET
5,4,2,5,2,gemma3:27b,data_pmus_yaounde,q4_1_a,Agent_37,Veuillez indiquer depuis combien de temps vous attendez.
4,3,3,4,4,gemma3:27b,data_pmus_yaounde,q4_1_b,Agent_37,MOINS DE 5 MIN
5,4,2,5,2,gemma3:27b,data_pmus_yaounde,q4_2_a,Agent_37,Veuillez indiquer depuis combien de temps vous attendez.
4,3,3,4,4,gemma3:27b,data_pmus_yaounde,q4_2_b,Agent_37,30 60 MIN
4,4,4,4,4,gemma3:27b,data_pmus_yaounde,q4_3,Agent_37,3200
4,3,4,4,4,gemma3:27b,data_pmus_yaounde,q4_4,Agent_37,TRAVAIL
3,3,3,4,3,gemma3:27b,data_pmus_yaounde,q4_4_autres,Agent_37,ACHAT
5,3,4,4,4,gemma3:27b,data_pmus_yaounde,q5_1,Agent_37,ENTRE 18 ET 25 ANS
5,3,4,4,4,gemma3:27b,data_pmus_yaounde,q5_2,Agent_37,ENTRE 30 001 ET 100 000
4,4,4,4,4,gemma3:27b,data_pmus_yaounde,q5_3,Agent_37,FEMME
4,4,2,4,3,gemma3:27b,data_pmus_yaounde,centre ville,Agent_38,YAOUNDE
5,4,4,4,4,gemma3:27b,data_pmus_yaounde,q1_1,Agent_38,HORS DE LA VILLE DE YAOUNDE
4,4,3,4,4,gemma3:27b,data_pmus_yaounde,q1_1_a,Agent_38,NKOL NDA
4,4,3,4,3,gemma3:27b,data_pmus_yaounde,q1_1_b,Agent_38,10EME ARRET
4,4,2,4,3,gemma3:27b,data_pmus_yaounde,q1_1_c,Agent_38,AFANOYA
5,4,4,4,4,gemma3:27b,data_pmus_yaounde,q1_2,Agent_38,UN QUARTIER DE LA VILLE DE YAOUNDE
4,4,4,4,4,gemma3:27b,data_pmus_yaounde,q1_2_a,Agent_38,ABOM
4,4,3,4,3,gemma3:27b,data_pmus_yaounde,q1_2_b,Agent_38,10 IEME ARRET
4,4,2,4,3,gemma3:27b,data_pmus_yaounde,q1_3_c,Agent_38,AFANOYA
4,3,4,4,3,gemma3:27b,data_pmus_yaounde,q2_1,Agent_38,PAR BUS STACY
4,4,2,4,3,gemma3:27b,data_pmus_yaounde,q2_2_1,Agent_38,CARREFOUR DES SOEUR
4,4,2,4,3,gemma3:27b,data_pmus_yaounde,q2_2_2,Agent_38,10 E ARRET
4,4,2,4,3,gemma3:27b,data_pmus_yaounde,q2_3_1,Agent_38,0LESOA
4,4,2,4,3,gemma3:27b,data_pmus_yaounde,q2_3_2,Agent_38,PHARMACIE
5,4,4,4,4,gemma3:27b,data_pmus_yaounde,q2_3,Agent_38,NON
4,4,2,4,3,gemma3:27b,data_pmus_yaounde,q2_4,Agent_38,PAR BUS STACY
4,4,2,4,3,gemma3:27b,data_pmus_yaounde,q2_5_1,Agent_38,NSIMALEN
4,4,2,4,3,gemma3:27b,data_pmus_yaounde,q2_5_2,Agent_38,0MPHINE
4,4,2,4,3,gemma3:27b,data_pmus_yaounde,q2_6_1,Agent_38,ABATTOIR
4,4,2,4,3,gemma3:27b,data_pmus_yaounde,q2_6_2,Agent_38,11EME ARRET
4,4,3,4,4,gemma3:27b,data_pmus_yaounde,q3_1,Agent_38,NON
4,3,4,4,3,gemma3:27b,data_pmus_yaounde,q3_2,Agent_38,PAR BUS STACY
4,4,3,4,3,gemma3:27b,data_pmus_yaounde,q3_3_1,Agent_38,ACACIA
4,4,2,4,3,gemma3:27b,data_pmus_yaounde,q3_3_2,Agent_38,PHARMACAM
5,4,2,5,2,gemma3:27b,data_pmus_yaounde,q4_1_a,Agent_38,Veuillez indiquer depuis combien de temps vous attendez.
4,3,3,4,4,gemma3:27b,data_pmus_yaounde,q4_1_b,Agent_38,MOINS DE 5 MIN
5,4,2,5,2,gemma3:27b,data_pmus_yaounde,q4_2_a,Agent_38,Veuillez indiquer depuis combien de temps vous attendez.
4,3,3,4,4,gemma3:27b,data_pmus_yaounde,q4_2_b,Agent_38,MOINS DE 15 MIN
4,4,4,4,4,gemma3:27b,data_pmus_yaounde,q4_3,Agent_38,750
4,3,4,4,4,gemma3:27b,data_pmus_yaounde,q4_4,Agent_38,COURSES
3,3,3,4,3,gemma3:27b,data_pmus_yaounde,q4_4_autres,Agent_38,FAIRE DU MARCHE
5,3,4,4,4,gemma3:27b,data_pmus_yaounde,q5_1,Agent_38,MOINS DE 18 ANS
5,3,4,4,4,gemma3:27b,data_pmus_yaounde,q5_2,Agent_38,ENTRE 300 001 ET 500 000
4,4,4,4,4,gemma3:27b,data_pmus_yaounde,q5_3,Agent_38,FEMME
4,4,2,4,3,gemma3:27b,data_pmus_yaounde,centre ville,Agent_39,YAOUNDE
5,4,4,4,4,gemma3:27b,data_pmus_yaounde,q1_1,Agent_39,HORS DE LA VILLE DE YAOUNDE
4,4,3,4,4,gemma3:27b,data_pmus_yaounde,q1_1_a,Agent_39,ABIT
4,4,3,4,3,gemma3:27b,data_pmus_yaounde,q1_1_b,Agent_39,NKOAKOM
4,4,2,4,3,gemma3:27b,data_pmus_yaounde,q1_1_c,Agent_39,AFANOYA
5,4,4,4,4,gemma3:27b,data_pmus_yaounde,q1_2,Agent_39,UN QUARTIER DE LA VILLE DE YAOUNDE
4,4,4,4,4,gemma3:27b,data_pmus_yaounde,q1_2_a,Agent_39,MENDONG
4,4,3,4,3,gemma3:27b,data_pmus_yaounde,q1_2_b,Agent_39,10 IEME ARRET
4,4,2,4,3,gemma3:27b,data_pmus_yaounde,q1_3_c,Agent_39,AFANOYA
4,3,4,4,3,gemma3:27b,data_pmus_yaounde,q2_1,Agent_39,PAR BUS STACY
4,4,2,4,3,gemma3:27b,data_pmus_yaounde,q2_2_1,Agent_39,KOK NDOE
4,4,2,4,3,gemma3:27b,data_pmus_yaounde,q2_2_2,Agent_39,10 E ARRET
4,4,2,4,3,gemma3:27b,data_pmus_yaounde,q2_3_1,Agent_39,0LESOA
4,4,2,4,3,gemma3:27b,data_pmus_yaounde,q2_3_2,Agent_39,0NANA
5,4,4,4,4,gemma3:27b,data_pmus_yaounde,q2_3,Agent_39,NON
4,4,2,4,3,gemma3:27b,data_pmus_yaounde,q2_4,Agent_39,PAR BUS STACY
4,4,2,4,3,gemma3:27b,data_pmus_yaounde,q2_5_1,Agent_39,TERMINUS
4,4,2,4,3,gemma3:27b,data_pmus_yaounde,q2_5_2,Agent_39,NKONDENGUI
4,4,2,4,3,gemma3:27b,data_pmus_yaounde,q2_6_1,Agent_39,ABATTOIR
4,4,2,4,3,gemma3:27b,data_pmus_yaounde,q2_6_2,Agent_39,MENDONG
4,4,3,4,4,gemma3:27b,data_pmus_yaounde,q3_1,Agent_39,NON
4,3,4,4,3,gemma3:27b,data_pmus_yaounde,q3_2,Agent_39,PAR BUS STACY
4,4,3,4,3,gemma3:27b,data_pmus_yaounde,q3_3_1,Agent_39,ACACIA
4,4,2,4,3,gemma3:27b,data_pmus_yaounde,q3_3_2,Agent_39,NKOYA 2
5,4,2,5,2,gemma3:27b,data_pmus_yaounde,q4_1_a,Agent_39,Veuillez indiquer depuis combien de temps vous attendez.
4,3,3,4,4,gemma3:27b,data_pmus_yaounde,q4_1_b,Agent_39,MOINS DE 5 MIN
5,4,2,5,2,gemma3:27b,data_pmus_yaounde,q4_2_a,Agent_39,Veuillez indiquer depuis combien de temps vous attendez.
4,3,3,4,4,gemma3:27b,data_pmus_yaounde,q4_2_b,Agent_39,30 60 MIN
4,4,4,4,4,gemma3:27b,data_pmus_yaounde,q4_3,Agent_39,3000
4,3,4,4,4,gemma3:27b,data_pmus_yaounde,q4_4,Agent_39,TRAVAIL
3,3,3,4,3,gemma3:27b,data_pmus_yaounde,q4_4_autres,Agent_39,LES AFFAIRES
5,3,4,4,4,gemma3:27b,data_pmus_yaounde,q5_1,Agent_39,ENTRE 36 ET 45 ANS
5,3,4,4,4,gemma3:27b,data_pmus_yaounde,q5_2,Agent_39,ENTRE 30 001 ET 100 000
4,4,4,4,4,gemma3:27b,data_pmus_yaounde,q5_3,Agent_39,FEMME
4,4,2,4,3,gemma3:27b,data_pmus_yaounde,centre ville,Agent_40,YAOUNDE
5,4,4,4,4,gemma3:27b,data_pmus_yaounde,q1_1,Agent_40,UN QUARTIER DE LA VILLE DE YAOUNDE
4,4,3,4,4,gemma3:27b,data_pmus_yaounde,q1_1_a,Agent_40,MBANKOLO
4,4,3,4,3,gemma3:27b,data_pmus_yaounde,q1_1_b,Agent_40,ENTREE PHARMACAM
4,4,2,4,3,gemma3:27b,data_pmus_yaounde,q1_1_c,Agent_40,AFANOYA
5,4,4,4,4,gemma3:27b,data_pmus_yaounde,q1_2,Agent_40,UN QUARTIER DE LA VILLE DE YAOUNDE
4,4,4,4,4,gemma3:27b,data_pmus_yaounde,q1_2_a,Agent_40,MBANKOLO
4,4,3,4,3,gemma3:27b,data_pmus_yaounde,q1_2_b,Agent_40,DERRIERE EMIA
4,4,2,4,3,gemma3:27b,data_pmus_yaounde,q1_3_c,Agent_40,DOUALA
4,3,4,4,3,gemma3:27b,data_pmus_yaounde,q2_1,Agent_40,PAR BUS STACY
4,4,2,4,3,gemma3:27b,data_pmus_yaounde,q2_2_1,Agent_40,MBANKOMO
4,4,2,4,3,gemma3:27b,data_pmus_yaounde,q2_2_2,Agent_40,MBANKOLO
4,4,2,4,3,gemma3:27b,data_pmus_yaounde,q2_3_1,Agent_40,MBANKOLO
4,4,2,4,3,gemma3:27b,data_pmus_yaounde,q2_3_2,Agent_40,TERMINUS
5,4,4,4,4,gemma3:27b,data_pmus_yaounde,q2_3,Agent_40,NON
4,4,2,4,3,gemma3:27b,data_pmus_yaounde,q2_4,Agent_40,PAR BUS STACY
4,4,2,4,3,gemma3:27b,data_pmus_yaounde,q2_5_1,Agent_40,NKOL BIKOK
4,4,2,4,3,gemma3:27b,data_pmus_yaounde,q2_5_2,Agent_40,0MPHINE
4,4,2,4,3,gemma3:27b,data_pmus_yaounde,q2_6_1,Agent_40,ABATTOIR
4,4,2,4,3,gemma3:27b,data_pmus_yaounde,q2_6_2,Agent_40,11EME ARRET
4,4,3,4,4,gemma3:27b,data_pmus_yaounde,q3_1,Agent_40,NON
4,3,4,4,3,gemma3:27b,data_pmus_yaounde,q3_2,Agent_40,PAR BUS STACY
4,4,3,4,3,gemma3:27b,data_pmus_yaounde,q3_3_1,Agent_40,NKOLBIKOK
4,4,2,4,3,gemma3:27b,data_pmus_yaounde,q3_3_2,Agent_40,DESCENTE
5,4,2,5,2,gemma3:27b,data_pmus_yaounde,q4_1_a,Agent_40,Veuillez indiquer depuis combien de temps vous attendez.
4,3,3,4,4,gemma3:27b,data_pmus_yaounde,q4_1_b,Agent_40,PLUS DE 20 MINUTES
5,4,2,5,2,gemma3:27b,data_pmus_yaounde,q4_2_a,Agent_40,Veuillez indiquer depuis combien de temps vous attendez.
4,3,3,4,4,gemma3:27b,data_pmus_yaounde,q4_2_b,Agent_40,30 60 MIN
4,4,4,4,4,gemma3:27b,data_pmus_yaounde,q4_3,Agent_40,800
4,3,4,4,4,gemma3:27b,data_pmus_yaounde,q4_4,Agent_40,TRAVAIL
3,3,3,4,3,gemma3:27b,data_pmus_yaounde,q4_4_autres,Agent_40,ACHAT
5,3,4,4,4,gemma3:27b,data_pmus_yaounde,q5_1,Agent_40,ENTRE 36 ET 45 ANS
5,3,4,4,4,gemma3:27b,data_pmus_yaounde,q5_2,Agent_40,ENTRE 30 001 ET 100 000
4,4,4,4,4,gemma3:27b,data_pmus_yaounde,q5_3,Agent_40,FEMME
4,4,2,4,3,gemma3:27b,data_pmus_yaounde,centre ville,Agent_41,YAOUNDE
5,4,4,4,4,gemma3:27b,data_pmus_yaounde,q1_1,Agent_41,HORS DE LA VILLE DE YAOUNDE
4,4,3,4,4,gemma3:27b,data_pmus_yaounde,q1_1_a,Agent_41,MOKOLO
4,4,3,4,3,gemma3:27b,data_pmus_yaounde,q1_1_b,Agent_41,10EME ARRET
4,4,2,4,3,gemma3:27b,data_pmus_yaounde,q1_1_c,Agent_41,AFANOYA
5,4,4,4,4,gemma3:27b,data_pmus_yaounde,q1_2,Agent_41,UN QUARTIER DE LA VILLE DE YAOUNDE
4,4,4,4,4,gemma3:27b,data_pmus_yaounde,q1_2_a,Agent_41,MVOG BETSI
4,4,3,4,3,gemma3:27b,data_pmus_yaounde,q1_2_b,Agent_41,MVOG BETSI
4,4,2,4,3,gemma3:27b,data_pmus_yaounde,q1_3_c,Agent_41,DOUALA
4,3,4,4,3,gemma3:27b,data_pmus_yaounde,q2_1,Agent_41,PAR TAXI
4,4,2,4,3,gemma3:27b,data_pmus_yaounde,q2_2_1,Agent_41,TAXI
4,4,2,4,3,gemma3:27b,data_pmus_yaounde,q2_2_2,Agent_41,MVOG BETSI
4,4,2,4,3,gemma3:27b,data_pmus_yaounde,q2_3_1,Agent_41,MVOG BETSI
4,4,2,4,3,gemma3:27b,data_pmus_yaounde,q2_3_2,Agent_41,CARREFOUR
5,4,4,4,4,gemma3:27b,data_pmus_yaounde,q2_3,Agent_41,NON
4,4,2,4,3,gemma3:27b,data_pmus_yaounde,q2_4,Agent_41,A PIED
4,4,2,4,3,gemma3:27b,data_pmus_yaounde,q2_5_1,Agent_41,MVOG BETSI
4,4,2,4,3,gemma3:27b,data_pmus_yaounde,q2_5_2,Agent_41,0MPHINE
4,4,2,4,3,gemma3:27b,data_pmus_yaounde,q2_6_1,Agent_41,MVOG BETSI
4,4,2,4,3,gemma3:27b,data_pmus_yaounde,q2_6_2,Agent_41,MOKOLO EN BAS
4,4,3,4,4,gemma3:27b,data_pmus_yaounde,q3_1,Agent_41,NON
4,3,4,4,3,gemma3:27b,data_pmus_yaounde,q3_2,Agent_41,A PIED
4,4,3,4,3,gemma3:27b,data_pmus_yaounde,q3_3_1,Agent_41,MVOG BETSI
4,4,2,4,3,gemma3:27b,data_pmus_yaounde,q3_3_2,Agent_41,CETIC
5,4,2,5,2,gemma3:27b,data_pmus_yaounde,q4_1_a,Agent_41,Veuillez indiquer depuis combien de temps vous attendez.
4,3,3,4,4,gemma3:27b,data_pmus_yaounde,q4_1_b,Agent_41,MOINS DE 5 MIN
5,4,2,5,2,gemma3:27b,data_pmus_yaounde,q4_2_a,Agent_41,Veuillez indiquer depuis combien de temps vous attendez.
4,3,3,4,4,gemma3:27b,data_pmus_yaounde,q4_2_b,Agent_41,30 60 MIN
4,4,4,4,4,gemma3:27b,data_pmus_yaounde,q4_3,Agent_41,1900
4,3,4,4,4,gemma3:27b,data_pmus_yaounde,q4_4,Agent_41,ACTIVIT S DE LOISIRS
3,3,3,4,3,gemma3:27b,data_pmus_yaounde,q4_4_autres,Agent_41,SPORT ET VISITE AMICALE
5,3,4,4,4,gemma3:27b,data_pmus_yaounde,q5_1,Agent_41,ENTRE 36 ET 45 ANS
5,3,4,4,4,gemma3:27b,data_pmus_yaounde,q5_2,Agent_41,ENTRE 30 001 ET 100 000
4,4,4,4,4,gemma3:27b,data_pmus_yaounde,q5_3,Agent_41,HOMME
4,4,2,4,3,gemma3:27b,data_pmus_yaounde,centre ville,Agent_42,YAOUNDE
5,4,4,4,4,gemma3:27b,data_pmus_yaounde,q1_1,Agent_42,HORS DE LA VILLE DE YAOUNDE
4,4,3,4,4,gemma3:27b,data_pmus_yaounde,q1_1_a,Agent_42,ABIT
4,4,3,4,3,gemma3:27b,data_pmus_yaounde,q1_1_b,Agent_42,10EME ARRET
4,4,2,4,3,gemma3:27b,data_pmus_yaounde,q1_1_c,Agent_42,AFANOYA
5,4,4,4,4,gemma3:27b,data_pmus_yaounde,q1_2,Agent_42,HORS DE LA VILLE DE YAOUNDE
4,4,4,4,4,gemma3:27b,data_pmus_yaounde,q1_2_a,Agent_42,TSINGA
4,4,3,4,3,gemma3:27b,data_pmus_yaounde,q1_2_b,Agent_42,ENTREE TONGOLO
4,4,2,4,3,gemma3:27b,data_pmus_yaounde,q1_3_c,Agent_42,AFANOYA
4,3,4,4,3,gemma3:27b,data_pmus_yaounde,q2_1,Agent_42,PAR BUS STACY
4,4,2,4,3,gemma3:27b,data_pmus_yaounde,q2_2_1,Agent_42,TSINGA
4,4,2,4,3,gemma3:27b,data_pmus_yaounde,q2_2_2,Agent_42,TSINGA
4,4,2,4,3,gemma3:27b,data_pmus_yaounde,q2_3_1,Agent_42,TSINGA
4,4,2,4,3,gemma3:27b,data_pmus_yaounde,q2_3_2,Agent_42,FEU B TONGOLO
5,4,4,4,4,gemma3:27b,data_pmus_yaounde,q2_3,Agent_42,NON
4,4,2,4,3,gemma3:27b,data_pmus_yaounde,q2_4,Agent_42,PAR BUS STACY
4,4,2,4,3,gemma3:27b,data_pmus_yaounde,q2_5_1,Agent_42,TSINGA
4,4,2,4,3,gemma3:27b,data_pmus_yaounde,q2_5_2,Agent_42,TSINGA VILLAGE
4,4,2,4,3,gemma3:27b,data_pmus_yaounde,q2_6_1,Agent_42,TSINGA
4,4,2,4,3,gemma3:27b,data_pmus_yaounde,q2_6_2,Agent_42,MIMBOMAN TERMINUS
4,4,3,4,4,gemma3:27b,data_pmus_yaounde,q3_1,Agent_42,NON
4,3,4,4,3,gemma3:27b,data_pmus_yaounde,q3_2,Agent_42,PAR BUS STACY
4,4,3,4,3,gemma3:27b,data_pmus_yaounde,q3_3_1,Agent_42,TSINGA
4,4,2,4,3,gemma3:27b,data_pmus_yaounde,q3_3_2,Agent_42,10 IEME ARRET
5,4,2,5,2,gemma3:27b,data_pmus_yaounde,q4_1_a,Agent_42,Veuillez indiquer depuis combien de temps vous attendez.
4,3,3,4,4,gemma3:27b,data_pmus_yaounde,q4_1_b,Agent_42,MOINS DE 5 MIN
5,4,2,5,2,gemma3:27b,data_pmus_yaounde,q4_2_a,Agent_42,Veuillez indiquer depuis combien de temps vous attendez.
4,3,3,4,4,gemma3:27b,data_pmus_yaounde,q4_2_b,Agent_42,30 60 MIN
4,4,4,4,4,gemma3:27b,data_pmus_yaounde,q4_3,Agent_42,200
4,3,4,4,4,gemma3:27b,data_pmus_yaounde,q4_4,Agent_42,COURSES
3,3,3,4,3,gemma3:27b,data_pmus_yaounde,q4_4_autres,Agent_42,COMMERCE
5,3,4,4,4,gemma3:27b,data_pmus_yaounde,q5_1,Agent_42,ENTRE 55ANS ET 64 ANS
5,3,4,4,4,gemma3:27b,data_pmus_yaounde,q5_2,Agent_42,ENTRE 30 001 ET 100 000
4,4,4,4,4,gemma3:27b,data_pmus_yaounde,q5_3,Agent_42,HOMME
4,4,2,4,3,gemma3:27b,data_pmus_yaounde,centre ville,Agent_43,YAOUNDE
5,4,4,4,4,gemma3:27b,data_pmus_yaounde,q1_1,Agent_43,UN QUARTIER DE LA VILLE DE YAOUNDE
4,4,3,4,4,gemma3:27b,data_pmus_yaounde,q1_1_a,Agent_43,MVOG EKOUSSOU
4,4,3,4,3,gemma3:27b,data_pmus_yaounde,q1_1_b,Agent_43,GENDAMMERIE NATOINALE
4,4,2,4,3,gemma3:27b,data_pmus_yaounde,q1_1_c,Agent_43,AFANOYA
5,4,4,4,4,gemma3:27b,data_pmus_yaounde,q1_2,Agent_43,UN QUARTIER DE LA VILLE DE YAOUNDE
4,4,4,4,4,gemma3:27b,data_pmus_yaounde,q1_2_a,Agent_43,ABOM
4,4,3,4,3,gemma3:27b,data_pmus_yaounde,q1_2_b,Agent_43,10 IEME ARRET
4,4,2,4,3,gemma3:27b,data_pmus_yaounde,q1_3_c,Agent_43,AFANOYA
4,3,4,4,3,gemma3:27b,data_pmus_yaounde,q2_1,Agent_43,PAR BUS STACY
4,4,2,4,3,gemma3:27b,data_pmus_yaounde,q2_2_1,Agent_43,GARRE KY OSSIE
4,4,2,4,3,gemma3:27b,data_pmus_yaounde,q2_2_2,Agent_43,ENTREE FOKOU
4,4,2,4,3,gemma3:27b,data_pmus_yaounde,q2_3_1,Agent_43,0LESOA
4,4,2,4,3,gemma3:27b,data_pmus_yaounde,q2_3_2,Agent_43,0NANA
5,4,4,4,4,gemma3:27b,data_pmus_yaounde,q2_3,Agent_43,NON
4,4,2,4,3,gemma3:27b,data_pmus_yaounde,q2_4,Agent_43,PAR BUS STACY
4,4,2,4,3,gemma3:27b,data_pmus_yaounde,q2_5_1,Agent_43,BIYEM ASSI
4,4,2,4,3,gemma3:27b,data_pmus_yaounde,q2_5_2,Agent_43,MVOGAWAT
4,4,2,4,3,gemma3:27b,data_pmus_yaounde,q2_6_1,Agent_43,OYOM ABANG
4,4,2,4,3,gemma3:27b,data_pmus_yaounde,q2_6_2,Agent_43,HOPITAL GENRERAL
4,4,3,4,4,gemma3:27b,data_pmus_yaounde,q3_1,Agent_43,NON
4,3,4,4,3,gemma3:27b,data_pmus_yaounde,q3_2,Agent_43,PAR BUS STACY
4,4,3,4,3,gemma3:27b,data_pmus_yaounde,q3_3_1,Agent_43,TRANSFORMATEUR
4,4,2,4,3,gemma3:27b,data_pmus_yaounde,q3_3_2,Agent_43,SODEPA
5,4,2,5,2,gemma3:27b,data_pmus_yaounde,q4_1_a,Agent_43,Veuillez indiquer depuis combien de temps vous attendez.
4,3,3,4,4,gemma3:27b,data_pmus_yaounde,q4_1_b,Agent_43,PLUS DE 20 MINUTES
5,4,2,5,2,gemma3:27b,data_pmus_yaounde,q4_2_a,Agent_43,Veuillez indiquer depuis combien de temps vous attendez.
4,3,3,4,4,gemma3:27b,data_pmus_yaounde,q4_2_b,Agent_43,30 60 MIN
4,4,4,4,4,gemma3:27b,data_pmus_yaounde,q4_3,Agent_43,3250
4,3,4,4,4,gemma3:27b,data_pmus_yaounde,q4_4,Agent_43,TRAVAIL
3,3,3,4,3,gemma3:27b,data_pmus_yaounde,q4_4_autres,Agent_43,HOPITAL
5,3,4,4,4,gemma3:27b,data_pmus_yaounde,q5_1,Agent_43,ENTRE 36 ET 45 ANS
5,3,4,4,4,gemma3:27b,data_pmus_yaounde,q5_2,Agent_43,ENTRE 300 001 ET 500 000
4,4,4,4,4,gemma3:27b,data_pmus_yaounde,q5_3,Agent_43,FEMME
4,4,2,4,3,gemma3:27b,data_pmus_yaounde,centre ville,Agent_44,YAOUNDE
5,4,4,4,4,gemma3:27b,data_pmus_yaounde,q1_1,Agent_44,HORS DE LA VILLE DE YAOUNDE
4,4,3,4,4,gemma3:27b,data_pmus_yaounde,q1_1_a,Agent_44,ABIT
4,4,3,4,3,gemma3:27b,data_pmus_yaounde,q1_1_b,Agent_44,VHEZ MOGUE
4,4,2,4,3,gemma3:27b,data_pmus_yaounde,q1_1_c,Agent_44,AFANOYA
5,4,4,4,4,gemma3:27b,data_pmus_yaounde,q1_2,Agent_44,UN QUARTIER DE LA VILLE DE YAOUNDE
4,4,4,4,4,gemma3:27b,data_pmus_yaounde,q1_2_a,Agent_44,ABOM
4,4,3,4,3,gemma3:27b,data_pmus_yaounde,q1_2_b,Agent_44,10 IEME ARRET
4,4,2,4,3,gemma3:27b,data_pmus_yaounde,q1_3_c,Agent_44,AFANOYA
4,3,4,4,3,gemma3:27b,data_pmus_yaounde,q2_1,Agent_44,PAR BUS STACY
4,4,2,4,3,gemma3:27b,data_pmus_yaounde,q2_2_1,Agent_44,OYACK
4,4,2,4,3,gemma3:27b,data_pmus_yaounde,q2_2_2,Agent_44,MOBIM
4,4,2,4,3,gemma3:27b,data_pmus_yaounde,q2_3_1,Agent_44,NSAM
4,4,2,4,3,gemma3:27b,data_pmus_yaounde,q2_3_2,Agent_44,NKOM KANA
5,4,4,4,4,gemma3:27b,data_pmus_yaounde,q2_3,Agent_44,NON
4,4,2,4,3,gemma3:27b,data_pmus_yaounde,q2_4,Agent_44,PAR BUS AGENCE INTERURBAIN
4,4,2,4,3,gemma3:27b,data_pmus_yaounde,q2_5_1,Agent_44,MOBIL OMINSPORT
4,4,2,4,3,gemma3:27b,data_pmus_yaounde,q2_5_2,Agent_44,0MPHINE
4,4,2,4,3,gemma3:27b,data_pmus_yaounde,q2_6_1,Agent_44,NKOM KANA
4,4,2,4,3,gemma3:27b,data_pmus_yaounde,q2_6_2,Agent_44,DECENTE NKOM KANA
4,4,3,4,4,gemma3:27b,data_pmus_yaounde,q3_1,Agent_44,NON
4,3,4,4,3,gemma3:27b,data_pmus_yaounde,q3_2,Agent_44,PAR BUS AGENCE INTERURBAIN
4,4,3,4,3,gemma3:27b,data_pmus_yaounde,q3_3_1,Agent_44,OBACK
4,4,2,4,3,gemma3:27b,data_pmus_yaounde,q3_3_2,Agent_44,SIMBOCK LABOUREUR
5,4,2,5,2,gemma3:27b,data_pmus_yaounde,q4_1_a,Agent_44,Veuillez indiquer depuis combien de temps vous attendez.
4,3,3,4,4,gemma3:27b,data_pmus_yaounde,q4_1_b,Agent_44,MOINS DE 5 MIN
5,4,2,5,2,gemma3:27b,data_pmus_yaounde,q4_2_a,Agent_44,Veuillez indiquer depuis combien de temps vous attendez.
4,3,3,4,4,gemma3:27b,data_pmus_yaounde,q4_2_b,Agent_44,15 30 MIN
4,4,4,4,4,gemma3:27b,data_pmus_yaounde,q4_3,Agent_44,2500
4,3,4,4,4,gemma3:27b,data_pmus_yaounde,q4_4,Agent_44,COURSES
3,3,3,4,3,gemma3:27b,data_pmus_yaounde,q4_4_autres,Agent_44,FAIRE DU MARCHE
5,3,4,4,4,gemma3:27b,data_pmus_yaounde,q5_1,Agent_44,ENTRE 55ANS ET 64 ANS
5,3,4,4,4,gemma3:27b,data_pmus_yaounde,q5_2,Agent_44,ENTRE 30 001 ET 100 000
4,4,4,4,4,gemma3:27b,data_pmus_yaounde,q5_3,Agent_44,FEMME
4,4,2,4,3,gemma3:27b,data_pmus_yaounde,centre ville,Agent_45,YAOUNDE
5,4,4,4,4,gemma3:27b,data_pmus_yaounde,q1_1,Agent_45,UN QUARTIER DE LA VILLE DE YAOUNDE
4,4,3,4,4,gemma3:27b,data_pmus_yaounde,q1_1_a,Agent_45,ABIT
4,4,3,4,3,gemma3:27b,data_pmus_yaounde,q1_1_b,Agent_45,10EME ARRET
4,4,2,4,3,gemma3:27b,data_pmus_yaounde,q1_1_c,Agent_45,AFANOYA
5,4,4,4,4,gemma3:27b,data_pmus_yaounde,q1_2,Agent_45,UN QUARTIER DE LA VILLE DE YAOUNDE
4,4,4,4,4,gemma3:27b,data_pmus_yaounde,q1_2_a,Agent_45,OLEZOA
4,4,3,4,3,gemma3:27b,data_pmus_yaounde,q1_2_b,Agent_45,MAISON MERE
4,4,2,4,3,gemma3:27b,data_pmus_yaounde,q1_3_c,Agent_45,DOUALA
4,3,4,4,3,gemma3:27b,data_pmus_yaounde,q2_1,Agent_45,PAR BUS STACY
4,4,2,4,3,gemma3:27b,data_pmus_yaounde,q2_2_1,Agent_45,CARREFOUR ELOUDOU
4,4,2,4,3,gemma3:27b,data_pmus_yaounde,q2_2_2,Agent_45,CCARREFOUR SIMBOCK
4,4,2,4,3,gemma3:27b,data_pmus_yaounde,q2_3_1,Agent_45,OLEZOA
4,4,2,4,3,gemma3:27b,data_pmus_yaounde,q2_3_2,Agent_45,TOTALNGOUSSO
5,4,4,4,4,gemma3:27b,data_pmus_yaounde,q2_3,Agent_45,OUI
4,4,2,4,3,gemma3:27b,data_pmus_yaounde,q2_4,Agent_45,PAR BUS STACY
4,4,2,4,3,gemma3:27b,data_pmus_yaounde,q2_5_1,Agent_45,MBANKOLO
4,4,2,4,3,gemma3:27b,data_pmus_yaounde,q2_5_2,Agent_45,0MPHINE
4,4,2,4,3,gemma3:27b,data_pmus_yaounde,q2_6_1,Agent_45,OLEZOA
4,4,2,4,3,gemma3:27b,data_pmus_yaounde,q2_6_2,Agent_45,TERMINUS ODZA
4,4,3,4,4,gemma3:27b,data_pmus_yaounde,q3_1,Agent_45,NON
4,3,4,4,3,gemma3:27b,data_pmus_yaounde,q3_2,Agent_45,PAR BUS STACY
4,4,3,4,3,gemma3:27b,data_pmus_yaounde,q3_3_1,Agent_45,TERMINUS
4,4,2,4,3,gemma3:27b,data_pmus_yaounde,q3_3_2,Agent_45,TERMINUS
5,4,2,5,2,gemma3:27b,data_pmus_yaounde,q4_1_a,Agent_45,Veuillez indiquer depuis combien de temps vous attendez.
4,3,3,4,4,gemma3:27b,data_pmus_yaounde,q4_1_b,Agent_45,MOINS DE 5 MIN
5,4,2,5,2,gemma3:27b,data_pmus_yaounde,q4_2_a,Agent_45,Veuillez indiquer depuis combien de temps vous attendez.
4,3,3,4,4,gemma3:27b,data_pmus_yaounde,q4_2_b,Agent_45,30 60 MIN
4,4,4,4,4,gemma3:27b,data_pmus_yaounde,q4_3,Agent_45,1550
4,3,4,4,4,gemma3:27b,data_pmus_yaounde,q4_4,Agent_45,TRAVAIL
3,3,3,4,3,gemma3:27b,data_pmus_yaounde,q4_4_autres,Agent_45,LES AFFAIRES
5,3,4,4,4,gemma3:27b,data_pmus_yaounde,q5_1,Agent_45,ENTRE 36 ET 45 ANS
5,3,4,4,4,gemma3:27b,data_pmus_yaounde,q5_2,Agent_45,ENTRE 30 001 ET 100 000
4,4,4,4,4,gemma3:27b,data_pmus_yaounde,q5_3,Agent_45,HOMME
4,4,2,4,3,gemma3:27b,data_pmus_yaounde,centre ville,Agent_46,YAOUNDE
5,4,4,4,4,gemma3:27b,data_pmus_yaounde,q1_1,Agent_46,HORS DE LA VILLE DE YAOUNDE
4,4,3,4,4,gemma3:27b,data_pmus_yaounde,q1_1_a,Agent_46,ABIT
4,4,3,4,3,gemma3:27b,data_pmus_yaounde,q1_1_b,Agent_46,BRASSERIE
4,4,2,4,3,gemma3:27b,data_pmus_yaounde,q1_1_c,Agent_46,AFANOYA
5,4,4,4,4,gemma3:27b,data_pmus_yaounde,q1_2,Agent_46,UN QUARTIER DE LA VILLE DE YAOUNDE
4,4,4,4,4,gemma3:27b,data_pmus_yaounde,q1_2_a,Agent_46,MBANKOLO
4,4,3,4,3,gemma3:27b,data_pmus_yaounde,q1_2_b,Agent_46,10 IEME ARRET
4,4,2,4,3,gemma3:27b,data_pmus_yaounde,q1_3_c,Agent_46,MBANKOLO
4,3,4,4,3,gemma3:27b,data_pmus_yaounde,q2_1,Agent_46,PAR BUS STACY
4,4,2,4,3,gemma3:27b,data_pmus_yaounde,q2_2_1,Agent_46,2 CHEVEAU
4,4,2,4,3,gemma3:27b,data_pmus_yaounde,q2_2_2,Agent_46,10 E ARRET
4,4,2,4,3,gemma3:27b,data_pmus_yaounde,q2_3_1,Agent_46,MBANKOLO
4,4,2,4,3,gemma3:27b,data_pmus_yaounde,q2_3_2,Agent_46,0NANA
5,4,4,4,4,gemma3:27b,data_pmus_yaounde,q2_3,Agent_46,NON
4,4,2,4,3,gemma3:27b,data_pmus_yaounde,q2_4,Agent_46,PAR BUS STACY
4,4,2,4,3,gemma3:27b,data_pmus_yaounde,q2_5_1,Agent_46,MBANKOLO
4,4,2,4,3,gemma3:27b,data_pmus_yaounde,q2_5_2,Agent_46,0MPHINE
4,4,2,4,3,gemma3:27b,data_pmus_yaounde,q2_6_1,Agent_46,ABATTOIR
4,4,2,4,3,gemma3:27b,data_pmus_yaounde,q2_6_2,Agent_46,11EME ARRET
4,4,3,4,4,gemma3:27b,data_pmus_yaounde,q3_1,Agent_46,OUI
4,3,4,4,3,gemma3:27b,data_pmus_yaounde,q3_2,Agent_46,PAR BUS STACY
4,4,3,4,3,gemma3:27b,data_pmus_yaounde,q3_3_1,Agent_46,MBANKOLO
4,4,2,4,3,gemma3:27b,data_pmus_yaounde,q3_3_2,Agent_46,10 IEME ARRET
5,4,2,5,2,gemma3:27b,data_pmus_yaounde,q4_1_a,Agent_46,Veuillez indiquer depuis combien de temps vous attendez.
4,3,3,4,4,gemma3:27b,data_pmus_yaounde,q4_1_b,Agent_46,10 20 MINUTES
5,4,2,5,2,gemma3:27b,data_pmus_yaounde,q4_2_a,Agent_46,Veuillez indiquer depuis combien de temps vous attendez.
4,3,3,4,4,gemma3:27b,data_pmus_yaounde,q4_2_b,Agent_46,30 60 MIN
4,4,4,4,4,gemma3:27b,data_pmus_yaounde,q4_3,Agent_46,250
4,3,4,4,4,gemma3:27b,data_pmus_yaounde,q4_4,Agent_46,VISITE FAMILLE
3,3,3,4,3,gemma3:27b,data_pmus_yaounde,q4_4_autres,Agent_46,ACHAT
5,3,4,4,4,gemma3:27b,data_pmus_yaounde,q5_1,Agent_46,ENTRE 18 ET 25 ANS
5,3,4,4,4,gemma3:27b,data_pmus_yaounde,q5_2,Agent_46,ENTRE 30 001 ET 100 000
4,4,4,4,4,gemma3:27b,data_pmus_yaounde,q5_3,Agent_46,HOMME
4,4,2,4,3,gemma3:27b,data_pmus_yaounde,centre ville,Agent_47,YAOUNDE
5,4,4,4,4,gemma3:27b,data_pmus_yaounde,q1_1,Agent_47,UN QUARTIER DE LA VILLE DE YAOUNDE
4,4,3,4,4,gemma3:27b,data_pmus_yaounde,q1_1_a,Agent_47,ABIT
4,4,3,4,3,gemma3:27b,data_pmus_yaounde,q1_1_b,Agent_47,10EME ARRET
4,4,2,4,3,gemma3:27b,data_pmus_yaounde,q1_1_c,Agent_47,AFANOYA
5,4,4,4,4,gemma3:27b,data_pmus_yaounde,q1_2,Agent_47,UN QUARTIER DE LA VILLE DE YAOUNDE
4,4,4,4,4,gemma3:27b,data_pmus_yaounde,q1_2_a,Agent_47,ABOM
4,4,3,4,3,gemma3:27b,data_pmus_yaounde,q1_2_b,Agent_47,A LA MONTE
4,4,2,4,3,gemma3:27b,data_pmus_yaounde,q1_3_c,Agent_47,DOUALA
4,3,4,4,3,gemma3:27b,data_pmus_yaounde,q2_1,Agent_47,PAR BUS STACY
4,4,2,4,3,gemma3:27b,data_pmus_yaounde,q2_2_1,Agent_47,ENTRER ECOLE
4,4,2,4,3,gemma3:27b,data_pmus_yaounde,q2_2_2,Agent_47,ENTREE IHM
4,4,2,4,3,gemma3:27b,data_pmus_yaounde,q2_3_1,Agent_47,OMNISP0RT
4,4,2,4,3,gemma3:27b,data_pmus_yaounde,q2_3_2,Agent_47,GARE VOYAGEUR
5,4,4,4,4,gemma3:27b,data_pmus_yaounde,q2_3,Agent_47,NON
4,4,2,4,3,gemma3:27b,data_pmus_yaounde,q2_4,Agent_47,PAR BUS STACY
4,4,2,4,3,gemma3:27b,data_pmus_yaounde,q2_5_1,Agent_47,JOUVENCE
4,4,2,4,3,gemma3:27b,data_pmus_yaounde,q2_5_2,Agent_47,JOUVENCE
4,4,2,4,3,gemma3:27b,data_pmus_yaounde,q2_6_1,Agent_47,UNIVERSITE
4,4,2,4,3,gemma3:27b,data_pmus_yaounde,q2_6_2,Agent_47,UNIVERSITE
4,4,3,4,4,gemma3:27b,data_pmus_yaounde,q3_1,Agent_47,NON
4,3,4,4,3,gemma3:27b,data_pmus_yaounde,q3_2,Agent_47,PAR BUS STACY
4,4,3,4,3,gemma3:27b,data_pmus_yaounde,q3_3_1,Agent_47,ACACIA
4,4,2,4,3,gemma3:27b,data_pmus_yaounde,q3_3_2,Agent_47,ACACIA
5,4,2,5,2,gemma3:27b,data_pmus_yaounde,q4_1_a,Agent_47,Veuillez indiquer depuis combien de temps vous attendez.
4,3,3,4,4,gemma3:27b,data_pmus_yaounde,q4_1_b,Agent_47,MOINS DE 5 MIN
5,4,2,5,2,gemma3:27b,data_pmus_yaounde,q4_2_a,Agent_47,Veuillez indiquer depuis combien de temps vous attendez.
4,3,3,4,4,gemma3:27b,data_pmus_yaounde,q4_2_b,Agent_47,30 60 MIN
4,4,4,4,4,gemma3:27b,data_pmus_yaounde,q4_3,Agent_47,800
4,3,4,4,4,gemma3:27b,data_pmus_yaounde,q4_4,Agent_47,TRAVAIL
3,3,3,4,3,gemma3:27b,data_pmus_yaounde,q4_4_autres,Agent_47,ACHAT
5,3,4,4,4,gemma3:27b,data_pmus_yaounde,q5_1,Agent_47,ENTRE 18 ET 25 ANS
5,3,4,4,4,gemma3:27b,data_pmus_yaounde,q5_2,Agent_47,MOINS DE 30 000
4,4,4,4,4,gemma3:27b,data_pmus_yaounde,q5_3,Agent_47,HOMME
4,4,2,4,3,gemma3:27b,data_pmus_yaounde,centre ville,Agent_48,YAOUNDE
5,4,4,4,4,gemma3:27b,data_pmus_yaounde,q1_1,Agent_48,HORS DE LA VILLE DE YAOUNDE
4,4,3,4,4,gemma3:27b,data_pmus_yaounde,q1_1_a,Agent_48,ABIT
4,4,3,4,3,gemma3:27b,data_pmus_yaounde,q1_1_b,Agent_48,10EME ARRET
4,4,2,4,3,gemma3:27b,data_pmus_yaounde,q1_1_c,Agent_48,DOUALA
5,4,4,4,4,gemma3:27b,data_pmus_yaounde,q1_2,Agent_48,UN QUARTIER DE LA VILLE DE YAOUNDE
4,4,4,4,4,gemma3:27b,data_pmus_yaounde,q1_2_a,Agent_48,ABOM
4,4,3,4,3,gemma3:27b,data_pmus_yaounde,q1_2_b,Agent_48,10 IEME ARRET
4,4,2,4,3,gemma3:27b,data_pmus_yaounde,q1_3_c,Agent_48,DOUALA
4,3,4,4,3,gemma3:27b,data_pmus_yaounde,q2_1,Agent_48,PAR BUS STACY
4,4,2,4,3,gemma3:27b,data_pmus_yaounde,q2_2_1,Agent_48,2 CHEVEAU
4,4,2,4,3,gemma3:27b,data_pmus_yaounde,q2_2_2,Agent_48,BIYEMASSA
4,4,2,4,3,gemma3:27b,data_pmus_yaounde,q2_3_1,Agent_48,TEKASSE
4,4,2,4,3,gemma3:27b,data_pmus_yaounde,q2_3_2,Agent_48,BATA NLONGKAK
5,4,4,4,4,gemma3:27b,data_pmus_yaounde,q2_3,Agent_48,NON
4,4,2,4,3,gemma3:27b,data_pmus_yaounde,q2_4,Agent_48,PAR BUS AGENCE INTERURBAIN
4,4,2,4,3,gemma3:27b,data_pmus_yaounde,q2_5_1,Agent_48,MOBIL OMINSPORT
4,4,2,4,3,gemma3:27b,data_pmus_yaounde,q2_5_2,Agent_48,GENYCO
4,4,2,4,3,gemma3:27b,data_pmus_yaounde,q2_6_1,Agent_48,NKOM KANA
4,4,2,4,3,gemma3:27b,data_pmus_yaounde,q2_6_2,Agent_48,ROND POINT NLONGKAK
4,4,3,4,4,gemma3:27b,data_pmus_yaounde,q3_1,Agent_48,NON
4,3,4,4,3,gemma3:27b,data_pmus_yaounde,q3_2,Agent_48,PAR BUS AGENCE INTERURBAIN
4,4,3,4,3,gemma3:27b,data_pmus_yaounde,q3_3_1,Agent_48,ETOA MEKI
4,4,2,4,3,gemma3:27b,data_pmus_yaounde,q3_3_2,Agent_48,CHEZ LE GOUVENEUR
5,4,2,5,2,gemma3:27b,data_pmus_yaounde,q4_1_a,Agent_48,Veuillez indiquer depuis combien de temps vous attendez.
4,3,3,4,4,gemma3:27b,data_pmus_yaounde,q4_1_b,Agent_48,MOINS DE 5 MIN
5,4,2,5,2,gemma3:27b,data_pmus_yaounde,q4_2_a,Agent_48,Veuillez indiquer depuis combien de temps vous attendez.
4,3,3,4,4,gemma3:27b,data_pmus_yaounde,q4_2_b,Agent_48,15 30 MIN
4,4,4,4,4,gemma3:27b,data_pmus_yaounde,q4_3,Agent_48,800
4,3,4,4,4,gemma3:27b,data_pmus_yaounde,q4_4,Agent_48,VISITE FAMILLE
3,3,3,4,3,gemma3:27b,data_pmus_yaounde,q4_4_autres,Agent_48,RENCONTRE
5,3,4,4,4,gemma3:27b,data_pmus_yaounde,q5_1,Agent_48,MOINS DE 18 ANS
5,3,4,4,4,gemma3:27b,data_pmus_yaounde,q5_2,Agent_48,MOINS DE 30 000
4,4,4,4,4,gemma3:27b,data_pmus_yaounde,q5_3,Agent_48,FEMME
4,4,2,4,3,gemma3:27b,data_pmus_yaounde,centre ville,Agent_49,YAOUNDE
5,4,4,4,4,gemma3:27b,data_pmus_yaounde,q1_1,Agent_49,HORS DE LA VILLE DE YAOUNDE
4,4,3,4,4,gemma3:27b,data_pmus_yaounde,q1_1_a,Agent_49,MVOG ADA
4,4,3,4,3,gemma3:27b,data_pmus_yaounde,q1_1_b,Agent_49,COLLEGE MONTESQIEU
4,4,2,4,3,gemma3:27b,data_pmus_yaounde,q1_1_c,Agent_49,MVOG ADA
5,4,4,4,4,gemma3:27b,data_pmus_yaounde,q1_2,Agent_49,UN QUARTIER DE LA VILLE DE YAOUNDE
4,4,4,4,4,gemma3:27b,data_pmus_yaounde,q1_2_a,Agent_49,ABOM
4,4,3,4,3,gemma3:27b,data_pmus_yaounde,q1_2_b,Agent_49,MVOGT
4,4,2,4,3,gemma3:27b,data_pmus_yaounde,q1_3_c,Agent_49,AFANOYA
4,3,4,4,3,gemma3:27b,data_pmus_yaounde,q2_1,Agent_49,PAR BUS STACY
4,4,2,4,3,gemma3:27b,data_pmus_yaounde,q2_2_1,Agent_49,TEKC
4,4,2,4,3,gemma3:27b,data_pmus_yaounde,q2_2_2,Agent_49,10 E ARRET
4,4,2,4,3,gemma3:27b,data_pmus_yaounde,q2_3_1,Agent_49,HOPITAL CENTRAL
4,4,2,4,3,gemma3:27b,data_pmus_yaounde,q2_3_2,Agent_49,0NANA
5,4,4,4,4,gemma3:27b,data_pmus_yaounde,q2_3,Agent_49,NON
4,4,2,4,3,gemma3:27b,data_pmus_yaounde,q2_4,Agent_49,PAR BUS STACY
4,4,2,4,3,gemma3:27b,data_pmus_yaounde,q2_5_1,Agent_49,CARREFOUR NSSIMEYONG
4,4,2,4,3,gemma3:27b,data_pmus_yaounde,q2_5_2,Agent_49,0MPHINE
4,4,2,4,3,gemma3:27b,data_pmus_yaounde,q2_6_1,Agent_49,CENTRE VILLE
4,4,2,4,3,gemma3:27b,data_pmus_yaounde,q2_6_2,Agent_49,CENTRE VILLE
4,4,3,4,4,gemma3:27b,data_pmus_yaounde,q3_1,Agent_49,NON
4,3,4,4,3,gemma3:27b,data_pmus_yaounde,q3_2,Agent_49,PAR BUS STACY
4,4,3,4,3,gemma3:27b,data_pmus_yaounde,q3_3_1,Agent_49,CENTRE VILLE
4,4,2,4,3,gemma3:27b,data_pmus_yaounde,q3_3_2,Agent_49,MARCHE DE FLEUR
5,4,2,5,2,gemma3:27b,data_pmus_yaounde,q4_1_a,Agent_49,Veuillez indiquer depuis combien de temps vous attendez.
4,3,3,4,4,gemma3:27b,data_pmus_yaounde,q4_1_b,Agent_49,MOINS DE 5 MIN
5,4,2,5,2,gemma3:27b,data_pmus_yaounde,q4_2_a,Agent_49,Veuillez indiquer depuis combien de temps vous attendez.
4,3,3,4,4,gemma3:27b,data_pmus_yaounde,q4_2_b,Agent_49,30 60 MIN
4,4,4,4,4,gemma3:27b,data_pmus_yaounde,q4_3,Agent_49,1500
4,3,4,4,4,gemma3:27b,data_pmus_yaounde,q4_4,Agent_49,VISITE FAMILLE
3,3,3,4,3,gemma3:27b,data_pmus_yaounde,q4_4_autres,Agent_49,ACHAT
5,3,4,4,4,gemma3:27b,data_pmus_yaounde,q5_1,Agent_49,ENTRE 18 ET 25 ANS
5,3,4,4,4,gemma3:27b,data_pmus_yaounde,q5_2,Agent_49,MOINS DE 30 000
4,4,4,4,4,gemma3:27b,data_pmus_yaounde,q5_3,Agent_49,FEMME
4,4,2,4,3,gemma3:27b,data_pmus_yaounde,centre ville,Agent_50,YAOUNDE
5,4,4,4,4,gemma3:27b,data_pmus_yaounde,q1_1,Agent_50,HORS DE LA VILLE DE YAOUNDE
4,4,3,4,4,gemma3:27b,data_pmus_yaounde,q1_1_a,Agent_50,MENDONG
4,4,3,4,3,gemma3:27b,data_pmus_yaounde,q1_1_b,Agent_50,10EME ARRET
4,4,2,4,3,gemma3:27b,data_pmus_yaounde,q1_1_c,Agent_50,MVAN
5,4,4,4,4,gemma3:27b,data_pmus_yaounde,q1_2,Agent_50,UN QUARTIER DE LA VILLE DE YAOUNDE
4,4,4,4,4,gemma3:27b,data_pmus_yaounde,q1_2_a,Agent_50,MVAN
4,4,3,4,3,gemma3:27b,data_pmus_yaounde,q1_2_b,Agent_50,10 IEME ARRET
4,4,2,4,3,gemma3:27b,data_pmus_yaounde,q1_3_c,Agent_50,MVAN
4,3,4,4,3,gemma3:27b,data_pmus_yaounde,q2_1,Agent_50,PAR BUS STACY
4,4,2,4,3,gemma3:27b,data_pmus_yaounde,q2_2_1,Agent_50,NEMDON
4,4,2,4,3,gemma3:27b,data_pmus_yaounde,q2_2_2,Agent_50,10 E ARRET
4,4,2,4,3,gemma3:27b,data_pmus_yaounde,q2_3_1,Agent_50,MVAN
4,4,2,4,3,gemma3:27b,data_pmus_yaounde,q2_3_2,Agent_50,AVIANCE VOYAGE MVAN
5,4,4,4,4,gemma3:27b,data_pmus_yaounde,q2_3,Agent_50,NON
4,4,2,4,3,gemma3:27b,data_pmus_yaounde,q2_4,Agent_50,PAR BUS STACY
4,4,2,4,3,gemma3:27b,data_pmus_yaounde,q2_5_1,Agent_50,MVAN
4,4,2,4,3,gemma3:27b,data_pmus_yaounde,q2_5_2,Agent_50,MENDONG
4,4,2,4,3,gemma3:27b,data_pmus_yaounde,q2_6_1,Agent_50,MVAN
4,4,2,4,3,gemma3:27b,data_pmus_yaounde,q2_6_2,Agent_50,11EME ARRET
4,4,3,4,4,gemma3:27b,data_pmus_yaounde,q3_1,Agent_50,NON
4,3,4,4,3,gemma3:27b,data_pmus_yaounde,q3_2,Agent_50,PAR BUS STACY
4,4,3,4,3,gemma3:27b,data_pmus_yaounde,q3_3_1,Agent_50,MVOG MBI
4,4,2,4,3,gemma3:27b,data_pmus_yaounde,q3_3_2,Agent_50,AUX NIVEAU DES AGENCES
5,4,2,5,2,gemma3:27b,data_pmus_yaounde,q4_1_a,Agent_50,Veuillez indiquer depuis combien de temps vous attendez.
4,3,3,4,4,gemma3:27b,data_pmus_yaounde,q4_1_b,Agent_50,MOINS DE 5 MIN
5,4,2,5,2,gemma3:27b,data_pmus_yaounde,q4_2_a,Agent_50,Veuillez indiquer depuis combien de temps vous attendez.
4,3,3,4,4,gemma3:27b,data_pmus_yaounde,q4_2_b,Agent_50,30 60 MIN
4,4,4,4,4,gemma3:27b,data_pmus_yaounde,q4_3,Agent_50,700
4,3,4,4,4,gemma3:27b,data_pmus_yaounde,q4_4,Agent_50,SPORTIVES
3,3,3,4,3,gemma3:27b,data_pmus_yaounde,q4_4_autres,Agent_50,SPORT ET VISITE AMICALE
5,3,4,4,4,gemma3:27b,data_pmus_yaounde,q5_1,Agent_50,ENTRE 26 ET 35 ANS
5,3,4,4,4,gemma3:27b,data_pmus_yaounde,q5_2,Agent_50,ENTRE 30 001 ET 100 000
4,4,4,4,4,gemma3:27b,data_pmus_yaounde,q5_3,Agent_50,HOMME
4,4,2,4,3,gemma3:27b,data_pmus_yaounde,centre ville,Agent_51,YAOUNDE
5,4,4,4,4,gemma3:27b,data_pmus_yaounde,q1_1,Agent_51,HORS DE LA VILLE DE YAOUNDE
4,4,3,4,4,gemma3:27b,data_pmus_yaounde,q1_1_a,Agent_51,ETOUDI
4,4,3,4,3,gemma3:27b,data_pmus_yaounde,q1_1_b,Agent_51,10EME ARRET
4,4,2,4,3,gemma3:27b,data_pmus_yaounde,q1_1_c,Agent_51,MBOT MAKAK
5,4,4,4,4,gemma3:27b,data_pmus_yaounde,q1_2,Agent_51,UN QUARTIER DE LA VILLE DE YAOUNDE
4,4,4,4,4,gemma3:27b,data_pmus_yaounde,q1_2_a,Agent_51,ABOM
4,4,3,4,3,gemma3:27b,data_pmus_yaounde,q1_2_b,Agent_51,10 IEME ARRET
4,4,2,4,3,gemma3:27b,data_pmus_yaounde,q1_3_c,Agent_51,AFANOYA
4,3,4,4,3,gemma3:27b,data_pmus_yaounde,q2_1,Agent_51,PAR BUS STACY
4,4,2,4,3,gemma3:27b,data_pmus_yaounde,q2_2_1,Agent_51,2 CHEVEAU
4,4,2,4,3,gemma3:27b,data_pmus_yaounde,q2_2_2,Agent_51,10 E ARRET
4,4,2,4,3,gemma3:27b,data_pmus_yaounde,q2_3_1,Agent_51,0LESOA
4,4,2,4,3,gemma3:27b,data_pmus_yaounde,q2_3_2,Agent_51,0NANA
5,4,4,4,4,gemma3:27b,data_pmus_yaounde,q2_3,Agent_51,NON
4,4,2,4,3,gemma3:27b,data_pmus_yaounde,q2_4,Agent_51,PAR BUS STACY
4,4,2,4,3,gemma3:27b,data_pmus_yaounde,q2_5_1,Agent_51,BILONO
4,4,2,4,3,gemma3:27b,data_pmus_yaounde,q2_5_2,Agent_51,0MPHINE
4,4,2,4,3,gemma3:27b,data_pmus_yaounde,q2_6_1,Agent_51,ONANA
4,4,2,4,3,gemma3:27b,data_pmus_yaounde,q2_6_2,Agent_51,CENTRE VILLE
4,4,3,4,4,gemma3:27b,data_pmus_yaounde,q3_1,Agent_51,NON
4,3,4,4,3,gemma3:27b,data_pmus_yaounde,q3_2,Agent_51,PAR BUS STACY
4,4,3,4,3,gemma3:27b,data_pmus_yaounde,q3_3_1,Agent_51,ACACIA
4,4,2,4,3,gemma3:27b,data_pmus_yaounde,q3_3_2,Agent_51,10 IEME ARRET
5,4,2,5,2,gemma3:27b,data_pmus_yaounde,q4_1_a,Agent_51,Veuillez indiquer depuis combien de temps vous attendez.
4,3,3,4,4,gemma3:27b,data_pmus_yaounde,q4_1_b,Agent_51,10 20 MINUTES
5,4,2,5,2,gemma3:27b,data_pmus_yaounde,q4_2_a,Agent_51,Veuillez indiquer depuis combien de temps vous attendez.
4,3,3,4,4,gemma3:27b,data_pmus_yaounde,q4_2_b,Agent_51,30 60 MIN
4,4,4,4,4,gemma3:27b,data_pmus_yaounde,q4_3,Agent_51,1700
4,3,4,4,4,gemma3:27b,data_pmus_yaounde,q4_4,Agent_51,TRAVAIL
3,3,3,4,3,gemma3:27b,data_pmus_yaounde,q4_4_autres,Agent_51,ACHAT
5,3,4,4,4,gemma3:27b,data_pmus_yaounde,q5_1,Agent_51,ENTRE 26 ET 35 ANS
5,3,4,4,4,gemma3:27b,data_pmus_yaounde,q5_2,Agent_51,ENTRE 30 001 ET 100 000
4,4,4,4,4,gemma3:27b,data_pmus_yaounde,q5_3,Agent_51,FEMME
4,4,2,4,3,gemma3:27b,data_pmus_yaounde,centre ville,Agent_52,YAOUNDE
5,4,4,4,4,gemma3:27b,data_pmus_yaounde,q1_1,Agent_52,HORS DE LA VILLE DE YAOUNDE
4,4,3,4,4,gemma3:27b,data_pmus_yaounde,q1_1_a,Agent_52,NKOZOA
4,4,3,4,3,gemma3:27b,data_pmus_yaounde,q1_1_b,Agent_52,10EME ARRET
4,4,2,4,3,gemma3:27b,data_pmus_yaounde,q1_1_c,Agent_52,AFANOYA
5,4,4,4,4,gemma3:27b,data_pmus_yaounde,q1_2,Agent_52,HORS DE LA VILLE DE YAOUNDE
4,4,4,4,4,gemma3:27b,data_pmus_yaounde,q1_2_a,Agent_52,ABOM
4,4,3,4,3,gemma3:27b,data_pmus_yaounde,q1_2_b,Agent_52,IAI
4,4,2,4,3,gemma3:27b,data_pmus_yaounde,q1_3_c,Agent_52,AFANOYA
4,3,4,4,3,gemma3:27b,data_pmus_yaounde,q2_1,Agent_52,A PIED
4,4,2,4,3,gemma3:27b,data_pmus_yaounde,q2_2_1,Agent_52,2 CHEVEAU
4,4,2,4,3,gemma3:27b,data_pmus_yaounde,q2_2_2,Agent_52,LA GARE
4,4,2,4,3,gemma3:27b,data_pmus_yaounde,q2_3_1,Agent_52,0LESOA
4,4,2,4,3,gemma3:27b,data_pmus_yaounde,q2_3_2,Agent_52,0NANA
5,4,4,4,4,gemma3:27b,data_pmus_yaounde,q2_3,Agent_52,OUI
4,4,2,4,3,gemma3:27b,data_pmus_yaounde,q2_4,Agent_52,PAR BUS STACY
4,4,2,4,3,gemma3:27b,data_pmus_yaounde,q2_5_1,Agent_52,A B0NAS
4,4,2,4,3,gemma3:27b,data_pmus_yaounde,q2_5_2,Agent_52,SOFAVIN
4,4,2,4,3,gemma3:27b,data_pmus_yaounde,q2_6_1,Agent_52,ABATTOIR
4,4,2,4,3,gemma3:27b,data_pmus_yaounde,q2_6_2,Agent_52,GARE VOYAGEUR
4,4,3,4,4,gemma3:27b,data_pmus_yaounde,q3_1,Agent_52,OUI
4,3,4,4,3,gemma3:27b,data_pmus_yaounde,q3_2,Agent_52,A PIED
4,4,3,4,3,gemma3:27b,data_pmus_yaounde,q3_3_1,Agent_52,ACACIA
4,4,2,4,3,gemma3:27b,data_pmus_yaounde,q3_3_2,Agent_52,GARE VOYAGEURS
5,4,2,5,2,gemma3:27b,data_pmus_yaounde,q4_1_a,Agent_52,Veuillez indiquer depuis combien de temps vous attendez.
4,3,3,4,4,gemma3:27b,data_pmus_yaounde,q4_1_b,Agent_52,10 20 MINUTES
5,4,2,5,2,gemma3:27b,data_pmus_yaounde,q4_2_a,Agent_52,Veuillez indiquer depuis combien de temps vous attendez.
4,3,3,4,4,gemma3:27b,data_pmus_yaounde,q4_2_b,Agent_52,15 30 MIN
4,4,4,4,4,gemma3:27b,data_pmus_yaounde,q4_3,Agent_52,2750
4,3,4,4,4,gemma3:27b,data_pmus_yaounde,q4_4,Agent_52,COURSES
3,3,3,4,3,gemma3:27b,data_pmus_yaounde,q4_4_autres,Agent_52,ETUDES
5,3,4,4,4,gemma3:27b,data_pmus_yaounde,q5_1,Agent_52,ENTRE 18 ET 25 ANS
5,3,4,4,4,gemma3:27b,data_pmus_yaounde,q5_2,Agent_52,ENTRE 300 001 ET 500 000
4,4,4,4,4,gemma3:27b,data_pmus_yaounde,q5_3,Agent_52,HOMME
4,4,2,4,3,gemma3:27b,data_pmus_yaounde,centre ville,Agent_53,YAOUNDE
5,4,4,4,4,gemma3:27b,data_pmus_yaounde,q1_1,Agent_53,HORS DE LA VILLE DE YAOUNDE
4,4,3,4,4,gemma3:27b,data_pmus_yaounde,q1_1_a,Agent_53,NKO NDONGO
4,4,3,4,3,gemma3:27b,data_pmus_yaounde,q1_1_b,Agent_53,IUSTE
4,4,2,4,3,gemma3:27b,data_pmus_yaounde,q1_1_c,Agent_53,AFANOYA
5,4,4,4,4,gemma3:27b,data_pmus_yaounde,q1_2,Agent_53,UN QUARTIER DE LA VILLE DE YAOUNDE
4,4,4,4,4,gemma3:27b,data_pmus_yaounde,q1_2_a,Agent_53,ELIG EDZOA
4,4,3,4,3,gemma3:27b,data_pmus_yaounde,q1_2_b,Agent_53,MONTE SAPLET
4,4,2,4,3,gemma3:27b,data_pmus_yaounde,q1_3_c,Agent_53,KRIBI
4,3,4,4,3,gemma3:27b,data_pmus_yaounde,q2_1,Agent_53,PAR BUS STACY
4,4,2,4,3,gemma3:27b,data_pmus_yaounde,q2_2_1,Agent_53,NKO NDONGO
4,4,2,4,3,gemma3:27b,data_pmus_yaounde,q2_2_2,Agent_53,10 E ARRET
4,4,2,4,3,gemma3:27b,data_pmus_yaounde,q2_3_1,Agent_53,0LESOA
4,4,2,4,3,gemma3:27b,data_pmus_yaounde,q2_3_2,Agent_53,CENTRAL
5,4,4,4,4,gemma3:27b,data_pmus_yaounde,q2_3,Agent_53,NON
4,4,2,4,3,gemma3:27b,data_pmus_yaounde,q2_4,Agent_53,PAR BUS STACY
4,4,2,4,3,gemma3:27b,data_pmus_yaounde,q2_5_1,Agent_53,MONTEE DES S URS
4,4,2,4,3,gemma3:27b,data_pmus_yaounde,q2_5_2,Agent_53,MONTEE DES S URS
4,4,2,4,3,gemma3:27b,data_pmus_yaounde,q2_6_1,Agent_53,ELIG EDZOA
4,4,2,4,3,gemma3:27b,data_pmus_yaounde,q2_6_2,Agent_53,11EME ARRET
4,4,3,4,4,gemma3:27b,data_pmus_yaounde,q3_1,Agent_53,NON
4,3,4,4,3,gemma3:27b,data_pmus_yaounde,q3_2,Agent_53,PAR BUS STACY
4,4,3,4,3,gemma3:27b,data_pmus_yaounde,q3_3_1,Agent_53,ELIG EFFA
4,4,2,4,3,gemma3:27b,data_pmus_yaounde,q3_3_2,Agent_53,UNIVERSITE
5,4,2,5,2,gemma3:27b,data_pmus_yaounde,q4_1_a,Agent_53,Veuillez indiquer depuis combien de temps vous attendez.
4,3,3,4,4,gemma3:27b,data_pmus_yaounde,q4_1_b,Agent_53,MOINS DE 5 MIN
5,4,2,5,2,gemma3:27b,data_pmus_yaounde,q4_2_a,Agent_53,Veuillez indiquer depuis combien de temps vous attendez.
4,3,3,4,4,gemma3:27b,data_pmus_yaounde,q4_2_b,Agent_53,30 60 MIN
4,4,4,4,4,gemma3:27b,data_pmus_yaounde,q4_3,Agent_53,1500
4,3,4,4,4,gemma3:27b,data_pmus_yaounde,q4_4,Agent_53,SPORTIVES
3,3,3,4,3,gemma3:27b,data_pmus_yaounde,q4_4_autres,Agent_53,SPORT ET VISITE AMICALE
5,3,4,4,4,gemma3:27b,data_pmus_yaounde,q5_1,Agent_53,ENTRE 18 ET 25 ANS
5,3,4,4,4,gemma3:27b,data_pmus_yaounde,q5_2,Agent_53,ENTRE 30 001 ET 100 000
4,4,4,4,4,gemma3:27b,data_pmus_yaounde,q5_3,Agent_53,HOMME
4,4,2,4,3,gemma3:27b,data_pmus_yaounde,centre ville,Agent_54,YAOUNDE
5,4,4,4,4,gemma3:27b,data_pmus_yaounde,q1_1,Agent_54,UN QUARTIER DE LA VILLE DE YAOUNDE
4,4,3,4,4,gemma3:27b,data_pmus_yaounde,q1_1_a,Agent_54,TONGOLO
4,4,3,4,3,gemma3:27b,data_pmus_yaounde,q1_1_b,Agent_54,10EME ARRET
4,4,2,4,3,gemma3:27b,data_pmus_yaounde,q1_1_c,Agent_54,AFANOYA
5,4,4,4,4,gemma3:27b,data_pmus_yaounde,q1_2,Agent_54,UN QUARTIER DE LA VILLE DE YAOUNDE
4,4,4,4,4,gemma3:27b,data_pmus_yaounde,q1_2_a,Agent_54,TONGOLO
4,4,3,4,3,gemma3:27b,data_pmus_yaounde,q1_2_b,Agent_54,10 IEME ARRET
4,4,2,4,3,gemma3:27b,data_pmus_yaounde,q1_3_c,Agent_54,AFANOYA
4,3,4,4,3,gemma3:27b,data_pmus_yaounde,q2_1,Agent_54,A PIED
4,4,2,4,3,gemma3:27b,data_pmus_yaounde,q2_2_1,Agent_54,2 CHEVEAU
4,4,2,4,3,gemma3:27b,data_pmus_yaounde,q2_2_2,Agent_54,DANS LE QUARTIER
4,4,2,4,3,gemma3:27b,data_pmus_yaounde,q2_3_1,Agent_54,TONGOLO
4,4,2,4,3,gemma3:27b,data_pmus_yaounde,q2_3_2,Agent_54,0NANA
5,4,4,4,4,gemma3:27b,data_pmus_yaounde,q2_3,Agent_54,NON
4,4,2,4,3,gemma3:27b,data_pmus_yaounde,q2_4,Agent_54,PAR BUS STACY
4,4,2,4,3,gemma3:27b,data_pmus_yaounde,q2_5_1,Agent_54,STADE OMINSPORT
4,4,2,4,3,gemma3:27b,data_pmus_yaounde,q2_5_2,Agent_54,STADE OMINSPORT
4,4,2,4,3,gemma3:27b,data_pmus_yaounde,q2_6_1,Agent_54,MACHE TONGOLO
4,4,2,4,3,gemma3:27b,data_pmus_yaounde,q2_6_2,Agent_54,11EME ARRET
4,4,3,4,4,gemma3:27b,data_pmus_yaounde,q3_1,Agent_54,NON
4,3,4,4,3,gemma3:27b,data_pmus_yaounde,q3_2,Agent_54,PAR BUS STACY
4,4,3,4,3,gemma3:27b,data_pmus_yaounde,q3_3_1,Agent_54,TAXI
4,4,2,4,3,gemma3:27b,data_pmus_yaounde,q3_3_2,Agent_54,10 IEME ARRET
5,4,2,5,2,gemma3:27b,data_pmus_yaounde,q4_1_a,Agent_54,Veuillez indiquer depuis combien de temps vous attendez.
4,3,3,4,4,gemma3:27b,data_pmus_yaounde,q4_1_b,Agent_54,MOINS DE 5 MIN
5,4,2,5,2,gemma3:27b,data_pmus_yaounde,q4_2_a,Agent_54,Veuillez indiquer depuis combien de temps vous attendez.
4,3,3,4,4,gemma3:27b,data_pmus_yaounde,q4_2_b,Agent_54,15 30 MIN
4,4,4,4,4,gemma3:27b,data_pmus_yaounde,q4_3,Agent_54,350
4,3,4,4,4,gemma3:27b,data_pmus_yaounde,q4_4,Agent_54,COURSES
3,3,3,4,3,gemma3:27b,data_pmus_yaounde,q4_4_autres,Agent_54,FAIRE DES ACHATS
5,3,4,4,4,gemma3:27b,data_pmus_yaounde,q5_1,Agent_54,ENTRE 36 ET 45 ANS
5,3,4,4,4,gemma3:27b,data_pmus_yaounde,q5_2,Agent_54,ENTRE 300 001 ET 500 000
4,4,4,4,4,gemma3:27b,data_pmus_yaounde,q5_3,Agent_54,FEMME
4,4,2,4,3,gemma3:27b,data_pmus_yaounde,centre ville,Agent_55,YAOUNDE
5,4,4,4,4,gemma3:27b,data_pmus_yaounde,q1_1,Agent_55,HORS DE LA VILLE DE YAOUNDE
4,4,3,4,4,gemma3:27b,data_pmus_yaounde,q1_1_a,Agent_55,ETOA MEKI
4,4,3,4,3,gemma3:27b,data_pmus_yaounde,q1_1_b,Agent_55,BORNE 12
4,4,2,4,3,gemma3:27b,data_pmus_yaounde,q1_1_c,Agent_55,AFANOYA
5,4,4,4,4,gemma3:27b,data_pmus_yaounde,q1_2,Agent_55,UN QUARTIER DE LA VILLE DE YAOUNDE
4,4,4,4,4,gemma3:27b,data_pmus_yaounde,q1_2_a,Agent_55,ABOM
4,4,3,4,3,gemma3:27b,data_pmus_yaounde,q1_2_b,Agent_55,10 IEME ARRET
4,4,2,4,3,gemma3:27b,data_pmus_yaounde,q1_3_c,Agent_55,AFANOYA
4,3,4,4,3,gemma3:27b,data_pmus_yaounde,q2_1,Agent_55,PAR BUS STACY
4,4,2,4,3,gemma3:27b,data_pmus_yaounde,q2_2_1,Agent_55,2 CHEVEAU
4,4,2,4,3,gemma3:27b,data_pmus_yaounde,q2_2_2,Agent_55,PHARMACIE MANGUIER
4,4,2,4,3,gemma3:27b,data_pmus_yaounde,q2_3_1,Agent_55,0LESOA
4,4,2,4,3,gemma3:27b,data_pmus_yaounde,q2_3_2,Agent_55,0NANA
5,4,4,4,4,gemma3:27b,data_pmus_yaounde,q2_3,Agent_55,NON
4,4,2,4,3,gemma3:27b,data_pmus_yaounde,q2_4,Agent_55,PAR BUS STACY
4,4,2,4,3,gemma3:27b,data_pmus_yaounde,q2_5_1,Agent_55,A B0NAS
4,4,2,4,3,gemma3:27b,data_pmus_yaounde,q2_5_2,Agent_55,0MPHINE
4,4,2,4,3,gemma3:27b,data_pmus_yaounde,q2_6_1,Agent_55,ABATTOIR
4,4,2,4,3,gemma3:27b,data_pmus_yaounde,q2_6_2,Agent_55,ARRET BUS
4,4,3,4,4,gemma3:27b,data_pmus_yaounde,q3_1,Agent_55,NON
4,3,4,4,3,gemma3:27b,data_pmus_yaounde,q3_2,Agent_55,PAR BUS STACY
4,4,3,4,3,gemma3:27b,data_pmus_yaounde,q3_3_1,Agent_55,ACACIA
4,4,2,4,3,gemma3:27b,data_pmus_yaounde,q3_3_2,Agent_55,TERMINUS
5,4,2,5,2,gemma3:27b,data_pmus_yaounde,q4_1_a,Agent_55,Veuillez indiquer depuis combien de temps vous attendez.
4,3,3,4,4,gemma3:27b,data_pmus_yaounde,q4_1_b,Agent_55,10 20 MINUTES
5,4,2,5,2,gemma3:27b,data_pmus_yaounde,q4_2_a,Agent_55,Veuillez indiquer depuis combien de temps vous attendez.
4,3,3,4,4,gemma3:27b,data_pmus_yaounde,q4_2_b,Agent_55,30 60 MIN
4,4,4,4,4,gemma3:27b,data_pmus_yaounde,q4_3,Agent_55,550
4,3,4,4,4,gemma3:27b,data_pmus_yaounde,q4_4,Agent_55,TRAVAIL
3,3,3,4,3,gemma3:27b,data_pmus_yaounde,q4_4_autres,Agent_55,ACHAT
5,3,4,4,4,gemma3:27b,data_pmus_yaounde,q5_1,Agent_55,ENTRE 26 ET 35 ANS
5,3,4,4,4,gemma3:27b,data_pmus_yaounde,q5_2,Agent_55,ENTRE 30 001 ET 100 000
4,4,4,4,4,gemma3:27b,data_pmus_yaounde,q5_3,Agent_55,HOMME
4,4,2,4,3,gemma3:27b,data_pmus_yaounde,centre ville,Agent_56,YAOUNDE
5,4,4,4,4,gemma3:27b,data_pmus_yaounde,q1_1,Agent_56,HORS DE LA VILLE DE YAOUNDE
4,4,3,4,4,gemma3:27b,data_pmus_yaounde,q1_1_a,Agent_56,ABIT
4,4,3,4,3,gemma3:27b,data_pmus_yaounde,q1_1_b,Agent_56,DERRIERE LA PHARACIE
4,4,2,4,3,gemma3:27b,data_pmus_yaounde,q1_1_c,Agent_56,AFANOYA
5,4,4,4,4,gemma3:27b,data_pmus_yaounde,q1_2,Agent_56,UN QUARTIER DE LA VILLE DE YAOUNDE
4,4,4,4,4,gemma3:27b,data_pmus_yaounde,q1_2_a,Agent_56,BITOTOL
4,4,3,4,3,gemma3:27b,data_pmus_yaounde,q1_2_b,Agent_56,BITOTOL
4,4,2,4,3,gemma3:27b,data_pmus_yaounde,q1_3_c,Agent_56,AFANOYA
4,3,4,4,3,gemma3:27b,data_pmus_yaounde,q2_1,Agent_56,PAR TAXI
4,4,2,4,3,gemma3:27b,data_pmus_yaounde,q2_2_1,Agent_56,2 CHEVEAU
4,4,2,4,3,gemma3:27b,data_pmus_yaounde,q2_2_2,Agent_56,BRASSERIE
4,4,2,4,3,gemma3:27b,data_pmus_yaounde,q2_3_1,Agent_56,0LESOA
4,4,2,4,3,gemma3:27b,data_pmus_yaounde,q2_3_2,Agent_56,0NANA
5,4,4,4,4,gemma3:27b,data_pmus_yaounde,q2_3,Agent_56,NON
4,4,2,4,3,gemma3:27b,data_pmus_yaounde,q2_4,Agent_56,PAR CARGO MINI BUS
4,4,2,4,3,gemma3:27b,data_pmus_yaounde,q2_5_1,Agent_56,A B0NAS
4,4,2,4,3,gemma3:27b,data_pmus_yaounde,q2_5_2,Agent_56,WARDA
4,4,2,4,3,gemma3:27b,data_pmus_yaounde,q2_6_1,Agent_56,ABATTOIR
4,4,2,4,3,gemma3:27b,data_pmus_yaounde,q2_6_2,Agent_56,BIYEME
4,4,3,4,4,gemma3:27b,data_pmus_yaounde,q3_1,Agent_56,NON
4,3,4,4,3,gemma3:27b,data_pmus_yaounde,q3_2,Agent_56,PAR TAXI
4,4,3,4,3,gemma3:27b,data_pmus_yaounde,q3_3_1,Agent_56,ACACIA
4,4,2,4,3,gemma3:27b,data_pmus_yaounde,q3_3_2,Agent_56,ELIG ESSONO
5,4,2,5,2,gemma3:27b,data_pmus_yaounde,q4_1_a,Agent_56,Veuillez indiquer depuis combien de temps vous attendez.
4,3,3,4,4,gemma3:27b,data_pmus_yaounde,q4_1_b,Agent_56,MOINS DE 5 MIN
5,4,2,5,2,gemma3:27b,data_pmus_yaounde,q4_2_a,Agent_56,Veuillez indiquer depuis combien de temps vous attendez.
4,3,3,4,4,gemma3:27b,data_pmus_yaounde,q4_2_b,Agent_56,30 60 MIN
4,4,4,4,4,gemma3:27b,data_pmus_yaounde,q4_3,Agent_56,1600
4,3,4,4,4,gemma3:27b,data_pmus_yaounde,q4_4,Agent_56,TRAVAIL
3,3,3,4,3,gemma3:27b,data_pmus_yaounde,q4_4_autres,Agent_56,LES AFFAIRES
5,3,4,4,4,gemma3:27b,data_pmus_yaounde,q5_1,Agent_56,ENTRE 36 ET 45 ANS
5,3,4,4,4,gemma3:27b,data_pmus_yaounde,q5_2,Agent_56,ENTRE 30 001 ET 100 000
4,4,4,4,4,gemma3:27b,data_pmus_yaounde,q5_3,Agent_56,HOMME
4,4,2,4,3,gemma3:27b,data_pmus_yaounde,centre ville,Agent_57,YAOUNDE
5,4,4,4,4,gemma3:27b,data_pmus_yaounde,q1_1,Agent_57,UN QUARTIER DE LA VILLE DE YAOUNDE
4,4,3,4,4,gemma3:27b,data_pmus_yaounde,q1_1_a,Agent_57,ABIT
4,4,3,4,3,gemma3:27b,data_pmus_yaounde,q1_1_b,Agent_57,10EME ARRET
4,4,2,4,3,gemma3:27b,data_pmus_yaounde,q1_1_c,Agent_57,AFANOYA
5,4,4,4,4,gemma3:27b,data_pmus_yaounde,q1_2,Agent_57,UN QUARTIER DE LA VILLE DE YAOUNDE
4,4,4,4,4,gemma3:27b,data_pmus_yaounde,q1_2_a,Agent_57,ABOM
4,4,3,4,3,gemma3:27b,data_pmus_yaounde,q1_2_b,Agent_57,10 IEME ARRET
4,4,2,4,3,gemma3:27b,data_pmus_yaounde,q1_3_c,Agent_57,AFANOYA
4,3,4,4,3,gemma3:27b,data_pmus_yaounde,q2_1,Agent_57,PAR BUS STACY
4,4,2,4,3,gemma3:27b,data_pmus_yaounde,q2_2_1,Agent_57,2 CHEVEAU
4,4,2,4,3,gemma3:27b,data_pmus_yaounde,q2_2_2,Agent_57,VOGT ENOUGUI
4,4,2,4,3,gemma3:27b,data_pmus_yaounde,q2_3_1,Agent_57,LEBOUDI
4,4,2,4,3,gemma3:27b,data_pmus_yaounde,q2_3_2,Agent_57,0NANA
5,4,4,4,4,gemma3:27b,data_pmus_yaounde,q2_3,Agent_57,NON
4,4,2,4,3,gemma3:27b,data_pmus_yaounde,q2_4,Agent_57,PAR BUS STACY
4,4,2,4,3,gemma3:27b,data_pmus_yaounde,q2_5_1,Agent_57,A B0NAS
4,4,2,4,3,gemma3:27b,data_pmus_yaounde,q2_5_2,Agent_57,GAR ROUTIERE
4,4,2,4,3,gemma3:27b,data_pmus_yaounde,q2_6_1,Agent_57,CARREFOUR
4,4,2,4,3,gemma3:27b,data_pmus_yaounde,q2_6_2,Agent_57,CARREFOUR
4,4,3,4,4,gemma3:27b,data_pmus_yaounde,q3_1,Agent_57,NON
4,3,4,4,3,gemma3:27b,data_pmus_yaounde,q3_2,Agent_57,PAR BUS STACY
4,4,3,4,3,gemma3:27b,data_pmus_yaounde,q3_3_1,Agent_57,CARRIERE
4,4,2,4,3,gemma3:27b,data_pmus_yaounde,q3_3_2,Agent_57,10 IEME ARRET
5,4,2,5,2,gemma3:27b,data_pmus_yaounde,q4_1_a,Agent_57,Veuillez indiquer depuis combien de temps vous attendez.
4,3,3,4,4,gemma3:27b,data_pmus_yaounde,q4_1_b,Agent_57,MOINS DE 5 MIN
5,4,2,5,2,gemma3:27b,data_pmus_yaounde,q4_2_a,Agent_57,Veuillez indiquer depuis combien de temps vous attendez.
4,3,3,4,4,gemma3:27b,data_pmus_yaounde,q4_2_b,Agent_57,15 30 MIN
4,4,4,4,4,gemma3:27b,data_pmus_yaounde,q4_3,Agent_57,350
4,3,4,4,4,gemma3:27b,data_pmus_yaounde,q4_4,Agent_57,TRAVAIL
3,3,3,4,3,gemma3:27b,data_pmus_yaounde,q4_4_autres,Agent_57,ACHAT
5,3,4,4,4,gemma3:27b,data_pmus_yaounde,q5_1,Agent_57,ENTRE 36 ET 45 ANS
5,3,4,4,4,gemma3:27b,data_pmus_yaounde,q5_2,Agent_57,MOINS DE 30 000
4,4,4,4,4,gemma3:27b,data_pmus_yaounde,q5_3,Agent_57,FEMME
4,4,2,4,3,gemma3:27b,data_pmus_yaounde,centre ville,Agent_58,YAOUNDE
5,4,4,4,4,gemma3:27b,data_pmus_yaounde,q1_1,Agent_58,UN QUARTIER DE LA VILLE DE YAOUNDE
4,4,3,4,4,gemma3:27b,data_pmus_yaounde,q1_1_a,Agent_58,MELEN
4,4,3,4,3,gemma3:27b,data_pmus_yaounde,q1_1_b,Agent_58,10EME ARRET
4,4,2,4,3,gemma3:27b,data_pmus_yaounde,q1_1_c,Agent_58,AFANOYA
5,4,4,4,4,gemma3:27b,data_pmus_yaounde,q1_2,Agent_58,UN QUARTIER DE LA VILLE DE YAOUNDE
4,4,4,4,4,gemma3:27b,data_pmus_yaounde,q1_2_a,Agent_58,MELEN
4,4,3,4,3,gemma3:27b,data_pmus_yaounde,q1_2_b,Agent_58,MADAGASCAR
4,4,2,4,3,gemma3:27b,data_pmus_yaounde,q1_3_c,Agent_58,AFANOYA
4,3,4,4,3,gemma3:27b,data_pmus_yaounde,q2_1,Agent_58,PAR BUS STACY
4,4,2,4,3,gemma3:27b,data_pmus_yaounde,q2_2_1,Agent_58,MADAGASCAR
4,4,2,4,3,gemma3:27b,data_pmus_yaounde,q2_2_2,Agent_58,MADAGASCAR
4,4,2,4,3,gemma3:27b,data_pmus_yaounde,q2_3_1,Agent_58,MESSASSI
4,4,2,4,3,gemma3:27b,data_pmus_yaounde,q2_3_2,Agent_58,CENTRAL
5,4,4,4,4,gemma3:27b,data_pmus_yaounde,q2_3,Agent_58,NON
4,4,2,4,3,gemma3:27b,data_pmus_yaounde,q2_4,Agent_58,PAR BUS STACY
4,4,2,4,3,gemma3:27b,data_pmus_yaounde,q2_5_1,Agent_58,MELEN
4,4,2,4,3,gemma3:27b,data_pmus_yaounde,q2_5_2,Agent_58,MARCHE MELEN
4,4,2,4,3,gemma3:27b,data_pmus_yaounde,q2_6_1,Agent_58,MADASCACAR
4,4,2,4,3,gemma3:27b,data_pmus_yaounde,q2_6_2,Agent_58,STATION
4,4,3,4,4,gemma3:27b,data_pmus_yaounde,q3_1,Agent_58,NON
4,3,4,4,3,gemma3:27b,data_pmus_yaounde,q3_2,Agent_58,A PIED
4,4,3,4,3,gemma3:27b,data_pmus_yaounde,q3_3_1,Agent_58,ACACIA
4,4,2,4,3,gemma3:27b,data_pmus_yaounde,q3_3_2,Agent_58,10 IEME ARRET
5,4,2,5,2,gemma3:27b,data_pmus_yaounde,q4_1_a,Agent_58,Veuillez indiquer depuis combien de temps vous attendez.
4,3,3,4,4,gemma3:27b,data_pmus_yaounde,q4_1_b,Agent_58,MOINS DE 5 MIN
5,4,2,5,2,gemma3:27b,data_pmus_yaounde,q4_2_a,Agent_58,Veuillez indiquer depuis combien de temps vous attendez.
4,3,3,4,4,gemma3:27b,data_pmus_yaounde,q4_2_b,Agent_58,15 30 MIN
4,4,4,4,4,gemma3:27b,data_pmus_yaounde,q4_3,Agent_58,700
4,3,4,4,4,gemma3:27b,data_pmus_yaounde,q4_4,Agent_58,COURSES
3,3,3,4,3,gemma3:27b,data_pmus_yaounde,q4_4_autres,Agent_58,FAIRE DU MARCHE
5,3,4,4,4,gemma3:27b,data_pmus_yaounde,q5_1,Agent_58,MOINS DE 18 ANS
5,3,4,4,4,gemma3:27b,data_pmus_yaounde,q5_2,Agent_58,MOINS DE 30 000
4,4,4,4,4,gemma3:27b,data_pmus_yaounde,q5_3,Agent_58,HOMME
4,4,2,4,3,gemma3:27b,data_pmus_yaounde,centre ville,Agent_59,YAOUNDE
5,4,4,4,4,gemma3:27b,data_pmus_yaounde,q1_1,Agent_59,HORS DE LA VILLE DE YAOUNDE
4,4,3,4,4,gemma3:27b,data_pmus_yaounde,q1_1_a,Agent_59,ABIT
4,4,3,4,3,gemma3:27b,data_pmus_yaounde,q1_1_b,Agent_59,10EME ARRET
4,4,2,4,3,gemma3:27b,data_pmus_yaounde,q1_1_c,Agent_59,AFANOYA
5,4,4,4,4,gemma3:27b,data_pmus_yaounde,q1_2,Agent_59,UN QUARTIER DE LA VILLE DE YAOUNDE
4,4,4,4,4,gemma3:27b,data_pmus_yaounde,q1_2_a,Agent_59,ABOM
4,4,3,4,3,gemma3:27b,data_pmus_yaounde,q1_2_b,Agent_59,10 IEME ARRET
4,4,2,4,3,gemma3:27b,data_pmus_yaounde,q1_3_c,Agent_59,AFANOYA
4,3,4,4,3,gemma3:27b,data_pmus_yaounde,q2_1,Agent_59,PAR TAXI
4,4,2,4,3,gemma3:27b,data_pmus_yaounde,q2_2_1,Agent_59,2 CHEVEAU
4,4,2,4,3,gemma3:27b,data_pmus_yaounde,q2_2_2,Agent_59,ENTREE PAPA LEO
4,4,2,4,3,gemma3:27b,data_pmus_yaounde,q2_3_1,Agent_59,0LESOA
4,4,2,4,3,gemma3:27b,data_pmus_yaounde,q2_3_2,Agent_59,MAETUR
5,4,4,4,4,gemma3:27b,data_pmus_yaounde,q2_3,Agent_59,NON
4,4,2,4,3,gemma3:27b,data_pmus_yaounde,q2_4,Agent_59,PAR TAXI
4,4,2,4,3,gemma3:27b,data_pmus_yaounde,q2_5_1,Agent_59,BITENG
4,4,2,4,3,gemma3:27b,data_pmus_yaounde,q2_5_2,Agent_59,MARCHE NSAM
4,4,2,4,3,gemma3:27b,data_pmus_yaounde,q2_6_1,Agent_59,ABATTOIR
4,4,2,4,3,gemma3:27b,data_pmus_yaounde,q2_6_2,Agent_59,ESCALIER
4,4,3,4,4,gemma3:27b,data_pmus_yaounde,q3_1,Agent_59,NON
4,3,4,4,3,gemma3:27b,data_pmus_yaounde,q3_2,Agent_59,PAR TAXI
4,4,3,4,3,gemma3:27b,data_pmus_yaounde,q3_3_1,Agent_59,BITENG
4,4,2,4,3,gemma3:27b,data_pmus_yaounde,q3_3_2,Agent_59,MAETUR
5,4,2,5,2,gemma3:27b,data_pmus_yaounde,q4_1_a,Agent_59,Veuillez indiquer depuis combien de temps vous attendez.
4,3,3,4,4,gemma3:27b,data_pmus_yaounde,q4_1_b,Agent_59,MOINS DE 5 MIN
5,4,2,5,2,gemma3:27b,data_pmus_yaounde,q4_2_a,Agent_59,Veuillez indiquer depuis combien de temps vous attendez.
4,3,3,4,4,gemma3:27b,data_pmus_yaounde,q4_2_b,Agent_59,30 60 MIN
4,4,4,4,4,gemma3:27b,data_pmus_yaounde,q4_3,Agent_59,1750
4,3,4,4,4,gemma3:27b,data_pmus_yaounde,q4_4,Agent_59,COURSES
3,3,3,4,3,gemma3:27b,data_pmus_yaounde,q4_4_autres,Agent_59,FAIRE DU MARCHE
5,3,4,4,4,gemma3:27b,data_pmus_yaounde,q5_1,Agent_59,ENTRE 18 ET 25 ANS
5,3,4,4,4,gemma3:27b,data_pmus_yaounde,q5_2,Agent_59,ENTRE 300 001 ET 500 000
4,4,4,4,4,gemma3:27b,data_pmus_yaounde,q5_3,Agent_59,FEMME
4,4,2,4,3,gemma3:27b,data_pmus_yaounde,centre ville,Agent_60,YAOUNDE
5,4,4,4,4,gemma3:27b,data_pmus_yaounde,q1_1,Agent_60,HORS DE LA VILLE DE YAOUNDE
4,4,3,4,4,gemma3:27b,data_pmus_yaounde,q1_1_a,Agent_60,ABIT
4,4,3,4,3,gemma3:27b,data_pmus_yaounde,q1_1_b,Agent_60,EGLISE ORTHODOXE
4,4,2,4,3,gemma3:27b,data_pmus_yaounde,q1_1_c,Agent_60,AFANOYA
5,4,4,4,4,gemma3:27b,data_pmus_yaounde,q1_2,Agent_60,HORS DE LA VILLE DE YAOUNDE
4,4,4,4,4,gemma3:27b,data_pmus_yaounde,q1_2_a,Agent_60,ABOM
4,4,3,4,3,gemma3:27b,data_pmus_yaounde,q1_2_b,Agent_60,10 IEME ARRET
4,4,2,4,3,gemma3:27b,data_pmus_yaounde,q1_3_c,Agent_60,AFANOYA
4,3,4,4,3,gemma3:27b,data_pmus_yaounde,q2_1,Agent_60,A PIED
4,4,2,4,3,gemma3:27b,data_pmus_yaounde,q2_2_1,Agent_60,2 CHEVEAU
1,1,1,1,3,gemma3:27b,data_pmus_yaounde,q2_2_2,Agent_60,nan
4,4,2,4,3,gemma3:27b,data_pmus_yaounde,q2_3_1,Agent_60,COLLEGE
4,4,2,4,3,gemma3:27b,data_pmus_yaounde,q2_3_2,Agent_60,AUCUN
5,4,4,4,4,gemma3:27b,data_pmus_yaounde,q2_3,Agent_60,NON
4,4,2,4,3,gemma3:27b,data_pmus_yaounde,q2_4,Agent_60,A PIED
1,1,1,1,3,gemma3:27b,data_pmus_yaounde,q2_5_1,Agent_60,nan
1,1,1,1,3,gemma3:27b,data_pmus_yaounde,q2_5_2,Agent_60,nan
4,4,2,4,3,gemma3:27b,data_pmus_yaounde,q2_6_1,Agent_60,BARRIERE
4,4,2,4,3,gemma3:27b,data_pmus_yaounde,q2_6_2,Agent_60,DIDEROT
4,4,3,4,4,gemma3:27b,data_pmus_yaounde,q3_1,Agent_60,NON
4,3,4,4,3,gemma3:27b,data_pmus_yaounde,q3_2,Agent_60,A PIED
1,1,1,1,3,gemma3:27b,data_pmus_yaounde,q3_3_1,Agent_60,nan
1,1,1,1,3,gemma3:27b,data_pmus_yaounde,q3_3_2,Agent_60,nan
5,4,2,5,2,gemma3:27b,data_pmus_yaounde,q4_1_a,Agent_60,Veuillez indiquer depuis combien de temps vous attendez.
4,3,3,4,4,gemma3:27b,data_pmus_yaounde,q4_1_b,Agent_60,MOINS DE 5 MIN
5,4,2,5,2,gemma3:27b,data_pmus_yaounde,q4_2_a,Agent_60,Veuillez indiquer depuis combien de temps vous attendez.
4,3,3,4,4,gemma3:27b,data_pmus_yaounde,q4_2_b,Agent_60,30 60 MIN
4,4,4,4,4,gemma3:27b,data_pmus_yaounde,q4_3,Agent_60,300
4,3,4,4,4,gemma3:27b,data_pmus_yaounde,q4_4,Agent_60,TRAVAIL
3,3,3,4,3,gemma3:27b,data_pmus_yaounde,q4_4_autres,Agent_60,COMMERCE
5,3,4,4,4,gemma3:27b,data_pmus_yaounde,q5_1,Agent_60,MOINS DE 18 ANS
5,3,4,4,4,gemma3:27b,data_pmus_yaounde,q5_2,Agent_60,ENTRE 300 001 ET 500 000
4,4,4,4,4,gemma3:27b,data_pmus_yaounde,q5_3,Agent_60,FEMME
4,4,2,4,3,gemma3:27b,data_pmus_yaounde,centre ville,Agent_61,YAOUNDE
5,4,4,4,4,gemma3:27b,data_pmus_yaounde,q1_1,Agent_61,HORS DE LA VILLE DE YAOUNDE
4,4,3,4,4,gemma3:27b,data_pmus_yaounde,q1_1_a,Agent_61,ETOUDI
4,4,3,4,3,gemma3:27b,data_pmus_yaounde,q1_1_b,Agent_61,10EME ARRET
4,4,2,4,3,gemma3:27b,data_pmus_yaounde,q1_1_c,Agent_61,AFANOYA
5,4,4,4,4,gemma3:27b,data_pmus_yaounde,q1_2,Agent_61,UN QUARTIER DE LA VILLE DE YAOUNDE
4,4,4,4,4,gemma3:27b,data_pmus_yaounde,q1_2_a,Agent_61,FEBE
4,4,3,4,3,gemma3:27b,data_pmus_yaounde,q1_2_b,Agent_61,SOURCE PETIT VILLAGE
4,4,2,4,3,gemma3:27b,data_pmus_yaounde,q1_3_c,Agent_61,DOUALA
4,3,4,4,3,gemma3:27b,data_pmus_yaounde,q2_1,Agent_61,PAR BUS STACY
4,4,2,4,3,gemma3:27b,data_pmus_yaounde,q2_2_1,Agent_61,FEBE
4,4,2,4,3,gemma3:27b,data_pmus_yaounde,q2_2_2,Agent_61,LYCEE
4,4,2,4,3,gemma3:27b,data_pmus_yaounde,q2_3_1,Agent_61,0LESOA
4,4,2,4,3,gemma3:27b,data_pmus_yaounde,q2_3_2,Agent_61,DISPENSAIRE
5,4,4,4,4,gemma3:27b,data_pmus_yaounde,q2_3,Agent_61,NON
4,4,2,4,3,gemma3:27b,data_pmus_yaounde,q2_4,Agent_61,PAR BUS STACY
4,4,2,4,3,gemma3:27b,data_pmus_yaounde,q2_5_1,Agent_61,LYCEE DEMANA
4,4,2,4,3,gemma3:27b,data_pmus_yaounde,q2_5_2,Agent_61,LYCEE DE NGOA EKELLE
4,4,2,4,3,gemma3:27b,data_pmus_yaounde,q2_6_1,Agent_61,MARCHE MFOUNDI
4,4,2,4,3,gemma3:27b,data_pmus_yaounde,q2_6_2,Agent_61,11EME ARRET
4,4,3,4,4,gemma3:27b,data_pmus_yaounde,q3_1,Agent_61,OUI
4,3,4,4,3,gemma3:27b,data_pmus_yaounde,q3_2,Agent_61,PAR BUS STACY
4,4,3,4,3,gemma3:27b,data_pmus_yaounde,q3_3_1,Agent_61,ACACIA
4,4,2,4,3,gemma3:27b,data_pmus_yaounde,q3_3_2,Agent_61,MADAME FOTSO
5,4,2,5,2,gemma3:27b,data_pmus_yaounde,q4_1_a,Agent_61,Veuillez indiquer depuis combien de temps vous attendez.
4,3,3,4,4,gemma3:27b,data_pmus_yaounde,q4_1_b,Agent_61,PLUS DE 20 MINUTES
5,4,2,5,2,gemma3:27b,data_pmus_yaounde,q4_2_a,Agent_61,Veuillez indiquer depuis combien de temps vous attendez.
4,3,3,4,4,gemma3:27b,data_pmus_yaounde,q4_2_b,Agent_61,30 60 MIN
4,4,4,4,4,gemma3:27b,data_pmus_yaounde,q4_3,Agent_61,1650
4,3,4,4,4,gemma3:27b,data_pmus_yaounde,q4_4,Agent_61,COURSES
3,3,3,4,3,gemma3:27b,data_pmus_yaounde,q4_4_autres,Agent_61,ACHAT
5,3,4,4,4,gemma3:27b,data_pmus_yaounde,q5_1,Agent_61,MOINS DE 18 ANS
5,3,4,4,4,gemma3:27b,data_pmus_yaounde,q5_2,Agent_61,ENTRE 300 001 ET 500 000
4,4,4,4,4,gemma3:27b,data_pmus_yaounde,q5_3,Agent_61,FEMME
4,4,2,4,3,gemma3:27b,data_pmus_yaounde,centre ville,Agent_62,YAOUNDE
5,4,4,4,4,gemma3:27b,data_pmus_yaounde,q1_1,Agent_62,UN QUARTIER DE LA VILLE DE YAOUNDE
4,4,3,4,4,gemma3:27b,data_pmus_yaounde,q1_1_a,Agent_62,ABIT
4,4,3,4,3,gemma3:27b,data_pmus_yaounde,q1_1_b,Agent_62,10EME ARRET
4,4,2,4,3,gemma3:27b,data_pmus_yaounde,q1_1_c,Agent_62,AFANOYA
5,4,4,4,4,gemma3:27b,data_pmus_yaounde,q1_2,Agent_62,UN QUARTIER DE LA VILLE DE YAOUNDE
4,4,4,4,4,gemma3:27b,data_pmus_yaounde,q1_2_a,Agent_62,ABOM
4,4,3,4,3,gemma3:27b,data_pmus_yaounde,q1_2_b,Agent_62,10 IEME ARRET
4,4,2,4,3,gemma3:27b,data_pmus_yaounde,q1_3_c,Agent_62,AFANOYA
4,3,4,4,3,gemma3:27b,data_pmus_yaounde,q2_1,Agent_62,PAR BUS STACY
4,4,2,4,3,gemma3:27b,data_pmus_yaounde,q2_2_1,Agent_62,2 CHEVEAU
4,4,2,4,3,gemma3:27b,data_pmus_yaounde,q2_2_2,Agent_62,NOSA
4,4,2,4,3,gemma3:27b,data_pmus_yaounde,q2_3_1,Agent_62,0LESOA
4,4,2,4,3,gemma3:27b,data_pmus_yaounde,q2_3_2,Agent_62,GARRE VAN
5,4,4,4,4,gemma3:27b,data_pmus_yaounde,q2_3,Agent_62,NON
4,4,2,4,3,gemma3:27b,data_pmus_yaounde,q2_4,Agent_62,PAR BUS STACY
4,4,2,4,3,gemma3:27b,data_pmus_yaounde,q2_5_1,Agent_62,A B0NAS
4,4,2,4,3,gemma3:27b,data_pmus_yaounde,q2_5_2,Agent_62,ARRET BUS
4,4,2,4,3,gemma3:27b,data_pmus_yaounde,q2_6_1,Agent_62,GARE
4,4,2,4,3,gemma3:27b,data_pmus_yaounde,q2_6_2,Agent_62,GARE ROUTIERE
4,4,3,4,4,gemma3:27b,data_pmus_yaounde,q3_1,Agent_62,NON
4,3,4,4,3,gemma3:27b,data_pmus_yaounde,q3_2,Agent_62,PAR BUS STACY
4,4,3,4,3,gemma3:27b,data_pmus_yaounde,q3_3_1,Agent_62,OLEMBE
4,4,2,4,3,gemma3:27b,data_pmus_yaounde,q3_3_2,Agent_62,OFFICE DUBAC
5,4,2,5,2,gemma3:27b,data_pmus_yaounde,q4_1_a,Agent_62,Veuillez indiquer depuis combien de temps vous attendez.
4,3,3,4,4,gemma3:27b,data_pmus_yaounde,q4_1_b,Agent_62,MOINS DE 5 MIN
5,4,2,5,2,gemma3:27b,data_pmus_yaounde,q4_2_a,Agent_62,Veuillez indiquer depuis combien de temps vous attendez.
4,3,3,4,4,gemma3:27b,data_pmus_yaounde,q4_2_b,Agent_62,30 60 MIN
4,4,4,4,4,gemma3:27b,data_pmus_yaounde,q4_3,Agent_62,750
4,3,4,4,4,gemma3:27b,data_pmus_yaounde,q4_4,Agent_62,TRAVAIL
3,3,3,4,3,gemma3:27b,data_pmus_yaounde,q4_4_autres,Agent_62,ACHAT
5,3,4,4,4,gemma3:27b,data_pmus_yaounde,q5_1,Agent_62,ENTRE 26 ET 35 ANS
5,3,4,4,4,gemma3:27b,data_pmus_yaounde,q5_2,Agent_62,ENTRE 30 001 ET 100 000
4,4,4,4,4,gemma3:27b,data_pmus_yaounde,q5_3,Agent_62,HOMME
4,4,2,4,3,gemma3:27b,data_pmus_yaounde,centre ville,Agent_63,YAOUNDE
5,4,4,4,4,gemma3:27b,data_pmus_yaounde,q1_1,Agent_63,UN QUARTIER DE LA VILLE DE YAOUNDE
4,4,3,4,4,gemma3:27b,data_pmus_yaounde,q1_1_a,Agent_63,MELEN
4,4,3,4,3,gemma3:27b,data_pmus_yaounde,q1_1_b,Agent_63,DERRIERE LE SNACK BAR SAFARI
4,4,2,4,3,gemma3:27b,data_pmus_yaounde,q1_1_c,Agent_63,AFANOYA
5,4,4,4,4,gemma3:27b,data_pmus_yaounde,q1_2,Agent_63,UN QUARTIER DE LA VILLE DE YAOUNDE
4,4,4,4,4,gemma3:27b,data_pmus_yaounde,q1_2_a,Agent_63,ABOM
4,4,3,4,3,gemma3:27b,data_pmus_yaounde,q1_2_b,Agent_63,MOKONAM
4,4,2,4,3,gemma3:27b,data_pmus_yaounde,q1_3_c,Agent_63,AFANOYA
4,3,4,4,3,gemma3:27b,data_pmus_yaounde,q2_1,Agent_63,PAR BUS STACY
4,4,2,4,3,gemma3:27b,data_pmus_yaounde,q2_2_1,Agent_63,CARREFOUR DU SOLEIL
4,4,2,4,3,gemma3:27b,data_pmus_yaounde,q2_2_2,Agent_63,10 E ARRET
4,4,2,4,3,gemma3:27b,data_pmus_yaounde,q2_3_1,Agent_63,0LESOA
4,4,2,4,3,gemma3:27b,data_pmus_yaounde,q2_3_2,Agent_63,0NANA
5,4,4,4,4,gemma3:27b,data_pmus_yaounde,q2_3,Agent_63,NON
4,4,2,4,3,gemma3:27b,data_pmus_yaounde,q2_4,Agent_63,PAR BUS STACY
4,4,2,4,3,gemma3:27b,data_pmus_yaounde,q2_5_1,Agent_63,A B0NAS
4,4,2,4,3,gemma3:27b,data_pmus_yaounde,q2_5_2,Agent_63,ARRET BUS
4,4,2,4,3,gemma3:27b,data_pmus_yaounde,q2_6_1,Agent_63,ECOLE EXCELLENCE
4,4,2,4,3,gemma3:27b,data_pmus_yaounde,q2_6_2,Agent_63,BIYEME
4,4,3,4,4,gemma3:27b,data_pmus_yaounde,q3_1,Agent_63,NON
4,3,4,4,3,gemma3:27b,data_pmus_yaounde,q3_2,Agent_63,PAR BUS STACY
4,4,3,4,3,gemma3:27b,data_pmus_yaounde,q3_3_1,Agent_63,MELEN
4,4,2,4,3,gemma3:27b,data_pmus_yaounde,q3_3_2,Agent_63,STATION
5,4,2,5,2,gemma3:27b,data_pmus_yaounde,q4_1_a,Agent_63,Veuillez indiquer depuis combien de temps vous attendez.
4,3,3,4,4,gemma3:27b,data_pmus_yaounde,q4_1_b,Agent_63,MOINS DE 5 MIN
5,4,2,5,2,gemma3:27b,data_pmus_yaounde,q4_2_a,Agent_63,Veuillez indiquer depuis combien de temps vous attendez.
4,3,3,4,4,gemma3:27b,data_pmus_yaounde,q4_2_b,Agent_63,30 60 MIN
4,4,4,4,4,gemma3:27b,data_pmus_yaounde,q4_3,Agent_63,1800
4,3,4,4,4,gemma3:27b,data_pmus_yaounde,q4_4,Agent_63,COURSES
3,3,3,4,3,gemma3:27b,data_pmus_yaounde,q4_4_autres,Agent_63,COURS
5,3,4,4,4,gemma3:27b,data_pmus_yaounde,q5_1,Agent_63,MOINS DE 18 ANS
5,3,4,4,4,gemma3:27b,data_pmus_yaounde,q5_2,Agent_63,MOINS DE 30 000
4,4,4,4,4,gemma3:27b,data_pmus_yaounde,q5_3,Agent_63,HOMME
4,4,2,4,3,gemma3:27b,data_pmus_yaounde,centre ville,Agent_64,YAOUNDE
5,4,4,4,4,gemma3:27b,data_pmus_yaounde,q1_1,Agent_64,UN QUARTIER DE LA VILLE DE YAOUNDE
4,4,3,4,4,gemma3:27b,data_pmus_yaounde,q1_1_a,Agent_64,NKOZOA
4,4,3,4,3,gemma3:27b,data_pmus_yaounde,q1_1_b,Agent_64,10EME ARRET
4,4,2,4,3,gemma3:27b,data_pmus_yaounde,q1_1_c,Agent_64,AFANOYA
5,4,4,4,4,gemma3:27b,data_pmus_yaounde,q1_2,Agent_64,UN QUARTIER DE LA VILLE DE YAOUNDE
4,4,4,4,4,gemma3:27b,data_pmus_yaounde,q1_2_a,Agent_64,NKOLBISSON
4,4,3,4,3,gemma3:27b,data_pmus_yaounde,q1_2_b,Agent_64,CHAMP DE TIR
4,4,2,4,3,gemma3:27b,data_pmus_yaounde,q1_3_c,Agent_64,AFANOYA
4,3,4,4,3,gemma3:27b,data_pmus_yaounde,q2_1,Agent_64,A PIED
4,4,2,4,3,gemma3:27b,data_pmus_yaounde,q2_2_1,Agent_64,2 CHEVEAU
4,4,2,4,3,gemma3:27b,data_pmus_yaounde,q2_2_2,Agent_64,10 E ARRET
4,4,2,4,3,gemma3:27b,data_pmus_yaounde,q2_3_1,Agent_64,0LESOA
4,4,2,4,3,gemma3:27b,data_pmus_yaounde,q2_3_2,Agent_64,0NANA
5,4,4,4,4,gemma3:27b,data_pmus_yaounde,q2_3,Agent_64,OUI
4,4,2,4,3,gemma3:27b,data_pmus_yaounde,q2_4,Agent_64,PAR BUS STACY
4,4,2,4,3,gemma3:27b,data_pmus_yaounde,q2_5_1,Agent_64,ENTREE
4,4,2,4,3,gemma3:27b,data_pmus_yaounde,q2_5_2,Agent_64,0MPHINE
4,4,2,4,3,gemma3:27b,data_pmus_yaounde,q2_6_1,Agent_64,NKOLBISS OK N
4,4,2,4,3,gemma3:27b,data_pmus_yaounde,q2_6_2,Agent_64,NKOLBISSON
4,4,3,4,4,gemma3:27b,data_pmus_yaounde,q3_1,Agent_64,NON
4,3,4,4,3,gemma3:27b,data_pmus_yaounde,q3_2,Agent_64,PAR BUS STACY
4,4,3,4,3,gemma3:27b,data_pmus_yaounde,q3_3_1,Agent_64,ACACIA
4,4,2,4,3,gemma3:27b,data_pmus_yaounde,q3_3_2,Agent_64,10 IEME ARRET
5,4,2,5,2,gemma3:27b,data_pmus_yaounde,q4_1_a,Agent_64,Veuillez indiquer depuis combien de temps vous attendez.
4,3,3,4,4,gemma3:27b,data_pmus_yaounde,q4_1_b,Agent_64,PLUS DE 20 MINUTES
5,4,2,5,2,gemma3:27b,data_pmus_yaounde,q4_2_a,Agent_64,Veuillez indiquer depuis combien de temps vous attendez.
4,3,3,4,4,gemma3:27b,data_pmus_yaounde,q4_2_b,Agent_64,30 60 MIN
4,4,4,4,4,gemma3:27b,data_pmus_yaounde,q4_3,Agent_64,750
4,3,4,4,4,gemma3:27b,data_pmus_yaounde,q4_4,Agent_64,COURSES
3,3,3,4,3,gemma3:27b,data_pmus_yaounde,q4_4_autres,Agent_64,FAIRE DU MARCHE
5,3,4,4,4,gemma3:27b,data_pmus_yaounde,q5_1,Agent_64,MOINS DE 18 ANS
5,3,4,4,4,gemma3:27b,data_pmus_yaounde,q5_2,Agent_64,ENTRE 30 001 ET 100 000
4,4,4,4,4,gemma3:27b,data_pmus_yaounde,q5_3,Agent_64,HOMME
4,4,2,4,3,gemma3:27b,data_pmus_yaounde,centre ville,Agent_65,YAOUNDE
5,4,4,4,4,gemma3:27b,data_pmus_yaounde,q1_1,Agent_65,UN QUARTIER DE LA VILLE DE YAOUNDE
4,4,3,4,4,gemma3:27b,data_pmus_yaounde,q1_1_a,Agent_65,ABIT
4,4,3,4,3,gemma3:27b,data_pmus_yaounde,q1_1_b,Agent_65,10EME ARRET
4,4,2,4,3,gemma3:27b,data_pmus_yaounde,q1_1_c,Agent_65,NKOLBISSON
5,4,4,4,4,gemma3:27b,data_pmus_yaounde,q1_2,Agent_65,UN QUARTIER DE LA VILLE DE YAOUNDE
4,4,4,4,4,gemma3:27b,data_pmus_yaounde,q1_2_a,Agent_65,NKOLBISSON
4,4,3,4,3,gemma3:27b,data_pmus_yaounde,q1_2_b,Agent_65,PONT DE LA GARE
4,4,2,4,3,gemma3:27b,data_pmus_yaounde,q1_3_c,Agent_65,DOUALA
4,3,4,4,3,gemma3:27b,data_pmus_yaounde,q2_1,Agent_65,PAR BUS STACY
4,4,2,4,3,gemma3:27b,data_pmus_yaounde,q2_2_1,Agent_65,GARE ROUTIER OBALLA
4,4,2,4,3,gemma3:27b,data_pmus_yaounde,q2_2_2,Agent_65,ENTREE IRAD
4,4,2,4,3,gemma3:27b,data_pmus_yaounde,q2_3_1,Agent_65,POSTE CENTRALE
4,4,2,4,3,gemma3:27b,data_pmus_yaounde,q2_3_2,Agent_65,POSTE CATEDRALE
5,4,4,4,4,gemma3:27b,data_pmus_yaounde,q2_3,Agent_65,NON
4,4,2,4,3,gemma3:27b,data_pmus_yaounde,q2_4,Agent_65,PAR BUS STACY
4,4,2,4,3,gemma3:27b,data_pmus_yaounde,q2_5_1,Agent_65,NKOLBISSON
4,4,2,4,3,gemma3:27b,data_pmus_yaounde,q2_5_2,Agent_65,POSTE CENTRALE
4,4,2,4,3,gemma3:27b,data_pmus_yaounde,q2_6_1,Agent_65,NKOLBISSON
4,4,2,4,3,gemma3:27b,data_pmus_yaounde,q2_6_2,Agent_65,POSTE CENTRALE
4,4,3,4,4,gemma3:27b,data_pmus_yaounde,q3_1,Agent_65,NON
4,3,4,4,3,gemma3:27b,data_pmus_yaounde,q3_2,Agent_65,A PIED
4,4,3,4,3,gemma3:27b,data_pmus_yaounde,q3_3_1,Agent_65,ACACIA
4,4,2,4,3,gemma3:27b,data_pmus_yaounde,q3_3_2,Agent_65,BUREAU DES TRANSPORT
5,4,2,5,2,gemma3:27b,data_pmus_yaounde,q4_1_a,Agent_65,Veuillez indiquer depuis combien de temps vous attendez.
4,3,3,4,4,gemma3:27b,data_pmus_yaounde,q4_1_b,Agent_65,MOINS DE 5 MIN
5,4,2,5,2,gemma3:27b,data_pmus_yaounde,q4_2_a,Agent_65,Veuillez indiquer depuis combien de temps vous attendez.
4,3,3,4,4,gemma3:27b,data_pmus_yaounde,q4_2_b,Agent_65,15 30 MIN
4,4,4,4,4,gemma3:27b,data_pmus_yaounde,q4_3,Agent_65,550
4,3,4,4,4,gemma3:27b,data_pmus_yaounde,q4_4,Agent_65,ACTIVIT S DE LOISIRS
3,3,3,4,3,gemma3:27b,data_pmus_yaounde,q4_4_autres,Agent_65,EXPEDITION COURRIER
5,3,4,4,4,gemma3:27b,data_pmus_yaounde,q5_1,Agent_65,ENTRE 55ANS ET 64 ANS
5,3,4,4,4,gemma3:27b,data_pmus_yaounde,q5_2,Agent_65,ENTRE 30 001 ET 100 000
4,4,4,4,4,gemma3:27b,data_pmus_yaounde,q5_3,Agent_65,HOMME
4,4,2,4,3,gemma3:27b,data_pmus_yaounde,centre ville,Agent_66,YAOUNDE
5,4,4,4,4,gemma3:27b,data_pmus_yaounde,q1_1,Agent_66,HORS DE LA VILLE DE YAOUNDE
4,4,3,4,4,gemma3:27b,data_pmus_yaounde,q1_1_a,Agent_66,NKOLZIE
4,4,3,4,3,gemma3:27b,data_pmus_yaounde,q1_1_b,Agent_66,LE LABOUREUR
4,4,2,4,3,gemma3:27b,data_pmus_yaounde,q1_1_c,Agent_66,AFANOYA
5,4,4,4,4,gemma3:27b,data_pmus_yaounde,q1_2,Agent_66,UN QUARTIER DE LA VILLE DE YAOUNDE
4,4,4,4,4,gemma3:27b,data_pmus_yaounde,q1_2_a,Agent_66,ACACIA
4,4,3,4,3,gemma3:27b,data_pmus_yaounde,q1_2_b,Agent_66,10 IEME ARRET
4,4,2,4,3,gemma3:27b,data_pmus_yaounde,q1_3_c,Agent_66,BAFOUSSAM
4,3,4,4,3,gemma3:27b,data_pmus_yaounde,q2_1,Agent_66,PAR BUS STACY
4,4,2,4,3,gemma3:27b,data_pmus_yaounde,q2_2_1,Agent_66,NKOLANGA
4,4,2,4,3,gemma3:27b,data_pmus_yaounde,q2_2_2,Agent_66,10 E ARRET
4,4,2,4,3,gemma3:27b,data_pmus_yaounde,q2_3_1,Agent_66,CARREFOURMEEC
4,4,2,4,3,gemma3:27b,data_pmus_yaounde,q2_3_2,Agent_66,CAREFOURE
5,4,4,4,4,gemma3:27b,data_pmus_yaounde,q2_3,Agent_66,NON
4,4,2,4,3,gemma3:27b,data_pmus_yaounde,q2_4,Agent_66,PAR BUS STACY
4,4,2,4,3,gemma3:27b,data_pmus_yaounde,q2_5_1,Agent_66,A B0NAS
4,4,2,4,3,gemma3:27b,data_pmus_yaounde,q2_5_2,Agent_66,ACACIA
4,4,2,4,3,gemma3:27b,data_pmus_yaounde,q2_6_1,Agent_66,CARREFOUR
4,4,2,4,3,gemma3:27b,data_pmus_yaounde,q2_6_2,Agent_66,CARREFOUR
4,4,3,4,4,gemma3:27b,data_pmus_yaounde,q3_1,Agent_66,NON
4,3,4,4,3,gemma3:27b,data_pmus_yaounde,q3_2,Agent_66,PAR BUS AGENCE INTERURBAIN
4,4,3,4,3,gemma3:27b,data_pmus_yaounde,q3_3_1,Agent_66,ACACIA
4,4,2,4,3,gemma3:27b,data_pmus_yaounde,q3_3_2,Agent_66,ACACIA
5,4,2,5,2,gemma3:27b,data_pmus_yaounde,q4_1_a,Agent_66,Veuillez indiquer depuis combien de temps vous attendez.
4,3,3,4,4,gemma3:27b,data_pmus_yaounde,q4_1_b,Agent_66,MOINS DE 5 MIN
5,4,2,5,2,gemma3:27b,data_pmus_yaounde,q4_2_a,Agent_66,Veuillez indiquer depuis combien de temps vous attendez.
4,3,3,4,4,gemma3:27b,data_pmus_yaounde,q4_2_b,Agent_66,30 60 MIN
4,4,4,4,4,gemma3:27b,data_pmus_yaounde,q4_3,Agent_66,650
4,3,4,4,4,gemma3:27b,data_pmus_yaounde,q4_4,Agent_66,VISITE FAMILLE
3,3,3,4,3,gemma3:27b,data_pmus_yaounde,q4_4_autres,Agent_66,ACHAT
5,3,4,4,4,gemma3:27b,data_pmus_yaounde,q5_1,Agent_66,ENTRE 55ANS ET 64 ANS
5,3,4,4,4,gemma3:27b,data_pmus_yaounde,q5_2,Agent_66,MOINS DE 30 000
4,4,4,4,4,gemma3:27b,data_pmus_yaounde,q5_3,Agent_66,HOMME
4,4,2,4,3,gemma3:27b,data_pmus_yaounde,centre ville,Agent_67,YAOUNDE
5,4,4,4,4,gemma3:27b,data_pmus_yaounde,q1_1,Agent_67,HORS DE LA VILLE DE YAOUNDE
4,4,3,4,4,gemma3:27b,data_pmus_yaounde,q1_1_a,Agent_67,OYOM ABANG
4,4,3,4,3,gemma3:27b,data_pmus_yaounde,q1_1_b,Agent_67,10EME ARRET
4,4,2,4,3,gemma3:27b,data_pmus_yaounde,q1_1_c,Agent_67,AFANOYA
5,4,4,4,4,gemma3:27b,data_pmus_yaounde,q1_2,Agent_67,UN QUARTIER DE LA VILLE DE YAOUNDE
4,4,4,4,4,gemma3:27b,data_pmus_yaounde,q1_2_a,Agent_67,OYOM ABANG
4,4,3,4,3,gemma3:27b,data_pmus_yaounde,q1_2_b,Agent_67,10 IEME ARRET
4,4,2,4,3,gemma3:27b,data_pmus_yaounde,q1_3_c,Agent_67,EDEA
4,3,4,4,3,gemma3:27b,data_pmus_yaounde,q2_1,Agent_67,PAR TAXI
4,4,2,4,3,gemma3:27b,data_pmus_yaounde,q2_2_1,Agent_67,2 CHEVEAU
4,4,2,4,3,gemma3:27b,data_pmus_yaounde,q2_2_2,Agent_67,CERREFOUR BIYEM
4,4,2,4,3,gemma3:27b,data_pmus_yaounde,q2_3_1,Agent_67,0LESOA
4,4,2,4,3,gemma3:27b,data_pmus_yaounde,q2_3_2,Agent_67,0NANA
5,4,4,4,4,gemma3:27b,data_pmus_yaounde,q2_3,Agent_67,NON
4,4,2,4,3,gemma3:27b,data_pmus_yaounde,q2_4,Agent_67,PAR TAXI
4,4,2,4,3,gemma3:27b,data_pmus_yaounde,q2_5_1,Agent_67,NGOA EKELLE
4,4,2,4,3,gemma3:27b,data_pmus_yaounde,q2_5_2,Agent_67,CARREFOUR
4,4,2,4,3,gemma3:27b,data_pmus_yaounde,q2_6_1,Agent_67,CARREFOUR
4,4,2,4,3,gemma3:27b,data_pmus_yaounde,q2_6_2,Agent_67,CARREFOUR
4,4,3,4,4,gemma3:27b,data_pmus_yaounde,q3_1,Agent_67,NON
4,3,4,4,3,gemma3:27b,data_pmus_yaounde,q3_2,Agent_67,PAR TAXI
4,4,3,4,3,gemma3:27b,data_pmus_yaounde,q3_3_1,Agent_67,RUE FOE
4,4,2,4,3,gemma3:27b,data_pmus_yaounde,q3_3_2,Agent_67,RUE FOE
5,4,2,5,2,gemma3:27b,data_pmus_yaounde,q4_1_a,Agent_67,Veuillez indiquer depuis combien de temps vous attendez.
4,3,3,4,4,gemma3:27b,data_pmus_yaounde,q4_1_b,Agent_67,MOINS DE 5 MIN
5,4,2,5,2,gemma3:27b,data_pmus_yaounde,q4_2_a,Agent_67,Veuillez indiquer depuis combien de temps vous attendez.
4,3,3,4,4,gemma3:27b,data_pmus_yaounde,q4_2_b,Agent_67,30 60 MIN
4,4,4,4,4,gemma3:27b,data_pmus_yaounde,q4_3,Agent_67,350
4,3,4,4,4,gemma3:27b,data_pmus_yaounde,q4_4,Agent_67,TRAVAIL
3,3,3,4,3,gemma3:27b,data_pmus_yaounde,q4_4_autres,Agent_67,ACHAT
5,3,4,4,4,gemma3:27b,data_pmus_yaounde,q5_1,Agent_67,ENTRE 36 ET 45 ANS
5,3,4,4,4,gemma3:27b,data_pmus_yaounde,q5_2,Agent_67,ENTRE 30 001 ET 100 000
4,4,4,4,4,gemma3:27b,data_pmus_yaounde,q5_3,Agent_67,HOMME
4,4,2,4,3,gemma3:27b,data_pmus_yaounde,centre ville,Agent_68,YAOUNDE
5,4,4,4,4,gemma3:27b,data_pmus_yaounde,q1_1,Agent_68,HORS DE LA VILLE DE YAOUNDE
4,4,3,4,4,gemma3:27b,data_pmus_yaounde,q1_1_a,Agent_68,ETOUG EBE
4,4,3,4,3,gemma3:27b,data_pmus_yaounde,q1_1_b,Agent_68,10EME ARRET
4,4,2,4,3,gemma3:27b,data_pmus_yaounde,q1_1_c,Agent_68,NANGA EBOKO
5,4,4,4,4,gemma3:27b,data_pmus_yaounde,q1_2,Agent_68,UN QUARTIER DE LA VILLE DE YAOUNDE
4,4,4,4,4,gemma3:27b,data_pmus_yaounde,q1_2_a,Agent_68,LEBOUDI
4,4,3,4,3,gemma3:27b,data_pmus_yaounde,q1_2_b,Agent_68,10 IEME ARRET
4,4,2,4,3,gemma3:27b,data_pmus_yaounde,q1_3_c,Agent_68,LEBOUDI
4,3,4,4,3,gemma3:27b,data_pmus_yaounde,q2_1,Agent_68,PAR BUS STACY
4,4,2,4,3,gemma3:27b,data_pmus_yaounde,q2_2_1,Agent_68,2 CHEVEAU
4,4,2,4,3,gemma3:27b,data_pmus_yaounde,q2_2_2,Agent_68,10 E ARRET
4,4,2,4,3,gemma3:27b,data_pmus_yaounde,q2_3_1,Agent_68,LEBOUDI
4,4,2,4,3,gemma3:27b,data_pmus_yaounde,q2_3_2,Agent_68,ENTREE DECHARGE
5,4,4,4,4,gemma3:27b,data_pmus_yaounde,q2_3,Agent_68,NON
4,4,2,4,3,gemma3:27b,data_pmus_yaounde,q2_4,Agent_68,PAR BUS STACY
4,4,2,4,3,gemma3:27b,data_pmus_yaounde,q2_5_1,Agent_68,A B0NAS
4,4,2,4,3,gemma3:27b,data_pmus_yaounde,q2_5_2,Agent_68,CARREFOUR
4,4,2,4,3,gemma3:27b,data_pmus_yaounde,q2_6_1,Agent_68,ABATTOIR
4,4,2,4,3,gemma3:27b,data_pmus_yaounde,q2_6_2,Agent_68,11EME ARRET
4,4,3,4,4,gemma3:27b,data_pmus_yaounde,q3_1,Agent_68,NON
4,3,4,4,3,gemma3:27b,data_pmus_yaounde,q3_2,Agent_68,PAR BUS STACY
4,4,3,4,3,gemma3:27b,data_pmus_yaounde,q3_3_1,Agent_68,LEBOUDI
4,4,2,4,3,gemma3:27b,data_pmus_yaounde,q3_3_2,Agent_68,10 IEME ARRET
5,4,2,5,2,gemma3:27b,data_pmus_yaounde,q4_1_a,Agent_68,Veuillez indiquer depuis combien de temps vous attendez.
4,3,3,4,4,gemma3:27b,data_pmus_yaounde,q4_1_b,Agent_68,PLUS DE 20 MINUTES
5,4,2,5,2,gemma3:27b,data_pmus_yaounde,q4_2_a,Agent_68,Veuillez indiquer depuis combien de temps vous attendez.
4,3,3,4,4,gemma3:27b,data_pmus_yaounde,q4_2_b,Agent_68,30 60 MIN
4,4,4,4,4,gemma3:27b,data_pmus_yaounde,q4_3,Agent_68,650
4,3,4,4,4,gemma3:27b,data_pmus_yaounde,q4_4,Agent_68,TRAVAIL
3,3,3,4,3,gemma3:27b,data_pmus_yaounde,q4_4_autres,Agent_68,COMMERCE
5,3,4,4,4,gemma3:27b,data_pmus_yaounde,q5_1,Agent_68,ENTRE 36 ET 45 ANS
5,3,4,4,4,gemma3:27b,data_pmus_yaounde,q5_2,Agent_68,MOINS DE 30 000
4,4,4,4,4,gemma3:27b,data_pmus_yaounde,q5_3,Agent_68,FEMME
4,4,2,4,3,gemma3:27b,data_pmus_yaounde,centre ville,Agent_69,YAOUNDE
5,4,4,4,4,gemma3:27b,data_pmus_yaounde,q1_1,Agent_69,UN QUARTIER DE LA VILLE DE YAOUNDE
4,4,3,4,4,gemma3:27b,data_pmus_yaounde,q1_1_a,Agent_69,ETOA MEKI
4,4,3,4,3,gemma3:27b,data_pmus_yaounde,q1_1_b,Agent_69,10EME ARRET
4,4,2,4,3,gemma3:27b,data_pmus_yaounde,q1_1_c,Agent_69,AFANOYA
5,4,4,4,4,gemma3:27b,data_pmus_yaounde,q1_2,Agent_69,UN QUARTIER DE LA VILLE DE YAOUNDE
4,4,4,4,4,gemma3:27b,data_pmus_yaounde,q1_2_a,Agent_69,ABOM
4,4,3,4,3,gemma3:27b,data_pmus_yaounde,q1_2_b,Agent_69,10 IEME ARRET
4,4,2,4,3,gemma3:27b,data_pmus_yaounde,q1_3_c,Agent_69,AFANOYA
4,3,4,4,3,gemma3:27b,data_pmus_yaounde,q2_1,Agent_69,A PIED
4,4,2,4,3,gemma3:27b,data_pmus_yaounde,q2_2_1,Agent_69,2 CHEVEAU
1,1,1,1,3,gemma3:27b,data_pmus_yaounde,q2_2_2,Agent_69,nan
4,4,2,4,3,gemma3:27b,data_pmus_yaounde,q2_3_1,Agent_69,0LESOA
4,4,2,4,3,gemma3:27b,data_pmus_yaounde,q2_3_2,Agent_69,A PIED
5,4,4,4,4,gemma3:27b,data_pmus_yaounde,q2_3,Agent_69,NON
4,4,2,4,3,gemma3:27b,data_pmus_yaounde,q2_4,Agent_69,A PIED
4,4,2,4,3,gemma3:27b,data_pmus_yaounde,q2_5_1,Agent_69,ETOA MEKI
4,4,2,4,3,gemma3:27b,data_pmus_yaounde,q2_5_2,Agent_69,DANS LE QUARTIER
4,4,2,4,3,gemma3:27b,data_pmus_yaounde,q2_6_1,Agent_69,ABATTOIR
1,1,1,1,3,gemma3:27b,data_pmus_yaounde,q2_6_2,Agent_69,nan
4,4,3,4,4,gemma3:27b,data_pmus_yaounde,q3_1,Agent_69,NON
4,3,4,4,3,gemma3:27b,data_pmus_yaounde,q3_2,Agent_69,A PIED
4,4,3,4,3,gemma3:27b,data_pmus_yaounde,q3_3_1,Agent_69,ACACIA
1,1,1,1,3,gemma3:27b,data_pmus_yaounde,q3_3_2,Agent_69,nan
5,4,2,5,2,gemma3:27b,data_pmus_yaounde,q4_1_a,Agent_69,Veuillez indiquer depuis combien de temps vous attendez.
4,3,3,4,4,gemma3:27b,data_pmus_yaounde,q4_1_b,Agent_69,MOINS DE 5 MIN
5,4,2,5,2,gemma3:27b,data_pmus_yaounde,q4_2_a,Agent_69,Veuillez indiquer depuis combien de temps vous attendez.
4,3,3,4,4,gemma3:27b,data_pmus_yaounde,q4_2_b,Agent_69,MOINS DE 15 MIN
4,4,4,4,4,gemma3:27b,data_pmus_yaounde,q4_3,Agent_69,300
4,3,4,4,4,gemma3:27b,data_pmus_yaounde,q4_4,Agent_69,COURSES
3,3,3,4,3,gemma3:27b,data_pmus_yaounde,q4_4_autres,Agent_69,FAIRE DU MARCHE
5,3,4,4,4,gemma3:27b,data_pmus_yaounde,q5_1,Agent_69,MOINS DE 18 ANS
5,3,4,4,4,gemma3:27b,data_pmus_yaounde,q5_2,Agent_69,MOINS DE 30 000
4,4,4,4,4,gemma3:27b,data_pmus_yaounde,q5_3,Agent_69,FEMME
4,4,2,4,3,gemma3:27b,data_pmus_yaounde,centre ville,Agent_70,YAOUNDE
5,4,4,4,4,gemma3:27b,data_pmus_yaounde,q1_1,Agent_70,HORS DE LA VILLE DE YAOUNDE
4,4,3,4,4,gemma3:27b,data_pmus_yaounde,q1_1_a,Agent_70,OYOM ABANG
4,4,3,4,3,gemma3:27b,data_pmus_yaounde,q1_1_b,Agent_70,10EME ARRET
4,4,2,4,3,gemma3:27b,data_pmus_yaounde,q1_1_c,Agent_70,AFANOYA
5,4,4,4,4,gemma3:27b,data_pmus_yaounde,q1_2,Agent_70,HORS DE LA VILLE DE YAOUNDE
4,4,4,4,4,gemma3:27b,data_pmus_yaounde,q1_2_a,Agent_70,ABOM
4,4,3,4,3,gemma3:27b,data_pmus_yaounde,q1_2_b,Agent_70,10 IEME ARRET
4,4,2,4,3,gemma3:27b,data_pmus_yaounde,q1_3_c,Agent_70,AFANOYA
4,3,4,4,3,gemma3:27b,data_pmus_yaounde,q2_1,Agent_70,PAR BUS STACY
4,4,2,4,3,gemma3:27b,data_pmus_yaounde,q2_2_1,Agent_70,2 CHEVEAU
4,4,2,4,3,gemma3:27b,data_pmus_yaounde,q2_2_2,Agent_70,10 E ARRET
4,4,2,4,3,gemma3:27b,data_pmus_yaounde,q2_3_1,Agent_70,CARREFOURE MEC
4,4,2,4,3,gemma3:27b,data_pmus_yaounde,q2_3_2,Agent_70,0NANA
5,4,4,4,4,gemma3:27b,data_pmus_yaounde,q2_3,Agent_70,NON
4,4,2,4,3,gemma3:27b,data_pmus_yaounde,q2_4,Agent_70,PAR BUS STACY
4,4,2,4,3,gemma3:27b,data_pmus_yaounde,q2_5_1,Agent_70,ETOUDI
4,4,2,4,3,gemma3:27b,data_pmus_yaounde,q2_5_2,Agent_70,CAMP SONEL
4,4,2,4,3,gemma3:27b,data_pmus_yaounde,q2_6_1,Agent_70,ABATTOIR
4,4,2,4,3,gemma3:27b,data_pmus_yaounde,q2_6_2,Agent_70,DEUXIEME ECHANGEUR
4,4,3,4,4,gemma3:27b,data_pmus_yaounde,q3_1,Agent_70,NON
4,3,4,4,3,gemma3:27b,data_pmus_yaounde,q3_2,Agent_70,PAR BUS STACY
4,4,3,4,3,gemma3:27b,data_pmus_yaounde,q3_3_1,Agent_70,ACACIA
4,4,2,4,3,gemma3:27b,data_pmus_yaounde,q3_3_2,Agent_70,10 IEME ARRET
5,4,2,5,2,gemma3:27b,data_pmus_yaounde,q4_1_a,Agent_70,Veuillez indiquer depuis combien de temps vous attendez.
4,3,3,4,4,gemma3:27b,data_pmus_yaounde,q4_1_b,Agent_70,MOINS DE 5 MIN
5,4,2,5,2,gemma3:27b,data_pmus_yaounde,q4_2_a,Agent_70,Veuillez indiquer depuis combien de temps vous attendez.
4,3,3,4,4,gemma3:27b,data_pmus_yaounde,q4_2_b,Agent_70,30 60 MIN
4,4,4,4,4,gemma3:27b,data_pmus_yaounde,q4_3,Agent_70,1750
4,3,4,4,4,gemma3:27b,data_pmus_yaounde,q4_4,Agent_70,TRAVAIL
3,3,3,4,3,gemma3:27b,data_pmus_yaounde,q4_4_autres,Agent_70,ACHAT
5,3,4,4,4,gemma3:27b,data_pmus_yaounde,q5_1,Agent_70,ENTRE 18 ET 25 ANS
5,3,4,4,4,gemma3:27b,data_pmus_yaounde,q5_2,Agent_70,ENTRE 30 001 ET 100 000
4,4,4,4,4,gemma3:27b,data_pmus_yaounde,q5_3,Agent_70,HOMME
4,4,2,4,3,gemma3:27b,data_pmus_yaounde,centre ville,Agent_71,YAOUNDE
5,4,4,4,4,gemma3:27b,data_pmus_yaounde,q1_1,Agent_71,HORS DE LA VILLE DE YAOUNDE
4,4,3,4,4,gemma3:27b,data_pmus_yaounde,q1_1_a,Agent_71,NKOLANGA
4,4,3,4,3,gemma3:27b,data_pmus_yaounde,q1_1_b,Agent_71,CENAT
4,4,2,4,3,gemma3:27b,data_pmus_yaounde,q1_1_c,Agent_71,NKOLANGA
5,4,4,4,4,gemma3:27b,data_pmus_yaounde,q1_2,Agent_71,UN QUARTIER DE LA VILLE DE YAOUNDE
4,4,4,4,4,gemma3:27b,data_pmus_yaounde,q1_2_a,Agent_71,NKOLANGA
4,4,3,4,3,gemma3:27b,data_pmus_yaounde,q1_2_b,Agent_71,10 IEME ARRET
4,4,2,4,3,gemma3:27b,data_pmus_yaounde,q1_3_c,Agent_71,AFANOYA
4,3,4,4,3,gemma3:27b,data_pmus_yaounde,q2_1,Agent_71,PAR BUS STACY
4,4,2,4,3,gemma3:27b,data_pmus_yaounde,q2_2_1,Agent_71,2 CHEVEAU
4,4,2,4,3,gemma3:27b,data_pmus_yaounde,q2_2_2,Agent_71,CHEFFERIE
4,4,2,4,3,gemma3:27b,data_pmus_yaounde,q2_3_1,Agent_71,0LESOA
4,4,2,4,3,gemma3:27b,data_pmus_yaounde,q2_3_2,Agent_71,0NANA
5,4,4,4,4,gemma3:27b,data_pmus_yaounde,q2_3,Agent_71,NON
4,4,2,4,3,gemma3:27b,data_pmus_yaounde,q2_4,Agent_71,PAR BUS STACY
4,4,2,4,3,gemma3:27b,data_pmus_yaounde,q2_5_1,Agent_71,A B0NAS
4,4,2,4,3,gemma3:27b,data_pmus_yaounde,q2_5_2,Agent_71,NIVEAU DES LAMPADER
4,4,2,4,3,gemma3:27b,data_pmus_yaounde,q2_6_1,Agent_71,NKOLANGA
4,4,2,4,3,gemma3:27b,data_pmus_yaounde,q2_6_2,Agent_71,ROND POINT MECC
4,4,3,4,4,gemma3:27b,data_pmus_yaounde,q3_1,Agent_71,NON
4,3,4,4,3,gemma3:27b,data_pmus_yaounde,q3_2,Agent_71,PAR BUS STACY
4,4,3,4,3,gemma3:27b,data_pmus_yaounde,q3_3_1,Agent_71,NKOLANGA
4,4,2,4,3,gemma3:27b,data_pmus_yaounde,q3_3_2,Agent_71,TERMINUS
5,4,2,5,2,gemma3:27b,data_pmus_yaounde,q4_1_a,Agent_71,Veuillez indiquer depuis combien de temps vous attendez.
4,3,3,4,4,gemma3:27b,data_pmus_yaounde,q4_1_b,Agent_71,MOINS DE 5 MIN
5,4,2,5,2,gemma3:27b,data_pmus_yaounde,q4_2_a,Agent_71,Veuillez indiquer depuis combien de temps vous attendez.
4,3,3,4,4,gemma3:27b,data_pmus_yaounde,q4_2_b,Agent_71,30 60 MIN
4,4,4,4,4,gemma3:27b,data_pmus_yaounde,q4_3,Agent_71,850
4,3,4,4,4,gemma3:27b,data_pmus_yaounde,q4_4,Agent_71,VISITE FAMILLE
3,3,3,4,3,gemma3:27b,data_pmus_yaounde,q4_4_autres,Agent_71,RENCONTRE
5,3,4,4,4,gemma3:27b,data_pmus_yaounde,q5_1,Agent_71,ENTRE 18 ET 25 ANS
5,3,4,4,4,gemma3:27b,data_pmus_yaounde,q5_2,Agent_71,MOINS DE 30 000
4,4,4,4,4,gemma3:27b,data_pmus_yaounde,q5_3,Agent_71,HOMME
4,4,2,4,3,gemma3:27b,data_pmus_yaounde,centre ville,Agent_72,YAOUNDE
5,4,4,4,4,gemma3:27b,data_pmus_yaounde,q1_1,Agent_72,UN QUARTIER DE LA VILLE DE YAOUNDE
4,4,3,4,4,gemma3:27b,data_pmus_yaounde,q1_1_a,Agent_72,ABIT
4,4,3,4,3,gemma3:27b,data_pmus_yaounde,q1_1_b,Agent_72,COLLEGE ADVENTISTE
4,4,2,4,3,gemma3:27b,data_pmus_yaounde,q1_1_c,Agent_72,AFANOYA
5,4,4,4,4,gemma3:27b,data_pmus_yaounde,q1_2,Agent_72,UN QUARTIER DE LA VILLE DE YAOUNDE
4,4,4,4,4,gemma3:27b,data_pmus_yaounde,q1_2_a,Agent_72,TITI GARAGE
4,4,3,4,3,gemma3:27b,data_pmus_yaounde,q1_2_b,Agent_72,MAISON ROUGE
4,4,2,4,3,gemma3:27b,data_pmus_yaounde,q1_3_c,Agent_72,AFANOYA
4,3,4,4,3,gemma3:27b,data_pmus_yaounde,q2_1,Agent_72,PAR BUS STACY
4,4,2,4,3,gemma3:27b,data_pmus_yaounde,q2_2_1,Agent_72,2 CHEVEAU
4,4,2,4,3,gemma3:27b,data_pmus_yaounde,q2_2_2,Agent_72,BATA NLONGKAK
4,4,2,4,3,gemma3:27b,data_pmus_yaounde,q2_3_1,Agent_72,0LESOA
4,4,2,4,3,gemma3:27b,data_pmus_yaounde,q2_3_2,Agent_72,0NANA
5,4,4,4,4,gemma3:27b,data_pmus_yaounde,q2_3,Agent_72,NON
4,4,2,4,3,gemma3:27b,data_pmus_yaounde,q2_4,Agent_72,PAR BUS STACY
4,4,2,4,3,gemma3:27b,data_pmus_yaounde,q2_5_1,Agent_72,A B0NAS
4,4,2,4,3,gemma3:27b,data_pmus_yaounde,q2_5_2,Agent_72,0MPHINE
4,4,2,4,3,gemma3:27b,data_pmus_yaounde,q2_6_1,Agent_72,ABATTOIR
4,4,2,4,3,gemma3:27b,data_pmus_yaounde,q2_6_2,Agent_72,11EME ARRET
4,4,3,4,4,gemma3:27b,data_pmus_yaounde,q3_1,Agent_72,NON
4,3,4,4,3,gemma3:27b,data_pmus_yaounde,q3_2,Agent_72,PAR BUS STACY
4,4,3,4,3,gemma3:27b,data_pmus_yaounde,q3_3_1,Agent_72,TITI GARAGE
4,4,2,4,3,gemma3:27b,data_pmus_yaounde,q3_3_2,Agent_72,MAISON ROUGE
5,4,2,5,2,gemma3:27b,data_pmus_yaounde,q4_1_a,Agent_72,Veuillez indiquer depuis combien de temps vous attendez.
4,3,3,4,4,gemma3:27b,data_pmus_yaounde,q4_1_b,Agent_72,MOINS DE 5 MIN
5,4,2,5,2,gemma3:27b,data_pmus_yaounde,q4_2_a,Agent_72,Veuillez indiquer depuis combien de temps vous attendez.
4,3,3,4,4,gemma3:27b,data_pmus_yaounde,q4_2_b,Agent_72,30 60 MIN
4,4,4,4,4,gemma3:27b,data_pmus_yaounde,q4_3,Agent_72,500
4,3,4,4,4,gemma3:27b,data_pmus_yaounde,q4_4,Agent_72,TRAVAIL
3,3,3,4,3,gemma3:27b,data_pmus_yaounde,q4_4_autres,Agent_72,ETUDES
5,3,4,4,4,gemma3:27b,data_pmus_yaounde,q5_1,Agent_72,ENTRE 18 ET 25 ANS
5,3,4,4,4,gemma3:27b,data_pmus_yaounde,q5_2,Agent_72,MOINS DE 30 000
4,4,4,4,4,gemma3:27b,data_pmus_yaounde,q5_3,Agent_72,FEMME
4,4,2,4,3,gemma3:27b,data_pmus_yaounde,centre ville,Agent_73,YAOUNDE
5,4,4,4,4,gemma3:27b,data_pmus_yaounde,q1_1,Agent_73,HORS DE LA VILLE DE YAOUNDE
4,4,3,4,4,gemma3:27b,data_pmus_yaounde,q1_1_a,Agent_73,ABIT
4,4,3,4,3,gemma3:27b,data_pmus_yaounde,q1_1_b,Agent_73,YOYO BAR
4,4,2,4,3,gemma3:27b,data_pmus_yaounde,q1_1_c,Agent_73,AFANOYA
5,4,4,4,4,gemma3:27b,data_pmus_yaounde,q1_2,Agent_73,UN QUARTIER DE LA VILLE DE YAOUNDE
4,4,4,4,4,gemma3:27b,data_pmus_yaounde,q1_2_a,Agent_73,CITE VERTE
4,4,3,4,3,gemma3:27b,data_pmus_yaounde,q1_2_b,Agent_73,YOYO BAR
4,4,2,4,3,gemma3:27b,data_pmus_yaounde,q1_3_c,Agent_73,DOUALA
4,3,4,4,3,gemma3:27b,data_pmus_yaounde,q2_1,Agent_73,PAR BUS STACY
4,4,2,4,3,gemma3:27b,data_pmus_yaounde,q2_2_1,Agent_73,GARE VOYAGEUR
4,4,2,4,3,gemma3:27b,data_pmus_yaounde,q2_2_2,Agent_73,LA GARE
4,4,2,4,3,gemma3:27b,data_pmus_yaounde,q2_3_1,Agent_73,CATHEDRALE
4,4,2,4,3,gemma3:27b,data_pmus_yaounde,q2_3_2,Agent_73,C A THEDRALE
5,4,4,4,4,gemma3:27b,data_pmus_yaounde,q2_3,Agent_73,NON
4,4,2,4,3,gemma3:27b,data_pmus_yaounde,q2_4,Agent_73,PAR BUS STACY
4,4,2,4,3,gemma3:27b,data_pmus_yaounde,q2_5_1,Agent_73,A B0NAS
4,4,2,4,3,gemma3:27b,data_pmus_yaounde,q2_5_2,Agent_73,YOYO BAR
4,4,2,4,3,gemma3:27b,data_pmus_yaounde,q2_6_1,Agent_73,ABATTOIR
4,4,2,4,3,gemma3:27b,data_pmus_yaounde,q2_6_2,Agent_73,11EME ARRET
4,4,3,4,4,gemma3:27b,data_pmus_yaounde,q3_1,Agent_73,NON
4,3,4,4,3,gemma3:27b,data_pmus_yaounde,q3_2,Agent_73,PAR BUS STACY
4,4,3,4,3,gemma3:27b,data_pmus_yaounde,q3_3_1,Agent_73,ACACIA
4,4,2,4,3,gemma3:27b,data_pmus_yaounde,q3_3_2,Agent_73,YOYO BAR
5,4,2,5,2,gemma3:27b,data_pmus_yaounde,q4_1_a,Agent_73,Veuillez indiquer depuis combien de temps vous attendez.
4,3,3,4,4,gemma3:27b,data_pmus_yaounde,q4_1_b,Agent_73,MOINS DE 5 MIN
5,4,2,5,2,gemma3:27b,data_pmus_yaounde,q4_2_a,Agent_73,Veuillez indiquer depuis combien de temps vous attendez.
4,3,3,4,4,gemma3:27b,data_pmus_yaounde,q4_2_b,Agent_73,15 30 MIN
4,4,4,4,4,gemma3:27b,data_pmus_yaounde,q4_3,Agent_73,750
4,3,4,4,4,gemma3:27b,data_pmus_yaounde,q4_4,Agent_73,ACTIVIT S DE LOISIRS
3,3,3,4,3,gemma3:27b,data_pmus_yaounde,q4_4_autres,Agent_73,SPORT ET VISITE AMICALE
5,3,4,4,4,gemma3:27b,data_pmus_yaounde,q5_1,Agent_73,ENTRE 18 ET 25 ANS
5,3,4,4,4,gemma3:27b,data_pmus_yaounde,q5_2,Agent_73,ENTRE 30 001 ET 100 000
4,4,4,4,4,gemma3:27b,data_pmus_yaounde,q5_3,Agent_73,HOMME
4,4,2,4,3,gemma3:27b,data_pmus_yaounde,centre ville,Agent_74,YAOUNDE
5,4,4,4,4,gemma3:27b,data_pmus_yaounde,q1_1,Agent_74,HORS DE LA VILLE DE YAOUNDE
4,4,3,4,4,gemma3:27b,data_pmus_yaounde,q1_1_a,Agent_74,ABIT
4,4,3,4,3,gemma3:27b,data_pmus_yaounde,q1_1_b,Agent_74,10EME ARRET
4,4,2,4,3,gemma3:27b,data_pmus_yaounde,q1_1_c,Agent_74,AFANOYA
5,4,4,4,4,gemma3:27b,data_pmus_yaounde,q1_2,Agent_74,UN QUARTIER DE LA VILLE DE YAOUNDE
4,4,4,4,4,gemma3:27b,data_pmus_yaounde,q1_2_a,Agent_74,EMANA
4,4,3,4,3,gemma3:27b,data_pmus_yaounde,q1_2_b,Agent_74,DESCENTE EMA BASILE
4,4,2,4,3,gemma3:27b,data_pmus_yaounde,q1_3_c,Agent_74,AFANOYA
4,3,4,4,3,gemma3:27b,data_pmus_yaounde,q2_1,Agent_74,PAR BUS STACY
4,4,2,4,3,gemma3:27b,data_pmus_yaounde,q2_2_1,Agent_74,2 CHEVEAU
4,4,2,4,3,gemma3:27b,data_pmus_yaounde,q2_2_2,Agent_74,ENTENE
4,4,2,4,3,gemma3:27b,data_pmus_yaounde,q2_3_1,Agent_74,0LESOA
4,4,2,4,3,gemma3:27b,data_pmus_yaounde,q2_3_2,Agent_74,0NANA
5,4,4,4,4,gemma3:27b,data_pmus_yaounde,q2_3,Agent_74,NON
4,4,2,4,3,gemma3:27b,data_pmus_yaounde,q2_4,Agent_74,PAR BUS STACY
4,4,2,4,3,gemma3:27b,data_pmus_yaounde,q2_5_1,Agent_74,A B0NAS
4,4,2,4,3,gemma3:27b,data_pmus_yaounde,q2_5_2,Agent_74,MARCHE MELEN
4,4,2,4,3,gemma3:27b,data_pmus_yaounde,q2_6_1,Agent_74,EMANA
4,4,2,4,3,gemma3:27b,data_pmus_yaounde,q2_6_2,Agent_74,UNIVERSITE
4,4,3,4,4,gemma3:27b,data_pmus_yaounde,q3_1,Agent_74,NON
4,3,4,4,3,gemma3:27b,data_pmus_yaounde,q3_2,Agent_74,PAR BUS STACY
4,4,3,4,3,gemma3:27b,data_pmus_yaounde,q3_3_1,Agent_74,ACACIA
4,4,2,4,3,gemma3:27b,data_pmus_yaounde,q3_3_2,Agent_74,ACACIA
5,4,2,5,2,gemma3:27b,data_pmus_yaounde,q4_1_a,Agent_74,Veuillez indiquer depuis combien de temps vous attendez.
4,3,3,4,4,gemma3:27b,data_pmus_yaounde,q4_1_b,Agent_74,MOINS DE 5 MIN
5,4,2,5,2,gemma3:27b,data_pmus_yaounde,q4_2_a,Agent_74,Veuillez indiquer depuis combien de temps vous attendez.
4,3,3,4,4,gemma3:27b,data_pmus_yaounde,q4_2_b,Agent_74,30 60 MIN
4,4,4,4,4,gemma3:27b,data_pmus_yaounde,q4_3,Agent_74,650
4,3,4,4,4,gemma3:27b,data_pmus_yaounde,q4_4,Agent_74,COURSES
3,3,3,4,3,gemma3:27b,data_pmus_yaounde,q4_4_autres,Agent_74,ETUDES
5,3,4,4,4,gemma3:27b,data_pmus_yaounde,q5_1,Agent_74,ENTRE 18 ET 25 ANS
5,3,4,4,4,gemma3:27b,data_pmus_yaounde,q5_2,Agent_74,ENTRE 30 001 ET 100 000
4,4,4,4,4,gemma3:27b,data_pmus_yaounde,q5_3,Agent_74,FEMME
4,4,2,4,3,gemma3:27b,data_pmus_yaounde,centre ville,Agent_75,YAOUNDE
5,4,4,4,4,gemma3:27b,data_pmus_yaounde,q1_1,Agent_75,HORS DE LA VILLE DE YAOUNDE
4,4,3,4,4,gemma3:27b,data_pmus_yaounde,q1_1_a,Agent_75,ABIT
4,4,3,4,3,gemma3:27b,data_pmus_yaounde,q1_1_b,Agent_75,10EME ARRET
4,4,2,4,3,gemma3:27b,data_pmus_yaounde,q1_1_c,Agent_75,AFANOYA
5,4,4,4,4,gemma3:27b,data_pmus_yaounde,q1_2,Agent_75,UN QUARTIER DE LA VILLE DE YAOUNDE
4,4,4,4,4,gemma3:27b,data_pmus_yaounde,q1_2_a,Agent_75,ABOM
4,4,3,4,3,gemma3:27b,data_pmus_yaounde,q1_2_b,Agent_75,GERGARMERI
4,4,2,4,3,gemma3:27b,data_pmus_yaounde,q1_3_c,Agent_75,AFANOYA
4,3,4,4,3,gemma3:27b,data_pmus_yaounde,q2_1,Agent_75,A PIED
4,4,2,4,3,gemma3:27b,data_pmus_yaounde,q2_2_1,Agent_75,2 CHEVEAU
1,1,1,1,3,gemma3:27b,data_pmus_yaounde,q2_2_2,Agent_75,nan
4,4,2,4,3,gemma3:27b,data_pmus_yaounde,q2_3_1,Agent_75,0LESOA
4,4,2,4,3,gemma3:27b,data_pmus_yaounde,q2_3_2,Agent_75,GERDARMERIE
5,4,4,4,4,gemma3:27b,data_pmus_yaounde,q2_3,Agent_75,NON
4,4,2,4,3,gemma3:27b,data_pmus_yaounde,q2_4,Agent_75,A PIED
4,4,2,4,3,gemma3:27b,data_pmus_yaounde,q2_5_1,Agent_75,EFOULAN
4,4,2,4,3,gemma3:27b,data_pmus_yaounde,q2_5_2,Agent_75,GENDARMERIE
4,4,2,4,3,gemma3:27b,data_pmus_yaounde,q2_6_1,Agent_75,ABATTOIR
4,4,2,4,3,gemma3:27b,data_pmus_yaounde,q2_6_2,Agent_75,GENDARMERIE
4,4,3,4,4,gemma3:27b,data_pmus_yaounde,q3_1,Agent_75,NON
4,3,4,4,3,gemma3:27b,data_pmus_yaounde,q3_2,Agent_75,PAR BUS STACY
4,4,3,4,3,gemma3:27b,data_pmus_yaounde,q3_3_1,Agent_75,ACACIA
4,4,2,4,3,gemma3:27b,data_pmus_yaounde,q3_3_2,Agent_75,ACACIA
5,4,2,5,2,gemma3:27b,data_pmus_yaounde,q4_1_a,Agent_75,Veuillez indiquer depuis combien de temps vous attendez.
4,3,3,4,4,gemma3:27b,data_pmus_yaounde,q4_1_b,Agent_75,MOINS DE 5 MIN
5,4,2,5,2,gemma3:27b,data_pmus_yaounde,q4_2_a,Agent_75,Veuillez indiquer depuis combien de temps vous attendez.
4,3,3,4,4,gemma3:27b,data_pmus_yaounde,q4_2_b,Agent_75,30 60 MIN
4,4,4,4,4,gemma3:27b,data_pmus_yaounde,q4_3,Agent_75,500
4,3,4,4,4,gemma3:27b,data_pmus_yaounde,q4_4,Agent_75,COURSES
3,3,3,4,3,gemma3:27b,data_pmus_yaounde,q4_4_autres,Agent_75,FAIRE DU MARCHE
5,3,4,4,4,gemma3:27b,data_pmus_yaounde,q5_1,Agent_75,MOINS DE 18 ANS
5,3,4,4,4,gemma3:27b,data_pmus_yaounde,q5_2,Agent_75,ENTRE 30 001 ET 100 000
4,4,4,4,4,gemma3:27b,data_pmus_yaounde,q5_3,Agent_75,FEMME
4,4,2,4,3,gemma3:27b,data_pmus_yaounde,centre ville,Agent_76,YAOUNDE
5,4,4,4,4,gemma3:27b,data_pmus_yaounde,q1_1,Agent_76,UN QUARTIER DE LA VILLE DE YAOUNDE
4,4,3,4,4,gemma3:27b,data_pmus_yaounde,q1_1_a,Agent_76,ETOUDI
4,4,3,4,3,gemma3:27b,data_pmus_yaounde,q1_1_b,Agent_76,HOTEL LE PARADIE
4,4,2,4,3,gemma3:27b,data_pmus_yaounde,q1_1_c,Agent_76,AFANOYA
5,4,4,4,4,gemma3:27b,data_pmus_yaounde,q1_2,Agent_76,HORS DE LA VILLE DE YAOUNDE
4,4,4,4,4,gemma3:27b,data_pmus_yaounde,q1_2_a,Agent_76,ABOM
4,4,3,4,3,gemma3:27b,data_pmus_yaounde,q1_2_b,Agent_76,CARREFOURHOTEL LE PARADIS
4,4,2,4,3,gemma3:27b,data_pmus_yaounde,q1_3_c,Agent_76,MBANKOLO
4,3,4,4,3,gemma3:27b,data_pmus_yaounde,q2_1,Agent_76,A PIED
4,4,2,4,3,gemma3:27b,data_pmus_yaounde,q2_2_1,Agent_76,HOPITAL GENERAL
4,4,2,4,3,gemma3:27b,data_pmus_yaounde,q2_2_2,Agent_76,ABATOIRE
4,4,2,4,3,gemma3:27b,data_pmus_yaounde,q2_3_1,Agent_76,ETOIDI
4,4,2,4,3,gemma3:27b,data_pmus_yaounde,q2_3_2,Agent_76,APRES LE COPMMISSARIAT
5,4,4,4,4,gemma3:27b,data_pmus_yaounde,q2_3,Agent_76,NON
4,4,2,4,3,gemma3:27b,data_pmus_yaounde,q2_4,Agent_76,PAR TAXI
4,4,2,4,3,gemma3:27b,data_pmus_yaounde,q2_5_1,Agent_76,A B0NAS
4,4,2,4,3,gemma3:27b,data_pmus_yaounde,q2_5_2,Agent_76,FABRIQUE
4,4,2,4,3,gemma3:27b,data_pmus_yaounde,q2_6_1,Agent_76,ABATTOIR
4,4,2,4,3,gemma3:27b,data_pmus_yaounde,q2_6_2,Agent_76,HOPITAL GENRERAL
4,4,3,4,4,gemma3:27b,data_pmus_yaounde,q3_1,Agent_76,NON
4,3,4,4,3,gemma3:27b,data_pmus_yaounde,q3_2,Agent_76,PAR TAXI
4,4,3,4,3,gemma3:27b,data_pmus_yaounde,q3_3_1,Agent_76,MBANKOLO
4,4,2,4,3,gemma3:27b,data_pmus_yaounde,q3_3_2,Agent_76,ROYAL HOTEL
5,4,2,5,2,gemma3:27b,data_pmus_yaounde,q4_1_a,Agent_76,Veuillez indiquer depuis combien de temps vous attendez.
4,3,3,4,4,gemma3:27b,data_pmus_yaounde,q4_1_b,Agent_76,MOINS DE 5 MIN
5,4,2,5,2,gemma3:27b,data_pmus_yaounde,q4_2_a,Agent_76,Veuillez indiquer depuis combien de temps vous attendez.
4,3,3,4,4,gemma3:27b,data_pmus_yaounde,q4_2_b,Agent_76,30 60 MIN
4,4,4,4,4,gemma3:27b,data_pmus_yaounde,q4_3,Agent_76,3500
4,3,4,4,4,gemma3:27b,data_pmus_yaounde,q4_4,Agent_76,VISITE FAMILLE
3,3,3,4,3,gemma3:27b,data_pmus_yaounde,q4_4_autres,Agent_76,ACHAT
5,3,4,4,4,gemma3:27b,data_pmus_yaounde,q5_1,Agent_76,ENTRE 36 ET 45 ANS
5,3,4,4,4,gemma3:27b,data_pmus_yaounde,q5_2,Agent_76,ENTRE 300 001 ET 500 000
4,4,4,4,4,gemma3:27b,data_pmus_yaounde,q5_3,Agent_76,FEMME
4,4,2,4,3,gemma3:27b,data_pmus_yaounde,centre ville,Agent_77,YAOUNDE
5,4,4,4,4,gemma3:27b,data_pmus_yaounde,q1_1,Agent_77,HORS DE LA VILLE DE YAOUNDE
4,4,3,4,4,gemma3:27b,data_pmus_yaounde,q1_1_a,Agent_77,MVAN
4,4,3,4,3,gemma3:27b,data_pmus_yaounde,q1_1_b,Agent_77,10EME ARRET
4,4,2,4,3,gemma3:27b,data_pmus_yaounde,q1_1_c,Agent_77,MVAN
5,4,4,4,4,gemma3:27b,data_pmus_yaounde,q1_2,Agent_77,UN QUARTIER DE LA VILLE DE YAOUNDE
4,4,4,4,4,gemma3:27b,data_pmus_yaounde,q1_2_a,Agent_77,EMMIA
4,4,3,4,3,gemma3:27b,data_pmus_yaounde,q1_2_b,Agent_77,10 IEME ARRET
4,4,2,4,3,gemma3:27b,data_pmus_yaounde,q1_3_c,Agent_77,AFANOYA
4,3,4,4,3,gemma3:27b,data_pmus_yaounde,q2_1,Agent_77,PAR BUS STACY
4,4,2,4,3,gemma3:27b,data_pmus_yaounde,q2_2_1,Agent_77,2 CHEVEAU
4,4,2,4,3,gemma3:27b,data_pmus_yaounde,q2_2_2,Agent_77,10 E ARRET
4,4,2,4,3,gemma3:27b,data_pmus_yaounde,q2_3_1,Agent_77,0LESOA
4,4,2,4,3,gemma3:27b,data_pmus_yaounde,q2_3_2,Agent_77,0NANA
5,4,4,4,4,gemma3:27b,data_pmus_yaounde,q2_3,Agent_77,NON
4,4,2,4,3,gemma3:27b,data_pmus_yaounde,q2_4,Agent_77,PAR BUS STACY
4,4,2,4,3,gemma3:27b,data_pmus_yaounde,q2_5_1,Agent_77,A B0NAS
4,4,2,4,3,gemma3:27b,data_pmus_yaounde,q2_5_2,Agent_77,CARREFOUR
4,4,2,4,3,gemma3:27b,data_pmus_yaounde,q2_6_1,Agent_77,ONANA
4,4,2,4,3,gemma3:27b,data_pmus_yaounde,q2_6_2,Agent_77,CAREFOURE
4,4,3,4,4,gemma3:27b,data_pmus_yaounde,q3_1,Agent_77,NON
4,3,4,4,3,gemma3:27b,data_pmus_yaounde,q3_2,Agent_77,PAR BUS STACY
4,4,3,4,3,gemma3:27b,data_pmus_yaounde,q3_3_1,Agent_77,EMIA
4,4,2,4,3,gemma3:27b,data_pmus_yaounde,q3_3_2,Agent_77,10 IEME ARRET
5,4,2,5,2,gemma3:27b,data_pmus_yaounde,q4_1_a,Agent_77,Veuillez indiquer depuis combien de temps vous attendez.
4,3,3,4,4,gemma3:27b,data_pmus_yaounde,q4_1_b,Agent_77,MOINS DE 5 MIN
5,4,2,5,2,gemma3:27b,data_pmus_yaounde,q4_2_a,Agent_77,Veuillez indiquer depuis combien de temps vous attendez.
4,3,3,4,4,gemma3:27b,data_pmus_yaounde,q4_2_b,Agent_77,30 60 MIN
4,4,4,4,4,gemma3:27b,data_pmus_yaounde,q4_3,Agent_77,2300
4,3,4,4,4,gemma3:27b,data_pmus_yaounde,q4_4,Agent_77,VISITE FAMILLE
3,3,3,4,3,gemma3:27b,data_pmus_yaounde,q4_4_autres,Agent_77,RENCONTRE
5,3,4,4,4,gemma3:27b,data_pmus_yaounde,q5_1,Agent_77,ENTRE 55ANS ET 64 ANS
5,3,4,4,4,gemma3:27b,data_pmus_yaounde,q5_2,Agent_77,ENTRE 30 001 ET 100 000
4,4,4,4,4,gemma3:27b,data_pmus_yaounde,q5_3,Agent_77,FEMME
4,4,2,4,3,gemma3:27b,data_pmus_yaounde,centre ville,Agent_78,YAOUNDE
5,4,4,4,4,gemma3:27b,data_pmus_yaounde,q1_1,Agent_78,HORS DE LA VILLE DE YAOUNDE
4,4,3,4,4,gemma3:27b,data_pmus_yaounde,q1_1_a,Agent_78,TSINGA
4,4,3,4,3,gemma3:27b,data_pmus_yaounde,q1_1_b,Agent_78,ENTREE CGATON
4,4,2,4,3,gemma3:27b,data_pmus_yaounde,q1_1_c,Agent_78,AFANOYA
5,4,4,4,4,gemma3:27b,data_pmus_yaounde,q1_2,Agent_78,UN QUARTIER DE LA VILLE DE YAOUNDE
4,4,4,4,4,gemma3:27b,data_pmus_yaounde,q1_2_a,Agent_78,ABOM
4,4,3,4,3,gemma3:27b,data_pmus_yaounde,q1_2_b,Agent_78,10 IEME ARRET
4,4,2,4,3,gemma3:27b,data_pmus_yaounde,q1_3_c,Agent_78,AFANOYA
4,3,4,4,3,gemma3:27b,data_pmus_yaounde,q2_1,Agent_78,PAR BUS STACY
4,4,2,4,3,gemma3:27b,data_pmus_yaounde,q2_2_1,Agent_78,GARE VOYAGEUR
4,4,2,4,3,gemma3:27b,data_pmus_yaounde,q2_2_2,Agent_78,10IEM ARRET
4,4,2,4,3,gemma3:27b,data_pmus_yaounde,q2_3_1,Agent_78,TSINGA
4,4,2,4,3,gemma3:27b,data_pmus_yaounde,q2_3_2,Agent_78,TSINGA
5,4,4,4,4,gemma3:27b,data_pmus_yaounde,q2_3,Agent_78,NON
4,4,2,4,3,gemma3:27b,data_pmus_yaounde,q2_4,Agent_78,PAR BUS STACY
4,4,2,4,3,gemma3:27b,data_pmus_yaounde,q2_5_1,Agent_78,FOGEROL
4,4,2,4,3,gemma3:27b,data_pmus_yaounde,q2_5_2,Agent_78,ENTREE FOURGEROL
4,4,2,4,3,gemma3:27b,data_pmus_yaounde,q2_6_1,Agent_78,TSINGA
4,4,2,4,3,gemma3:27b,data_pmus_yaounde,q2_6_2,Agent_78,11EME ARRET
4,4,3,4,4,gemma3:27b,data_pmus_yaounde,q3_1,Agent_78,NON
4,3,4,4,3,gemma3:27b,data_pmus_yaounde,q3_2,Agent_78,PAR BUS STACY
4,4,3,4,3,gemma3:27b,data_pmus_yaounde,q3_3_1,Agent_78,TERMINUS
4,4,2,4,3,gemma3:27b,data_pmus_yaounde,q3_3_2,Agent_78,TERMINUS
5,4,2,5,2,gemma3:27b,data_pmus_yaounde,q4_1_a,Agent_78,Veuillez indiquer depuis combien de temps vous attendez.
4,3,3,4,4,gemma3:27b,data_pmus_yaounde,q4_1_b,Agent_78,MOINS DE 5 MIN
5,4,2,5,2,gemma3:27b,data_pmus_yaounde,q4_2_a,Agent_78,Veuillez indiquer depuis combien de temps vous attendez.
4,3,3,4,4,gemma3:27b,data_pmus_yaounde,q4_2_b,Agent_78,30 60 MIN
4,4,4,4,4,gemma3:27b,data_pmus_yaounde,q4_3,Agent_78,800
4,3,4,4,4,gemma3:27b,data_pmus_yaounde,q4_4,Agent_78,VISITE FAMILLE
3,3,3,4,3,gemma3:27b,data_pmus_yaounde,q4_4_autres,Agent_78,ACHAT
5,3,4,4,4,gemma3:27b,data_pmus_yaounde,q5_1,Agent_78,ENTRE 26 ET 35 ANS
5,3,4,4,4,gemma3:27b,data_pmus_yaounde,q5_2,Agent_78,MOINS DE 30 000
4,4,4,4,4,gemma3:27b,data_pmus_yaounde,q5_3,Agent_78,FEMME
4,4,2,4,3,gemma3:27b,data_pmus_yaounde,centre ville,Agent_79,YAOUNDE
5,4,4,4,4,gemma3:27b,data_pmus_yaounde,q1_1,Agent_79,HORS DE LA VILLE DE YAOUNDE
4,4,3,4,4,gemma3:27b,data_pmus_yaounde,q1_1_a,Agent_79,ABIT
4,4,3,4,3,gemma3:27b,data_pmus_yaounde,q1_1_b,Agent_79,10EME ARRET
4,4,2,4,3,gemma3:27b,data_pmus_yaounde,q1_1_c,Agent_79,AFANOYA
5,4,4,4,4,gemma3:27b,data_pmus_yaounde,q1_2,Agent_79,UN QUARTIER DE LA VILLE DE YAOUNDE
4,4,4,4,4,gemma3:27b,data_pmus_yaounde,q1_2_a,Agent_79,ETOA MEKI
4,4,3,4,3,gemma3:27b,data_pmus_yaounde,q1_2_b,Agent_79,BARRIERE
4,4,2,4,3,gemma3:27b,data_pmus_yaounde,q1_3_c,Agent_79,AFANOYA
4,3,4,4,3,gemma3:27b,data_pmus_yaounde,q2_1,Agent_79,PAR BUS STACY
4,4,2,4,3,gemma3:27b,data_pmus_yaounde,q2_2_1,Agent_79,CARREFOUR MBALA DEUX
4,4,2,4,3,gemma3:27b,data_pmus_yaounde,q2_2_2,Agent_79,CARREFOURJAMO
4,4,2,4,3,gemma3:27b,data_pmus_yaounde,q2_3_1,Agent_79,BARRIERE
4,4,2,4,3,gemma3:27b,data_pmus_yaounde,q2_3_2,Agent_79,STATION TRADEX
5,4,4,4,4,gemma3:27b,data_pmus_yaounde,q2_3,Agent_79,NON
4,4,2,4,3,gemma3:27b,data_pmus_yaounde,q2_4,Agent_79,PAR BUS STACY
4,4,2,4,3,gemma3:27b,data_pmus_yaounde,q2_5_1,Agent_79,BARRIERE
4,4,2,4,3,gemma3:27b,data_pmus_yaounde,q2_5_2,Agent_79,0MPHINE
4,4,2,4,3,gemma3:27b,data_pmus_yaounde,q2_6_1,Agent_79,BARRIERE
4,4,2,4,3,gemma3:27b,data_pmus_yaounde,q2_6_2,Agent_79,11EME ARRET
4,4,3,4,4,gemma3:27b,data_pmus_yaounde,q3_1,Agent_79,NON
4,3,4,4,3,gemma3:27b,data_pmus_yaounde,q3_2,Agent_79,PAR BUS STACY
4,4,3,4,3,gemma3:27b,data_pmus_yaounde,q3_3_1,Agent_79,BARRIERE
4,4,2,4,3,gemma3:27b,data_pmus_yaounde,q3_3_2,Agent_79,TRADEX
5,4,2,5,2,gemma3:27b,data_pmus_yaounde,q4_1_a,Agent_79,Veuillez indiquer depuis combien de temps vous attendez.
4,3,3,4,4,gemma3:27b,data_pmus_yaounde,q4_1_b,Agent_79,MOINS DE 5 MIN
5,4,2,5,2,gemma3:27b,data_pmus_yaounde,q4_2_a,Agent_79,Veuillez indiquer depuis combien de temps vous attendez.
4,3,3,4,4,gemma3:27b,data_pmus_yaounde,q4_2_b,Agent_79,30 60 MIN
4,4,4,4,4,gemma3:27b,data_pmus_yaounde,q4_3,Agent_79,750
4,3,4,4,4,gemma3:27b,data_pmus_yaounde,q4_4,Agent_79,TRAVAIL
3,3,3,4,3,gemma3:27b,data_pmus_yaounde,q4_4_autres,Agent_79,ACHAT
5,3,4,4,4,gemma3:27b,data_pmus_yaounde,q5_1,Agent_79,MOINS DE 18 ANS
5,3,4,4,4,gemma3:27b,data_pmus_yaounde,q5_2,Agent_79,MOINS DE 30 000
4,4,4,4,4,gemma3:27b,data_pmus_yaounde,q5_3,Agent_79,HOMME
4,4,2,4,3,gemma3:27b,data_pmus_yaounde,centre ville,Agent_80,YAOUNDE
5,4,4,4,4,gemma3:27b,data_pmus_yaounde,q1_1,Agent_80,UN QUARTIER DE LA VILLE DE YAOUNDE
4,4,3,4,4,gemma3:27b,data_pmus_yaounde,q1_1_a,Agent_80,NKO NDONGO
4,4,3,4,3,gemma3:27b,data_pmus_yaounde,q1_1_b,Agent_80,10EME ARRET
4,4,2,4,3,gemma3:27b,data_pmus_yaounde,q1_1_c,Agent_80,AFANOYA
5,4,4,4,4,gemma3:27b,data_pmus_yaounde,q1_2,Agent_80,UN QUARTIER DE LA VILLE DE YAOUNDE
4,4,4,4,4,gemma3:27b,data_pmus_yaounde,q1_2_a,Agent_80,NKO NDONGO
4,4,3,4,3,gemma3:27b,data_pmus_yaounde,q1_2_b,Agent_80,10 IEME ARRET
4,4,2,4,3,gemma3:27b,data_pmus_yaounde,q1_3_c,Agent_80,AFANOYA
4,3,4,4,3,gemma3:27b,data_pmus_yaounde,q2_1,Agent_80,A PIED
4,4,2,4,3,gemma3:27b,data_pmus_yaounde,q2_2_1,Agent_80,NKO NDONGO
4,4,2,4,3,gemma3:27b,data_pmus_yaounde,q2_2_2,Agent_80,10 E ARRET
4,4,2,4,3,gemma3:27b,data_pmus_yaounde,q2_3_1,Agent_80,NKO NDONGO
4,4,2,4,3,gemma3:27b,data_pmus_yaounde,q2_3_2,Agent_80,ENTREE CITEE DE LA PAIX
5,4,4,4,4,gemma3:27b,data_pmus_yaounde,q2_3,Agent_80,NON
4,4,2,4,3,gemma3:27b,data_pmus_yaounde,q2_4,Agent_80,PAR BUS STACY
4,4,2,4,3,gemma3:27b,data_pmus_yaounde,q2_5_1,Agent_80,CARREFOUR NSSIMEYONG
4,4,2,4,3,gemma3:27b,data_pmus_yaounde,q2_5_2,Agent_80,0MPHINE
4,4,2,4,3,gemma3:27b,data_pmus_yaounde,q2_6_1,Agent_80,NKOL FOULOU
4,4,2,4,3,gemma3:27b,data_pmus_yaounde,q2_6_2,Agent_80,BUCAS VOYAGE
4,4,3,4,4,gemma3:27b,data_pmus_yaounde,q3_1,Agent_80,NON
4,3,4,4,3,gemma3:27b,data_pmus_yaounde,q3_2,Agent_80,PAR BUS STACY
4,4,3,4,3,gemma3:27b,data_pmus_yaounde,q3_3_1,Agent_80,NKOLBISSON
4,4,2,4,3,gemma3:27b,data_pmus_yaounde,q3_3_2,Agent_80,RONDPOINT
5,4,2,5,2,gemma3:27b,data_pmus_yaounde,q4_1_a,Agent_80,Veuillez indiquer depuis combien de temps vous attendez.
4,3,3,4,4,gemma3:27b,data_pmus_yaounde,q4_1_b,Agent_80,MOINS DE 5 MIN
5,4,2,5,2,gemma3:27b,data_pmus_yaounde,q4_2_a,Agent_80,Veuillez indiquer depuis combien de temps vous attendez.
4,3,3,4,4,gemma3:27b,data_pmus_yaounde,q4_2_b,Agent_80,30 60 MIN
4,4,4,4,4,gemma3:27b,data_pmus_yaounde,q4_3,Agent_80,550
4,3,4,4,4,gemma3:27b,data_pmus_yaounde,q4_4,Agent_80,COURSES
3,3,3,4,3,gemma3:27b,data_pmus_yaounde,q4_4_autres,Agent_80,FAIRE DU MARCHE
5,3,4,4,4,gemma3:27b,data_pmus_yaounde,q5_1,Agent_80,ENTRE 18 ET 25 ANS
5,3,4,4,4,gemma3:27b,data_pmus_yaounde,q5_2,Agent_80,MOINS DE 30 000
4,4,4,4,4,gemma3:27b,data_pmus_yaounde,q5_3,Agent_80,FEMME
4,4,2,4,3,gemma3:27b,data_pmus_yaounde,centre ville,Agent_81,YAOUNDE
5,4,4,4,4,gemma3:27b,data_pmus_yaounde,q1_1,Agent_81,UN QUARTIER DE LA VILLE DE YAOUNDE
4,4,3,4,4,gemma3:27b,data_pmus_yaounde,q1_1_a,Agent_81,ABIT
4,4,3,4,3,gemma3:27b,data_pmus_yaounde,q1_1_b,Agent_81,NSIMEYONG
4,4,2,4,3,gemma3:27b,data_pmus_yaounde,q1_1_c,Agent_81,AFANOYA
5,4,4,4,4,gemma3:27b,data_pmus_yaounde,q1_2,Agent_81,UN QUARTIER DE LA VILLE DE YAOUNDE
4,4,4,4,4,gemma3:27b,data_pmus_yaounde,q1_2_a,Agent_81,NSIMEYONG
4,4,3,4,3,gemma3:27b,data_pmus_yaounde,q1_2_b,Agent_81,10 IEME ARRET
4,4,2,4,3,gemma3:27b,data_pmus_yaounde,q1_3_c,Agent_81,AFANOYA
4,3,4,4,3,gemma3:27b,data_pmus_yaounde,q2_1,Agent_81,A PIED
4,4,2,4,3,gemma3:27b,data_pmus_yaounde,q2_2_1,Agent_81,SIMBOCK
4,4,2,4,3,gemma3:27b,data_pmus_yaounde,q2_2_2,Agent_81,10 E ARRET
4,4,2,4,3,gemma3:27b,data_pmus_yaounde,q2_3_1,Agent_81,ENTREE SIMBOCK
4,4,2,4,3,gemma3:27b,data_pmus_yaounde,q2_3_2,Agent_81,CHAPPELLE
5,4,4,4,4,gemma3:27b,data_pmus_yaounde,q2_3,Agent_81,OUI
4,4,2,4,3,gemma3:27b,data_pmus_yaounde,q2_4,Agent_81,PAR TAXI
4,4,2,4,3,gemma3:27b,data_pmus_yaounde,q2_5_1,Agent_81,A B0NAS
4,4,2,4,3,gemma3:27b,data_pmus_yaounde,q2_5_2,Agent_81,TERMINUS
4,4,2,4,3,gemma3:27b,data_pmus_yaounde,q2_6_1,Agent_81,ABATTOIR
4,4,2,4,3,gemma3:27b,data_pmus_yaounde,q2_6_2,Agent_81,11EME ARRET
4,4,3,4,4,gemma3:27b,data_pmus_yaounde,q3_1,Agent_81,NON
4,3,4,4,3,gemma3:27b,data_pmus_yaounde,q3_2,Agent_81,PAR TAXI
4,4,3,4,3,gemma3:27b,data_pmus_yaounde,q3_3_1,Agent_81,SIMEYONG SHELL
4,4,2,4,3,gemma3:27b,data_pmus_yaounde,q3_3_2,Agent_81,ENTREE CITE DE LA PAIX
5,4,2,5,2,gemma3:27b,data_pmus_yaounde,q4_1_a,Agent_81,Veuillez indiquer depuis combien de temps vous attendez.
4,3,3,4,4,gemma3:27b,data_pmus_yaounde,q4_1_b,Agent_81,MOINS DE 5 MIN
5,4,2,5,2,gemma3:27b,data_pmus_yaounde,q4_2_a,Agent_81,Veuillez indiquer depuis combien de temps vous attendez.
4,3,3,4,4,gemma3:27b,data_pmus_yaounde,q4_2_b,Agent_81,15 30 MIN
4,4,4,4,4,gemma3:27b,data_pmus_yaounde,q4_3,Agent_81,600
4,3,4,4,4,gemma3:27b,data_pmus_yaounde,q4_4,Agent_81,D MARCHES ADMINISTRATIVES ET OU SANT
3,3,3,4,3,gemma3:27b,data_pmus_yaounde,q4_4_autres,Agent_81,SCOLARITE
5,3,4,4,4,gemma3:27b,data_pmus_yaounde,q5_1,Agent_81,ENTRE 36 ET 45 ANS
5,3,4,4,4,gemma3:27b,data_pmus_yaounde,q5_2,Agent_81,ENTRE 300 001 ET 500 000
4,4,4,4,4,gemma3:27b,data_pmus_yaounde,q5_3,Agent_81,FEMME
4,4,2,4,3,gemma3:27b,data_pmus_yaounde,centre ville,Agent_82,YAOUNDE
5,4,4,4,4,gemma3:27b,data_pmus_yaounde,q1_1,Agent_82,HORS DE LA VILLE DE YAOUNDE
4,4,3,4,4,gemma3:27b,data_pmus_yaounde,q1_1_a,Agent_82,TERMINUS
4,4,3,4,3,gemma3:27b,data_pmus_yaounde,q1_1_b,Agent_82,10EME ARRET
4,4,2,4,3,gemma3:27b,data_pmus_yaounde,q1_1_c,Agent_82,NGOUMOU
5,4,4,4,4,gemma3:27b,data_pmus_yaounde,q1_2,Agent_82,HORS DE LA VILLE DE YAOUNDE
4,4,4,4,4,gemma3:27b,data_pmus_yaounde,q1_2_a,Agent_82,ABOM
4,4,3,4,3,gemma3:27b,data_pmus_yaounde,q1_2_b,Agent_82,CARREFOUR
4,4,2,4,3,gemma3:27b,data_pmus_yaounde,q1_3_c,Agent_82,NGOUMOU
4,3,4,4,3,gemma3:27b,data_pmus_yaounde,q2_1,Agent_82,PAR BUS STACY
4,4,2,4,3,gemma3:27b,data_pmus_yaounde,q2_2_1,Agent_82,AHALA
4,4,2,4,3,gemma3:27b,data_pmus_yaounde,q2_2_2,Agent_82,10 E ARRET
4,4,2,4,3,gemma3:27b,data_pmus_yaounde,q2_3_1,Agent_82,AHALA
4,4,2,4,3,gemma3:27b,data_pmus_yaounde,q2_3_2,Agent_82,0NANA
5,4,4,4,4,gemma3:27b,data_pmus_yaounde,q2_3,Agent_82,NON
4,4,2,4,3,gemma3:27b,data_pmus_yaounde,q2_4,Agent_82,PAR BUS STACY
4,4,2,4,3,gemma3:27b,data_pmus_yaounde,q2_5_1,Agent_82,TERMINUS
4,4,2,4,3,gemma3:27b,data_pmus_yaounde,q2_5_2,Agent_82,TERMINUS
4,4,2,4,3,gemma3:27b,data_pmus_yaounde,q2_6_1,Agent_82,ABATTOIR
4,4,2,4,3,gemma3:27b,data_pmus_yaounde,q2_6_2,Agent_82,11EME ARRET
4,4,3,4,4,gemma3:27b,data_pmus_yaounde,q3_1,Agent_82,NON
4,3,4,4,3,gemma3:27b,data_pmus_yaounde,q3_2,Agent_82,PAR BUS STACY
4,4,3,4,3,gemma3:27b,data_pmus_yaounde,q3_3_1,Agent_82,TERMINUS
4,4,2,4,3,gemma3:27b,data_pmus_yaounde,q3_3_2,Agent_82,ECHANGEUR
5,4,2,5,2,gemma3:27b,data_pmus_yaounde,q4_1_a,Agent_82,Veuillez indiquer depuis combien de temps vous attendez.
4,3,3,4,4,gemma3:27b,data_pmus_yaounde,q4_1_b,Agent_82,MOINS DE 5 MIN
5,4,2,5,2,gemma3:27b,data_pmus_yaounde,q4_2_a,Agent_82,Veuillez indiquer depuis combien de temps vous attendez.
4,3,3,4,4,gemma3:27b,data_pmus_yaounde,q4_2_b,Agent_82,30 60 MIN
4,4,4,4,4,gemma3:27b,data_pmus_yaounde,q4_3,Agent_82,850
4,3,4,4,4,gemma3:27b,data_pmus_yaounde,q4_4,Agent_82,SPORTIVES
3,3,3,4,3,gemma3:27b,data_pmus_yaounde,q4_4_autres,Agent_82,MATCH
5,3,4,4,4,gemma3:27b,data_pmus_yaounde,q5_1,Agent_82,ENTRE 18 ET 25 ANS
5,3,4,4,4,gemma3:27b,data_pmus_yaounde,q5_2,Agent_82,ENTRE 30 001 ET 100 000
4,4,4,4,4,gemma3:27b,data_pmus_yaounde,q5_3,Agent_82,HOMME
4,4,2,4,3,gemma3:27b,data_pmus_yaounde,centre ville,Agent_83,YAOUNDE
5,4,4,4,4,gemma3:27b,data_pmus_yaounde,q1_1,Agent_83,HORS DE LA VILLE DE YAOUNDE
4,4,3,4,4,gemma3:27b,data_pmus_yaounde,q1_1_a,Agent_83,ABIT
4,4,3,4,3,gemma3:27b,data_pmus_yaounde,q1_1_b,Agent_83,PONT EFOULAN
4,4,2,4,3,gemma3:27b,data_pmus_yaounde,q1_1_c,Agent_83,AFANOYA
5,4,4,4,4,gemma3:27b,data_pmus_yaounde,q1_2,Agent_83,UN QUARTIER DE LA VILLE DE YAOUNDE
4,4,4,4,4,gemma3:27b,data_pmus_yaounde,q1_2_a,Agent_83,ABOM
4,4,3,4,3,gemma3:27b,data_pmus_yaounde,q1_2_b,Agent_83,10 IEME ARRET
4,4,2,4,3,gemma3:27b,data_pmus_yaounde,q1_3_c,Agent_83,AFANOYA
4,3,4,4,3,gemma3:27b,data_pmus_yaounde,q2_1,Agent_83,PAR BUS STACY
4,4,2,4,3,gemma3:27b,data_pmus_yaounde,q2_2_1,Agent_83,2 CHEVEAU
4,4,2,4,3,gemma3:27b,data_pmus_yaounde,q2_2_2,Agent_83,NII
4,4,2,4,3,gemma3:27b,data_pmus_yaounde,q2_3_1,Agent_83,0LESOA
4,4,2,4,3,gemma3:27b,data_pmus_yaounde,q2_3_2,Agent_83,0NANA
5,4,4,4,4,gemma3:27b,data_pmus_yaounde,q2_3,Agent_83,NON
4,4,2,4,3,gemma3:27b,data_pmus_yaounde,q2_4,Agent_83,PAR BUS STACY
4,4,2,4,3,gemma3:27b,data_pmus_yaounde,q2_5_1,Agent_83,A B0NAS
4,4,2,4,3,gemma3:27b,data_pmus_yaounde,q2_5_2,Agent_83,0MPHINE
4,4,2,4,3,gemma3:27b,data_pmus_yaounde,q2_6_1,Agent_83,ABATTOIR
4,4,2,4,3,gemma3:27b,data_pmus_yaounde,q2_6_2,Agent_83,MARCHE
4,4,3,4,4,gemma3:27b,data_pmus_yaounde,q3_1,Agent_83,NON
4,3,4,4,3,gemma3:27b,data_pmus_yaounde,q3_2,Agent_83,PAR BUS STACY
4,4,3,4,3,gemma3:27b,data_pmus_yaounde,q3_3_1,Agent_83,BIYEM ASSI
4,4,2,4,3,gemma3:27b,data_pmus_yaounde,q3_3_2,Agent_83,10 IEME ARRET
5,4,2,5,2,gemma3:27b,data_pmus_yaounde,q4_1_a,Agent_83,Veuillez indiquer depuis combien de temps vous attendez.
4,3,3,4,4,gemma3:27b,data_pmus_yaounde,q4_1_b,Agent_83,MOINS DE 5 MIN
5,4,2,5,2,gemma3:27b,data_pmus_yaounde,q4_2_a,Agent_83,Veuillez indiquer depuis combien de temps vous attendez.
4,3,3,4,4,gemma3:27b,data_pmus_yaounde,q4_2_b,Agent_83,30 60 MIN
4,4,4,4,4,gemma3:27b,data_pmus_yaounde,q4_3,Agent_83,500
4,3,4,4,4,gemma3:27b,data_pmus_yaounde,q4_4,Agent_83,COURSES
3,3,3,4,3,gemma3:27b,data_pmus_yaounde,q4_4_autres,Agent_83,FAIRE DU MARCHE
5,3,4,4,4,gemma3:27b,data_pmus_yaounde,q5_1,Agent_83,ENTRE 18 ET 25 ANS
5,3,4,4,4,gemma3:27b,data_pmus_yaounde,q5_2,Agent_83,MOINS DE 30 000
4,4,4,4,4,gemma3:27b,data_pmus_yaounde,q5_3,Agent_83,HOMME
4,4,2,4,3,gemma3:27b,data_pmus_yaounde,centre ville,Agent_84,YAOUNDE
5,4,4,4,4,gemma3:27b,data_pmus_yaounde,q1_1,Agent_84,HORS DE LA VILLE DE YAOUNDE
4,4,3,4,4,gemma3:27b,data_pmus_yaounde,q1_1_a,Agent_84,ABIT
4,4,3,4,3,gemma3:27b,data_pmus_yaounde,q1_1_b,Agent_84,PALAIS DE JUSTICE
4,4,2,4,3,gemma3:27b,data_pmus_yaounde,q1_1_c,Agent_84,AFANOYA
5,4,4,4,4,gemma3:27b,data_pmus_yaounde,q1_2,Agent_84,UN QUARTIER DE LA VILLE DE YAOUNDE
4,4,4,4,4,gemma3:27b,data_pmus_yaounde,q1_2_a,Agent_84,ABOM
4,4,3,4,3,gemma3:27b,data_pmus_yaounde,q1_2_b,Agent_84,10 IEME ARRET
4,4,2,4,3,gemma3:27b,data_pmus_yaounde,q1_3_c,Agent_84,DJOUM
4,3,4,4,3,gemma3:27b,data_pmus_yaounde,q2_1,Agent_84,PAR BUS STACY
4,4,2,4,3,gemma3:27b,data_pmus_yaounde,q2_2_1,Agent_84,2 CHEVEAU
4,4,2,4,3,gemma3:27b,data_pmus_yaounde,q2_2_2,Agent_84,DEPOT DE GAZ
4,4,2,4,3,gemma3:27b,data_pmus_yaounde,q2_3_1,Agent_84,0LESOA
4,4,2,4,3,gemma3:27b,data_pmus_yaounde,q2_3_2,Agent_84,0NANA
5,4,4,4,4,gemma3:27b,data_pmus_yaounde,q2_3,Agent_84,NON
4,4,2,4,3,gemma3:27b,data_pmus_yaounde,q2_4,Agent_84,PAR BUS STACY
4,4,2,4,3,gemma3:27b,data_pmus_yaounde,q2_5_1,Agent_84,A B0NAS
4,4,2,4,3,gemma3:27b,data_pmus_yaounde,q2_5_2,Agent_84,STATION
4,4,2,4,3,gemma3:27b,data_pmus_yaounde,q2_6_1,Agent_84,ABATTOIR
4,4,2,4,3,gemma3:27b,data_pmus_yaounde,q2_6_2,Agent_84,AVANT LYCEE
4,4,3,4,4,gemma3:27b,data_pmus_yaounde,q3_1,Agent_84,NON
4,3,4,4,3,gemma3:27b,data_pmus_yaounde,q3_2,Agent_84,PAR BUS STACY
4,4,3,4,3,gemma3:27b,data_pmus_yaounde,q3_3_1,Agent_84,PALAIS DE JUSTICE
4,4,2,4,3,gemma3:27b,data_pmus_yaounde,q3_3_2,Agent_84,CARRIR
5,4,2,5,2,gemma3:27b,data_pmus_yaounde,q4_1_a,Agent_84,Veuillez indiquer depuis combien de temps vous attendez.
4,3,3,4,4,gemma3:27b,data_pmus_yaounde,q4_1_b,Agent_84,MOINS DE 5 MIN
5,4,2,5,2,gemma3:27b,data_pmus_yaounde,q4_2_a,Agent_84,Veuillez indiquer depuis combien de temps vous attendez.
4,3,3,4,4,gemma3:27b,data_pmus_yaounde,q4_2_b,Agent_84,15 30 MIN
4,4,4,4,4,gemma3:27b,data_pmus_yaounde,q4_3,Agent_84,800
4,3,4,4,4,gemma3:27b,data_pmus_yaounde,q4_4,Agent_84,COURSES
3,3,3,4,3,gemma3:27b,data_pmus_yaounde,q4_4_autres,Agent_84,FAIRE DES ACHATS
5,3,4,4,4,gemma3:27b,data_pmus_yaounde,q5_1,Agent_84,MOINS DE 18 ANS
5,3,4,4,4,gemma3:27b,data_pmus_yaounde,q5_2,Agent_84,MOINS DE 30 000
4,4,4,4,4,gemma3:27b,data_pmus_yaounde,q5_3,Agent_84,FEMME
4,4,2,4,3,gemma3:27b,data_pmus_yaounde,centre ville,Agent_85,YAOUNDE
5,4,4,4,4,gemma3:27b,data_pmus_yaounde,q1_1,Agent_85,UN QUARTIER DE LA VILLE DE YAOUNDE
4,4,3,4,4,gemma3:27b,data_pmus_yaounde,q1_1_a,Agent_85,ABIT
4,4,3,4,3,gemma3:27b,data_pmus_yaounde,q1_1_b,Agent_85,FANTA CITRON
4,4,2,4,3,gemma3:27b,data_pmus_yaounde,q1_1_c,Agent_85,AFANOYA
5,4,4,4,4,gemma3:27b,data_pmus_yaounde,q1_2,Agent_85,UN QUARTIER DE LA VILLE DE YAOUNDE
4,4,4,4,4,gemma3:27b,data_pmus_yaounde,q1_2_a,Agent_85,ABOM
4,4,3,4,3,gemma3:27b,data_pmus_yaounde,q1_2_b,Agent_85,CITRON
4,4,2,4,3,gemma3:27b,data_pmus_yaounde,q1_3_c,Agent_85,DOUALA
4,3,4,4,3,gemma3:27b,data_pmus_yaounde,q2_1,Agent_85,PAR BUS STACY
4,4,2,4,3,gemma3:27b,data_pmus_yaounde,q2_2_1,Agent_85,NGOUSSO
4,4,2,4,3,gemma3:27b,data_pmus_yaounde,q2_2_2,Agent_85,10 E ARRET
4,4,2,4,3,gemma3:27b,data_pmus_yaounde,q2_3_1,Agent_85,0LESOA
4,4,2,4,3,gemma3:27b,data_pmus_yaounde,q2_3_2,Agent_85,UNIVERSITE
5,4,4,4,4,gemma3:27b,data_pmus_yaounde,q2_3,Agent_85,NON
4,4,2,4,3,gemma3:27b,data_pmus_yaounde,q2_4,Agent_85,PAR BUS STACY
4,4,2,4,3,gemma3:27b,data_pmus_yaounde,q2_5_1,Agent_85,A B0NAS
4,4,2,4,3,gemma3:27b,data_pmus_yaounde,q2_5_2,Agent_85,CAMPUS UNIVERSITAIRE
4,4,2,4,3,gemma3:27b,data_pmus_yaounde,q2_6_1,Agent_85,ABATTOIR
4,4,2,4,3,gemma3:27b,data_pmus_yaounde,q2_6_2,Agent_85,ABOM
4,4,3,4,4,gemma3:27b,data_pmus_yaounde,q3_1,Agent_85,NON
4,3,4,4,3,gemma3:27b,data_pmus_yaounde,q3_2,Agent_85,PAR BUS STACY
4,4,3,4,3,gemma3:27b,data_pmus_yaounde,q3_3_1,Agent_85,ACACIA
4,4,2,4,3,gemma3:27b,data_pmus_yaounde,q3_3_2,Agent_85,MAR CHE CENTRALE
5,4,2,5,2,gemma3:27b,data_pmus_yaounde,q4_1_a,Agent_85,Veuillez indiquer depuis combien de temps vous attendez.
4,3,3,4,4,gemma3:27b,data_pmus_yaounde,q4_1_b,Agent_85,MOINS DE 5 MIN
5,4,2,5,2,gemma3:27b,data_pmus_yaounde,q4_2_a,Agent_85,Veuillez indiquer depuis combien de temps vous attendez.
4,3,3,4,4,gemma3:27b,data_pmus_yaounde,q4_2_b,Agent_85,30 60 MIN
4,4,4,4,4,gemma3:27b,data_pmus_yaounde,q4_3,Agent_85,750
4,3,4,4,4,gemma3:27b,data_pmus_yaounde,q4_4,Agent_85,COURSES
3,3,3,4,3,gemma3:27b,data_pmus_yaounde,q4_4_autres,Agent_85,ETUDES
5,3,4,4,4,gemma3:27b,data_pmus_yaounde,q5_1,Agent_85,ENTRE 18 ET 25 ANS
5,3,4,4,4,gemma3:27b,data_pmus_yaounde,q5_2,Agent_85,ENTRE 30 001 ET 100 000
4,4,4,4,4,gemma3:27b,data_pmus_yaounde,q5_3,Agent_85,FEMME
4,4,2,4,3,gemma3:27b,data_pmus_yaounde,centre ville,Agent_86,YAOUNDE
5,4,4,4,4,gemma3:27b,data_pmus_yaounde,q1_1,Agent_86,HORS DE LA VILLE DE YAOUNDE
4,4,3,4,4,gemma3:27b,data_pmus_yaounde,q1_1_a,Agent_86,AWAE ESCALIER
4,4,3,4,3,gemma3:27b,data_pmus_yaounde,q1_1_b,Agent_86,BCS
4,4,2,4,3,gemma3:27b,data_pmus_yaounde,q1_1_c,Agent_86,AWAE
5,4,4,4,4,gemma3:27b,data_pmus_yaounde,q1_2,Agent_86,UN QUARTIER DE LA VILLE DE YAOUNDE
4,4,4,4,4,gemma3:27b,data_pmus_yaounde,q1_2_a,Agent_86,NKOA MBANG
4,4,3,4,3,gemma3:27b,data_pmus_yaounde,q1_2_b,Agent_86,NKOA MBANG
4,4,2,4,3,gemma3:27b,data_pmus_yaounde,q1_3_c,Agent_86,KRIBI
4,3,4,4,3,gemma3:27b,data_pmus_yaounde,q2_1,Agent_86,PAR BUS STACY
4,4,2,4,3,gemma3:27b,data_pmus_yaounde,q2_2_1,Agent_86,2 CHEVEAU
4,4,2,4,3,gemma3:27b,data_pmus_yaounde,q2_2_2,Agent_86,BIYEMASSA
4,4,2,4,3,gemma3:27b,data_pmus_yaounde,q2_3_1,Agent_86,NKOA MBANG
4,4,2,4,3,gemma3:27b,data_pmus_yaounde,q2_3_2,Agent_86,NKOA MBANG
5,4,4,4,4,gemma3:27b,data_pmus_yaounde,q2_3,Agent_86,NON
4,4,2,4,3,gemma3:27b,data_pmus_yaounde,q2_4,Agent_86,A PIED
4,4,2,4,3,gemma3:27b,data_pmus_yaounde,q2_5_1,Agent_86,A B0NAS
4,4,2,4,3,gemma3:27b,data_pmus_yaounde,q2_5_2,Agent_86,0MPHINE
4,4,2,4,3,gemma3:27b,data_pmus_yaounde,q2_6_1,Agent_86,TRADEX
4,4,2,4,3,gemma3:27b,data_pmus_yaounde,q2_6_2,Agent_86,TRADEX
4,4,3,4,4,gemma3:27b,data_pmus_yaounde,q3_1,Agent_86,NON
4,3,4,4,3,gemma3:27b,data_pmus_yaounde,q3_2,Agent_86,PAR BUS STACY
4,4,3,4,3,gemma3:27b,data_pmus_yaounde,q3_3_1,Agent_86,TERMINUS
4,4,2,4,3,gemma3:27b,data_pmus_yaounde,q3_3_2,Agent_86,TERMINUS
5,4,2,5,2,gemma3:27b,data_pmus_yaounde,q4_1_a,Agent_86,Veuillez indiquer depuis combien de temps vous attendez.
4,3,3,4,4,gemma3:27b,data_pmus_yaounde,q4_1_b,Agent_86,MOINS DE 5 MIN
5,4,2,5,2,gemma3:27b,data_pmus_yaounde,q4_2_a,Agent_86,Veuillez indiquer depuis combien de temps vous attendez.
4,3,3,4,4,gemma3:27b,data_pmus_yaounde,q4_2_b,Agent_86,30 60 MIN
4,4,4,4,4,gemma3:27b,data_pmus_yaounde,q4_3,Agent_86,700
4,3,4,4,4,gemma3:27b,data_pmus_yaounde,q4_4,Agent_86,TRAVAIL
3,3,3,4,3,gemma3:27b,data_pmus_yaounde,q4_4_autres,Agent_86,ACHAT
5,3,4,4,4,gemma3:27b,data_pmus_yaounde,q5_1,Agent_86,ENTRE 18 ET 25 ANS
5,3,4,4,4,gemma3:27b,data_pmus_yaounde,q5_2,Agent_86,ENTRE 300 001 ET 500 000
4,4,4,4,4,gemma3:27b,data_pmus_yaounde,q5_3,Agent_86,HOMME
4,4,2,4,3,gemma3:27b,data_pmus_yaounde,centre ville,Agent_87,YAOUNDE
5,4,4,4,4,gemma3:27b,data_pmus_yaounde,q1_1,Agent_87,HORS DE LA VILLE DE YAOUNDE
4,4,3,4,4,gemma3:27b,data_pmus_yaounde,q1_1_a,Agent_87,NKOZOA
4,4,3,4,3,gemma3:27b,data_pmus_yaounde,q1_1_b,Agent_87,10EME ARRET
4,4,2,4,3,gemma3:27b,data_pmus_yaounde,q1_1_c,Agent_87,AFANOYA
5,4,4,4,4,gemma3:27b,data_pmus_yaounde,q1_2,Agent_87,UN QUARTIER DE LA VILLE DE YAOUNDE
4,4,4,4,4,gemma3:27b,data_pmus_yaounde,q1_2_a,Agent_87,NKOLNZOA
4,4,3,4,3,gemma3:27b,data_pmus_yaounde,q1_2_b,Agent_87,CHAPPRL
4,4,2,4,3,gemma3:27b,data_pmus_yaounde,q1_3_c,Agent_87,AFANOYA
4,3,4,4,3,gemma3:27b,data_pmus_yaounde,q2_1,Agent_87,PAR BUS STACY
4,4,2,4,3,gemma3:27b,data_pmus_yaounde,q2_2_1,Agent_87,2 CHEVEAU
4,4,2,4,3,gemma3:27b,data_pmus_yaounde,q2_2_2,Agent_87,10 E ARRET
4,4,2,4,3,gemma3:27b,data_pmus_yaounde,q2_3_1,Agent_87,0LESOA
4,4,2,4,3,gemma3:27b,data_pmus_yaounde,q2_3_2,Agent_87,0NANA
5,4,4,4,4,gemma3:27b,data_pmus_yaounde,q2_3,Agent_87,NON
4,4,2,4,3,gemma3:27b,data_pmus_yaounde,q2_4,Agent_87,PAR BUS STACY
4,4,2,4,3,gemma3:27b,data_pmus_yaounde,q2_5_1,Agent_87,A B0NAS
4,4,2,4,3,gemma3:27b,data_pmus_yaounde,q2_5_2,Agent_87,CARROUF
4,4,2,4,3,gemma3:27b,data_pmus_yaounde,q2_6_1,Agent_87,ABATTOIR
4,4,2,4,3,gemma3:27b,data_pmus_yaounde,q2_6_2,Agent_87,11EME ARRET
4,4,3,4,4,gemma3:27b,data_pmus_yaounde,q3_1,Agent_87,NON
4,3,4,4,3,gemma3:27b,data_pmus_yaounde,q3_2,Agent_87,A PIED
4,4,3,4,3,gemma3:27b,data_pmus_yaounde,q3_3_1,Agent_87,NKOZOA
4,4,2,4,3,gemma3:27b,data_pmus_yaounde,q3_3_2,Agent_87,10 IEME ARRET
5,4,2,5,2,gemma3:27b,data_pmus_yaounde,q4_1_a,Agent_87,Veuillez indiquer depuis combien de temps vous attendez.
4,3,3,4,4,gemma3:27b,data_pmus_yaounde,q4_1_b,Agent_87,MOINS DE 5 MIN
5,4,2,5,2,gemma3:27b,data_pmus_yaounde,q4_2_a,Agent_87,Veuillez indiquer depuis combien de temps vous attendez.
4,3,3,4,4,gemma3:27b,data_pmus_yaounde,q4_2_b,Agent_87,15 30 MIN
4,4,4,4,4,gemma3:27b,data_pmus_yaounde,q4_3,Agent_87,850
4,3,4,4,4,gemma3:27b,data_pmus_yaounde,q4_4,Agent_87,TRAVAIL
3,3,3,4,3,gemma3:27b,data_pmus_yaounde,q4_4_autres,Agent_87,ACHAT
5,3,4,4,4,gemma3:27b,data_pmus_yaounde,q5_1,Agent_87,ENTRE 36 ET 45 ANS
5,3,4,4,4,gemma3:27b,data_pmus_yaounde,q5_2,Agent_87,ENTRE 300 001 ET 500 000
4,4,4,4,4,gemma3:27b,data_pmus_yaounde,q5_3,Agent_87,HOMME
4,4,2,4,3,gemma3:27b,data_pmus_yaounde,centre ville,Agent_88,YAOUNDE
5,4,4,4,4,gemma3:27b,data_pmus_yaounde,q1_1,Agent_88,UN QUARTIER DE LA VILLE DE YAOUNDE
4,4,3,4,4,gemma3:27b,data_pmus_yaounde,q1_1_a,Agent_88,ABIT
4,4,3,4,3,gemma3:27b,data_pmus_yaounde,q1_1_b,Agent_88,10EME ARRET
4,4,2,4,3,gemma3:27b,data_pmus_yaounde,q1_1_c,Agent_88,AFANOYA
5,4,4,4,4,gemma3:27b,data_pmus_yaounde,q1_2,Agent_88,UN QUARTIER DE LA VILLE DE YAOUNDE
4,4,4,4,4,gemma3:27b,data_pmus_yaounde,q1_2_a,Agent_88,ABOM
4,4,3,4,3,gemma3:27b,data_pmus_yaounde,q1_2_b,Agent_88,10 IEME ARRET
4,4,2,4,3,gemma3:27b,data_pmus_yaounde,q1_3_c,Agent_88,AFANOYA
4,3,4,4,3,gemma3:27b,data_pmus_yaounde,q2_1,Agent_88,A PIED
4,4,2,4,3,gemma3:27b,data_pmus_yaounde,q2_2_1,Agent_88,2 CHEVEAU
4,4,2,4,3,gemma3:27b,data_pmus_yaounde,q2_2_2,Agent_88,GARAGE CHEVEAU
4,4,2,4,3,gemma3:27b,data_pmus_yaounde,q2_3_1,Agent_88,CITE VERTE
4,4,2,4,3,gemma3:27b,data_pmus_yaounde,q2_3_2,Agent_88,LA MONTEE
5,4,4,4,4,gemma3:27b,data_pmus_yaounde,q2_3,Agent_88,NON
4,4,2,4,3,gemma3:27b,data_pmus_yaounde,q2_4,Agent_88,PAR BUS STACY
4,4,2,4,3,gemma3:27b,data_pmus_yaounde,q2_5_1,Agent_88,CITE VERTE
4,4,2,4,3,gemma3:27b,data_pmus_yaounde,q2_5_2,Agent_88,0MPHINE
4,4,2,4,3,gemma3:27b,data_pmus_yaounde,q2_6_1,Agent_88,ABATTOIR
4,4,2,4,3,gemma3:27b,data_pmus_yaounde,q2_6_2,Agent_88,ENTREE ITAMBE
4,4,3,4,4,gemma3:27b,data_pmus_yaounde,q3_1,Agent_88,NON
4,3,4,4,3,gemma3:27b,data_pmus_yaounde,q3_2,Agent_88,PAR BUS STACY
4,4,3,4,3,gemma3:27b,data_pmus_yaounde,q3_3_1,Agent_88,CITE VERTE
4,4,2,4,3,gemma3:27b,data_pmus_yaounde,q3_3_2,Agent_88,MINPOETEL
5,4,2,5,2,gemma3:27b,data_pmus_yaounde,q4_1_a,Agent_88,Veuillez indiquer depuis combien de temps vous attendez.
4,3,3,4,4,gemma3:27b,data_pmus_yaounde,q4_1_b,Agent_88,MOINS DE 5 MIN
5,4,2,5,2,gemma3:27b,data_pmus_yaounde,q4_2_a,Agent_88,Veuillez indiquer depuis combien de temps vous attendez.
4,3,3,4,4,gemma3:27b,data_pmus_yaounde,q4_2_b,Agent_88,15 30 MIN
4,4,4,4,4,gemma3:27b,data_pmus_yaounde,q4_3,Agent_88,1700
4,3,4,4,4,gemma3:27b,data_pmus_yaounde,q4_4,Agent_88,TRAVAIL
3,3,3,4,3,gemma3:27b,data_pmus_yaounde,q4_4_autres,Agent_88,ACHAT
5,3,4,4,4,gemma3:27b,data_pmus_yaounde,q5_1,Agent_88,ENTRE 18 ET 25 ANS
5,3,4,4,4,gemma3:27b,data_pmus_yaounde,q5_2,Agent_88,PLUS DE 500 001
4,4,4,4,4,gemma3:27b,data_pmus_yaounde,q5_3,Agent_88,FEMME
4,4,2,4,3,gemma3:27b,data_pmus_yaounde,centre ville,Agent_89,YAOUNDE
5,4,4,4,4,gemma3:27b,data_pmus_yaounde,q1_1,Agent_89,HORS DE LA VILLE DE YAOUNDE
4,4,3,4,4,gemma3:27b,data_pmus_yaounde,q1_1_a,Agent_89,ABIT
4,4,3,4,3,gemma3:27b,data_pmus_yaounde,q1_1_b,Agent_89,10EME ARRET
4,4,2,4,3,gemma3:27b,data_pmus_yaounde,q1_1_c,Agent_89,AFANOYA
5,4,4,4,4,gemma3:27b,data_pmus_yaounde,q1_2,Agent_89,UN QUARTIER DE LA VILLE DE YAOUNDE
4,4,4,4,4,gemma3:27b,data_pmus_yaounde,q1_2_a,Agent_89,ABOM
4,4,3,4,3,gemma3:27b,data_pmus_yaounde,q1_2_b,Agent_89,CITE VERTE
4,4,2,4,3,gemma3:27b,data_pmus_yaounde,q1_3_c,Agent_89,MONATELE
4,3,4,4,3,gemma3:27b,data_pmus_yaounde,q2_1,Agent_89,A PIED
4,4,2,4,3,gemma3:27b,data_pmus_yaounde,q2_2_1,Agent_89,2 CHEVEAU
4,4,2,4,3,gemma3:27b,data_pmus_yaounde,q2_2_2,Agent_89,GARAGE CHEVEAU
4,4,2,4,3,gemma3:27b,data_pmus_yaounde,q2_3_1,Agent_89,0LESOA
4,4,2,4,3,gemma3:27b,data_pmus_yaounde,q2_3_2,Agent_89,TERMINUS
5,4,4,4,4,gemma3:27b,data_pmus_yaounde,q2_3,Agent_89,NON
4,4,2,4,3,gemma3:27b,data_pmus_yaounde,q2_4,Agent_89,PAR BUS STACY
4,4,2,4,3,gemma3:27b,data_pmus_yaounde,q2_5_1,Agent_89,A B0NAS
4,4,2,4,3,gemma3:27b,data_pmus_yaounde,q2_5_2,Agent_89,0MPHINE
4,4,2,4,3,gemma3:27b,data_pmus_yaounde,q2_6_1,Agent_89,ABATTOIR
4,4,2,4,3,gemma3:27b,data_pmus_yaounde,q2_6_2,Agent_89,TERMINUS ODZA
4,4,3,4,4,gemma3:27b,data_pmus_yaounde,q3_1,Agent_89,NON
4,3,4,4,3,gemma3:27b,data_pmus_yaounde,q3_2,Agent_89,PAR BUS AGENCE INTERURBAIN
4,4,3,4,3,gemma3:27b,data_pmus_yaounde,q3_3_1,Agent_89,MONATELE
4,4,2,4,3,gemma3:27b,data_pmus_yaounde,q3_3_2,Agent_89,SHELL
5,4,2,5,2,gemma3:27b,data_pmus_yaounde,q4_1_a,Agent_89,Veuillez indiquer depuis combien de temps vous attendez.
4,3,3,4,4,gemma3:27b,data_pmus_yaounde,q4_1_b,Agent_89,10 20 MINUTES
5,4,2,5,2,gemma3:27b,data_pmus_yaounde,q4_2_a,Agent_89,Veuillez indiquer depuis combien de temps vous attendez.
4,3,3,4,4,gemma3:27b,data_pmus_yaounde,q4_2_b,Agent_89,30 60 MIN
4,4,4,4,4,gemma3:27b,data_pmus_yaounde,q4_3,Agent_89,800
4,3,4,4,4,gemma3:27b,data_pmus_yaounde,q4_4,Agent_89,TRAVAIL
3,3,3,4,3,gemma3:27b,data_pmus_yaounde,q4_4_autres,Agent_89,LES AFFAIRES
5,3,4,4,4,gemma3:27b,data_pmus_yaounde,q5_1,Agent_89,ENTRE 36 ET 45 ANS
5,3,4,4,4,gemma3:27b,data_pmus_yaounde,q5_2,Agent_89,ENTRE 30 001 ET 100 000
4,4,4,4,4,gemma3:27b,data_pmus_yaounde,q5_3,Agent_89,FEMME
4,4,2,4,3,gemma3:27b,data_pmus_yaounde,centre ville,Agent_90,YAOUNDE
5,4,4,4,4,gemma3:27b,data_pmus_yaounde,q1_1,Agent_90,HORS DE LA VILLE DE YAOUNDE
4,4,3,4,4,gemma3:27b,data_pmus_yaounde,q1_1_a,Agent_90,ABIT
4,4,3,4,3,gemma3:27b,data_pmus_yaounde,q1_1_b,Agent_90,AU NIVEAU DU ROCHER
4,4,2,4,3,gemma3:27b,data_pmus_yaounde,q1_1_c,Agent_90,AFANOYA
5,4,4,4,4,gemma3:27b,data_pmus_yaounde,q1_2,Agent_90,UN QUARTIER DE LA VILLE DE YAOUNDE
4,4,4,4,4,gemma3:27b,data_pmus_yaounde,q1_2_a,Agent_90,ABOM
4,4,3,4,3,gemma3:27b,data_pmus_yaounde,q1_2_b,Agent_90,10 IEME ARRET
4,4,2,4,3,gemma3:27b,data_pmus_yaounde,q1_3_c,Agent_90,AFANOYA
4,3,4,4,3,gemma3:27b,data_pmus_yaounde,q2_1,Agent_90,UN PARTICULIER
4,4,2,4,3,gemma3:27b,data_pmus_yaounde,q2_2_1,Agent_90,KOABAN
4,4,2,4,3,gemma3:27b,data_pmus_yaounde,q2_2_2,Agent_90,MVOG EYEYGEU
4,4,2,4,3,gemma3:27b,data_pmus_yaounde,q2_3_1,Agent_90,ELIG EDZOA
4,4,2,4,3,gemma3:27b,data_pmus_yaounde,q2_3_2,Agent_90,TRANSFORMATEUR
5,4,4,4,4,gemma3:27b,data_pmus_yaounde,q2_3,Agent_90,NON
4,4,2,4,3,gemma3:27b,data_pmus_yaounde,q2_4,Agent_90,UN PARTICULIER
4,4,2,4,3,gemma3:27b,data_pmus_yaounde,q2_5_1,Agent_90,MVOGT
4,4,2,4,3,gemma3:27b,data_pmus_yaounde,q2_5_2,Agent_90,ENTREE SODECAO
4,4,2,4,3,gemma3:27b,data_pmus_yaounde,q2_6_1,Agent_90,MVOGT
4,4,2,4,3,gemma3:27b,data_pmus_yaounde,q2_6_2,Agent_90,ENTREE HYSANCAN
4,4,3,4,4,gemma3:27b,data_pmus_yaounde,q3_1,Agent_90,NON
4,3,4,4,3,gemma3:27b,data_pmus_yaounde,q3_2,Agent_90,UN PARTICULIER
4,4,3,4,3,gemma3:27b,data_pmus_yaounde,q3_3_1,Agent_90,MVOG MBI
4,4,2,4,3,gemma3:27b,data_pmus_yaounde,q3_3_2,Agent_90,ELIG ESSONO
5,4,2,5,2,gemma3:27b,data_pmus_yaounde,q4_1_a,Agent_90,Veuillez indiquer depuis combien de temps vous attendez.
4,3,3,4,4,gemma3:27b,data_pmus_yaounde,q4_1_b,Agent_90,MOINS DE 5 MIN
5,4,2,5,2,gemma3:27b,data_pmus_yaounde,q4_2_a,Agent_90,Veuillez indiquer depuis combien de temps vous attendez.
4,3,3,4,4,gemma3:27b,data_pmus_yaounde,q4_2_b,Agent_90,MOINS DE 15 MIN
4,4,4,4,4,gemma3:27b,data_pmus_yaounde,q4_3,Agent_90,650
4,3,4,4,4,gemma3:27b,data_pmus_yaounde,q4_4,Agent_90,VISITE FAMILLE
3,3,3,4,3,gemma3:27b,data_pmus_yaounde,q4_4_autres,Agent_90,RENCONTRE
5,3,4,4,4,gemma3:27b,data_pmus_yaounde,q5_1,Agent_90,ENTRE 26 ET 35 ANS
5,3,4,4,4,gemma3:27b,data_pmus_yaounde,q5_2,Agent_90,ENTRE 30 001 ET 100 000
4,4,4,4,4,gemma3:27b,data_pmus_yaounde,q5_3,Agent_90,FEMME
4,4,2,4,3,gemma3:27b,data_pmus_yaounde,centre ville,Agent_91,YAOUNDE
5,4,4,4,4,gemma3:27b,data_pmus_yaounde,q1_1,Agent_91,HORS DE LA VILLE DE YAOUNDE
4,4,3,4,4,gemma3:27b,data_pmus_yaounde,q1_1_a,Agent_91,ABIT
4,4,3,4,3,gemma3:27b,data_pmus_yaounde,q1_1_b,Agent_91,10EME ARRET
4,4,2,4,3,gemma3:27b,data_pmus_yaounde,q1_1_c,Agent_91,AFANOYA
5,4,4,4,4,gemma3:27b,data_pmus_yaounde,q1_2,Agent_91,UN QUARTIER DE LA VILLE DE YAOUNDE
4,4,4,4,4,gemma3:27b,data_pmus_yaounde,q1_2_a,Agent_91,ABOM
4,4,3,4,3,gemma3:27b,data_pmus_yaounde,q1_2_b,Agent_91,MESSE DES OFFICIERS
4,4,2,4,3,gemma3:27b,data_pmus_yaounde,q1_3_c,Agent_91,DOUALA
4,3,4,4,3,gemma3:27b,data_pmus_yaounde,q2_1,Agent_91,PAR BUS STACY
4,4,2,4,3,gemma3:27b,data_pmus_yaounde,q2_2_1,Agent_91,MESSAME NDONGO
4,4,2,4,3,gemma3:27b,data_pmus_yaounde,q2_2_2,Agent_91,MVOLYE
4,4,2,4,3,gemma3:27b,data_pmus_yaounde,q2_3_1,Agent_91,MESSA
4,4,2,4,3,gemma3:27b,data_pmus_yaounde,q2_3_2,Agent_91,RONPOINT
5,4,4,4,4,gemma3:27b,data_pmus_yaounde,q2_3,Agent_91,NON
4,4,2,4,3,gemma3:27b,data_pmus_yaounde,q2_4,Agent_91,PAR BUS STACY
4,4,2,4,3,gemma3:27b,data_pmus_yaounde,q2_5_1,Agent_91,NKOL NDA
4,4,2,4,3,gemma3:27b,data_pmus_yaounde,q2_5_2,Agent_91,DEVANT LE CAMPUS
4,4,2,4,3,gemma3:27b,data_pmus_yaounde,q2_6_1,Agent_91,CENTRE VILLE
4,4,2,4,3,gemma3:27b,data_pmus_yaounde,q2_6_2,Agent_91,GARE ROUTIERE
4,4,3,4,4,gemma3:27b,data_pmus_yaounde,q3_1,Agent_91,NON
4,3,4,4,3,gemma3:27b,data_pmus_yaounde,q3_2,Agent_91,PAR BUS STACY
4,4,3,4,3,gemma3:27b,data_pmus_yaounde,q3_3_1,Agent_91,NGOUMOU
4,4,2,4,3,gemma3:27b,data_pmus_yaounde,q3_3_2,Agent_91,ENTRE FARMACAM
5,4,2,5,2,gemma3:27b,data_pmus_yaounde,q4_1_a,Agent_91,Veuillez indiquer depuis combien de temps vous attendez.
4,3,3,4,4,gemma3:27b,data_pmus_yaounde,q4_1_b,Agent_91,MOINS DE 5 MIN
5,4,2,5,2,gemma3:27b,data_pmus_yaounde,q4_2_a,Agent_91,Veuillez indiquer depuis combien de temps vous attendez.
4,3,3,4,4,gemma3:27b,data_pmus_yaounde,q4_2_b,Agent_91,30 60 MIN
4,4,4,4,4,gemma3:27b,data_pmus_yaounde,q4_3,Agent_91,600
4,3,4,4,4,gemma3:27b,data_pmus_yaounde,q4_4,Agent_91,COURSES
3,3,3,4,3,gemma3:27b,data_pmus_yaounde,q4_4_autres,Agent_91,FAIRE DU MARCHE
5,3,4,4,4,gemma3:27b,data_pmus_yaounde,q5_1,Agent_91,ENTRE 26 ET 35 ANS
5,3,4,4,4,gemma3:27b,data_pmus_yaounde,q5_2,Agent_91,ENTRE 30 001 ET 100 000
4,4,4,4,4,gemma3:27b,data_pmus_yaounde,q5_3,Agent_91,HOMME
4,4,2,4,3,gemma3:27b,data_pmus_yaounde,centre ville,Agent_92,YAOUNDE
5,4,4,4,4,gemma3:27b,data_pmus_yaounde,q1_1,Agent_92,UN QUARTIER DE LA VILLE DE YAOUNDE
4,4,3,4,4,gemma3:27b,data_pmus_yaounde,q1_1_a,Agent_92,ABIT
4,4,3,4,3,gemma3:27b,data_pmus_yaounde,q1_1_b,Agent_92,10EME ARRET
4,4,2,4,3,gemma3:27b,data_pmus_yaounde,q1_1_c,Agent_92,AFANOYA
5,4,4,4,4,gemma3:27b,data_pmus_yaounde,q1_2,Agent_92,UN QUARTIER DE LA VILLE DE YAOUNDE
4,4,4,4,4,gemma3:27b,data_pmus_yaounde,q1_2_a,Agent_92,ESSOS
4,4,3,4,3,gemma3:27b,data_pmus_yaounde,q1_2_b,Agent_92,10 IEME ARRET
4,4,2,4,3,gemma3:27b,data_pmus_yaounde,q1_3_c,Agent_92,AFANOYA
4,3,4,4,3,gemma3:27b,data_pmus_yaounde,q2_1,Agent_92,PAR BUS STACY
4,4,2,4,3,gemma3:27b,data_pmus_yaounde,q2_2_1,Agent_92,CARREFOUR MESSAASSI
4,4,2,4,3,gemma3:27b,data_pmus_yaounde,q2_2_2,Agent_92,10 E ARRET
4,4,2,4,3,gemma3:27b,data_pmus_yaounde,q2_3_1,Agent_92,ESSOS
4,4,2,4,3,gemma3:27b,data_pmus_yaounde,q2_3_2,Agent_92,0NANA
5,4,4,4,4,gemma3:27b,data_pmus_yaounde,q2_3,Agent_92,NON
4,4,2,4,3,gemma3:27b,data_pmus_yaounde,q2_4,Agent_92,PAR BUS STACY
4,4,2,4,3,gemma3:27b,data_pmus_yaounde,q2_5_1,Agent_92,ESSOS
4,4,2,4,3,gemma3:27b,data_pmus_yaounde,q2_5_2,Agent_92,ENTREE ESSO
4,4,2,4,3,gemma3:27b,data_pmus_yaounde,q2_6_1,Agent_92,ABATTOIR
4,4,2,4,3,gemma3:27b,data_pmus_yaounde,q2_6_2,Agent_92,TERMINUS ODZA
4,4,3,4,4,gemma3:27b,data_pmus_yaounde,q3_1,Agent_92,NON
4,3,4,4,3,gemma3:27b,data_pmus_yaounde,q3_2,Agent_92,PAR BUS STACY
4,4,3,4,3,gemma3:27b,data_pmus_yaounde,q3_3_1,Agent_92,ESSOS
4,4,2,4,3,gemma3:27b,data_pmus_yaounde,q3_3_2,Agent_92,BUCA VOYAGE
5,4,2,5,2,gemma3:27b,data_pmus_yaounde,q4_1_a,Agent_92,Veuillez indiquer depuis combien de temps vous attendez.
4,3,3,4,4,gemma3:27b,data_pmus_yaounde,q4_1_b,Agent_92,MOINS DE 5 MIN
5,4,2,5,2,gemma3:27b,data_pmus_yaounde,q4_2_a,Agent_92,Veuillez indiquer depuis combien de temps vous attendez.
4,3,3,4,4,gemma3:27b,data_pmus_yaounde,q4_2_b,Agent_92,30 60 MIN
4,4,4,4,4,gemma3:27b,data_pmus_yaounde,q4_3,Agent_92,650
4,3,4,4,4,gemma3:27b,data_pmus_yaounde,q4_4,Agent_92,ACTIVIT S DE LOISIRS
3,3,3,4,3,gemma3:27b,data_pmus_yaounde,q4_4_autres,Agent_92,SPORT ET VISITE AMICALE
5,3,4,4,4,gemma3:27b,data_pmus_yaounde,q5_1,Agent_92,ENTRE 18 ET 25 ANS
5,3,4,4,4,gemma3:27b,data_pmus_yaounde,q5_2,Agent_92,MOINS DE 30 000
4,4,4,4,4,gemma3:27b,data_pmus_yaounde,q5_3,Agent_92,FEMME
4,4,2,4,3,gemma3:27b,data_pmus_yaounde,centre ville,Agent_93,YAOUNDE
5,4,4,4,4,gemma3:27b,data_pmus_yaounde,q1_1,Agent_93,HORS DE LA VILLE DE YAOUNDE
4,4,3,4,4,gemma3:27b,data_pmus_yaounde,q1_1_a,Agent_93,ABIT
4,4,3,4,3,gemma3:27b,data_pmus_yaounde,q1_1_b,Agent_93,10EME ARRET
4,4,2,4,3,gemma3:27b,data_pmus_yaounde,q1_1_c,Agent_93,AFANOYA
5,4,4,4,4,gemma3:27b,data_pmus_yaounde,q1_2,Agent_93,UN QUARTIER DE LA VILLE DE YAOUNDE
4,4,4,4,4,gemma3:27b,data_pmus_yaounde,q1_2_a,Agent_93,TAM TAM
4,4,3,4,3,gemma3:27b,data_pmus_yaounde,q1_2_b,Agent_93,10 IEME ARRET
4,4,2,4,3,gemma3:27b,data_pmus_yaounde,q1_3_c,Agent_93,AFANOYA
4,3,4,4,3,gemma3:27b,data_pmus_yaounde,q2_1,Agent_93,PAR BUS STACY
4,4,2,4,3,gemma3:27b,data_pmus_yaounde,q2_2_1,Agent_93,2 CHEVEAU
4,4,2,4,3,gemma3:27b,data_pmus_yaounde,q2_2_2,Agent_93,MONTEE LIDO
4,4,2,4,3,gemma3:27b,data_pmus_yaounde,q2_3_1,Agent_93,0LESOA
4,4,2,4,3,gemma3:27b,data_pmus_yaounde,q2_3_2,Agent_93,0NANA
5,4,4,4,4,gemma3:27b,data_pmus_yaounde,q2_3,Agent_93,NON
4,4,2,4,3,gemma3:27b,data_pmus_yaounde,q2_4,Agent_93,PAR BUS STACY
4,4,2,4,3,gemma3:27b,data_pmus_yaounde,q2_5_1,Agent_93,TAM TAM
4,4,2,4,3,gemma3:27b,data_pmus_yaounde,q2_5_2,Agent_93,0MPHINE
4,4,2,4,3,gemma3:27b,data_pmus_yaounde,q2_6_1,Agent_93,ONANA
4,4,2,4,3,gemma3:27b,data_pmus_yaounde,q2_6_2,Agent_93,MOKOLO EN BAS
4,4,3,4,4,gemma3:27b,data_pmus_yaounde,q3_1,Agent_93,NON
4,3,4,4,3,gemma3:27b,data_pmus_yaounde,q3_2,Agent_93,PAR BUS STACY
4,4,3,4,3,gemma3:27b,data_pmus_yaounde,q3_3_1,Agent_93,ACACIA
4,4,2,4,3,gemma3:27b,data_pmus_yaounde,q3_3_2,Agent_93,10 IEME ARRET
5,4,2,5,2,gemma3:27b,data_pmus_yaounde,q4_1_a,Agent_93,Veuillez indiquer depuis combien de temps vous attendez.
4,3,3,4,4,gemma3:27b,data_pmus_yaounde,q4_1_b,Agent_93,MOINS DE 5 MIN
5,4,2,5,2,gemma3:27b,data_pmus_yaounde,q4_2_a,Agent_93,Veuillez indiquer depuis combien de temps vous attendez.
4,3,3,4,4,gemma3:27b,data_pmus_yaounde,q4_2_b,Agent_93,30 60 MIN
4,4,4,4,4,gemma3:27b,data_pmus_yaounde,q4_3,Agent_93,380
4,3,4,4,4,gemma3:27b,data_pmus_yaounde,q4_4,Agent_93,VISITE FAMILLE
3,3,3,4,3,gemma3:27b,data_pmus_yaounde,q4_4_autres,Agent_93,DEUIL
5,3,4,4,4,gemma3:27b,data_pmus_yaounde,q5_1,Agent_93,ENTRE 36 ET 45 ANS
5,3,4,4,4,gemma3:27b,data_pmus_yaounde,q5_2,Agent_93,ENTRE 30 001 ET 100 000
4,4,4,4,4,gemma3:27b,data_pmus_yaounde,q5_3,Agent_93,FEMME
4,4,2,4,3,gemma3:27b,data_pmus_yaounde,centre ville,Agent_94,YAOUNDE
5,4,4,4,4,gemma3:27b,data_pmus_yaounde,q1_1,Agent_94,UN QUARTIER DE LA VILLE DE YAOUNDE
4,4,3,4,4,gemma3:27b,data_pmus_yaounde,q1_1_a,Agent_94,ABIT
4,4,3,4,3,gemma3:27b,data_pmus_yaounde,q1_1_b,Agent_94,10EME ARRET
4,4,2,4,3,gemma3:27b,data_pmus_yaounde,q1_1_c,Agent_94,AFANOYA
5,4,4,4,4,gemma3:27b,data_pmus_yaounde,q1_2,Agent_94,UN QUARTIER DE LA VILLE DE YAOUNDE
4,4,4,4,4,gemma3:27b,data_pmus_yaounde,q1_2_a,Agent_94,NKOA MBANG
4,4,3,4,3,gemma3:27b,data_pmus_yaounde,q1_2_b,Agent_94,NKOA MBANG
4,4,2,4,3,gemma3:27b,data_pmus_yaounde,q1_3_c,Agent_94,NKOA MBANG
4,3,4,4,3,gemma3:27b,data_pmus_yaounde,q2_1,Agent_94,PAR BUS STACY
4,4,2,4,3,gemma3:27b,data_pmus_yaounde,q2_2_1,Agent_94,CARREFOUR ELOUDOU
4,4,2,4,3,gemma3:27b,data_pmus_yaounde,q2_2_2,Agent_94,10 E ARRET
4,4,2,4,3,gemma3:27b,data_pmus_yaounde,q2_3_1,Agent_94,DESCENTE DZOUE
4,4,2,4,3,gemma3:27b,data_pmus_yaounde,q2_3_2,Agent_94,DESCENTE
5,4,4,4,4,gemma3:27b,data_pmus_yaounde,q2_3,Agent_94,NON
4,4,2,4,3,gemma3:27b,data_pmus_yaounde,q2_4,Agent_94,PAR BUS STACY
4,4,2,4,3,gemma3:27b,data_pmus_yaounde,q2_5_1,Agent_94,NKOA MBANG
4,4,2,4,3,gemma3:27b,data_pmus_yaounde,q2_5_2,Agent_94,ARRET BUS
4,4,2,4,3,gemma3:27b,data_pmus_yaounde,q2_6_1,Agent_94,NKOM KANA
4,4,2,4,3,gemma3:27b,data_pmus_yaounde,q2_6_2,Agent_94,NKOLBISSON
4,4,3,4,4,gemma3:27b,data_pmus_yaounde,q3_1,Agent_94,NON
4,3,4,4,3,gemma3:27b,data_pmus_yaounde,q3_2,Agent_94,PAR BUS STACY
4,4,3,4,3,gemma3:27b,data_pmus_yaounde,q3_3_1,Agent_94,NKOLBISSON
4,4,2,4,3,gemma3:27b,data_pmus_yaounde,q3_3_2,Agent_94,TANSFORMATEUR
5,4,2,5,2,gemma3:27b,data_pmus_yaounde,q4_1_a,Agent_94,Veuillez indiquer depuis combien de temps vous attendez.
4,3,3,4,4,gemma3:27b,data_pmus_yaounde,q4_1_b,Agent_94,MOINS DE 5 MIN
5,4,2,5,2,gemma3:27b,data_pmus_yaounde,q4_2_a,Agent_94,Veuillez indiquer depuis combien de temps vous attendez.
4,3,3,4,4,gemma3:27b,data_pmus_yaounde,q4_2_b,Agent_94,30 60 MIN
4,4,4,4,4,gemma3:27b,data_pmus_yaounde,q4_3,Agent_94,800
4,3,4,4,4,gemma3:27b,data_pmus_yaounde,q4_4,Agent_94,VISITE FAMILLE
3,3,3,4,3,gemma3:27b,data_pmus_yaounde,q4_4_autres,Agent_94,RENCONTRE
5,3,4,4,4,gemma3:27b,data_pmus_yaounde,q5_1,Agent_94,ENTRE 36 ET 45 ANS
5,3,4,4,4,gemma3:27b,data_pmus_yaounde,q5_2,Agent_94,ENTRE 30 001 ET 100 000
4,4,4,4,4,gemma3:27b,data_pmus_yaounde,q5_3,Agent_94,FEMME
4,4,2,4,3,gemma3:27b,data_pmus_yaounde,centre ville,Agent_95,YAOUNDE
5,4,4,4,4,gemma3:27b,data_pmus_yaounde,q1_1,Agent_95,UN QUARTIER DE LA VILLE DE YAOUNDE
4,4,3,4,4,gemma3:27b,data_pmus_yaounde,q1_1_a,Agent_95,ABIT
4,4,3,4,3,gemma3:27b,data_pmus_yaounde,q1_1_b,Agent_95,10EME ARRET
4,4,2,4,3,gemma3:27b,data_pmus_yaounde,q1_1_c,Agent_95,AFANOYA
5,4,4,4,4,gemma3:27b,data_pmus_yaounde,q1_2,Agent_95,UN QUARTIER DE LA VILLE DE YAOUNDE
4,4,4,4,4,gemma3:27b,data_pmus_yaounde,q1_2_a,Agent_95,FOURGEROLLES
4,4,3,4,3,gemma3:27b,data_pmus_yaounde,q1_2_b,Agent_95,10 IEME ARRET
4,4,2,4,3,gemma3:27b,data_pmus_yaounde,q1_3_c,Agent_95,AFANOYA
4,3,4,4,3,gemma3:27b,data_pmus_yaounde,q2_1,Agent_95,PAR BUS STACY
4,4,2,4,3,gemma3:27b,data_pmus_yaounde,q2_2_1,Agent_95,CARREFOURBIYEM ASSI
4,4,2,4,3,gemma3:27b,data_pmus_yaounde,q2_2_2,Agent_95,ARRET BUS
4,4,2,4,3,gemma3:27b,data_pmus_yaounde,q2_3_1,Agent_95,FOURGEROLLES
4,4,2,4,3,gemma3:27b,data_pmus_yaounde,q2_3_2,Agent_95,0NANA
5,4,4,4,4,gemma3:27b,data_pmus_yaounde,q2_3,Agent_95,NON
4,4,2,4,3,gemma3:27b,data_pmus_yaounde,q2_4,Agent_95,PAR BUS STACY
4,4,2,4,3,gemma3:27b,data_pmus_yaounde,q2_5_1,Agent_95,FOURGEROLLES
4,4,2,4,3,gemma3:27b,data_pmus_yaounde,q2_5_2,Agent_95,0MPHINE
4,4,2,4,3,gemma3:27b,data_pmus_yaounde,q2_6_1,Agent_95,FOURGEROLLES
4,4,2,4,3,gemma3:27b,data_pmus_yaounde,q2_6_2,Agent_95,UNIVERSITE
4,4,3,4,4,gemma3:27b,data_pmus_yaounde,q3_1,Agent_95,NON
4,3,4,4,3,gemma3:27b,data_pmus_yaounde,q3_2,Agent_95,PAR BUS STACY
4,4,3,4,3,gemma3:27b,data_pmus_yaounde,q3_3_1,Agent_95,ACACIA
4,4,2,4,3,gemma3:27b,data_pmus_yaounde,q3_3_2,Agent_95,ROND POINT
5,4,2,5,2,gemma3:27b,data_pmus_yaounde,q4_1_a,Agent_95,Veuillez indiquer depuis combien de temps vous attendez.
4,3,3,4,4,gemma3:27b,data_pmus_yaounde,q4_1_b,Agent_95,MOINS DE 5 MIN
5,4,2,5,2,gemma3:27b,data_pmus_yaounde,q4_2_a,Agent_95,Veuillez indiquer depuis combien de temps vous attendez.
4,3,3,4,4,gemma3:27b,data_pmus_yaounde,q4_2_b,Agent_95,30 60 MIN
4,4,4,4,4,gemma3:27b,data_pmus_yaounde,q4_3,Agent_95,600
4,3,4,4,4,gemma3:27b,data_pmus_yaounde,q4_4,Agent_95,TRAVAIL
3,3,3,4,3,gemma3:27b,data_pmus_yaounde,q4_4_autres,Agent_95,UNIVERSITE
5,3,4,4,4,gemma3:27b,data_pmus_yaounde,q5_1,Agent_95,ENTRE 18 ET 25 ANS
5,3,4,4,4,gemma3:27b,data_pmus_yaounde,q5_2,Agent_95,MOINS DE 30 000
4,4,4,4,4,gemma3:27b,data_pmus_yaounde,q5_3,Agent_95,HOMME
4,4,2,4,3,gemma3:27b,data_pmus_yaounde,centre ville,Agent_96,YAOUNDE
5,4,4,4,4,gemma3:27b,data_pmus_yaounde,q1_1,Agent_96,UN QUARTIER DE LA VILLE DE YAOUNDE
4,4,3,4,4,gemma3:27b,data_pmus_yaounde,q1_1_a,Agent_96,NKONDENGUI
4,4,3,4,3,gemma3:27b,data_pmus_yaounde,q1_1_b,Agent_96,10EME ARRET
4,4,2,4,3,gemma3:27b,data_pmus_yaounde,q1_1_c,Agent_96,AFANOYA
5,4,4,4,4,gemma3:27b,data_pmus_yaounde,q1_2,Agent_96,UN QUARTIER DE LA VILLE DE YAOUNDE
4,4,4,4,4,gemma3:27b,data_pmus_yaounde,q1_2_a,Agent_96,ABOM
4,4,3,4,3,gemma3:27b,data_pmus_yaounde,q1_2_b,Agent_96,10 IEME ARRET
4,4,2,4,3,gemma3:27b,data_pmus_yaounde,q1_3_c,Agent_96,AFANOYA
4,3,4,4,3,gemma3:27b,data_pmus_yaounde,q2_1,Agent_96,PAR BUS STACY
4,4,2,4,3,gemma3:27b,data_pmus_yaounde,q2_2_1,Agent_96,NKONDENGUI
4,4,2,4,3,gemma3:27b,data_pmus_yaounde,q2_2_2,Agent_96,10 E ARRET
4,4,2,4,3,gemma3:27b,data_pmus_yaounde,q2_3_1,Agent_96,NKONDENGUI
4,4,2,4,3,gemma3:27b,data_pmus_yaounde,q2_3_2,Agent_96,0NANA
5,4,4,4,4,gemma3:27b,data_pmus_yaounde,q2_3,Agent_96,NON
4,4,2,4,3,gemma3:27b,data_pmus_yaounde,q2_4,Agent_96,PAR TAXI
4,4,2,4,3,gemma3:27b,data_pmus_yaounde,q2_5_1,Agent_96,NSIMEYONG
4,4,2,4,3,gemma3:27b,data_pmus_yaounde,q2_5_2,Agent_96,0MPHINE
4,4,2,4,3,gemma3:27b,data_pmus_yaounde,q2_6_1,Agent_96,ONANA
4,4,2,4,3,gemma3:27b,data_pmus_yaounde,q2_6_2,Agent_96,11EME ARRET
4,4,3,4,4,gemma3:27b,data_pmus_yaounde,q3_1,Agent_96,NON
4,3,4,4,3,gemma3:27b,data_pmus_yaounde,q3_2,Agent_96,PAR TAXI
4,4,3,4,3,gemma3:27b,data_pmus_yaounde,q3_3_1,Agent_96,NKOLDPNGO
4,4,2,4,3,gemma3:27b,data_pmus_yaounde,q3_3_2,Agent_96,NKONDENGUI
5,4,2,5,2,gemma3:27b,data_pmus_yaounde,q4_1_a,Agent_96,Veuillez indiquer depuis combien de temps vous attendez.
4,3,3,4,4,gemma3:27b,data_pmus_yaounde,q4_1_b,Agent_96,MOINS DE 5 MIN
5,4,2,5,2,gemma3:27b,data_pmus_yaounde,q4_2_a,Agent_96,Veuillez indiquer depuis combien de temps vous attendez.
4,3,3,4,4,gemma3:27b,data_pmus_yaounde,q4_2_b,Agent_96,30 60 MIN
4,4,4,4,4,gemma3:27b,data_pmus_yaounde,q4_3,Agent_96,850
4,3,4,4,4,gemma3:27b,data_pmus_yaounde,q4_4,Agent_96,D MARCHES ADMINISTRATIVES ET OU SANT
3,3,3,4,3,gemma3:27b,data_pmus_yaounde,q4_4_autres,Agent_96,ACHAT
5,3,4,4,4,gemma3:27b,data_pmus_yaounde,q5_1,Agent_96,MOINS DE 18 ANS
5,3,4,4,4,gemma3:27b,data_pmus_yaounde,q5_2,Agent_96,MOINS DE 30 000
4,4,4,4,4,gemma3:27b,data_pmus_yaounde,q5_3,Agent_96,HOMME
4,4,2,4,3,gemma3:27b,data_pmus_yaounde,centre ville,Agent_97,YAOUNDE
5,4,4,4,4,gemma3:27b,data_pmus_yaounde,q1_1,Agent_97,UN QUARTIER DE LA VILLE DE YAOUNDE
4,4,3,4,4,gemma3:27b,data_pmus_yaounde,q1_1_a,Agent_97,ABIT
4,4,3,4,3,gemma3:27b,data_pmus_yaounde,q1_1_b,Agent_97,10EME ARRET
4,4,2,4,3,gemma3:27b,data_pmus_yaounde,q1_1_c,Agent_97,AFANOYA
5,4,4,4,4,gemma3:27b,data_pmus_yaounde,q1_2,Agent_97,UN QUARTIER DE LA VILLE DE YAOUNDE
4,4,4,4,4,gemma3:27b,data_pmus_yaounde,q1_2_a,Agent_97,NKOL FOULOU
4,4,3,4,3,gemma3:27b,data_pmus_yaounde,q1_2_b,Agent_97,NKOL FOULOU
4,4,2,4,3,gemma3:27b,data_pmus_yaounde,q1_3_c,Agent_97,NKOL FOULOU
4,3,4,4,3,gemma3:27b,data_pmus_yaounde,q2_1,Agent_97,PAR BUS STACY
4,4,2,4,3,gemma3:27b,data_pmus_yaounde,q2_2_1,Agent_97,2 CHEVEAU
4,4,2,4,3,gemma3:27b,data_pmus_yaounde,q2_2_2,Agent_97,TRANSFORMATEUR
4,4,2,4,3,gemma3:27b,data_pmus_yaounde,q2_3_1,Agent_97,0LESOA
4,4,2,4,3,gemma3:27b,data_pmus_yaounde,q2_3_2,Agent_97,0NANA
5,4,4,4,4,gemma3:27b,data_pmus_yaounde,q2_3,Agent_97,NON
4,4,2,4,3,gemma3:27b,data_pmus_yaounde,q2_4,Agent_97,PAR BUS STACY
4,4,2,4,3,gemma3:27b,data_pmus_yaounde,q2_5_1,Agent_97,NKOL FOULOU
4,4,2,4,3,gemma3:27b,data_pmus_yaounde,q2_5_2,Agent_97,0MPHINE
4,4,2,4,3,gemma3:27b,data_pmus_yaounde,q2_6_1,Agent_97,ONANA
4,4,2,4,3,gemma3:27b,data_pmus_yaounde,q2_6_2,Agent_97,MOKOLO EN BAS
4,4,3,4,4,gemma3:27b,data_pmus_yaounde,q3_1,Agent_97,NON
4,3,4,4,3,gemma3:27b,data_pmus_yaounde,q3_2,Agent_97,PAR BUS AGENCE INTERURBAIN
4,4,3,4,3,gemma3:27b,data_pmus_yaounde,q3_3_1,Agent_97,ACACIA
4,4,2,4,3,gemma3:27b,data_pmus_yaounde,q3_3_2,Agent_97,ENTREE WAGUEE
5,4,2,5,2,gemma3:27b,data_pmus_yaounde,q4_1_a,Agent_97,Veuillez indiquer depuis combien de temps vous attendez.
4,3,3,4,4,gemma3:27b,data_pmus_yaounde,q4_1_b,Agent_97,MOINS DE 5 MIN
5,4,2,5,2,gemma3:27b,data_pmus_yaounde,q4_2_a,Agent_97,Veuillez indiquer depuis combien de temps vous attendez.
4,3,3,4,4,gemma3:27b,data_pmus_yaounde,q4_2_b,Agent_97,30 60 MIN
4,4,4,4,4,gemma3:27b,data_pmus_yaounde,q4_3,Agent_97,700
4,3,4,4,4,gemma3:27b,data_pmus_yaounde,q4_4,Agent_97,VISITE FAMILLE
3,3,3,4,3,gemma3:27b,data_pmus_yaounde,q4_4_autres,Agent_97,ACHAT
5,3,4,4,4,gemma3:27b,data_pmus_yaounde,q5_1,Agent_97,ENTRE 18 ET 25 ANS
5,3,4,4,4,gemma3:27b,data_pmus_yaounde,q5_2,Agent_97,ENTRE 30 001 ET 100 000
4,4,4,4,4,gemma3:27b,data_pmus_yaounde,q5_3,Agent_97,HOMME
4,4,2,4,3,gemma3:27b,data_pmus_yaounde,centre ville,Agent_98,YAOUNDE
5,4,4,4,4,gemma3:27b,data_pmus_yaounde,q1_1,Agent_98,HORS DE LA VILLE DE YAOUNDE
4,4,3,4,4,gemma3:27b,data_pmus_yaounde,q1_1_a,Agent_98,NKOLMESSENG
4,4,3,4,3,gemma3:27b,data_pmus_yaounde,q1_1_b,Agent_98,10EME ARRET
4,4,2,4,3,gemma3:27b,data_pmus_yaounde,q1_1_c,Agent_98,AFANOYA
5,4,4,4,4,gemma3:27b,data_pmus_yaounde,q1_2,Agent_98,HORS DE LA VILLE DE YAOUNDE
4,4,4,4,4,gemma3:27b,data_pmus_yaounde,q1_2_a,Agent_98,BASTOS
4,4,3,4,3,gemma3:27b,data_pmus_yaounde,q1_2_b,Agent_98,10 IEME ARRET
4,4,2,4,3,gemma3:27b,data_pmus_yaounde,q1_3_c,Agent_98,AFANOYA
4,3,4,4,3,gemma3:27b,data_pmus_yaounde,q2_1,Agent_98,A PIED
4,4,2,4,3,gemma3:27b,data_pmus_yaounde,q2_2_1,Agent_98,CARREFOUR GOLF
4,4,2,4,3,gemma3:27b,data_pmus_yaounde,q2_2_2,Agent_98,10 E ARRET
4,4,2,4,3,gemma3:27b,data_pmus_yaounde,q2_3_1,Agent_98,NKOLMESSENG
4,4,2,4,3,gemma3:27b,data_pmus_yaounde,q2_3_2,Agent_98,0NANA
5,4,4,4,4,gemma3:27b,data_pmus_yaounde,q2_3,Agent_98,NON
4,4,2,4,3,gemma3:27b,data_pmus_yaounde,q2_4,Agent_98,A PIED
4,4,2,4,3,gemma3:27b,data_pmus_yaounde,q2_5_1,Agent_98,NKOLMESSENG
4,4,2,4,3,gemma3:27b,data_pmus_yaounde,q2_5_2,Agent_98,0MPHINE
4,4,2,4,3,gemma3:27b,data_pmus_yaounde,q2_6_1,Agent_98,BASTOS
4,4,2,4,3,gemma3:27b,data_pmus_yaounde,q2_6_2,Agent_98,11EME ARRET
4,4,3,4,4,gemma3:27b,data_pmus_yaounde,q3_1,Agent_98,NON
4,3,4,4,3,gemma3:27b,data_pmus_yaounde,q3_2,Agent_98,A PIED
4,4,3,4,3,gemma3:27b,data_pmus_yaounde,q3_3_1,Agent_98,NKOLBIKOK
4,4,2,4,3,gemma3:27b,data_pmus_yaounde,q3_3_2,Agent_98,10 IEME ARRET
5,4,2,5,2,gemma3:27b,data_pmus_yaounde,q4_1_a,Agent_98,Veuillez indiquer depuis combien de temps vous attendez.
4,3,3,4,4,gemma3:27b,data_pmus_yaounde,q4_1_b,Agent_98,MOINS DE 5 MIN
5,4,2,5,2,gemma3:27b,data_pmus_yaounde,q4_2_a,Agent_98,Veuillez indiquer depuis combien de temps vous attendez.
4,3,3,4,4,gemma3:27b,data_pmus_yaounde,q4_2_b,Agent_98,30 60 MIN
4,4,4,4,4,gemma3:27b,data_pmus_yaounde,q4_3,Agent_98,600
4,3,4,4,4,gemma3:27b,data_pmus_yaounde,q4_4,Agent_98,COURSES
3,3,3,4,3,gemma3:27b,data_pmus_yaounde,q4_4_autres,Agent_98,FAIRE DU MARCHE
5,3,4,4,4,gemma3:27b,data_pmus_yaounde,q5_1,Agent_98,MOINS DE 18 ANS
5,3,4,4,4,gemma3:27b,data_pmus_yaounde,q5_2,Agent_98,ENTRE 300 001 ET 500 000
4,4,4,4,4,gemma3:27b,data_pmus_yaounde,q5_3,Agent_98,FEMME
4,4,2,4,3,gemma3:27b,data_pmus_yaounde,centre ville,Agent_99,YAOUNDE
5,4,4,4,4,gemma3:27b,data_pmus_yaounde,q1_1,Agent_99,HORS DE LA VILLE DE YAOUNDE
4,4,3,4,4,gemma3:27b,data_pmus_yaounde,q1_1_a,Agent_99,ABIT
4,4,3,4,3,gemma3:27b,data_pmus_yaounde,q1_1_b,Agent_99,BETHANIE
4,4,2,4,3,gemma3:27b,data_pmus_yaounde,q1_1_c,Agent_99,AFANOYA
5,4,4,4,4,gemma3:27b,data_pmus_yaounde,q1_2,Agent_99,UN QUARTIER DE LA VILLE DE YAOUNDE
4,4,4,4,4,gemma3:27b,data_pmus_yaounde,q1_2_a,Agent_99,CENTRE VILLE
4,4,3,4,3,gemma3:27b,data_pmus_yaounde,q1_2_b,Agent_99,INSPECTION DU TRAVAIL
4,4,2,4,3,gemma3:27b,data_pmus_yaounde,q1_3_c,Agent_99,AFANOYA
4,3,4,4,3,gemma3:27b,data_pmus_yaounde,q2_1,Agent_99,PAR BUS STACY
4,4,2,4,3,gemma3:27b,data_pmus_yaounde,q2_2_1,Agent_99,TRACOM
4,4,2,4,3,gemma3:27b,data_pmus_yaounde,q2_2_2,Agent_99,TREMINUS
4,4,2,4,3,gemma3:27b,data_pmus_yaounde,q2_3_1,Agent_99,TERMINUS
4,4,2,4,3,gemma3:27b,data_pmus_yaounde,q2_3_2,Agent_99,0NANA
5,4,4,4,4,gemma3:27b,data_pmus_yaounde,q2_3,Agent_99,NON
4,4,2,4,3,gemma3:27b,data_pmus_yaounde,q2_4,Agent_99,PAR BUS STACY
4,4,2,4,3,gemma3:27b,data_pmus_yaounde,q2_5_1,Agent_99,TERMINUS
4,4,2,4,3,gemma3:27b,data_pmus_yaounde,q2_5_2,Agent_99,TERMINUS
4,4,2,4,3,gemma3:27b,data_pmus_yaounde,q2_6_1,Agent_99,ELEVEUR
4,4,2,4,3,gemma3:27b,data_pmus_yaounde,q2_6_2,Agent_99,CENTRE VILLE
4,4,3,4,4,gemma3:27b,data_pmus_yaounde,q3_1,Agent_99,NON
4,3,4,4,3,gemma3:27b,data_pmus_yaounde,q3_2,Agent_99,PAR BUS STACY
4,4,3,4,3,gemma3:27b,data_pmus_yaounde,q3_3_1,Agent_99,TERMINUS
4,4,2,4,3,gemma3:27b,data_pmus_yaounde,q3_3_2,Agent_99,TERMINUS
5,4,2,5,2,gemma3:27b,data_pmus_yaounde,q4_1_a,Agent_99,Veuillez indiquer depuis combien de temps vous attendez.
4,3,3,4,4,gemma3:27b,data_pmus_yaounde,q4_1_b,Agent_99,PLUS DE 20 MINUTES
5,4,2,5,2,gemma3:27b,data_pmus_yaounde,q4_2_a,Agent_99,Veuillez indiquer depuis combien de temps vous attendez.
4,3,3,4,4,gemma3:27b,data_pmus_yaounde,q4_2_b,Agent_99,30 60 MIN
4,4,4,4,4,gemma3:27b,data_pmus_yaounde,q4_3,Agent_99,650
4,3,4,4,4,gemma3:27b,data_pmus_yaounde,q4_4,Agent_99,D MARCHES ADMINISTRATIVES ET OU SANT
3,3,3,4,3,gemma3:27b,data_pmus_yaounde,q4_4_autres,Agent_99,ACHAT
5,3,4,4,4,gemma3:27b,data_pmus_yaounde,q5_1,Agent_99,ENTRE 18 ET 25 ANS
5,3,4,4,4,gemma3:27b,data_pmus_yaounde,q5_2,Agent_99,MOINS DE 30 000
4,4,4,4,4,gemma3:27b,data_pmus_yaounde,q5_3,Agent_99,FEMME
4,4,2,4,3,gemma3:27b,data_pmus_yaounde,centre ville,Agent_100,YAOUNDE
5,4,4,4,4,gemma3:27b,data_pmus_yaounde,q1_1,Agent_100,UN QUARTIER DE LA VILLE DE YAOUNDE
4,4,3,4,4,gemma3:27b,data_pmus_yaounde,q1_1_a,Agent_100,NKOA MBANG
4,4,3,4,3,gemma3:27b,data_pmus_yaounde,q1_1_b,Agent_100,ARNO
4,4,2,4,3,gemma3:27b,data_pmus_yaounde,q1_1_c,Agent_100,NKOA MBANG
5,4,4,4,4,gemma3:27b,data_pmus_yaounde,q1_2,Agent_100,UN QUARTIER DE LA VILLE DE YAOUNDE
4,4,4,4,4,gemma3:27b,data_pmus_yaounde,q1_2_a,Agent_100,ABOM
4,4,3,4,3,gemma3:27b,data_pmus_yaounde,q1_2_b,Agent_100,10 IEME ARRET
4,4,2,4,3,gemma3:27b,data_pmus_yaounde,q1_3_c,Agent_100,AFANOYA
4,3,4,4,3,gemma3:27b,data_pmus_yaounde,q2_1,Agent_100,PAR BUS STACY
4,4,2,4,3,gemma3:27b,data_pmus_yaounde,q2_2_1,Agent_100,NGOUMOU
4,4,2,4,3,gemma3:27b,data_pmus_yaounde,q2_2_2,Agent_100,NGOUMOU
4,4,2,4,3,gemma3:27b,data_pmus_yaounde,q2_3_1,Agent_100,NKOLBISSON
4,4,2,4,3,gemma3:27b,data_pmus_yaounde,q2_3_2,Agent_100,NKOLBISSON
5,4,4,4,4,gemma3:27b,data_pmus_yaounde,q2_3,Agent_100,NON
4,4,2,4,3,gemma3:27b,data_pmus_yaounde,q2_4,Agent_100,PAR BUS AGENCE INTERURBAIN
4,4,2,4,3,gemma3:27b,data_pmus_yaounde,q2_5_1,Agent_100,NGOUMOU
4,4,2,4,3,gemma3:27b,data_pmus_yaounde,q2_5_2,Agent_100,ENTREE COLOMBE
4,4,2,4,3,gemma3:27b,data_pmus_yaounde,q2_6_1,Agent_100,ABATTOIR
4,4,2,4,3,gemma3:27b,data_pmus_yaounde,q2_6_2,Agent_100,ARRET BUS
4,4,3,4,4,gemma3:27b,data_pmus_yaounde,q3_1,Agent_100,NON
4,3,4,4,3,gemma3:27b,data_pmus_yaounde,q3_2,Agent_100,PAR BUS STACY
4,4,3,4,3,gemma3:27b,data_pmus_yaounde,q3_3_1,Agent_100,ACACIA
4,4,2,4,3,gemma3:27b,data_pmus_yaounde,q3_3_2,Agent_100,NKOL FOULOU
5,4,2,5,2,gemma3:27b,data_pmus_yaounde,q4_1_a,Agent_100,Veuillez indiquer depuis combien de temps vous attendez.
4,3,3,4,4,gemma3:27b,data_pmus_yaounde,q4_1_b,Agent_100,MOINS DE 5 MIN
5,4,2,5,2,gemma3:27b,data_pmus_yaounde,q4_2_a,Agent_100,Veuillez indiquer depuis combien de temps vous attendez.
4,3,3,4,4,gemma3:27b,data_pmus_yaounde,q4_2_b,Agent_100,15 30 MIN
4,4,4,4,4,gemma3:27b,data_pmus_yaounde,q4_3,Agent_100,650
4,3,4,4,4,gemma3:27b,data_pmus_yaounde,q4_4,Agent_100,TRAVAIL
3,3,3,4,3,gemma3:27b,data_pmus_yaounde,q4_4_autres,Agent_100,ACHAT
5,3,4,4,4,gemma3:27b,data_pmus_yaounde,q5_1,Agent_100,ENTRE 36 ET 45 ANS
5,3,4,4,4,gemma3:27b,data_pmus_yaounde,q5_2,Agent_100,ENTRE 30 001 ET 100 000
4,4,4,4,4,gemma3:27b,data_pmus_yaounde,q5_3,Agent_100,HOMME
4,4,2,4,3,gemma3:27b,data_pmus_yaounde,centre ville,Agent_101,YAOUNDE
5,4,4,4,4,gemma3:27b,data_pmus_yaounde,q1_1,Agent_101,UN QUARTIER DE LA VILLE DE YAOUNDE
4,4,3,4,4,gemma3:27b,data_pmus_yaounde,q1_1_a,Agent_101,NSIMEYONG
4,4,3,4,3,gemma3:27b,data_pmus_yaounde,q1_1_b,Agent_101,10EME ARRET
4,4,2,4,3,gemma3:27b,data_pmus_yaounde,q1_1_c,Agent_101,AFANOYA
5,4,4,4,4,gemma3:27b,data_pmus_yaounde,q1_2,Agent_101,UN QUARTIER DE LA VILLE DE YAOUNDE
4,4,4,4,4,gemma3:27b,data_pmus_yaounde,q1_2_a,Agent_101,ABOM
4,4,3,4,3,gemma3:27b,data_pmus_yaounde,q1_2_b,Agent_101,10 IEME ARRET
4,4,2,4,3,gemma3:27b,data_pmus_yaounde,q1_3_c,Agent_101,AFANOYA
4,3,4,4,3,gemma3:27b,data_pmus_yaounde,q2_1,Agent_101,PAR BUS STACY
4,4,2,4,3,gemma3:27b,data_pmus_yaounde,q2_2_1,Agent_101,2 CHEVEAU
4,4,2,4,3,gemma3:27b,data_pmus_yaounde,q2_2_2,Agent_101,DIXIEME ARET
4,4,2,4,3,gemma3:27b,data_pmus_yaounde,q2_3_1,Agent_101,0LESOA
4,4,2,4,3,gemma3:27b,data_pmus_yaounde,q2_3_2,Agent_101,0NANA
5,4,4,4,4,gemma3:27b,data_pmus_yaounde,q2_3,Agent_101,NON
4,4,2,4,3,gemma3:27b,data_pmus_yaounde,q2_4,Agent_101,PAR BUS AGENCE INTERURBAIN
4,4,2,4,3,gemma3:27b,data_pmus_yaounde,q2_5_1,Agent_101,A B0NAS
4,4,2,4,3,gemma3:27b,data_pmus_yaounde,q2_5_2,Agent_101,NGONA
4,4,2,4,3,gemma3:27b,data_pmus_yaounde,q2_6_1,Agent_101,NSIMEYONG
4,4,2,4,3,gemma3:27b,data_pmus_yaounde,q2_6_2,Agent_101,NGOA EKELLE
4,4,3,4,4,gemma3:27b,data_pmus_yaounde,q3_1,Agent_101,NON
4,3,4,4,3,gemma3:27b,data_pmus_yaounde,q3_2,Agent_101,PAR BUS STACY
4,4,3,4,3,gemma3:27b,data_pmus_yaounde,q3_3_1,Agent_101,NGOCK
4,4,2,4,3,gemma3:27b,data_pmus_yaounde,q3_3_2,Agent_101,NEW ROUTE
5,4,2,5,2,gemma3:27b,data_pmus_yaounde,q4_1_a,Agent_101,Veuillez indiquer depuis combien de temps vous attendez.
4,3,3,4,4,gemma3:27b,data_pmus_yaounde,q4_1_b,Agent_101,MOINS DE 5 MIN
5,4,2,5,2,gemma3:27b,data_pmus_yaounde,q4_2_a,Agent_101,Veuillez indiquer depuis combien de temps vous attendez.
4,3,3,4,4,gemma3:27b,data_pmus_yaounde,q4_2_b,Agent_101,30 60 MIN
4,4,4,4,4,gemma3:27b,data_pmus_yaounde,q4_3,Agent_101,1900
4,3,4,4,4,gemma3:27b,data_pmus_yaounde,q4_4,Agent_101,TRAVAIL
3,3,3,4,3,gemma3:27b,data_pmus_yaounde,q4_4_autres,Agent_101,LES AFFAIRES
5,3,4,4,4,gemma3:27b,data_pmus_yaounde,q5_1,Agent_101,ENTRE 36 ET 45 ANS
5,3,4,4,4,gemma3:27b,data_pmus_yaounde,q5_2,Agent_101,ENTRE 300 001 ET 500 000
4,4,4,4,4,gemma3:27b,data_pmus_yaounde,q5_3,Agent_101,HOMME
4,4,2,4,3,gemma3:27b,data_pmus_yaounde,centre ville,Agent_102,YAOUNDE
5,4,4,4,4,gemma3:27b,data_pmus_yaounde,q1_1,Agent_102,HORS DE LA VILLE DE YAOUNDE
4,4,3,4,4,gemma3:27b,data_pmus_yaounde,q1_1_a,Agent_102,ETOA MEKI
4,4,3,4,3,gemma3:27b,data_pmus_yaounde,q1_1_b,Agent_102,FOYE BANDJOUM
4,4,2,4,3,gemma3:27b,data_pmus_yaounde,q1_1_c,Agent_102,AFANOYA
5,4,4,4,4,gemma3:27b,data_pmus_yaounde,q1_2,Agent_102,UN QUARTIER DE LA VILLE DE YAOUNDE
4,4,4,4,4,gemma3:27b,data_pmus_yaounde,q1_2_a,Agent_102,ETOA MEKI
4,4,3,4,3,gemma3:27b,data_pmus_yaounde,q1_2_b,Agent_102,10 IEME ARRET
4,4,2,4,3,gemma3:27b,data_pmus_yaounde,q1_3_c,Agent_102,AFANOYA
4,3,4,4,3,gemma3:27b,data_pmus_yaounde,q2_1,Agent_102,PAR BUS STACY
4,4,2,4,3,gemma3:27b,data_pmus_yaounde,q2_2_1,Agent_102,GARE ROUTIER OBALLA
4,4,2,4,3,gemma3:27b,data_pmus_yaounde,q2_2_2,Agent_102,DEPOT DE GAZ
4,4,2,4,3,gemma3:27b,data_pmus_yaounde,q2_3_1,Agent_102,0LESOA
4,4,2,4,3,gemma3:27b,data_pmus_yaounde,q2_3_2,Agent_102,NGOUISSO
5,4,4,4,4,gemma3:27b,data_pmus_yaounde,q2_3,Agent_102,NON
4,4,2,4,3,gemma3:27b,data_pmus_yaounde,q2_4,Agent_102,PAR BUS AGENCE INTERURBAIN
4,4,2,4,3,gemma3:27b,data_pmus_yaounde,q2_5_1,Agent_102,ETOUEBE
4,4,2,4,3,gemma3:27b,data_pmus_yaounde,q2_5_2,Agent_102,STATION
4,4,2,4,3,gemma3:27b,data_pmus_yaounde,q2_6_1,Agent_102,NGOUSSO
4,4,2,4,3,gemma3:27b,data_pmus_yaounde,q2_6_2,Agent_102,BARRIERE
4,4,3,4,4,gemma3:27b,data_pmus_yaounde,q3_1,Agent_102,NON
4,3,4,4,3,gemma3:27b,data_pmus_yaounde,q3_2,Agent_102,PAR BUS AGENCE INTERURBAIN
4,4,3,4,3,gemma3:27b,data_pmus_yaounde,q3_3_1,Agent_102,OVENG
4,4,2,4,3,gemma3:27b,data_pmus_yaounde,q3_3_2,Agent_102,AVENUE FOE
5,4,2,5,2,gemma3:27b,data_pmus_yaounde,q4_1_a,Agent_102,Veuillez indiquer depuis combien de temps vous attendez.
4,3,3,4,4,gemma3:27b,data_pmus_yaounde,q4_1_b,Agent_102,MOINS DE 5 MIN
5,4,2,5,2,gemma3:27b,data_pmus_yaounde,q4_2_a,Agent_102,Veuillez indiquer depuis combien de temps vous attendez.
4,3,3,4,4,gemma3:27b,data_pmus_yaounde,q4_2_b,Agent_102,30 60 MIN
4,4,4,4,4,gemma3:27b,data_pmus_yaounde,q4_3,Agent_102,2500
4,3,4,4,4,gemma3:27b,data_pmus_yaounde,q4_4,Agent_102,VISITE FAMILLE
3,3,3,4,3,gemma3:27b,data_pmus_yaounde,q4_4_autres,Agent_102,RENCONTRE
5,3,4,4,4,gemma3:27b,data_pmus_yaounde,q5_1,Agent_102,ENTRE 36 ET 45 ANS
5,3,4,4,4,gemma3:27b,data_pmus_yaounde,q5_2,Agent_102,ENTRE 30 001 ET 100 000
4,4,4,4,4,gemma3:27b,data_pmus_yaounde,q5_3,Agent_102,HOMME
4,4,2,4,3,gemma3:27b,data_pmus_yaounde,centre ville,Agent_103,YAOUNDE
5,4,4,4,4,gemma3:27b,data_pmus_yaounde,q1_1,Agent_103,UN QUARTIER DE LA VILLE DE YAOUNDE
4,4,3,4,4,gemma3:27b,data_pmus_yaounde,q1_1_a,Agent_103,MFOU
4,4,3,4,3,gemma3:27b,data_pmus_yaounde,q1_1_b,Agent_103,MIDA
4,4,2,4,3,gemma3:27b,data_pmus_yaounde,q1_1_c,Agent_103,AFANOYA
5,4,4,4,4,gemma3:27b,data_pmus_yaounde,q1_2,Agent_103,UN QUARTIER DE LA VILLE DE YAOUNDE
4,4,4,4,4,gemma3:27b,data_pmus_yaounde,q1_2_a,Agent_103,ABOM
4,4,3,4,3,gemma3:27b,data_pmus_yaounde,q1_2_b,Agent_103,10 IEME ARRET
4,4,2,4,3,gemma3:27b,data_pmus_yaounde,q1_3_c,Agent_103,AFANOYA
4,3,4,4,3,gemma3:27b,data_pmus_yaounde,q2_1,Agent_103,PAR BUS STACY
4,4,2,4,3,gemma3:27b,data_pmus_yaounde,q2_2_1,Agent_103,2 CHEVEAU
4,4,2,4,3,gemma3:27b,data_pmus_yaounde,q2_2_2,Agent_103,FOYER BANJOUN
4,4,2,4,3,gemma3:27b,data_pmus_yaounde,q2_3_1,Agent_103,0LESOA
4,4,2,4,3,gemma3:27b,data_pmus_yaounde,q2_3_2,Agent_103,DISPANSSAIRE
5,4,4,4,4,gemma3:27b,data_pmus_yaounde,q2_3,Agent_103,NON
4,4,2,4,3,gemma3:27b,data_pmus_yaounde,q2_4,Agent_103,PAR BUS STACY
4,4,2,4,3,gemma3:27b,data_pmus_yaounde,q2_5_1,Agent_103,A B0NAS
4,4,2,4,3,gemma3:27b,data_pmus_yaounde,q2_5_2,Agent_103,0MPHINE
4,4,2,4,3,gemma3:27b,data_pmus_yaounde,q2_6_1,Agent_103,MENDONG
4,4,2,4,3,gemma3:27b,data_pmus_yaounde,q2_6_2,Agent_103,HOPITAL GENRERAL
4,4,3,4,4,gemma3:27b,data_pmus_yaounde,q3_1,Agent_103,NON
4,3,4,4,3,gemma3:27b,data_pmus_yaounde,q3_2,Agent_103,PAR BUS STACY
4,4,3,4,3,gemma3:27b,data_pmus_yaounde,q3_3_1,Agent_103,ACACIA
4,4,2,4,3,gemma3:27b,data_pmus_yaounde,q3_3_2,Agent_103,HOPITAL
5,4,2,5,2,gemma3:27b,data_pmus_yaounde,q4_1_a,Agent_103,Veuillez indiquer depuis combien de temps vous attendez.
4,3,3,4,4,gemma3:27b,data_pmus_yaounde,q4_1_b,Agent_103,MOINS DE 5 MIN
5,4,2,5,2,gemma3:27b,data_pmus_yaounde,q4_2_a,Agent_103,Veuillez indiquer depuis combien de temps vous attendez.
4,3,3,4,4,gemma3:27b,data_pmus_yaounde,q4_2_b,Agent_103,30 60 MIN
4,4,4,4,4,gemma3:27b,data_pmus_yaounde,q4_3,Agent_103,250
4,3,4,4,4,gemma3:27b,data_pmus_yaounde,q4_4,Agent_103,TRAVAIL
3,3,3,4,3,gemma3:27b,data_pmus_yaounde,q4_4_autres,Agent_103,HOPITAL
5,3,4,4,4,gemma3:27b,data_pmus_yaounde,q5_1,Agent_103,ENTRE 36 ET 45 ANS
5,3,4,4,4,gemma3:27b,data_pmus_yaounde,q5_2,Agent_103,ENTRE 30 001 ET 100 000
4,4,4,4,4,gemma3:27b,data_pmus_yaounde,q5_3,Agent_103,FEMME
4,4,2,4,3,gemma3:27b,data_pmus_yaounde,centre ville,Agent_104,YAOUNDE
5,4,4,4,4,gemma3:27b,data_pmus_yaounde,q1_1,Agent_104,HORS DE LA VILLE DE YAOUNDE
4,4,3,4,4,gemma3:27b,data_pmus_yaounde,q1_1_a,Agent_104,ABIT
4,4,3,4,3,gemma3:27b,data_pmus_yaounde,q1_1_b,Agent_104,10EME ARRET
4,4,2,4,3,gemma3:27b,data_pmus_yaounde,q1_1_c,Agent_104,AFANOYA
5,4,4,4,4,gemma3:27b,data_pmus_yaounde,q1_2,Agent_104,UN QUARTIER DE LA VILLE DE YAOUNDE
4,4,4,4,4,gemma3:27b,data_pmus_yaounde,q1_2_a,Agent_104,POSTE CENTRALE
4,4,3,4,3,gemma3:27b,data_pmus_yaounde,q1_2_b,Agent_104,10 IEME ARRET
4,4,2,4,3,gemma3:27b,data_pmus_yaounde,q1_3_c,Agent_104,KRIBI
4,3,4,4,3,gemma3:27b,data_pmus_yaounde,q2_1,Agent_104,PAR TAXI
4,4,2,4,3,gemma3:27b,data_pmus_yaounde,q2_2_1,Agent_104,AHALA
4,4,2,4,3,gemma3:27b,data_pmus_yaounde,q2_2_2,Agent_104,POSTE CENTRALE
4,4,2,4,3,gemma3:27b,data_pmus_yaounde,q2_3_1,Agent_104,POSTE CENTRALE
4,4,2,4,3,gemma3:27b,data_pmus_yaounde,q2_3_2,Agent_104,0NANA
5,4,4,4,4,gemma3:27b,data_pmus_yaounde,q2_3,Agent_104,NON
4,4,2,4,3,gemma3:27b,data_pmus_yaounde,q2_4,Agent_104,PAR TAXI
4,4,2,4,3,gemma3:27b,data_pmus_yaounde,q2_5_1,Agent_104,A B0NAS
4,4,2,4,3,gemma3:27b,data_pmus_yaounde,q2_5_2,Agent_104,0MPHINE
4,4,2,4,3,gemma3:27b,data_pmus_yaounde,q2_6_1,Agent_104,ABATTOIR
4,4,2,4,3,gemma3:27b,data_pmus_yaounde,q2_6_2,Agent_104,POSTE CENTRALE
4,4,3,4,4,gemma3:27b,data_pmus_yaounde,q3_1,Agent_104,NON
4,3,4,4,3,gemma3:27b,data_pmus_yaounde,q3_2,Agent_104,PAR TAXI
4,4,3,4,3,gemma3:27b,data_pmus_yaounde,q3_3_1,Agent_104,SONEL CENTRAL
4,4,2,4,3,gemma3:27b,data_pmus_yaounde,q3_3_2,Agent_104,SONEL CENTRAL
5,4,2,5,2,gemma3:27b,data_pmus_yaounde,q4_1_a,Agent_104,Veuillez indiquer depuis combien de temps vous attendez.
4,3,3,4,4,gemma3:27b,data_pmus_yaounde,q4_1_b,Agent_104,MOINS DE 5 MIN
5,4,2,5,2,gemma3:27b,data_pmus_yaounde,q4_2_a,Agent_104,Veuillez indiquer depuis combien de temps vous attendez.
4,3,3,4,4,gemma3:27b,data_pmus_yaounde,q4_2_b,Agent_104,30 60 MIN
4,4,4,4,4,gemma3:27b,data_pmus_yaounde,q4_3,Agent_104,2800
4,3,4,4,4,gemma3:27b,data_pmus_yaounde,q4_4,Agent_104,TRAVAIL
3,3,3,4,3,gemma3:27b,data_pmus_yaounde,q4_4_autres,Agent_104,LES AFFAIRES
5,3,4,4,4,gemma3:27b,data_pmus_yaounde,q5_1,Agent_104,ENTRE 36 ET 45 ANS
5,3,4,4,4,gemma3:27b,data_pmus_yaounde,q5_2,Agent_104,PLUS DE 500 001
4,4,4,4,4,gemma3:27b,data_pmus_yaounde,q5_3,Agent_104,HOMME
4,4,2,4,3,gemma3:27b,data_pmus_yaounde,centre ville,Agent_105,YAOUNDE
5,4,4,4,4,gemma3:27b,data_pmus_yaounde,q1_1,Agent_105,UN QUARTIER DE LA VILLE DE YAOUNDE
4,4,3,4,4,gemma3:27b,data_pmus_yaounde,q1_1_a,Agent_105,ABIT
4,4,3,4,3,gemma3:27b,data_pmus_yaounde,q1_1_b,Agent_105,MONTE DU PARC
4,4,2,4,3,gemma3:27b,data_pmus_yaounde,q1_1_c,Agent_105,AFANOYA
5,4,4,4,4,gemma3:27b,data_pmus_yaounde,q1_2,Agent_105,UN QUARTIER DE LA VILLE DE YAOUNDE
4,4,4,4,4,gemma3:27b,data_pmus_yaounde,q1_2_a,Agent_105,KOLBIKI
4,4,3,4,3,gemma3:27b,data_pmus_yaounde,q1_2_b,Agent_105,KOLBIKO
4,4,2,4,3,gemma3:27b,data_pmus_yaounde,q1_3_c,Agent_105,AFANOYA
4,3,4,4,3,gemma3:27b,data_pmus_yaounde,q2_1,Agent_105,A PIED
4,4,2,4,3,gemma3:27b,data_pmus_yaounde,q2_2_1,Agent_105,NLONGKAK
4,4,2,4,3,gemma3:27b,data_pmus_yaounde,q2_2_2,Agent_105,10 E ARRET
4,4,2,4,3,gemma3:27b,data_pmus_yaounde,q2_3_1,Agent_105,LYCCE TECHNIQUE DE KOLBISON
4,4,2,4,3,gemma3:27b,data_pmus_yaounde,q2_3_2,Agent_105,0NANA
5,4,4,4,4,gemma3:27b,data_pmus_yaounde,q2_3,Agent_105,OUI
4,4,2,4,3,gemma3:27b,data_pmus_yaounde,q2_4,Agent_105,PAR BUS STACY
4,4,2,4,3,gemma3:27b,data_pmus_yaounde,q2_5_1,Agent_105,NSIMALEN
4,4,2,4,3,gemma3:27b,data_pmus_yaounde,q2_5_2,Agent_105,0MPHINE
4,4,2,4,3,gemma3:27b,data_pmus_yaounde,q2_6_1,Agent_105,ONANA
4,4,2,4,3,gemma3:27b,data_pmus_yaounde,q2_6_2,Agent_105,11EME ARRET
4,4,3,4,4,gemma3:27b,data_pmus_yaounde,q3_1,Agent_105,NON
4,3,4,4,3,gemma3:27b,data_pmus_yaounde,q3_2,Agent_105,PAR BUS STACY
4,4,3,4,3,gemma3:27b,data_pmus_yaounde,q3_3_1,Agent_105,TERMINUS
4,4,2,4,3,gemma3:27b,data_pmus_yaounde,q3_3_2,Agent_105,TERMINUS
5,4,2,5,2,gemma3:27b,data_pmus_yaounde,q4_1_a,Agent_105,Veuillez indiquer depuis combien de temps vous attendez.
4,3,3,4,4,gemma3:27b,data_pmus_yaounde,q4_1_b,Agent_105,PLUS DE 20 MINUTES
5,4,2,5,2,gemma3:27b,data_pmus_yaounde,q4_2_a,Agent_105,Veuillez indiquer depuis combien de temps vous attendez.
4,3,3,4,4,gemma3:27b,data_pmus_yaounde,q4_2_b,Agent_105,30 60 MIN
4,4,4,4,4,gemma3:27b,data_pmus_yaounde,q4_3,Agent_105,1550
4,3,4,4,4,gemma3:27b,data_pmus_yaounde,q4_4,Agent_105,COURSES
3,3,3,4,3,gemma3:27b,data_pmus_yaounde,q4_4_autres,Agent_105,FAIRE DU MARCHE
5,3,4,4,4,gemma3:27b,data_pmus_yaounde,q5_1,Agent_105,MOINS DE 18 ANS
5,3,4,4,4,gemma3:27b,data_pmus_yaounde,q5_2,Agent_105,MOINS DE 30 000
4,4,4,4,4,gemma3:27b,data_pmus_yaounde,q5_3,Agent_105,FEMME
4,4,2,4,3,gemma3:27b,data_pmus_yaounde,centre ville,Agent_106,YAOUNDE
5,4,4,4,4,gemma3:27b,data_pmus_yaounde,q1_1,Agent_106,HORS DE LA VILLE DE YAOUNDE
4,4,3,4,4,gemma3:27b,data_pmus_yaounde,q1_1_a,Agent_106,ABIT
4,4,3,4,3,gemma3:27b,data_pmus_yaounde,q1_1_b,Agent_106,10EME ARRET
4,4,2,4,3,gemma3:27b,data_pmus_yaounde,q1_1_c,Agent_106,AFANOYA
5,4,4,4,4,gemma3:27b,data_pmus_yaounde,q1_2,Agent_106,UN QUARTIER DE LA VILLE DE YAOUNDE
4,4,4,4,4,gemma3:27b,data_pmus_yaounde,q1_2_a,Agent_106,CITE VERTE
4,4,3,4,3,gemma3:27b,data_pmus_yaounde,q1_2_b,Agent_106,10 IEME ARRET
4,4,2,4,3,gemma3:27b,data_pmus_yaounde,q1_3_c,Agent_106,AFANOYA
4,3,4,4,3,gemma3:27b,data_pmus_yaounde,q2_1,Agent_106,PAR BUS STACY
4,4,2,4,3,gemma3:27b,data_pmus_yaounde,q2_2_1,Agent_106,MARCHE CENTRAL
4,4,2,4,3,gemma3:27b,data_pmus_yaounde,q2_2_2,Agent_106,10 E ARRET
4,4,2,4,3,gemma3:27b,data_pmus_yaounde,q2_3_1,Agent_106,CITE VERTE
4,4,2,4,3,gemma3:27b,data_pmus_yaounde,q2_3_2,Agent_106,CARREFIUR
5,4,4,4,4,gemma3:27b,data_pmus_yaounde,q2_3,Agent_106,NON
4,4,2,4,3,gemma3:27b,data_pmus_yaounde,q2_4,Agent_106,PAR BUS STACY
4,4,2,4,3,gemma3:27b,data_pmus_yaounde,q2_5_1,Agent_106,CITE VERTE
4,4,2,4,3,gemma3:27b,data_pmus_yaounde,q2_5_2,Agent_106,MONTE CITE VERTE
4,4,2,4,3,gemma3:27b,data_pmus_yaounde,q2_6_1,Agent_106,ABATTOIR
4,4,2,4,3,gemma3:27b,data_pmus_yaounde,q2_6_2,Agent_106,ROND POINT MECC
4,4,3,4,4,gemma3:27b,data_pmus_yaounde,q3_1,Agent_106,NON
4,3,4,4,3,gemma3:27b,data_pmus_yaounde,q3_2,Agent_106,PAR BUS STACY
4,4,3,4,3,gemma3:27b,data_pmus_yaounde,q3_3_1,Agent_106,CARREFOUR MEEC
4,4,2,4,3,gemma3:27b,data_pmus_yaounde,q3_3_2,Agent_106,10 IEME ARRET
5,4,2,5,2,gemma3:27b,data_pmus_yaounde,q4_1_a,Agent_106,Veuillez indiquer depuis combien de temps vous attendez.
4,3,3,4,4,gemma3:27b,data_pmus_yaounde,q4_1_b,Agent_106,MOINS DE 5 MIN
5,4,2,5,2,gemma3:27b,data_pmus_yaounde,q4_2_a,Agent_106,Veuillez indiquer depuis combien de temps vous attendez.
4,3,3,4,4,gemma3:27b,data_pmus_yaounde,q4_2_b,Agent_106,30 60 MIN
4,4,4,4,4,gemma3:27b,data_pmus_yaounde,q4_3,Agent_106,900
4,3,4,4,4,gemma3:27b,data_pmus_yaounde,q4_4,Agent_106,VISITE FAMILLE
3,3,3,4,3,gemma3:27b,data_pmus_yaounde,q4_4_autres,Agent_106,RENCONTRE
5,3,4,4,4,gemma3:27b,data_pmus_yaounde,q5_1,Agent_106,ENTRE 18 ET 25 ANS
5,3,4,4,4,gemma3:27b,data_pmus_yaounde,q5_2,Agent_106,ENTRE 30 001 ET 100 000
4,4,4,4,4,gemma3:27b,data_pmus_yaounde,q5_3,Agent_106,HOMME
4,4,2,4,3,gemma3:27b,data_pmus_yaounde,centre ville,Agent_107,YAOUNDE
5,4,4,4,4,gemma3:27b,data_pmus_yaounde,q1_1,Agent_107,HORS DE LA VILLE DE YAOUNDE
4,4,3,4,4,gemma3:27b,data_pmus_yaounde,q1_1_a,Agent_107,ABIT
4,4,3,4,3,gemma3:27b,data_pmus_yaounde,q1_1_b,Agent_107,10EME ARRET
4,4,2,4,3,gemma3:27b,data_pmus_yaounde,q1_1_c,Agent_107,AFANOYA
5,4,4,4,4,gemma3:27b,data_pmus_yaounde,q1_2,Agent_107,UN QUARTIER DE LA VILLE DE YAOUNDE
4,4,4,4,4,gemma3:27b,data_pmus_yaounde,q1_2_a,Agent_107,MONASTER
4,4,3,4,3,gemma3:27b,data_pmus_yaounde,q1_2_b,Agent_107,10 IEME ARRET
4,4,2,4,3,gemma3:27b,data_pmus_yaounde,q1_3_c,Agent_107,AFANOYA
4,3,4,4,3,gemma3:27b,data_pmus_yaounde,q2_1,Agent_107,PAR BUS STACY
4,4,2,4,3,gemma3:27b,data_pmus_yaounde,q2_2_1,Agent_107,2 CHEVEAU
4,4,2,4,3,gemma3:27b,data_pmus_yaounde,q2_2_2,Agent_107,10 E ARRET
4,4,2,4,3,gemma3:27b,data_pmus_yaounde,q2_3_1,Agent_107,ETOUG EBE
4,4,2,4,3,gemma3:27b,data_pmus_yaounde,q2_3_2,Agent_107,0NANA
5,4,4,4,4,gemma3:27b,data_pmus_yaounde,q2_3,Agent_107,NON
4,4,2,4,3,gemma3:27b,data_pmus_yaounde,q2_4,Agent_107,PAR BUS STACY
4,4,2,4,3,gemma3:27b,data_pmus_yaounde,q2_5_1,Agent_107,A B0NAS
4,4,2,4,3,gemma3:27b,data_pmus_yaounde,q2_5_2,Agent_107,0MPHINE
4,4,2,4,3,gemma3:27b,data_pmus_yaounde,q2_6_1,Agent_107,ABATTOIR
4,4,2,4,3,gemma3:27b,data_pmus_yaounde,q2_6_2,Agent_107,ETOUG EBE CENTRE
4,4,3,4,4,gemma3:27b,data_pmus_yaounde,q3_1,Agent_107,NON
4,3,4,4,3,gemma3:27b,data_pmus_yaounde,q3_2,Agent_107,PAR BUS STACY
4,4,3,4,3,gemma3:27b,data_pmus_yaounde,q3_3_1,Agent_107,MONASTER
4,4,2,4,3,gemma3:27b,data_pmus_yaounde,q3_3_2,Agent_107,10 IEME ARRET
5,4,2,5,2,gemma3:27b,data_pmus_yaounde,q4_1_a,Agent_107,Veuillez indiquer depuis combien de temps vous attendez.
4,3,3,4,4,gemma3:27b,data_pmus_yaounde,q4_1_b,Agent_107,MOINS DE 5 MIN
5,4,2,5,2,gemma3:27b,data_pmus_yaounde,q4_2_a,Agent_107,Veuillez indiquer depuis combien de temps vous attendez.
4,3,3,4,4,gemma3:27b,data_pmus_yaounde,q4_2_b,Agent_107,30 60 MIN
4,4,4,4,4,gemma3:27b,data_pmus_yaounde,q4_3,Agent_107,300
4,3,4,4,4,gemma3:27b,data_pmus_yaounde,q4_4,Agent_107,VISITE FAMILLE
3,3,3,4,3,gemma3:27b,data_pmus_yaounde,q4_4_autres,Agent_107,RENCONTRE
5,3,4,4,4,gemma3:27b,data_pmus_yaounde,q5_1,Agent_107,ENTRE 36 ET 45 ANS
5,3,4,4,4,gemma3:27b,data_pmus_yaounde,q5_2,Agent_107,ENTRE 300 001 ET 500 000
4,4,4,4,4,gemma3:27b,data_pmus_yaounde,q5_3,Agent_107,HOMME
4,4,2,4,3,gemma3:27b,data_pmus_yaounde,centre ville,Agent_108,YAOUNDE
5,4,4,4,4,gemma3:27b,data_pmus_yaounde,q1_1,Agent_108,HORS DE LA VILLE DE YAOUNDE
4,4,3,4,4,gemma3:27b,data_pmus_yaounde,q1_1_a,Agent_108,ABIT
4,4,3,4,3,gemma3:27b,data_pmus_yaounde,q1_1_b,Agent_108,10EME ARRET
4,4,2,4,3,gemma3:27b,data_pmus_yaounde,q1_1_c,Agent_108,AFANOYA
5,4,4,4,4,gemma3:27b,data_pmus_yaounde,q1_2,Agent_108,UN QUARTIER DE LA VILLE DE YAOUNDE
4,4,4,4,4,gemma3:27b,data_pmus_yaounde,q1_2_a,Agent_108,OBILI
4,4,3,4,3,gemma3:27b,data_pmus_yaounde,q1_2_b,Agent_108,10 IEME ARRET
4,4,2,4,3,gemma3:27b,data_pmus_yaounde,q1_3_c,Agent_108,AFANOYA
4,3,4,4,3,gemma3:27b,data_pmus_yaounde,q2_1,Agent_108,A PIED
4,4,2,4,3,gemma3:27b,data_pmus_yaounde,q2_2_1,Agent_108,2 CHEVEAU
4,4,2,4,3,gemma3:27b,data_pmus_yaounde,q2_2_2,Agent_108,10 E ARRET
4,4,2,4,3,gemma3:27b,data_pmus_yaounde,q2_3_1,Agent_108,0LESOA
4,4,2,4,3,gemma3:27b,data_pmus_yaounde,q2_3_2,Agent_108,NKONMESSEIN
5,4,4,4,4,gemma3:27b,data_pmus_yaounde,q2_3,Agent_108,NON
4,4,2,4,3,gemma3:27b,data_pmus_yaounde,q2_4,Agent_108,PAR TAXI
4,4,2,4,3,gemma3:27b,data_pmus_yaounde,q2_5_1,Agent_108,A B0NAS
4,4,2,4,3,gemma3:27b,data_pmus_yaounde,q2_5_2,Agent_108,AVENUE KENNEDY
4,4,2,4,3,gemma3:27b,data_pmus_yaounde,q2_6_1,Agent_108,GARE
4,4,2,4,3,gemma3:27b,data_pmus_yaounde,q2_6_2,Agent_108,GARE VOYAGEUR
4,4,3,4,4,gemma3:27b,data_pmus_yaounde,q3_1,Agent_108,NON
4,3,4,4,3,gemma3:27b,data_pmus_yaounde,q3_2,Agent_108,PAR TAXI
4,4,3,4,3,gemma3:27b,data_pmus_yaounde,q3_3_1,Agent_108,OBOBOGO
4,4,2,4,3,gemma3:27b,data_pmus_yaounde,q3_3_2,Agent_108,AVANT OBERGE BLEU
5,4,2,5,2,gemma3:27b,data_pmus_yaounde,q4_1_a,Agent_108,Veuillez indiquer depuis combien de temps vous attendez.
4,3,3,4,4,gemma3:27b,data_pmus_yaounde,q4_1_b,Agent_108,MOINS DE 5 MIN
5,4,2,5,2,gemma3:27b,data_pmus_yaounde,q4_2_a,Agent_108,Veuillez indiquer depuis combien de temps vous attendez.
4,3,3,4,4,gemma3:27b,data_pmus_yaounde,q4_2_b,Agent_108,30 60 MIN
4,4,4,4,4,gemma3:27b,data_pmus_yaounde,q4_3,Agent_108,800
4,3,4,4,4,gemma3:27b,data_pmus_yaounde,q4_4,Agent_108,VISITE FAMILLE
3,3,3,4,3,gemma3:27b,data_pmus_yaounde,q4_4_autres,Agent_108,ACHAT
5,3,4,4,4,gemma3:27b,data_pmus_yaounde,q5_1,Agent_108,ENTRE 36 ET 45 ANS
5,3,4,4,4,gemma3:27b,data_pmus_yaounde,q5_2,Agent_108,ENTRE 30 001 ET 100 000
4,4,4,4,4,gemma3:27b,data_pmus_yaounde,q5_3,Agent_108,FEMME
4,4,2,4,3,gemma3:27b,data_pmus_yaounde,centre ville,Agent_109,YAOUNDE
5,4,4,4,4,gemma3:27b,data_pmus_yaounde,q1_1,Agent_109,HORS DE LA VILLE DE YAOUNDE
4,4,3,4,4,gemma3:27b,data_pmus_yaounde,q1_1_a,Agent_109,OYOM ABANG
4,4,3,4,3,gemma3:27b,data_pmus_yaounde,q1_1_b,Agent_109,MONGONNANG CHEFERI
4,4,2,4,3,gemma3:27b,data_pmus_yaounde,q1_1_c,Agent_109,NKOLBIKOGO
5,4,4,4,4,gemma3:27b,data_pmus_yaounde,q1_2,Agent_109,HORS DE LA VILLE DE YAOUNDE
4,4,4,4,4,gemma3:27b,data_pmus_yaounde,q1_2_a,Agent_109,ABOM
4,4,3,4,3,gemma3:27b,data_pmus_yaounde,q1_2_b,Agent_109,10 IEME ARRET
4,4,2,4,3,gemma3:27b,data_pmus_yaounde,q1_3_c,Agent_109,EDEA
4,3,4,4,3,gemma3:27b,data_pmus_yaounde,q2_1,Agent_109,PAR BUS STACY
4,4,2,4,3,gemma3:27b,data_pmus_yaounde,q2_2_1,Agent_109,2 CHEVEAU
4,4,2,4,3,gemma3:27b,data_pmus_yaounde,q2_2_2,Agent_109,CHEZ LE MINISTRE
4,4,2,4,3,gemma3:27b,data_pmus_yaounde,q2_3_1,Agent_109,NGOA EKELLE
4,4,2,4,3,gemma3:27b,data_pmus_yaounde,q2_3_2,Agent_109,0NANA
5,4,4,4,4,gemma3:27b,data_pmus_yaounde,q2_3,Agent_109,NON
4,4,2,4,3,gemma3:27b,data_pmus_yaounde,q2_4,Agent_109,PAR BUS STACY
4,4,2,4,3,gemma3:27b,data_pmus_yaounde,q2_5_1,Agent_109,NGOA EKELLE
4,4,2,4,3,gemma3:27b,data_pmus_yaounde,q2_5_2,Agent_109,CHEFERI
4,4,2,4,3,gemma3:27b,data_pmus_yaounde,q2_6_1,Agent_109,NGOA EKELLE
4,4,2,4,3,gemma3:27b,data_pmus_yaounde,q2_6_2,Agent_109,MARCHE
4,4,3,4,4,gemma3:27b,data_pmus_yaounde,q3_1,Agent_109,NON
4,3,4,4,3,gemma3:27b,data_pmus_yaounde,q3_2,Agent_109,PAR BUS STACY
4,4,3,4,3,gemma3:27b,data_pmus_yaounde,q3_3_1,Agent_109,NGOA EKELLE
4,4,2,4,3,gemma3:27b,data_pmus_yaounde,q3_3_2,Agent_109,OYOM ABANG
5,4,2,5,2,gemma3:27b,data_pmus_yaounde,q4_1_a,Agent_109,Veuillez indiquer depuis combien de temps vous attendez.
4,3,3,4,4,gemma3:27b,data_pmus_yaounde,q4_1_b,Agent_109,MOINS DE 5 MIN
5,4,2,5,2,gemma3:27b,data_pmus_yaounde,q4_2_a,Agent_109,Veuillez indiquer depuis combien de temps vous attendez.
4,3,3,4,4,gemma3:27b,data_pmus_yaounde,q4_2_b,Agent_109,30 60 MIN
4,4,4,4,4,gemma3:27b,data_pmus_yaounde,q4_3,Agent_109,800
4,3,4,4,4,gemma3:27b,data_pmus_yaounde,q4_4,Agent_109,COURSES
3,3,3,4,3,gemma3:27b,data_pmus_yaounde,q4_4_autres,Agent_109,FAIRE DU MARCHE
5,3,4,4,4,gemma3:27b,data_pmus_yaounde,q5_1,Agent_109,ENTRE 18 ET 25 ANS
5,3,4,4,4,gemma3:27b,data_pmus_yaounde,q5_2,Agent_109,MOINS DE 30 000
4,4,4,4,4,gemma3:27b,data_pmus_yaounde,q5_3,Agent_109,FEMME
4,4,2,4,3,gemma3:27b,data_pmus_yaounde,centre ville,Agent_110,YAOUNDE
5,4,4,4,4,gemma3:27b,data_pmus_yaounde,q1_1,Agent_110,HORS DE LA VILLE DE YAOUNDE
4,4,3,4,4,gemma3:27b,data_pmus_yaounde,q1_1_a,Agent_110,WARDA
4,4,3,4,3,gemma3:27b,data_pmus_yaounde,q1_1_b,Agent_110,10EME ARRET
4,4,2,4,3,gemma3:27b,data_pmus_yaounde,q1_1_c,Agent_110,AFANOYA
5,4,4,4,4,gemma3:27b,data_pmus_yaounde,q1_2,Agent_110,UN QUARTIER DE LA VILLE DE YAOUNDE
4,4,4,4,4,gemma3:27b,data_pmus_yaounde,q1_2_a,Agent_110,MBALLA 2
4,4,3,4,3,gemma3:27b,data_pmus_yaounde,q1_2_b,Agent_110,10 IEME ARRET
4,4,2,4,3,gemma3:27b,data_pmus_yaounde,q1_3_c,Agent_110,DOUALA
4,3,4,4,3,gemma3:27b,data_pmus_yaounde,q2_1,Agent_110,PAR BUS STACY
4,4,2,4,3,gemma3:27b,data_pmus_yaounde,q2_2_1,Agent_110,WARDA
4,4,2,4,3,gemma3:27b,data_pmus_yaounde,q2_2_2,Agent_110,COPALABANA
4,4,2,4,3,gemma3:27b,data_pmus_yaounde,q2_3_1,Agent_110,0LESOA
4,4,2,4,3,gemma3:27b,data_pmus_yaounde,q2_3_2,Agent_110,TOKOLO
5,4,4,4,4,gemma3:27b,data_pmus_yaounde,q2_3,Agent_110,NON
4,4,2,4,3,gemma3:27b,data_pmus_yaounde,q2_4,Agent_110,PAR BUS STACY
4,4,2,4,3,gemma3:27b,data_pmus_yaounde,q2_5_1,Agent_110,A B0NAS
4,4,2,4,3,gemma3:27b,data_pmus_yaounde,q2_5_2,Agent_110,BIYEM ASSI
4,4,2,4,3,gemma3:27b,data_pmus_yaounde,q2_6_1,Agent_110,BIYEM ASSI
4,4,2,4,3,gemma3:27b,data_pmus_yaounde,q2_6_2,Agent_110,CAMP SIC BIYEM ASSI
4,4,3,4,4,gemma3:27b,data_pmus_yaounde,q3_1,Agent_110,NON
4,3,4,4,3,gemma3:27b,data_pmus_yaounde,q3_2,Agent_110,PAR BUS STACY
4,4,3,4,3,gemma3:27b,data_pmus_yaounde,q3_3_1,Agent_110,ELEVEUR
4,4,2,4,3,gemma3:27b,data_pmus_yaounde,q3_3_2,Agent_110,ECO PARC
5,4,2,5,2,gemma3:27b,data_pmus_yaounde,q4_1_a,Agent_110,Veuillez indiquer depuis combien de temps vous attendez.
4,3,3,4,4,gemma3:27b,data_pmus_yaounde,q4_1_b,Agent_110,MOINS DE 5 MIN
5,4,2,5,2,gemma3:27b,data_pmus_yaounde,q4_2_a,Agent_110,Veuillez indiquer depuis combien de temps vous attendez.
4,3,3,4,4,gemma3:27b,data_pmus_yaounde,q4_2_b,Agent_110,30 60 MIN
4,4,4,4,4,gemma3:27b,data_pmus_yaounde,q4_3,Agent_110,600
4,3,4,4,4,gemma3:27b,data_pmus_yaounde,q4_4,Agent_110,ACTIVIT S DE LOISIRS
3,3,3,4,3,gemma3:27b,data_pmus_yaounde,q4_4_autres,Agent_110,SPORT ET VISITE AMICALE
5,3,4,4,4,gemma3:27b,data_pmus_yaounde,q5_1,Agent_110,ENTRE 18 ET 25 ANS
5,3,4,4,4,gemma3:27b,data_pmus_yaounde,q5_2,Agent_110,ENTRE 30 001 ET 100 000
4,4,4,4,4,gemma3:27b,data_pmus_yaounde,q5_3,Agent_110,FEMME
4,4,2,4,3,gemma3:27b,data_pmus_yaounde,centre ville,Agent_111,YAOUNDE
5,4,4,4,4,gemma3:27b,data_pmus_yaounde,q1_1,Agent_111,HORS DE LA VILLE DE YAOUNDE
4,4,3,4,4,gemma3:27b,data_pmus_yaounde,q1_1_a,Agent_111,ETOA MEKI
4,4,3,4,3,gemma3:27b,data_pmus_yaounde,q1_1_b,Agent_111,10EME ARRET
4,4,2,4,3,gemma3:27b,data_pmus_yaounde,q1_1_c,Agent_111,MVAN
5,4,4,4,4,gemma3:27b,data_pmus_yaounde,q1_2,Agent_111,HORS DE LA VILLE DE YAOUNDE
4,4,4,4,4,gemma3:27b,data_pmus_yaounde,q1_2_a,Agent_111,MVAN
4,4,3,4,3,gemma3:27b,data_pmus_yaounde,q1_2_b,Agent_111,10 IEME ARRET
4,4,2,4,3,gemma3:27b,data_pmus_yaounde,q1_3_c,Agent_111,MVAN
4,3,4,4,3,gemma3:27b,data_pmus_yaounde,q2_1,Agent_111,A PIED
4,4,2,4,3,gemma3:27b,data_pmus_yaounde,q2_2_1,Agent_111,2 CHEVEAU
4,4,2,4,3,gemma3:27b,data_pmus_yaounde,q2_2_2,Agent_111,C A RREGOUR
4,4,2,4,3,gemma3:27b,data_pmus_yaounde,q2_3_1,Agent_111,ETOA MEKI
4,4,2,4,3,gemma3:27b,data_pmus_yaounde,q2_3_2,Agent_111,CARREFOUR
5,4,4,4,4,gemma3:27b,data_pmus_yaounde,q2_3,Agent_111,NON
4,4,2,4,3,gemma3:27b,data_pmus_yaounde,q2_4,Agent_111,A PIED
4,4,2,4,3,gemma3:27b,data_pmus_yaounde,q2_5_1,Agent_111,A B0NAS
4,4,2,4,3,gemma3:27b,data_pmus_yaounde,q2_5_2,Agent_111,CARREFOUR
4,4,2,4,3,gemma3:27b,data_pmus_yaounde,q2_6_1,Agent_111,ABATTOIR
4,4,2,4,3,gemma3:27b,data_pmus_yaounde,q2_6_2,Agent_111,11EME ARRET
4,4,3,4,4,gemma3:27b,data_pmus_yaounde,q3_1,Agent_111,NON
4,3,4,4,3,gemma3:27b,data_pmus_yaounde,q3_2,Agent_111,A PIED
4,4,3,4,3,gemma3:27b,data_pmus_yaounde,q3_3_1,Agent_111,MVAN
4,4,2,4,3,gemma3:27b,data_pmus_yaounde,q3_3_2,Agent_111,MOMI PALACE
5,4,2,5,2,gemma3:27b,data_pmus_yaounde,q4_1_a,Agent_111,Veuillez indiquer depuis combien de temps vous attendez.
4,3,3,4,4,gemma3:27b,data_pmus_yaounde,q4_1_b,Agent_111,MOINS DE 5 MIN
5,4,2,5,2,gemma3:27b,data_pmus_yaounde,q4_2_a,Agent_111,Veuillez indiquer depuis combien de temps vous attendez.
4,3,3,4,4,gemma3:27b,data_pmus_yaounde,q4_2_b,Agent_111,30 60 MIN
4,4,4,4,4,gemma3:27b,data_pmus_yaounde,q4_3,Agent_111,2500
4,3,4,4,4,gemma3:27b,data_pmus_yaounde,q4_4,Agent_111,COURSES
3,3,3,4,3,gemma3:27b,data_pmus_yaounde,q4_4_autres,Agent_111,FAIRE DU MARCHE
5,3,4,4,4,gemma3:27b,data_pmus_yaounde,q5_1,Agent_111,ENTRE 36 ET 45 ANS
5,3,4,4,4,gemma3:27b,data_pmus_yaounde,q5_2,Agent_111,ENTRE 300 001 ET 500 000
4,4,4,4,4,gemma3:27b,data_pmus_yaounde,q5_3,Agent_111,FEMME
4,4,2,4,3,gemma3:27b,data_pmus_yaounde,centre ville,Agent_112,YAOUNDE
5,4,4,4,4,gemma3:27b,data_pmus_yaounde,q1_1,Agent_112,HORS DE LA VILLE DE YAOUNDE
4,4,3,4,4,gemma3:27b,data_pmus_yaounde,q1_1_a,Agent_112,MVOG ADA
4,4,3,4,3,gemma3:27b,data_pmus_yaounde,q1_1_b,Agent_112,10EME ARRET
4,4,2,4,3,gemma3:27b,data_pmus_yaounde,q1_1_c,Agent_112,AFANOYA
5,4,4,4,4,gemma3:27b,data_pmus_yaounde,q1_2,Agent_112,UN QUARTIER DE LA VILLE DE YAOUNDE
4,4,4,4,4,gemma3:27b,data_pmus_yaounde,q1_2_a,Agent_112,MVOG ADA
4,4,3,4,3,gemma3:27b,data_pmus_yaounde,q1_2_b,Agent_112,10 IEME ARRET
4,4,2,4,3,gemma3:27b,data_pmus_yaounde,q1_3_c,Agent_112,AFANOYA
4,3,4,4,3,gemma3:27b,data_pmus_yaounde,q2_1,Agent_112,PAR BUS STACY
4,4,2,4,3,gemma3:27b,data_pmus_yaounde,q2_2_1,Agent_112,MVOG ADA
4,4,2,4,3,gemma3:27b,data_pmus_yaounde,q2_2_2,Agent_112,SCALOM
4,4,2,4,3,gemma3:27b,data_pmus_yaounde,q2_3_1,Agent_112,0LESOA
4,4,2,4,3,gemma3:27b,data_pmus_yaounde,q2_3_2,Agent_112,ROND POIND NKOMO
5,4,4,4,4,gemma3:27b,data_pmus_yaounde,q2_3,Agent_112,NON
4,4,2,4,3,gemma3:27b,data_pmus_yaounde,q2_4,Agent_112,PAR BUS STACY
4,4,2,4,3,gemma3:27b,data_pmus_yaounde,q2_5_1,Agent_112,MVOG ADA
4,4,2,4,3,gemma3:27b,data_pmus_yaounde,q2_5_2,Agent_112,CARAMBA
4,4,2,4,3,gemma3:27b,data_pmus_yaounde,q2_6_1,Agent_112,ABATTOIR
4,4,2,4,3,gemma3:27b,data_pmus_yaounde,q2_6_2,Agent_112,11EME ARRET
4,4,3,4,4,gemma3:27b,data_pmus_yaounde,q3_1,Agent_112,NON
4,3,4,4,3,gemma3:27b,data_pmus_yaounde,q3_2,Agent_112,PAR BUS STACY
4,4,3,4,3,gemma3:27b,data_pmus_yaounde,q3_3_1,Agent_112,MVOG ADA
4,4,2,4,3,gemma3:27b,data_pmus_yaounde,q3_3_2,Agent_112,MONTESQIEUX
5,4,2,5,2,gemma3:27b,data_pmus_yaounde,q4_1_a,Agent_112,Veuillez indiquer depuis combien de temps vous attendez.
4,3,3,4,4,gemma3:27b,data_pmus_yaounde,q4_1_b,Agent_112,MOINS DE 5 MIN
5,4,2,5,2,gemma3:27b,data_pmus_yaounde,q4_2_a,Agent_112,Veuillez indiquer depuis combien de temps vous attendez.
4,3,3,4,4,gemma3:27b,data_pmus_yaounde,q4_2_b,Agent_112,30 60 MIN
4,4,4,4,4,gemma3:27b,data_pmus_yaounde,q4_3,Agent_112,1800
4,3,4,4,4,gemma3:27b,data_pmus_yaounde,q4_4,Agent_112,D MARCHES ADMINISTRATIVES ET OU SANT
3,3,3,4,3,gemma3:27b,data_pmus_yaounde,q4_4_autres,Agent_112,DES SOINS
5,3,4,4,4,gemma3:27b,data_pmus_yaounde,q5_1,Agent_112,ENTRE 26 ET 35 ANS
5,3,4,4,4,gemma3:27b,data_pmus_yaounde,q5_2,Agent_112,ENTRE 30 001 ET 100 000
4,4,4,4,4,gemma3:27b,data_pmus_yaounde,q5_3,Agent_112,FEMME
4,4,2,4,3,gemma3:27b,data_pmus_yaounde,centre ville,Agent_113,YAOUNDE
5,4,4,4,4,gemma3:27b,data_pmus_yaounde,q1_1,Agent_113,HORS DE LA VILLE DE YAOUNDE
4,4,3,4,4,gemma3:27b,data_pmus_yaounde,q1_1_a,Agent_113,ETOA MEKI
4,4,3,4,3,gemma3:27b,data_pmus_yaounde,q1_1_b,Agent_113,MONTEE BIYEME
4,4,2,4,3,gemma3:27b,data_pmus_yaounde,q1_1_c,Agent_113,AFANOYA
5,4,4,4,4,gemma3:27b,data_pmus_yaounde,q1_2,Agent_113,UN QUARTIER DE LA VILLE DE YAOUNDE
4,4,4,4,4,gemma3:27b,data_pmus_yaounde,q1_2_a,Agent_113,MELEN
4,4,3,4,3,gemma3:27b,data_pmus_yaounde,q1_2_b,Agent_113,10 IEME ARRET
4,4,2,4,3,gemma3:27b,data_pmus_yaounde,q1_3_c,Agent_113,AFANOYA
4,3,4,4,3,gemma3:27b,data_pmus_yaounde,q2_1,Agent_113,PAR TAXI
4,4,2,4,3,gemma3:27b,data_pmus_yaounde,q2_2_1,Agent_113,2 CHEVEAU
4,4,2,4,3,gemma3:27b,data_pmus_yaounde,q2_2_2,Agent_113,CERREFOUR BIYEM
4,4,2,4,3,gemma3:27b,data_pmus_yaounde,q2_3_1,Agent_113,ETOA MEKI
4,4,2,4,3,gemma3:27b,data_pmus_yaounde,q2_3_2,Agent_113,FACE IMMEUBLE DE LANMORT
5,4,4,4,4,gemma3:27b,data_pmus_yaounde,q2_3,Agent_113,NON
4,4,2,4,3,gemma3:27b,data_pmus_yaounde,q2_4,Agent_113,PAR TAXI
4,4,2,4,3,gemma3:27b,data_pmus_yaounde,q2_5_1,Agent_113,MELEN
4,4,2,4,3,gemma3:27b,data_pmus_yaounde,q2_5_2,Agent_113,0MPHINE
4,4,2,4,3,gemma3:27b,data_pmus_yaounde,q2_6_1,Agent_113,HOPITAL
4,4,2,4,3,gemma3:27b,data_pmus_yaounde,q2_6_2,Agent_113,11EME ARRET
4,4,3,4,4,gemma3:27b,data_pmus_yaounde,q3_1,Agent_113,NON
4,3,4,4,3,gemma3:27b,data_pmus_yaounde,q3_2,Agent_113,PAR TAXI
4,4,3,4,3,gemma3:27b,data_pmus_yaounde,q3_3_1,Agent_113,MELEN
4,4,2,4,3,gemma3:27b,data_pmus_yaounde,q3_3_2,Agent_113,MELEN POLYTEQUE
5,4,2,5,2,gemma3:27b,data_pmus_yaounde,q4_1_a,Agent_113,Veuillez indiquer depuis combien de temps vous attendez.
4,3,3,4,4,gemma3:27b,data_pmus_yaounde,q4_1_b,Agent_113,MOINS DE 5 MIN
5,4,2,5,2,gemma3:27b,data_pmus_yaounde,q4_2_a,Agent_113,Veuillez indiquer depuis combien de temps vous attendez.
4,3,3,4,4,gemma3:27b,data_pmus_yaounde,q4_2_b,Agent_113,30 60 MIN
4,4,4,4,4,gemma3:27b,data_pmus_yaounde,q4_3,Agent_113,3000
4,3,4,4,4,gemma3:27b,data_pmus_yaounde,q4_4,Agent_113,VISITE FAMILLE
3,3,3,4,3,gemma3:27b,data_pmus_yaounde,q4_4_autres,Agent_113,ACHAT
5,3,4,4,4,gemma3:27b,data_pmus_yaounde,q5_1,Agent_113,ENTRE 36 ET 45 ANS
5,3,4,4,4,gemma3:27b,data_pmus_yaounde,q5_2,Agent_113,ENTRE 30 001 ET 100 000
4,4,4,4,4,gemma3:27b,data_pmus_yaounde,q5_3,Agent_113,FEMME
4,4,2,4,3,gemma3:27b,data_pmus_yaounde,centre ville,Agent_114,YAOUNDE
5,4,4,4,4,gemma3:27b,data_pmus_yaounde,q1_1,Agent_114,HORS DE LA VILLE DE YAOUNDE
4,4,3,4,4,gemma3:27b,data_pmus_yaounde,q1_1_a,Agent_114,ABIT
4,4,3,4,3,gemma3:27b,data_pmus_yaounde,q1_1_b,Agent_114,RUE EDZOA
4,4,2,4,3,gemma3:27b,data_pmus_yaounde,q1_1_c,Agent_114,NKOLBIKOGO
5,4,4,4,4,gemma3:27b,data_pmus_yaounde,q1_2,Agent_114,UN QUARTIER DE LA VILLE DE YAOUNDE
4,4,4,4,4,gemma3:27b,data_pmus_yaounde,q1_2_a,Agent_114,ABOM
4,4,3,4,3,gemma3:27b,data_pmus_yaounde,q1_2_b,Agent_114,10 IEME ARRET
4,4,2,4,3,gemma3:27b,data_pmus_yaounde,q1_3_c,Agent_114,AFANOYA
4,3,4,4,3,gemma3:27b,data_pmus_yaounde,q2_1,Agent_114,PAR BUS STACY
4,4,2,4,3,gemma3:27b,data_pmus_yaounde,q2_2_1,Agent_114,TREMINUS ODJA
4,4,2,4,3,gemma3:27b,data_pmus_yaounde,q2_2_2,Agent_114,TERMINUS
4,4,2,4,3,gemma3:27b,data_pmus_yaounde,q2_3_1,Agent_114,MACHE ETOUDII
4,4,2,4,3,gemma3:27b,data_pmus_yaounde,q2_3_2,Agent_114,ACASDIA
5,4,4,4,4,gemma3:27b,data_pmus_yaounde,q2_3,Agent_114,NON
4,4,2,4,3,gemma3:27b,data_pmus_yaounde,q2_4,Agent_114,PAR BUS STACY
4,4,2,4,3,gemma3:27b,data_pmus_yaounde,q2_5_1,Agent_114,ETOUDI
4,4,2,4,3,gemma3:27b,data_pmus_yaounde,q2_5_2,Agent_114,TERMINUS
4,4,2,4,3,gemma3:27b,data_pmus_yaounde,q2_6_1,Agent_114,ETOUDI
4,4,2,4,3,gemma3:27b,data_pmus_yaounde,q2_6_2,Agent_114,11EME ARRET
4,4,3,4,4,gemma3:27b,data_pmus_yaounde,q3_1,Agent_114,NON
4,3,4,4,3,gemma3:27b,data_pmus_yaounde,q3_2,Agent_114,PAR BUS STACY
4,4,3,4,3,gemma3:27b,data_pmus_yaounde,q3_3_1,Agent_114,ETOUDI
4,4,2,4,3,gemma3:27b,data_pmus_yaounde,q3_3_2,Agent_114,ARIANE TV
5,4,2,5,2,gemma3:27b,data_pmus_yaounde,q4_1_a,Agent_114,Veuillez indiquer depuis combien de temps vous attendez.
4,3,3,4,4,gemma3:27b,data_pmus_yaounde,q4_1_b,Agent_114,MOINS DE 5 MIN
5,4,2,5,2,gemma3:27b,data_pmus_yaounde,q4_2_a,Agent_114,Veuillez indiquer depuis combien de temps vous attendez.
4,3,3,4,4,gemma3:27b,data_pmus_yaounde,q4_2_b,Agent_114,30 60 MIN
4,4,4,4,4,gemma3:27b,data_pmus_yaounde,q4_3,Agent_114,700
4,3,4,4,4,gemma3:27b,data_pmus_yaounde,q4_4,Agent_114,VISITE FAMILLE
3,3,3,4,3,gemma3:27b,data_pmus_yaounde,q4_4_autres,Agent_114,RENCONTRE
5,3,4,4,4,gemma3:27b,data_pmus_yaounde,q5_1,Agent_114,ENTRE 18 ET 25 ANS
5,3,4,4,4,gemma3:27b,data_pmus_yaounde,q5_2,Agent_114,MOINS DE 30 000
4,4,4,4,4,gemma3:27b,data_pmus_yaounde,q5_3,Agent_114,FEMME
4,4,2,4,3,gemma3:27b,data_pmus_yaounde,centre ville,Agent_115,YAOUNDE
5,4,4,4,4,gemma3:27b,data_pmus_yaounde,q1_1,Agent_115,HORS DE LA VILLE DE YAOUNDE
4,4,3,4,4,gemma3:27b,data_pmus_yaounde,q1_1_a,Agent_115,ABIT
4,4,3,4,3,gemma3:27b,data_pmus_yaounde,q1_1_b,Agent_115,10EME ARRET
4,4,2,4,3,gemma3:27b,data_pmus_yaounde,q1_1_c,Agent_115,AFANOYA
5,4,4,4,4,gemma3:27b,data_pmus_yaounde,q1_2,Agent_115,HORS DE LA VILLE DE YAOUNDE
4,4,4,4,4,gemma3:27b,data_pmus_yaounde,q1_2_a,Agent_115,ABOM
4,4,3,4,3,gemma3:27b,data_pmus_yaounde,q1_2_b,Agent_115,10 IEME ARRET
4,4,2,4,3,gemma3:27b,data_pmus_yaounde,q1_3_c,Agent_115,AFANOYA
4,3,4,4,3,gemma3:27b,data_pmus_yaounde,q2_1,Agent_115,A PIED
4,4,2,4,3,gemma3:27b,data_pmus_yaounde,q2_2_1,Agent_115,SOUS MANGUIERIER
4,4,2,4,3,gemma3:27b,data_pmus_yaounde,q2_2_2,Agent_115,10 E ARRET
4,4,2,4,3,gemma3:27b,data_pmus_yaounde,q2_3_1,Agent_115,POLYTECK
4,4,2,4,3,gemma3:27b,data_pmus_yaounde,q2_3_2,Agent_115,POLYTECHNIQUE
5,4,4,4,4,gemma3:27b,data_pmus_yaounde,q2_3,Agent_115,NON
4,4,2,4,3,gemma3:27b,data_pmus_yaounde,q2_4,Agent_115,PAR BUS STACY
4,4,2,4,3,gemma3:27b,data_pmus_yaounde,q2_5_1,Agent_115,EMIA
4,4,2,4,3,gemma3:27b,data_pmus_yaounde,q2_5_2,Agent_115,ARRET BUS
4,4,2,4,3,gemma3:27b,data_pmus_yaounde,q2_6_1,Agent_115,ABATTOIR
4,4,2,4,3,gemma3:27b,data_pmus_yaounde,q2_6_2,Agent_115,ARRET BUS
4,4,3,4,4,gemma3:27b,data_pmus_yaounde,q3_1,Agent_115,NON
4,3,4,4,3,gemma3:27b,data_pmus_yaounde,q3_2,Agent_115,PAR BUS STACY
4,4,3,4,3,gemma3:27b,data_pmus_yaounde,q3_3_1,Agent_115,EMIA
4,4,2,4,3,gemma3:27b,data_pmus_yaounde,q3_3_2,Agent_115,MELEN POLYTEQUE
5,4,2,5,2,gemma3:27b,data_pmus_yaounde,q4_1_a,Agent_115,Veuillez indiquer depuis combien de temps vous attendez.
4,3,3,4,4,gemma3:27b,data_pmus_yaounde,q4_1_b,Agent_115,10 20 MINUTES
5,4,2,5,2,gemma3:27b,data_pmus_yaounde,q4_2_a,Agent_115,Veuillez indiquer depuis combien de temps vous attendez.
4,3,3,4,4,gemma3:27b,data_pmus_yaounde,q4_2_b,Agent_115,30 60 MIN
4,4,4,4,4,gemma3:27b,data_pmus_yaounde,q4_3,Agent_115,600
4,3,4,4,4,gemma3:27b,data_pmus_yaounde,q4_4,Agent_115,TRAVAIL
3,3,3,4,3,gemma3:27b,data_pmus_yaounde,q4_4_autres,Agent_115,ETUDES
5,3,4,4,4,gemma3:27b,data_pmus_yaounde,q5_1,Agent_115,ENTRE 18 ET 25 ANS
5,3,4,4,4,gemma3:27b,data_pmus_yaounde,q5_2,Agent_115,ENTRE 30 001 ET 100 000
4,4,4,4,4,gemma3:27b,data_pmus_yaounde,q5_3,Agent_115,FEMME
4,4,2,4,3,gemma3:27b,data_pmus_yaounde,centre ville,Agent_116,YAOUNDE
5,4,4,4,4,gemma3:27b,data_pmus_yaounde,q1_1,Agent_116,HORS DE LA VILLE DE YAOUNDE
4,4,3,4,4,gemma3:27b,data_pmus_yaounde,q1_1_a,Agent_116,BRIQUETERIE
4,4,3,4,3,gemma3:27b,data_pmus_yaounde,q1_1_b,Agent_116,BRIQUETERIE
4,4,2,4,3,gemma3:27b,data_pmus_yaounde,q1_1_c,Agent_116,AFANOYA
5,4,4,4,4,gemma3:27b,data_pmus_yaounde,q1_2,Agent_116,UN QUARTIER DE LA VILLE DE YAOUNDE
4,4,4,4,4,gemma3:27b,data_pmus_yaounde,q1_2_a,Agent_116,WARDA
4,4,3,4,3,gemma3:27b,data_pmus_yaounde,q1_2_b,Agent_116,CHAMPANZE
4,4,2,4,3,gemma3:27b,data_pmus_yaounde,q1_3_c,Agent_116,AFANOYA
4,3,4,4,3,gemma3:27b,data_pmus_yaounde,q2_1,Agent_116,A PIED
4,4,2,4,3,gemma3:27b,data_pmus_yaounde,q2_2_1,Agent_116,BRIQUETERIE
4,4,2,4,3,gemma3:27b,data_pmus_yaounde,q2_2_2,Agent_116,10 E ARRET
4,4,2,4,3,gemma3:27b,data_pmus_yaounde,q2_3_1,Agent_116,0LESOA
4,4,2,4,3,gemma3:27b,data_pmus_yaounde,q2_3_2,Agent_116,WARDA
5,4,4,4,4,gemma3:27b,data_pmus_yaounde,q2_3,Agent_116,OUI
4,4,2,4,3,gemma3:27b,data_pmus_yaounde,q2_4,Agent_116,PAR BUS STACY
4,4,2,4,3,gemma3:27b,data_pmus_yaounde,q2_5_1,Agent_116,BRIQUETERIE
4,4,2,4,3,gemma3:27b,data_pmus_yaounde,q2_5_2,Agent_116,0MPHINE
4,4,2,4,3,gemma3:27b,data_pmus_yaounde,q2_6_1,Agent_116,ABATTOIR
4,4,2,4,3,gemma3:27b,data_pmus_yaounde,q2_6_2,Agent_116,11EME ARRET
4,4,3,4,4,gemma3:27b,data_pmus_yaounde,q3_1,Agent_116,NON
4,3,4,4,3,gemma3:27b,data_pmus_yaounde,q3_2,Agent_116,PAR BUS STACY
4,4,3,4,3,gemma3:27b,data_pmus_yaounde,q3_3_1,Agent_116,BRIQUETERIE
4,4,2,4,3,gemma3:27b,data_pmus_yaounde,q3_3_2,Agent_116,10 IEME ARRET
5,4,2,5,2,gemma3:27b,data_pmus_yaounde,q4_1_a,Agent_116,Veuillez indiquer depuis combien de temps vous attendez.
4,3,3,4,4,gemma3:27b,data_pmus_yaounde,q4_1_b,Agent_116,MOINS DE 5 MIN
5,4,2,5,2,gemma3:27b,data_pmus_yaounde,q4_2_a,Agent_116,Veuillez indiquer depuis combien de temps vous attendez.
4,3,3,4,4,gemma3:27b,data_pmus_yaounde,q4_2_b,Agent_116,30 60 MIN
4,4,4,4,4,gemma3:27b,data_pmus_yaounde,q4_3,Agent_116,750
4,3,4,4,4,gemma3:27b,data_pmus_yaounde,q4_4,Agent_116,TRAVAIL
3,3,3,4,3,gemma3:27b,data_pmus_yaounde,q4_4_autres,Agent_116,ACHAT
5,3,4,4,4,gemma3:27b,data_pmus_yaounde,q5_1,Agent_116,ENTRE 36 ET 45 ANS
5,3,4,4,4,gemma3:27b,data_pmus_yaounde,q5_2,Agent_116,ENTRE 30 001 ET 100 000
4,4,4,4,4,gemma3:27b,data_pmus_yaounde,q5_3,Agent_116,FEMME
4,4,2,4,3,gemma3:27b,data_pmus_yaounde,centre ville,Agent_117,YAOUNDE
5,4,4,4,4,gemma3:27b,data_pmus_yaounde,q1_1,Agent_117,HORS DE LA VILLE DE YAOUNDE
4,4,3,4,4,gemma3:27b,data_pmus_yaounde,q1_1_a,Agent_117,ABIT
4,4,3,4,3,gemma3:27b,data_pmus_yaounde,q1_1_b,Agent_117,CAMP CITE
4,4,2,4,3,gemma3:27b,data_pmus_yaounde,q1_1_c,Agent_117,NKOLBISSON
5,4,4,4,4,gemma3:27b,data_pmus_yaounde,q1_2,Agent_117,UN QUARTIER DE LA VILLE DE YAOUNDE
4,4,4,4,4,gemma3:27b,data_pmus_yaounde,q1_2_a,Agent_117,ABOM
4,4,3,4,3,gemma3:27b,data_pmus_yaounde,q1_2_b,Agent_117,SAPIN
4,4,2,4,3,gemma3:27b,data_pmus_yaounde,q1_3_c,Agent_117,AFANOYA
4,3,4,4,3,gemma3:27b,data_pmus_yaounde,q2_1,Agent_117,PAR BUS STACY
4,4,2,4,3,gemma3:27b,data_pmus_yaounde,q2_2_1,Agent_117,2 CHEVEAU
4,4,2,4,3,gemma3:27b,data_pmus_yaounde,q2_2_2,Agent_117,10 E ARRET
4,4,2,4,3,gemma3:27b,data_pmus_yaounde,q2_3_1,Agent_117,JOUVENCE
4,4,2,4,3,gemma3:27b,data_pmus_yaounde,q2_3_2,Agent_117,STADE ABEGA
5,4,4,4,4,gemma3:27b,data_pmus_yaounde,q2_3,Agent_117,NON
4,4,2,4,3,gemma3:27b,data_pmus_yaounde,q2_4,Agent_117,PAR BUS STACY
4,4,2,4,3,gemma3:27b,data_pmus_yaounde,q2_5_1,Agent_117,JOUVENCE
4,4,2,4,3,gemma3:27b,data_pmus_yaounde,q2_5_2,Agent_117,ARRET BUS
4,4,2,4,3,gemma3:27b,data_pmus_yaounde,q2_6_1,Agent_117,STADE
4,4,2,4,3,gemma3:27b,data_pmus_yaounde,q2_6_2,Agent_117,MIMBOMAN TERMINUS
4,4,3,4,4,gemma3:27b,data_pmus_yaounde,q3_1,Agent_117,NON
4,3,4,4,3,gemma3:27b,data_pmus_yaounde,q3_2,Agent_117,PAR BUS STACY
4,4,3,4,3,gemma3:27b,data_pmus_yaounde,q3_3_1,Agent_117,ACACIA
4,4,2,4,3,gemma3:27b,data_pmus_yaounde,q3_3_2,Agent_117,GADARMERIE
5,4,2,5,2,gemma3:27b,data_pmus_yaounde,q4_1_a,Agent_117,Veuillez indiquer depuis combien de temps vous attendez.
4,3,3,4,4,gemma3:27b,data_pmus_yaounde,q4_1_b,Agent_117,MOINS DE 5 MIN
5,4,2,5,2,gemma3:27b,data_pmus_yaounde,q4_2_a,Agent_117,Veuillez indiquer depuis combien de temps vous attendez.
4,3,3,4,4,gemma3:27b,data_pmus_yaounde,q4_2_b,Agent_117,30 60 MIN
4,4,4,4,4,gemma3:27b,data_pmus_yaounde,q4_3,Agent_117,700
4,3,4,4,4,gemma3:27b,data_pmus_yaounde,q4_4,Agent_117,COURSES
3,3,3,4,3,gemma3:27b,data_pmus_yaounde,q4_4_autres,Agent_117,FAIRE DU MARCHE
5,3,4,4,4,gemma3:27b,data_pmus_yaounde,q5_1,Agent_117,MOINS DE 18 ANS
5,3,4,4,4,gemma3:27b,data_pmus_yaounde,q5_2,Agent_117,MOINS DE 30 000
4,4,4,4,4,gemma3:27b,data_pmus_yaounde,q5_3,Agent_117,FEMME
4,4,2,4,3,gemma3:27b,data_pmus_yaounde,centre ville,Agent_118,YAOUNDE
5,4,4,4,4,gemma3:27b,data_pmus_yaounde,q1_1,Agent_118,HORS DE LA VILLE DE YAOUNDE
4,4,3,4,4,gemma3:27b,data_pmus_yaounde,q1_1_a,Agent_118,CORON
4,4,3,4,3,gemma3:27b,data_pmus_yaounde,q1_1_b,Agent_118,10EME ARRET
4,4,2,4,3,gemma3:27b,data_pmus_yaounde,q1_1_c,Agent_118,AFANOYA
5,4,4,4,4,gemma3:27b,data_pmus_yaounde,q1_2,Agent_118,UN QUARTIER DE LA VILLE DE YAOUNDE
4,4,4,4,4,gemma3:27b,data_pmus_yaounde,q1_2_a,Agent_118,CORON
4,4,3,4,3,gemma3:27b,data_pmus_yaounde,q1_2_b,Agent_118,10 IEME ARRET
4,4,2,4,3,gemma3:27b,data_pmus_yaounde,q1_3_c,Agent_118,KRIBI
4,3,4,4,3,gemma3:27b,data_pmus_yaounde,q2_1,Agent_118,PAR BUS STACY
4,4,2,4,3,gemma3:27b,data_pmus_yaounde,q2_2_1,Agent_118,GARE ROUTIER OBALLA
4,4,2,4,3,gemma3:27b,data_pmus_yaounde,q2_2_2,Agent_118,ENTREE KOWEIT
4,4,2,4,3,gemma3:27b,data_pmus_yaounde,q2_3_1,Agent_118,EMOMBO
4,4,2,4,3,gemma3:27b,data_pmus_yaounde,q2_3_2,Agent_118,0NANA
5,4,4,4,4,gemma3:27b,data_pmus_yaounde,q2_3,Agent_118,NON
4,4,2,4,3,gemma3:27b,data_pmus_yaounde,q2_4,Agent_118,A PIED
4,4,2,4,3,gemma3:27b,data_pmus_yaounde,q2_5_1,Agent_118,EMOMBO
4,4,2,4,3,gemma3:27b,data_pmus_yaounde,q2_5_2,Agent_118,0MPHINE
4,4,2,4,3,gemma3:27b,data_pmus_yaounde,q2_6_1,Agent_118,ONANA
4,4,2,4,3,gemma3:27b,data_pmus_yaounde,q2_6_2,Agent_118,CARREFOUR
4,4,3,4,4,gemma3:27b,data_pmus_yaounde,q3_1,Agent_118,OUI
4,3,4,4,3,gemma3:27b,data_pmus_yaounde,q3_2,Agent_118,PAR BUS STACY
4,4,3,4,3,gemma3:27b,data_pmus_yaounde,q3_3_1,Agent_118,MVOG TIGUI
4,4,2,4,3,gemma3:27b,data_pmus_yaounde,q3_3_2,Agent_118,10 IEME ARRET
5,4,2,5,2,gemma3:27b,data_pmus_yaounde,q4_1_a,Agent_118,Veuillez indiquer depuis combien de temps vous attendez.
4,3,3,4,4,gemma3:27b,data_pmus_yaounde,q4_1_b,Agent_118,MOINS DE 5 MIN
5,4,2,5,2,gemma3:27b,data_pmus_yaounde,q4_2_a,Agent_118,Veuillez indiquer depuis combien de temps vous attendez.
4,3,3,4,4,gemma3:27b,data_pmus_yaounde,q4_2_b,Agent_118,30 60 MIN
4,4,4,4,4,gemma3:27b,data_pmus_yaounde,q4_3,Agent_118,2200
4,3,4,4,4,gemma3:27b,data_pmus_yaounde,q4_4,Agent_118,SPORTIVES
3,3,3,4,3,gemma3:27b,data_pmus_yaounde,q4_4_autres,Agent_118,SPORT ET VISITE AMICALE
5,3,4,4,4,gemma3:27b,data_pmus_yaounde,q5_1,Agent_118,ENTRE 26 ET 35 ANS
5,3,4,4,4,gemma3:27b,data_pmus_yaounde,q5_2,Agent_118,ENTRE 30 001 ET 100 000
4,4,4,4,4,gemma3:27b,data_pmus_yaounde,q5_3,Agent_118,FEMME
4,4,2,4,3,gemma3:27b,data_pmus_yaounde,centre ville,Agent_119,YAOUNDE
5,4,4,4,4,gemma3:27b,data_pmus_yaounde,q1_1,Agent_119,HORS DE LA VILLE DE YAOUNDE
4,4,3,4,4,gemma3:27b,data_pmus_yaounde,q1_1_a,Agent_119,ELIG NKOLO
4,4,3,4,3,gemma3:27b,data_pmus_yaounde,q1_1_b,Agent_119,CARRRFOUR BEIGNET
4,4,2,4,3,gemma3:27b,data_pmus_yaounde,q1_1_c,Agent_119,AFANOYA
5,4,4,4,4,gemma3:27b,data_pmus_yaounde,q1_2,Agent_119,HORS DE LA VILLE DE YAOUNDE
4,4,4,4,4,gemma3:27b,data_pmus_yaounde,q1_2_a,Agent_119,ABOM
4,4,3,4,3,gemma3:27b,data_pmus_yaounde,q1_2_b,Agent_119,10 IEME ARRET
4,4,2,4,3,gemma3:27b,data_pmus_yaounde,q1_3_c,Agent_119,BARRIERE
4,3,4,4,3,gemma3:27b,data_pmus_yaounde,q2_1,Agent_119,A PIED
4,4,2,4,3,gemma3:27b,data_pmus_yaounde,q2_2_1,Agent_119,ELIG NKOLO
4,4,2,4,3,gemma3:27b,data_pmus_yaounde,q2_2_2,Agent_119,10 E ARRET
4,4,2,4,3,gemma3:27b,data_pmus_yaounde,q2_3_1,Agent_119,BARRIERE
4,4,2,4,3,gemma3:27b,data_pmus_yaounde,q2_3_2,Agent_119,0NANA
5,4,4,4,4,gemma3:27b,data_pmus_yaounde,q2_3,Agent_119,NON
4,4,2,4,3,gemma3:27b,data_pmus_yaounde,q2_4,Agent_119,PAR CARGO MINI BUS
4,4,2,4,3,gemma3:27b,data_pmus_yaounde,q2_5_1,Agent_119,A B0NAS
4,4,2,4,3,gemma3:27b,data_pmus_yaounde,q2_5_2,Agent_119,BARRIERE
4,4,2,4,3,gemma3:27b,data_pmus_yaounde,q2_6_1,Agent_119,ONANA
4,4,2,4,3,gemma3:27b,data_pmus_yaounde,q2_6_2,Agent_119,CAREFOURE
4,4,3,4,4,gemma3:27b,data_pmus_yaounde,q3_1,Agent_119,NON
4,3,4,4,3,gemma3:27b,data_pmus_yaounde,q3_2,Agent_119,PAR BUS STACY
4,4,3,4,3,gemma3:27b,data_pmus_yaounde,q3_3_1,Agent_119,BARRIERE
4,4,2,4,3,gemma3:27b,data_pmus_yaounde,q3_3_2,Agent_119,10 IEME ARRET
5,4,2,5,2,gemma3:27b,data_pmus_yaounde,q4_1_a,Agent_119,Veuillez indiquer depuis combien de temps vous attendez.
4,3,3,4,4,gemma3:27b,data_pmus_yaounde,q4_1_b,Agent_119,MOINS DE 5 MIN
5,4,2,5,2,gemma3:27b,data_pmus_yaounde,q4_2_a,Agent_119,Veuillez indiquer depuis combien de temps vous attendez.
4,3,3,4,4,gemma3:27b,data_pmus_yaounde,q4_2_b,Agent_119,30 60 MIN
4,4,4,4,4,gemma3:27b,data_pmus_yaounde,q4_3,Agent_119,3000
4,3,4,4,4,gemma3:27b,data_pmus_yaounde,q4_4,Agent_119,TRAVAIL
3,3,3,4,3,gemma3:27b,data_pmus_yaounde,q4_4_autres,Agent_119,ACHAT
5,3,4,4,4,gemma3:27b,data_pmus_yaounde,q5_1,Agent_119,MOINS DE 18 ANS
5,3,4,4,4,gemma3:27b,data_pmus_yaounde,q5_2,Agent_119,MOINS DE 30 000
4,4,4,4,4,gemma3:27b,data_pmus_yaounde,q5_3,Agent_119,HOMME
4,4,2,4,3,gemma3:27b,data_pmus_yaounde,centre ville,Agent_120,YAOUNDE
5,4,4,4,4,gemma3:27b,data_pmus_yaounde,q1_1,Agent_120,HORS DE LA VILLE DE YAOUNDE
4,4,3,4,4,gemma3:27b,data_pmus_yaounde,q1_1_a,Agent_120,OMNISIPORT
4,4,3,4,3,gemma3:27b,data_pmus_yaounde,q1_1_b,Agent_120,10EME ARRET
4,4,2,4,3,gemma3:27b,data_pmus_yaounde,q1_1_c,Agent_120,AFANOYA
5,4,4,4,4,gemma3:27b,data_pmus_yaounde,q1_2,Agent_120,UN QUARTIER DE LA VILLE DE YAOUNDE
4,4,4,4,4,gemma3:27b,data_pmus_yaounde,q1_2_a,Agent_120,COLMESING
4,4,3,4,3,gemma3:27b,data_pmus_yaounde,q1_2_b,Agent_120,SOUS PREFECTUR EFOULAN
4,4,2,4,3,gemma3:27b,data_pmus_yaounde,q1_3_c,Agent_120,AFANOYA
4,3,4,4,3,gemma3:27b,data_pmus_yaounde,q2_1,Agent_120,PAR BUS STACY
4,4,2,4,3,gemma3:27b,data_pmus_yaounde,q2_2_1,Agent_120,OMPNISPOTT
4,4,2,4,3,gemma3:27b,data_pmus_yaounde,q2_2_2,Agent_120,10 E ARRET
4,4,2,4,3,gemma3:27b,data_pmus_yaounde,q2_3_1,Agent_120,COLLEGE
4,4,2,4,3,gemma3:27b,data_pmus_yaounde,q2_3_2,Agent_120,SOUS PREFECTURE
5,4,4,4,4,gemma3:27b,data_pmus_yaounde,q2_3,Agent_120,NON
4,4,2,4,3,gemma3:27b,data_pmus_yaounde,q2_4,Agent_120,PAR BUS STACY
4,4,2,4,3,gemma3:27b,data_pmus_yaounde,q2_5_1,Agent_120,A B0NAS
4,4,2,4,3,gemma3:27b,data_pmus_yaounde,q2_5_2,Agent_120,0MPHINE
4,4,2,4,3,gemma3:27b,data_pmus_yaounde,q2_6_1,Agent_120,ABATTOIR
4,4,2,4,3,gemma3:27b,data_pmus_yaounde,q2_6_2,Agent_120,11EME ARRET
4,4,3,4,4,gemma3:27b,data_pmus_yaounde,q3_1,Agent_120,NON
4,3,4,4,3,gemma3:27b,data_pmus_yaounde,q3_2,Agent_120,PAR BUS STACY
4,4,3,4,3,gemma3:27b,data_pmus_yaounde,q3_3_1,Agent_120,SOUS PREFETURE
4,4,2,4,3,gemma3:27b,data_pmus_yaounde,q3_3_2,Agent_120,VERS NKOLONDOM
5,4,2,5,2,gemma3:27b,data_pmus_yaounde,q4_1_a,Agent_120,Veuillez indiquer depuis combien de temps vous attendez.
4,3,3,4,4,gemma3:27b,data_pmus_yaounde,q4_1_b,Agent_120,MOINS DE 5 MIN
5,4,2,5,2,gemma3:27b,data_pmus_yaounde,q4_2_a,Agent_120,Veuillez indiquer depuis combien de temps vous attendez.
4,3,3,4,4,gemma3:27b,data_pmus_yaounde,q4_2_b,Agent_120,30 60 MIN
4,4,4,4,4,gemma3:27b,data_pmus_yaounde,q4_3,Agent_120,550
4,3,4,4,4,gemma3:27b,data_pmus_yaounde,q4_4,Agent_120,COURSES
3,3,3,4,3,gemma3:27b,data_pmus_yaounde,q4_4_autres,Agent_120,FAIRE DU MARCHE
5,3,4,4,4,gemma3:27b,data_pmus_yaounde,q5_1,Agent_120,MOINS DE 18 ANS
5,3,4,4,4,gemma3:27b,data_pmus_yaounde,q5_2,Agent_120,ENTRE 30 001 ET 100 000
4,4,4,4,4,gemma3:27b,data_pmus_yaounde,q5_3,Agent_120,FEMME
4,4,2,4,3,gemma3:27b,data_pmus_yaounde,centre ville,Agent_121,YAOUNDE
5,4,4,4,4,gemma3:27b,data_pmus_yaounde,q1_1,Agent_121,HORS DE LA VILLE DE YAOUNDE
4,4,3,4,4,gemma3:27b,data_pmus_yaounde,q1_1_a,Agent_121,ACACIA
4,4,3,4,3,gemma3:27b,data_pmus_yaounde,q1_1_b,Agent_121,10EME ARRET
4,4,2,4,3,gemma3:27b,data_pmus_yaounde,q1_1_c,Agent_121,AFANOYA
5,4,4,4,4,gemma3:27b,data_pmus_yaounde,q1_2,Agent_121,UN QUARTIER DE LA VILLE DE YAOUNDE
4,4,4,4,4,gemma3:27b,data_pmus_yaounde,q1_2_a,Agent_121,SCALOM
4,4,3,4,3,gemma3:27b,data_pmus_yaounde,q1_2_b,Agent_121,SCAL
4,4,2,4,3,gemma3:27b,data_pmus_yaounde,q1_3_c,Agent_121,AFANOYA
4,3,4,4,3,gemma3:27b,data_pmus_yaounde,q2_1,Agent_121,PAR BUS STACY
4,4,2,4,3,gemma3:27b,data_pmus_yaounde,q2_2_1,Agent_121,WARDA
4,4,2,4,3,gemma3:27b,data_pmus_yaounde,q2_2_2,Agent_121,QUARYIER HAOUSSA
4,4,2,4,3,gemma3:27b,data_pmus_yaounde,q2_3_1,Agent_121,SCALOM
4,4,2,4,3,gemma3:27b,data_pmus_yaounde,q2_3_2,Agent_121,ARRET BUS
5,4,4,4,4,gemma3:27b,data_pmus_yaounde,q2_3,Agent_121,NON
4,4,2,4,3,gemma3:27b,data_pmus_yaounde,q2_4,Agent_121,PAR BUS STACY
4,4,2,4,3,gemma3:27b,data_pmus_yaounde,q2_5_1,Agent_121,SCALOM
4,4,2,4,3,gemma3:27b,data_pmus_yaounde,q2_5_2,Agent_121,0MPHINE
4,4,2,4,3,gemma3:27b,data_pmus_yaounde,q2_6_1,Agent_121,ABATTOIR
4,4,2,4,3,gemma3:27b,data_pmus_yaounde,q2_6_2,Agent_121,ACACIA
4,4,3,4,4,gemma3:27b,data_pmus_yaounde,q3_1,Agent_121,NON
4,3,4,4,3,gemma3:27b,data_pmus_yaounde,q3_2,Agent_121,PAR BUS STACY
4,4,3,4,3,gemma3:27b,data_pmus_yaounde,q3_3_1,Agent_121,SCALOM
4,4,2,4,3,gemma3:27b,data_pmus_yaounde,q3_3_2,Agent_121,SCALOM
5,4,2,5,2,gemma3:27b,data_pmus_yaounde,q4_1_a,Agent_121,Veuillez indiquer depuis combien de temps vous attendez.
4,3,3,4,4,gemma3:27b,data_pmus_yaounde,q4_1_b,Agent_121,MOINS DE 5 MIN
5,4,2,5,2,gemma3:27b,data_pmus_yaounde,q4_2_a,Agent_121,Veuillez indiquer depuis combien de temps vous attendez.
4,3,3,4,4,gemma3:27b,data_pmus_yaounde,q4_2_b,Agent_121,15 30 MIN
4,4,4,4,4,gemma3:27b,data_pmus_yaounde,q4_3,Agent_121,700
4,3,4,4,4,gemma3:27b,data_pmus_yaounde,q4_4,Agent_121,ACTIVIT S DE LOISIRS
3,3,3,4,3,gemma3:27b,data_pmus_yaounde,q4_4_autres,Agent_121,DIVERTISSEMENT
5,3,4,4,4,gemma3:27b,data_pmus_yaounde,q5_1,Agent_121,MOINS DE 18 ANS
5,3,4,4,4,gemma3:27b,data_pmus_yaounde,q5_2,Agent_121,ENTRE 30 001 ET 100 000
4,4,4,4,4,gemma3:27b,data_pmus_yaounde,q5_3,Agent_121,FEMME
4,4,2,4,3,gemma3:27b,data_pmus_yaounde,centre ville,Agent_122,YAOUNDE
5,4,4,4,4,gemma3:27b,data_pmus_yaounde,q1_1,Agent_122,HORS DE LA VILLE DE YAOUNDE
4,4,3,4,4,gemma3:27b,data_pmus_yaounde,q1_1_a,Agent_122,ABIT
4,4,3,4,3,gemma3:27b,data_pmus_yaounde,q1_1_b,Agent_122,10EME ARRET
4,4,2,4,3,gemma3:27b,data_pmus_yaounde,q1_1_c,Agent_122,AFANOYA
5,4,4,4,4,gemma3:27b,data_pmus_yaounde,q1_2,Agent_122,UN QUARTIER DE LA VILLE DE YAOUNDE
4,4,4,4,4,gemma3:27b,data_pmus_yaounde,q1_2_a,Agent_122,SIMBOCK
4,4,3,4,3,gemma3:27b,data_pmus_yaounde,q1_2_b,Agent_122,10 IEME ARRET
4,4,2,4,3,gemma3:27b,data_pmus_yaounde,q1_3_c,Agent_122,DOUALA
4,3,4,4,3,gemma3:27b,data_pmus_yaounde,q2_1,Agent_122,A PIED
4,4,2,4,3,gemma3:27b,data_pmus_yaounde,q2_2_1,Agent_122,GARRE KY OSSIE
4,4,2,4,3,gemma3:27b,data_pmus_yaounde,q2_2_2,Agent_122,10 E ARRET
4,4,2,4,3,gemma3:27b,data_pmus_yaounde,q2_3_1,Agent_122,ENTREE SIMBOCK
4,4,2,4,3,gemma3:27b,data_pmus_yaounde,q2_3_2,Agent_122,0NANA
5,4,4,4,4,gemma3:27b,data_pmus_yaounde,q2_3,Agent_122,OUI
4,4,2,4,3,gemma3:27b,data_pmus_yaounde,q2_4,Agent_122,A PIED
4,4,2,4,3,gemma3:27b,data_pmus_yaounde,q2_5_1,Agent_122,A B0NAS
4,4,2,4,3,gemma3:27b,data_pmus_yaounde,q2_5_2,Agent_122,0MPHINE
4,4,2,4,3,gemma3:27b,data_pmus_yaounde,q2_6_1,Agent_122,GARE
4,4,2,4,3,gemma3:27b,data_pmus_yaounde,q2_6_2,Agent_122,ENTREE DE TERRE ROUGE
4,4,3,4,4,gemma3:27b,data_pmus_yaounde,q3_1,Agent_122,NON
4,3,4,4,3,gemma3:27b,data_pmus_yaounde,q3_2,Agent_122,PAR BUS STACY
4,4,3,4,3,gemma3:27b,data_pmus_yaounde,q3_3_1,Agent_122,SIMBOCK
4,4,2,4,3,gemma3:27b,data_pmus_yaounde,q3_3_2,Agent_122,GARRE
5,4,2,5,2,gemma3:27b,data_pmus_yaounde,q4_1_a,Agent_122,Veuillez indiquer depuis combien de temps vous attendez.
4,3,3,4,4,gemma3:27b,data_pmus_yaounde,q4_1_b,Agent_122,10 20 MINUTES
5,4,2,5,2,gemma3:27b,data_pmus_yaounde,q4_2_a,Agent_122,Veuillez indiquer depuis combien de temps vous attendez.
4,3,3,4,4,gemma3:27b,data_pmus_yaounde,q4_2_b,Agent_122,30 60 MIN
4,4,4,4,4,gemma3:27b,data_pmus_yaounde,q4_3,Agent_122,350
4,3,4,4,4,gemma3:27b,data_pmus_yaounde,q4_4,Agent_122,ACTIVIT S DE LOISIRS
3,3,3,4,3,gemma3:27b,data_pmus_yaounde,q4_4_autres,Agent_122,ACHAT
5,3,4,4,4,gemma3:27b,data_pmus_yaounde,q5_1,Agent_122,MOINS DE 18 ANS
5,3,4,4,4,gemma3:27b,data_pmus_yaounde,q5_2,Agent_122,ENTRE 30 001 ET 100 000
4,4,4,4,4,gemma3:27b,data_pmus_yaounde,q5_3,Agent_122,FEMME
4,4,2,4,3,gemma3:27b,data_pmus_yaounde,centre ville,Agent_123,YAOUNDE
5,4,4,4,4,gemma3:27b,data_pmus_yaounde,q1_1,Agent_123,UN QUARTIER DE LA VILLE DE YAOUNDE
4,4,3,4,4,gemma3:27b,data_pmus_yaounde,q1_1_a,Agent_123,ABIT
4,4,3,4,3,gemma3:27b,data_pmus_yaounde,q1_1_b,Agent_123,10EME ARRET
4,4,2,4,3,gemma3:27b,data_pmus_yaounde,q1_1_c,Agent_123,AFANOYA
5,4,4,4,4,gemma3:27b,data_pmus_yaounde,q1_2,Agent_123,UN QUARTIER DE LA VILLE DE YAOUNDE
4,4,4,4,4,gemma3:27b,data_pmus_yaounde,q1_2_a,Agent_123,ABOM
4,4,3,4,3,gemma3:27b,data_pmus_yaounde,q1_2_b,Agent_123,10 IEME ARRET
4,4,2,4,3,gemma3:27b,data_pmus_yaounde,q1_3_c,Agent_123,AFANOYA
4,3,4,4,3,gemma3:27b,data_pmus_yaounde,q2_1,Agent_123,A PIED
4,4,2,4,3,gemma3:27b,data_pmus_yaounde,q2_2_1,Agent_123,2 CHEVEAU
4,4,2,4,3,gemma3:27b,data_pmus_yaounde,q2_2_2,Agent_123,ARRET BUS
4,4,2,4,3,gemma3:27b,data_pmus_yaounde,q2_3_1,Agent_123,0LESOA
4,4,2,4,3,gemma3:27b,data_pmus_yaounde,q2_3_2,Agent_123,ARRET BUS
5,4,4,4,4,gemma3:27b,data_pmus_yaounde,q2_3,Agent_123,NON
4,4,2,4,3,gemma3:27b,data_pmus_yaounde,q2_4,Agent_123,PAR BUS STACY
4,4,2,4,3,gemma3:27b,data_pmus_yaounde,q2_5_1,Agent_123,A B0NAS
4,4,2,4,3,gemma3:27b,data_pmus_yaounde,q2_5_2,Agent_123,TERMINUS
4,4,2,4,3,gemma3:27b,data_pmus_yaounde,q2_6_1,Agent_123,TOMGOLO
4,4,2,4,3,gemma3:27b,data_pmus_yaounde,q2_6_2,Agent_123,SODECAO
4,4,3,4,4,gemma3:27b,data_pmus_yaounde,q3_1,Agent_123,NON
4,3,4,4,3,gemma3:27b,data_pmus_yaounde,q3_2,Agent_123,PAR BUS STACY
4,4,3,4,3,gemma3:27b,data_pmus_yaounde,q3_3_1,Agent_123,TOMGOLO
4,4,2,4,3,gemma3:27b,data_pmus_yaounde,q3_3_2,Agent_123,ENTREE HISACAM
5,4,2,5,2,gemma3:27b,data_pmus_yaounde,q4_1_a,Agent_123,Veuillez indiquer depuis combien de temps vous attendez.
4,3,3,4,4,gemma3:27b,data_pmus_yaounde,q4_1_b,Agent_123,MOINS DE 5 MIN
5,4,2,5,2,gemma3:27b,data_pmus_yaounde,q4_2_a,Agent_123,Veuillez indiquer depuis combien de temps vous attendez.
4,3,3,4,4,gemma3:27b,data_pmus_yaounde,q4_2_b,Agent_123,30 60 MIN
4,4,4,4,4,gemma3:27b,data_pmus_yaounde,q4_3,Agent_123,800
4,3,4,4,4,gemma3:27b,data_pmus_yaounde,q4_4,Agent_123,COURSES
3,3,3,4,3,gemma3:27b,data_pmus_yaounde,q4_4_autres,Agent_123,COMMERCE
5,3,4,4,4,gemma3:27b,data_pmus_yaounde,q5_1,Agent_123,ENTRE 36 ET 45 ANS
5,3,4,4,4,gemma3:27b,data_pmus_yaounde,q5_2,Agent_123,ENTRE 30 001 ET 100 000
4,4,4,4,4,gemma3:27b,data_pmus_yaounde,q5_3,Agent_123,HOMME
4,4,2,4,3,gemma3:27b,data_pmus_yaounde,centre ville,Agent_124,YAOUNDE
5,4,4,4,4,gemma3:27b,data_pmus_yaounde,q1_1,Agent_124,HORS DE LA VILLE DE YAOUNDE
4,4,3,4,4,gemma3:27b,data_pmus_yaounde,q1_1_a,Agent_124,ABIT
4,4,3,4,3,gemma3:27b,data_pmus_yaounde,q1_1_b,Agent_124,10EME ARRET
4,4,2,4,3,gemma3:27b,data_pmus_yaounde,q1_1_c,Agent_124,AFANOYA
5,4,4,4,4,gemma3:27b,data_pmus_yaounde,q1_2,Agent_124,UN QUARTIER DE LA VILLE DE YAOUNDE
4,4,4,4,4,gemma3:27b,data_pmus_yaounde,q1_2_a,Agent_124,ABOM
4,4,3,4,3,gemma3:27b,data_pmus_yaounde,q1_2_b,Agent_124,BARRIERE
4,4,2,4,3,gemma3:27b,data_pmus_yaounde,q1_3_c,Agent_124,AFANOYA
4,3,4,4,3,gemma3:27b,data_pmus_yaounde,q2_1,Agent_124,PAR BUS STACY
4,4,2,4,3,gemma3:27b,data_pmus_yaounde,q2_2_1,Agent_124,BARRIERE
4,4,2,4,3,gemma3:27b,data_pmus_yaounde,q2_2_2,Agent_124,10 E ARRET
4,4,2,4,3,gemma3:27b,data_pmus_yaounde,q2_3_1,Agent_124,0LESOA
4,4,2,4,3,gemma3:27b,data_pmus_yaounde,q2_3_2,Agent_124,0NANA
5,4,4,4,4,gemma3:27b,data_pmus_yaounde,q2_3,Agent_124,NON
4,4,2,4,3,gemma3:27b,data_pmus_yaounde,q2_4,Agent_124,PAR BUS STACY
4,4,2,4,3,gemma3:27b,data_pmus_yaounde,q2_5_1,Agent_124,BARRIERE
4,4,2,4,3,gemma3:27b,data_pmus_yaounde,q2_5_2,Agent_124,BARRIERE
4,4,2,4,3,gemma3:27b,data_pmus_yaounde,q2_6_1,Agent_124,ONANA
4,4,2,4,3,gemma3:27b,data_pmus_yaounde,q2_6_2,Agent_124,MIMBOMAN TERMINUS
4,4,3,4,4,gemma3:27b,data_pmus_yaounde,q3_1,Agent_124,NON
4,3,4,4,3,gemma3:27b,data_pmus_yaounde,q3_2,Agent_124,PAR BUS STACY
4,4,3,4,3,gemma3:27b,data_pmus_yaounde,q3_3_1,Agent_124,BARRIERE
4,4,2,4,3,gemma3:27b,data_pmus_yaounde,q3_3_2,Agent_124,10 IEME ARRET
5,4,2,5,2,gemma3:27b,data_pmus_yaounde,q4_1_a,Agent_124,Veuillez indiquer depuis combien de temps vous attendez.
4,3,3,4,4,gemma3:27b,data_pmus_yaounde,q4_1_b,Agent_124,10 20 MINUTES
5,4,2,5,2,gemma3:27b,data_pmus_yaounde,q4_2_a,Agent_124,Veuillez indiquer depuis combien de temps vous attendez.
4,3,3,4,4,gemma3:27b,data_pmus_yaounde,q4_2_b,Agent_124,30 60 MIN
4,4,4,4,4,gemma3:27b,data_pmus_yaounde,q4_3,Agent_124,1200
4,3,4,4,4,gemma3:27b,data_pmus_yaounde,q4_4,Agent_124,ACTIVIT S DE LOISIRS
3,3,3,4,3,gemma3:27b,data_pmus_yaounde,q4_4_autres,Agent_124,ETUDES
5,3,4,4,4,gemma3:27b,data_pmus_yaounde,q5_1,Agent_124,MOINS DE 18 ANS
5,3,4,4,4,gemma3:27b,data_pmus_yaounde,q5_2,Agent_124,ENTRE 30 001 ET 100 000
4,4,4,4,4,gemma3:27b,data_pmus_yaounde,q5_3,Agent_124,FEMME
4,4,2,4,3,gemma3:27b,data_pmus_yaounde,centre ville,Agent_125,YAOUNDE
5,4,4,4,4,gemma3:27b,data_pmus_yaounde,q1_1,Agent_125,UN QUARTIER DE LA VILLE DE YAOUNDE
4,4,3,4,4,gemma3:27b,data_pmus_yaounde,q1_1_a,Agent_125,MENDONG
4,4,3,4,3,gemma3:27b,data_pmus_yaounde,q1_1_b,Agent_125,NKOLNDZIE
4,4,2,4,3,gemma3:27b,data_pmus_yaounde,q1_1_c,Agent_125,AFANOYA
5,4,4,4,4,gemma3:27b,data_pmus_yaounde,q1_2,Agent_125,UN QUARTIER DE LA VILLE DE YAOUNDE
4,4,4,4,4,gemma3:27b,data_pmus_yaounde,q1_2_a,Agent_125,SIMBOCK
4,4,3,4,3,gemma3:27b,data_pmus_yaounde,q1_2_b,Agent_125,10 IEME ARRET
4,4,2,4,3,gemma3:27b,data_pmus_yaounde,q1_3_c,Agent_125,AFANOYA
4,3,4,4,3,gemma3:27b,data_pmus_yaounde,q2_1,Agent_125,PAR BUS STACY
4,4,2,4,3,gemma3:27b,data_pmus_yaounde,q2_2_1,Agent_125,2 CHEVEAU
4,4,2,4,3,gemma3:27b,data_pmus_yaounde,q2_2_2,Agent_125,JEAN JORESSE
4,4,2,4,3,gemma3:27b,data_pmus_yaounde,q2_3_1,Agent_125,SIMBO C K
4,4,2,4,3,gemma3:27b,data_pmus_yaounde,q2_3_2,Agent_125,SIMBOCK LABOUREUR
5,4,4,4,4,gemma3:27b,data_pmus_yaounde,q2_3,Agent_125,NON
4,4,2,4,3,gemma3:27b,data_pmus_yaounde,q2_4,Agent_125,PAR BUS STACY
4,4,2,4,3,gemma3:27b,data_pmus_yaounde,q2_5_1,Agent_125,NKOLSSIE
4,4,2,4,3,gemma3:27b,data_pmus_yaounde,q2_5_2,Agent_125,0MPHINE
4,4,2,4,3,gemma3:27b,data_pmus_yaounde,q2_6_1,Agent_125,SIMBOOCK
4,4,2,4,3,gemma3:27b,data_pmus_yaounde,q2_6_2,Agent_125,11EME ARRET
4,4,3,4,4,gemma3:27b,data_pmus_yaounde,q3_1,Agent_125,NON
4,3,4,4,3,gemma3:27b,data_pmus_yaounde,q3_2,Agent_125,PAR BUS STACY
4,4,3,4,3,gemma3:27b,data_pmus_yaounde,q3_3_1,Agent_125,ACACIA
4,4,2,4,3,gemma3:27b,data_pmus_yaounde,q3_3_2,Agent_125,JEAN JORESS
5,4,2,5,2,gemma3:27b,data_pmus_yaounde,q4_1_a,Agent_125,Veuillez indiquer depuis combien de temps vous attendez.
4,3,3,4,4,gemma3:27b,data_pmus_yaounde,q4_1_b,Agent_125,MOINS DE 5 MIN
5,4,2,5,2,gemma3:27b,data_pmus_yaounde,q4_2_a,Agent_125,Veuillez indiquer depuis combien de temps vous attendez.
4,3,3,4,4,gemma3:27b,data_pmus_yaounde,q4_2_b,Agent_125,30 60 MIN
4,4,4,4,4,gemma3:27b,data_pmus_yaounde,q4_3,Agent_125,850
4,3,4,4,4,gemma3:27b,data_pmus_yaounde,q4_4,Agent_125,TRAVAIL
3,3,3,4,3,gemma3:27b,data_pmus_yaounde,q4_4_autres,Agent_125,ACHAT
5,3,4,4,4,gemma3:27b,data_pmus_yaounde,q5_1,Agent_125,ENTRE 36 ET 45 ANS
5,3,4,4,4,gemma3:27b,data_pmus_yaounde,q5_2,Agent_125,ENTRE 30 001 ET 100 000
4,4,4,4,4,gemma3:27b,data_pmus_yaounde,q5_3,Agent_125,FEMME
4,4,2,4,3,gemma3:27b,data_pmus_yaounde,centre ville,Agent_126,YAOUNDE
5,4,4,4,4,gemma3:27b,data_pmus_yaounde,q1_1,Agent_126,UN QUARTIER DE LA VILLE DE YAOUNDE
4,4,3,4,4,gemma3:27b,data_pmus_yaounde,q1_1_a,Agent_126,EYEGUE
4,4,3,4,3,gemma3:27b,data_pmus_yaounde,q1_1_b,Agent_126,10EME ARRET
4,4,2,4,3,gemma3:27b,data_pmus_yaounde,q1_1_c,Agent_126,AFANOYA
5,4,4,4,4,gemma3:27b,data_pmus_yaounde,q1_2,Agent_126,UN QUARTIER DE LA VILLE DE YAOUNDE
4,4,4,4,4,gemma3:27b,data_pmus_yaounde,q1_2_a,Agent_126,EKIE
4,4,3,4,3,gemma3:27b,data_pmus_yaounde,q1_2_b,Agent_126,10 IEME ARRET
4,4,2,4,3,gemma3:27b,data_pmus_yaounde,q1_3_c,Agent_126,AFANOYA
4,3,4,4,3,gemma3:27b,data_pmus_yaounde,q2_1,Agent_126,PAR TAXI
4,4,2,4,3,gemma3:27b,data_pmus_yaounde,q2_2_1,Agent_126,2 CHEVEAU
4,4,2,4,3,gemma3:27b,data_pmus_yaounde,q2_2_2,Agent_126,ROND POINT
4,4,2,4,3,gemma3:27b,data_pmus_yaounde,q2_3_1,Agent_126,0LESOA
4,4,2,4,3,gemma3:27b,data_pmus_yaounde,q2_3_2,Agent_126,0NANA
5,4,4,4,4,gemma3:27b,data_pmus_yaounde,q2_3,Agent_126,NON
4,4,2,4,3,gemma3:27b,data_pmus_yaounde,q2_4,Agent_126,PAR TAXI
4,4,2,4,3,gemma3:27b,data_pmus_yaounde,q2_5_1,Agent_126,A B0NAS
4,4,2,4,3,gemma3:27b,data_pmus_yaounde,q2_5_2,Agent_126,MESSAME NDONGO
4,4,2,4,3,gemma3:27b,data_pmus_yaounde,q2_6_1,Agent_126,ABATTOIR
4,4,2,4,3,gemma3:27b,data_pmus_yaounde,q2_6_2,Agent_126,ROND POINT MECC
4,4,3,4,4,gemma3:27b,data_pmus_yaounde,q3_1,Agent_126,NON
4,3,4,4,3,gemma3:27b,data_pmus_yaounde,q3_2,Agent_126,PAR TAXI
4,4,3,4,3,gemma3:27b,data_pmus_yaounde,q3_3_1,Agent_126,ACACIA
4,4,2,4,3,gemma3:27b,data_pmus_yaounde,q3_3_2,Agent_126,MARCHE EKOUNOU
5,4,2,5,2,gemma3:27b,data_pmus_yaounde,q4_1_a,Agent_126,Veuillez indiquer depuis combien de temps vous attendez.
4,3,3,4,4,gemma3:27b,data_pmus_yaounde,q4_1_b,Agent_126,10 20 MINUTES
5,4,2,5,2,gemma3:27b,data_pmus_yaounde,q4_2_a,Agent_126,Veuillez indiquer depuis combien de temps vous attendez.
4,3,3,4,4,gemma3:27b,data_pmus_yaounde,q4_2_b,Agent_126,15 30 MIN
4,4,4,4,4,gemma3:27b,data_pmus_yaounde,q4_3,Agent_126,3000
4,3,4,4,4,gemma3:27b,data_pmus_yaounde,q4_4,Agent_126,TRAVAIL
3,3,3,4,3,gemma3:27b,data_pmus_yaounde,q4_4_autres,Agent_126,ACHAT
5,3,4,4,4,gemma3:27b,data_pmus_yaounde,q5_1,Agent_126,ENTRE 26 ET 35 ANS
5,3,4,4,4,gemma3:27b,data_pmus_yaounde,q5_2,Agent_126,ENTRE 30 001 ET 100 000
4,4,4,4,4,gemma3:27b,data_pmus_yaounde,q5_3,Agent_126,FEMME
4,4,2,4,3,gemma3:27b,data_pmus_yaounde,centre ville,Agent_127,YAOUNDE
5,4,4,4,4,gemma3:27b,data_pmus_yaounde,q1_1,Agent_127,UN QUARTIER DE LA VILLE DE YAOUNDE
4,4,3,4,4,gemma3:27b,data_pmus_yaounde,q1_1_a,Agent_127,NSIMALEN
4,4,3,4,3,gemma3:27b,data_pmus_yaounde,q1_1_b,Agent_127,CEREFOUR
4,4,2,4,3,gemma3:27b,data_pmus_yaounde,q1_1_c,Agent_127,AFANOYA
5,4,4,4,4,gemma3:27b,data_pmus_yaounde,q1_2,Agent_127,UN QUARTIER DE LA VILLE DE YAOUNDE
4,4,4,4,4,gemma3:27b,data_pmus_yaounde,q1_2_a,Agent_127,NKOLBISSON
4,4,3,4,3,gemma3:27b,data_pmus_yaounde,q1_2_b,Agent_127,10 IEME ARRET
4,4,2,4,3,gemma3:27b,data_pmus_yaounde,q1_3_c,Agent_127,AFANOYA
4,3,4,4,3,gemma3:27b,data_pmus_yaounde,q2_1,Agent_127,PAR BUS STACY
4,4,2,4,3,gemma3:27b,data_pmus_yaounde,q2_2_1,Agent_127,2 CHEVEAU
4,4,2,4,3,gemma3:27b,data_pmus_yaounde,q2_2_2,Agent_127,10 E ARRET
4,4,2,4,3,gemma3:27b,data_pmus_yaounde,q2_3_1,Agent_127,NKOLBISSON
4,4,2,4,3,gemma3:27b,data_pmus_yaounde,q2_3_2,Agent_127,CARREFO
5,4,4,4,4,gemma3:27b,data_pmus_yaounde,q2_3,Agent_127,NON
4,4,2,4,3,gemma3:27b,data_pmus_yaounde,q2_4,Agent_127,PAR BUS STACY
4,4,2,4,3,gemma3:27b,data_pmus_yaounde,q2_5_1,Agent_127,A B0NAS
4,4,2,4,3,gemma3:27b,data_pmus_yaounde,q2_5_2,Agent_127,0MPHINE
4,4,2,4,3,gemma3:27b,data_pmus_yaounde,q2_6_1,Agent_127,NKOLBISSON
4,4,2,4,3,gemma3:27b,data_pmus_yaounde,q2_6_2,Agent_127,CARREFOUR
4,4,3,4,4,gemma3:27b,data_pmus_yaounde,q3_1,Agent_127,NON
4,3,4,4,3,gemma3:27b,data_pmus_yaounde,q3_2,Agent_127,PAR BUS STACY
4,4,3,4,3,gemma3:27b,data_pmus_yaounde,q3_3_1,Agent_127,NSIMALEN
4,4,2,4,3,gemma3:27b,data_pmus_yaounde,q3_3_2,Agent_127,10 IEME ARRET
5,4,2,5,2,gemma3:27b,data_pmus_yaounde,q4_1_a,Agent_127,Veuillez indiquer depuis combien de temps vous attendez.
4,3,3,4,4,gemma3:27b,data_pmus_yaounde,q4_1_b,Agent_127,MOINS DE 5 MIN
5,4,2,5,2,gemma3:27b,data_pmus_yaounde,q4_2_a,Agent_127,Veuillez indiquer depuis combien de temps vous attendez.
4,3,3,4,4,gemma3:27b,data_pmus_yaounde,q4_2_b,Agent_127,30 60 MIN
4,4,4,4,4,gemma3:27b,data_pmus_yaounde,q4_3,Agent_127,800
4,3,4,4,4,gemma3:27b,data_pmus_yaounde,q4_4,Agent_127,TRAVAIL
3,3,3,4,3,gemma3:27b,data_pmus_yaounde,q4_4_autres,Agent_127,ACHAT
5,3,4,4,4,gemma3:27b,data_pmus_yaounde,q5_1,Agent_127,ENTRE 18 ET 25 ANS
5,3,4,4,4,gemma3:27b,data_pmus_yaounde,q5_2,Agent_127,ENTRE 30 001 ET 100 000
4,4,4,4,4,gemma3:27b,data_pmus_yaounde,q5_3,Agent_127,HOMME
4,4,2,4,3,gemma3:27b,data_pmus_yaounde,centre ville,Agent_128,YAOUNDE
5,4,4,4,4,gemma3:27b,data_pmus_yaounde,q1_1,Agent_128,UN QUARTIER DE LA VILLE DE YAOUNDE
4,4,3,4,4,gemma3:27b,data_pmus_yaounde,q1_1_a,Agent_128,BARRIERE
4,4,3,4,3,gemma3:27b,data_pmus_yaounde,q1_1_b,Agent_128,10EME ARRET
4,4,2,4,3,gemma3:27b,data_pmus_yaounde,q1_1_c,Agent_128,AFANOYA
5,4,4,4,4,gemma3:27b,data_pmus_yaounde,q1_2,Agent_128,UN QUARTIER DE LA VILLE DE YAOUNDE
4,4,4,4,4,gemma3:27b,data_pmus_yaounde,q1_2_a,Agent_128,CARRIERE
4,4,3,4,3,gemma3:27b,data_pmus_yaounde,q1_2_b,Agent_128,10 IEME ARRET
4,4,2,4,3,gemma3:27b,data_pmus_yaounde,q1_3_c,Agent_128,DOUALA
4,3,4,4,3,gemma3:27b,data_pmus_yaounde,q2_1,Agent_128,PAR BUS STACY
4,4,2,4,3,gemma3:27b,data_pmus_yaounde,q2_2_1,Agent_128,2 CHEVEAU
4,4,2,4,3,gemma3:27b,data_pmus_yaounde,q2_2_2,Agent_128,10 E ARRET
4,4,2,4,3,gemma3:27b,data_pmus_yaounde,q2_3_1,Agent_128,CARREFOURMEEC
4,4,2,4,3,gemma3:27b,data_pmus_yaounde,q2_3_2,Agent_128,TERMINUE
5,4,4,4,4,gemma3:27b,data_pmus_yaounde,q2_3,Agent_128,NON
4,4,2,4,3,gemma3:27b,data_pmus_yaounde,q2_4,Agent_128,PAR BUS STACY
4,4,2,4,3,gemma3:27b,data_pmus_yaounde,q2_5_1,Agent_128,A B0NAS
4,4,2,4,3,gemma3:27b,data_pmus_yaounde,q2_5_2,Agent_128,BARRIERE
4,4,2,4,3,gemma3:27b,data_pmus_yaounde,q2_6_1,Agent_128,BARRIERE
4,4,2,4,3,gemma3:27b,data_pmus_yaounde,q2_6_2,Agent_128,BARRIERE
4,4,3,4,4,gemma3:27b,data_pmus_yaounde,q3_1,Agent_128,NON
4,3,4,4,3,gemma3:27b,data_pmus_yaounde,q3_2,Agent_128,PAR BUS STACY
4,4,3,4,3,gemma3:27b,data_pmus_yaounde,q3_3_1,Agent_128,BARRIERE
4,4,2,4,3,gemma3:27b,data_pmus_yaounde,q3_3_2,Agent_128,ENTREE CARRIRE
5,4,2,5,2,gemma3:27b,data_pmus_yaounde,q4_1_a,Agent_128,Veuillez indiquer depuis combien de temps vous attendez.
4,3,3,4,4,gemma3:27b,data_pmus_yaounde,q4_1_b,Agent_128,MOINS DE 5 MIN
5,4,2,5,2,gemma3:27b,data_pmus_yaounde,q4_2_a,Agent_128,Veuillez indiquer depuis combien de temps vous attendez.
4,3,3,4,4,gemma3:27b,data_pmus_yaounde,q4_2_b,Agent_128,30 60 MIN
4,4,4,4,4,gemma3:27b,data_pmus_yaounde,q4_3,Agent_128,750
4,3,4,4,4,gemma3:27b,data_pmus_yaounde,q4_4,Agent_128,TRAVAIL
3,3,3,4,3,gemma3:27b,data_pmus_yaounde,q4_4_autres,Agent_128,ACHAT
5,3,4,4,4,gemma3:27b,data_pmus_yaounde,q5_1,Agent_128,ENTRE 36 ET 45 ANS
5,3,4,4,4,gemma3:27b,data_pmus_yaounde,q5_2,Agent_128,ENTRE 30 001 ET 100 000
4,4,4,4,4,gemma3:27b,data_pmus_yaounde,q5_3,Agent_128,HOMME
4,4,2,4,3,gemma3:27b,data_pmus_yaounde,centre ville,Agent_129,YAOUNDE
5,4,4,4,4,gemma3:27b,data_pmus_yaounde,q1_1,Agent_129,UN QUARTIER DE LA VILLE DE YAOUNDE
4,4,3,4,4,gemma3:27b,data_pmus_yaounde,q1_1_a,Agent_129,ABIT
4,4,3,4,3,gemma3:27b,data_pmus_yaounde,q1_1_b,Agent_129,AFANOYA
4,4,2,4,3,gemma3:27b,data_pmus_yaounde,q1_1_c,Agent_129,AFANOYA
5,4,4,4,4,gemma3:27b,data_pmus_yaounde,q1_2,Agent_129,UN QUARTIER DE LA VILLE DE YAOUNDE
4,4,4,4,4,gemma3:27b,data_pmus_yaounde,q1_2_a,Agent_129,MVOG MBI
4,4,3,4,3,gemma3:27b,data_pmus_yaounde,q1_2_b,Agent_129,MVOG ENYEGUE
4,4,2,4,3,gemma3:27b,data_pmus_yaounde,q1_3_c,Agent_129,AFANOYA
4,3,4,4,3,gemma3:27b,data_pmus_yaounde,q2_1,Agent_129,PAR BUS STACY
4,4,2,4,3,gemma3:27b,data_pmus_yaounde,q2_2_1,Agent_129,BORNE 12
4,4,2,4,3,gemma3:27b,data_pmus_yaounde,q2_2_2,Agent_129,TERMINUS
4,4,2,4,3,gemma3:27b,data_pmus_yaounde,q2_3_1,Agent_129,MIMBIMAN
4,4,2,4,3,gemma3:27b,data_pmus_yaounde,q2_3_2,Agent_129,MVOG MBI
5,4,4,4,4,gemma3:27b,data_pmus_yaounde,q2_3,Agent_129,NON
4,4,2,4,3,gemma3:27b,data_pmus_yaounde,q2_4,Agent_129,PAR BUS STACY
4,4,2,4,3,gemma3:27b,data_pmus_yaounde,q2_5_1,Agent_129,TERMINUS
4,4,2,4,3,gemma3:27b,data_pmus_yaounde,q2_5_2,Agent_129,0MPHINE
4,4,2,4,3,gemma3:27b,data_pmus_yaounde,q2_6_1,Agent_129,MVOG MBI
4,4,2,4,3,gemma3:27b,data_pmus_yaounde,q2_6_2,Agent_129,11EME ARRET
4,4,3,4,4,gemma3:27b,data_pmus_yaounde,q3_1,Agent_129,NON
4,3,4,4,3,gemma3:27b,data_pmus_yaounde,q3_2,Agent_129,PAR BUS STACY
4,4,3,4,3,gemma3:27b,data_pmus_yaounde,q3_3_1,Agent_129,TERMINUS
4,4,2,4,3,gemma3:27b,data_pmus_yaounde,q3_3_2,Agent_129,TERMINUS
5,4,2,5,2,gemma3:27b,data_pmus_yaounde,q4_1_a,Agent_129,Veuillez indiquer depuis combien de temps vous attendez.
4,3,3,4,4,gemma3:27b,data_pmus_yaounde,q4_1_b,Agent_129,MOINS DE 5 MIN
5,4,2,5,2,gemma3:27b,data_pmus_yaounde,q4_2_a,Agent_129,Veuillez indiquer depuis combien de temps vous attendez.
4,3,3,4,4,gemma3:27b,data_pmus_yaounde,q4_2_b,Agent_129,30 60 MIN
4,4,4,4,4,gemma3:27b,data_pmus_yaounde,q4_3,Agent_129,650
4,3,4,4,4,gemma3:27b,data_pmus_yaounde,q4_4,Agent_129,TRAVAIL
3,3,3,4,3,gemma3:27b,data_pmus_yaounde,q4_4_autres,Agent_129,COMMERCE
5,3,4,4,4,gemma3:27b,data_pmus_yaounde,q5_1,Agent_129,ENTRE 18 ET 25 ANS
5,3,4,4,4,gemma3:27b,data_pmus_yaounde,q5_2,Agent_129,MOINS DE 30 000
4,4,4,4,4,gemma3:27b,data_pmus_yaounde,q5_3,Agent_129,HOMME
4,4,2,4,3,gemma3:27b,data_pmus_yaounde,centre ville,Agent_130,YAOUNDE
5,4,4,4,4,gemma3:27b,data_pmus_yaounde,q1_1,Agent_130,HORS DE LA VILLE DE YAOUNDE
4,4,3,4,4,gemma3:27b,data_pmus_yaounde,q1_1_a,Agent_130,CENTRE VILLE
4,4,3,4,3,gemma3:27b,data_pmus_yaounde,q1_1_b,Agent_130,CARREFOUR
4,4,2,4,3,gemma3:27b,data_pmus_yaounde,q1_1_c,Agent_130,NKOA MBANG
5,4,4,4,4,gemma3:27b,data_pmus_yaounde,q1_2,Agent_130,UN QUARTIER DE LA VILLE DE YAOUNDE
4,4,4,4,4,gemma3:27b,data_pmus_yaounde,q1_2_a,Agent_130,ABOM
4,4,3,4,3,gemma3:27b,data_pmus_yaounde,q1_2_b,Agent_130,CARAVEL
4,4,2,4,3,gemma3:27b,data_pmus_yaounde,q1_3_c,Agent_130,NKOA MBANG
4,3,4,4,3,gemma3:27b,data_pmus_yaounde,q2_1,Agent_130,PAR BUS STACY
4,4,2,4,3,gemma3:27b,data_pmus_yaounde,q2_2_1,Agent_130,CARREFOUR ELOUDOU
4,4,2,4,3,gemma3:27b,data_pmus_yaounde,q2_2_2,Agent_130,10 E ARRET
4,4,2,4,3,gemma3:27b,data_pmus_yaounde,q2_3_1,Agent_130,CENTRE VILLE
4,4,2,4,3,gemma3:27b,data_pmus_yaounde,q2_3_2,Agent_130,GARAGE
5,4,4,4,4,gemma3:27b,data_pmus_yaounde,q2_3,Agent_130,NON
4,4,2,4,3,gemma3:27b,data_pmus_yaounde,q2_4,Agent_130,PAR BUS STACY
4,4,2,4,3,gemma3:27b,data_pmus_yaounde,q2_5_1,Agent_130,CARREFOUR NOLBISSON
4,4,2,4,3,gemma3:27b,data_pmus_yaounde,q2_5_2,Agent_130,CARREFOUR
4,4,2,4,3,gemma3:27b,data_pmus_yaounde,q2_6_1,Agent_130,GARE
4,4,2,4,3,gemma3:27b,data_pmus_yaounde,q2_6_2,Agent_130,11EME ARRET
4,4,3,4,4,gemma3:27b,data_pmus_yaounde,q3_1,Agent_130,NON
4,3,4,4,3,gemma3:27b,data_pmus_yaounde,q3_2,Agent_130,PAR BUS STACY
4,4,3,4,3,gemma3:27b,data_pmus_yaounde,q3_3_1,Agent_130,CARREFOUR MEEC
4,4,2,4,3,gemma3:27b,data_pmus_yaounde,q3_3_2,Agent_130,10 IEME ARRET
5,4,2,5,2,gemma3:27b,data_pmus_yaounde,q4_1_a,Agent_130,Veuillez indiquer depuis combien de temps vous attendez.
4,3,3,4,4,gemma3:27b,data_pmus_yaounde,q4_1_b,Agent_130,MOINS DE 5 MIN
5,4,2,5,2,gemma3:27b,data_pmus_yaounde,q4_2_a,Agent_130,Veuillez indiquer depuis combien de temps vous attendez.
4,3,3,4,4,gemma3:27b,data_pmus_yaounde,q4_2_b,Agent_130,15 30 MIN
4,4,4,4,4,gemma3:27b,data_pmus_yaounde,q4_3,Agent_130,150
4,3,4,4,4,gemma3:27b,data_pmus_yaounde,q4_4,Agent_130,TRAVAIL
3,3,3,4,3,gemma3:27b,data_pmus_yaounde,q4_4_autres,Agent_130,ACHAT
5,3,4,4,4,gemma3:27b,data_pmus_yaounde,q5_1,Agent_130,ENTRE 18 ET 25 ANS
5,3,4,4,4,gemma3:27b,data_pmus_yaounde,q5_2,Agent_130,MOINS DE 30 000
4,4,4,4,4,gemma3:27b,data_pmus_yaounde,q5_3,Agent_130,FEMME
4,4,2,4,3,gemma3:27b,data_pmus_yaounde,centre ville,Agent_131,YAOUNDE
5,4,4,4,4,gemma3:27b,data_pmus_yaounde,q1_1,Agent_131,UN QUARTIER DE LA VILLE DE YAOUNDE
4,4,3,4,4,gemma3:27b,data_pmus_yaounde,q1_1_a,Agent_131,ABIT
4,4,3,4,3,gemma3:27b,data_pmus_yaounde,q1_1_b,Agent_131,NOUNOUS
4,4,2,4,3,gemma3:27b,data_pmus_yaounde,q1_1_c,Agent_131,AFANOYA
5,4,4,4,4,gemma3:27b,data_pmus_yaounde,q1_2,Agent_131,UN QUARTIER DE LA VILLE DE YAOUNDE
4,4,4,4,4,gemma3:27b,data_pmus_yaounde,q1_2_a,Agent_131,NKOLMESSENG
4,4,3,4,3,gemma3:27b,data_pmus_yaounde,q1_2_b,Agent_131,NOUNOUS
4,4,2,4,3,gemma3:27b,data_pmus_yaounde,q1_3_c,Agent_131,AFANOYA
4,3,4,4,3,gemma3:27b,data_pmus_yaounde,q2_1,Agent_131,PAR BUS STACY
4,4,2,4,3,gemma3:27b,data_pmus_yaounde,q2_2_1,Agent_131,CARREFOUR DU SOLEIL
4,4,2,4,3,gemma3:27b,data_pmus_yaounde,q2_2_2,Agent_131,CARREFOUT AWAE
4,4,2,4,3,gemma3:27b,data_pmus_yaounde,q2_3_1,Agent_131,0LESOA
4,4,2,4,3,gemma3:27b,data_pmus_yaounde,q2_3_2,Agent_131,NKONMESSEIN
5,4,4,4,4,gemma3:27b,data_pmus_yaounde,q2_3,Agent_131,NON
4,4,2,4,3,gemma3:27b,data_pmus_yaounde,q2_4,Agent_131,PAR BUS STACY
4,4,2,4,3,gemma3:27b,data_pmus_yaounde,q2_5_1,Agent_131,NKOLSSIE
4,4,2,4,3,gemma3:27b,data_pmus_yaounde,q2_5_2,Agent_131,0MPHINE
4,4,2,4,3,gemma3:27b,data_pmus_yaounde,q2_6_1,Agent_131,ABATTOIR
4,4,2,4,3,gemma3:27b,data_pmus_yaounde,q2_6_2,Agent_131,STATION
4,4,3,4,4,gemma3:27b,data_pmus_yaounde,q3_1,Agent_131,NON
4,3,4,4,3,gemma3:27b,data_pmus_yaounde,q3_2,Agent_131,PAR BUS STACY
4,4,3,4,3,gemma3:27b,data_pmus_yaounde,q3_3_1,Agent_131,NKOL NDA
4,4,2,4,3,gemma3:27b,data_pmus_yaounde,q3_3_2,Agent_131,ENTREE CARRIRE
5,4,2,5,2,gemma3:27b,data_pmus_yaounde,q4_1_a,Agent_131,Veuillez indiquer depuis combien de temps vous attendez.
4,3,3,4,4,gemma3:27b,data_pmus_yaounde,q4_1_b,Agent_131,MOINS DE 5 MIN
5,4,2,5,2,gemma3:27b,data_pmus_yaounde,q4_2_a,Agent_131,Veuillez indiquer depuis combien de temps vous attendez.
4,3,3,4,4,gemma3:27b,data_pmus_yaounde,q4_2_b,Agent_131,30 60 MIN
4,4,4,4,4,gemma3:27b,data_pmus_yaounde,q4_3,Agent_131,800
4,3,4,4,4,gemma3:27b,data_pmus_yaounde,q4_4,Agent_131,VISITE FAMILLE
3,3,3,4,3,gemma3:27b,data_pmus_yaounde,q4_4_autres,Agent_131,ACHAT
5,3,4,4,4,gemma3:27b,data_pmus_yaounde,q5_1,Agent_131,ENTRE 18 ET 25 ANS
5,3,4,4,4,gemma3:27b,data_pmus_yaounde,q5_2,Agent_131,ENTRE 30 001 ET 100 000
4,4,4,4,4,gemma3:27b,data_pmus_yaounde,q5_3,Agent_131,FEMME
4,4,2,4,3,gemma3:27b,data_pmus_yaounde,centre ville,Agent_132,YAOUNDE
5,4,4,4,4,gemma3:27b,data_pmus_yaounde,q1_1,Agent_132,HORS DE LA VILLE DE YAOUNDE
4,4,3,4,4,gemma3:27b,data_pmus_yaounde,q1_1_a,Agent_132,ODZA
4,4,3,4,3,gemma3:27b,data_pmus_yaounde,q1_1_b,Agent_132,NSIMEYONG
4,4,2,4,3,gemma3:27b,data_pmus_yaounde,q1_1_c,Agent_132,AFANOYA
5,4,4,4,4,gemma3:27b,data_pmus_yaounde,q1_2,Agent_132,UN QUARTIER DE LA VILLE DE YAOUNDE
4,4,4,4,4,gemma3:27b,data_pmus_yaounde,q1_2_a,Agent_132,ABOM
4,4,3,4,3,gemma3:27b,data_pmus_yaounde,q1_2_b,Agent_132,10 IEME ARRET
4,4,2,4,3,gemma3:27b,data_pmus_yaounde,q1_3_c,Agent_132,AFANOYA
4,3,4,4,3,gemma3:27b,data_pmus_yaounde,q2_1,Agent_132,A PIED
4,4,2,4,3,gemma3:27b,data_pmus_yaounde,q2_2_1,Agent_132,ODZA
4,4,2,4,3,gemma3:27b,data_pmus_yaounde,q2_2_2,Agent_132,10 E ARRET
4,4,2,4,3,gemma3:27b,data_pmus_yaounde,q2_3_1,Agent_132,0LESOA
4,4,2,4,3,gemma3:27b,data_pmus_yaounde,q2_3_2,Agent_132,0NANA
5,4,4,4,4,gemma3:27b,data_pmus_yaounde,q2_3,Agent_132,NON
4,4,2,4,3,gemma3:27b,data_pmus_yaounde,q2_4,Agent_132,PAR BUS STACY
4,4,2,4,3,gemma3:27b,data_pmus_yaounde,q2_5_1,Agent_132,A B0NAS
4,4,2,4,3,gemma3:27b,data_pmus_yaounde,q2_5_2,Agent_132,0MPHINE
4,4,2,4,3,gemma3:27b,data_pmus_yaounde,q2_6_1,Agent_132,ABATTOIR
4,4,2,4,3,gemma3:27b,data_pmus_yaounde,q2_6_2,Agent_132,11EME ARRET
4,4,3,4,4,gemma3:27b,data_pmus_yaounde,q3_1,Agent_132,NON
4,3,4,4,3,gemma3:27b,data_pmus_yaounde,q3_2,Agent_132,PAR BUS STACY
4,4,3,4,3,gemma3:27b,data_pmus_yaounde,q3_3_1,Agent_132,ODZA
4,4,2,4,3,gemma3:27b,data_pmus_yaounde,q3_3_2,Agent_132,C ARREFOUR
5,4,2,5,2,gemma3:27b,data_pmus_yaounde,q4_1_a,Agent_132,Veuillez indiquer depuis combien de temps vous attendez.
4,3,3,4,4,gemma3:27b,data_pmus_yaounde,q4_1_b,Agent_132,MOINS DE 5 MIN
5,4,2,5,2,gemma3:27b,data_pmus_yaounde,q4_2_a,Agent_132,Veuillez indiquer depuis combien de temps vous attendez.
4,3,3,4,4,gemma3:27b,data_pmus_yaounde,q4_2_b,Agent_132,30 60 MIN
4,4,4,4,4,gemma3:27b,data_pmus_yaounde,q4_3,Agent_132,500
4,3,4,4,4,gemma3:27b,data_pmus_yaounde,q4_4,Agent_132,COURSES
3,3,3,4,3,gemma3:27b,data_pmus_yaounde,q4_4_autres,Agent_132,FAIRE DES ACHATS
5,3,4,4,4,gemma3:27b,data_pmus_yaounde,q5_1,Agent_132,MOINS DE 18 ANS
5,3,4,4,4,gemma3:27b,data_pmus_yaounde,q5_2,Agent_132,ENTRE 300 001 ET 500 000
4,4,4,4,4,gemma3:27b,data_pmus_yaounde,q5_3,Agent_132,HOMME
4,4,2,4,3,gemma3:27b,data_pmus_yaounde,centre ville,Agent_133,YAOUNDE
5,4,4,4,4,gemma3:27b,data_pmus_yaounde,q1_1,Agent_133,HORS DE LA VILLE DE YAOUNDE
4,4,3,4,4,gemma3:27b,data_pmus_yaounde,q1_1_a,Agent_133,MFOU
4,4,3,4,3,gemma3:27b,data_pmus_yaounde,q1_1_b,Agent_133,BOULANGERIE OBOBOGO
4,4,2,4,3,gemma3:27b,data_pmus_yaounde,q1_1_c,Agent_133,MFOU
5,4,4,4,4,gemma3:27b,data_pmus_yaounde,q1_2,Agent_133,HORS DE LA VILLE DE YAOUNDE
4,4,4,4,4,gemma3:27b,data_pmus_yaounde,q1_2_a,Agent_133,MFOU
4,4,3,4,3,gemma3:27b,data_pmus_yaounde,q1_2_b,Agent_133,10 IEME ARRET
4,4,2,4,3,gemma3:27b,data_pmus_yaounde,q1_3_c,Agent_133,MFOU
4,3,4,4,3,gemma3:27b,data_pmus_yaounde,q2_1,Agent_133,A PIED
4,4,2,4,3,gemma3:27b,data_pmus_yaounde,q2_2_1,Agent_133,MFOU
4,4,2,4,3,gemma3:27b,data_pmus_yaounde,q2_2_2,Agent_133,10 E ARRET
4,4,2,4,3,gemma3:27b,data_pmus_yaounde,q2_3_1,Agent_133,MFOU
4,4,2,4,3,gemma3:27b,data_pmus_yaounde,q2_3_2,Agent_133,MFOU
5,4,4,4,4,gemma3:27b,data_pmus_yaounde,q2_3,Agent_133,NON
4,4,2,4,3,gemma3:27b,data_pmus_yaounde,q2_4,Agent_133,A PIED
4,4,2,4,3,gemma3:27b,data_pmus_yaounde,q2_5_1,Agent_133,MFOU
4,4,2,4,3,gemma3:27b,data_pmus_yaounde,q2_5_2,Agent_133,0MPHINE
4,4,2,4,3,gemma3:27b,data_pmus_yaounde,q2_6_1,Agent_133,ABATTOIR
4,4,2,4,3,gemma3:27b,data_pmus_yaounde,q2_6_2,Agent_133,11EME ARRET
4,4,3,4,4,gemma3:27b,data_pmus_yaounde,q3_1,Agent_133,NON
4,3,4,4,3,gemma3:27b,data_pmus_yaounde,q3_2,Agent_133,A PIED
4,4,3,4,3,gemma3:27b,data_pmus_yaounde,q3_3_1,Agent_133,MFOU
4,4,2,4,3,gemma3:27b,data_pmus_yaounde,q3_3_2,Agent_133,MOSQUE TSINGA
5,4,2,5,2,gemma3:27b,data_pmus_yaounde,q4_1_a,Agent_133,Veuillez indiquer depuis combien de temps vous attendez.
4,3,3,4,4,gemma3:27b,data_pmus_yaounde,q4_1_b,Agent_133,MOINS DE 5 MIN
5,4,2,5,2,gemma3:27b,data_pmus_yaounde,q4_2_a,Agent_133,Veuillez indiquer depuis combien de temps vous attendez.
4,3,3,4,4,gemma3:27b,data_pmus_yaounde,q4_2_b,Agent_133,MOINS DE 15 MIN
4,4,4,4,4,gemma3:27b,data_pmus_yaounde,q4_3,Agent_133,650
4,3,4,4,4,gemma3:27b,data_pmus_yaounde,q4_4,Agent_133,TRAVAIL
3,3,3,4,3,gemma3:27b,data_pmus_yaounde,q4_4_autres,Agent_133,ACHAT
5,3,4,4,4,gemma3:27b,data_pmus_yaounde,q5_1,Agent_133,ENTRE 26 ET 35 ANS
5,3,4,4,4,gemma3:27b,data_pmus_yaounde,q5_2,Agent_133,ENTRE 30 001 ET 100 000
4,4,4,4,4,gemma3:27b,data_pmus_yaounde,q5_3,Agent_133,HOMME
4,4,2,4,3,gemma3:27b,data_pmus_yaounde,centre ville,Agent_134,YAOUNDE
5,4,4,4,4,gemma3:27b,data_pmus_yaounde,q1_1,Agent_134,HORS DE LA VILLE DE YAOUNDE
4,4,3,4,4,gemma3:27b,data_pmus_yaounde,q1_1_a,Agent_134,NKOLMESSENG
4,4,3,4,3,gemma3:27b,data_pmus_yaounde,q1_1_b,Agent_134,NKOL ETONG
4,4,2,4,3,gemma3:27b,data_pmus_yaounde,q1_1_c,Agent_134,AFANOYA
5,4,4,4,4,gemma3:27b,data_pmus_yaounde,q1_2,Agent_134,UN QUARTIER DE LA VILLE DE YAOUNDE
4,4,4,4,4,gemma3:27b,data_pmus_yaounde,q1_2_a,Agent_134,NKOLMESSENG
4,4,3,4,3,gemma3:27b,data_pmus_yaounde,q1_2_b,Agent_134,10 IEME ARRET
4,4,2,4,3,gemma3:27b,data_pmus_yaounde,q1_3_c,Agent_134,AFANOYA
4,3,4,4,3,gemma3:27b,data_pmus_yaounde,q2_1,Agent_134,A PIED
4,4,2,4,3,gemma3:27b,data_pmus_yaounde,q2_2_1,Agent_134,2 CHEVEAU
1,1,1,1,3,gemma3:27b,data_pmus_yaounde,q2_2_2,Agent_134,nan
4,4,2,4,3,gemma3:27b,data_pmus_yaounde,q2_3_1,Agent_134,NKOLMESSENG
4,4,2,4,3,gemma3:27b,data_pmus_yaounde,q2_3_2,Agent_134,A PIED
5,4,4,4,4,gemma3:27b,data_pmus_yaounde,q2_3,Agent_134,NON
4,4,2,4,3,gemma3:27b,data_pmus_yaounde,q2_4,Agent_134,A PIED
4,4,2,4,3,gemma3:27b,data_pmus_yaounde,q2_5_1,Agent_134,NKOLMESSENG
4,4,2,4,3,gemma3:27b,data_pmus_yaounde,q2_5_2,Agent_134,DANS LE QUARTIER
4,4,2,4,3,gemma3:27b,data_pmus_yaounde,q2_6_1,Agent_134,ABATTOIR
4,4,2,4,3,gemma3:27b,data_pmus_yaounde,q2_6_2,Agent_134,ABOM
4,4,3,4,4,gemma3:27b,data_pmus_yaounde,q3_1,Agent_134,NON
4,3,4,4,3,gemma3:27b,data_pmus_yaounde,q3_2,Agent_134,A PIED
4,4,3,4,3,gemma3:27b,data_pmus_yaounde,q3_3_1,Agent_134,NKOLMESSENG
4,4,2,4,3,gemma3:27b,data_pmus_yaounde,q3_3_2,Agent_134,NKOM KANA
5,4,2,5,2,gemma3:27b,data_pmus_yaounde,q4_1_a,Agent_134,Veuillez indiquer depuis combien de temps vous attendez.
4,3,3,4,4,gemma3:27b,data_pmus_yaounde,q4_1_b,Agent_134,MOINS DE 5 MIN
5,4,2,5,2,gemma3:27b,data_pmus_yaounde,q4_2_a,Agent_134,Veuillez indiquer depuis combien de temps vous attendez.
4,3,3,4,4,gemma3:27b,data_pmus_yaounde,q4_2_b,Agent_134,15 30 MIN
4,4,4,4,4,gemma3:27b,data_pmus_yaounde,q4_3,Agent_134,300
4,3,4,4,4,gemma3:27b,data_pmus_yaounde,q4_4,Agent_134,COURSES
3,3,3,4,3,gemma3:27b,data_pmus_yaounde,q4_4_autres,Agent_134,FAIRE DU MARCHE
5,3,4,4,4,gemma3:27b,data_pmus_yaounde,q5_1,Agent_134,ENTRE 18 ET 25 ANS
5,3,4,4,4,gemma3:27b,data_pmus_yaounde,q5_2,Agent_134,ENTRE 30 001 ET 100 000
4,4,4,4,4,gemma3:27b,data_pmus_yaounde,q5_3,Agent_134,HOMME
4,4,2,4,3,gemma3:27b,data_pmus_yaounde,centre ville,Agent_135,YAOUNDE
5,4,4,4,4,gemma3:27b,data_pmus_yaounde,q1_1,Agent_135,UN QUARTIER DE LA VILLE DE YAOUNDE
4,4,3,4,4,gemma3:27b,data_pmus_yaounde,q1_1_a,Agent_135,ABIT
4,4,3,4,3,gemma3:27b,data_pmus_yaounde,q1_1_b,Agent_135,10EME ARRET
4,4,2,4,3,gemma3:27b,data_pmus_yaounde,q1_1_c,Agent_135,AFANOYA
5,4,4,4,4,gemma3:27b,data_pmus_yaounde,q1_2,Agent_135,HORS DE LA VILLE DE YAOUNDE
4,4,4,4,4,gemma3:27b,data_pmus_yaounde,q1_2_a,Agent_135,DRAGAGE
4,4,3,4,3,gemma3:27b,data_pmus_yaounde,q1_2_b,Agent_135,10 IEME ARRET
4,4,2,4,3,gemma3:27b,data_pmus_yaounde,q1_3_c,Agent_135,AFANOYA
4,3,4,4,3,gemma3:27b,data_pmus_yaounde,q2_1,Agent_135,PAR BUS STACY
4,4,2,4,3,gemma3:27b,data_pmus_yaounde,q2_2_1,Agent_135,2 CHEVEAU
4,4,2,4,3,gemma3:27b,data_pmus_yaounde,q2_2_2,Agent_135,SALLE ABEGA
4,4,2,4,3,gemma3:27b,data_pmus_yaounde,q2_3_1,Agent_135,0LESOA
4,4,2,4,3,gemma3:27b,data_pmus_yaounde,q2_3_2,Agent_135,NKONDENGUI
5,4,4,4,4,gemma3:27b,data_pmus_yaounde,q2_3,Agent_135,NON
4,4,2,4,3,gemma3:27b,data_pmus_yaounde,q2_4,Agent_135,PAR BUS STACY
4,4,2,4,3,gemma3:27b,data_pmus_yaounde,q2_5_1,Agent_135,CARREFOUR BASTOS
4,4,2,4,3,gemma3:27b,data_pmus_yaounde,q2_5_2,Agent_135,0MPHINE
4,4,2,4,3,gemma3:27b,data_pmus_yaounde,q2_6_1,Agent_135,CHAPPELLE
4,4,2,4,3,gemma3:27b,data_pmus_yaounde,q2_6_2,Agent_135,CAPELLE
4,4,3,4,4,gemma3:27b,data_pmus_yaounde,q3_1,Agent_135,NON
4,3,4,4,3,gemma3:27b,data_pmus_yaounde,q3_2,Agent_135,PAR BUS STACY
4,4,3,4,3,gemma3:27b,data_pmus_yaounde,q3_3_1,Agent_135,SOUS PREFETURE
4,4,2,4,3,gemma3:27b,data_pmus_yaounde,q3_3_2,Agent_135,10 IEME ARRET
5,4,2,5,2,gemma3:27b,data_pmus_yaounde,q4_1_a,Agent_135,Veuillez indiquer depuis combien de temps vous attendez.
4,3,3,4,4,gemma3:27b,data_pmus_yaounde,q4_1_b,Agent_135,MOINS DE 5 MIN
5,4,2,5,2,gemma3:27b,data_pmus_yaounde,q4_2_a,Agent_135,Veuillez indiquer depuis combien de temps vous attendez.
4,3,3,4,4,gemma3:27b,data_pmus_yaounde,q4_2_b,Agent_135,15 30 MIN
4,4,4,4,4,gemma3:27b,data_pmus_yaounde,q4_3,Agent_135,700
4,3,4,4,4,gemma3:27b,data_pmus_yaounde,q4_4,Agent_135,VISITE FAMILLE
3,3,3,4,3,gemma3:27b,data_pmus_yaounde,q4_4_autres,Agent_135,ACHAT
5,3,4,4,4,gemma3:27b,data_pmus_yaounde,q5_1,Agent_135,MOINS DE 18 ANS
5,3,4,4,4,gemma3:27b,data_pmus_yaounde,q5_2,Agent_135,ENTRE 30 001 ET 100 000
4,4,4,4,4,gemma3:27b,data_pmus_yaounde,q5_3,Agent_135,HOMME
4,4,2,4,3,gemma3:27b,data_pmus_yaounde,centre ville,Agent_136,YAOUNDE
5,4,4,4,4,gemma3:27b,data_pmus_yaounde,q1_1,Agent_136,HORS DE LA VILLE DE YAOUNDE
4,4,3,4,4,gemma3:27b,data_pmus_yaounde,q1_1_a,Agent_136,ABIT
4,4,3,4,3,gemma3:27b,data_pmus_yaounde,q1_1_b,Agent_136,RAIL TCHAD
4,4,2,4,3,gemma3:27b,data_pmus_yaounde,q1_1_c,Agent_136,AFANOYA
5,4,4,4,4,gemma3:27b,data_pmus_yaounde,q1_2,Agent_136,UN QUARTIER DE LA VILLE DE YAOUNDE
4,4,4,4,4,gemma3:27b,data_pmus_yaounde,q1_2_a,Agent_136,ELIG EDZOA
4,4,3,4,3,gemma3:27b,data_pmus_yaounde,q1_2_b,Agent_136,SAFCA
4,4,2,4,3,gemma3:27b,data_pmus_yaounde,q1_3_c,Agent_136,AFANOYA
4,3,4,4,3,gemma3:27b,data_pmus_yaounde,q2_1,Agent_136,PAR BUS STACY
4,4,2,4,3,gemma3:27b,data_pmus_yaounde,q2_2_1,Agent_136,YASSA
4,4,2,4,3,gemma3:27b,data_pmus_yaounde,q2_2_2,Agent_136,ENTREE PETIT GOUDRON
4,4,2,4,3,gemma3:27b,data_pmus_yaounde,q2_3_1,Agent_136,0LESOA
4,4,2,4,3,gemma3:27b,data_pmus_yaounde,q2_3_2,Agent_136,SAFCA
5,4,4,4,4,gemma3:27b,data_pmus_yaounde,q2_3,Agent_136,NON
4,4,2,4,3,gemma3:27b,data_pmus_yaounde,q2_4,Agent_136,PAR BUS STACY
4,4,2,4,3,gemma3:27b,data_pmus_yaounde,q2_5_1,Agent_136,ENTRE DU G
4,4,2,4,3,gemma3:27b,data_pmus_yaounde,q2_5_2,Agent_136,2EME ECHANGEUR
4,4,2,4,3,gemma3:27b,data_pmus_yaounde,q2_6_1,Agent_136,ELIG EDZOA
4,4,2,4,3,gemma3:27b,data_pmus_yaounde,q2_6_2,Agent_136,11EME ARRET
4,4,3,4,4,gemma3:27b,data_pmus_yaounde,q3_1,Agent_136,NON
4,3,4,4,3,gemma3:27b,data_pmus_yaounde,q3_2,Agent_136,A PIED
4,4,3,4,3,gemma3:27b,data_pmus_yaounde,q3_3_1,Agent_136,ACACIA
4,4,2,4,3,gemma3:27b,data_pmus_yaounde,q3_3_2,Agent_136,GARE ROUTIERE
5,4,2,5,2,gemma3:27b,data_pmus_yaounde,q4_1_a,Agent_136,Veuillez indiquer depuis combien de temps vous attendez.
4,3,3,4,4,gemma3:27b,data_pmus_yaounde,q4_1_b,Agent_136,PLUS DE 20 MINUTES
5,4,2,5,2,gemma3:27b,data_pmus_yaounde,q4_2_a,Agent_136,Veuillez indiquer depuis combien de temps vous attendez.
4,3,3,4,4,gemma3:27b,data_pmus_yaounde,q4_2_b,Agent_136,15 30 MIN
4,4,4,4,4,gemma3:27b,data_pmus_yaounde,q4_3,Agent_136,3000
4,3,4,4,4,gemma3:27b,data_pmus_yaounde,q4_4,Agent_136,TRAVAIL
3,3,3,4,3,gemma3:27b,data_pmus_yaounde,q4_4_autres,Agent_136,ACHAT
5,3,4,4,4,gemma3:27b,data_pmus_yaounde,q5_1,Agent_136,ENTRE 36 ET 45 ANS
5,3,4,4,4,gemma3:27b,data_pmus_yaounde,q5_2,Agent_136,ENTRE 30 001 ET 100 000
4,4,4,4,4,gemma3:27b,data_pmus_yaounde,q5_3,Agent_136,FEMME
4,4,2,4,3,gemma3:27b,data_pmus_yaounde,centre ville,Agent_137,YAOUNDE
5,4,4,4,4,gemma3:27b,data_pmus_yaounde,q1_1,Agent_137,HORS DE LA VILLE DE YAOUNDE
4,4,3,4,4,gemma3:27b,data_pmus_yaounde,q1_1_a,Agent_137,ABIT
4,4,3,4,3,gemma3:27b,data_pmus_yaounde,q1_1_b,Agent_137,10EME ARRET
4,4,2,4,3,gemma3:27b,data_pmus_yaounde,q1_1_c,Agent_137,AFANOYA
5,4,4,4,4,gemma3:27b,data_pmus_yaounde,q1_2,Agent_137,UN QUARTIER DE LA VILLE DE YAOUNDE
4,4,4,4,4,gemma3:27b,data_pmus_yaounde,q1_2_a,Agent_137,JOUVENCE
4,4,3,4,3,gemma3:27b,data_pmus_yaounde,q1_2_b,Agent_137,10 IEME ARRET
4,4,2,4,3,gemma3:27b,data_pmus_yaounde,q1_3_c,Agent_137,AFANOYA
4,3,4,4,3,gemma3:27b,data_pmus_yaounde,q2_1,Agent_137,PAR BUS STACY
4,4,2,4,3,gemma3:27b,data_pmus_yaounde,q2_2_1,Agent_137,2 CHEVEAU
4,4,2,4,3,gemma3:27b,data_pmus_yaounde,q2_2_2,Agent_137,10 E ARRET
4,4,2,4,3,gemma3:27b,data_pmus_yaounde,q2_3_1,Agent_137,MONTEE ANNE ROUGE
4,4,2,4,3,gemma3:27b,data_pmus_yaounde,q2_3_2,Agent_137,0NANA
5,4,4,4,4,gemma3:27b,data_pmus_yaounde,q2_3,Agent_137,NON
4,4,2,4,3,gemma3:27b,data_pmus_yaounde,q2_4,Agent_137,PAR BUS STACY
4,4,2,4,3,gemma3:27b,data_pmus_yaounde,q2_5_1,Agent_137,A B0NAS
4,4,2,4,3,gemma3:27b,data_pmus_yaounde,q2_5_2,Agent_137,0MPHINE
4,4,2,4,3,gemma3:27b,data_pmus_yaounde,q2_6_1,Agent_137,ABATTOIR
4,4,2,4,3,gemma3:27b,data_pmus_yaounde,q2_6_2,Agent_137,MONTE
4,4,3,4,4,gemma3:27b,data_pmus_yaounde,q3_1,Agent_137,NON
4,3,4,4,3,gemma3:27b,data_pmus_yaounde,q3_2,Agent_137,PAR BUS STACY
4,4,3,4,3,gemma3:27b,data_pmus_yaounde,q3_3_1,Agent_137,ACACIA
4,4,2,4,3,gemma3:27b,data_pmus_yaounde,q3_3_2,Agent_137,10 IEME ARRET
5,4,2,5,2,gemma3:27b,data_pmus_yaounde,q4_1_a,Agent_137,Veuillez indiquer depuis combien de temps vous attendez.
4,3,3,4,4,gemma3:27b,data_pmus_yaounde,q4_1_b,Agent_137,PLUS DE 20 MINUTES
5,4,2,5,2,gemma3:27b,data_pmus_yaounde,q4_2_a,Agent_137,Veuillez indiquer depuis combien de temps vous attendez.
4,3,3,4,4,gemma3:27b,data_pmus_yaounde,q4_2_b,Agent_137,30 60 MIN
4,4,4,4,4,gemma3:27b,data_pmus_yaounde,q4_3,Agent_137,700
4,3,4,4,4,gemma3:27b,data_pmus_yaounde,q4_4,Agent_137,TRAVAIL
3,3,3,4,3,gemma3:27b,data_pmus_yaounde,q4_4_autres,Agent_137,ACHAT
5,3,4,4,4,gemma3:27b,data_pmus_yaounde,q5_1,Agent_137,ENTRE 18 ET 25 ANS
5,3,4,4,4,gemma3:27b,data_pmus_yaounde,q5_2,Agent_137,ENTRE 30 001 ET 100 000
4,4,4,4,4,gemma3:27b,data_pmus_yaounde,q5_3,Agent_137,FEMME
4,4,2,4,3,gemma3:27b,data_pmus_yaounde,centre ville,Agent_138,YAOUNDE
5,4,4,4,4,gemma3:27b,data_pmus_yaounde,q1_1,Agent_138,UN QUARTIER DE LA VILLE DE YAOUNDE
4,4,3,4,4,gemma3:27b,data_pmus_yaounde,q1_1_a,Agent_138,NKOLMESSENG
4,4,3,4,3,gemma3:27b,data_pmus_yaounde,q1_1_b,Agent_138,10EME ARRET
4,4,2,4,3,gemma3:27b,data_pmus_yaounde,q1_1_c,Agent_138,AFANOYA
5,4,4,4,4,gemma3:27b,data_pmus_yaounde,q1_2,Agent_138,UN QUARTIER DE LA VILLE DE YAOUNDE
4,4,4,4,4,gemma3:27b,data_pmus_yaounde,q1_2_a,Agent_138,ABOM
4,4,3,4,3,gemma3:27b,data_pmus_yaounde,q1_2_b,Agent_138,10 IEME ARRET
4,4,2,4,3,gemma3:27b,data_pmus_yaounde,q1_3_c,Agent_138,DOUALA
4,3,4,4,3,gemma3:27b,data_pmus_yaounde,q2_1,Agent_138,PAR BUS STACY
4,4,2,4,3,gemma3:27b,data_pmus_yaounde,q2_2_1,Agent_138,POSTEE
4,4,2,4,3,gemma3:27b,data_pmus_yaounde,q2_2_2,Agent_138,NIVEAU CHQPELLE
4,4,2,4,3,gemma3:27b,data_pmus_yaounde,q2_3_1,Agent_138,0LESOA
4,4,2,4,3,gemma3:27b,data_pmus_yaounde,q2_3_2,Agent_138,FECOM
5,4,4,4,4,gemma3:27b,data_pmus_yaounde,q2_3,Agent_138,NON
4,4,2,4,3,gemma3:27b,data_pmus_yaounde,q2_4,Agent_138,PAR BUS STACY
4,4,2,4,3,gemma3:27b,data_pmus_yaounde,q2_5_1,Agent_138,A B0NAS
4,4,2,4,3,gemma3:27b,data_pmus_yaounde,q2_5_2,Agent_138,APRES BANANE
4,4,2,4,3,gemma3:27b,data_pmus_yaounde,q2_6_1,Agent_138,ABATTOIR
4,4,2,4,3,gemma3:27b,data_pmus_yaounde,q2_6_2,Agent_138,TERMINUS ODZA
4,4,3,4,4,gemma3:27b,data_pmus_yaounde,q3_1,Agent_138,NON
4,3,4,4,3,gemma3:27b,data_pmus_yaounde,q3_2,Agent_138,PAR BUS STACY
4,4,3,4,3,gemma3:27b,data_pmus_yaounde,q3_3_1,Agent_138,ACACIA
4,4,2,4,3,gemma3:27b,data_pmus_yaounde,q3_3_2,Agent_138,ACACIA
5,4,2,5,2,gemma3:27b,data_pmus_yaounde,q4_1_a,Agent_138,Veuillez indiquer depuis combien de temps vous attendez.
4,3,3,4,4,gemma3:27b,data_pmus_yaounde,q4_1_b,Agent_138,MOINS DE 5 MIN
5,4,2,5,2,gemma3:27b,data_pmus_yaounde,q4_2_a,Agent_138,Veuillez indiquer depuis combien de temps vous attendez.
4,3,3,4,4,gemma3:27b,data_pmus_yaounde,q4_2_b,Agent_138,30 60 MIN
4,4,4,4,4,gemma3:27b,data_pmus_yaounde,q4_3,Agent_138,800
4,3,4,4,4,gemma3:27b,data_pmus_yaounde,q4_4,Agent_138,TRAVAIL
3,3,3,4,3,gemma3:27b,data_pmus_yaounde,q4_4_autres,Agent_138,LES AFFAIRES
5,3,4,4,4,gemma3:27b,data_pmus_yaounde,q5_1,Agent_138,ENTRE 36 ET 45 ANS
5,3,4,4,4,gemma3:27b,data_pmus_yaounde,q5_2,Agent_138,ENTRE 30 001 ET 100 000
4,4,4,4,4,gemma3:27b,data_pmus_yaounde,q5_3,Agent_138,FEMME
4,4,2,4,3,gemma3:27b,data_pmus_yaounde,centre ville,Agent_139,YAOUNDE
5,4,4,4,4,gemma3:27b,data_pmus_yaounde,q1_1,Agent_139,UN QUARTIER DE LA VILLE DE YAOUNDE
4,4,3,4,4,gemma3:27b,data_pmus_yaounde,q1_1_a,Agent_139,ABIT
4,4,3,4,3,gemma3:27b,data_pmus_yaounde,q1_1_b,Agent_139,BONNE FONTAINE
4,4,2,4,3,gemma3:27b,data_pmus_yaounde,q1_1_c,Agent_139,AFANOYA
5,4,4,4,4,gemma3:27b,data_pmus_yaounde,q1_2,Agent_139,UN QUARTIER DE LA VILLE DE YAOUNDE
4,4,4,4,4,gemma3:27b,data_pmus_yaounde,q1_2_a,Agent_139,SANGNELINA
4,4,3,4,3,gemma3:27b,data_pmus_yaounde,q1_2_b,Agent_139,10 IEME ARRET
4,4,2,4,3,gemma3:27b,data_pmus_yaounde,q1_3_c,Agent_139,AFANOYA
4,3,4,4,3,gemma3:27b,data_pmus_yaounde,q2_1,Agent_139,PAR BUS STACY
4,4,2,4,3,gemma3:27b,data_pmus_yaounde,q2_2_1,Agent_139,MOBIL
4,4,2,4,3,gemma3:27b,data_pmus_yaounde,q2_2_2,Agent_139,MOBIL
4,4,2,4,3,gemma3:27b,data_pmus_yaounde,q2_3_1,Agent_139,HOPILALE
4,4,2,4,3,gemma3:27b,data_pmus_yaounde,q2_3_2,Agent_139,0NANA
5,4,4,4,4,gemma3:27b,data_pmus_yaounde,q2_3,Agent_139,NON
4,4,2,4,3,gemma3:27b,data_pmus_yaounde,q2_4,Agent_139,PAR BUS STACY
4,4,2,4,3,gemma3:27b,data_pmus_yaounde,q2_5_1,Agent_139,ONANA
4,4,2,4,3,gemma3:27b,data_pmus_yaounde,q2_5_2,Agent_139,ARRET BUS
4,4,2,4,3,gemma3:27b,data_pmus_yaounde,q2_6_1,Agent_139,ONANA
4,4,2,4,3,gemma3:27b,data_pmus_yaounde,q2_6_2,Agent_139,HOPITAL CENTRAL
4,4,3,4,4,gemma3:27b,data_pmus_yaounde,q3_1,Agent_139,NON
4,3,4,4,3,gemma3:27b,data_pmus_yaounde,q3_2,Agent_139,A PIED
4,4,3,4,3,gemma3:27b,data_pmus_yaounde,q3_3_1,Agent_139,SANGMELINA
4,4,2,4,3,gemma3:27b,data_pmus_yaounde,q3_3_2,Agent_139,10 IEME ARRET
5,4,2,5,2,gemma3:27b,data_pmus_yaounde,q4_1_a,Agent_139,Veuillez indiquer depuis combien de temps vous attendez.
4,3,3,4,4,gemma3:27b,data_pmus_yaounde,q4_1_b,Agent_139,MOINS DE 5 MIN
5,4,2,5,2,gemma3:27b,data_pmus_yaounde,q4_2_a,Agent_139,Veuillez indiquer depuis combien de temps vous attendez.
4,3,3,4,4,gemma3:27b,data_pmus_yaounde,q4_2_b,Agent_139,30 60 MIN
4,4,4,4,4,gemma3:27b,data_pmus_yaounde,q4_3,Agent_139,950
4,3,4,4,4,gemma3:27b,data_pmus_yaounde,q4_4,Agent_139,TRAVAIL
3,3,3,4,3,gemma3:27b,data_pmus_yaounde,q4_4_autres,Agent_139,HOPITAL
5,3,4,4,4,gemma3:27b,data_pmus_yaounde,q5_1,Agent_139,ENTRE 36 ET 45 ANS
5,3,4,4,4,gemma3:27b,data_pmus_yaounde,q5_2,Agent_139,MOINS DE 30 000
4,4,4,4,4,gemma3:27b,data_pmus_yaounde,q5_3,Agent_139,HOMME
4,4,2,4,3,gemma3:27b,data_pmus_yaounde,centre ville,Agent_140,YAOUNDE
5,4,4,4,4,gemma3:27b,data_pmus_yaounde,q1_1,Agent_140,UN QUARTIER DE LA VILLE DE YAOUNDE
4,4,3,4,4,gemma3:27b,data_pmus_yaounde,q1_1_a,Agent_140,ABIT
4,4,3,4,3,gemma3:27b,data_pmus_yaounde,q1_1_b,Agent_140,PONT EFOULAN
4,4,2,4,3,gemma3:27b,data_pmus_yaounde,q1_1_c,Agent_140,AFANOYA
5,4,4,4,4,gemma3:27b,data_pmus_yaounde,q1_2,Agent_140,UN QUARTIER DE LA VILLE DE YAOUNDE
4,4,4,4,4,gemma3:27b,data_pmus_yaounde,q1_2_a,Agent_140,NKONGOA
4,4,3,4,3,gemma3:27b,data_pmus_yaounde,q1_2_b,Agent_140,10 IEME ARRET
4,4,2,4,3,gemma3:27b,data_pmus_yaounde,q1_3_c,Agent_140,AFANOYA
4,3,4,4,3,gemma3:27b,data_pmus_yaounde,q2_1,Agent_140,PAR TAXI
4,4,2,4,3,gemma3:27b,data_pmus_yaounde,q2_2_1,Agent_140,HILTON
4,4,2,4,3,gemma3:27b,data_pmus_yaounde,q2_2_2,Agent_140,HILTON
4,4,2,4,3,gemma3:27b,data_pmus_yaounde,q2_3_1,Agent_140,0LESOA
4,4,2,4,3,gemma3:27b,data_pmus_yaounde,q2_3_2,Agent_140,0NANA
5,4,4,4,4,gemma3:27b,data_pmus_yaounde,q2_3,Agent_140,NON
4,4,2,4,3,gemma3:27b,data_pmus_yaounde,q2_4,Agent_140,PAR TAXI
4,4,2,4,3,gemma3:27b,data_pmus_yaounde,q2_5_1,Agent_140,A B0NAS
4,4,2,4,3,gemma3:27b,data_pmus_yaounde,q2_5_2,Agent_140,CARREFOUR
4,4,2,4,3,gemma3:27b,data_pmus_yaounde,q2_6_1,Agent_140,ABATTOIR
4,4,2,4,3,gemma3:27b,data_pmus_yaounde,q2_6_2,Agent_140,HOPITAL CENTRAL
4,4,3,4,4,gemma3:27b,data_pmus_yaounde,q3_1,Agent_140,NON
4,3,4,4,3,gemma3:27b,data_pmus_yaounde,q3_2,Agent_140,PAR TAXI
4,4,3,4,3,gemma3:27b,data_pmus_yaounde,q3_3_1,Agent_140,ACACIA
4,4,2,4,3,gemma3:27b,data_pmus_yaounde,q3_3_2,Agent_140,ENTREE CHAPELLE
5,4,2,5,2,gemma3:27b,data_pmus_yaounde,q4_1_a,Agent_140,Veuillez indiquer depuis combien de temps vous attendez.
4,3,3,4,4,gemma3:27b,data_pmus_yaounde,q4_1_b,Agent_140,MOINS DE 5 MIN
5,4,2,5,2,gemma3:27b,data_pmus_yaounde,q4_2_a,Agent_140,Veuillez indiquer depuis combien de temps vous attendez.
4,3,3,4,4,gemma3:27b,data_pmus_yaounde,q4_2_b,Agent_140,30 60 MIN
4,4,4,4,4,gemma3:27b,data_pmus_yaounde,q4_3,Agent_140,750
4,3,4,4,4,gemma3:27b,data_pmus_yaounde,q4_4,Agent_140,TRAVAIL
3,3,3,4,3,gemma3:27b,data_pmus_yaounde,q4_4_autres,Agent_140,ACHAT
5,3,4,4,4,gemma3:27b,data_pmus_yaounde,q5_1,Agent_140,ENTRE 36 ET 45 ANS
5,3,4,4,4,gemma3:27b,data_pmus_yaounde,q5_2,Agent_140,ENTRE 30 001 ET 100 000
4,4,4,4,4,gemma3:27b,data_pmus_yaounde,q5_3,Agent_140,HOMME
4,4,2,4,3,gemma3:27b,data_pmus_yaounde,centre ville,Agent_141,YAOUNDE
5,4,4,4,4,gemma3:27b,data_pmus_yaounde,q1_1,Agent_141,HORS DE LA VILLE DE YAOUNDE
4,4,3,4,4,gemma3:27b,data_pmus_yaounde,q1_1_a,Agent_141,ABIT
4,4,3,4,3,gemma3:27b,data_pmus_yaounde,q1_1_b,Agent_141,STADE MILITAIRE
4,4,2,4,3,gemma3:27b,data_pmus_yaounde,q1_1_c,Agent_141,AFANOYA
5,4,4,4,4,gemma3:27b,data_pmus_yaounde,q1_2,Agent_141,UN QUARTIER DE LA VILLE DE YAOUNDE
4,4,4,4,4,gemma3:27b,data_pmus_yaounde,q1_2_a,Agent_141,ABOM
4,4,3,4,3,gemma3:27b,data_pmus_yaounde,q1_2_b,Agent_141,STADE
4,4,2,4,3,gemma3:27b,data_pmus_yaounde,q1_3_c,Agent_141,DOUALA
4,3,4,4,3,gemma3:27b,data_pmus_yaounde,q2_1,Agent_141,A PIED
4,4,2,4,3,gemma3:27b,data_pmus_yaounde,q2_2_1,Agent_141,2 CHEVEAU
4,4,2,4,3,gemma3:27b,data_pmus_yaounde,q2_2_2,Agent_141,STADE OMISPORT
4,4,2,4,3,gemma3:27b,data_pmus_yaounde,q2_3_1,Agent_141,0LESOA
4,4,2,4,3,gemma3:27b,data_pmus_yaounde,q2_3_2,Agent_141,GARNIZON MILITAIRE
5,4,4,4,4,gemma3:27b,data_pmus_yaounde,q2_3,Agent_141,NON
4,4,2,4,3,gemma3:27b,data_pmus_yaounde,q2_4,Agent_141,A PIED
4,4,2,4,3,gemma3:27b,data_pmus_yaounde,q2_5_1,Agent_141,BASE MILITAIRE
4,4,2,4,3,gemma3:27b,data_pmus_yaounde,q2_5_2,Agent_141,BASE MILITAIRE
4,4,2,4,3,gemma3:27b,data_pmus_yaounde,q2_6_1,Agent_141,STADE
4,4,2,4,3,gemma3:27b,data_pmus_yaounde,q2_6_2,Agent_141,11EME ARRET
4,4,3,4,4,gemma3:27b,data_pmus_yaounde,q3_1,Agent_141,NON
4,3,4,4,3,gemma3:27b,data_pmus_yaounde,q3_2,Agent_141,PAR BUS STACY
4,4,3,4,3,gemma3:27b,data_pmus_yaounde,q3_3_1,Agent_141,ACACIA
4,4,2,4,3,gemma3:27b,data_pmus_yaounde,q3_3_2,Agent_141,TERMUNIS
5,4,2,5,2,gemma3:27b,data_pmus_yaounde,q4_1_a,Agent_141,Veuillez indiquer depuis combien de temps vous attendez.
4,3,3,4,4,gemma3:27b,data_pmus_yaounde,q4_1_b,Agent_141,MOINS DE 5 MIN
5,4,2,5,2,gemma3:27b,data_pmus_yaounde,q4_2_a,Agent_141,Veuillez indiquer depuis combien de temps vous attendez.
4,3,3,4,4,gemma3:27b,data_pmus_yaounde,q4_2_b,Agent_141,MOINS DE 15 MIN
4,4,4,4,4,gemma3:27b,data_pmus_yaounde,q4_3,Agent_141,600
4,3,4,4,4,gemma3:27b,data_pmus_yaounde,q4_4,Agent_141,TRAVAIL
3,3,3,4,3,gemma3:27b,data_pmus_yaounde,q4_4_autres,Agent_141,ACHAT
5,3,4,4,4,gemma3:27b,data_pmus_yaounde,q5_1,Agent_141,ENTRE 36 ET 45 ANS
5,3,4,4,4,gemma3:27b,data_pmus_yaounde,q5_2,Agent_141,ENTRE 300 001 ET 500 000
4,4,4,4,4,gemma3:27b,data_pmus_yaounde,q5_3,Agent_141,HOMME
4,4,2,4,3,gemma3:27b,data_pmus_yaounde,centre ville,Agent_142,YAOUNDE
5,4,4,4,4,gemma3:27b,data_pmus_yaounde,q1_1,Agent_142,UN QUARTIER DE LA VILLE DE YAOUNDE
4,4,3,4,4,gemma3:27b,data_pmus_yaounde,q1_1_a,Agent_142,ABIT
4,4,3,4,3,gemma3:27b,data_pmus_yaounde,q1_1_b,Agent_142,10EME ARRET
4,4,2,4,3,gemma3:27b,data_pmus_yaounde,q1_1_c,Agent_142,AFANOYA
5,4,4,4,4,gemma3:27b,data_pmus_yaounde,q1_2,Agent_142,UN QUARTIER DE LA VILLE DE YAOUNDE
4,4,4,4,4,gemma3:27b,data_pmus_yaounde,q1_2_a,Agent_142,SIMBOCK
4,4,3,4,3,gemma3:27b,data_pmus_yaounde,q1_2_b,Agent_142,10 IEME ARRET
4,4,2,4,3,gemma3:27b,data_pmus_yaounde,q1_3_c,Agent_142,AFANOYA
4,3,4,4,3,gemma3:27b,data_pmus_yaounde,q2_1,Agent_142,PAR BUS STACY
4,4,2,4,3,gemma3:27b,data_pmus_yaounde,q2_2_1,Agent_142,SIMBOCK
4,4,2,4,3,gemma3:27b,data_pmus_yaounde,q2_2_2,Agent_142,10 E ARRET
4,4,2,4,3,gemma3:27b,data_pmus_yaounde,q2_3_1,Agent_142,ENTREE SIMBOCK
4,4,2,4,3,gemma3:27b,data_pmus_yaounde,q2_3_2,Agent_142,ENTREE SIMBOCK
5,4,4,4,4,gemma3:27b,data_pmus_yaounde,q2_3,Agent_142,NON
4,4,2,4,3,gemma3:27b,data_pmus_yaounde,q2_4,Agent_142,PAR BUS STACY
4,4,2,4,3,gemma3:27b,data_pmus_yaounde,q2_5_1,Agent_142,CARREFOUR NSSIMEYONG
4,4,2,4,3,gemma3:27b,data_pmus_yaounde,q2_5_2,Agent_142,0MPHINE
4,4,2,4,3,gemma3:27b,data_pmus_yaounde,q2_6_1,Agent_142,SIMBOC
4,4,2,4,3,gemma3:27b,data_pmus_yaounde,q2_6_2,Agent_142,ENTRE SIMBOC
4,4,3,4,4,gemma3:27b,data_pmus_yaounde,q3_1,Agent_142,NON
4,3,4,4,3,gemma3:27b,data_pmus_yaounde,q3_2,Agent_142,PAR BUS STACY
4,4,3,4,3,gemma3:27b,data_pmus_yaounde,q3_3_1,Agent_142,CENTRE VILLE
4,4,2,4,3,gemma3:27b,data_pmus_yaounde,q3_3_2,Agent_142,MONTEE CHAPELLE
5,4,2,5,2,gemma3:27b,data_pmus_yaounde,q4_1_a,Agent_142,Veuillez indiquer depuis combien de temps vous attendez.
4,3,3,4,4,gemma3:27b,data_pmus_yaounde,q4_1_b,Agent_142,MOINS DE 5 MIN
5,4,2,5,2,gemma3:27b,data_pmus_yaounde,q4_2_a,Agent_142,Veuillez indiquer depuis combien de temps vous attendez.
4,3,3,4,4,gemma3:27b,data_pmus_yaounde,q4_2_b,Agent_142,15 30 MIN
4,4,4,4,4,gemma3:27b,data_pmus_yaounde,q4_3,Agent_142,600
4,3,4,4,4,gemma3:27b,data_pmus_yaounde,q4_4,Agent_142,VISITE FAMILLE
3,3,3,4,3,gemma3:27b,data_pmus_yaounde,q4_4_autres,Agent_142,RENCONTRE
5,3,4,4,4,gemma3:27b,data_pmus_yaounde,q5_1,Agent_142,ENTRE 26 ET 35 ANS
5,3,4,4,4,gemma3:27b,data_pmus_yaounde,q5_2,Agent_142,ENTRE 30 001 ET 100 000
4,4,4,4,4,gemma3:27b,data_pmus_yaounde,q5_3,Agent_142,HOMME
4,4,2,4,3,gemma3:27b,data_pmus_yaounde,centre ville,Agent_143,YAOUNDE
5,4,4,4,4,gemma3:27b,data_pmus_yaounde,q1_1,Agent_143,UN QUARTIER DE LA VILLE DE YAOUNDE
4,4,3,4,4,gemma3:27b,data_pmus_yaounde,q1_1_a,Agent_143,FOUDA
4,4,3,4,3,gemma3:27b,data_pmus_yaounde,q1_1_b,Agent_143,10EME ARRET
4,4,2,4,3,gemma3:27b,data_pmus_yaounde,q1_1_c,Agent_143,AFANOYA
5,4,4,4,4,gemma3:27b,data_pmus_yaounde,q1_2,Agent_143,UN QUARTIER DE LA VILLE DE YAOUNDE
4,4,4,4,4,gemma3:27b,data_pmus_yaounde,q1_2_a,Agent_143,SANTA BARBARA
4,4,3,4,3,gemma3:27b,data_pmus_yaounde,q1_2_b,Agent_143,SANZA
4,4,2,4,3,gemma3:27b,data_pmus_yaounde,q1_3_c,Agent_143,AFANOYA
4,3,4,4,3,gemma3:27b,data_pmus_yaounde,q2_1,Agent_143,PAR BUS STACY
4,4,2,4,3,gemma3:27b,data_pmus_yaounde,q2_2_1,Agent_143,MARCHE MFOUNDI
4,4,2,4,3,gemma3:27b,data_pmus_yaounde,q2_2_2,Agent_143,10 E ARRET
4,4,2,4,3,gemma3:27b,data_pmus_yaounde,q2_3_1,Agent_143,0LESOA
4,4,2,4,3,gemma3:27b,data_pmus_yaounde,q2_3_2,Agent_143,CAMPUS
5,4,4,4,4,gemma3:27b,data_pmus_yaounde,q2_3,Agent_143,NON
4,4,2,4,3,gemma3:27b,data_pmus_yaounde,q2_4,Agent_143,PAR BUS STACY
4,4,2,4,3,gemma3:27b,data_pmus_yaounde,q2_5_1,Agent_143,A B0NAS
4,4,2,4,3,gemma3:27b,data_pmus_yaounde,q2_5_2,Agent_143,A L INTERIEUR DU CAMPUS
4,4,2,4,3,gemma3:27b,data_pmus_yaounde,q2_6_1,Agent_143,UNIVERSITE
4,4,2,4,3,gemma3:27b,data_pmus_yaounde,q2_6_2,Agent_143,SCIENCE
4,4,3,4,4,gemma3:27b,data_pmus_yaounde,q3_1,Agent_143,NON
4,3,4,4,3,gemma3:27b,data_pmus_yaounde,q3_2,Agent_143,PAR BUS STACY
4,4,3,4,3,gemma3:27b,data_pmus_yaounde,q3_3_1,Agent_143,CENTRE ADMINISTRATIF
4,4,2,4,3,gemma3:27b,data_pmus_yaounde,q3_3_2,Agent_143,ENTREE FERMENCAM
5,4,2,5,2,gemma3:27b,data_pmus_yaounde,q4_1_a,Agent_143,Veuillez indiquer depuis combien de temps vous attendez.
4,3,3,4,4,gemma3:27b,data_pmus_yaounde,q4_1_b,Agent_143,MOINS DE 5 MIN
5,4,2,5,2,gemma3:27b,data_pmus_yaounde,q4_2_a,Agent_143,Veuillez indiquer depuis combien de temps vous attendez.
4,3,3,4,4,gemma3:27b,data_pmus_yaounde,q4_2_b,Agent_143,30 60 MIN
4,4,4,4,4,gemma3:27b,data_pmus_yaounde,q4_3,Agent_143,500
4,3,4,4,4,gemma3:27b,data_pmus_yaounde,q4_4,Agent_143,COURSES
3,3,3,4,3,gemma3:27b,data_pmus_yaounde,q4_4_autres,Agent_143,FAIRE DU MARCHE
5,3,4,4,4,gemma3:27b,data_pmus_yaounde,q5_1,Agent_143,ENTRE 18 ET 25 ANS
5,3,4,4,4,gemma3:27b,data_pmus_yaounde,q5_2,Agent_143,ENTRE 30 001 ET 100 000
4,4,4,4,4,gemma3:27b,data_pmus_yaounde,q5_3,Agent_143,FEMME
4,4,2,4,3,gemma3:27b,data_pmus_yaounde,centre ville,Agent_144,YAOUNDE
5,4,4,4,4,gemma3:27b,data_pmus_yaounde,q1_1,Agent_144,UN QUARTIER DE LA VILLE DE YAOUNDE
4,4,3,4,4,gemma3:27b,data_pmus_yaounde,q1_1_a,Agent_144,SANTA BARBARA
4,4,3,4,3,gemma3:27b,data_pmus_yaounde,q1_1_b,Agent_144,AU NIVEAU DU TCHADE
4,4,2,4,3,gemma3:27b,data_pmus_yaounde,q1_1_c,Agent_144,AFANOYA
5,4,4,4,4,gemma3:27b,data_pmus_yaounde,q1_2,Agent_144,UN QUARTIER DE LA VILLE DE YAOUNDE
4,4,4,4,4,gemma3:27b,data_pmus_yaounde,q1_2_a,Agent_144,TSINGA
4,4,3,4,3,gemma3:27b,data_pmus_yaounde,q1_2_b,Agent_144,TSINGA
4,4,2,4,3,gemma3:27b,data_pmus_yaounde,q1_3_c,Agent_144,AFANOYA
4,3,4,4,3,gemma3:27b,data_pmus_yaounde,q2_1,Agent_144,PAR BUS AGENCE INTERURBAIN
4,4,2,4,3,gemma3:27b,data_pmus_yaounde,q2_2_1,Agent_144,2 CHEVEAU
4,4,2,4,3,gemma3:27b,data_pmus_yaounde,q2_2_2,Agent_144,10 E ARRET
4,4,2,4,3,gemma3:27b,data_pmus_yaounde,q2_3_1,Agent_144,TSINGA
4,4,2,4,3,gemma3:27b,data_pmus_yaounde,q2_3_2,Agent_144,VERS LA STATION
5,4,4,4,4,gemma3:27b,data_pmus_yaounde,q2_3,Agent_144,NON
4,4,2,4,3,gemma3:27b,data_pmus_yaounde,q2_4,Agent_144,PAR BUS AGENCE INTERURBAIN
4,4,2,4,3,gemma3:27b,data_pmus_yaounde,q2_5_1,Agent_144,A B0NAS
4,4,2,4,3,gemma3:27b,data_pmus_yaounde,q2_5_2,Agent_144,0MPHINE
4,4,2,4,3,gemma3:27b,data_pmus_yaounde,q2_6_1,Agent_144,LYCEE BILINGUE
4,4,2,4,3,gemma3:27b,data_pmus_yaounde,q2_6_2,Agent_144,BIYEM ASSI ECOLE
4,4,3,4,4,gemma3:27b,data_pmus_yaounde,q3_1,Agent_144,NON
4,3,4,4,3,gemma3:27b,data_pmus_yaounde,q3_2,Agent_144,PAR BUS AGENCE INTERURBAIN
4,4,3,4,3,gemma3:27b,data_pmus_yaounde,q3_3_1,Agent_144,ACACIA
4,4,2,4,3,gemma3:27b,data_pmus_yaounde,q3_3_2,Agent_144,ACACIA
5,4,2,5,2,gemma3:27b,data_pmus_yaounde,q4_1_a,Agent_144,Veuillez indiquer depuis combien de temps vous attendez.
4,3,3,4,4,gemma3:27b,data_pmus_yaounde,q4_1_b,Agent_144,PLUS DE 20 MINUTES
5,4,2,5,2,gemma3:27b,data_pmus_yaounde,q4_2_a,Agent_144,Veuillez indiquer depuis combien de temps vous attendez.
4,3,3,4,4,gemma3:27b,data_pmus_yaounde,q4_2_b,Agent_144,30 60 MIN
4,4,4,4,4,gemma3:27b,data_pmus_yaounde,q4_3,Agent_144,1700
4,3,4,4,4,gemma3:27b,data_pmus_yaounde,q4_4,Agent_144,COURSES
3,3,3,4,3,gemma3:27b,data_pmus_yaounde,q4_4_autres,Agent_144,FAIRE DU MARCHE
5,3,4,4,4,gemma3:27b,data_pmus_yaounde,q5_1,Agent_144,ENTRE 18 ET 25 ANS
5,3,4,4,4,gemma3:27b,data_pmus_yaounde,q5_2,Agent_144,MOINS DE 30 000
4,4,4,4,4,gemma3:27b,data_pmus_yaounde,q5_3,Agent_144,FEMME
4,4,2,4,3,gemma3:27b,data_pmus_yaounde,centre ville,Agent_145,YAOUNDE
5,4,4,4,4,gemma3:27b,data_pmus_yaounde,q1_1,Agent_145,UN QUARTIER DE LA VILLE DE YAOUNDE
4,4,3,4,4,gemma3:27b,data_pmus_yaounde,q1_1_a,Agent_145,SIMBOCK
4,4,3,4,3,gemma3:27b,data_pmus_yaounde,q1_1_b,Agent_145,10EME ARRET
4,4,2,4,3,gemma3:27b,data_pmus_yaounde,q1_1_c,Agent_145,AFANOYA
5,4,4,4,4,gemma3:27b,data_pmus_yaounde,q1_2,Agent_145,UN QUARTIER DE LA VILLE DE YAOUNDE
4,4,4,4,4,gemma3:27b,data_pmus_yaounde,q1_2_a,Agent_145,CARRIERE
4,4,3,4,3,gemma3:27b,data_pmus_yaounde,q1_2_b,Agent_145,10 IEME ARRET
4,4,2,4,3,gemma3:27b,data_pmus_yaounde,q1_3_c,Agent_145,AFANOYA
4,3,4,4,3,gemma3:27b,data_pmus_yaounde,q2_1,Agent_145,PAR BUS STACY
4,4,2,4,3,gemma3:27b,data_pmus_yaounde,q2_2_1,Agent_145,BRASSERIE
4,4,2,4,3,gemma3:27b,data_pmus_yaounde,q2_2_2,Agent_145,CAMP MILIATAIRE
4,4,2,4,3,gemma3:27b,data_pmus_yaounde,q2_3_1,Agent_145,SIMBOCCK
4,4,2,4,3,gemma3:27b,data_pmus_yaounde,q2_3_2,Agent_145,TRADEX NSIMBOCK
5,4,4,4,4,gemma3:27b,data_pmus_yaounde,q2_3,Agent_145,NON
4,4,2,4,3,gemma3:27b,data_pmus_yaounde,q2_4,Agent_145,PAR BUS STACY
4,4,2,4,3,gemma3:27b,data_pmus_yaounde,q2_5_1,Agent_145,SIMBOCK
4,4,2,4,3,gemma3:27b,data_pmus_yaounde,q2_5_2,Agent_145,BASE MILITAIRE
4,4,2,4,3,gemma3:27b,data_pmus_yaounde,q2_6_1,Agent_145,SIMBOC
4,4,2,4,3,gemma3:27b,data_pmus_yaounde,q2_6_2,Agent_145,11EME ARRET
4,4,3,4,4,gemma3:27b,data_pmus_yaounde,q3_1,Agent_145,NON
4,3,4,4,3,gemma3:27b,data_pmus_yaounde,q3_2,Agent_145,PAR BUS STACY
4,4,3,4,3,gemma3:27b,data_pmus_yaounde,q3_3_1,Agent_145,SIMBOCK
4,4,2,4,3,gemma3:27b,data_pmus_yaounde,q3_3_2,Agent_145,11IEM ARRET
5,4,2,5,2,gemma3:27b,data_pmus_yaounde,q4_1_a,Agent_145,Veuillez indiquer depuis combien de temps vous attendez.
4,3,3,4,4,gemma3:27b,data_pmus_yaounde,q4_1_b,Agent_145,MOINS DE 5 MIN
5,4,2,5,2,gemma3:27b,data_pmus_yaounde,q4_2_a,Agent_145,Veuillez indiquer depuis combien de temps vous attendez.
4,3,3,4,4,gemma3:27b,data_pmus_yaounde,q4_2_b,Agent_145,30 60 MIN
4,4,4,4,4,gemma3:27b,data_pmus_yaounde,q4_3,Agent_145,900
4,3,4,4,4,gemma3:27b,data_pmus_yaounde,q4_4,Agent_145,AMIS
3,3,3,4,3,gemma3:27b,data_pmus_yaounde,q4_4_autres,Agent_145,RENCONTRE
5,3,4,4,4,gemma3:27b,data_pmus_yaounde,q5_1,Agent_145,ENTRE 18 ET 25 ANS
5,3,4,4,4,gemma3:27b,data_pmus_yaounde,q5_2,Agent_145,MOINS DE 30 000
4,4,4,4,4,gemma3:27b,data_pmus_yaounde,q5_3,Agent_145,HOMME
4,4,2,4,3,gemma3:27b,data_pmus_yaounde,centre ville,Agent_146,YAOUNDE
5,4,4,4,4,gemma3:27b,data_pmus_yaounde,q1_1,Agent_146,UN QUARTIER DE LA VILLE DE YAOUNDE
4,4,3,4,4,gemma3:27b,data_pmus_yaounde,q1_1_a,Agent_146,MVAN
4,4,3,4,3,gemma3:27b,data_pmus_yaounde,q1_1_b,Agent_146,SANTA LUCIA
4,4,2,4,3,gemma3:27b,data_pmus_yaounde,q1_1_c,Agent_146,MVAN
5,4,4,4,4,gemma3:27b,data_pmus_yaounde,q1_2,Agent_146,UN QUARTIER DE LA VILLE DE YAOUNDE
4,4,4,4,4,gemma3:27b,data_pmus_yaounde,q1_2_a,Agent_146,MENDONG
4,4,3,4,3,gemma3:27b,data_pmus_yaounde,q1_2_b,Agent_146,MENDONG
4,4,2,4,3,gemma3:27b,data_pmus_yaounde,q1_3_c,Agent_146,MVAN
4,3,4,4,3,gemma3:27b,data_pmus_yaounde,q2_1,Agent_146,PAR BUS STACY
4,4,2,4,3,gemma3:27b,data_pmus_yaounde,q2_2_1,Agent_146,MARCHE MFOUNDI
4,4,2,4,3,gemma3:27b,data_pmus_yaounde,q2_2_2,Agent_146,EN FACE DU FEICOM
4,4,2,4,3,gemma3:27b,data_pmus_yaounde,q2_3_1,Agent_146,MENDONG
4,4,2,4,3,gemma3:27b,data_pmus_yaounde,q2_3_2,Agent_146,ESSOMBA
5,4,4,4,4,gemma3:27b,data_pmus_yaounde,q2_3,Agent_146,NON
4,4,2,4,3,gemma3:27b,data_pmus_yaounde,q2_4,Agent_146,PAR BUS STACY
4,4,2,4,3,gemma3:27b,data_pmus_yaounde,q2_5_1,Agent_146,MENDONG
4,4,2,4,3,gemma3:27b,data_pmus_yaounde,q2_5_2,Agent_146,MENDONG
4,4,2,4,3,gemma3:27b,data_pmus_yaounde,q2_6_1,Agent_146,HOPITAL
4,4,2,4,3,gemma3:27b,data_pmus_yaounde,q2_6_2,Agent_146,11EME ARRET
4,4,3,4,4,gemma3:27b,data_pmus_yaounde,q3_1,Agent_146,NON
4,3,4,4,3,gemma3:27b,data_pmus_yaounde,q3_2,Agent_146,PAR BUS STACY
4,4,3,4,3,gemma3:27b,data_pmus_yaounde,q3_3_1,Agent_146,MENDONG
4,4,2,4,3,gemma3:27b,data_pmus_yaounde,q3_3_2,Agent_146,ENTREE BASE
5,4,2,5,2,gemma3:27b,data_pmus_yaounde,q4_1_a,Agent_146,Veuillez indiquer depuis combien de temps vous attendez.
4,3,3,4,4,gemma3:27b,data_pmus_yaounde,q4_1_b,Agent_146,MOINS DE 5 MIN
5,4,2,5,2,gemma3:27b,data_pmus_yaounde,q4_2_a,Agent_146,Veuillez indiquer depuis combien de temps vous attendez.
4,3,3,4,4,gemma3:27b,data_pmus_yaounde,q4_2_b,Agent_146,15 30 MIN
4,4,4,4,4,gemma3:27b,data_pmus_yaounde,q4_3,Agent_146,800
4,3,4,4,4,gemma3:27b,data_pmus_yaounde,q4_4,Agent_146,SPORTIVES
3,3,3,4,3,gemma3:27b,data_pmus_yaounde,q4_4_autres,Agent_146,SPORT ET VISITE AMICALE
5,3,4,4,4,gemma3:27b,data_pmus_yaounde,q5_1,Agent_146,ENTRE 36 ET 45 ANS
5,3,4,4,4,gemma3:27b,data_pmus_yaounde,q5_2,Agent_146,ENTRE 300 001 ET 500 000
4,4,4,4,4,gemma3:27b,data_pmus_yaounde,q5_3,Agent_146,FEMME
4,4,2,4,3,gemma3:27b,data_pmus_yaounde,centre ville,Agent_147,YAOUNDE
5,4,4,4,4,gemma3:27b,data_pmus_yaounde,q1_1,Agent_147,UN QUARTIER DE LA VILLE DE YAOUNDE
4,4,3,4,4,gemma3:27b,data_pmus_yaounde,q1_1_a,Agent_147,EKIE
4,4,3,4,3,gemma3:27b,data_pmus_yaounde,q1_1_b,Agent_147,EKIE
4,4,2,4,3,gemma3:27b,data_pmus_yaounde,q1_1_c,Agent_147,AFANOYA
5,4,4,4,4,gemma3:27b,data_pmus_yaounde,q1_2,Agent_147,UN QUARTIER DE LA VILLE DE YAOUNDE
4,4,4,4,4,gemma3:27b,data_pmus_yaounde,q1_2_a,Agent_147,ABOM
4,4,3,4,3,gemma3:27b,data_pmus_yaounde,q1_2_b,Agent_147,EKIE
4,4,2,4,3,gemma3:27b,data_pmus_yaounde,q1_3_c,Agent_147,AFANOYA
4,3,4,4,3,gemma3:27b,data_pmus_yaounde,q2_1,Agent_147,PAR BUS STACY
4,4,2,4,3,gemma3:27b,data_pmus_yaounde,q2_2_1,Agent_147,2 CHEVEAU
4,4,2,4,3,gemma3:27b,data_pmus_yaounde,q2_2_2,Agent_147,10 E ARRET
4,4,2,4,3,gemma3:27b,data_pmus_yaounde,q2_3_1,Agent_147,0LESOA
4,4,2,4,3,gemma3:27b,data_pmus_yaounde,q2_3_2,Agent_147,0NANA
5,4,4,4,4,gemma3:27b,data_pmus_yaounde,q2_3,Agent_147,NON
4,4,2,4,3,gemma3:27b,data_pmus_yaounde,q2_4,Agent_147,PAR BUS STACY
4,4,2,4,3,gemma3:27b,data_pmus_yaounde,q2_5_1,Agent_147,A B0NAS
4,4,2,4,3,gemma3:27b,data_pmus_yaounde,q2_5_2,Agent_147,0MPHINE
4,4,2,4,3,gemma3:27b,data_pmus_yaounde,q2_6_1,Agent_147,ABATTOIR
4,4,2,4,3,gemma3:27b,data_pmus_yaounde,q2_6_2,Agent_147,AWAE
4,4,3,4,4,gemma3:27b,data_pmus_yaounde,q3_1,Agent_147,NON
4,3,4,4,3,gemma3:27b,data_pmus_yaounde,q3_2,Agent_147,PAR BUS STACY
4,4,3,4,3,gemma3:27b,data_pmus_yaounde,q3_3_1,Agent_147,ACACIA
4,4,2,4,3,gemma3:27b,data_pmus_yaounde,q3_3_2,Agent_147,COLLEGE PIERRE MONTI
5,4,2,5,2,gemma3:27b,data_pmus_yaounde,q4_1_a,Agent_147,Veuillez indiquer depuis combien de temps vous attendez.
4,3,3,4,4,gemma3:27b,data_pmus_yaounde,q4_1_b,Agent_147,MOINS DE 5 MIN
5,4,2,5,2,gemma3:27b,data_pmus_yaounde,q4_2_a,Agent_147,Veuillez indiquer depuis combien de temps vous attendez.
4,3,3,4,4,gemma3:27b,data_pmus_yaounde,q4_2_b,Agent_147,15 30 MIN
4,4,4,4,4,gemma3:27b,data_pmus_yaounde,q4_3,Agent_147,100
4,3,4,4,4,gemma3:27b,data_pmus_yaounde,q4_4,Agent_147,D MARCHES ADMINISTRATIVES ET OU SANT
3,3,3,4,3,gemma3:27b,data_pmus_yaounde,q4_4_autres,Agent_147,ACHAT
5,3,4,4,4,gemma3:27b,data_pmus_yaounde,q5_1,Agent_147,ENTRE 36 ET 45 ANS
5,3,4,4,4,gemma3:27b,data_pmus_yaounde,q5_2,Agent_147,ENTRE 300 001 ET 500 000
4,4,4,4,4,gemma3:27b,data_pmus_yaounde,q5_3,Agent_147,HOMME
4,4,2,4,3,gemma3:27b,data_pmus_yaounde,centre ville,Agent_148,YAOUNDE
5,4,4,4,4,gemma3:27b,data_pmus_yaounde,q1_1,Agent_148,HORS DE LA VILLE DE YAOUNDE
4,4,3,4,4,gemma3:27b,data_pmus_yaounde,q1_1_a,Agent_148,ABIT
4,4,3,4,3,gemma3:27b,data_pmus_yaounde,q1_1_b,Agent_148,IMMEUBLE MACABO
1,1,1,1,3,gemma3:27b,data_pmus_yaounde,q1_1_c,Agent_148,nan
5,4,4,4,4,gemma3:27b,data_pmus_yaounde,q1_2,Agent_148,UN QUARTIER DE LA VILLE DE YAOUNDE
4,4,4,4,4,gemma3:27b,data_pmus_yaounde,q1_2_a,Agent_148,ABOM
4,4,3,4,3,gemma3:27b,data_pmus_yaounde,q1_2_b,Agent_148,10 IEME ARRET
4,4,2,4,3,gemma3:27b,data_pmus_yaounde,q1_3_c,Agent_148,DOUALA
4,3,4,4,3,gemma3:27b,data_pmus_yaounde,q2_1,Agent_148,PAR TAXI
4,4,2,4,3,gemma3:27b,data_pmus_yaounde,q2_2_1,Agent_148,MOBILE KODENGUI
4,4,2,4,3,gemma3:27b,data_pmus_yaounde,q2_2_2,Agent_148,10 E ARRET
4,4,2,4,3,gemma3:27b,data_pmus_yaounde,q2_3_1,Agent_148,0LESOA
4,4,2,4,3,gemma3:27b,data_pmus_yaounde,q2_3_2,Agent_148,BIYEM ASSI
5,4,4,4,4,gemma3:27b,data_pmus_yaounde,q2_3,Agent_148,NON
4,4,2,4,3,gemma3:27b,data_pmus_yaounde,q2_4,Agent_148,PAR BUS STACY
4,4,2,4,3,gemma3:27b,data_pmus_yaounde,q2_5_1,Agent_148,NKOL ETONG
4,4,2,4,3,gemma3:27b,data_pmus_yaounde,q2_5_2,Agent_148,TERMINUS
4,4,2,4,3,gemma3:27b,data_pmus_yaounde,q2_6_1,Agent_148,NKOLDOUE
4,4,2,4,3,gemma3:27b,data_pmus_yaounde,q2_6_2,Agent_148,HOPITAL CENTRAL
4,4,3,4,4,gemma3:27b,data_pmus_yaounde,q3_1,Agent_148,NON
4,3,4,4,3,gemma3:27b,data_pmus_yaounde,q3_2,Agent_148,PAR BUS STACY
4,4,3,4,3,gemma3:27b,data_pmus_yaounde,q3_3_1,Agent_148,NKOLBISSON
4,4,2,4,3,gemma3:27b,data_pmus_yaounde,q3_3_2,Agent_148,MONTEEJUVENS
5,4,2,5,2,gemma3:27b,data_pmus_yaounde,q4_1_a,Agent_148,Veuillez indiquer depuis combien de temps vous attendez.
4,3,3,4,4,gemma3:27b,data_pmus_yaounde,q4_1_b,Agent_148,MOINS DE 5 MIN
5,4,2,5,2,gemma3:27b,data_pmus_yaounde,q4_2_a,Agent_148,Veuillez indiquer depuis combien de temps vous attendez.
4,3,3,4,4,gemma3:27b,data_pmus_yaounde,q4_2_b,Agent_148,30 60 MIN
4,4,4,4,4,gemma3:27b,data_pmus_yaounde,q4_3,Agent_148,800
4,3,4,4,4,gemma3:27b,data_pmus_yaounde,q4_4,Agent_148,VISITE FAMILLE
3,3,3,4,3,gemma3:27b,data_pmus_yaounde,q4_4_autres,Agent_148,RENCONTRE
5,3,4,4,4,gemma3:27b,data_pmus_yaounde,q5_1,Agent_148,ENTRE 26 ET 35 ANS
5,3,4,4,4,gemma3:27b,data_pmus_yaounde,q5_2,Agent_148,ENTRE 300 001 ET 500 000
4,4,4,4,4,gemma3:27b,data_pmus_yaounde,q5_3,Agent_148,FEMME
4,4,2,4,3,gemma3:27b,data_pmus_yaounde,centre ville,Agent_149,YAOUNDE
5,4,4,4,4,gemma3:27b,data_pmus_yaounde,q1_1,Agent_149,HORS DE LA VILLE DE YAOUNDE
4,4,3,4,4,gemma3:27b,data_pmus_yaounde,q1_1_a,Agent_149,NKOM KANA
4,4,3,4,3,gemma3:27b,data_pmus_yaounde,q1_1_b,Agent_149,10EME ARRET
4,4,2,4,3,gemma3:27b,data_pmus_yaounde,q1_1_c,Agent_149,AFANOYA
5,4,4,4,4,gemma3:27b,data_pmus_yaounde,q1_2,Agent_149,HORS DE LA VILLE DE YAOUNDE
4,4,4,4,4,gemma3:27b,data_pmus_yaounde,q1_2_a,Agent_149,NKOM KANA
4,4,3,4,3,gemma3:27b,data_pmus_yaounde,q1_2_b,Agent_149,MOGONAM
4,4,2,4,3,gemma3:27b,data_pmus_yaounde,q1_3_c,Agent_149,AFANOYA
4,3,4,4,3,gemma3:27b,data_pmus_yaounde,q2_1,Agent_149,A PIED
4,4,2,4,3,gemma3:27b,data_pmus_yaounde,q2_2_1,Agent_149,2 CHEVEAU
4,4,2,4,3,gemma3:27b,data_pmus_yaounde,q2_2_2,Agent_149,10 E ARRET
4,4,2,4,3,gemma3:27b,data_pmus_yaounde,q2_3_1,Agent_149,0LESOA
4,4,2,4,3,gemma3:27b,data_pmus_yaounde,q2_3_2,Agent_149,0NANA
5,4,4,4,4,gemma3:27b,data_pmus_yaounde,q2_3,Agent_149,NON
4,4,2,4,3,gemma3:27b,data_pmus_yaounde,q2_4,Agent_149,PAR BUS STACY
4,4,2,4,3,gemma3:27b,data_pmus_yaounde,q2_5_1,Agent_149,A B0NAS
4,4,2,4,3,gemma3:27b,data_pmus_yaounde,q2_5_2,Agent_149,0MPHINE
4,4,2,4,3,gemma3:27b,data_pmus_yaounde,q2_6_1,Agent_149,ABATTOIR
4,4,2,4,3,gemma3:27b,data_pmus_yaounde,q2_6_2,Agent_149,11EME ARRET
4,4,3,4,4,gemma3:27b,data_pmus_yaounde,q3_1,Agent_149,NON
4,3,4,4,3,gemma3:27b,data_pmus_yaounde,q3_2,Agent_149,PAR BUS STACY
4,4,3,4,3,gemma3:27b,data_pmus_yaounde,q3_3_1,Agent_149,NKOLMESSENG
4,4,2,4,3,gemma3:27b,data_pmus_yaounde,q3_3_2,Agent_149,10 IEME ARRET
5,4,2,5,2,gemma3:27b,data_pmus_yaounde,q4_1_a,Agent_149,Veuillez indiquer depuis combien de temps vous attendez.
4,3,3,4,4,gemma3:27b,data_pmus_yaounde,q4_1_b,Agent_149,MOINS DE 5 MIN
5,4,2,5,2,gemma3:27b,data_pmus_yaounde,q4_2_a,Agent_149,Veuillez indiquer depuis combien de temps vous attendez.
4,3,3,4,4,gemma3:27b,data_pmus_yaounde,q4_2_b,Agent_149,30 60 MIN
4,4,4,4,4,gemma3:27b,data_pmus_yaounde,q4_3,Agent_149,500
4,3,4,4,4,gemma3:27b,data_pmus_yaounde,q4_4,Agent_149,COURSES
3,3,3,4,3,gemma3:27b,data_pmus_yaounde,q4_4_autres,Agent_149,FAIRE DU MARCHE
5,3,4,4,4,gemma3:27b,data_pmus_yaounde,q5_1,Agent_149,ENTRE 36 ET 45 ANS
5,3,4,4,4,gemma3:27b,data_pmus_yaounde,q5_2,Agent_149,ENTRE 30 001 ET 100 000
4,4,4,4,4,gemma3:27b,data_pmus_yaounde,q5_3,Agent_149,FEMME
4,4,2,4,3,gemma3:27b,data_pmus_yaounde,centre ville,Agent_150,YAOUNDE
5,4,4,4,4,gemma3:27b,data_pmus_yaounde,q1_1,Agent_150,HORS DE LA VILLE DE YAOUNDE
4,4,3,4,4,gemma3:27b,data_pmus_yaounde,q1_1_a,Agent_150,ABIT
4,4,3,4,3,gemma3:27b,data_pmus_yaounde,q1_1_b,Agent_150,MARIE BERNARD
4,4,2,4,3,gemma3:27b,data_pmus_yaounde,q1_1_c,Agent_150,AFANOYA
5,4,4,4,4,gemma3:27b,data_pmus_yaounde,q1_2,Agent_150,UN QUARTIER DE LA VILLE DE YAOUNDE
4,4,4,4,4,gemma3:27b,data_pmus_yaounde,q1_2_a,Agent_150,ABOM
4,4,3,4,3,gemma3:27b,data_pmus_yaounde,q1_2_b,Agent_150,10 IEME ARRET
4,4,2,4,3,gemma3:27b,data_pmus_yaounde,q1_3_c,Agent_150,AFANOYA
4,3,4,4,3,gemma3:27b,data_pmus_yaounde,q2_1,Agent_150,A PIED
4,4,2,4,3,gemma3:27b,data_pmus_yaounde,q2_2_1,Agent_150,2 CHEVEAU
4,4,2,4,3,gemma3:27b,data_pmus_yaounde,q2_2_2,Agent_150,10 E ARRET
4,4,2,4,3,gemma3:27b,data_pmus_yaounde,q2_3_1,Agent_150,0LESOA
4,4,2,4,3,gemma3:27b,data_pmus_yaounde,q2_3_2,Agent_150,BIYEM ASSI
5,4,4,4,4,gemma3:27b,data_pmus_yaounde,q2_3,Agent_150,NON
4,4,2,4,3,gemma3:27b,data_pmus_yaounde,q2_4,Agent_150,PAR BUS STACY
4,4,2,4,3,gemma3:27b,data_pmus_yaounde,q2_5_1,Agent_150,MIMBOMAN
4,4,2,4,3,gemma3:27b,data_pmus_yaounde,q2_5_2,Agent_150,0MPHINE
4,4,2,4,3,gemma3:27b,data_pmus_yaounde,q2_6_1,Agent_150,NGOUSSO
4,4,2,4,3,gemma3:27b,data_pmus_yaounde,q2_6_2,Agent_150,CATHEDRALE
4,4,3,4,4,gemma3:27b,data_pmus_yaounde,q3_1,Agent_150,NON
4,3,4,4,3,gemma3:27b,data_pmus_yaounde,q3_2,Agent_150,PAR BUS AGENCE INTERURBAIN
4,4,3,4,3,gemma3:27b,data_pmus_yaounde,q3_3_1,Agent_150,ACACIA
4,4,2,4,3,gemma3:27b,data_pmus_yaounde,q3_3_2,Agent_150,MARIE ALBERT PRESTIGE
5,4,2,5,2,gemma3:27b,data_pmus_yaounde,q4_1_a,Agent_150,Veuillez indiquer depuis combien de temps vous attendez.
4,3,3,4,4,gemma3:27b,data_pmus_yaounde,q4_1_b,Agent_150,MOINS DE 5 MIN
5,4,2,5,2,gemma3:27b,data_pmus_yaounde,q4_2_a,Agent_150,Veuillez indiquer depuis combien de temps vous attendez.
4,3,3,4,4,gemma3:27b,data_pmus_yaounde,q4_2_b,Agent_150,30 60 MIN
4,4,4,4,4,gemma3:27b,data_pmus_yaounde,q4_3,Agent_150,2600
4,3,4,4,4,gemma3:27b,data_pmus_yaounde,q4_4,Agent_150,VISITE FAMILLE
3,3,3,4,3,gemma3:27b,data_pmus_yaounde,q4_4_autres,Agent_150,RENCONTRE
5,3,4,4,4,gemma3:27b,data_pmus_yaounde,q5_1,Agent_150,ENTRE 26 ET 35 ANS
5,3,4,4,4,gemma3:27b,data_pmus_yaounde,q5_2,Agent_150,ENTRE 30 001 ET 100 000
4,4,4,4,4,gemma3:27b,data_pmus_yaounde,q5_3,Agent_150,HOMME
4,4,2,4,3,gemma3:27b,data_pmus_yaounde,centre ville,Agent_151,YAOUNDE
5,4,4,4,4,gemma3:27b,data_pmus_yaounde,q1_1,Agent_151,UN QUARTIER DE LA VILLE DE YAOUNDE
4,4,3,4,4,gemma3:27b,data_pmus_yaounde,q1_1_a,Agent_151,MOKOLO
4,4,3,4,3,gemma3:27b,data_pmus_yaounde,q1_1_b,Agent_151,FACEDOVE
4,4,2,4,3,gemma3:27b,data_pmus_yaounde,q1_1_c,Agent_151,AFANOYA
5,4,4,4,4,gemma3:27b,data_pmus_yaounde,q1_2,Agent_151,UN QUARTIER DE LA VILLE DE YAOUNDE
4,4,4,4,4,gemma3:27b,data_pmus_yaounde,q1_2_a,Agent_151,MBANKOLO
4,4,3,4,3,gemma3:27b,data_pmus_yaounde,q1_2_b,Agent_151,VILLAGE FOBE
4,4,2,4,3,gemma3:27b,data_pmus_yaounde,q1_3_c,Agent_151,AFANOYA
4,3,4,4,3,gemma3:27b,data_pmus_yaounde,q2_1,Agent_151,PAR BUS STACY
4,4,2,4,3,gemma3:27b,data_pmus_yaounde,q2_2_1,Agent_151,MBANKOLO
4,4,2,4,3,gemma3:27b,data_pmus_yaounde,q2_2_2,Agent_151,CARSFOUR
4,4,2,4,3,gemma3:27b,data_pmus_yaounde,q2_3_1,Agent_151,0LESOA
4,4,2,4,3,gemma3:27b,data_pmus_yaounde,q2_3_2,Agent_151,DEPOT GUINNESS
5,4,4,4,4,gemma3:27b,data_pmus_yaounde,q2_3,Agent_151,NON
4,4,2,4,3,gemma3:27b,data_pmus_yaounde,q2_4,Agent_151,PAR BUS STACY
4,4,2,4,3,gemma3:27b,data_pmus_yaounde,q2_5_1,Agent_151,MBANKOLO
4,4,2,4,3,gemma3:27b,data_pmus_yaounde,q2_5_2,Agent_151,0MPHINE
4,4,2,4,3,gemma3:27b,data_pmus_yaounde,q2_6_1,Agent_151,MBANKOLO
4,4,2,4,3,gemma3:27b,data_pmus_yaounde,q2_6_2,Agent_151,CHAMPS DE CANNES
4,4,3,4,4,gemma3:27b,data_pmus_yaounde,q3_1,Agent_151,NON
4,3,4,4,3,gemma3:27b,data_pmus_yaounde,q3_2,Agent_151,PAR BUS STACY
4,4,3,4,3,gemma3:27b,data_pmus_yaounde,q3_3_1,Agent_151,MBANKOLO
4,4,2,4,3,gemma3:27b,data_pmus_yaounde,q3_3_2,Agent_151,IMEUBLE TCHANKEU
5,4,2,5,2,gemma3:27b,data_pmus_yaounde,q4_1_a,Agent_151,Veuillez indiquer depuis combien de temps vous attendez.
4,3,3,4,4,gemma3:27b,data_pmus_yaounde,q4_1_b,Agent_151,MOINS DE 5 MIN
5,4,2,5,2,gemma3:27b,data_pmus_yaounde,q4_2_a,Agent_151,Veuillez indiquer depuis combien de temps vous attendez.
4,3,3,4,4,gemma3:27b,data_pmus_yaounde,q4_2_b,Agent_151,30 60 MIN
4,4,4,4,4,gemma3:27b,data_pmus_yaounde,q4_3,Agent_151,2700
4,3,4,4,4,gemma3:27b,data_pmus_yaounde,q4_4,Agent_151,TRAVAIL
3,3,3,4,3,gemma3:27b,data_pmus_yaounde,q4_4_autres,Agent_151,ACHAT
5,3,4,4,4,gemma3:27b,data_pmus_yaounde,q5_1,Agent_151,ENTRE 18 ET 25 ANS
5,3,4,4,4,gemma3:27b,data_pmus_yaounde,q5_2,Agent_151,MOINS DE 30 000
4,4,4,4,4,gemma3:27b,data_pmus_yaounde,q5_3,Agent_151,FEMME
4,4,2,4,3,gemma3:27b,data_pmus_yaounde,centre ville,Agent_152,YAOUNDE
5,4,4,4,4,gemma3:27b,data_pmus_yaounde,q1_1,Agent_152,UN QUARTIER DE LA VILLE DE YAOUNDE
4,4,3,4,4,gemma3:27b,data_pmus_yaounde,q1_1_a,Agent_152,ABIT
4,4,3,4,3,gemma3:27b,data_pmus_yaounde,q1_1_b,Agent_152,10EME ARRET
4,4,2,4,3,gemma3:27b,data_pmus_yaounde,q1_1_c,Agent_152,AFANOYA
5,4,4,4,4,gemma3:27b,data_pmus_yaounde,q1_2,Agent_152,UN QUARTIER DE LA VILLE DE YAOUNDE
4,4,4,4,4,gemma3:27b,data_pmus_yaounde,q1_2_a,Agent_152,OYOM ABANG
4,4,3,4,3,gemma3:27b,data_pmus_yaounde,q1_2_b,Agent_152,OYOBANG
4,4,2,4,3,gemma3:27b,data_pmus_yaounde,q1_3_c,Agent_152,AFANOYA
4,3,4,4,3,gemma3:27b,data_pmus_yaounde,q2_1,Agent_152,PAR BUS STACY
4,4,2,4,3,gemma3:27b,data_pmus_yaounde,q2_2_1,Agent_152,CARREFOUR MEEC
4,4,2,4,3,gemma3:27b,data_pmus_yaounde,q2_2_2,Agent_152,CARREFOURJAMO
4,4,2,4,3,gemma3:27b,data_pmus_yaounde,q2_3_1,Agent_152,CARREFOURE MEC
4,4,2,4,3,gemma3:27b,data_pmus_yaounde,q2_3_2,Agent_152,ENTREE SIMB
5,4,4,4,4,gemma3:27b,data_pmus_yaounde,q2_3,Agent_152,NON
4,4,2,4,3,gemma3:27b,data_pmus_yaounde,q2_4,Agent_152,PAR BUS STACY
4,4,2,4,3,gemma3:27b,data_pmus_yaounde,q2_5_1,Agent_152,OYOM ABANG
4,4,2,4,3,gemma3:27b,data_pmus_yaounde,q2_5_2,Agent_152,0MPHINE
4,4,2,4,3,gemma3:27b,data_pmus_yaounde,q2_6_1,Agent_152,ABATTOIR
4,4,2,4,3,gemma3:27b,data_pmus_yaounde,q2_6_2,Agent_152,CAREFOURE
4,4,3,4,4,gemma3:27b,data_pmus_yaounde,q3_1,Agent_152,NON
4,3,4,4,3,gemma3:27b,data_pmus_yaounde,q3_2,Agent_152,PAR BUS STACY
4,4,3,4,3,gemma3:27b,data_pmus_yaounde,q3_3_1,Agent_152,ACACIA
4,4,2,4,3,gemma3:27b,data_pmus_yaounde,q3_3_2,Agent_152,TEMPLE
5,4,2,5,2,gemma3:27b,data_pmus_yaounde,q4_1_a,Agent_152,Veuillez indiquer depuis combien de temps vous attendez.
4,3,3,4,4,gemma3:27b,data_pmus_yaounde,q4_1_b,Agent_152,MOINS DE 5 MIN
5,4,2,5,2,gemma3:27b,data_pmus_yaounde,q4_2_a,Agent_152,Veuillez indiquer depuis combien de temps vous attendez.
4,3,3,4,4,gemma3:27b,data_pmus_yaounde,q4_2_b,Agent_152,30 60 MIN
4,4,4,4,4,gemma3:27b,data_pmus_yaounde,q4_3,Agent_152,1500
4,3,4,4,4,gemma3:27b,data_pmus_yaounde,q4_4,Agent_152,TRAVAIL
3,3,3,4,3,gemma3:27b,data_pmus_yaounde,q4_4_autres,Agent_152,COMMERCE
5,3,4,4,4,gemma3:27b,data_pmus_yaounde,q5_1,Agent_152,ENTRE 26 ET 35 ANS
5,3,4,4,4,gemma3:27b,data_pmus_yaounde,q5_2,Agent_152,ENTRE 30 001 ET 100 000
4,4,4,4,4,gemma3:27b,data_pmus_yaounde,q5_3,Agent_152,FEMME
4,4,2,4,3,gemma3:27b,data_pmus_yaounde,centre ville,Agent_153,YAOUNDE
5,4,4,4,4,gemma3:27b,data_pmus_yaounde,q1_1,Agent_153,HORS DE LA VILLE DE YAOUNDE
4,4,3,4,4,gemma3:27b,data_pmus_yaounde,q1_1_a,Agent_153,ABIT
4,4,3,4,3,gemma3:27b,data_pmus_yaounde,q1_1_b,Agent_153,PRES DE LA BISILIQUE
4,4,2,4,3,gemma3:27b,data_pmus_yaounde,q1_1_c,Agent_153,AFANOYA
5,4,4,4,4,gemma3:27b,data_pmus_yaounde,q1_2,Agent_153,UN QUARTIER DE LA VILLE DE YAOUNDE
4,4,4,4,4,gemma3:27b,data_pmus_yaounde,q1_2_a,Agent_153,ABOM
4,4,3,4,3,gemma3:27b,data_pmus_yaounde,q1_2_b,Agent_153,MARCHE CENTRAL
4,4,2,4,3,gemma3:27b,data_pmus_yaounde,q1_3_c,Agent_153,AFANOYA
4,3,4,4,3,gemma3:27b,data_pmus_yaounde,q2_1,Agent_153,PAR BUS STACY
4,4,2,4,3,gemma3:27b,data_pmus_yaounde,q2_2_1,Agent_153,CARREFOURC
4,4,2,4,3,gemma3:27b,data_pmus_yaounde,q2_2_2,Agent_153,CARREFOUR
4,4,2,4,3,gemma3:27b,data_pmus_yaounde,q2_3_1,Agent_153,0LESOA
4,4,2,4,3,gemma3:27b,data_pmus_yaounde,q2_3_2,Agent_153,0NANA
5,4,4,4,4,gemma3:27b,data_pmus_yaounde,q2_3,Agent_153,NON
4,4,2,4,3,gemma3:27b,data_pmus_yaounde,q2_4,Agent_153,PAR BUS STACY
4,4,2,4,3,gemma3:27b,data_pmus_yaounde,q2_5_1,Agent_153,A B0NAS
4,4,2,4,3,gemma3:27b,data_pmus_yaounde,q2_5_2,Agent_153,FACE MAIRI
4,4,2,4,3,gemma3:27b,data_pmus_yaounde,q2_6_1,Agent_153,ABATTOIR
4,4,2,4,3,gemma3:27b,data_pmus_yaounde,q2_6_2,Agent_153,11EME ARRET
4,4,3,4,4,gemma3:27b,data_pmus_yaounde,q3_1,Agent_153,NON
4,3,4,4,3,gemma3:27b,data_pmus_yaounde,q3_2,Agent_153,PAR BUS STACY
4,4,3,4,3,gemma3:27b,data_pmus_yaounde,q3_3_1,Agent_153,ACACIA
4,4,2,4,3,gemma3:27b,data_pmus_yaounde,q3_3_2,Agent_153,MOBIL
5,4,2,5,2,gemma3:27b,data_pmus_yaounde,q4_1_a,Agent_153,Veuillez indiquer depuis combien de temps vous attendez.
4,3,3,4,4,gemma3:27b,data_pmus_yaounde,q4_1_b,Agent_153,MOINS DE 5 MIN
5,4,2,5,2,gemma3:27b,data_pmus_yaounde,q4_2_a,Agent_153,Veuillez indiquer depuis combien de temps vous attendez.
4,3,3,4,4,gemma3:27b,data_pmus_yaounde,q4_2_b,Agent_153,30 60 MIN
4,4,4,4,4,gemma3:27b,data_pmus_yaounde,q4_3,Agent_153,750
4,3,4,4,4,gemma3:27b,data_pmus_yaounde,q4_4,Agent_153,VISITE FAMILLE
3,3,3,4,3,gemma3:27b,data_pmus_yaounde,q4_4_autres,Agent_153,ACHAT
5,3,4,4,4,gemma3:27b,data_pmus_yaounde,q5_1,Agent_153,MOINS DE 18 ANS
5,3,4,4,4,gemma3:27b,data_pmus_yaounde,q5_2,Agent_153,ENTRE 30 001 ET 100 000
4,4,4,4,4,gemma3:27b,data_pmus_yaounde,q5_3,Agent_153,HOMME
4,4,2,4,3,gemma3:27b,data_pmus_yaounde,centre ville,Agent_154,YAOUNDE
5,4,4,4,4,gemma3:27b,data_pmus_yaounde,q1_1,Agent_154,HORS DE LA VILLE DE YAOUNDE
4,4,3,4,4,gemma3:27b,data_pmus_yaounde,q1_1_a,Agent_154,ABIT
4,4,3,4,3,gemma3:27b,data_pmus_yaounde,q1_1_b,Agent_154,10EME ARRET
4,4,2,4,3,gemma3:27b,data_pmus_yaounde,q1_1_c,Agent_154,NKONGSAMBA
5,4,4,4,4,gemma3:27b,data_pmus_yaounde,q1_2,Agent_154,UN QUARTIER DE LA VILLE DE YAOUNDE
4,4,4,4,4,gemma3:27b,data_pmus_yaounde,q1_2_a,Agent_154,ABOM
4,4,3,4,3,gemma3:27b,data_pmus_yaounde,q1_2_b,Agent_154,10 IEME ARRET
4,4,2,4,3,gemma3:27b,data_pmus_yaounde,q1_3_c,Agent_154,NKONGSAMBA
4,3,4,4,3,gemma3:27b,data_pmus_yaounde,q2_1,Agent_154,PAR BUS STACY
4,4,2,4,3,gemma3:27b,data_pmus_yaounde,q2_2_1,Agent_154,ENTREE
4,4,2,4,3,gemma3:27b,data_pmus_yaounde,q2_2_2,Agent_154,ARRET BUS
4,4,2,4,3,gemma3:27b,data_pmus_yaounde,q2_3_1,Agent_154,0LESOA
4,4,2,4,3,gemma3:27b,data_pmus_yaounde,q2_3_2,Agent_154,SOA
5,4,4,4,4,gemma3:27b,data_pmus_yaounde,q2_3,Agent_154,NON
4,4,2,4,3,gemma3:27b,data_pmus_yaounde,q2_4,Agent_154,PAR BUS STACY
4,4,2,4,3,gemma3:27b,data_pmus_yaounde,q2_5_1,Agent_154,A B0NAS
4,4,2,4,3,gemma3:27b,data_pmus_yaounde,q2_5_2,Agent_154,ARRET BUS
4,4,2,4,3,gemma3:27b,data_pmus_yaounde,q2_6_1,Agent_154,NKONDENGUI
4,4,2,4,3,gemma3:27b,data_pmus_yaounde,q2_6_2,Agent_154,11EME ARRET
4,4,3,4,4,gemma3:27b,data_pmus_yaounde,q3_1,Agent_154,NON
4,3,4,4,3,gemma3:27b,data_pmus_yaounde,q3_2,Agent_154,PAR BUS STACY
4,4,3,4,3,gemma3:27b,data_pmus_yaounde,q3_3_1,Agent_154,NKONDENGUI
4,4,2,4,3,gemma3:27b,data_pmus_yaounde,q3_3_2,Agent_154,RONDPOINT
5,4,2,5,2,gemma3:27b,data_pmus_yaounde,q4_1_a,Agent_154,Veuillez indiquer depuis combien de temps vous attendez.
4,3,3,4,4,gemma3:27b,data_pmus_yaounde,q4_1_b,Agent_154,PLUS DE 20 MINUTES
5,4,2,5,2,gemma3:27b,data_pmus_yaounde,q4_2_a,Agent_154,Veuillez indiquer depuis combien de temps vous attendez.
4,3,3,4,4,gemma3:27b,data_pmus_yaounde,q4_2_b,Agent_154,30 60 MIN
4,4,4,4,4,gemma3:27b,data_pmus_yaounde,q4_3,Agent_154,650
4,3,4,4,4,gemma3:27b,data_pmus_yaounde,q4_4,Agent_154,COURSES
3,3,3,4,3,gemma3:27b,data_pmus_yaounde,q4_4_autres,Agent_154,FAIRE DU MARCHE
5,3,4,4,4,gemma3:27b,data_pmus_yaounde,q5_1,Agent_154,ENTRE 26 ET 35 ANS
5,3,4,4,4,gemma3:27b,data_pmus_yaounde,q5_2,Agent_154,MOINS DE 30 000
4,4,4,4,4,gemma3:27b,data_pmus_yaounde,q5_3,Agent_154,FEMME
4,4,2,4,3,gemma3:27b,data_pmus_yaounde,centre ville,Agent_155,YAOUNDE
5,4,4,4,4,gemma3:27b,data_pmus_yaounde,q1_1,Agent_155,HORS DE LA VILLE DE YAOUNDE
4,4,3,4,4,gemma3:27b,data_pmus_yaounde,q1_1_a,Agent_155,ABIT
4,4,3,4,3,gemma3:27b,data_pmus_yaounde,q1_1_b,Agent_155,ETOUDI PALAIS
4,4,2,4,3,gemma3:27b,data_pmus_yaounde,q1_1_c,Agent_155,AFANOYA
5,4,4,4,4,gemma3:27b,data_pmus_yaounde,q1_2,Agent_155,UN QUARTIER DE LA VILLE DE YAOUNDE
4,4,4,4,4,gemma3:27b,data_pmus_yaounde,q1_2_a,Agent_155,MENDONG
4,4,3,4,3,gemma3:27b,data_pmus_yaounde,q1_2_b,Agent_155,MENDONG
4,4,2,4,3,gemma3:27b,data_pmus_yaounde,q1_3_c,Agent_155,AFANOYA
4,3,4,4,3,gemma3:27b,data_pmus_yaounde,q2_1,Agent_155,PAR BUS STACY
4,4,2,4,3,gemma3:27b,data_pmus_yaounde,q2_2_1,Agent_155,ROND PONT EXPRESSE
4,4,2,4,3,gemma3:27b,data_pmus_yaounde,q2_2_2,Agent_155,RUE EDZOA
4,4,2,4,3,gemma3:27b,data_pmus_yaounde,q2_3_1,Agent_155,MENDONG
4,4,2,4,3,gemma3:27b,data_pmus_yaounde,q2_3_2,Agent_155,MENDONG
5,4,4,4,4,gemma3:27b,data_pmus_yaounde,q2_3,Agent_155,NON
4,4,2,4,3,gemma3:27b,data_pmus_yaounde,q2_4,Agent_155,PAR BUS STACY
4,4,2,4,3,gemma3:27b,data_pmus_yaounde,q2_5_1,Agent_155,MENDONG
4,4,2,4,3,gemma3:27b,data_pmus_yaounde,q2_5_2,Agent_155,STATION
4,4,2,4,3,gemma3:27b,data_pmus_yaounde,q2_6_1,Agent_155,MENDONG
4,4,2,4,3,gemma3:27b,data_pmus_yaounde,q2_6_2,Agent_155,MENDONG
4,4,3,4,4,gemma3:27b,data_pmus_yaounde,q3_1,Agent_155,NON
4,3,4,4,3,gemma3:27b,data_pmus_yaounde,q3_2,Agent_155,PAR BUS STACY
4,4,3,4,3,gemma3:27b,data_pmus_yaounde,q3_3_1,Agent_155,MENDONG
4,4,2,4,3,gemma3:27b,data_pmus_yaounde,q3_3_2,Agent_155,10 IEME ARRET
5,4,2,5,2,gemma3:27b,data_pmus_yaounde,q4_1_a,Agent_155,Veuillez indiquer depuis combien de temps vous attendez.
4,3,3,4,4,gemma3:27b,data_pmus_yaounde,q4_1_b,Agent_155,PLUS DE 20 MINUTES
5,4,2,5,2,gemma3:27b,data_pmus_yaounde,q4_2_a,Agent_155,Veuillez indiquer depuis combien de temps vous attendez.
4,3,3,4,4,gemma3:27b,data_pmus_yaounde,q4_2_b,Agent_155,30 60 MIN
4,4,4,4,4,gemma3:27b,data_pmus_yaounde,q4_3,Agent_155,600
4,3,4,4,4,gemma3:27b,data_pmus_yaounde,q4_4,Agent_155,D MARCHES ADMINISTRATIVES ET OU SANT
3,3,3,4,3,gemma3:27b,data_pmus_yaounde,q4_4_autres,Agent_155,ACHAT
5,3,4,4,4,gemma3:27b,data_pmus_yaounde,q5_1,Agent_155,ENTRE 36 ET 45 ANS
5,3,4,4,4,gemma3:27b,data_pmus_yaounde,q5_2,Agent_155,ENTRE 300 001 ET 500 000
4,4,4,4,4,gemma3:27b,data_pmus_yaounde,q5_3,Agent_155,HOMME
4,4,2,4,3,gemma3:27b,data_pmus_yaounde,centre ville,Agent_156,YAOUNDE
5,4,4,4,4,gemma3:27b,data_pmus_yaounde,q1_1,Agent_156,UN QUARTIER DE LA VILLE DE YAOUNDE
4,4,3,4,4,gemma3:27b,data_pmus_yaounde,q1_1_a,Agent_156,ABIT
4,4,3,4,3,gemma3:27b,data_pmus_yaounde,q1_1_b,Agent_156,10EME ARRET
4,4,2,4,3,gemma3:27b,data_pmus_yaounde,q1_1_c,Agent_156,CENTRE VILLE
5,4,4,4,4,gemma3:27b,data_pmus_yaounde,q1_2,Agent_156,UN QUARTIER DE LA VILLE DE YAOUNDE
4,4,4,4,4,gemma3:27b,data_pmus_yaounde,q1_2_a,Agent_156,ABOM
4,4,3,4,3,gemma3:27b,data_pmus_yaounde,q1_2_b,Agent_156,10 IEME ARRET
4,4,2,4,3,gemma3:27b,data_pmus_yaounde,q1_3_c,Agent_156,AFANOYA
4,3,4,4,3,gemma3:27b,data_pmus_yaounde,q2_1,Agent_156,PAR BUS STACY
4,4,2,4,3,gemma3:27b,data_pmus_yaounde,q2_2_1,Agent_156,AVENUE KENNEDY
4,4,2,4,3,gemma3:27b,data_pmus_yaounde,q2_2_2,Agent_156,CERREFOUR BIYEM
4,4,2,4,3,gemma3:27b,data_pmus_yaounde,q2_3_1,Agent_156,0LESOA
4,4,2,4,3,gemma3:27b,data_pmus_yaounde,q2_3_2,Agent_156,AVENUE KENNEDY
5,4,4,4,4,gemma3:27b,data_pmus_yaounde,q2_3,Agent_156,NON
4,4,2,4,3,gemma3:27b,data_pmus_yaounde,q2_4,Agent_156,PAR BUS STACY
4,4,2,4,3,gemma3:27b,data_pmus_yaounde,q2_5_1,Agent_156,AVENUE KENNEDY
4,4,2,4,3,gemma3:27b,data_pmus_yaounde,q2_5_2,Agent_156,MVAN MELO
4,4,2,4,3,gemma3:27b,data_pmus_yaounde,q2_6_1,Agent_156,CENTRE VILLE
4,4,2,4,3,gemma3:27b,data_pmus_yaounde,q2_6_2,Agent_156,SHELL
4,4,3,4,4,gemma3:27b,data_pmus_yaounde,q3_1,Agent_156,NON
4,3,4,4,3,gemma3:27b,data_pmus_yaounde,q3_2,Agent_156,PAR BUS AGENCE INTERURBAIN
4,4,3,4,3,gemma3:27b,data_pmus_yaounde,q3_3_1,Agent_156,ACACIA
4,4,2,4,3,gemma3:27b,data_pmus_yaounde,q3_3_2,Agent_156,AGENCES CHARTER
5,4,2,5,2,gemma3:27b,data_pmus_yaounde,q4_1_a,Agent_156,Veuillez indiquer depuis combien de temps vous attendez.
4,3,3,4,4,gemma3:27b,data_pmus_yaounde,q4_1_b,Agent_156,MOINS DE 5 MIN
5,4,2,5,2,gemma3:27b,data_pmus_yaounde,q4_2_a,Agent_156,Veuillez indiquer depuis combien de temps vous attendez.
4,3,3,4,4,gemma3:27b,data_pmus_yaounde,q4_2_b,Agent_156,30 60 MIN
4,4,4,4,4,gemma3:27b,data_pmus_yaounde,q4_3,Agent_156,1200
4,3,4,4,4,gemma3:27b,data_pmus_yaounde,q4_4,Agent_156,VISITE FAMILLE
3,3,3,4,3,gemma3:27b,data_pmus_yaounde,q4_4_autres,Agent_156,RENCONTRE
5,3,4,4,4,gemma3:27b,data_pmus_yaounde,q5_1,Agent_156,ENTRE 18 ET 25 ANS
5,3,4,4,4,gemma3:27b,data_pmus_yaounde,q5_2,Agent_156,MOINS DE 30 000
4,4,4,4,4,gemma3:27b,data_pmus_yaounde,q5_3,Agent_156,HOMME
4,4,2,4,3,gemma3:27b,data_pmus_yaounde,centre ville,Agent_157,YAOUNDE
5,4,4,4,4,gemma3:27b,data_pmus_yaounde,q1_1,Agent_157,HORS DE LA VILLE DE YAOUNDE
4,4,3,4,4,gemma3:27b,data_pmus_yaounde,q1_1_a,Agent_157,ABIT
4,4,3,4,3,gemma3:27b,data_pmus_yaounde,q1_1_b,Agent_157,10EME ARRET
4,4,2,4,3,gemma3:27b,data_pmus_yaounde,q1_1_c,Agent_157,AFANOYA
5,4,4,4,4,gemma3:27b,data_pmus_yaounde,q1_2,Agent_157,UN QUARTIER DE LA VILLE DE YAOUNDE
4,4,4,4,4,gemma3:27b,data_pmus_yaounde,q1_2_a,Agent_157,ABOM
4,4,3,4,3,gemma3:27b,data_pmus_yaounde,q1_2_b,Agent_157,10 IEME ARRET
4,4,2,4,3,gemma3:27b,data_pmus_yaounde,q1_3_c,Agent_157,KRIBI
4,3,4,4,3,gemma3:27b,data_pmus_yaounde,q2_1,Agent_157,PAR BUS STACY
4,4,2,4,3,gemma3:27b,data_pmus_yaounde,q2_2_1,Agent_157,ROND PONT EXPRESSE
4,4,2,4,3,gemma3:27b,data_pmus_yaounde,q2_2_2,Agent_157,ENTREE RUE DELA PAIX
4,4,2,4,3,gemma3:27b,data_pmus_yaounde,q2_3_1,Agent_157,0LESOA
4,4,2,4,3,gemma3:27b,data_pmus_yaounde,q2_3_2,Agent_157,0NANA
5,4,4,4,4,gemma3:27b,data_pmus_yaounde,q2_3,Agent_157,NON
4,4,2,4,3,gemma3:27b,data_pmus_yaounde,q2_4,Agent_157,PAR BUS STACY
4,4,2,4,3,gemma3:27b,data_pmus_yaounde,q2_5_1,Agent_157,MONTEE DES S URS
4,4,2,4,3,gemma3:27b,data_pmus_yaounde,q2_5_2,Agent_157,MOBILE TSINGA
4,4,2,4,3,gemma3:27b,data_pmus_yaounde,q2_6_1,Agent_157,ABATTOIR
4,4,2,4,3,gemma3:27b,data_pmus_yaounde,q2_6_2,Agent_157,MONTEE ELIG EFFA
4,4,3,4,4,gemma3:27b,data_pmus_yaounde,q3_1,Agent_157,NON
4,3,4,4,3,gemma3:27b,data_pmus_yaounde,q3_2,Agent_157,PAR BUS STACY
4,4,3,4,3,gemma3:27b,data_pmus_yaounde,q3_3_1,Agent_157,ACACIA
4,4,2,4,3,gemma3:27b,data_pmus_yaounde,q3_3_2,Agent_157,MARCHE DU 8EME
5,4,2,5,2,gemma3:27b,data_pmus_yaounde,q4_1_a,Agent_157,Veuillez indiquer depuis combien de temps vous attendez.
4,3,3,4,4,gemma3:27b,data_pmus_yaounde,q4_1_b,Agent_157,MOINS DE 5 MIN
5,4,2,5,2,gemma3:27b,data_pmus_yaounde,q4_2_a,Agent_157,Veuillez indiquer depuis combien de temps vous attendez.
4,3,3,4,4,gemma3:27b,data_pmus_yaounde,q4_2_b,Agent_157,30 60 MIN
4,4,4,4,4,gemma3:27b,data_pmus_yaounde,q4_3,Agent_157,600
4,3,4,4,4,gemma3:27b,data_pmus_yaounde,q4_4,Agent_157,COURSES
3,3,3,4,3,gemma3:27b,data_pmus_yaounde,q4_4_autres,Agent_157,FAIRE DU MARCHE
5,3,4,4,4,gemma3:27b,data_pmus_yaounde,q5_1,Agent_157,ENTRE 18 ET 25 ANS
5,3,4,4,4,gemma3:27b,data_pmus_yaounde,q5_2,Agent_157,MOINS DE 30 000
4,4,4,4,4,gemma3:27b,data_pmus_yaounde,q5_3,Agent_157,HOMME
4,4,2,4,3,gemma3:27b,data_pmus_yaounde,centre ville,Agent_158,YAOUNDE
5,4,4,4,4,gemma3:27b,data_pmus_yaounde,q1_1,Agent_158,HORS DE LA VILLE DE YAOUNDE
4,4,3,4,4,gemma3:27b,data_pmus_yaounde,q1_1_a,Agent_158,ABIT
4,4,3,4,3,gemma3:27b,data_pmus_yaounde,q1_1_b,Agent_158,10EME ARRET
4,4,2,4,3,gemma3:27b,data_pmus_yaounde,q1_1_c,Agent_158,AFANOYA
5,4,4,4,4,gemma3:27b,data_pmus_yaounde,q1_2,Agent_158,UN QUARTIER DE LA VILLE DE YAOUNDE
4,4,4,4,4,gemma3:27b,data_pmus_yaounde,q1_2_a,Agent_158,MVOG ADA
4,4,3,4,3,gemma3:27b,data_pmus_yaounde,q1_2_b,Agent_158,MVOG ADA
4,4,2,4,3,gemma3:27b,data_pmus_yaounde,q1_3_c,Agent_158,AFANOYA
4,3,4,4,3,gemma3:27b,data_pmus_yaounde,q2_1,Agent_158,PAR BUS STACY
4,4,2,4,3,gemma3:27b,data_pmus_yaounde,q2_2_1,Agent_158,MVOG ADA
4,4,2,4,3,gemma3:27b,data_pmus_yaounde,q2_2_2,Agent_158,ENTRE CITE
4,4,2,4,3,gemma3:27b,data_pmus_yaounde,q2_3_1,Agent_158,ELIG EFFA
4,4,2,4,3,gemma3:27b,data_pmus_yaounde,q2_3_2,Agent_158,0NANA
5,4,4,4,4,gemma3:27b,data_pmus_yaounde,q2_3,Agent_158,NON
4,4,2,4,3,gemma3:27b,data_pmus_yaounde,q2_4,Agent_158,PAR BUS STACY
4,4,2,4,3,gemma3:27b,data_pmus_yaounde,q2_5_1,Agent_158,ELIG ESSONO
4,4,2,4,3,gemma3:27b,data_pmus_yaounde,q2_5_2,Agent_158,ENTREE MINISTRE
4,4,2,4,3,gemma3:27b,data_pmus_yaounde,q2_6_1,Agent_158,ELIG ESSONO
4,4,2,4,3,gemma3:27b,data_pmus_yaounde,q2_6_2,Agent_158,CAMPUS
4,4,3,4,4,gemma3:27b,data_pmus_yaounde,q3_1,Agent_158,NON
4,3,4,4,3,gemma3:27b,data_pmus_yaounde,q3_2,Agent_158,PAR BUS STACY
4,4,3,4,3,gemma3:27b,data_pmus_yaounde,q3_3_1,Agent_158,ELIG EFFA
4,4,2,4,3,gemma3:27b,data_pmus_yaounde,q3_3_2,Agent_158,10 IEME ARRET
5,4,2,5,2,gemma3:27b,data_pmus_yaounde,q4_1_a,Agent_158,Veuillez indiquer depuis combien de temps vous attendez.
4,3,3,4,4,gemma3:27b,data_pmus_yaounde,q4_1_b,Agent_158,MOINS DE 5 MIN
5,4,2,5,2,gemma3:27b,data_pmus_yaounde,q4_2_a,Agent_158,Veuillez indiquer depuis combien de temps vous attendez.
4,3,3,4,4,gemma3:27b,data_pmus_yaounde,q4_2_b,Agent_158,30 60 MIN
4,4,4,4,4,gemma3:27b,data_pmus_yaounde,q4_3,Agent_158,850
4,3,4,4,4,gemma3:27b,data_pmus_yaounde,q4_4,Agent_158,ACTIVIT S DE LOISIRS
3,3,3,4,3,gemma3:27b,data_pmus_yaounde,q4_4_autres,Agent_158,SPORT ET VISITE AMICALE
5,3,4,4,4,gemma3:27b,data_pmus_yaounde,q5_1,Agent_158,ENTRE 18 ET 25 ANS
5,3,4,4,4,gemma3:27b,data_pmus_yaounde,q5_2,Agent_158,ENTRE 30 001 ET 100 000
4,4,4,4,4,gemma3:27b,data_pmus_yaounde,q5_3,Agent_158,FEMME
4,4,2,4,3,gemma3:27b,data_pmus_yaounde,centre ville,Agent_159,YAOUNDE
5,4,4,4,4,gemma3:27b,data_pmus_yaounde,q1_1,Agent_159,HORS DE LA VILLE DE YAOUNDE
4,4,3,4,4,gemma3:27b,data_pmus_yaounde,q1_1_a,Agent_159,MBALLA 2
4,4,3,4,3,gemma3:27b,data_pmus_yaounde,q1_1_b,Agent_159,10EME ARRET
4,4,2,4,3,gemma3:27b,data_pmus_yaounde,q1_1_c,Agent_159,AFANOYA
5,4,4,4,4,gemma3:27b,data_pmus_yaounde,q1_2,Agent_159,UN QUARTIER DE LA VILLE DE YAOUNDE
4,4,4,4,4,gemma3:27b,data_pmus_yaounde,q1_2_a,Agent_159,MBALLA 2
4,4,3,4,3,gemma3:27b,data_pmus_yaounde,q1_2_b,Agent_159,DERNIER POTEAU
4,4,2,4,3,gemma3:27b,data_pmus_yaounde,q1_3_c,Agent_159,DOUALA
4,3,4,4,3,gemma3:27b,data_pmus_yaounde,q2_1,Agent_159,PAR BUS STACY
4,4,2,4,3,gemma3:27b,data_pmus_yaounde,q2_2_1,Agent_159,ROND PONT EXPRESSE
4,4,2,4,3,gemma3:27b,data_pmus_yaounde,q2_2_2,Agent_159,PROVINCE
4,4,2,4,3,gemma3:27b,data_pmus_yaounde,q2_3_1,Agent_159,0LESOA
4,4,2,4,3,gemma3:27b,data_pmus_yaounde,q2_3_2,Agent_159,TERMINUSODJA
5,4,4,4,4,gemma3:27b,data_pmus_yaounde,q2_3,Agent_159,NON
4,4,2,4,3,gemma3:27b,data_pmus_yaounde,q2_4,Agent_159,PAR BUS AGENCE INTERURBAIN
4,4,2,4,3,gemma3:27b,data_pmus_yaounde,q2_5_1,Agent_159,A B0NAS
4,4,2,4,3,gemma3:27b,data_pmus_yaounde,q2_5_2,Agent_159,CARREFOUR
4,4,2,4,3,gemma3:27b,data_pmus_yaounde,q2_6_1,Agent_159,PROVINCE
4,4,2,4,3,gemma3:27b,data_pmus_yaounde,q2_6_2,Agent_159,11EME ARRET
4,4,3,4,4,gemma3:27b,data_pmus_yaounde,q3_1,Agent_159,NON
4,3,4,4,3,gemma3:27b,data_pmus_yaounde,q3_2,Agent_159,PAR BUS STACY
4,4,3,4,3,gemma3:27b,data_pmus_yaounde,q3_3_1,Agent_159,PROVINCE
4,4,2,4,3,gemma3:27b,data_pmus_yaounde,q3_3_2,Agent_159,CHEZ LE GOUVENEUR
5,4,2,5,2,gemma3:27b,data_pmus_yaounde,q4_1_a,Agent_159,Veuillez indiquer depuis combien de temps vous attendez.
4,3,3,4,4,gemma3:27b,data_pmus_yaounde,q4_1_b,Agent_159,MOINS DE 5 MIN
5,4,2,5,2,gemma3:27b,data_pmus_yaounde,q4_2_a,Agent_159,Veuillez indiquer depuis combien de temps vous attendez.
4,3,3,4,4,gemma3:27b,data_pmus_yaounde,q4_2_b,Agent_159,30 60 MIN
4,4,4,4,4,gemma3:27b,data_pmus_yaounde,q4_3,Agent_159,1500
4,3,4,4,4,gemma3:27b,data_pmus_yaounde,q4_4,Agent_159,VISITE FAMILLE
3,3,3,4,3,gemma3:27b,data_pmus_yaounde,q4_4_autres,Agent_159,ACHAT
5,3,4,4,4,gemma3:27b,data_pmus_yaounde,q5_1,Agent_159,ENTRE 36 ET 45 ANS
5,3,4,4,4,gemma3:27b,data_pmus_yaounde,q5_2,Agent_159,ENTRE 30 001 ET 100 000
4,4,4,4,4,gemma3:27b,data_pmus_yaounde,q5_3,Agent_159,HOMME
4,4,2,4,3,gemma3:27b,data_pmus_yaounde,centre ville,Agent_160,YAOUNDE
5,4,4,4,4,gemma3:27b,data_pmus_yaounde,q1_1,Agent_160,HORS DE LA VILLE DE YAOUNDE
4,4,3,4,4,gemma3:27b,data_pmus_yaounde,q1_1_a,Agent_160,MANGUIER
4,4,3,4,3,gemma3:27b,data_pmus_yaounde,q1_1_b,Agent_160,10EME ARRET
4,4,2,4,3,gemma3:27b,data_pmus_yaounde,q1_1_c,Agent_160,MBASSANG
5,4,4,4,4,gemma3:27b,data_pmus_yaounde,q1_2,Agent_160,UN QUARTIER DE LA VILLE DE YAOUNDE
4,4,4,4,4,gemma3:27b,data_pmus_yaounde,q1_2_a,Agent_160,MANGUIER
4,4,3,4,3,gemma3:27b,data_pmus_yaounde,q1_2_b,Agent_160,CARREFOUT
4,4,2,4,3,gemma3:27b,data_pmus_yaounde,q1_3_c,Agent_160,DOUALA
4,3,4,4,3,gemma3:27b,data_pmus_yaounde,q2_1,Agent_160,PAR BUS STACY
4,4,2,4,3,gemma3:27b,data_pmus_yaounde,q2_2_1,Agent_160,AVENUE KENNEDY
4,4,2,4,3,gemma3:27b,data_pmus_yaounde,q2_2_2,Agent_160,10 E ARRET
4,4,2,4,3,gemma3:27b,data_pmus_yaounde,q2_3_1,Agent_160,0LESOA
4,4,2,4,3,gemma3:27b,data_pmus_yaounde,q2_3_2,Agent_160,MANGUIER
5,4,4,4,4,gemma3:27b,data_pmus_yaounde,q2_3,Agent_160,NON
4,4,2,4,3,gemma3:27b,data_pmus_yaounde,q2_4,Agent_160,PAR BUS STACY
4,4,2,4,3,gemma3:27b,data_pmus_yaounde,q2_5_1,Agent_160,MANGUIER
4,4,2,4,3,gemma3:27b,data_pmus_yaounde,q2_5_2,Agent_160,0MPHINE
4,4,2,4,3,gemma3:27b,data_pmus_yaounde,q2_6_1,Agent_160,MANGUIER
4,4,2,4,3,gemma3:27b,data_pmus_yaounde,q2_6_2,Agent_160,MARCHE
4,4,3,4,4,gemma3:27b,data_pmus_yaounde,q3_1,Agent_160,NON
4,3,4,4,3,gemma3:27b,data_pmus_yaounde,q3_2,Agent_160,PAR CARGO MINI BUS
4,4,3,4,3,gemma3:27b,data_pmus_yaounde,q3_3_1,Agent_160,MANGUIER
4,4,2,4,3,gemma3:27b,data_pmus_yaounde,q3_3_2,Agent_160,MARCHE MENDON
5,4,2,5,2,gemma3:27b,data_pmus_yaounde,q4_1_a,Agent_160,Veuillez indiquer depuis combien de temps vous attendez.
4,3,3,4,4,gemma3:27b,data_pmus_yaounde,q4_1_b,Agent_160,MOINS DE 5 MIN
5,4,2,5,2,gemma3:27b,data_pmus_yaounde,q4_2_a,Agent_160,Veuillez indiquer depuis combien de temps vous attendez.
4,3,3,4,4,gemma3:27b,data_pmus_yaounde,q4_2_b,Agent_160,15 30 MIN
4,4,4,4,4,gemma3:27b,data_pmus_yaounde,q4_3,Agent_160,650
4,3,4,4,4,gemma3:27b,data_pmus_yaounde,q4_4,Agent_160,COURSES
3,3,3,4,3,gemma3:27b,data_pmus_yaounde,q4_4_autres,Agent_160,FAIRE DU MARCHE
5,3,4,4,4,gemma3:27b,data_pmus_yaounde,q5_1,Agent_160,ENTRE 55ANS ET 64 ANS
5,3,4,4,4,gemma3:27b,data_pmus_yaounde,q5_2,Agent_160,ENTRE 30 001 ET 100 000
4,4,4,4,4,gemma3:27b,data_pmus_yaounde,q5_3,Agent_160,HOMME
4,4,2,4,3,gemma3:27b,data_pmus_yaounde,centre ville,Agent_161,YAOUNDE
5,4,4,4,4,gemma3:27b,data_pmus_yaounde,q1_1,Agent_161,HORS DE LA VILLE DE YAOUNDE
4,4,3,4,4,gemma3:27b,data_pmus_yaounde,q1_1_a,Agent_161,ABIT
4,4,3,4,3,gemma3:27b,data_pmus_yaounde,q1_1_b,Agent_161,10EME ARRET
4,4,2,4,3,gemma3:27b,data_pmus_yaounde,q1_1_c,Agent_161,AFANOYA
5,4,4,4,4,gemma3:27b,data_pmus_yaounde,q1_2,Agent_161,UN QUARTIER DE LA VILLE DE YAOUNDE
4,4,4,4,4,gemma3:27b,data_pmus_yaounde,q1_2_a,Agent_161,EKOUM DOUM
4,4,3,4,3,gemma3:27b,data_pmus_yaounde,q1_2_b,Agent_161,10 IEME ARRET
4,4,2,4,3,gemma3:27b,data_pmus_yaounde,q1_3_c,Agent_161,EKOUM DOUM
4,3,4,4,3,gemma3:27b,data_pmus_yaounde,q2_1,Agent_161,A PIED
4,4,2,4,3,gemma3:27b,data_pmus_yaounde,q2_2_1,Agent_161,2 CHEVEAU
1,1,1,1,3,gemma3:27b,data_pmus_yaounde,q2_2_2,Agent_161,nan
4,4,2,4,3,gemma3:27b,data_pmus_yaounde,q2_3_1,Agent_161,EKOUM DOUM
4,4,2,4,3,gemma3:27b,data_pmus_yaounde,q2_3_2,Agent_161,A PIED
5,4,4,4,4,gemma3:27b,data_pmus_yaounde,q2_3,Agent_161,NON
4,4,2,4,3,gemma3:27b,data_pmus_yaounde,q2_4,Agent_161,A PIED
1,1,1,1,3,gemma3:27b,data_pmus_yaounde,q2_5_1,Agent_161,nan
1,1,1,1,3,gemma3:27b,data_pmus_yaounde,q2_5_2,Agent_161,nan
4,4,2,4,3,gemma3:27b,data_pmus_yaounde,q2_6_1,Agent_161,ABATTOIR
1,1,1,1,3,gemma3:27b,data_pmus_yaounde,q2_6_2,Agent_161,nan
4,4,3,4,4,gemma3:27b,data_pmus_yaounde,q3_1,Agent_161,NON
4,3,4,4,3,gemma3:27b,data_pmus_yaounde,q3_2,Agent_161,A PIED
4,4,3,4,3,gemma3:27b,data_pmus_yaounde,q3_3_1,Agent_161,EKOUM DOUM
4,4,2,4,3,gemma3:27b,data_pmus_yaounde,q3_3_2,Agent_161,10 IEME ARRET
5,4,2,5,2,gemma3:27b,data_pmus_yaounde,q4_1_a,Agent_161,Veuillez indiquer depuis combien de temps vous attendez.
4,3,3,4,4,gemma3:27b,data_pmus_yaounde,q4_1_b,Agent_161,MOINS DE 5 MIN
5,4,2,5,2,gemma3:27b,data_pmus_yaounde,q4_2_a,Agent_161,Veuillez indiquer depuis combien de temps vous attendez.
4,3,3,4,4,gemma3:27b,data_pmus_yaounde,q4_2_b,Agent_161,15 30 MIN
4,4,4,4,4,gemma3:27b,data_pmus_yaounde,q4_3,Agent_161,700
4,3,4,4,4,gemma3:27b,data_pmus_yaounde,q4_4,Agent_161,COURSES
3,3,3,4,3,gemma3:27b,data_pmus_yaounde,q4_4_autres,Agent_161,FAIRE DU MARCHE
5,3,4,4,4,gemma3:27b,data_pmus_yaounde,q5_1,Agent_161,ENTRE 36 ET 45 ANS
5,3,4,4,4,gemma3:27b,data_pmus_yaounde,q5_2,Agent_161,ENTRE 300 001 ET 500 000
4,4,4,4,4,gemma3:27b,data_pmus_yaounde,q5_3,Agent_161,FEMME
4,4,2,4,3,gemma3:27b,data_pmus_yaounde,centre ville,Agent_162,YAOUNDE
5,4,4,4,4,gemma3:27b,data_pmus_yaounde,q1_1,Agent_162,HORS DE LA VILLE DE YAOUNDE
4,4,3,4,4,gemma3:27b,data_pmus_yaounde,q1_1_a,Agent_162,MINKAN
4,4,3,4,3,gemma3:27b,data_pmus_yaounde,q1_1_b,Agent_162,10EME ARRET
4,4,2,4,3,gemma3:27b,data_pmus_yaounde,q1_1_c,Agent_162,AFANOYA
5,4,4,4,4,gemma3:27b,data_pmus_yaounde,q1_2,Agent_162,UN QUARTIER DE LA VILLE DE YAOUNDE
4,4,4,4,4,gemma3:27b,data_pmus_yaounde,q1_2_a,Agent_162,ABOM
4,4,3,4,3,gemma3:27b,data_pmus_yaounde,q1_2_b,Agent_162,10 IEME ARRET
4,4,2,4,3,gemma3:27b,data_pmus_yaounde,q1_3_c,Agent_162,AFANOYA
4,3,4,4,3,gemma3:27b,data_pmus_yaounde,q2_1,Agent_162,PAR BUS STACY
4,4,2,4,3,gemma3:27b,data_pmus_yaounde,q2_2_1,Agent_162,2 CHEVEAU
4,4,2,4,3,gemma3:27b,data_pmus_yaounde,q2_2_2,Agent_162,10 E ARRET
4,4,2,4,3,gemma3:27b,data_pmus_yaounde,q2_3_1,Agent_162,ELIG ESSONO
4,4,2,4,3,gemma3:27b,data_pmus_yaounde,q2_3_2,Agent_162,0NANA
5,4,4,4,4,gemma3:27b,data_pmus_yaounde,q2_3,Agent_162,NON
4,4,2,4,3,gemma3:27b,data_pmus_yaounde,q2_4,Agent_162,PAR BUS STACY
4,4,2,4,3,gemma3:27b,data_pmus_yaounde,q2_5_1,Agent_162,A B0NAS
4,4,2,4,3,gemma3:27b,data_pmus_yaounde,q2_5_2,Agent_162,0MPHINE
4,4,2,4,3,gemma3:27b,data_pmus_yaounde,q2_6_1,Agent_162,ABATTOIR
4,4,2,4,3,gemma3:27b,data_pmus_yaounde,q2_6_2,Agent_162,11EME ARRET
4,4,3,4,4,gemma3:27b,data_pmus_yaounde,q3_1,Agent_162,NON
4,3,4,4,3,gemma3:27b,data_pmus_yaounde,q3_2,Agent_162,PAR BUS STACY
4,4,3,4,3,gemma3:27b,data_pmus_yaounde,q3_3_1,Agent_162,ACACIA
4,4,2,4,3,gemma3:27b,data_pmus_yaounde,q3_3_2,Agent_162,10 IEME ARRET
5,4,2,5,2,gemma3:27b,data_pmus_yaounde,q4_1_a,Agent_162,Veuillez indiquer depuis combien de temps vous attendez.
4,3,3,4,4,gemma3:27b,data_pmus_yaounde,q4_1_b,Agent_162,10 20 MINUTES
5,4,2,5,2,gemma3:27b,data_pmus_yaounde,q4_2_a,Agent_162,Veuillez indiquer depuis combien de temps vous attendez.
4,3,3,4,4,gemma3:27b,data_pmus_yaounde,q4_2_b,Agent_162,15 30 MIN
4,4,4,4,4,gemma3:27b,data_pmus_yaounde,q4_3,Agent_162,200
4,3,4,4,4,gemma3:27b,data_pmus_yaounde,q4_4,Agent_162,COURSES
3,3,3,4,3,gemma3:27b,data_pmus_yaounde,q4_4_autres,Agent_162,FAIRE DES ACHATS
5,3,4,4,4,gemma3:27b,data_pmus_yaounde,q5_1,Agent_162,ENTRE 36 ET 45 ANS
5,3,4,4,4,gemma3:27b,data_pmus_yaounde,q5_2,Agent_162,ENTRE 30 001 ET 100 000
4,4,4,4,4,gemma3:27b,data_pmus_yaounde,q5_3,Agent_162,FEMME
4,4,2,4,3,gemma3:27b,data_pmus_yaounde,centre ville,Agent_163,YAOUNDE
5,4,4,4,4,gemma3:27b,data_pmus_yaounde,q1_1,Agent_163,UN QUARTIER DE LA VILLE DE YAOUNDE
4,4,3,4,4,gemma3:27b,data_pmus_yaounde,q1_1_a,Agent_163,NIOM
4,4,3,4,3,gemma3:27b,data_pmus_yaounde,q1_1_b,Agent_163,10EME ARRET
4,4,2,4,3,gemma3:27b,data_pmus_yaounde,q1_1_c,Agent_163,AFANOYA
5,4,4,4,4,gemma3:27b,data_pmus_yaounde,q1_2,Agent_163,UN QUARTIER DE LA VILLE DE YAOUNDE
4,4,4,4,4,gemma3:27b,data_pmus_yaounde,q1_2_a,Agent_163,ABOM
4,4,3,4,3,gemma3:27b,data_pmus_yaounde,q1_2_b,Agent_163,CITE VERTE
4,4,2,4,3,gemma3:27b,data_pmus_yaounde,q1_3_c,Agent_163,AFANOYA
4,3,4,4,3,gemma3:27b,data_pmus_yaounde,q2_1,Agent_163,PAR BUS STACY
4,4,2,4,3,gemma3:27b,data_pmus_yaounde,q2_2_1,Agent_163,2 CHEVEAU
4,4,2,4,3,gemma3:27b,data_pmus_yaounde,q2_2_2,Agent_163,SOUSMANGUIER
4,4,2,4,3,gemma3:27b,data_pmus_yaounde,q2_3_1,Agent_163,CITE VERTE
4,4,2,4,3,gemma3:27b,data_pmus_yaounde,q2_3_2,Agent_163,0NANA
5,4,4,4,4,gemma3:27b,data_pmus_yaounde,q2_3,Agent_163,NON
4,4,2,4,3,gemma3:27b,data_pmus_yaounde,q2_4,Agent_163,PAR BUS STACY
4,4,2,4,3,gemma3:27b,data_pmus_yaounde,q2_5_1,Agent_163,A B0NAS
4,4,2,4,3,gemma3:27b,data_pmus_yaounde,q2_5_2,Agent_163,0MPHINE
4,4,2,4,3,gemma3:27b,data_pmus_yaounde,q2_6_1,Agent_163,ONANA
4,4,2,4,3,gemma3:27b,data_pmus_yaounde,q2_6_2,Agent_163,CAREFOURE
4,4,3,4,4,gemma3:27b,data_pmus_yaounde,q3_1,Agent_163,NON
4,3,4,4,3,gemma3:27b,data_pmus_yaounde,q3_2,Agent_163,PAR BUS STACY
4,4,3,4,3,gemma3:27b,data_pmus_yaounde,q3_3_1,Agent_163,ACACIA
4,4,2,4,3,gemma3:27b,data_pmus_yaounde,q3_3_2,Agent_163,CAMP SONEL
5,4,2,5,2,gemma3:27b,data_pmus_yaounde,q4_1_a,Agent_163,Veuillez indiquer depuis combien de temps vous attendez.
4,3,3,4,4,gemma3:27b,data_pmus_yaounde,q4_1_b,Agent_163,10 20 MINUTES
5,4,2,5,2,gemma3:27b,data_pmus_yaounde,q4_2_a,Agent_163,Veuillez indiquer depuis combien de temps vous attendez.
4,3,3,4,4,gemma3:27b,data_pmus_yaounde,q4_2_b,Agent_163,15 30 MIN
4,4,4,4,4,gemma3:27b,data_pmus_yaounde,q4_3,Agent_163,600
4,3,4,4,4,gemma3:27b,data_pmus_yaounde,q4_4,Agent_163,TRAVAIL
3,3,3,4,3,gemma3:27b,data_pmus_yaounde,q4_4_autres,Agent_163,ACHAT
5,3,4,4,4,gemma3:27b,data_pmus_yaounde,q5_1,Agent_163,ENTRE 26 ET 35 ANS
5,3,4,4,4,gemma3:27b,data_pmus_yaounde,q5_2,Agent_163,ENTRE 30 001 ET 100 000
4,4,4,4,4,gemma3:27b,data_pmus_yaounde,q5_3,Agent_163,HOMME
4,4,2,4,3,gemma3:27b,data_pmus_yaounde,centre ville,Agent_164,YAOUNDE
5,4,4,4,4,gemma3:27b,data_pmus_yaounde,q1_1,Agent_164,HORS DE LA VILLE DE YAOUNDE
4,4,3,4,4,gemma3:27b,data_pmus_yaounde,q1_1_a,Agent_164,ETETAK
4,4,3,4,3,gemma3:27b,data_pmus_yaounde,q1_1_b,Agent_164,10EME ARRET
4,4,2,4,3,gemma3:27b,data_pmus_yaounde,q1_1_c,Agent_164,AFANOYA
5,4,4,4,4,gemma3:27b,data_pmus_yaounde,q1_2,Agent_164,UN QUARTIER DE LA VILLE DE YAOUNDE
4,4,4,4,4,gemma3:27b,data_pmus_yaounde,q1_2_a,Agent_164,POSTE CENTRALE
4,4,3,4,3,gemma3:27b,data_pmus_yaounde,q1_2_b,Agent_164,10 IEME ARRET
4,4,2,4,3,gemma3:27b,data_pmus_yaounde,q1_3_c,Agent_164,AFANOYA
4,3,4,4,3,gemma3:27b,data_pmus_yaounde,q2_1,Agent_164,PAR BUS STACY
4,4,2,4,3,gemma3:27b,data_pmus_yaounde,q2_2_1,Agent_164,TERMINUS
4,4,2,4,3,gemma3:27b,data_pmus_yaounde,q2_2_2,Agent_164,POSTE CENTRALE
4,4,2,4,3,gemma3:27b,data_pmus_yaounde,q2_3_1,Agent_164,POSTE CENTRALE
4,4,2,4,3,gemma3:27b,data_pmus_yaounde,q2_3_2,Agent_164,POSTE CENTRALE
5,4,4,4,4,gemma3:27b,data_pmus_yaounde,q2_3,Agent_164,NON
4,4,2,4,3,gemma3:27b,data_pmus_yaounde,q2_4,Agent_164,PAR BUS STACY
4,4,2,4,3,gemma3:27b,data_pmus_yaounde,q2_5_1,Agent_164,POSTE CENTRALE
4,4,2,4,3,gemma3:27b,data_pmus_yaounde,q2_5_2,Agent_164,POSTE CENTRALE
4,4,2,4,3,gemma3:27b,data_pmus_yaounde,q2_6_1,Agent_164,POSTE CENTRALE
4,4,2,4,3,gemma3:27b,data_pmus_yaounde,q2_6_2,Agent_164,TERMINUS ODZA
4,4,3,4,4,gemma3:27b,data_pmus_yaounde,q3_1,Agent_164,NON
4,3,4,4,3,gemma3:27b,data_pmus_yaounde,q3_2,Agent_164,PAR BUS AGENCE INTERURBAIN
4,4,3,4,3,gemma3:27b,data_pmus_yaounde,q3_3_1,Agent_164,ACACIA
4,4,2,4,3,gemma3:27b,data_pmus_yaounde,q3_3_2,Agent_164,MOBIL
5,4,2,5,2,gemma3:27b,data_pmus_yaounde,q4_1_a,Agent_164,Veuillez indiquer depuis combien de temps vous attendez.
4,3,3,4,4,gemma3:27b,data_pmus_yaounde,q4_1_b,Agent_164,MOINS DE 5 MIN
5,4,2,5,2,gemma3:27b,data_pmus_yaounde,q4_2_a,Agent_164,Veuillez indiquer depuis combien de temps vous attendez.
4,3,3,4,4,gemma3:27b,data_pmus_yaounde,q4_2_b,Agent_164,30 60 MIN
4,4,4,4,4,gemma3:27b,data_pmus_yaounde,q4_3,Agent_164,700
4,3,4,4,4,gemma3:27b,data_pmus_yaounde,q4_4,Agent_164,COURSES
3,3,3,4,3,gemma3:27b,data_pmus_yaounde,q4_4_autres,Agent_164,FAIRE DU MARCHE
5,3,4,4,4,gemma3:27b,data_pmus_yaounde,q5_1,Agent_164,ENTRE 36 ET 45 ANS
5,3,4,4,4,gemma3:27b,data_pmus_yaounde,q5_2,Agent_164,ENTRE 30 001 ET 100 000
4,4,4,4,4,gemma3:27b,data_pmus_yaounde,q5_3,Agent_164,HOMME
4,4,2,4,3,gemma3:27b,data_pmus_yaounde,centre ville,Agent_165,YAOUNDE
5,4,4,4,4,gemma3:27b,data_pmus_yaounde,q1_1,Agent_165,HORS DE LA VILLE DE YAOUNDE
4,4,3,4,4,gemma3:27b,data_pmus_yaounde,q1_1_a,Agent_165,ABIT
4,4,3,4,3,gemma3:27b,data_pmus_yaounde,q1_1_b,Agent_165,10EME ARRET
4,4,2,4,3,gemma3:27b,data_pmus_yaounde,q1_1_c,Agent_165,AFANOYA
5,4,4,4,4,gemma3:27b,data_pmus_yaounde,q1_2,Agent_165,UN QUARTIER DE LA VILLE DE YAOUNDE
4,4,4,4,4,gemma3:27b,data_pmus_yaounde,q1_2_a,Agent_165,ABOM
4,4,3,4,3,gemma3:27b,data_pmus_yaounde,q1_2_b,Agent_165,RDPC
4,4,2,4,3,gemma3:27b,data_pmus_yaounde,q1_3_c,Agent_165,AFANOYA
4,3,4,4,3,gemma3:27b,data_pmus_yaounde,q2_1,Agent_165,PAR BUS STACY
4,4,2,4,3,gemma3:27b,data_pmus_yaounde,q2_2_1,Agent_165,2 CHEVEAU
4,4,2,4,3,gemma3:27b,data_pmus_yaounde,q2_2_2,Agent_165,10 E ARRET
4,4,2,4,3,gemma3:27b,data_pmus_yaounde,q2_3_1,Agent_165,NKOM KANA
4,4,2,4,3,gemma3:27b,data_pmus_yaounde,q2_3_2,Agent_165,0NANA
5,4,4,4,4,gemma3:27b,data_pmus_yaounde,q2_3,Agent_165,NON
4,4,2,4,3,gemma3:27b,data_pmus_yaounde,q2_4,Agent_165,PAR BUS STACY
4,4,2,4,3,gemma3:27b,data_pmus_yaounde,q2_5_1,Agent_165,A B0NAS
4,4,2,4,3,gemma3:27b,data_pmus_yaounde,q2_5_2,Agent_165,CARROUF
4,4,2,4,3,gemma3:27b,data_pmus_yaounde,q2_6_1,Agent_165,ABATTOIR
4,4,2,4,3,gemma3:27b,data_pmus_yaounde,q2_6_2,Agent_165,11EME ARRET
4,4,3,4,4,gemma3:27b,data_pmus_yaounde,q3_1,Agent_165,NON
4,3,4,4,3,gemma3:27b,data_pmus_yaounde,q3_2,Agent_165,PAR BUS STACY
4,4,3,4,3,gemma3:27b,data_pmus_yaounde,q3_3_1,Agent_165,ACACIA
4,4,2,4,3,gemma3:27b,data_pmus_yaounde,q3_3_2,Agent_165,10 IEME ARRET
5,4,2,5,2,gemma3:27b,data_pmus_yaounde,q4_1_a,Agent_165,Veuillez indiquer depuis combien de temps vous attendez.
4,3,3,4,4,gemma3:27b,data_pmus_yaounde,q4_1_b,Agent_165,MOINS DE 5 MIN
5,4,2,5,2,gemma3:27b,data_pmus_yaounde,q4_2_a,Agent_165,Veuillez indiquer depuis combien de temps vous attendez.
4,3,3,4,4,gemma3:27b,data_pmus_yaounde,q4_2_b,Agent_165,30 60 MIN
4,4,4,4,4,gemma3:27b,data_pmus_yaounde,q4_3,Agent_165,750
4,3,4,4,4,gemma3:27b,data_pmus_yaounde,q4_4,Agent_165,COURSES
3,3,3,4,3,gemma3:27b,data_pmus_yaounde,q4_4_autres,Agent_165,ETUDES
5,3,4,4,4,gemma3:27b,data_pmus_yaounde,q5_1,Agent_165,ENTRE 18 ET 25 ANS
5,3,4,4,4,gemma3:27b,data_pmus_yaounde,q5_2,Agent_165,ENTRE 30 001 ET 100 000
4,4,4,4,4,gemma3:27b,data_pmus_yaounde,q5_3,Agent_165,FEMME
4,4,2,4,3,gemma3:27b,data_pmus_yaounde,centre ville,Agent_166,YAOUNDE
5,4,4,4,4,gemma3:27b,data_pmus_yaounde,q1_1,Agent_166,HORS DE LA VILLE DE YAOUNDE
4,4,3,4,4,gemma3:27b,data_pmus_yaounde,q1_1_a,Agent_166,ABIT
4,4,3,4,3,gemma3:27b,data_pmus_yaounde,q1_1_b,Agent_166,10EME ARRET
4,4,2,4,3,gemma3:27b,data_pmus_yaounde,q1_1_c,Agent_166,AFANOYA
5,4,4,4,4,gemma3:27b,data_pmus_yaounde,q1_2,Agent_166,UN QUARTIER DE LA VILLE DE YAOUNDE
4,4,4,4,4,gemma3:27b,data_pmus_yaounde,q1_2_a,Agent_166,AWAE
4,4,3,4,3,gemma3:27b,data_pmus_yaounde,q1_2_b,Agent_166,10 IEME ARRET
4,4,2,4,3,gemma3:27b,data_pmus_yaounde,q1_3_c,Agent_166,DOUALA
4,3,4,4,3,gemma3:27b,data_pmus_yaounde,q2_1,Agent_166,PAR BUS STACY
4,4,2,4,3,gemma3:27b,data_pmus_yaounde,q2_2_1,Agent_166,CARREFOUR GP
4,4,2,4,3,gemma3:27b,data_pmus_yaounde,q2_2_2,Agent_166,BORNE 10
4,4,2,4,3,gemma3:27b,data_pmus_yaounde,q2_3_1,Agent_166,LYCEE EBOUNG EBE
4,4,2,4,3,gemma3:27b,data_pmus_yaounde,q2_3_2,Agent_166,POSTE CENTRALE
5,4,4,4,4,gemma3:27b,data_pmus_yaounde,q2_3,Agent_166,NON
4,4,2,4,3,gemma3:27b,data_pmus_yaounde,q2_4,Agent_166,PAR BUS STACY
4,4,2,4,3,gemma3:27b,data_pmus_yaounde,q2_5_1,Agent_166,A B0NAS
4,4,2,4,3,gemma3:27b,data_pmus_yaounde,q2_5_2,Agent_166,POSTE CENTRALE
4,4,2,4,3,gemma3:27b,data_pmus_yaounde,q2_6_1,Agent_166,POSTE CENTRALE
4,4,2,4,3,gemma3:27b,data_pmus_yaounde,q2_6_2,Agent_166,COLLEGE
4,4,3,4,4,gemma3:27b,data_pmus_yaounde,q3_1,Agent_166,NON
4,3,4,4,3,gemma3:27b,data_pmus_yaounde,q3_2,Agent_166,PAR BUS STACY
4,4,3,4,3,gemma3:27b,data_pmus_yaounde,q3_3_1,Agent_166,ACACIA
4,4,2,4,3,gemma3:27b,data_pmus_yaounde,q3_3_2,Agent_166,ELIZE
5,4,2,5,2,gemma3:27b,data_pmus_yaounde,q4_1_a,Agent_166,Veuillez indiquer depuis combien de temps vous attendez.
4,3,3,4,4,gemma3:27b,data_pmus_yaounde,q4_1_b,Agent_166,MOINS DE 5 MIN
5,4,2,5,2,gemma3:27b,data_pmus_yaounde,q4_2_a,Agent_166,Veuillez indiquer depuis combien de temps vous attendez.
4,3,3,4,4,gemma3:27b,data_pmus_yaounde,q4_2_b,Agent_166,30 60 MIN
4,4,4,4,4,gemma3:27b,data_pmus_yaounde,q4_3,Agent_166,800
4,3,4,4,4,gemma3:27b,data_pmus_yaounde,q4_4,Agent_166,COURSES
3,3,3,4,3,gemma3:27b,data_pmus_yaounde,q4_4_autres,Agent_166,FAIRE DU MARCHE
5,3,4,4,4,gemma3:27b,data_pmus_yaounde,q5_1,Agent_166,ENTRE 36 ET 45 ANS
5,3,4,4,4,gemma3:27b,data_pmus_yaounde,q5_2,Agent_166,ENTRE 300 001 ET 500 000
4,4,4,4,4,gemma3:27b,data_pmus_yaounde,q5_3,Agent_166,FEMME
4,4,2,4,3,gemma3:27b,data_pmus_yaounde,centre ville,Agent_167,YAOUNDE
5,4,4,4,4,gemma3:27b,data_pmus_yaounde,q1_1,Agent_167,UN QUARTIER DE LA VILLE DE YAOUNDE
4,4,3,4,4,gemma3:27b,data_pmus_yaounde,q1_1_a,Agent_167,MVAN
4,4,3,4,3,gemma3:27b,data_pmus_yaounde,q1_1_b,Agent_167,10EME ARRET
4,4,2,4,3,gemma3:27b,data_pmus_yaounde,q1_1_c,Agent_167,MVAN
5,4,4,4,4,gemma3:27b,data_pmus_yaounde,q1_2,Agent_167,UN QUARTIER DE LA VILLE DE YAOUNDE
4,4,4,4,4,gemma3:27b,data_pmus_yaounde,q1_2_a,Agent_167,MVOG TIGUI
4,4,3,4,3,gemma3:27b,data_pmus_yaounde,q1_2_b,Agent_167,CARREFOUR
4,4,2,4,3,gemma3:27b,data_pmus_yaounde,q1_3_c,Agent_167,MVOG TIGUI
4,3,4,4,3,gemma3:27b,data_pmus_yaounde,q2_1,Agent_167,PAR BUS STACY
4,4,2,4,3,gemma3:27b,data_pmus_yaounde,q2_2_1,Agent_167,2 CHEVEAU
4,4,2,4,3,gemma3:27b,data_pmus_yaounde,q2_2_2,Agent_167,10 E ARRET
4,4,2,4,3,gemma3:27b,data_pmus_yaounde,q2_3_1,Agent_167,MVAN
4,4,2,4,3,gemma3:27b,data_pmus_yaounde,q2_3_2,Agent_167,CARREFOUT
5,4,4,4,4,gemma3:27b,data_pmus_yaounde,q2_3,Agent_167,NON
4,4,2,4,3,gemma3:27b,data_pmus_yaounde,q2_4,Agent_167,PAR BUS STACY
4,4,2,4,3,gemma3:27b,data_pmus_yaounde,q2_5_1,Agent_167,A B0NAS
4,4,2,4,3,gemma3:27b,data_pmus_yaounde,q2_5_2,Agent_167,TERMINUS
4,4,2,4,3,gemma3:27b,data_pmus_yaounde,q2_6_1,Agent_167,CARREFOUR
4,4,2,4,3,gemma3:27b,data_pmus_yaounde,q2_6_2,Agent_167,11EME ARRET
4,4,3,4,4,gemma3:27b,data_pmus_yaounde,q3_1,Agent_167,NON
4,3,4,4,3,gemma3:27b,data_pmus_yaounde,q3_2,Agent_167,PAR BUS STACY
4,4,3,4,3,gemma3:27b,data_pmus_yaounde,q3_3_1,Agent_167,MVOG TIGUI
4,4,2,4,3,gemma3:27b,data_pmus_yaounde,q3_3_2,Agent_167,10 IEME ARRET
5,4,2,5,2,gemma3:27b,data_pmus_yaounde,q4_1_a,Agent_167,Veuillez indiquer depuis combien de temps vous attendez.
4,3,3,4,4,gemma3:27b,data_pmus_yaounde,q4_1_b,Agent_167,MOINS DE 5 MIN
5,4,2,5,2,gemma3:27b,data_pmus_yaounde,q4_2_a,Agent_167,Veuillez indiquer depuis combien de temps vous attendez.
4,3,3,4,4,gemma3:27b,data_pmus_yaounde,q4_2_b,Agent_167,30 60 MIN
4,4,4,4,4,gemma3:27b,data_pmus_yaounde,q4_3,Agent_167,700
4,3,4,4,4,gemma3:27b,data_pmus_yaounde,q4_4,Agent_167,TRAVAIL
3,3,3,4,3,gemma3:27b,data_pmus_yaounde,q4_4_autres,Agent_167,EXPEDITION COURRIER
5,3,4,4,4,gemma3:27b,data_pmus_yaounde,q5_1,Agent_167,ENTRE 26 ET 35 ANS
5,3,4,4,4,gemma3:27b,data_pmus_yaounde,q5_2,Agent_167,ENTRE 30 001 ET 100 000
4,4,4,4,4,gemma3:27b,data_pmus_yaounde,q5_3,Agent_167,HOMME
4,4,2,4,3,gemma3:27b,data_pmus_yaounde,centre ville,Agent_168,YAOUNDE
5,4,4,4,4,gemma3:27b,data_pmus_yaounde,q1_1,Agent_168,HORS DE LA VILLE DE YAOUNDE
4,4,3,4,4,gemma3:27b,data_pmus_yaounde,q1_1_a,Agent_168,NIOM
4,4,3,4,3,gemma3:27b,data_pmus_yaounde,q1_1_b,Agent_168,10EME ARRET
4,4,2,4,3,gemma3:27b,data_pmus_yaounde,q1_1_c,Agent_168,AFANOYA
5,4,4,4,4,gemma3:27b,data_pmus_yaounde,q1_2,Agent_168,UN QUARTIER DE LA VILLE DE YAOUNDE
4,4,4,4,4,gemma3:27b,data_pmus_yaounde,q1_2_a,Agent_168,MVAN
4,4,3,4,3,gemma3:27b,data_pmus_yaounde,q1_2_b,Agent_168,PAROISSE TOUT ST
4,4,2,4,3,gemma3:27b,data_pmus_yaounde,q1_3_c,Agent_168,AFANOYA
4,3,4,4,3,gemma3:27b,data_pmus_yaounde,q2_1,Agent_168,PAR BUS STACY
4,4,2,4,3,gemma3:27b,data_pmus_yaounde,q2_2_1,Agent_168,CORREFOUR
4,4,2,4,3,gemma3:27b,data_pmus_yaounde,q2_2_2,Agent_168,COMMISSAIRE 10EM
4,4,2,4,3,gemma3:27b,data_pmus_yaounde,q2_3_1,Agent_168,MVAN
4,4,2,4,3,gemma3:27b,data_pmus_yaounde,q2_3_2,Agent_168,0NANA
5,4,4,4,4,gemma3:27b,data_pmus_yaounde,q2_3,Agent_168,NON
4,4,2,4,3,gemma3:27b,data_pmus_yaounde,q2_4,Agent_168,PAR BUS STACY
4,4,2,4,3,gemma3:27b,data_pmus_yaounde,q2_5_1,Agent_168,MVAN
4,4,2,4,3,gemma3:27b,data_pmus_yaounde,q2_5_2,Agent_168,PAROISE
4,4,2,4,3,gemma3:27b,data_pmus_yaounde,q2_6_1,Agent_168,MVAN
4,4,2,4,3,gemma3:27b,data_pmus_yaounde,q2_6_2,Agent_168,11EME ARRET
4,4,3,4,4,gemma3:27b,data_pmus_yaounde,q3_1,Agent_168,NON
4,3,4,4,3,gemma3:27b,data_pmus_yaounde,q3_2,Agent_168,PAR BUS STACY
4,4,3,4,3,gemma3:27b,data_pmus_yaounde,q3_3_1,Agent_168,MVOG BETSI
4,4,2,4,3,gemma3:27b,data_pmus_yaounde,q3_3_2,Agent_168,MVOG BETSI
5,4,2,5,2,gemma3:27b,data_pmus_yaounde,q4_1_a,Agent_168,Veuillez indiquer depuis combien de temps vous attendez.
4,3,3,4,4,gemma3:27b,data_pmus_yaounde,q4_1_b,Agent_168,MOINS DE 5 MIN
5,4,2,5,2,gemma3:27b,data_pmus_yaounde,q4_2_a,Agent_168,Veuillez indiquer depuis combien de temps vous attendez.
4,3,3,4,4,gemma3:27b,data_pmus_yaounde,q4_2_b,Agent_168,30 60 MIN
4,4,4,4,4,gemma3:27b,data_pmus_yaounde,q4_3,Agent_168,600
4,3,4,4,4,gemma3:27b,data_pmus_yaounde,q4_4,Agent_168,ACTIVIT S DE LOISIRS
3,3,3,4,3,gemma3:27b,data_pmus_yaounde,q4_4_autres,Agent_168,SPORT ET VISITE AMICALE
5,3,4,4,4,gemma3:27b,data_pmus_yaounde,q5_1,Agent_168,ENTRE 26 ET 35 ANS
5,3,4,4,4,gemma3:27b,data_pmus_yaounde,q5_2,Agent_168,ENTRE 30 001 ET 100 000
4,4,4,4,4,gemma3:27b,data_pmus_yaounde,q5_3,Agent_168,FEMME
4,4,2,4,3,gemma3:27b,data_pmus_yaounde,centre ville,Agent_169,YAOUNDE
5,4,4,4,4,gemma3:27b,data_pmus_yaounde,q1_1,Agent_169,HORS DE LA VILLE DE YAOUNDE
4,4,3,4,4,gemma3:27b,data_pmus_yaounde,q1_1_a,Agent_169,MVOG ATANGANA MBALLA
4,4,3,4,3,gemma3:27b,data_pmus_yaounde,q1_1_b,Agent_169,MVOG ATANGANA MBALLA
4,4,2,4,3,gemma3:27b,data_pmus_yaounde,q1_1_c,Agent_169,AFANOYA
5,4,4,4,4,gemma3:27b,data_pmus_yaounde,q1_2,Agent_169,UN QUARTIER DE LA VILLE DE YAOUNDE
4,4,4,4,4,gemma3:27b,data_pmus_yaounde,q1_2_a,Agent_169,MVOG ATANGANA MBALLA
4,4,3,4,3,gemma3:27b,data_pmus_yaounde,q1_2_b,Agent_169,MARCHE ELIG EDJOA
4,4,2,4,3,gemma3:27b,data_pmus_yaounde,q1_3_c,Agent_169,AFANOYA
4,3,4,4,3,gemma3:27b,data_pmus_yaounde,q2_1,Agent_169,PAR BUS STACY
4,4,2,4,3,gemma3:27b,data_pmus_yaounde,q2_2_1,Agent_169,2 CHEVEAU
4,4,2,4,3,gemma3:27b,data_pmus_yaounde,q2_2_2,Agent_169,MONTEE NKONDENGUI
4,4,2,4,3,gemma3:27b,data_pmus_yaounde,q2_3_1,Agent_169,0LESOA
4,4,2,4,3,gemma3:27b,data_pmus_yaounde,q2_3_2,Agent_169,MVOG BETSI
5,4,4,4,4,gemma3:27b,data_pmus_yaounde,q2_3,Agent_169,NON
4,4,2,4,3,gemma3:27b,data_pmus_yaounde,q2_4,Agent_169,PAR BUS STACY
4,4,2,4,3,gemma3:27b,data_pmus_yaounde,q2_5_1,Agent_169,A B0NAS
4,4,2,4,3,gemma3:27b,data_pmus_yaounde,q2_5_2,Agent_169,NIVEAU DES LAMPADER
4,4,2,4,3,gemma3:27b,data_pmus_yaounde,q2_6_1,Agent_169,MVOG BETSI
4,4,2,4,3,gemma3:27b,data_pmus_yaounde,q2_6_2,Agent_169,MVOG ATANGANA MBALLA
4,4,3,4,4,gemma3:27b,data_pmus_yaounde,q3_1,Agent_169,NON
4,3,4,4,3,gemma3:27b,data_pmus_yaounde,q3_2,Agent_169,PAR BUS STACY
4,4,3,4,3,gemma3:27b,data_pmus_yaounde,q3_3_1,Agent_169,MVOG ATANGANA MBALLA
4,4,2,4,3,gemma3:27b,data_pmus_yaounde,q3_3_2,Agent_169,MARCHE MVOG MBI
5,4,2,5,2,gemma3:27b,data_pmus_yaounde,q4_1_a,Agent_169,Veuillez indiquer depuis combien de temps vous attendez.
4,3,3,4,4,gemma3:27b,data_pmus_yaounde,q4_1_b,Agent_169,MOINS DE 5 MIN
5,4,2,5,2,gemma3:27b,data_pmus_yaounde,q4_2_a,Agent_169,Veuillez indiquer depuis combien de temps vous attendez.
4,3,3,4,4,gemma3:27b,data_pmus_yaounde,q4_2_b,Agent_169,30 60 MIN
4,4,4,4,4,gemma3:27b,data_pmus_yaounde,q4_3,Agent_169,650
4,3,4,4,4,gemma3:27b,data_pmus_yaounde,q4_4,Agent_169,COURSES
3,3,3,4,3,gemma3:27b,data_pmus_yaounde,q4_4_autres,Agent_169,FAIRE DU MARCHE
5,3,4,4,4,gemma3:27b,data_pmus_yaounde,q5_1,Agent_169,ENTRE 18 ET 25 ANS
5,3,4,4,4,gemma3:27b,data_pmus_yaounde,q5_2,Agent_169,ENTRE 30 001 ET 100 000
4,4,4,4,4,gemma3:27b,data_pmus_yaounde,q5_3,Agent_169,FEMME
4,4,2,4,3,gemma3:27b,data_pmus_yaounde,centre ville,Agent_170,YAOUNDE
5,4,4,4,4,gemma3:27b,data_pmus_yaounde,q1_1,Agent_170,HORS DE LA VILLE DE YAOUNDE
4,4,3,4,4,gemma3:27b,data_pmus_yaounde,q1_1_a,Agent_170,ABIT
4,4,3,4,3,gemma3:27b,data_pmus_yaounde,q1_1_b,Agent_170,BATA NLONGKAK
4,4,2,4,3,gemma3:27b,data_pmus_yaounde,q1_1_c,Agent_170,AFANOYA
5,4,4,4,4,gemma3:27b,data_pmus_yaounde,q1_2,Agent_170,UN QUARTIER DE LA VILLE DE YAOUNDE
4,4,4,4,4,gemma3:27b,data_pmus_yaounde,q1_2_a,Agent_170,ABOM
4,4,3,4,3,gemma3:27b,data_pmus_yaounde,q1_2_b,Agent_170,10 IEME ARRET
4,4,2,4,3,gemma3:27b,data_pmus_yaounde,q1_3_c,Agent_170,SOA
4,3,4,4,3,gemma3:27b,data_pmus_yaounde,q2_1,Agent_170,PAR BUS STACY
4,4,2,4,3,gemma3:27b,data_pmus_yaounde,q2_2_1,Agent_170,2 CHEVEAU
4,4,2,4,3,gemma3:27b,data_pmus_yaounde,q2_2_2,Agent_170,BATA NLONGKAK
4,4,2,4,3,gemma3:27b,data_pmus_yaounde,q2_3_1,Agent_170,0LESOA
4,4,2,4,3,gemma3:27b,data_pmus_yaounde,q2_3_2,Agent_170,0NANA
5,4,4,4,4,gemma3:27b,data_pmus_yaounde,q2_3,Agent_170,NON
4,4,2,4,3,gemma3:27b,data_pmus_yaounde,q2_4,Agent_170,PAR BUS STACY
4,4,2,4,3,gemma3:27b,data_pmus_yaounde,q2_5_1,Agent_170,A B0NAS
4,4,2,4,3,gemma3:27b,data_pmus_yaounde,q2_5_2,Agent_170,0MPHINE
4,4,2,4,3,gemma3:27b,data_pmus_yaounde,q2_6_1,Agent_170,CARREFOUR
4,4,2,4,3,gemma3:27b,data_pmus_yaounde,q2_6_2,Agent_170,BISCUITERIE
4,4,3,4,4,gemma3:27b,data_pmus_yaounde,q3_1,Agent_170,NON
4,3,4,4,3,gemma3:27b,data_pmus_yaounde,q3_2,Agent_170,PAR BUS STACY
4,4,3,4,3,gemma3:27b,data_pmus_yaounde,q3_3_1,Agent_170,ACACIA
4,4,2,4,3,gemma3:27b,data_pmus_yaounde,q3_3_2,Agent_170,10 IEME ARRET
5,4,2,5,2,gemma3:27b,data_pmus_yaounde,q4_1_a,Agent_170,Veuillez indiquer depuis combien de temps vous attendez.
4,3,3,4,4,gemma3:27b,data_pmus_yaounde,q4_1_b,Agent_170,MOINS DE 5 MIN
5,4,2,5,2,gemma3:27b,data_pmus_yaounde,q4_2_a,Agent_170,Veuillez indiquer depuis combien de temps vous attendez.
4,3,3,4,4,gemma3:27b,data_pmus_yaounde,q4_2_b,Agent_170,30 60 MIN
4,4,4,4,4,gemma3:27b,data_pmus_yaounde,q4_3,Agent_170,800
4,3,4,4,4,gemma3:27b,data_pmus_yaounde,q4_4,Agent_170,COURSES
3,3,3,4,3,gemma3:27b,data_pmus_yaounde,q4_4_autres,Agent_170,FAIRE DU MARCHE
5,3,4,4,4,gemma3:27b,data_pmus_yaounde,q5_1,Agent_170,MOINS DE 18 ANS
5,3,4,4,4,gemma3:27b,data_pmus_yaounde,q5_2,Agent_170,ENTRE 30 001 ET 100 000
4,4,4,4,4,gemma3:27b,data_pmus_yaounde,q5_3,Agent_170,FEMME
4,4,2,4,3,gemma3:27b,data_pmus_yaounde,centre ville,Agent_171,YAOUNDE
5,4,4,4,4,gemma3:27b,data_pmus_yaounde,q1_1,Agent_171,HORS DE LA VILLE DE YAOUNDE
4,4,3,4,4,gemma3:27b,data_pmus_yaounde,q1_1_a,Agent_171,DAMAS
4,4,3,4,3,gemma3:27b,data_pmus_yaounde,q1_1_b,Agent_171,MONTEEVJOUVENCE
4,4,2,4,3,gemma3:27b,data_pmus_yaounde,q1_1_c,Agent_171,AFANOYA
5,4,4,4,4,gemma3:27b,data_pmus_yaounde,q1_2,Agent_171,UN QUARTIER DE LA VILLE DE YAOUNDE
4,4,4,4,4,gemma3:27b,data_pmus_yaounde,q1_2_a,Agent_171,ABOM
4,4,3,4,3,gemma3:27b,data_pmus_yaounde,q1_2_b,Agent_171,10 IEME ARRET
4,4,2,4,3,gemma3:27b,data_pmus_yaounde,q1_3_c,Agent_171,AFANOYA
4,3,4,4,3,gemma3:27b,data_pmus_yaounde,q2_1,Agent_171,PAR TAXI
4,4,2,4,3,gemma3:27b,data_pmus_yaounde,q2_2_1,Agent_171,DAMAS
4,4,2,4,3,gemma3:27b,data_pmus_yaounde,q2_2_2,Agent_171,10 E ARRET
4,4,2,4,3,gemma3:27b,data_pmus_yaounde,q2_3_1,Agent_171,DAMAS
4,4,2,4,3,gemma3:27b,data_pmus_yaounde,q2_3_2,Agent_171,DAMAS
5,4,4,4,4,gemma3:27b,data_pmus_yaounde,q2_3,Agent_171,NON
4,4,2,4,3,gemma3:27b,data_pmus_yaounde,q2_4,Agent_171,A PIED
4,4,2,4,3,gemma3:27b,data_pmus_yaounde,q2_5_1,Agent_171,A B0NAS
4,4,2,4,3,gemma3:27b,data_pmus_yaounde,q2_5_2,Agent_171,0MPHINE
4,4,2,4,3,gemma3:27b,data_pmus_yaounde,q2_6_1,Agent_171,DAMAS
4,4,2,4,3,gemma3:27b,data_pmus_yaounde,q2_6_2,Agent_171,MSAM
4,4,3,4,4,gemma3:27b,data_pmus_yaounde,q3_1,Agent_171,OUI
4,3,4,4,3,gemma3:27b,data_pmus_yaounde,q3_2,Agent_171,PAR TAXI
4,4,3,4,3,gemma3:27b,data_pmus_yaounde,q3_3_1,Agent_171,MSAM
4,4,2,4,3,gemma3:27b,data_pmus_yaounde,q3_3_2,Agent_171,ENTREE COMPLEXE
5,4,2,5,2,gemma3:27b,data_pmus_yaounde,q4_1_a,Agent_171,Veuillez indiquer depuis combien de temps vous attendez.
4,3,3,4,4,gemma3:27b,data_pmus_yaounde,q4_1_b,Agent_171,MOINS DE 5 MIN
5,4,2,5,2,gemma3:27b,data_pmus_yaounde,q4_2_a,Agent_171,Veuillez indiquer depuis combien de temps vous attendez.
4,3,3,4,4,gemma3:27b,data_pmus_yaounde,q4_2_b,Agent_171,30 60 MIN
4,4,4,4,4,gemma3:27b,data_pmus_yaounde,q4_3,Agent_171,1700
4,3,4,4,4,gemma3:27b,data_pmus_yaounde,q4_4,Agent_171,D MARCHES ADMINISTRATIVES ET OU SANT
3,3,3,4,3,gemma3:27b,data_pmus_yaounde,q4_4_autres,Agent_171,ACHAT
5,3,4,4,4,gemma3:27b,data_pmus_yaounde,q5_1,Agent_171,ENTRE 36 ET 45 ANS
5,3,4,4,4,gemma3:27b,data_pmus_yaounde,q5_2,Agent_171,ENTRE 30 001 ET 100 000
4,4,4,4,4,gemma3:27b,data_pmus_yaounde,q5_3,Agent_171,HOMME
4,4,2,4,3,gemma3:27b,data_pmus_yaounde,centre ville,Agent_172,YAOUNDE
5,4,4,4,4,gemma3:27b,data_pmus_yaounde,q1_1,Agent_172,HORS DE LA VILLE DE YAOUNDE
4,4,3,4,4,gemma3:27b,data_pmus_yaounde,q1_1_a,Agent_172,NKOL BIKOK
4,4,3,4,3,gemma3:27b,data_pmus_yaounde,q1_1_b,Agent_172,TRADEX
4,4,2,4,3,gemma3:27b,data_pmus_yaounde,q1_1_c,Agent_172,AFANOYA
5,4,4,4,4,gemma3:27b,data_pmus_yaounde,q1_2,Agent_172,UN QUARTIER DE LA VILLE DE YAOUNDE
4,4,4,4,4,gemma3:27b,data_pmus_yaounde,q1_2_a,Agent_172,MVOLYE
4,4,3,4,3,gemma3:27b,data_pmus_yaounde,q1_2_b,Agent_172,BAILIC
4,4,2,4,3,gemma3:27b,data_pmus_yaounde,q1_3_c,Agent_172,AFANOYA
4,3,4,4,3,gemma3:27b,data_pmus_yaounde,q2_1,Agent_172,PAR BUS STACY
4,4,2,4,3,gemma3:27b,data_pmus_yaounde,q2_2_1,Agent_172,2 CHEVEAU
4,4,2,4,3,gemma3:27b,data_pmus_yaounde,q2_2_2,Agent_172,TRADEX
4,4,2,4,3,gemma3:27b,data_pmus_yaounde,q2_3_1,Agent_172,TRADEX
4,4,2,4,3,gemma3:27b,data_pmus_yaounde,q2_3_2,Agent_172,APRES TRADEX
5,4,4,4,4,gemma3:27b,data_pmus_yaounde,q2_3,Agent_172,NON
4,4,2,4,3,gemma3:27b,data_pmus_yaounde,q2_4,Agent_172,PAR BUS STACY
4,4,2,4,3,gemma3:27b,data_pmus_yaounde,q2_5_1,Agent_172,A B0NAS
4,4,2,4,3,gemma3:27b,data_pmus_yaounde,q2_5_2,Agent_172,0MPHINE
4,4,2,4,3,gemma3:27b,data_pmus_yaounde,q2_6_1,Agent_172,TRADEX
4,4,2,4,3,gemma3:27b,data_pmus_yaounde,q2_6_2,Agent_172,TRADEX
4,4,3,4,4,gemma3:27b,data_pmus_yaounde,q3_1,Agent_172,NON
4,3,4,4,3,gemma3:27b,data_pmus_yaounde,q3_2,Agent_172,PAR BUS STACY
4,4,3,4,3,gemma3:27b,data_pmus_yaounde,q3_3_1,Agent_172,NKOL BIKOK
4,4,2,4,3,gemma3:27b,data_pmus_yaounde,q3_3_2,Agent_172,TRADEX
5,4,2,5,2,gemma3:27b,data_pmus_yaounde,q4_1_a,Agent_172,Veuillez indiquer depuis combien de temps vous attendez.
4,3,3,4,4,gemma3:27b,data_pmus_yaounde,q4_1_b,Agent_172,MOINS DE 5 MIN
5,4,2,5,2,gemma3:27b,data_pmus_yaounde,q4_2_a,Agent_172,Veuillez indiquer depuis combien de temps vous attendez.
4,3,3,4,4,gemma3:27b,data_pmus_yaounde,q4_2_b,Agent_172,30 60 MIN
4,4,4,4,4,gemma3:27b,data_pmus_yaounde,q4_3,Agent_172,750
4,3,4,4,4,gemma3:27b,data_pmus_yaounde,q4_4,Agent_172,ACTIVIT S DE LOISIRS
3,3,3,4,3,gemma3:27b,data_pmus_yaounde,q4_4_autres,Agent_172,SPORT ET VISITE AMICALE
5,3,4,4,4,gemma3:27b,data_pmus_yaounde,q5_1,Agent_172,ENTRE 36 ET 45 ANS
5,3,4,4,4,gemma3:27b,data_pmus_yaounde,q5_2,Agent_172,ENTRE 30 001 ET 100 000
4,4,4,4,4,gemma3:27b,data_pmus_yaounde,q5_3,Agent_172,FEMME
4,4,2,4,3,gemma3:27b,data_pmus_yaounde,centre ville,Agent_173,YAOUNDE
5,4,4,4,4,gemma3:27b,data_pmus_yaounde,q1_1,Agent_173,HORS DE LA VILLE DE YAOUNDE
4,4,3,4,4,gemma3:27b,data_pmus_yaounde,q1_1_a,Agent_173,MVOG BETSI
4,4,3,4,3,gemma3:27b,data_pmus_yaounde,q1_1_b,Agent_173,ENTREE TOGOLAIS
4,4,2,4,3,gemma3:27b,data_pmus_yaounde,q1_1_c,Agent_173,AFANOYA
5,4,4,4,4,gemma3:27b,data_pmus_yaounde,q1_2,Agent_173,UN QUARTIER DE LA VILLE DE YAOUNDE
4,4,4,4,4,gemma3:27b,data_pmus_yaounde,q1_2_a,Agent_173,NKOM KANA
4,4,3,4,3,gemma3:27b,data_pmus_yaounde,q1_2_b,Agent_173,10 IEME ARRET
4,4,2,4,3,gemma3:27b,data_pmus_yaounde,q1_3_c,Agent_173,AFANOYA
4,3,4,4,3,gemma3:27b,data_pmus_yaounde,q2_1,Agent_173,PAR BUS STACY
4,4,2,4,3,gemma3:27b,data_pmus_yaounde,q2_2_1,Agent_173,MVOG BETSI
4,4,2,4,3,gemma3:27b,data_pmus_yaounde,q2_2_2,Agent_173,NKOM KANA
4,4,2,4,3,gemma3:27b,data_pmus_yaounde,q2_3_1,Agent_173,0LESOA
4,4,2,4,3,gemma3:27b,data_pmus_yaounde,q2_3_2,Agent_173,CARREFOUT
5,4,4,4,4,gemma3:27b,data_pmus_yaounde,q2_3,Agent_173,NON
4,4,2,4,3,gemma3:27b,data_pmus_yaounde,q2_4,Agent_173,PAR BUS STACY
4,4,2,4,3,gemma3:27b,data_pmus_yaounde,q2_5_1,Agent_173,A B0NAS
4,4,2,4,3,gemma3:27b,data_pmus_yaounde,q2_5_2,Agent_173,ARRET BUS
4,4,2,4,3,gemma3:27b,data_pmus_yaounde,q2_6_1,Agent_173,NKOM KANA
4,4,2,4,3,gemma3:27b,data_pmus_yaounde,q2_6_2,Agent_173,ROND POINT EXPRESS
4,4,3,4,4,gemma3:27b,data_pmus_yaounde,q3_1,Agent_173,NON
4,3,4,4,3,gemma3:27b,data_pmus_yaounde,q3_2,Agent_173,PAR BUS STACY
4,4,3,4,3,gemma3:27b,data_pmus_yaounde,q3_3_1,Agent_173,MVOG BETSI
4,4,2,4,3,gemma3:27b,data_pmus_yaounde,q3_3_2,Agent_173,RUE FRETERNITE
5,4,2,5,2,gemma3:27b,data_pmus_yaounde,q4_1_a,Agent_173,Veuillez indiquer depuis combien de temps vous attendez.
4,3,3,4,4,gemma3:27b,data_pmus_yaounde,q4_1_b,Agent_173,MOINS DE 5 MIN
5,4,2,5,2,gemma3:27b,data_pmus_yaounde,q4_2_a,Agent_173,Veuillez indiquer depuis combien de temps vous attendez.
4,3,3,4,4,gemma3:27b,data_pmus_yaounde,q4_2_b,Agent_173,30 60 MIN
4,4,4,4,4,gemma3:27b,data_pmus_yaounde,q4_3,Agent_173,800
4,3,4,4,4,gemma3:27b,data_pmus_yaounde,q4_4,Agent_173,COURSES
3,3,3,4,3,gemma3:27b,data_pmus_yaounde,q4_4_autres,Agent_173,FAIRE DU MARCHE
5,3,4,4,4,gemma3:27b,data_pmus_yaounde,q5_1,Agent_173,MOINS DE 18 ANS
5,3,4,4,4,gemma3:27b,data_pmus_yaounde,q5_2,Agent_173,ENTRE 30 001 ET 100 000
4,4,4,4,4,gemma3:27b,data_pmus_yaounde,q5_3,Agent_173,FEMME
4,4,2,4,3,gemma3:27b,data_pmus_yaounde,centre ville,Agent_174,YAOUNDE
5,4,4,4,4,gemma3:27b,data_pmus_yaounde,q1_1,Agent_174,UN QUARTIER DE LA VILLE DE YAOUNDE
4,4,3,4,4,gemma3:27b,data_pmus_yaounde,q1_1_a,Agent_174,MESSA
4,4,3,4,3,gemma3:27b,data_pmus_yaounde,q1_1_b,Agent_174,10EME ARRET
4,4,2,4,3,gemma3:27b,data_pmus_yaounde,q1_1_c,Agent_174,NKOLBIYEN
5,4,4,4,4,gemma3:27b,data_pmus_yaounde,q1_2,Agent_174,UN QUARTIER DE LA VILLE DE YAOUNDE
4,4,4,4,4,gemma3:27b,data_pmus_yaounde,q1_2_a,Agent_174,NKOLMESSENG
4,4,3,4,3,gemma3:27b,data_pmus_yaounde,q1_2_b,Agent_174,10 IEME ARRET
4,4,2,4,3,gemma3:27b,data_pmus_yaounde,q1_3_c,Agent_174,KRIBI
4,3,4,4,3,gemma3:27b,data_pmus_yaounde,q2_1,Agent_174,PAR BUS STACY
4,4,2,4,3,gemma3:27b,data_pmus_yaounde,q2_2_1,Agent_174,2 CHEVEAU
4,4,2,4,3,gemma3:27b,data_pmus_yaounde,q2_2_2,Agent_174,ENTREE DES S URS
4,4,2,4,3,gemma3:27b,data_pmus_yaounde,q2_3_1,Agent_174,NKOLGONE
4,4,2,4,3,gemma3:27b,data_pmus_yaounde,q2_3_2,Agent_174,CARREF0UR
5,4,4,4,4,gemma3:27b,data_pmus_yaounde,q2_3,Agent_174,NON
4,4,2,4,3,gemma3:27b,data_pmus_yaounde,q2_4,Agent_174,PAR BUS STACY
4,4,2,4,3,gemma3:27b,data_pmus_yaounde,q2_5_1,Agent_174,A B0NAS
4,4,2,4,3,gemma3:27b,data_pmus_yaounde,q2_5_2,Agent_174,TERMINUS
4,4,2,4,3,gemma3:27b,data_pmus_yaounde,q2_6_1,Agent_174,NKOLDOUE
4,4,2,4,3,gemma3:27b,data_pmus_yaounde,q2_6_2,Agent_174,11EME ARRET
4,4,3,4,4,gemma3:27b,data_pmus_yaounde,q3_1,Agent_174,NON
4,3,4,4,3,gemma3:27b,data_pmus_yaounde,q3_2,Agent_174,PAR BUS STACY
4,4,3,4,3,gemma3:27b,data_pmus_yaounde,q3_3_1,Agent_174,ACACIA
4,4,2,4,3,gemma3:27b,data_pmus_yaounde,q3_3_2,Agent_174,PALAIS DES CONGRES
5,4,2,5,2,gemma3:27b,data_pmus_yaounde,q4_1_a,Agent_174,Veuillez indiquer depuis combien de temps vous attendez.
4,3,3,4,4,gemma3:27b,data_pmus_yaounde,q4_1_b,Agent_174,MOINS DE 5 MIN
5,4,2,5,2,gemma3:27b,data_pmus_yaounde,q4_2_a,Agent_174,Veuillez indiquer depuis combien de temps vous attendez.
4,3,3,4,4,gemma3:27b,data_pmus_yaounde,q4_2_b,Agent_174,30 60 MIN
4,4,4,4,4,gemma3:27b,data_pmus_yaounde,q4_3,Agent_174,800
4,3,4,4,4,gemma3:27b,data_pmus_yaounde,q4_4,Agent_174,VISITE FAMILLE
3,3,3,4,3,gemma3:27b,data_pmus_yaounde,q4_4_autres,Agent_174,ACHAT
5,3,4,4,4,gemma3:27b,data_pmus_yaounde,q5_1,Agent_174,ENTRE 18 ET 25 ANS
5,3,4,4,4,gemma3:27b,data_pmus_yaounde,q5_2,Agent_174,ENTRE 30 001 ET 100 000
4,4,4,4,4,gemma3:27b,data_pmus_yaounde,q5_3,Agent_174,FEMME
4,4,2,4,3,gemma3:27b,data_pmus_yaounde,centre ville,Agent_175,YAOUNDE
5,4,4,4,4,gemma3:27b,data_pmus_yaounde,q1_1,Agent_175,HORS DE LA VILLE DE YAOUNDE
4,4,3,4,4,gemma3:27b,data_pmus_yaounde,q1_1_a,Agent_175,NSIMEYONG
4,4,3,4,3,gemma3:27b,data_pmus_yaounde,q1_1_b,Agent_175,10EME ARRET
4,4,2,4,3,gemma3:27b,data_pmus_yaounde,q1_1_c,Agent_175,AFANOYA
5,4,4,4,4,gemma3:27b,data_pmus_yaounde,q1_2,Agent_175,UN QUARTIER DE LA VILLE DE YAOUNDE
4,4,4,4,4,gemma3:27b,data_pmus_yaounde,q1_2_a,Agent_175,NSIMEYONG
4,4,3,4,3,gemma3:27b,data_pmus_yaounde,q1_2_b,Agent_175,NSIMEYONG
4,4,2,4,3,gemma3:27b,data_pmus_yaounde,q1_3_c,Agent_175,KRIBI
4,3,4,4,3,gemma3:27b,data_pmus_yaounde,q2_1,Agent_175,A PIED
4,4,2,4,3,gemma3:27b,data_pmus_yaounde,q2_2_1,Agent_175,NSIMEYONG
4,4,2,4,3,gemma3:27b,data_pmus_yaounde,q2_2_2,Agent_175,NSIMEYONG
4,4,2,4,3,gemma3:27b,data_pmus_yaounde,q2_3_1,Agent_175,NSIMEYONG
4,4,2,4,3,gemma3:27b,data_pmus_yaounde,q2_3_2,Agent_175,NSIMEYONG
5,4,4,4,4,gemma3:27b,data_pmus_yaounde,q2_3,Agent_175,NON
4,4,2,4,3,gemma3:27b,data_pmus_yaounde,q2_4,Agent_175,A PIED
4,4,2,4,3,gemma3:27b,data_pmus_yaounde,q2_5_1,Agent_175,NSIMEYONG
4,4,2,4,3,gemma3:27b,data_pmus_yaounde,q2_5_2,Agent_175,0MPHINE
4,4,2,4,3,gemma3:27b,data_pmus_yaounde,q2_6_1,Agent_175,NSIMEYONG
4,4,2,4,3,gemma3:27b,data_pmus_yaounde,q2_6_2,Agent_175,11EME ARRET
4,4,3,4,4,gemma3:27b,data_pmus_yaounde,q3_1,Agent_175,NON
4,3,4,4,3,gemma3:27b,data_pmus_yaounde,q3_2,Agent_175,A PIED
4,4,3,4,3,gemma3:27b,data_pmus_yaounde,q3_3_1,Agent_175,NSIMEYONG
4,4,2,4,3,gemma3:27b,data_pmus_yaounde,q3_3_2,Agent_175,11E SCALIER
5,4,2,5,2,gemma3:27b,data_pmus_yaounde,q4_1_a,Agent_175,Veuillez indiquer depuis combien de temps vous attendez.
4,3,3,4,4,gemma3:27b,data_pmus_yaounde,q4_1_b,Agent_175,MOINS DE 5 MIN
5,4,2,5,2,gemma3:27b,data_pmus_yaounde,q4_2_a,Agent_175,Veuillez indiquer depuis combien de temps vous attendez.
4,3,3,4,4,gemma3:27b,data_pmus_yaounde,q4_2_b,Agent_175,30 60 MIN
4,4,4,4,4,gemma3:27b,data_pmus_yaounde,q4_3,Agent_175,350
4,3,4,4,4,gemma3:27b,data_pmus_yaounde,q4_4,Agent_175,COURSES
3,3,3,4,3,gemma3:27b,data_pmus_yaounde,q4_4_autres,Agent_175,FAIRE DU MARCHE
5,3,4,4,4,gemma3:27b,data_pmus_yaounde,q5_1,Agent_175,ENTRE 36 ET 45 ANS
5,3,4,4,4,gemma3:27b,data_pmus_yaounde,q5_2,Agent_175,MOINS DE 30 000
4,4,4,4,4,gemma3:27b,data_pmus_yaounde,q5_3,Agent_175,FEMME
4,4,2,4,3,gemma3:27b,data_pmus_yaounde,centre ville,Agent_176,YAOUNDE
5,4,4,4,4,gemma3:27b,data_pmus_yaounde,q1_1,Agent_176,UN QUARTIER DE LA VILLE DE YAOUNDE
4,4,3,4,4,gemma3:27b,data_pmus_yaounde,q1_1_a,Agent_176,SIMBOCK
4,4,3,4,3,gemma3:27b,data_pmus_yaounde,q1_1_b,Agent_176,10EME ARRET
4,4,2,4,3,gemma3:27b,data_pmus_yaounde,q1_1_c,Agent_176,AFANOYA
5,4,4,4,4,gemma3:27b,data_pmus_yaounde,q1_2,Agent_176,UN QUARTIER DE LA VILLE DE YAOUNDE
4,4,4,4,4,gemma3:27b,data_pmus_yaounde,q1_2_a,Agent_176,MADAGASCAR
4,4,3,4,3,gemma3:27b,data_pmus_yaounde,q1_2_b,Agent_176,MADAGASCAR
4,4,2,4,3,gemma3:27b,data_pmus_yaounde,q1_3_c,Agent_176,DOUALA
4,3,4,4,3,gemma3:27b,data_pmus_yaounde,q2_1,Agent_176,PAR BUS STACY
4,4,2,4,3,gemma3:27b,data_pmus_yaounde,q2_2_1,Agent_176,2 CHEVEAU
4,4,2,4,3,gemma3:27b,data_pmus_yaounde,q2_2_2,Agent_176,ENTREE SIMBOCK
4,4,2,4,3,gemma3:27b,data_pmus_yaounde,q2_3_1,Agent_176,MADAGASCAR
4,4,2,4,3,gemma3:27b,data_pmus_yaounde,q2_3_2,Agent_176,0NANA
5,4,4,4,4,gemma3:27b,data_pmus_yaounde,q2_3,Agent_176,NON
4,4,2,4,3,gemma3:27b,data_pmus_yaounde,q2_4,Agent_176,PAR BUS STACY
4,4,2,4,3,gemma3:27b,data_pmus_yaounde,q2_5_1,Agent_176,SIMBOCK
4,4,2,4,3,gemma3:27b,data_pmus_yaounde,q2_5_2,Agent_176,SOUSMANGUIER
4,4,2,4,3,gemma3:27b,data_pmus_yaounde,q2_6_1,Agent_176,MADASCACAR
4,4,2,4,3,gemma3:27b,data_pmus_yaounde,q2_6_2,Agent_176,11EME ARRET
4,4,3,4,4,gemma3:27b,data_pmus_yaounde,q3_1,Agent_176,NON
4,3,4,4,3,gemma3:27b,data_pmus_yaounde,q3_2,Agent_176,PAR BUS STACY
4,4,3,4,3,gemma3:27b,data_pmus_yaounde,q3_3_1,Agent_176,MADAGASCAR
4,4,2,4,3,gemma3:27b,data_pmus_yaounde,q3_3_2,Agent_176,MADAGASCAR
5,4,2,5,2,gemma3:27b,data_pmus_yaounde,q4_1_a,Agent_176,Veuillez indiquer depuis combien de temps vous attendez.
4,3,3,4,4,gemma3:27b,data_pmus_yaounde,q4_1_b,Agent_176,10 20 MINUTES
5,4,2,5,2,gemma3:27b,data_pmus_yaounde,q4_2_a,Agent_176,Veuillez indiquer depuis combien de temps vous attendez.
4,3,3,4,4,gemma3:27b,data_pmus_yaounde,q4_2_b,Agent_176,30 60 MIN
4,4,4,4,4,gemma3:27b,data_pmus_yaounde,q4_3,Agent_176,550
4,3,4,4,4,gemma3:27b,data_pmus_yaounde,q4_4,Agent_176,COURSES
3,3,3,4,3,gemma3:27b,data_pmus_yaounde,q4_4_autres,Agent_176,FAIRE DES ACHATS
5,3,4,4,4,gemma3:27b,data_pmus_yaounde,q5_1,Agent_176,ENTRE 26 ET 35 ANS
5,3,4,4,4,gemma3:27b,data_pmus_yaounde,q5_2,Agent_176,ENTRE 30 001 ET 100 000
4,4,4,4,4,gemma3:27b,data_pmus_yaounde,q5_3,Agent_176,FEMME
4,4,2,4,3,gemma3:27b,data_pmus_yaounde,centre ville,Agent_177,YAOUNDE
5,4,4,4,4,gemma3:27b,data_pmus_yaounde,q1_1,Agent_177,HORS DE LA VILLE DE YAOUNDE
4,4,3,4,4,gemma3:27b,data_pmus_yaounde,q1_1_a,Agent_177,NSIMEYONG
4,4,3,4,3,gemma3:27b,data_pmus_yaounde,q1_1_b,Agent_177,10EME ARRET
4,4,2,4,3,gemma3:27b,data_pmus_yaounde,q1_1_c,Agent_177,AFANOYA
5,4,4,4,4,gemma3:27b,data_pmus_yaounde,q1_2,Agent_177,HORS DE LA VILLE DE YAOUNDE
4,4,4,4,4,gemma3:27b,data_pmus_yaounde,q1_2_a,Agent_177,AHALA
4,4,3,4,3,gemma3:27b,data_pmus_yaounde,q1_2_b,Agent_177,10 IEME ARRET
4,4,2,4,3,gemma3:27b,data_pmus_yaounde,q1_3_c,Agent_177,AHALA
4,3,4,4,3,gemma3:27b,data_pmus_yaounde,q2_1,Agent_177,PAR BUS STACY
4,4,2,4,3,gemma3:27b,data_pmus_yaounde,q2_2_1,Agent_177,2 CHEVEAU
4,4,2,4,3,gemma3:27b,data_pmus_yaounde,q2_2_2,Agent_177,DEUX CHEVAUX
4,4,2,4,3,gemma3:27b,data_pmus_yaounde,q2_3_1,Agent_177,0LESOA
4,4,2,4,3,gemma3:27b,data_pmus_yaounde,q2_3_2,Agent_177,0NANA
5,4,4,4,4,gemma3:27b,data_pmus_yaounde,q2_3,Agent_177,NON
4,4,2,4,3,gemma3:27b,data_pmus_yaounde,q2_4,Agent_177,PAR BUS STACY
4,4,2,4,3,gemma3:27b,data_pmus_yaounde,q2_5_1,Agent_177,MARIA ROSA
4,4,2,4,3,gemma3:27b,data_pmus_yaounde,q2_5_2,Agent_177,HOPITAL
4,4,2,4,3,gemma3:27b,data_pmus_yaounde,q2_6_1,Agent_177,ABATTOIR
4,4,2,4,3,gemma3:27b,data_pmus_yaounde,q2_6_2,Agent_177,11EME ARRET
4,4,3,4,4,gemma3:27b,data_pmus_yaounde,q3_1,Agent_177,NON
4,3,4,4,3,gemma3:27b,data_pmus_yaounde,q3_2,Agent_177,A PIED
4,4,3,4,3,gemma3:27b,data_pmus_yaounde,q3_3_1,Agent_177,AHALA
4,4,2,4,3,gemma3:27b,data_pmus_yaounde,q3_3_2,Agent_177,10 IEME ARRET
5,4,2,5,2,gemma3:27b,data_pmus_yaounde,q4_1_a,Agent_177,Veuillez indiquer depuis combien de temps vous attendez.
4,3,3,4,4,gemma3:27b,data_pmus_yaounde,q4_1_b,Agent_177,MOINS DE 5 MIN
5,4,2,5,2,gemma3:27b,data_pmus_yaounde,q4_2_a,Agent_177,Veuillez indiquer depuis combien de temps vous attendez.
4,3,3,4,4,gemma3:27b,data_pmus_yaounde,q4_2_b,Agent_177,30 60 MIN
4,4,4,4,4,gemma3:27b,data_pmus_yaounde,q4_3,Agent_177,750
4,3,4,4,4,gemma3:27b,data_pmus_yaounde,q4_4,Agent_177,VISITE FAMILLE
3,3,3,4,3,gemma3:27b,data_pmus_yaounde,q4_4_autres,Agent_177,ACHAT
5,3,4,4,4,gemma3:27b,data_pmus_yaounde,q5_1,Agent_177,ENTRE 18 ET 25 ANS
5,3,4,4,4,gemma3:27b,data_pmus_yaounde,q5_2,Agent_177,ENTRE 30 001 ET 100 000
4,4,4,4,4,gemma3:27b,data_pmus_yaounde,q5_3,Agent_177,FEMME
4,4,2,4,3,gemma3:27b,data_pmus_yaounde,centre ville,Agent_178,YAOUNDE
5,4,4,4,4,gemma3:27b,data_pmus_yaounde,q1_1,Agent_178,HORS DE LA VILLE DE YAOUNDE
4,4,3,4,4,gemma3:27b,data_pmus_yaounde,q1_1_a,Agent_178,ABIT
4,4,3,4,3,gemma3:27b,data_pmus_yaounde,q1_1_b,Agent_178,10EME ARRET
4,4,2,4,3,gemma3:27b,data_pmus_yaounde,q1_1_c,Agent_178,DOUALA
5,4,4,4,4,gemma3:27b,data_pmus_yaounde,q1_2,Agent_178,UN QUARTIER DE LA VILLE DE YAOUNDE
4,4,4,4,4,gemma3:27b,data_pmus_yaounde,q1_2_a,Agent_178,ABOM
4,4,3,4,3,gemma3:27b,data_pmus_yaounde,q1_2_b,Agent_178,SOFAVIN
4,4,2,4,3,gemma3:27b,data_pmus_yaounde,q1_3_c,Agent_178,DOUALA
4,3,4,4,3,gemma3:27b,data_pmus_yaounde,q2_1,Agent_178,PAR BUS STACY
4,4,2,4,3,gemma3:27b,data_pmus_yaounde,q2_2_1,Agent_178,2 CHEVEAU
4,4,2,4,3,gemma3:27b,data_pmus_yaounde,q2_2_2,Agent_178,GMI
4,4,2,4,3,gemma3:27b,data_pmus_yaounde,q2_3_1,Agent_178,0LESOA
4,4,2,4,3,gemma3:27b,data_pmus_yaounde,q2_3_2,Agent_178,0NANA
5,4,4,4,4,gemma3:27b,data_pmus_yaounde,q2_3,Agent_178,NON
4,4,2,4,3,gemma3:27b,data_pmus_yaounde,q2_4,Agent_178,PAR BUS STACY
4,4,2,4,3,gemma3:27b,data_pmus_yaounde,q2_5_1,Agent_178,A B0NAS
4,4,2,4,3,gemma3:27b,data_pmus_yaounde,q2_5_2,Agent_178,GARE MVAN
4,4,2,4,3,gemma3:27b,data_pmus_yaounde,q2_6_1,Agent_178,ONANA
4,4,2,4,3,gemma3:27b,data_pmus_yaounde,q2_6_2,Agent_178,SIMBOCK
4,4,3,4,4,gemma3:27b,data_pmus_yaounde,q3_1,Agent_178,NON
4,3,4,4,3,gemma3:27b,data_pmus_yaounde,q3_2,Agent_178,PAR BUS STACY
4,4,3,4,3,gemma3:27b,data_pmus_yaounde,q3_3_1,Agent_178,ACACIA
4,4,2,4,3,gemma3:27b,data_pmus_yaounde,q3_3_2,Agent_178,ARRET BUS
5,4,2,5,2,gemma3:27b,data_pmus_yaounde,q4_1_a,Agent_178,Veuillez indiquer depuis combien de temps vous attendez.
4,3,3,4,4,gemma3:27b,data_pmus_yaounde,q4_1_b,Agent_178,PLUS DE 20 MINUTES
5,4,2,5,2,gemma3:27b,data_pmus_yaounde,q4_2_a,Agent_178,Veuillez indiquer depuis combien de temps vous attendez.
4,3,3,4,4,gemma3:27b,data_pmus_yaounde,q4_2_b,Agent_178,30 60 MIN
4,4,4,4,4,gemma3:27b,data_pmus_yaounde,q4_3,Agent_178,2600
4,3,4,4,4,gemma3:27b,data_pmus_yaounde,q4_4,Agent_178,TRAVAIL
3,3,3,4,3,gemma3:27b,data_pmus_yaounde,q4_4_autres,Agent_178,ACHAT
5,3,4,4,4,gemma3:27b,data_pmus_yaounde,q5_1,Agent_178,ENTRE 36 ET 45 ANS
5,3,4,4,4,gemma3:27b,data_pmus_yaounde,q5_2,Agent_178,ENTRE 30 001 ET 100 000
4,4,4,4,4,gemma3:27b,data_pmus_yaounde,q5_3,Agent_178,HOMME
4,4,2,4,3,gemma3:27b,data_pmus_yaounde,centre ville,Agent_179,YAOUNDE
5,4,4,4,4,gemma3:27b,data_pmus_yaounde,q1_1,Agent_179,HORS DE LA VILLE DE YAOUNDE
4,4,3,4,4,gemma3:27b,data_pmus_yaounde,q1_1_a,Agent_179,POSTE CENTRALE
4,4,3,4,3,gemma3:27b,data_pmus_yaounde,q1_1_b,Agent_179,10EME ARRET
4,4,2,4,3,gemma3:27b,data_pmus_yaounde,q1_1_c,Agent_179,AFANOYA
5,4,4,4,4,gemma3:27b,data_pmus_yaounde,q1_2,Agent_179,UN QUARTIER DE LA VILLE DE YAOUNDE
4,4,4,4,4,gemma3:27b,data_pmus_yaounde,q1_2_a,Agent_179,EMOMBO
4,4,3,4,3,gemma3:27b,data_pmus_yaounde,q1_2_b,Agent_179,10 IEME ARRET
4,4,2,4,3,gemma3:27b,data_pmus_yaounde,q1_3_c,Agent_179,AFANOYA
4,3,4,4,3,gemma3:27b,data_pmus_yaounde,q2_1,Agent_179,PAR TAXI
4,4,2,4,3,gemma3:27b,data_pmus_yaounde,q2_2_1,Agent_179,RON POINT ESSPRESS
4,4,2,4,3,gemma3:27b,data_pmus_yaounde,q2_2_2,Agent_179,10 E ARRET
4,4,2,4,3,gemma3:27b,data_pmus_yaounde,q2_3_1,Agent_179,ESSOMBA
4,4,2,4,3,gemma3:27b,data_pmus_yaounde,q2_3_2,Agent_179,TRANSFORMATEUR
5,4,4,4,4,gemma3:27b,data_pmus_yaounde,q2_3,Agent_179,NON
4,4,2,4,3,gemma3:27b,data_pmus_yaounde,q2_4,Agent_179,PAR BUS STACY
4,4,2,4,3,gemma3:27b,data_pmus_yaounde,q2_5_1,Agent_179,A B0NAS
4,4,2,4,3,gemma3:27b,data_pmus_yaounde,q2_5_2,Agent_179,POSTE CENTRALE
4,4,2,4,3,gemma3:27b,data_pmus_yaounde,q2_6_1,Agent_179,ABATTOIR
4,4,2,4,3,gemma3:27b,data_pmus_yaounde,q2_6_2,Agent_179,M A MINAG
4,4,3,4,4,gemma3:27b,data_pmus_yaounde,q3_1,Agent_179,NON
4,3,4,4,3,gemma3:27b,data_pmus_yaounde,q3_2,Agent_179,PAR TAXI
4,4,3,4,3,gemma3:27b,data_pmus_yaounde,q3_3_1,Agent_179,ACACIA
4,4,2,4,3,gemma3:27b,data_pmus_yaounde,q3_3_2,Agent_179,ACACIA
5,4,2,5,2,gemma3:27b,data_pmus_yaounde,q4_1_a,Agent_179,Veuillez indiquer depuis combien de temps vous attendez.
4,3,3,4,4,gemma3:27b,data_pmus_yaounde,q4_1_b,Agent_179,MOINS DE 5 MIN
5,4,2,5,2,gemma3:27b,data_pmus_yaounde,q4_2_a,Agent_179,Veuillez indiquer depuis combien de temps vous attendez.
4,3,3,4,4,gemma3:27b,data_pmus_yaounde,q4_2_b,Agent_179,30 60 MIN
4,4,4,4,4,gemma3:27b,data_pmus_yaounde,q4_3,Agent_179,2300
4,3,4,4,4,gemma3:27b,data_pmus_yaounde,q4_4,Agent_179,SPORTIVES
3,3,3,4,3,gemma3:27b,data_pmus_yaounde,q4_4_autres,Agent_179,SPORT ET VISITE AMICALE
5,3,4,4,4,gemma3:27b,data_pmus_yaounde,q5_1,Agent_179,ENTRE 36 ET 45 ANS
5,3,4,4,4,gemma3:27b,data_pmus_yaounde,q5_2,Agent_179,ENTRE 30 001 ET 100 000
4,4,4,4,4,gemma3:27b,data_pmus_yaounde,q5_3,Agent_179,HOMME
4,4,2,4,3,gemma3:27b,data_pmus_yaounde,centre ville,Agent_180,YAOUNDE
5,4,4,4,4,gemma3:27b,data_pmus_yaounde,q1_1,Agent_180,UN QUARTIER DE LA VILLE DE YAOUNDE
4,4,3,4,4,gemma3:27b,data_pmus_yaounde,q1_1_a,Agent_180,OBOBOGO
4,4,3,4,3,gemma3:27b,data_pmus_yaounde,q1_1_b,Agent_180,AVANT RAIL
4,4,2,4,3,gemma3:27b,data_pmus_yaounde,q1_1_c,Agent_180,AFANOYA
5,4,4,4,4,gemma3:27b,data_pmus_yaounde,q1_2,Agent_180,UN QUARTIER DE LA VILLE DE YAOUNDE
4,4,4,4,4,gemma3:27b,data_pmus_yaounde,q1_2_a,Agent_180,ABOM
4,4,3,4,3,gemma3:27b,data_pmus_yaounde,q1_2_b,Agent_180,APRES LES RAILS
4,4,2,4,3,gemma3:27b,data_pmus_yaounde,q1_3_c,Agent_180,AFANOYA
4,3,4,4,3,gemma3:27b,data_pmus_yaounde,q2_1,Agent_180,PAR BUS STACY
4,4,2,4,3,gemma3:27b,data_pmus_yaounde,q2_2_1,Agent_180,2 CHEVEAU
4,4,2,4,3,gemma3:27b,data_pmus_yaounde,q2_2_2,Agent_180,10 E ARRET
4,4,2,4,3,gemma3:27b,data_pmus_yaounde,q2_3_1,Agent_180,0LESOA
4,4,2,4,3,gemma3:27b,data_pmus_yaounde,q2_3_2,Agent_180,TERMINUE
5,4,4,4,4,gemma3:27b,data_pmus_yaounde,q2_3,Agent_180,NON
4,4,2,4,3,gemma3:27b,data_pmus_yaounde,q2_4,Agent_180,PAR BUS STACY
4,4,2,4,3,gemma3:27b,data_pmus_yaounde,q2_5_1,Agent_180,A B0NAS
4,4,2,4,3,gemma3:27b,data_pmus_yaounde,q2_5_2,Agent_180,0MPHINE
4,4,2,4,3,gemma3:27b,data_pmus_yaounde,q2_6_1,Agent_180,TERMINUS ODJA
4,4,2,4,3,gemma3:27b,data_pmus_yaounde,q2_6_2,Agent_180,11EME ARRET
4,4,3,4,4,gemma3:27b,data_pmus_yaounde,q3_1,Agent_180,NON
4,3,4,4,3,gemma3:27b,data_pmus_yaounde,q3_2,Agent_180,PAR BUS STACY
4,4,3,4,3,gemma3:27b,data_pmus_yaounde,q3_3_1,Agent_180,ACACIA
4,4,2,4,3,gemma3:27b,data_pmus_yaounde,q3_3_2,Agent_180,MOBILE TSINGA
5,4,2,5,2,gemma3:27b,data_pmus_yaounde,q4_1_a,Agent_180,Veuillez indiquer depuis combien de temps vous attendez.
4,3,3,4,4,gemma3:27b,data_pmus_yaounde,q4_1_b,Agent_180,MOINS DE 5 MIN
5,4,2,5,2,gemma3:27b,data_pmus_yaounde,q4_2_a,Agent_180,Veuillez indiquer depuis combien de temps vous attendez.
4,3,3,4,4,gemma3:27b,data_pmus_yaounde,q4_2_b,Agent_180,15 30 MIN
4,4,4,4,4,gemma3:27b,data_pmus_yaounde,q4_3,Agent_180,750
4,3,4,4,4,gemma3:27b,data_pmus_yaounde,q4_4,Agent_180,TRAVAIL
3,3,3,4,3,gemma3:27b,data_pmus_yaounde,q4_4_autres,Agent_180,HOPITAL
5,3,4,4,4,gemma3:27b,data_pmus_yaounde,q5_1,Agent_180,ENTRE 36 ET 45 ANS
5,3,4,4,4,gemma3:27b,data_pmus_yaounde,q5_2,Agent_180,ENTRE 30 001 ET 100 000
4,4,4,4,4,gemma3:27b,data_pmus_yaounde,q5_3,Agent_180,FEMME
4,4,2,4,3,gemma3:27b,data_pmus_yaounde,centre ville,Agent_181,YAOUNDE
5,4,4,4,4,gemma3:27b,data_pmus_yaounde,q1_1,Agent_181,HORS DE LA VILLE DE YAOUNDE
4,4,3,4,4,gemma3:27b,data_pmus_yaounde,q1_1_a,Agent_181,NKOMO
4,4,3,4,3,gemma3:27b,data_pmus_yaounde,q1_1_b,Agent_181,10EME ARRET
4,4,2,4,3,gemma3:27b,data_pmus_yaounde,q1_1_c,Agent_181,AFANOYA
5,4,4,4,4,gemma3:27b,data_pmus_yaounde,q1_2,Agent_181,UN QUARTIER DE LA VILLE DE YAOUNDE
4,4,4,4,4,gemma3:27b,data_pmus_yaounde,q1_2_a,Agent_181,EKIE
4,4,3,4,3,gemma3:27b,data_pmus_yaounde,q1_2_b,Agent_181,MARCHE MELEN
4,4,2,4,3,gemma3:27b,data_pmus_yaounde,q1_3_c,Agent_181,AFANOYA
4,3,4,4,3,gemma3:27b,data_pmus_yaounde,q2_1,Agent_181,PAR BUS STACY
4,4,2,4,3,gemma3:27b,data_pmus_yaounde,q2_2_1,Agent_181,SOUS MANGUIER
4,4,2,4,3,gemma3:27b,data_pmus_yaounde,q2_2_2,Agent_181,ENTREE ROSIERE
4,4,2,4,3,gemma3:27b,data_pmus_yaounde,q2_3_1,Agent_181,0LESOA
4,4,2,4,3,gemma3:27b,data_pmus_yaounde,q2_3_2,Agent_181,0NANA
5,4,4,4,4,gemma3:27b,data_pmus_yaounde,q2_3,Agent_181,NON
4,4,2,4,3,gemma3:27b,data_pmus_yaounde,q2_4,Agent_181,PAR CARGO MINI BUS
4,4,2,4,3,gemma3:27b,data_pmus_yaounde,q2_5_1,Agent_181,A B0NAS
4,4,2,4,3,gemma3:27b,data_pmus_yaounde,q2_5_2,Agent_181,EKOUDOM
4,4,2,4,3,gemma3:27b,data_pmus_yaounde,q2_6_1,Agent_181,ABATTOIR
4,4,2,4,3,gemma3:27b,data_pmus_yaounde,q2_6_2,Agent_181,TERMINUS ODZA
4,4,3,4,4,gemma3:27b,data_pmus_yaounde,q3_1,Agent_181,NON
4,3,4,4,3,gemma3:27b,data_pmus_yaounde,q3_2,Agent_181,PAR BUS STACY
4,4,3,4,3,gemma3:27b,data_pmus_yaounde,q3_3_1,Agent_181,ACACIA
4,4,2,4,3,gemma3:27b,data_pmus_yaounde,q3_3_2,Agent_181,ACACIA
5,4,2,5,2,gemma3:27b,data_pmus_yaounde,q4_1_a,Agent_181,Veuillez indiquer depuis combien de temps vous attendez.
4,3,3,4,4,gemma3:27b,data_pmus_yaounde,q4_1_b,Agent_181,MOINS DE 5 MIN
5,4,2,5,2,gemma3:27b,data_pmus_yaounde,q4_2_a,Agent_181,Veuillez indiquer depuis combien de temps vous attendez.
4,3,3,4,4,gemma3:27b,data_pmus_yaounde,q4_2_b,Agent_181,30 60 MIN
4,4,4,4,4,gemma3:27b,data_pmus_yaounde,q4_3,Agent_181,800
4,3,4,4,4,gemma3:27b,data_pmus_yaounde,q4_4,Agent_181,COURSES
3,3,3,4,3,gemma3:27b,data_pmus_yaounde,q4_4_autres,Agent_181,FAIRE DU MARCHE
5,3,4,4,4,gemma3:27b,data_pmus_yaounde,q5_1,Agent_181,PLUS DE 65 ANS
5,3,4,4,4,gemma3:27b,data_pmus_yaounde,q5_2,Agent_181,ENTRE 30 001 ET 100 000
4,4,4,4,4,gemma3:27b,data_pmus_yaounde,q5_3,Agent_181,HOMME
4,4,2,4,3,gemma3:27b,data_pmus_yaounde,centre ville,Agent_182,YAOUNDE
5,4,4,4,4,gemma3:27b,data_pmus_yaounde,q1_1,Agent_182,UN QUARTIER DE LA VILLE DE YAOUNDE
4,4,3,4,4,gemma3:27b,data_pmus_yaounde,q1_1_a,Agent_182,NFANDENA
4,4,3,4,3,gemma3:27b,data_pmus_yaounde,q1_1_b,Agent_182,10EME ARRET
4,4,2,4,3,gemma3:27b,data_pmus_yaounde,q1_1_c,Agent_182,AFANOYA
5,4,4,4,4,gemma3:27b,data_pmus_yaounde,q1_2,Agent_182,UN QUARTIER DE LA VILLE DE YAOUNDE
4,4,4,4,4,gemma3:27b,data_pmus_yaounde,q1_2_a,Agent_182,ABOM
4,4,3,4,3,gemma3:27b,data_pmus_yaounde,q1_2_b,Agent_182,10 IEME ARRET
4,4,2,4,3,gemma3:27b,data_pmus_yaounde,q1_3_c,Agent_182,KRIBI
4,3,4,4,3,gemma3:27b,data_pmus_yaounde,q2_1,Agent_182,PAR BUS STACY
4,4,2,4,3,gemma3:27b,data_pmus_yaounde,q2_2_1,Agent_182,NFANDENA
4,4,2,4,3,gemma3:27b,data_pmus_yaounde,q2_2_2,Agent_182,10 E ARRET
4,4,2,4,3,gemma3:27b,data_pmus_yaounde,q2_3_1,Agent_182,OMNISPORR
4,4,2,4,3,gemma3:27b,data_pmus_yaounde,q2_3_2,Agent_182,0NANA
5,4,4,4,4,gemma3:27b,data_pmus_yaounde,q2_3,Agent_182,NON
4,4,2,4,3,gemma3:27b,data_pmus_yaounde,q2_4,Agent_182,PAR BUS STACY
4,4,2,4,3,gemma3:27b,data_pmus_yaounde,q2_5_1,Agent_182,A B0NAS
4,4,2,4,3,gemma3:27b,data_pmus_yaounde,q2_5_2,Agent_182,0MPHINE
4,4,2,4,3,gemma3:27b,data_pmus_yaounde,q2_6_1,Agent_182,FOURGEROLLES
4,4,2,4,3,gemma3:27b,data_pmus_yaounde,q2_6_2,Agent_182,11EME ARRET
4,4,3,4,4,gemma3:27b,data_pmus_yaounde,q3_1,Agent_182,NON
4,3,4,4,3,gemma3:27b,data_pmus_yaounde,q3_2,Agent_182,PAR BUS STACY
4,4,3,4,3,gemma3:27b,data_pmus_yaounde,q3_3_1,Agent_182,ACACIA
4,4,2,4,3,gemma3:27b,data_pmus_yaounde,q3_3_2,Agent_182,10 IEME ARRET
5,4,2,5,2,gemma3:27b,data_pmus_yaounde,q4_1_a,Agent_182,Veuillez indiquer depuis combien de temps vous attendez.
4,3,3,4,4,gemma3:27b,data_pmus_yaounde,q4_1_b,Agent_182,MOINS DE 5 MIN
5,4,2,5,2,gemma3:27b,data_pmus_yaounde,q4_2_a,Agent_182,Veuillez indiquer depuis combien de temps vous attendez.
4,3,3,4,4,gemma3:27b,data_pmus_yaounde,q4_2_b,Agent_182,30 60 MIN
4,4,4,4,4,gemma3:27b,data_pmus_yaounde,q4_3,Agent_182,750
4,3,4,4,4,gemma3:27b,data_pmus_yaounde,q4_4,Agent_182,SPORTIVES
3,3,3,4,3,gemma3:27b,data_pmus_yaounde,q4_4_autres,Agent_182,SPORT ET VISITE AMICALE
5,3,4,4,4,gemma3:27b,data_pmus_yaounde,q5_1,Agent_182,MOINS DE 18 ANS
5,3,4,4,4,gemma3:27b,data_pmus_yaounde,q5_2,Agent_182,ENTRE 30 001 ET 100 000
4,4,4,4,4,gemma3:27b,data_pmus_yaounde,q5_3,Agent_182,FEMME
4,4,2,4,3,gemma3:27b,data_pmus_yaounde,centre ville,Agent_183,YAOUNDE
5,4,4,4,4,gemma3:27b,data_pmus_yaounde,q1_1,Agent_183,UN QUARTIER DE LA VILLE DE YAOUNDE
4,4,3,4,4,gemma3:27b,data_pmus_yaounde,q1_1_a,Agent_183,NKOA MBANG
4,4,3,4,3,gemma3:27b,data_pmus_yaounde,q1_1_b,Agent_183,VIE CONTINU
4,4,2,4,3,gemma3:27b,data_pmus_yaounde,q1_1_c,Agent_183,NKOA MBANG
5,4,4,4,4,gemma3:27b,data_pmus_yaounde,q1_2,Agent_183,UN QUARTIER DE LA VILLE DE YAOUNDE
4,4,4,4,4,gemma3:27b,data_pmus_yaounde,q1_2_a,Agent_183,MBALLA 2
4,4,3,4,3,gemma3:27b,data_pmus_yaounde,q1_2_b,Agent_183,10 IEME ARRET
4,4,2,4,3,gemma3:27b,data_pmus_yaounde,q1_3_c,Agent_183,AFANOYA
4,3,4,4,3,gemma3:27b,data_pmus_yaounde,q2_1,Agent_183,PAR BUS STACY
4,4,2,4,3,gemma3:27b,data_pmus_yaounde,q2_2_1,Agent_183,2 CHEVEAU
4,4,2,4,3,gemma3:27b,data_pmus_yaounde,q2_2_2,Agent_183,VIE CONTINU
4,4,2,4,3,gemma3:27b,data_pmus_yaounde,q2_3_1,Agent_183,NKOA MBANG
4,4,2,4,3,gemma3:27b,data_pmus_yaounde,q2_3_2,Agent_183,GARAGE
5,4,4,4,4,gemma3:27b,data_pmus_yaounde,q2_3,Agent_183,NON
4,4,2,4,3,gemma3:27b,data_pmus_yaounde,q2_4,Agent_183,PAR BUS STACY
4,4,2,4,3,gemma3:27b,data_pmus_yaounde,q2_5_1,Agent_183,A B0NAS
4,4,2,4,3,gemma3:27b,data_pmus_yaounde,q2_5_2,Agent_183,0MPHINE
4,4,2,4,3,gemma3:27b,data_pmus_yaounde,q2_6_1,Agent_183,ABATTOIR
4,4,2,4,3,gemma3:27b,data_pmus_yaounde,q2_6_2,Agent_183,STATION
4,4,3,4,4,gemma3:27b,data_pmus_yaounde,q3_1,Agent_183,NON
4,3,4,4,3,gemma3:27b,data_pmus_yaounde,q3_2,Agent_183,PAR BUS STACY
4,4,3,4,3,gemma3:27b,data_pmus_yaounde,q3_3_1,Agent_183,ACACIA
4,4,2,4,3,gemma3:27b,data_pmus_yaounde,q3_3_2,Agent_183,GARRAGE CAMION
5,4,2,5,2,gemma3:27b,data_pmus_yaounde,q4_1_a,Agent_183,Veuillez indiquer depuis combien de temps vous attendez.
4,3,3,4,4,gemma3:27b,data_pmus_yaounde,q4_1_b,Agent_183,MOINS DE 5 MIN
5,4,2,5,2,gemma3:27b,data_pmus_yaounde,q4_2_a,Agent_183,Veuillez indiquer depuis combien de temps vous attendez.
4,3,3,4,4,gemma3:27b,data_pmus_yaounde,q4_2_b,Agent_183,30 60 MIN
4,4,4,4,4,gemma3:27b,data_pmus_yaounde,q4_3,Agent_183,350
4,3,4,4,4,gemma3:27b,data_pmus_yaounde,q4_4,Agent_183,D MARCHES ADMINISTRATIVES ET OU SANT
3,3,3,4,3,gemma3:27b,data_pmus_yaounde,q4_4_autres,Agent_183,ACHAT
5,3,4,4,4,gemma3:27b,data_pmus_yaounde,q5_1,Agent_183,ENTRE 18 ET 25 ANS
5,3,4,4,4,gemma3:27b,data_pmus_yaounde,q5_2,Agent_183,ENTRE 30 001 ET 100 000
4,4,4,4,4,gemma3:27b,data_pmus_yaounde,q5_3,Agent_183,FEMME
4,4,2,4,3,gemma3:27b,data_pmus_yaounde,centre ville,Agent_184,YAOUNDE
5,4,4,4,4,gemma3:27b,data_pmus_yaounde,q1_1,Agent_184,UN QUARTIER DE LA VILLE DE YAOUNDE
4,4,3,4,4,gemma3:27b,data_pmus_yaounde,q1_1_a,Agent_184,TKC
4,4,3,4,3,gemma3:27b,data_pmus_yaounde,q1_1_b,Agent_184,ARRET BUT LEBOUTI
4,4,2,4,3,gemma3:27b,data_pmus_yaounde,q1_1_c,Agent_184,AFANOYA
5,4,4,4,4,gemma3:27b,data_pmus_yaounde,q1_2,Agent_184,UN QUARTIER DE LA VILLE DE YAOUNDE
4,4,4,4,4,gemma3:27b,data_pmus_yaounde,q1_2_a,Agent_184,ACACIA
4,4,3,4,3,gemma3:27b,data_pmus_yaounde,q1_2_b,Agent_184,CARREFOUR
4,4,2,4,3,gemma3:27b,data_pmus_yaounde,q1_3_c,Agent_184,AFANOYA
4,3,4,4,3,gemma3:27b,data_pmus_yaounde,q2_1,Agent_184,PAR BUS STACY
4,4,2,4,3,gemma3:27b,data_pmus_yaounde,q2_2_1,Agent_184,CENTRE VILLE
4,4,2,4,3,gemma3:27b,data_pmus_yaounde,q2_2_2,Agent_184,10 E ARRET
4,4,2,4,3,gemma3:27b,data_pmus_yaounde,q2_3_1,Agent_184,ACACIA
4,4,2,4,3,gemma3:27b,data_pmus_yaounde,q2_3_2,Agent_184,CAREGOUR
5,4,4,4,4,gemma3:27b,data_pmus_yaounde,q2_3,Agent_184,NON
4,4,2,4,3,gemma3:27b,data_pmus_yaounde,q2_4,Agent_184,PAR BUS STACY
4,4,2,4,3,gemma3:27b,data_pmus_yaounde,q2_5_1,Agent_184,ACACIA
4,4,2,4,3,gemma3:27b,data_pmus_yaounde,q2_5_2,Agent_184,CARREFOUR
4,4,2,4,3,gemma3:27b,data_pmus_yaounde,q2_6_1,Agent_184,ACACIA
4,4,2,4,3,gemma3:27b,data_pmus_yaounde,q2_6_2,Agent_184,CARREFOUR
4,4,3,4,4,gemma3:27b,data_pmus_yaounde,q3_1,Agent_184,NON
4,3,4,4,3,gemma3:27b,data_pmus_yaounde,q3_2,Agent_184,PAR BUS STACY
4,4,3,4,3,gemma3:27b,data_pmus_yaounde,q3_3_1,Agent_184,ACACIA
4,4,2,4,3,gemma3:27b,data_pmus_yaounde,q3_3_2,Agent_184,ACACIA
5,4,2,5,2,gemma3:27b,data_pmus_yaounde,q4_1_a,Agent_184,Veuillez indiquer depuis combien de temps vous attendez.
4,3,3,4,4,gemma3:27b,data_pmus_yaounde,q4_1_b,Agent_184,MOINS DE 5 MIN
5,4,2,5,2,gemma3:27b,data_pmus_yaounde,q4_2_a,Agent_184,Veuillez indiquer depuis combien de temps vous attendez.
4,3,3,4,4,gemma3:27b,data_pmus_yaounde,q4_2_b,Agent_184,30 60 MIN
4,4,4,4,4,gemma3:27b,data_pmus_yaounde,q4_3,Agent_184,800
4,3,4,4,4,gemma3:27b,data_pmus_yaounde,q4_4,Agent_184,COURSES
3,3,3,4,3,gemma3:27b,data_pmus_yaounde,q4_4_autres,Agent_184,FAIRE DU MARCHE
5,3,4,4,4,gemma3:27b,data_pmus_yaounde,q5_1,Agent_184,ENTRE 36 ET 45 ANS
5,3,4,4,4,gemma3:27b,data_pmus_yaounde,q5_2,Agent_184,MOINS DE 30 000
4,4,4,4,4,gemma3:27b,data_pmus_yaounde,q5_3,Agent_184,HOMME
4,4,2,4,3,gemma3:27b,data_pmus_yaounde,centre ville,Agent_185,YAOUNDE
5,4,4,4,4,gemma3:27b,data_pmus_yaounde,q1_1,Agent_185,UN QUARTIER DE LA VILLE DE YAOUNDE
4,4,3,4,4,gemma3:27b,data_pmus_yaounde,q1_1_a,Agent_185,ABIT
4,4,3,4,3,gemma3:27b,data_pmus_yaounde,q1_1_b,Agent_185,10EME ARRET
4,4,2,4,3,gemma3:27b,data_pmus_yaounde,q1_1_c,Agent_185,AFANOYA
5,4,4,4,4,gemma3:27b,data_pmus_yaounde,q1_2,Agent_185,UN QUARTIER DE LA VILLE DE YAOUNDE
4,4,4,4,4,gemma3:27b,data_pmus_yaounde,q1_2_a,Agent_185,SANTA BARBARA
4,4,3,4,3,gemma3:27b,data_pmus_yaounde,q1_2_b,Agent_185,ENTRE TCHOUGUI
4,4,2,4,3,gemma3:27b,data_pmus_yaounde,q1_3_c,Agent_185,AFANOYA
4,3,4,4,3,gemma3:27b,data_pmus_yaounde,q2_1,Agent_185,PAR BUS AGENCE INTERURBAIN
4,4,2,4,3,gemma3:27b,data_pmus_yaounde,q2_2_1,Agent_185,2 CHEVEAU
4,4,2,4,3,gemma3:27b,data_pmus_yaounde,q2_2_2,Agent_185,10 E ARRET
4,4,2,4,3,gemma3:27b,data_pmus_yaounde,q2_3_1,Agent_185,0LESOA
4,4,2,4,3,gemma3:27b,data_pmus_yaounde,q2_3_2,Agent_185,0NANA
5,4,4,4,4,gemma3:27b,data_pmus_yaounde,q2_3,Agent_185,NON
4,4,2,4,3,gemma3:27b,data_pmus_yaounde,q2_4,Agent_185,PAR BUS STACY
4,4,2,4,3,gemma3:27b,data_pmus_yaounde,q2_5_1,Agent_185,A B0NAS
4,4,2,4,3,gemma3:27b,data_pmus_yaounde,q2_5_2,Agent_185,ENTREE ESSO
4,4,2,4,3,gemma3:27b,data_pmus_yaounde,q2_6_1,Agent_185,ABATTOIR
4,4,2,4,3,gemma3:27b,data_pmus_yaounde,q2_6_2,Agent_185,11EME ARRET
4,4,3,4,4,gemma3:27b,data_pmus_yaounde,q3_1,Agent_185,NON
4,3,4,4,3,gemma3:27b,data_pmus_yaounde,q3_2,Agent_185,PAR BUS STACY
4,4,3,4,3,gemma3:27b,data_pmus_yaounde,q3_3_1,Agent_185,SANTA BARBARA
4,4,2,4,3,gemma3:27b,data_pmus_yaounde,q3_3_2,Agent_185,10 IEME ARRET
5,4,2,5,2,gemma3:27b,data_pmus_yaounde,q4_1_a,Agent_185,Veuillez indiquer depuis combien de temps vous attendez.
4,3,3,4,4,gemma3:27b,data_pmus_yaounde,q4_1_b,Agent_185,MOINS DE 5 MIN
5,4,2,5,2,gemma3:27b,data_pmus_yaounde,q4_2_a,Agent_185,Veuillez indiquer depuis combien de temps vous attendez.
4,3,3,4,4,gemma3:27b,data_pmus_yaounde,q4_2_b,Agent_185,30 60 MIN
4,4,4,4,4,gemma3:27b,data_pmus_yaounde,q4_3,Agent_185,550
4,3,4,4,4,gemma3:27b,data_pmus_yaounde,q4_4,Agent_185,VISITE FAMILLE
3,3,3,4,3,gemma3:27b,data_pmus_yaounde,q4_4_autres,Agent_185,ACHAT
5,3,4,4,4,gemma3:27b,data_pmus_yaounde,q5_1,Agent_185,MOINS DE 18 ANS
5,3,4,4,4,gemma3:27b,data_pmus_yaounde,q5_2,Agent_185,MOINS DE 30 000
4,4,4,4,4,gemma3:27b,data_pmus_yaounde,q5_3,Agent_185,HOMME
4,4,2,4,3,gemma3:27b,data_pmus_yaounde,centre ville,Agent_186,YAOUNDE
5,4,4,4,4,gemma3:27b,data_pmus_yaounde,q1_1,Agent_186,UN QUARTIER DE LA VILLE DE YAOUNDE
4,4,3,4,4,gemma3:27b,data_pmus_yaounde,q1_1_a,Agent_186,ESSOMBA
4,4,3,4,3,gemma3:27b,data_pmus_yaounde,q1_1_b,Agent_186,10EME ARRET
4,4,2,4,3,gemma3:27b,data_pmus_yaounde,q1_1_c,Agent_186,AFANOYA
5,4,4,4,4,gemma3:27b,data_pmus_yaounde,q1_2,Agent_186,UN QUARTIER DE LA VILLE DE YAOUNDE
4,4,4,4,4,gemma3:27b,data_pmus_yaounde,q1_2_a,Agent_186,ABOM
4,4,3,4,3,gemma3:27b,data_pmus_yaounde,q1_2_b,Agent_186,10 IEME ARRET
4,4,2,4,3,gemma3:27b,data_pmus_yaounde,q1_3_c,Agent_186,NKOL FOULOU
4,3,4,4,3,gemma3:27b,data_pmus_yaounde,q2_1,Agent_186,PAR BUS AGENCE INTERURBAIN
4,4,2,4,3,gemma3:27b,data_pmus_yaounde,q2_2_1,Agent_186,2 CHEVEAU
4,4,2,4,3,gemma3:27b,data_pmus_yaounde,q2_2_2,Agent_186,GARAGE CHEVEAU
4,4,2,4,3,gemma3:27b,data_pmus_yaounde,q2_3_1,Agent_186,NKOL FOULOU
4,4,2,4,3,gemma3:27b,data_pmus_yaounde,q2_3_2,Agent_186,0NANA
5,4,4,4,4,gemma3:27b,data_pmus_yaounde,q2_3,Agent_186,NON
4,4,2,4,3,gemma3:27b,data_pmus_yaounde,q2_4,Agent_186,PAR BUS AGENCE INTERURBAIN
4,4,2,4,3,gemma3:27b,data_pmus_yaounde,q2_5_1,Agent_186,ESSOMBA
4,4,2,4,3,gemma3:27b,data_pmus_yaounde,q2_5_2,Agent_186,0MPHINE
4,4,2,4,3,gemma3:27b,data_pmus_yaounde,q2_6_1,Agent_186,ABATTOIR
4,4,2,4,3,gemma3:27b,data_pmus_yaounde,q2_6_2,Agent_186,11EME ARRET
4,4,3,4,4,gemma3:27b,data_pmus_yaounde,q3_1,Agent_186,NON
4,3,4,4,3,gemma3:27b,data_pmus_yaounde,q3_2,Agent_186,PAR BUS AGENCE INTERURBAIN
4,4,3,4,3,gemma3:27b,data_pmus_yaounde,q3_3_1,Agent_186,ESSOMBA
4,4,2,4,3,gemma3:27b,data_pmus_yaounde,q3_3_2,Agent_186,MARCHE NFOUNDI
5,4,2,5,2,gemma3:27b,data_pmus_yaounde,q4_1_a,Agent_186,Veuillez indiquer depuis combien de temps vous attendez.
4,3,3,4,4,gemma3:27b,data_pmus_yaounde,q4_1_b,Agent_186,MOINS DE 5 MIN
5,4,2,5,2,gemma3:27b,data_pmus_yaounde,q4_2_a,Agent_186,Veuillez indiquer depuis combien de temps vous attendez.
4,3,3,4,4,gemma3:27b,data_pmus_yaounde,q4_2_b,Agent_186,30 60 MIN
4,4,4,4,4,gemma3:27b,data_pmus_yaounde,q4_3,Agent_186,2750
4,3,4,4,4,gemma3:27b,data_pmus_yaounde,q4_4,Agent_186,TRAVAIL
3,3,3,4,3,gemma3:27b,data_pmus_yaounde,q4_4_autres,Agent_186,ACHAT
5,3,4,4,4,gemma3:27b,data_pmus_yaounde,q5_1,Agent_186,ENTRE 36 ET 45 ANS
5,3,4,4,4,gemma3:27b,data_pmus_yaounde,q5_2,Agent_186,ENTRE 30 001 ET 100 000
4,4,4,4,4,gemma3:27b,data_pmus_yaounde,q5_3,Agent_186,FEMME
4,4,2,4,3,gemma3:27b,data_pmus_yaounde,centre ville,Agent_187,YAOUNDE
5,4,4,4,4,gemma3:27b,data_pmus_yaounde,q1_1,Agent_187,UN QUARTIER DE LA VILLE DE YAOUNDE
4,4,3,4,4,gemma3:27b,data_pmus_yaounde,q1_1_a,Agent_187,AKOKNDUE
4,4,3,4,3,gemma3:27b,data_pmus_yaounde,q1_1_b,Agent_187,10EME ARRET
4,4,2,4,3,gemma3:27b,data_pmus_yaounde,q1_1_c,Agent_187,NKOA MBANG
5,4,4,4,4,gemma3:27b,data_pmus_yaounde,q1_2,Agent_187,UN QUARTIER DE LA VILLE DE YAOUNDE
4,4,4,4,4,gemma3:27b,data_pmus_yaounde,q1_2_a,Agent_187,NKOA MBANG
4,4,3,4,3,gemma3:27b,data_pmus_yaounde,q1_2_b,Agent_187,NKOA MBANG
4,4,2,4,3,gemma3:27b,data_pmus_yaounde,q1_3_c,Agent_187,NKOA MBANG
4,3,4,4,3,gemma3:27b,data_pmus_yaounde,q2_1,Agent_187,PAR BUS STACY
4,4,2,4,3,gemma3:27b,data_pmus_yaounde,q2_2_1,Agent_187,FON A YONG
4,4,2,4,3,gemma3:27b,data_pmus_yaounde,q2_2_2,Agent_187,NKOA MBANG
4,4,2,4,3,gemma3:27b,data_pmus_yaounde,q2_3_1,Agent_187,NKOA MBANG
4,4,2,4,3,gemma3:27b,data_pmus_yaounde,q2_3_2,Agent_187,CARREFOUR
5,4,4,4,4,gemma3:27b,data_pmus_yaounde,q2_3,Agent_187,NON
4,4,2,4,3,gemma3:27b,data_pmus_yaounde,q2_4,Agent_187,PAR BUS AGENCE INTERURBAIN
4,4,2,4,3,gemma3:27b,data_pmus_yaounde,q2_5_1,Agent_187,TERMINUS
4,4,2,4,3,gemma3:27b,data_pmus_yaounde,q2_5_2,Agent_187,STATION
4,4,2,4,3,gemma3:27b,data_pmus_yaounde,q2_6_1,Agent_187,NKOA MBANG
4,4,2,4,3,gemma3:27b,data_pmus_yaounde,q2_6_2,Agent_187,11EME ARRET
4,4,3,4,4,gemma3:27b,data_pmus_yaounde,q3_1,Agent_187,NON
4,3,4,4,3,gemma3:27b,data_pmus_yaounde,q3_2,Agent_187,PAR BUS AGENCE INTERURBAIN
4,4,3,4,3,gemma3:27b,data_pmus_yaounde,q3_3_1,Agent_187,POST CENTRALE
4,4,2,4,3,gemma3:27b,data_pmus_yaounde,q3_3_2,Agent_187,10 IEME ARRET
5,4,2,5,2,gemma3:27b,data_pmus_yaounde,q4_1_a,Agent_187,Veuillez indiquer depuis combien de temps vous attendez.
4,3,3,4,4,gemma3:27b,data_pmus_yaounde,q4_1_b,Agent_187,10 20 MINUTES
5,4,2,5,2,gemma3:27b,data_pmus_yaounde,q4_2_a,Agent_187,Veuillez indiquer depuis combien de temps vous attendez.
4,3,3,4,4,gemma3:27b,data_pmus_yaounde,q4_2_b,Agent_187,30 60 MIN
4,4,4,4,4,gemma3:27b,data_pmus_yaounde,q4_3,Agent_187,800
4,3,4,4,4,gemma3:27b,data_pmus_yaounde,q4_4,Agent_187,COURSES
3,3,3,4,3,gemma3:27b,data_pmus_yaounde,q4_4_autres,Agent_187,FAIRE DU MARCHE
5,3,4,4,4,gemma3:27b,data_pmus_yaounde,q5_1,Agent_187,ENTRE 36 ET 45 ANS
5,3,4,4,4,gemma3:27b,data_pmus_yaounde,q5_2,Agent_187,ENTRE 30 001 ET 100 000
4,4,4,4,4,gemma3:27b,data_pmus_yaounde,q5_3,Agent_187,FEMME
4,4,2,4,3,gemma3:27b,data_pmus_yaounde,centre ville,Agent_188,YAOUNDE
5,4,4,4,4,gemma3:27b,data_pmus_yaounde,q1_1,Agent_188,HORS DE LA VILLE DE YAOUNDE
4,4,3,4,4,gemma3:27b,data_pmus_yaounde,q1_1_a,Agent_188,MESSA
4,4,3,4,3,gemma3:27b,data_pmus_yaounde,q1_1_b,Agent_188,10EME ARRET
4,4,3,4,3,gemma3:27b,data_pmus_yaounde,q1_1_c,Agent_188,AFANOYA
5,5,4,4,4,gemma3:27b,data_pmus_yaounde,q1_2,Agent_188,UN QUARTIER DE LA VILLE DE YAOUNDE
4,4,4,4,4,gemma3:27b,data_pmus_yaounde,q1_2_a,Agent_188,MESSA
4,4,3,4,3,gemma3:27b,data_pmus_yaounde,q1_2_b,Agent_188,10 IEME ARRET
4,4,3,4,3,gemma3:27b,data_pmus_yaounde,q1_3_c,Agent_188,AFANOYA
4,4,4,4,3,gemma3:27b,data_pmus_yaounde,q2_1,Agent_188,PAR BUS STACY
4,4,3,4,3,gemma3:27b,data_pmus_yaounde,q2_2_1,Agent_188,TERMINUS
4,4,3,4,3,gemma3:27b,data_pmus_yaounde,q2_2_2,Agent_188,ENTREE KAMENI
4,4,3,4,3,gemma3:27b,data_pmus_yaounde,q2_3_1,Agent_188,MESSA
4,4,3,4,3,gemma3:27b,data_pmus_yaounde,q2_3_2,Agent_188,0NANA
5,4,4,4,4,gemma3:27b,data_pmus_yaounde,q2_3,Agent_188,NON
4,4,3,4,3,gemma3:27b,data_pmus_yaounde,q2_4,Agent_188,A PIED
4,4,3,4,3,gemma3:27b,data_pmus_yaounde,q2_5_1,Agent_188,ENTREE
4,4,3,4,3,gemma3:27b,data_pmus_yaounde,q2_5_2,Agent_188,MESSA
4,4,3,4,3,gemma3:27b,data_pmus_yaounde,q2_6_1,Agent_188,ABATTOIR
4,4,3,4,3,gemma3:27b,data_pmus_yaounde,q2_6_2,Agent_188,CAMP SIC BIYEM ASSI
4,4,3,4,4,gemma3:27b,data_pmus_yaounde,q3_1,Agent_188,NON
4,4,4,4,3,gemma3:27b,data_pmus_yaounde,q3_2,Agent_188,PAR BUS STACY
4,4,3,4,3,gemma3:27b,data_pmus_yaounde,q3_3_1,Agent_188,MESSA
4,4,3,4,3,gemma3:27b,data_pmus_yaounde,q3_3_2,Agent_188,RUE DAMASE
5,4,2,5,2,gemma3:27b,data_pmus_yaounde,q4_1_a,Agent_188,Veuillez indiquer depuis combien de temps vous attendez.
4,4,3,4,4,gemma3:27b,data_pmus_yaounde,q4_1_b,Agent_188,MOINS DE 5 MIN
5,4,2,5,2,gemma3:27b,data_pmus_yaounde,q4_2_a,Agent_188,Veuillez indiquer depuis combien de temps vous attendez.
4,4,3,4,4,gemma3:27b,data_pmus_yaounde,q4_2_b,Agent_188,30 60 MIN
4,4,4,4,4,gemma3:27b,data_pmus_yaounde,q4_3,Agent_188,700
4,4,4,4,4,gemma3:27b,data_pmus_yaounde,q4_4,Agent_188,TRAVAIL
3,4,4,4,3,gemma3:27b,data_pmus_yaounde,q4_4_autres,Agent_188,ACHAT
5,4,4,4,4,gemma3:27b,data_pmus_yaounde,q5_1,Agent_188,ENTRE 26 ET 35 ANS
5,4,4,4,4,gemma3:27b,data_pmus_yaounde,q5_2,Agent_188,ENTRE 30 001 ET 100 000
4,4,4,4,4,gemma3:27b,data_pmus_yaounde,q5_3,Agent_188,FEMME
4,4,3,4,3,gemma3:27b,data_pmus_yaounde,centre ville,Agent_189,YAOUNDE
5,5,4,4,4,gemma3:27b,data_pmus_yaounde,q1_1,Agent_189,HORS DE LA VILLE DE YAOUNDE
4,4,4,4,4,gemma3:27b,data_pmus_yaounde,q1_1_a,Agent_189,NKOLODOM
4,4,3,4,3,gemma3:27b,data_pmus_yaounde,q1_1_b,Agent_189,ENTREE METURE
4,4,3,4,3,gemma3:27b,data_pmus_yaounde,q1_1_c,Agent_189,AFANOYA
5,5,4,4,4,gemma3:27b,data_pmus_yaounde,q1_2,Agent_189,UN QUARTIER DE LA VILLE DE YAOUNDE
4,4,4,4,4,gemma3:27b,data_pmus_yaounde,q1_2_a,Agent_189,NKOLODOM
4,4,3,4,3,gemma3:27b,data_pmus_yaounde,q1_2_b,Agent_189,MFOUNDI MARCHE
4,4,3,4,3,gemma3:27b,data_pmus_yaounde,q1_3_c,Agent_189,AFANOYA
4,4,4,4,3,gemma3:27b,data_pmus_yaounde,q2_1,Agent_189,PAR BUS STACY
4,4,3,4,3,gemma3:27b,data_pmus_yaounde,q2_2_1,Agent_189,NKOLODOM
4,4,3,4,3,gemma3:27b,data_pmus_yaounde,q2_2_2,Agent_189,10 E ARRET
4,4,3,4,3,gemma3:27b,data_pmus_yaounde,q2_3_1,Agent_189,0LESOA
4,4,3,4,3,gemma3:27b,data_pmus_yaounde,q2_3_2,Agent_189,0NANA
5,4,4,4,4,gemma3:27b,data_pmus_yaounde,q2_3,Agent_189,NON
4,4,3,4,3,gemma3:27b,data_pmus_yaounde,q2_4,Agent_189,PAR BUS STACY
4,4,3,4,3,gemma3:27b,data_pmus_yaounde,q2_5_1,Agent_189,NKOLODOM
4,4,3,4,3,gemma3:27b,data_pmus_yaounde,q2_5_2,Agent_189,0MPHINE
4,4,3,4,3,gemma3:27b,data_pmus_yaounde,q2_6_1,Agent_189,MARCHE MFOUNDI
4,4,3,4,3,gemma3:27b,data_pmus_yaounde,q2_6_2,Agent_189,11EME ARRET
4,4,3,4,4,gemma3:27b,data_pmus_yaounde,q3_1,Agent_189,NON
4,4,4,4,3,gemma3:27b,data_pmus_yaounde,q3_2,Agent_189,A PIED
4,4,3,4,3,gemma3:27b,data_pmus_yaounde,q3_3_1,Agent_189,ACACIA
4,4,3,4,3,gemma3:27b,data_pmus_yaounde,q3_3_2,Agent_189,ENTREE HISACAM
5,4,2,5,2,gemma3:27b,data_pmus_yaounde,q4_1_a,Agent_189,Veuillez indiquer depuis combien de temps vous attendez.
4,4,3,4,4,gemma3:27b,data_pmus_yaounde,q4_1_b,Agent_189,10 20 MINUTES
5,4,2,5,2,gemma3:27b,data_pmus_yaounde,q4_2_a,Agent_189,Veuillez indiquer depuis combien de temps vous attendez.
4,4,3,4,4,gemma3:27b,data_pmus_yaounde,q4_2_b,Agent_189,15 30 MIN
4,4,4,4,4,gemma3:27b,data_pmus_yaounde,q4_3,Agent_189,700
4,4,4,4,4,gemma3:27b,data_pmus_yaounde,q4_4,Agent_189,TRAVAIL
3,4,4,4,3,gemma3:27b,data_pmus_yaounde,q4_4_autres,Agent_189,COMMERCE
5,4,4,4,4,gemma3:27b,data_pmus_yaounde,q5_1,Agent_189,ENTRE 18 ET 25 ANS
5,4,4,4,4,gemma3:27b,data_pmus_yaounde,q5_2,Agent_189,ENTRE 30 001 ET 100 000
4,4,4,4,4,gemma3:27b,data_pmus_yaounde,q5_3,Agent_189,HOMME
4,4,3,4,3,gemma3:27b,data_pmus_yaounde,centre ville,Agent_190,YAOUNDE
5,5,4,4,4,gemma3:27b,data_pmus_yaounde,q1_1,Agent_190,HORS DE LA VILLE DE YAOUNDE
4,4,4,4,4,gemma3:27b,data_pmus_yaounde,q1_1_a,Agent_190,ABIT
4,4,3,4,3,gemma3:27b,data_pmus_yaounde,q1_1_b,Agent_190,10EME ARRET
4,4,3,4,3,gemma3:27b,data_pmus_yaounde,q1_1_c,Agent_190,NBANKOMO
5,5,4,4,4,gemma3:27b,data_pmus_yaounde,q1_2,Agent_190,HORS DE LA VILLE DE YAOUNDE
4,4,4,4,4,gemma3:27b,data_pmus_yaounde,q1_2_a,Agent_190,NKOMO
4,4,3,4,3,gemma3:27b,data_pmus_yaounde,q1_2_b,Agent_190,NKOMO
4,4,3,4,3,gemma3:27b,data_pmus_yaounde,q1_3_c,Agent_190,NKOMO
4,4,4,4,3,gemma3:27b,data_pmus_yaounde,q2_1,Agent_190,PAR BUS STACY
4,4,3,4,3,gemma3:27b,data_pmus_yaounde,q2_2_1,Agent_190,GARE DE OBALLA
4,4,3,4,3,gemma3:27b,data_pmus_yaounde,q2_2_2,Agent_190,TERRE ROUGE
4,4,3,4,3,gemma3:27b,data_pmus_yaounde,q2_3_1,Agent_190,DISPENSAIRE
4,4,3,4,3,gemma3:27b,data_pmus_yaounde,q2_3_2,Agent_190,DISPENS A IRE
5,4,4,4,4,gemma3:27b,data_pmus_yaounde,q2_3,Agent_190,NON
4,4,3,4,3,gemma3:27b,data_pmus_yaounde,q2_4,Agent_190,A PIED
4,4,3,4,3,gemma3:27b,data_pmus_yaounde,q2_5_1,Agent_190,NKOMO
4,4,3,4,3,gemma3:27b,data_pmus_yaounde,q2_5_2,Agent_190,MBABKOMO
4,4,3,4,3,gemma3:27b,data_pmus_yaounde,q2_6_1,Agent_190,NKOMO
4,4,3,4,3,gemma3:27b,data_pmus_yaounde,q2_6_2,Agent_190,ARRET BUS
4,4,3,4,4,gemma3:27b,data_pmus_yaounde,q3_1,Agent_190,NON
4,4,4,4,3,gemma3:27b,data_pmus_yaounde,q3_2,Agent_190,PAR BUS STACY
4,4,3,4,3,gemma3:27b,data_pmus_yaounde,q3_3_1,Agent_190,MBANKOMO
4,4,3,4,3,gemma3:27b,data_pmus_yaounde,q3_3_2,Agent_190,MIMBOMAN ECOLE
5,4,2,5,2,gemma3:27b,data_pmus_yaounde,q4_1_a,Agent_190,Veuillez indiquer depuis combien de temps vous attendez.
4,4,3,4,4,gemma3:27b,data_pmus_yaounde,q4_1_b,Agent_190,MOINS DE 5 MIN
5,4,2,5,2,gemma3:27b,data_pmus_yaounde,q4_2_a,Agent_190,Veuillez indiquer depuis combien de temps vous attendez.
4,4,3,4,4,gemma3:27b,data_pmus_yaounde,q4_2_b,Agent_190,30 60 MIN
4,4,4,4,4,gemma3:27b,data_pmus_yaounde,q4_3,Agent_190,650
4,4,4,4,4,gemma3:27b,data_pmus_yaounde,q4_4,Agent_190,TRAVAIL
3,4,4,4,3,gemma3:27b,data_pmus_yaounde,q4_4_autres,Agent_190,DES SOINS
5,4,4,4,4,gemma3:27b,data_pmus_yaounde,q5_1,Agent_190,ENTRE 36 ET 45 ANS
5,4,4,4,4,gemma3:27b,data_pmus_yaounde,q5_2,Agent_190,ENTRE 30 001 ET 100 000
4,4,4,4,4,gemma3:27b,data_pmus_yaounde,q5_3,Agent_190,FEMME
4,4,3,4,3,gemma3:27b,data_pmus_yaounde,centre ville,Agent_191,YAOUNDE
5,5,4,4,4,gemma3:27b,data_pmus_yaounde,q1_1,Agent_191,HORS DE LA VILLE DE YAOUNDE
4,4,4,4,4,gemma3:27b,data_pmus_yaounde,q1_1_a,Agent_191,ABIT
4,4,3,4,3,gemma3:27b,data_pmus_yaounde,q1_1_b,Agent_191,10EME ARRET
4,4,3,4,3,gemma3:27b,data_pmus_yaounde,q1_1_c,Agent_191,NKOLBIKOGO
5,5,4,4,4,gemma3:27b,data_pmus_yaounde,q1_2,Agent_191,UN QUARTIER DE LA VILLE DE YAOUNDE
4,4,4,4,4,gemma3:27b,data_pmus_yaounde,q1_2_a,Agent_191,ABOM
4,4,3,4,3,gemma3:27b,data_pmus_yaounde,q1_2_b,Agent_191,10 IEME ARRET
4,4,3,4,3,gemma3:27b,data_pmus_yaounde,q1_3_c,Agent_191,AFANOYA
4,4,4,4,3,gemma3:27b,data_pmus_yaounde,q2_1,Agent_191,A PIED
4,4,3,4,3,gemma3:27b,data_pmus_yaounde,q2_2_1,Agent_191,2 CHEVEAU
4,4,3,4,3,gemma3:27b,data_pmus_yaounde,q2_2_2,Agent_191,A PIED
4,4,3,4,3,gemma3:27b,data_pmus_yaounde,q2_3_1,Agent_191,0LESOA
4,4,3,4,3,gemma3:27b,data_pmus_yaounde,q2_3_2,Agent_191,MONTEEJOUVENCE
5,4,4,4,4,gemma3:27b,data_pmus_yaounde,q2_3,Agent_191,NON
4,4,3,4,3,gemma3:27b,data_pmus_yaounde,q2_4,Agent_191,A PIED
4,4,3,4,3,gemma3:27b,data_pmus_yaounde,q2_5_1,Agent_191,JOUVENCE
4,4,3,4,3,gemma3:27b,data_pmus_yaounde,q2_5_2,Agent_191,JOUVENCE
4,4,3,4,3,gemma3:27b,data_pmus_yaounde,q2_6_1,Agent_191,ABATTOIR
4,4,3,4,3,gemma3:27b,data_pmus_yaounde,q2_6_2,Agent_191,MIMBOMAN TERMINUS
4,4,3,4,4,gemma3:27b,data_pmus_yaounde,q3_1,Agent_191,NON
4,4,4,4,3,gemma3:27b,data_pmus_yaounde,q3_2,Agent_191,PAR BUS STACY
4,4,3,4,3,gemma3:27b,data_pmus_yaounde,q3_3_1,Agent_191,MBALLA 2
4,4,3,4,3,gemma3:27b,data_pmus_yaounde,q3_3_2,Agent_191,CAMSIC
5,4,2,5,2,gemma3:27b,data_pmus_yaounde,q4_1_a,Agent_191,Veuillez indiquer depuis combien de temps vous attendez.
4,4,3,4,4,gemma3:27b,data_pmus_yaounde,q4_1_b,Agent_191,MOINS DE 5 MIN
5,4,2,5,2,gemma3:27b,data_pmus_yaounde,q4_2_a,Agent_191,Veuillez indiquer depuis combien de temps vous attendez.
4,4,3,4,4,gemma3:27b,data_pmus_yaounde,q4_2_b,Agent_191,30 60 MIN
4,4,4,4,4,gemma3:27b,data_pmus_yaounde,q4_3,Agent_191,800
4,4,4,4,4,gemma3:27b,data_pmus_yaounde,q4_4,Agent_191,COURSES
3,4,4,4,3,gemma3:27b,data_pmus_yaounde,q4_4_autres,Agent_191,FAIRE DU MARCHE
5,4,4,4,4,gemma3:27b,data_pmus_yaounde,q5_1,Agent_191,ENTRE 18 ET 25 ANS
5,4,4,4,4,gemma3:27b,data_pmus_yaounde,q5_2,Agent_191,ENTRE 30 001 ET 100 000
4,4,4,4,4,gemma3:27b,data_pmus_yaounde,q5_3,Agent_191,FEMME
4,4,3,4,3,gemma3:27b,data_pmus_yaounde,centre ville,Agent_192,YAOUNDE
5,5,4,4,4,gemma3:27b,data_pmus_yaounde,q1_1,Agent_192,UN QUARTIER DE LA VILLE DE YAOUNDE
4,4,4,4,4,gemma3:27b,data_pmus_yaounde,q1_1_a,Agent_192,ABIT
4,4,3,4,3,gemma3:27b,data_pmus_yaounde,q1_1_b,Agent_192,MESSAME NDONGO
4,4,3,4,3,gemma3:27b,data_pmus_yaounde,q1_1_c,Agent_192,MBANKOMO
5,5,4,4,4,gemma3:27b,data_pmus_yaounde,q1_2,Agent_192,UN QUARTIER DE LA VILLE DE YAOUNDE
4,4,4,4,4,gemma3:27b,data_pmus_yaounde,q1_2_a,Agent_192,ABOM
4,4,3,4,3,gemma3:27b,data_pmus_yaounde,q1_2_b,Agent_192,ELOUMDEM
4,4,3,4,3,gemma3:27b,data_pmus_yaounde,q1_3_c,Agent_192,MBANKOMO
4,4,4,4,3,gemma3:27b,data_pmus_yaounde,q2_1,Agent_192,PAR BUS STACY
4,4,3,4,3,gemma3:27b,data_pmus_yaounde,q2_2_1,Agent_192,TERMINUS
4,4,3,4,3,gemma3:27b,data_pmus_yaounde,q2_2_2,Agent_192,MVOG MBI
4,4,3,4,3,gemma3:27b,data_pmus_yaounde,q2_3_1,Agent_192,MVOG MBI
4,4,3,4,3,gemma3:27b,data_pmus_yaounde,q2_3_2,Agent_192,MVOG MBI
5,4,4,4,4,gemma3:27b,data_pmus_yaounde,q2_3,Agent_192,NON
4,4,3,4,3,gemma3:27b,data_pmus_yaounde,q2_4,Agent_192,PAR BUS STACY
4,4,3,4,3,gemma3:27b,data_pmus_yaounde,q2_5_1,Agent_192,MVOG MBI
4,4,3,4,3,gemma3:27b,data_pmus_yaounde,q2_5_2,Agent_192,KOUMASSI
4,4,3,4,3,gemma3:27b,data_pmus_yaounde,q2_6_1,Agent_192,MARCHE MFOUNDI
4,4,3,4,3,gemma3:27b,data_pmus_yaounde,q2_6_2,Agent_192,11EME ARRET
4,4,3,4,4,gemma3:27b,data_pmus_yaounde,q3_1,Agent_192,NON
4,4,4,4,3,gemma3:27b,data_pmus_yaounde,q3_2,Agent_192,PAR BUS STACY
4,4,3,4,3,gemma3:27b,data_pmus_yaounde,q3_3_1,Agent_192,MVOG MBI
4,4,3,4,3,gemma3:27b,data_pmus_yaounde,q3_3_2,Agent_192,10 IEME ARRET
5,4,2,5,2,gemma3:27b,data_pmus_yaounde,q4_1_a,Agent_192,Veuillez indiquer depuis combien de temps vous attendez.
4,4,3,4,4,gemma3:27b,data_pmus_yaounde,q4_1_b,Agent_192,MOINS DE 5 MIN
5,4,2,5,2,gemma3:27b,data_pmus_yaounde,q4_2_a,Agent_192,Veuillez indiquer depuis combien de temps vous attendez.
4,4,3,4,4,gemma3:27b,data_pmus_yaounde,q4_2_b,Agent_192,30 60 MIN
4,4,4,4,4,gemma3:27b,data_pmus_yaounde,q4_3,Agent_192,1350
4,4,4,4,4,gemma3:27b,data_pmus_yaounde,q4_4,Agent_192,COURSES
3,4,4,4,3,gemma3:27b,data_pmus_yaounde,q4_4_autres,Agent_192,FAIRE DU MARCHE
5,4,4,4,4,gemma3:27b,data_pmus_yaounde,q5_1,Agent_192,ENTRE 36 ET 45 ANS
5,4,4,4,4,gemma3:27b,data_pmus_yaounde,q5_2,Agent_192,ENTRE 30 001 ET 100 000
4,4,4,4,4,gemma3:27b,data_pmus_yaounde,q5_3,Agent_192,FEMME
4,4,3,4,3,gemma3:27b,data_pmus_yaounde,centre ville,Agent_193,YAOUNDE
5,5,4,4,4,gemma3:27b,data_pmus_yaounde,q1_1,Agent_193,UN QUARTIER DE LA VILLE DE YAOUNDE
4,4,4,4,4,gemma3:27b,data_pmus_yaounde,q1_1_a,Agent_193,NKOLMESSENG
4,4,3,4,3,gemma3:27b,data_pmus_yaounde,q1_1_b,Agent_193,APRES LE CHEF
4,4,3,4,3,gemma3:27b,data_pmus_yaounde,q1_1_c,Agent_193,AFANOYA
5,5,4,4,4,gemma3:27b,data_pmus_yaounde,q1_2,Agent_193,UN QUARTIER DE LA VILLE DE YAOUNDE
4,4,4,4,4,gemma3:27b,data_pmus_yaounde,q1_2_a,Agent_193,MVOGT
4,4,3,4,3,gemma3:27b,data_pmus_yaounde,q1_2_b,Agent_193,10 IEME ARRET
4,4,3,4,3,gemma3:27b,data_pmus_yaounde,q1_3_c,Agent_193,AFANOYA
4,4,4,4,3,gemma3:27b,data_pmus_yaounde,q2_1,Agent_193,PAR BUS STACY
4,4,3,4,3,gemma3:27b,data_pmus_yaounde,q2_2_1,Agent_193,2 CHEVEAU
4,4,3,4,3,gemma3:27b,data_pmus_yaounde,q2_2_2,Agent_193,CARREFOUR
4,4,3,4,3,gemma3:27b,data_pmus_yaounde,q2_3_1,Agent_193,MVOG BETSI
4,4,3,4,3,gemma3:27b,data_pmus_yaounde,q2_3_2,Agent_193,0NANA
5,4,4,4,4,gemma3:27b,data_pmus_yaounde,q2_3,Agent_193,NON
4,4,3,4,3,gemma3:27b,data_pmus_yaounde,q2_4,Agent_193,PAR BUS STACY
4,4,3,4,3,gemma3:27b,data_pmus_yaounde,q2_5_1,Agent_193,MVOGT
4,4,3,4,3,gemma3:27b,data_pmus_yaounde,q2_5_2,Agent_193,CARROUF
4,4,3,4,3,gemma3:27b,data_pmus_yaounde,q2_6_1,Agent_193,ONANA
4,4,3,4,3,gemma3:27b,data_pmus_yaounde,q2_6_2,Agent_193,CAMPUS
4,4,3,4,4,gemma3:27b,data_pmus_yaounde,q3_1,Agent_193,NON
4,4,4,4,3,gemma3:27b,data_pmus_yaounde,q3_2,Agent_193,PAR BUS STACY
4,4,3,4,3,gemma3:27b,data_pmus_yaounde,q3_3_1,Agent_193,MVOGT
4,4,3,4,3,gemma3:27b,data_pmus_yaounde,q3_3_2,Agent_193,10 IEME ARRET
5,4,2,5,2,gemma3:27b,data_pmus_yaounde,q4_1_a,Agent_193,Veuillez indiquer depuis combien de temps vous attendez.
4,4,3,4,4,gemma3:27b,data_pmus_yaounde,q4_1_b,Agent_193,MOINS DE 5 MIN
5,4,2,5,2,gemma3:27b,data_pmus_yaounde,q4_2_a,Agent_193,Veuillez indiquer depuis combien de temps vous attendez.
4,4,3,4,4,gemma3:27b,data_pmus_yaounde,q4_2_b,Agent_193,30 60 MIN
4,4,4,4,4,gemma3:27b,data_pmus_yaounde,q4_3,Agent_193,500
4,4,4,4,4,gemma3:27b,data_pmus_yaounde,q4_4,Agent_193,ACTIVIT S DE LOISIRS
3,4,4,4,3,gemma3:27b,data_pmus_yaounde,q4_4_autres,Agent_193,SPORT ET VISITE AMICALE
5,4,4,4,4,gemma3:27b,data_pmus_yaounde,q5_1,Agent_193,ENTRE 18 ET 25 ANS
5,4,4,4,4,gemma3:27b,data_pmus_yaounde,q5_2,Agent_193,ENTRE 30 001 ET 100 000
4,4,4,4,4,gemma3:27b,data_pmus_yaounde,q5_3,Agent_193,HOMME
4,4,3,4,3,gemma3:27b,data_pmus_yaounde,centre ville,Agent_194,YAOUNDE
5,5,4,4,4,gemma3:27b,data_pmus_yaounde,q1_1,Agent_194,HORS DE LA VILLE DE YAOUNDE
4,4,4,4,4,gemma3:27b,data_pmus_yaounde,q1_1_a,Agent_194,ABIT
4,4,3,4,3,gemma3:27b,data_pmus_yaounde,q1_1_b,Agent_194,NKOL NDA
4,4,3,4,3,gemma3:27b,data_pmus_yaounde,q1_1_c,Agent_194,AFANOYA
5,5,4,4,4,gemma3:27b,data_pmus_yaounde,q1_2,Agent_194,UN QUARTIER DE LA VILLE DE YAOUNDE
4,4,4,4,4,gemma3:27b,data_pmus_yaounde,q1_2_a,Agent_194,ABOM
4,4,3,4,3,gemma3:27b,data_pmus_yaounde,q1_2_b,Agent_194,10 IEME ARRET
4,4,3,4,3,gemma3:27b,data_pmus_yaounde,q1_3_c,Agent_194,DOUALA
4,4,4,4,3,gemma3:27b,data_pmus_yaounde,q2_1,Agent_194,PAR BUS STACY
4,4,3,4,3,gemma3:27b,data_pmus_yaounde,q2_2_1,Agent_194,CARREFOURBIYEM ASSI
4,4,3,4,3,gemma3:27b,data_pmus_yaounde,q2_2_2,Agent_194,10 E ARRET
4,4,3,4,3,gemma3:27b,data_pmus_yaounde,q2_3_1,Agent_194,BASTOS
4,4,3,4,3,gemma3:27b,data_pmus_yaounde,q2_3_2,Agent_194,ANCIEN AMBASSARDE D ITALIE
5,4,4,4,4,gemma3:27b,data_pmus_yaounde,q2_3,Agent_194,NON
4,4,3,4,3,gemma3:27b,data_pmus_yaounde,q2_4,Agent_194,PAR BUS STACY
4,4,3,4,3,gemma3:27b,data_pmus_yaounde,q2_5_1,Agent_194,A B0NAS
4,4,3,4,3,gemma3:27b,data_pmus_yaounde,q2_5_2,Agent_194,NKONDENGUI
4,4,3,4,3,gemma3:27b,data_pmus_yaounde,q2_6_1,Agent_194,BASTOS
4,4,3,4,3,gemma3:27b,data_pmus_yaounde,q2_6_2,Agent_194,BASTOS
4,4,3,4,4,gemma3:27b,data_pmus_yaounde,q3_1,Agent_194,NON
4,4,4,4,3,gemma3:27b,data_pmus_yaounde,q3_2,Agent_194,A PIED
4,4,3,4,3,gemma3:27b,data_pmus_yaounde,q3_3_1,Agent_194,NKONDENGUI
4,4,3,4,3,gemma3:27b,data_pmus_yaounde,q3_3_2,Agent_194,AMBASSADE ITALIE
5,4,2,5,2,gemma3:27b,data_pmus_yaounde,q4_1_a,Agent_194,Veuillez indiquer depuis combien de temps vous attendez.
4,4,3,4,4,gemma3:27b,data_pmus_yaounde,q4_1_b,Agent_194,10 20 MINUTES
5,4,2,5,2,gemma3:27b,data_pmus_yaounde,q4_2_a,Agent_194,Veuillez indiquer depuis combien de temps vous attendez.
4,4,3,4,4,gemma3:27b,data_pmus_yaounde,q4_2_b,Agent_194,15 30 MIN
4,4,4,4,4,gemma3:27b,data_pmus_yaounde,q4_3,Agent_194,380
4,4,4,4,4,gemma3:27b,data_pmus_yaounde,q4_4,Agent_194,TRAVAIL
3,4,4,4,3,gemma3:27b,data_pmus_yaounde,q4_4_autres,Agent_194,LES AFFAIRES
5,4,4,4,4,gemma3:27b,data_pmus_yaounde,q5_1,Agent_194,ENTRE 26 ET 35 ANS
5,4,4,4,4,gemma3:27b,data_pmus_yaounde,q5_2,Agent_194,ENTRE 300 001 ET 500 000
4,4,4,4,4,gemma3:27b,data_pmus_yaounde,q5_3,Agent_194,HOMME
4,4,3,4,3,gemma3:27b,data_pmus_yaounde,centre ville,Agent_195,YAOUNDE
5,5,4,4,4,gemma3:27b,data_pmus_yaounde,q1_1,Agent_195,HORS DE LA VILLE DE YAOUNDE
4,4,4,4,4,gemma3:27b,data_pmus_yaounde,q1_1_a,Agent_195,MESSASSI
4,4,3,4,3,gemma3:27b,data_pmus_yaounde,q1_1_b,Agent_195,COMISSARIAT
4,4,3,4,3,gemma3:27b,data_pmus_yaounde,q1_1_c,Agent_195,AFANOYA
5,5,4,4,4,gemma3:27b,data_pmus_yaounde,q1_2,Agent_195,UN QUARTIER DE LA VILLE DE YAOUNDE
4,4,4,4,4,gemma3:27b,data_pmus_yaounde,q1_2_a,Agent_195,OBOBOGO
4,4,3,4,3,gemma3:27b,data_pmus_yaounde,q1_2_b,Agent_195,10 IEME ARRET
4,4,3,4,3,gemma3:27b,data_pmus_yaounde,q1_3_c,Agent_195,AFANOYA
4,4,4,4,3,gemma3:27b,data_pmus_yaounde,q2_1,Agent_195,A PIED
4,4,3,4,3,gemma3:27b,data_pmus_yaounde,q2_2_1,Agent_195,OBOBOGO
4,4,3,4,3,gemma3:27b,data_pmus_yaounde,q2_2_2,Agent_195,10 E ARRET
4,4,3,4,3,gemma3:27b,data_pmus_yaounde,q2_3_1,Agent_195,0LESOA
4,4,3,4,3,gemma3:27b,data_pmus_yaounde,q2_3_2,Agent_195,ENTREE SIMBOCK
5,4,4,4,4,gemma3:27b,data_pmus_yaounde,q2_3,Agent_195,NON
4,4,3,4,3,gemma3:27b,data_pmus_yaounde,q2_4,Agent_195,PAR TAXI
4,4,3,4,3,gemma3:27b,data_pmus_yaounde,q2_5_1,Agent_195,OBILI
4,4,3,4,3,gemma3:27b,data_pmus_yaounde,q2_5_2,Agent_195,0MPHINE
4,4,3,4,3,gemma3:27b,data_pmus_yaounde,q2_6_1,Agent_195,OBOBOGO
4,4,3,4,3,gemma3:27b,data_pmus_yaounde,q2_6_2,Agent_195,ENTREE DE TERRE ROUGE
4,4,3,4,4,gemma3:27b,data_pmus_yaounde,q3_1,Agent_195,NON
4,4,4,4,3,gemma3:27b,data_pmus_yaounde,q3_2,Agent_195,PAR TAXI
4,4,3,4,3,gemma3:27b,data_pmus_yaounde,q3_3_1,Agent_195,OBOBOGO
4,4,3,4,3,gemma3:27b,data_pmus_yaounde,q3_3_2,Agent_195,10 IEME ARRET
5,4,2,5,2,gemma3:27b,data_pmus_yaounde,q4_1_a,Agent_195,Veuillez indiquer depuis combien de temps vous attendez.
4,4,3,4,4,gemma3:27b,data_pmus_yaounde,q4_1_b,Agent_195,10 20 MINUTES
5,4,2,5,2,gemma3:27b,data_pmus_yaounde,q4_2_a,Agent_195,Veuillez indiquer depuis combien de temps vous attendez.
4,4,3,4,4,gemma3:27b,data_pmus_yaounde,q4_2_b,Agent_195,15 30 MIN
4,4,4,4,4,gemma3:27b,data_pmus_yaounde,q4_3,Agent_195,1500
4,4,4,4,4,gemma3:27b,data_pmus_yaounde,q4_4,Agent_195,TRAVAIL
3,4,4,4,3,gemma3:27b,data_pmus_yaounde,q4_4_autres,Agent_195,LES AFFAIRES
5,4,4,4,4,gemma3:27b,data_pmus_yaounde,q5_1,Agent_195,ENTRE 36 ET 45 ANS
5,4,4,4,4,gemma3:27b,data_pmus_yaounde,q5_2,Agent_195,ENTRE 30 001 ET 100 000
4,4,4,4,4,gemma3:27b,data_pmus_yaounde,q5_3,Agent_195,HOMME
4,4,3,4,3,gemma3:27b,data_pmus_yaounde,centre ville,Agent_196,YAOUNDE
5,5,4,4,4,gemma3:27b,data_pmus_yaounde,q1_1,Agent_196,UN QUARTIER DE LA VILLE DE YAOUNDE
4,4,4,4,4,gemma3:27b,data_pmus_yaounde,q1_1_a,Agent_196,ABIT
4,4,3,4,3,gemma3:27b,data_pmus_yaounde,q1_1_b,Agent_196,10EME ARRET
4,4,3,4,3,gemma3:27b,data_pmus_yaounde,q1_1_c,Agent_196,NGOUSSO
5,5,4,4,4,gemma3:27b,data_pmus_yaounde,q1_2,Agent_196,UN QUARTIER DE LA VILLE DE YAOUNDE
4,4,4,4,4,gemma3:27b,data_pmus_yaounde,q1_2_a,Agent_196,NGOUSSO
4,4,3,4,3,gemma3:27b,data_pmus_yaounde,q1_2_b,Agent_196,BATA NLONGKAK
4,4,3,4,3,gemma3:27b,data_pmus_yaounde,q1_3_c,Agent_196,AFANOYA
4,4,4,4,3,gemma3:27b,data_pmus_yaounde,q2_1,Agent_196,PAR BUS STACY
4,4,3,4,3,gemma3:27b,data_pmus_yaounde,q2_2_1,Agent_196,NGOUSSO
4,4,3,4,3,gemma3:27b,data_pmus_yaounde,q2_2_2,Agent_196,TRANSFORMATEUR
4,4,3,4,3,gemma3:27b,data_pmus_yaounde,q2_3_1,Agent_196,NGOUSSO
4,4,3,4,3,gemma3:27b,data_pmus_yaounde,q2_3_2,Agent_196,BATA NLONGKAK
5,4,4,4,4,gemma3:27b,data_pmus_yaounde,q2_3,Agent_196,NON
4,4,3,4,3,gemma3:27b,data_pmus_yaounde,q2_4,Agent_196,PAR BUS STACY
4,4,3,4,3,gemma3:27b,data_pmus_yaounde,q2_5_1,Agent_196,NGOUSSO
4,4,3,4,3,gemma3:27b,data_pmus_yaounde,q2_5_2,Agent_196,ENTREE SODECAO
4,4,3,4,3,gemma3:27b,data_pmus_yaounde,q2_6_1,Agent_196,UNIVERSITE
4,4,3,4,3,gemma3:27b,data_pmus_yaounde,q2_6_2,Agent_196,UNIVERSITE
4,4,3,4,4,gemma3:27b,data_pmus_yaounde,q3_1,Agent_196,NON
4,4,4,4,3,gemma3:27b,data_pmus_yaounde,q3_2,Agent_196,PAR BUS STACY
4,4,3,4,3,gemma3:27b,data_pmus_yaounde,q3_3_1,Agent_196,NGOUSSO
4,4,3,4,3,gemma3:27b,data_pmus_yaounde,q3_3_2,Agent_196,MONTEE DU CENTRE
5,4,2,5,2,gemma3:27b,data_pmus_yaounde,q4_1_a,Agent_196,Veuillez indiquer depuis combien de temps vous attendez.
4,4,3,4,4,gemma3:27b,data_pmus_yaounde,q4_1_b,Agent_196,MOINS DE 5 MIN
5,4,2,5,2,gemma3:27b,data_pmus_yaounde,q4_2_a,Agent_196,Veuillez indiquer depuis combien de temps vous attendez.
4,4,3,4,4,gemma3:27b,data_pmus_yaounde,q4_2_b,Agent_196,30 60 MIN
4,4,4,4,4,gemma3:27b,data_pmus_yaounde,q4_3,Agent_196,750
4,4,4,4,4,gemma3:27b,data_pmus_yaounde,q4_4,Agent_196,TRAVAIL
3,4,4,4,3,gemma3:27b,data_pmus_yaounde,q4_4_autres,Agent_196,ACHAT
5,4,4,4,4,gemma3:27b,data_pmus_yaounde,q5_1,Agent_196,ENTRE 18 ET 25 ANS
5,4,4,4,4,gemma3:27b,data_pmus_yaounde,q5_2,Agent_196,MOINS DE 30 000
4,4,4,4,4,gemma3:27b,data_pmus_yaounde,q5_3,Agent_196,FEMME
4,4,3,4,3,gemma3:27b,data_pmus_yaounde,centre ville,Agent_197,YAOUNDE
5,5,4,4,4,gemma3:27b,data_pmus_yaounde,q1_1,Agent_197,HORS DE LA VILLE DE YAOUNDE
4,4,4,4,4,gemma3:27b,data_pmus_yaounde,q1_1_a,Agent_197,SANTA BARBARA
4,4,3,4,3,gemma3:27b,data_pmus_yaounde,q1_1_b,Agent_197,10EME ARRET
4,4,3,4,3,gemma3:27b,data_pmus_yaounde,q1_1_c,Agent_197,AFANOYA
5,5,4,4,4,gemma3:27b,data_pmus_yaounde,q1_2,Agent_197,UN QUARTIER DE LA VILLE DE YAOUNDE
4,4,4,4,4,gemma3:27b,data_pmus_yaounde,q1_2_a,Agent_197,SANTA BARBARA
4,4,3,4,3,gemma3:27b,data_pmus_yaounde,q1_2_b,Agent_197,CARREFOUR
4,4,3,4,3,gemma3:27b,data_pmus_yaounde,q1_3_c,Agent_197,AFANOYA
4,4,4,4,3,gemma3:27b,data_pmus_yaounde,q2_1,Agent_197,PAR BUS STACY
4,4,3,4,3,gemma3:27b,data_pmus_yaounde,q2_2_1,Agent_197,2 CHEVEAU
4,4,3,4,3,gemma3:27b,data_pmus_yaounde,q2_2_2,Agent_197,10 E ARRET
4,4,3,4,3,gemma3:27b,data_pmus_yaounde,q2_3_1,Agent_197,CARREFOUR
4,4,3,4,3,gemma3:27b,data_pmus_yaounde,q2_3_2,Agent_197,CARREFOUR
5,4,4,4,4,gemma3:27b,data_pmus_yaounde,q2_3,Agent_197,NON
4,4,3,4,3,gemma3:27b,data_pmus_yaounde,q2_4,Agent_197,PAR BUS STACY
4,4,3,4,3,gemma3:27b,data_pmus_yaounde,q2_5_1,Agent_197,CARREFOUR NSSIMEYONG
4,4,3,4,3,gemma3:27b,data_pmus_yaounde,q2_5_2,Agent_197,CARREFOUR
4,4,3,4,3,gemma3:27b,data_pmus_yaounde,q2_6_1,Agent_197,CARREFOUR
4,4,3,4,3,gemma3:27b,data_pmus_yaounde,q2_6_2,Agent_197,CARREFOUR
4,4,3,4,4,gemma3:27b,data_pmus_yaounde,q3_1,Agent_197,NON
4,4,4,4,3,gemma3:27b,data_pmus_yaounde,q3_2,Agent_197,PAR BUS STACY
4,4,3,4,3,gemma3:27b,data_pmus_yaounde,q3_3_1,Agent_197,ACACIA
4,4,3,4,3,gemma3:27b,data_pmus_yaounde,q3_3_2,Agent_197,KOSBY
5,4,2,5,2,gemma3:27b,data_pmus_yaounde,q4_1_a,Agent_197,Veuillez indiquer depuis combien de temps vous attendez.
4,4,3,4,4,gemma3:27b,data_pmus_yaounde,q4_1_b,Agent_197,MOINS DE 5 MIN
5,4,2,5,2,gemma3:27b,data_pmus_yaounde,q4_2_a,Agent_197,Veuillez indiquer depuis combien de temps vous attendez.
4,4,3,4,4,gemma3:27b,data_pmus_yaounde,q4_2_b,Agent_197,30 60 MIN
4,4,4,4,4,gemma3:27b,data_pmus_yaounde,q4_3,Agent_197,600
4,4,4,4,4,gemma3:27b,data_pmus_yaounde,q4_4,Agent_197,COURSES
3,4,4,4,3,gemma3:27b,data_pmus_yaounde,q4_4_autres,Agent_197,FAIRE DU MARCHE
5,4,4,4,4,gemma3:27b,data_pmus_yaounde,q5_1,Agent_197,ENTRE 36 ET 45 ANS
5,4,4,4,4,gemma3:27b,data_pmus_yaounde,q5_2,Agent_197,ENTRE 30 001 ET 100 000
4,4,4,4,4,gemma3:27b,data_pmus_yaounde,q5_3,Agent_197,FEMME
4,4,3,4,3,gemma3:27b,data_pmus_yaounde,centre ville,Agent_198,YAOUNDE
5,5,4,4,4,gemma3:27b,data_pmus_yaounde,q1_1,Agent_198,HORS DE LA VILLE DE YAOUNDE
4,4,4,4,4,gemma3:27b,data_pmus_yaounde,q1_1_a,Agent_198,NKOL NDA
4,4,3,4,3,gemma3:27b,data_pmus_yaounde,q1_1_b,Agent_198,10EME ARRET
4,4,3,4,3,gemma3:27b,data_pmus_yaounde,q1_1_c,Agent_198,AFANOYA
5,5,4,4,4,gemma3:27b,data_pmus_yaounde,q1_2,Agent_198,UN QUARTIER DE LA VILLE DE YAOUNDE
4,4,4,4,4,gemma3:27b,data_pmus_yaounde,q1_2_a,Agent_198,NKOLMESSENG
4,4,3,4,3,gemma3:27b,data_pmus_yaounde,q1_2_b,Agent_198,10 IEME ARRET
4,4,3,4,3,gemma3:27b,data_pmus_yaounde,q1_3_c,Agent_198,AFANOYA
4,4,4,4,3,gemma3:27b,data_pmus_yaounde,q2_1,Agent_198,PAR BUS STACY
4,4,3,4,3,gemma3:27b,data_pmus_yaounde,q2_2_1,Agent_198,NKOL NDA
4,4,3,4,3,gemma3:27b,data_pmus_yaounde,q2_2_2,Agent_198,EN FACE STATION NEZAFI
4,4,3,4,3,gemma3:27b,data_pmus_yaounde,q2_3_1,Agent_198,NKOLMESSENG
4,4,3,4,3,gemma3:27b,data_pmus_yaounde,q2_3_2,Agent_198,0NANA
5,4,4,4,4,gemma3:27b,data_pmus_yaounde,q2_3,Agent_198,NON
4,4,3,4,3,gemma3:27b,data_pmus_yaounde,q2_4,Agent_198,PAR BUS STACY
4,4,3,4,3,gemma3:27b,data_pmus_yaounde,q2_5_1,Agent_198,NKOL NDA
4,4,3,4,3,gemma3:27b,data_pmus_yaounde,q2_5_2,Agent_198,0MPHINE
4,4,3,4,3,gemma3:27b,data_pmus_yaounde,q2_6_1,Agent_198,ABATTOIR
4,4,3,4,3,gemma3:27b,data_pmus_yaounde,q2_6_2,Agent_198,CARREFOUR
4,4,3,4,4,gemma3:27b,data_pmus_yaounde,q3_1,Agent_198,NON
4,4,4,4,3,gemma3:27b,data_pmus_yaounde,q3_2,Agent_198,PAR BUS STACY
4,4,3,4,3,gemma3:27b,data_pmus_yaounde,q3_3_1,Agent_198,NKOLMESSENG
4,4,3,4,3,gemma3:27b,data_pmus_yaounde,q3_3_2,Agent_198,10 IEME ARRET
5,4,2,5,2,gemma3:27b,data_pmus_yaounde,q4_1_a,Agent_198,Veuillez indiquer depuis combien de temps vous attendez.
4,4,3,4,4,gemma3:27b,data_pmus_yaounde,q4_1_b,Agent_198,MOINS DE 5 MIN
5,4,2,5,2,gemma3:27b,data_pmus_yaounde,q4_2_a,Agent_198,Veuillez indiquer depuis combien de temps vous attendez.
4,4,3,4,4,gemma3:27b,data_pmus_yaounde,q4_2_b,Agent_198,15 30 MIN
4,4,4,4,4,gemma3:27b,data_pmus_yaounde,q4_3,Agent_198,250
4,4,4,4,4,gemma3:27b,data_pmus_yaounde,q4_4,Agent_198,TRAVAIL
3,4,4,4,3,gemma3:27b,data_pmus_yaounde,q4_4_autres,Agent_198,ACHAT
5,4,4,4,4,gemma3:27b,data_pmus_yaounde,q5_1,Agent_198,ENTRE 26 ET 35 ANS
5,4,4,4,4,gemma3:27b,data_pmus_yaounde,q5_2,Agent_198,ENTRE 30 001 ET 100 000
4,4,4,4,4,gemma3:27b,data_pmus_yaounde,q5_3,Agent_198,HOMME
4,4,3,4,3,gemma3:27b,data_pmus_yaounde,centre ville,Agent_199,YAOUNDE
5,5,4,4,4,gemma3:27b,data_pmus_yaounde,q1_1,Agent_199,UN QUARTIER DE LA VILLE DE YAOUNDE
4,4,4,4,4,gemma3:27b,data_pmus_yaounde,q1_1_a,Agent_199,JOUVENCE
4,4,3,4,3,gemma3:27b,data_pmus_yaounde,q1_1_b,Agent_199,10EME ARRET
4,4,3,4,3,gemma3:27b,data_pmus_yaounde,q1_1_c,Agent_199,AFANOYA
5,5,4,4,4,gemma3:27b,data_pmus_yaounde,q1_2,Agent_199,UN QUARTIER DE LA VILLE DE YAOUNDE
4,4,4,4,4,gemma3:27b,data_pmus_yaounde,q1_2_a,Agent_199,ABOM
4,4,3,4,3,gemma3:27b,data_pmus_yaounde,q1_2_b,Agent_199,NKOL FOULOU
4,4,3,4,3,gemma3:27b,data_pmus_yaounde,q1_3_c,Agent_199,NKOL NDA
4,4,4,4,3,gemma3:27b,data_pmus_yaounde,q2_1,Agent_199,PAR BUS STACY
4,4,3,4,3,gemma3:27b,data_pmus_yaounde,q2_2_1,Agent_199,NKOLBISSON
4,4,3,4,3,gemma3:27b,data_pmus_yaounde,q2_2_2,Agent_199,NKOLBISSON
4,4,3,4,3,gemma3:27b,data_pmus_yaounde,q2_3_1,Agent_199,NKOLBISSON
4,4,3,4,3,gemma3:27b,data_pmus_yaounde,q2_3_2,Agent_199,TERMINUE
5,4,4,4,4,gemma3:27b,data_pmus_yaounde,q2_3,Agent_199,NON
4,4,3,4,3,gemma3:27b,data_pmus_yaounde,q2_4,Agent_199,PAR BUS STACY
4,4,3,4,3,gemma3:27b,data_pmus_yaounde,q2_5_1,Agent_199,NKOLBISSON
4,4,3,4,3,gemma3:27b,data_pmus_yaounde,q2_5_2,Agent_199,ARRET BUS
4,4,3,4,3,gemma3:27b,data_pmus_yaounde,q2_6_1,Agent_199,NKOLBISSON
4,4,3,4,3,gemma3:27b,data_pmus_yaounde,q2_6_2,Agent_199,ARRET BUS
4,4,3,4,4,gemma3:27b,data_pmus_yaounde,q3_1,Agent_199,NON
4,4,4,4,3,gemma3:27b,data_pmus_yaounde,q3_2,Agent_199,PAR BUS STACY
4,4,3,4,3,gemma3:27b,data_pmus_yaounde,q3_3_1,Agent_199,NKOLBISSON
4,4,3,4,3,gemma3:27b,data_pmus_yaounde,q3_3_2,Agent_199,GARE VOYAGEUR DE YAOUNDE
5,4,2,5,2,gemma3:27b,data_pmus_yaounde,q4_1_a,Agent_199,Veuillez indiquer depuis combien de temps vous attendez.
4,4,3,4,4,gemma3:27b,data_pmus_yaounde,q4_1_b,Agent_199,MOINS DE 5 MIN
5,4,2,5,2,gemma3:27b,data_pmus_yaounde,q4_2_a,Agent_199,Veuillez indiquer depuis combien de temps vous attendez.
4,4,3,4,4,gemma3:27b,data_pmus_yaounde,q4_2_b,Agent_199,30 60 MIN
4,4,4,4,5,gemma3:27b,data_pmus_yaounde,q4_3,Agent_199,2700
4,4,4,4,4,gemma3:27b,data_pmus_yaounde,q4_4,Agent_199,VISITE FAMILLE
3,4,4,4,4,gemma3:27b,data_pmus_yaounde,q4_4_autres,Agent_199,RENCONTRE
5,4,4,4,5,gemma3:27b,data_pmus_yaounde,q5_1,Agent_199,ENTRE 18 ET 25 ANS
5,4,4,4,5,gemma3:27b,data_pmus_yaounde,q5_2,Agent_199,ENTRE 300 001 ET 500 000
4,4,4,4,5,gemma3:27b,data_pmus_yaounde,q5_3,Agent_199,FEMME
