hh_id,num_trips,num_days_complete,person_id,person_num,is_participant,phone_type,relationship,age,r_age,race_1,race_2,race_3,race_4,race_5,race_6,race_997,race_999,r_race,ethnicity_1,ethnicity_2,ethnicity_3,ethnicity_4,ethnicity_5,ethnicity_997,ethnicity_999,r_ethnicity,gender,can_drive,disability,disability_follow_1,disability_follow_2,disability_follow_3,disability_follow_4,disability_follow_5,disability_follow_6,disability_follow_996,disability_follow_999,education,employment,worker,num_jobs,job_type,industry,work_in_region,work_county,work_cms_zone,wfh_policy,commute_freq,telework_freq,r_telework_freq,work_mode,r_work_mode,work_mode_own,work_mode_auto,work_park_loc,work_park_pay,work_park_cost,work_park_amount,work_mode_taxi,work_mode_bus,work_mode_rail,work_mode_ferry,work_mode_bike,work_bike_park,work_mode_scooter,work_scooter_park,student,r_student,school_type,r_school_type,school_in_region,school_county,school_freq,remote_class_freq,school_mode,school_mode_own,school_mode_auto,school_park_loc,school_park_cost,school_park_amount,school_mode_taxi,school_mode_bus,school_mode_rail,school_mode_ferry,school_mode_bike,school_bike_park,school_mode_scooter,school_scooter_park,home_park_1,home_park_2,home_park_3,home_park_pay,home_park_cost,home_park_amount,second_home,second_home_freq,second_home_in_region,second_home_county,share_1,share_2,share_3,share_4,share_5,share_6,share_996,tnc_freq,tnc_purp,carshare_freq,vehicle,bike_freq,bike_purp_1,bike_purp_2,bike_purp_3,bike_purp_4,bike_purp_5,bike_purp_6,bike_purp_997,no_bike_nyc_1,no_bike_nyc_2,no_bike_nyc_3,no_bike_nyc_4,no_bike_nyc_5,no_bike_nyc_6,no_bike_nyc_7,no_bike_nyc_9,no_bike_nyc_997,no_freq_bike_nyc_1,no_freq_bike_nyc_2,no_freq_bike_nyc_3,no_freq_bike_nyc_4,no_freq_bike_nyc_5,no_freq_bike_nyc_6,no_freq_bike_nyc_997,no_freq_bike_nyc_other,bike_stolen,citi_bike_freq,citi_bike_type,citi_bike_pay,citi_bike_alt_mode,no_bike_share_1,no_bike_share_2,no_bike_share_3,no_bike_share_4,no_bike_share_5,no_bike_share_6,no_bike_share_7,no_bike_share_8,no_bike_share_997,micromobility_devices_204,micromobility_devices_83,micromobility_devices_205,micromobility_devices_73,micromobility_devices_206,micromobility_devices_207,micromobility_devices_996,kid_accompany,kid_mode,r_kid_mode,kid_mode_own,kid_mode_auto,kid_mode_taxi,kid_mode_bus,kid_mode_rail,kid_mode_ferry,kid_access,kid_egress,kid_mode_bike,kid_mode_scooter,harassment,harassment_change_1,harassment_change_2,harassment_change_3,harassment_change_4,harassment_change_5,harassment_change_6,harassment_change_7,harassment_change_8,harassment_change_9,harassment_change_10,harassment_change_996,harassment_change_997,person_weight
22069258,2,1,2206925801,1,1,0,0,6,3,0,0,0,0,0,0,0,1,999,0,0,0,0,0,0,1,999,999,3,1,0,0,1,0,0,0,0,0,7,2,1,3,5,7,1,36047.0,8,3,3,3,3,103,103,995,995,995,995,995,,995,995,995,995,82,997,995,995,1,2,12,5,1,36047.0,3,3,103,995,995,995,995,,995,995,995,995,82,997,995,995,995,995,995,995,995,,0,995,0,,0,0,0,0,0,0,1,995,995,995,995,1,1,1,1,1,0,1,1,995,995,995,995,995,995,995,995,995,995,995,995,995,995,995,995,995,0,1,995,995,995,0,1,1,1,1,0,0,1,1,0,0,0,0,1,1,0,995,995,995,995,995,995,995,995,995,995,995,995,995,1,1,1,1,1,1,0,0,0,1,0,0,0,642.7060417
22075798,30,7,2207579801,1,1,995,0,5,2,0,0,0,0,0,1,0,0,7,0,1,0,0,0,0,0,2,1,1,1,0,0,0,0,0,0,0,1,7,1,1,1,5,15,1,36081.0,7,6,5,1,1,100,100,6,995,4,4,3,1.15,995,995,995,995,995,995,995,995,3,2,13,6,1,36061.0,995,6,995,995,995,995,995,,995,995,995,995,995,995,995,995,0,1,0,1,3,151.5,0,995,0,,1,0,1,0,0,0,0,5,7,995,6,6,0,1,0,0,0,0,0,995,995,995,995,995,995,995,995,995,1,0,0,0,0,0,0,995,995,4,1,2,1,995,995,995,995,995,995,995,995,995,0,0,0,0,0,0,1,995,995,995,995,995,995,995,995,995,995,995,995,995,3,1,0,0,1,0,1,1,0,0,0,0,0,"2,718.343831"
22001518,33,5,2200151801,1,1,2,0,8,3,1,0,0,0,0,0,0,0,3,1,0,0,0,0,0,0,1,1,1,1,0,0,0,0,0,0,1,0,7,1,1,2,2,8,995,,995,1,1,995,996,105,105,995,995,995,995,995,,995,995,30,995,995,995,995,995,1,2,997,7,1,36005.0,4,6,102,995,995,995,995,,995,23,995,995,995,995,995,995,0,0,1,0,995,,0,995,0,,1,1,0,0,0,0,0,6,995,6,6,6,0,0,1,0,0,0,0,995,995,995,995,995,995,995,995,995,1,0,0,0,0,0,0,995,0,1,995,995,995,0,0,0,0,0,1,0,0,0,0,0,0,0,0,0,1,995,995,995,995,995,995,995,995,995,995,995,995,995,2,1,0,0,1,1,0,0,0,1,1,0,0,813.5321184
22117903,35,7,2211790301,1,1,995,0,4,2,0,0,0,0,1,0,0,0,5,0,1,0,0,0,0,0,2,1,3,0,995,995,995,995,995,995,995,995,2,2,1,1,1,10,1,36085.0,10,2,1,995,996,106,106,995,995,995,995,995,,49,995,995,995,995,995,995,995,0,1,11,4,1,36085.0,1,2,106,995,995,995,995,,49,995,995,995,995,995,995,995,995,995,995,995,995,,1,1,1,36085.0,1,0,0,0,0,0,0,1,2,995,995,6,0,0,0,0,0,0,1,995,995,995,995,995,995,995,995,995,0,0,0,0,0,1,0,995,0,1,995,995,995,0,0,1,0,0,0,0,0,0,0,0,0,0,0,0,1,995,995,995,995,995,995,995,995,995,995,995,995,995,3,1,0,0,0,0,0,0,0,0,0,0,0,"4,896.224206"
22145094,71,7,2214509401,1,1,995,0,6,3,1,0,0,0,0,0,0,0,3,1,0,0,0,0,0,0,1,1,1,1,0,0,0,0,0,0,1,0,7,1,1,2,1,1,1,36061.0,4,1,1,995,996,105,105,995,995,995,995,995,,995,995,30,995,995,995,995,995,4,1,12,5,0,,995,2,995,995,995,995,995,,995,995,995,995,995,995,995,995,1,0,0,0,995,,0,995,0,,1,0,0,1,0,0,0,5,50,995,6,6,0,0,1,0,0,0,0,995,995,995,995,995,995,995,995,995,0,1,0,1,0,0,0,995,0,1,995,995,995,0,1,1,0,0,0,0,0,0,0,0,0,0,0,0,1,995,995,995,995,995,995,995,995,995,995,995,995,995,1,0,1,1,0,1,0,0,0,1,1,0,0,818.6592606
22126498,37,1,2212649801,1,1,995,0,6,3,0,0,1,0,0,0,0,0,2,1,0,0,0,0,0,0,1,2,1,0,995,995,995,995,995,995,995,995,7,1,1,1,5,7,1,36081.0,7,2,2,3,3,100,100,6,995,4,1,995,,995,995,995,995,995,995,995,995,1,2,12,5,1,36081.0,2,3,100,6,995,4,2,101.0,995,995,995,995,995,995,995,995,1,0,1,0,995,,0,995,0,,0,0,0,0,1,0,0,995,995,995,6,3,1,0,0,0,0,0,0,995,995,995,995,995,995,995,995,995,995,995,995,995,995,995,995,995,0,6,995,995,107,0,0,0,1,0,0,0,0,0,1,0,0,0,0,0,0,995,995,995,995,995,995,995,995,995,995,995,995,995,1,0,0,0,1,0,0,0,0,0,0,0,0,186.3790005
22144573,40,7,2214457301,1,1,2,0,6,3,0,1,0,0,1,0,0,0,7,1,0,0,0,0,0,0,1,5,1,0,995,995,995,995,995,995,995,995,3,1,1,2,1,14,0,36059.0,11,1,2,996,996,100,100,6,995,3,1,995,,995,995,995,995,995,995,995,995,3,2,11,4,0,,995,1,995,995,995,995,995,,995,995,995,995,995,995,995,995,0,0,1,1,3,252.5,0,995,0,,1,0,0,0,0,0,0,6,995,995,6,6,0,0,1,0,0,0,0,995,995,995,995,995,995,995,995,995,0,0,0,0,0,1,0,995,0,1,995,995,995,0,0,0,0,0,0,0,1,0,0,0,0,0,0,0,1,995,995,995,995,995,995,995,995,995,995,995,995,995,1,0,0,1,1,0,0,1,0,0,1,0,0,89.79002367
22115158,76,3,2211515801,1,1,2,0,7,3,1,1,1,1,1,1,1,0,7,0,1,1,1,1,1,0,7,997,1,0,995,995,995,995,995,995,995,995,6,1,1,1,2,997,995,,995,2,3,996,996,100,100,7,995,4,1,995,,995,995,995,995,995,995,995,995,2,3,995,995,995,,995,995,995,995,995,995,995,,995,995,995,995,995,995,995,995,1,0,0,0,995,,0,995,0,,0,0,0,0,0,0,1,995,995,995,7,5,0,0,1,0,0,0,0,995,995,995,995,995,995,995,995,995,0,1,0,0,0,1,0,995,0,1,995,995,995,0,0,0,1,0,0,0,1,1,0,0,0,0,0,0,1,995,995,995,995,995,995,995,995,995,995,995,995,995,1,1,0,0,0,0,0,1,0,0,0,0,0,596.1372193
22145088,43,6,2214508801,1,1,995,0,5,2,0,0,0,0,1,0,0,0,5,0,0,0,0,0,1,0,6,2,1,0,995,995,995,995,995,995,995,995,6,1,1,1,5,1,0,36059.0,11,3,3,3,3,100,100,6,995,3,1,995,,995,995,995,995,995,995,995,995,1,2,13,6,1,36081.0,4,996,100,6,995,3,4,202.0,995,995,995,995,995,995,995,995,1,0,0,0,995,,0,995,0,,0,0,0,0,0,0,1,995,995,995,6,5,0,0,1,0,0,0,0,995,995,995,995,995,995,995,995,995,0,0,1,0,0,0,0,995,0,6,995,995,100,0,0,1,0,0,0,0,0,0,0,0,0,0,0,0,1,995,995,995,995,995,995,995,995,995,995,995,995,995,995,995,995,995,995,995,995,995,995,995,995,995,995,"5,131.092213"
22088847,42,7,2208884701,1,1,2,0,5,2,0,0,0,0,1,0,0,0,5,0,1,0,0,0,0,0,2,1,3,1,0,0,0,0,0,1,0,0,6,2,1,1,1,10,1,36061.0,4,2,2,6,6,105,105,995,995,995,995,995,,995,995,30,995,995,995,995,995,2,3,995,995,995,,995,995,995,995,995,995,995,,995,995,995,995,995,995,995,995,995,995,995,995,995,,0,995,0,,1,0,0,0,0,0,0,6,995,995,995,6,1,0,0,0,0,0,0,995,995,995,995,995,995,995,995,995,1,1,1,1,1,1,0,995,995,6,995,995,105,0,0,1,0,0,0,0,0,0,0,0,0,0,0,0,1,995,995,995,995,995,995,995,995,995,995,995,995,995,3,0,0,1,0,0,0,0,1,1,1,0,0,123.3256952
22009506,3,7,2200950601,1,1,995,0,6,3,0,0,1,0,1,0,0,0,7,1,0,0,0,0,0,0,1,2,1,0,995,995,995,995,995,995,995,995,7,1,1,1,1,16,0,36119.0,11,1,1,995,996,101,100,995,33,3,1,995,,995,995,995,995,995,995,995,995,1,2,13,6,1,36047.0,1,3,100,7,995,3,1,0.0,995,995,995,995,995,995,995,995,1,0,0,0,995,,0,995,0,,1,0,1,0,0,0,0,5,4,995,7,5,1,0,0,0,0,0,0,995,995,995,995,995,995,995,995,995,0,0,0,0,0,1,0,995,995,4,2,1,101,995,995,995,995,995,995,995,995,995,0,0,0,0,1,0,0,995,995,995,995,995,995,995,995,995,995,995,995,995,4,995,995,995,995,995,995,995,995,995,995,995,995,414.8430487
22114068,6,1,2211406801,1,1,0,0,9,4,0,0,0,0,1,0,1,0,7,0,0,1,0,0,0,0,3,2,1,0,995,995,995,995,995,995,995,995,2,1,1,1,1,15,1,36085.0,10,1,1,995,996,100,100,6,995,4,1,995,,995,995,995,995,995,995,995,995,0,1,997,7,1,36085.0,1,996,100,6,995,4,1,0.0,995,995,995,995,995,995,995,995,1,0,0,0,995,,0,995,0,,0,0,0,0,0,0,1,995,995,995,6,4,0,0,1,0,0,0,0,995,995,995,995,995,995,995,995,995,995,995,995,995,995,995,995,995,0,1,995,995,995,0,0,0,1,0,0,0,0,0,0,0,0,0,0,0,1,995,995,995,995,995,995,995,995,995,995,995,995,995,3,0,0,0,0,0,0,0,0,0,0,1,0,"5,803.311498"
22020549,73,6,2202054901,1,1,995,0,4,2,0,0,0,0,0,1,0,0,7,0,0,0,0,1,0,0,5,1,1,0,995,995,995,995,995,995,995,995,5,1,1,1,1,8,1,36005.0,2,1,1,995,996,106,106,995,995,995,995,995,,49,995,995,995,995,995,995,995,0,1,12,5,1,36061.0,2,4,105,995,995,995,995,,995,995,30,995,995,995,995,995,0,0,1,0,995,,0,995,0,,1,0,1,0,0,0,0,3,2,995,996,6,0,0,1,0,0,0,0,995,995,995,995,995,995,995,995,995,0,0,0,0,0,1,0,995,995,5,997,1,1,995,995,995,995,995,995,995,995,995,0,0,0,0,0,0,1,995,995,995,995,995,995,995,995,995,995,995,995,995,3,0,0,0,0,0,0,0,0,1,0,0,0,"2,537.428871"
22144912,23,7,2214491201,1,1,995,0,7,3,0,0,1,0,0,0,0,0,2,1,0,0,0,0,0,0,1,1,1,1,0,0,0,0,0,0,0,1,6,1,1,1,1,8,1,36081.0,7,1,1,995,996,100,100,6,995,4,1,995,,995,995,995,995,995,995,995,995,2,3,995,995,995,,995,995,995,995,995,995,995,,995,995,995,995,995,995,995,995,1,0,0,0,995,,0,995,0,,0,0,0,0,0,0,1,995,995,995,8,6,0,0,1,0,0,0,1,995,995,995,995,995,995,995,995,995,1,0,0,0,0,0,0,995,1,1,995,995,995,0,0,0,1,0,0,0,0,0,0,0,0,0,0,0,1,995,995,995,995,995,995,995,995,995,995,995,995,995,1,0,0,0,1,1,0,1,1,1,1,0,0,92.9957311
22144155,26,6,2214415501,1,1,2,0,5,2,0,0,0,0,0,0,0,1,999,0,0,0,0,0,0,1,999,2,1,0,995,995,995,995,995,995,995,995,7,5,0,995,995,995,995,,995,995,995,995,995,995,995,995,995,995,995,995,,995,995,995,995,995,995,995,995,0,1,13,6,0,,1,5,100,7,995,3,4,404.0,995,995,995,995,995,995,995,995,1,0,0,0,995,,1,3,0,36029.0,1,0,0,1,0,0,0,6,995,995,7,5,0,0,1,0,0,0,0,995,995,995,995,995,995,995,995,995,1,0,1,0,0,0,0,995,0,6,995,995,102,0,0,1,0,0,0,0,0,0,0,0,0,0,1,0,0,995,995,995,995,995,995,995,995,995,995,995,995,995,4,995,995,995,995,995,995,995,995,995,995,995,995,"5,259.385962"
22088878,32,5,2208887801,1,1,995,0,4,2,0,0,0,0,0,0,1,0,6,0,0,0,0,1,0,0,5,2,1,0,995,995,995,995,995,995,995,995,6,2,1,1,1,8,1,36061.0,4,3,3,996,996,102,102,995,995,995,995,995,,995,55,995,995,995,995,995,995,0,1,12,5,1,36005.0,3,996,100,6,995,3,4,7.75,995,995,995,995,995,995,995,995,0,1,0,1,998,,0,995,0,,0,0,0,0,0,0,1,995,995,995,6,6,0,1,0,0,0,0,0,995,995,995,995,995,995,995,995,995,0,0,0,0,0,1,0,995,995,1,995,995,995,0,0,1,0,0,0,0,0,0,0,0,0,0,0,0,1,995,995,995,995,995,995,995,995,995,995,995,995,995,4,995,995,995,995,995,995,995,995,995,995,995,995,"6,135.985795"
22123188,33,5,2212318801,1,1,995,0,6,3,0,0,0,0,1,0,0,0,5,1,0,0,0,0,0,0,1,1,1,1,0,0,1,0,0,1,0,0,4,1,1,1,1,997,1,36085.0,10,2,2,996,996,102,102,995,995,995,995,995,,995,23,995,995,995,995,995,995,2,3,995,995,995,,995,995,995,995,995,995,995,,995,995,995,995,995,995,995,995,995,995,995,995,995,,0,995,0,,1,0,0,0,0,0,0,4,1,995,995,6,1,0,1,1,0,1,1,995,995,995,995,995,995,995,995,995,0,0,0,0,0,0,1,995,995,6,995,995,106,0,0,1,0,0,0,0,0,0,0,0,0,0,0,0,1,995,995,995,995,995,995,995,995,995,995,995,995,995,3,0,1,0,0,0,0,0,0,0,0,0,0,741.9399279
22074169,6,1,2207416901,1,1,1,0,5,2,0,0,0,0,1,0,0,0,5,0,1,0,0,0,0,0,2,4,1,0,995,995,995,995,995,995,995,995,6,5,0,995,995,995,995,,995,995,995,995,995,995,995,995,995,995,995,995,,995,995,995,995,995,995,995,995,0,1,13,6,1,36061.0,3,4,105,995,995,995,995,,995,995,30,995,995,995,995,995,0,0,1,0,995,,0,995,0,,0,0,0,0,0,0,1,995,995,995,996,6,0,0,1,0,0,0,0,995,995,995,995,995,995,995,995,995,0,0,0,0,0,1,0,995,0,6,995,995,107,0,1,1,0,1,1,0,0,0,0,0,0,0,0,1,0,995,995,995,995,995,995,995,995,995,995,995,995,995,1,1,1,1,1,0,1,0,1,1,0,0,0,153.9420128
22112036,4,7,2211203601,1,1,995,0,4,2,0,0,1,0,0,0,0,0,2,1,0,0,0,0,0,0,1,1,1,0,995,995,995,995,995,995,995,995,2,2,1,1,1,7,1,36047.0,8,3,3,3,3,105,105,995,995,995,995,995,,995,995,30,995,995,995,995,995,0,1,12,5,1,36061.0,3,3,105,995,995,995,995,,995,995,30,995,995,995,995,995,0,1,0,1,3,202.0,0,995,0,,1,0,0,0,0,0,0,5,1,995,6,5,0,0,1,0,0,0,0,995,995,995,995,995,995,995,995,995,0,1,0,0,0,0,0,995,0,6,995,995,1,0,1,0,0,0,0,0,0,0,0,0,0,0,0,0,1,995,995,995,995,995,995,995,995,995,995,995,995,995,1,0,1,1,0,0,0,0,0,0,0,0,0,"1,892.574909"
22047728,49,7,2204772801,1,1,995,0,6,3,0,0,0,0,1,0,0,0,5,1,0,0,0,0,0,0,1,2,1,1,0,0,0,0,0,0,1,0,7,1,1,1,5,15,1,36047.0,8,5,5,1,1,105,105,995,995,995,995,995,,995,995,30,995,995,995,995,995,2,3,995,995,995,,995,995,995,995,995,995,995,,995,995,995,995,995,995,995,995,1,1,0,0,995,,1,5,0,36027.0,1,0,1,0,0,1,0,5,60,995,7,4,1,0,1,1,0,1,0,995,995,995,995,995,995,995,995,995,995,995,995,995,995,995,995,995,0,4,1,1,102,995,995,995,995,995,995,995,995,995,0,0,0,1,0,0,0,995,995,995,995,995,995,995,995,995,995,995,995,995,3,0,0,0,0,0,0,0,0,0,0,1,0,832.4052979
22045365,62,7,2204536501,1,1,995,0,6,3,0,0,0,0,1,0,0,0,5,1,0,0,0,0,0,0,1,1,1,0,995,995,995,995,995,995,995,995,7,3,1,2,1,4,1,36047.0,8,996,2,4,4,100,100,6,995,4,1,995,,995,995,995,995,995,995,995,995,2,3,995,995,995,,995,995,995,995,995,995,995,,995,995,995,995,995,995,995,995,0,0,1,0,995,,0,995,0,,1,0,0,0,0,1,0,4,4,995,6,6,0,0,1,0,0,0,0,995,995,995,995,995,995,995,995,995,0,1,1,0,0,0,1,995,0,6,995,995,996,0,0,0,1,0,0,0,0,1,0,0,0,0,0,1,0,995,995,995,995,995,995,995,995,995,995,995,995,995,3,1,1,0,0,0,0,0,0,1,0,0,1,339.4084859
22100495,35,7,2210049501,1,1,995,0,4,2,0,0,1,0,0,0,0,0,2,1,0,0,0,0,0,0,1,2,1,0,995,995,995,995,995,995,995,995,3,2,1,1,1,10,1,36081.0,7,1,2,4,4,102,102,995,995,995,995,995,,995,55,995,995,995,995,995,995,1,2,12,5,1,36081.0,3,4,102,995,995,995,995,,995,55,995,995,995,995,995,995,0,0,1,0,995,,0,995,0,,1,0,1,0,0,0,0,6,995,995,6,6,1,0,0,0,0,0,0,995,995,995,995,995,995,995,995,995,1,0,1,0,0,0,0,995,0,5,1,1,106,995,995,995,995,995,995,995,995,995,0,0,0,0,0,0,1,995,995,995,995,995,995,995,995,995,995,995,995,995,1,0,1,0,0,0,0,0,0,0,0,0,0,"1,887.560263"
22029333,2,1,2202933301,1,1,2,0,6,3,1,0,0,0,0,0,0,0,3,0,0,0,0,0,0,1,999,1,1,0,995,995,995,995,995,995,995,995,6,1,1,1,5,8,1,36061.0,4,3,3,3,3,105,105,995,995,995,995,995,,995,995,30,995,995,995,995,995,1,2,13,6,0,,996,1,995,995,995,995,995,,995,995,995,995,995,995,995,995,995,995,995,995,995,,0,995,0,,1,0,1,0,1,0,0,3,7,995,995,6,0,0,1,0,0,0,0,995,995,995,995,995,995,995,995,995,1,1,0,0,0,0,0,995,995,6,995,995,105,0,0,0,0,0,0,0,0,1,0,0,0,1,0,0,0,995,995,995,995,995,995,995,995,995,995,995,995,995,3,1,0,1,1,0,0,0,0,0,0,0,0,797.6875206
22098027,42,7,2209802701,1,1,995,0,4,2,0,0,0,0,0,1,0,0,7,0,0,1,0,0,0,0,3,1,3,0,995,995,995,995,995,995,995,995,3,2,1,2,2,7,995,,995,1,2,4,4,105,105,995,995,995,995,995,,995,995,30,995,995,995,995,995,0,1,12,5,1,36061.0,2,3,105,995,995,995,995,,995,995,30,995,995,995,995,995,995,995,995,995,995,,0,995,0,,1,0,0,0,0,0,0,5,1,995,995,6,0,0,1,0,0,0,0,995,995,995,995,995,995,995,995,995,0,1,0,0,0,0,0,995,0,6,995,995,1,0,0,0,0,0,1,0,0,0,0,0,0,0,0,0,1,995,995,995,995,995,995,995,995,995,995,995,995,995,1,0,0,0,0,0,0,0,0,1,0,0,0,281.4320916
22108332,63,7,2210833201,1,1,2,0,7,3,0,0,0,0,1,0,0,0,5,1,0,0,0,0,0,0,1,2,1,1,0,0,1,0,0,0,0,0,2,2,1,1,2,12,995,,995,1,2,996,996,100,100,6,995,4,1,995,,995,995,995,995,995,995,995,995,2,3,995,995,995,,995,995,995,995,995,995,995,,995,995,995,995,995,995,995,995,0,0,1,0,995,,0,995,0,,0,0,0,0,0,0,1,995,995,995,6,6,0,0,1,0,0,0,0,995,995,995,995,995,995,995,995,995,1,1,0,0,0,1,0,995,0,1,995,995,995,0,1,0,0,0,1,0,1,0,0,0,0,0,0,0,1,995,995,995,995,995,995,995,995,995,995,995,995,995,3,0,0,0,0,0,0,1,0,0,0,0,0,701.6332565
22145062,36,7,2214506201,1,1,995,0,5,2,0,0,0,0,0,0,1,0,6,0,1,0,0,0,0,0,2,2,1,0,995,995,995,995,995,995,995,995,5,1,1,1,1,5,1,36047.0,8,2,2,996,996,103,103,995,995,995,995,995,,995,995,995,995,2,3,995,995,0,1,12,5,1,36047.0,3,996,102,995,995,995,995,,995,23,995,995,995,995,995,995,0,0,1,0,995,,0,995,0,,1,0,0,0,0,0,0,5,1,995,6,2,0,0,0,1,0,0,0,995,995,995,995,995,995,995,995,995,995,995,995,995,995,995,995,995,1,5,4,1,1,995,995,995,995,995,995,995,995,995,0,0,0,0,0,0,1,995,995,995,995,995,995,995,995,995,995,995,995,995,1,0,0,0,1,0,0,0,0,1,0,0,0,"1,757.551065"
22036910,36,4,2203691001,1,1,995,0,5,2,0,1,0,0,0,0,0,0,1,0,0,1,0,0,0,0,3,2,1,1,0,0,0,0,0,0,0,1,1,6,0,995,995,995,995,,995,995,995,995,995,995,995,995,995,995,995,995,,995,995,995,995,995,995,995,995,2,3,995,995,995,,995,995,995,995,995,995,995,,995,995,995,995,995,995,995,995,1,0,0,1,4,0.0,0,995,0,,0,1,0,0,0,0,0,995,995,1,997,2,1,0,0,0,0,0,0,995,995,995,995,995,995,995,995,995,995,995,995,995,995,995,995,995,1,1,995,995,995,0,1,0,0,0,0,0,0,0,1,0,0,0,0,0,0,995,995,995,995,995,995,995,995,995,995,995,995,995,1,1,0,0,0,0,0,0,0,0,0,0,0,"4,526.85369"
22056393,47,5,2205639301,1,1,995,0,5,2,0,0,0,0,1,0,0,0,5,1,0,0,0,0,0,0,1,2,1,0,995,995,995,995,995,995,995,995,7,2,1,1,2,8,995,,995,1,5,996,996,100,100,6,995,3,1,995,,995,995,995,995,995,995,995,995,0,1,13,6,1,36047.0,1,5,103,995,995,995,995,,995,995,995,995,2,3,995,995,0,0,1,0,995,,1,2,0,,1,0,1,0,0,0,0,5,50,995,6,1,1,0,1,1,0,1,0,995,995,995,995,995,995,995,995,995,995,995,995,995,995,995,995,995,1,5,1,1,105,995,995,995,995,995,995,995,995,995,0,0,0,0,0,0,1,995,995,995,995,995,995,995,995,995,995,995,995,995,1,0,1,0,0,0,0,0,0,0,0,0,0,557.0769788
22074962,2,1,2207496201,1,1,2,0,7,3,1,0,0,0,0,1,0,0,7,0,0,1,0,0,0,0,3,1,1,0,995,995,995,995,995,995,995,995,5,1,1,1,1,7,1,36081.0,5,1,1,995,996,103,103,995,995,995,995,995,,995,995,995,995,82,5,995,995,3,2,12,5,1,36061.0,995,3,995,995,995,995,995,,995,995,995,995,995,995,995,995,1,1,0,1,3,60.0,0,995,0,,1,0,0,0,0,0,0,5,1,995,6,1,0,0,0,1,0,0,0,995,995,995,995,995,995,995,995,995,995,995,995,995,995,995,995,995,0,1,995,995,995,0,0,0,1,0,0,0,0,0,0,0,0,0,0,0,1,995,995,995,995,995,995,995,995,995,995,995,995,995,2,0,0,0,0,0,1,0,1,1,1,0,0,153.2718634
22145511,2,1,2214551101,1,1,2,0,8,3,0,0,0,0,0,0,0,1,999,0,0,1,0,0,0,0,3,2,3,0,995,995,995,995,995,995,995,995,7,3,1,3,5,17,1,36061.0,4,4,996,996,996,995,995,995,995,995,995,995,,995,995,995,995,995,995,995,995,1,2,13,6,1,36061.0,996,996,995,995,995,995,995,,995,995,995,995,995,995,995,995,995,995,995,995,995,,0,995,0,,1,0,0,0,1,0,0,6,995,995,995,5,0,0,1,0,0,0,0,995,995,995,995,995,995,995,995,995,1,0,0,0,0,0,0,995,0,1,995,995,995,0,0,0,1,0,0,0,0,0,0,1,0,0,0,0,0,995,995,995,995,995,995,995,995,995,995,995,995,995,2,0,0,0,0,0,0,0,0,0,0,1,0,"4,799.304872"
22054081,88,6,2205408101,1,1,995,0,6,3,1,0,0,0,0,0,0,0,3,1,0,0,0,0,0,0,1,2,1,0,995,995,995,995,995,995,995,995,6,3,1,1,1,9,1,36047.0,8,2,3,996,996,105,105,995,995,995,995,995,,995,995,30,995,995,995,995,995,1,2,13,6,1,36061.0,3,996,105,995,995,995,995,,995,995,30,995,995,995,995,995,0,0,1,0,995,,0,995,0,,1,0,1,0,0,0,0,5,1,995,6,6,1,1,1,0,0,1,0,995,995,995,995,995,995,995,995,995,0,1,0,0,0,0,0,995,995,4,3,5,105,995,995,995,995,995,995,995,995,995,0,0,0,0,0,0,1,995,995,995,995,995,995,995,995,995,995,995,995,995,1,1,1,0,1,1,0,1,0,0,1,0,0,915.551788
22136642,29,7,2213664201,1,1,1,0,5,2,0,0,0,0,1,0,0,0,5,0,0,0,0,0,1,0,6,1,1,0,995,995,995,995,995,995,995,995,6,1,1,1,5,4,1,36061.0,4,3,3,3,3,105,105,995,995,995,995,995,,995,995,30,995,995,995,995,995,1,2,13,6,1,36047.0,2,6,105,995,995,995,995,,995,995,30,995,995,995,995,995,995,995,995,995,995,,0,995,0,,1,0,0,0,0,0,0,3,2,995,995,6,0,0,0,0,0,1,0,995,995,995,995,995,995,995,995,995,1,0,0,0,0,0,0,995,995,5,4,1,105,995,995,995,995,995,995,995,995,995,0,0,0,0,0,0,1,995,995,995,995,995,995,995,995,995,995,995,995,995,3,1,1,1,1,1,0,1,1,1,1,0,0,"5,203.569583"
22126316,1,1,2212631601,1,1,995,0,5,2,0,0,0,0,0,1,0,0,7,0,0,1,0,0,0,0,3,1,1,0,995,995,995,995,995,995,995,995,6,1,1,2,5,14,0,36059.0,11,4,5,1,1,102,102,995,995,995,995,995,,995,23,995,995,995,995,995,995,2,3,995,995,995,,995,995,995,995,995,995,995,,995,995,995,995,995,995,995,995,0,1,0,1,998,,0,995,0,,1,0,0,0,0,0,0,6,995,995,6,5,0,0,1,0,0,0,0,995,995,995,995,995,995,995,995,995,1,1,0,0,0,1,0,995,0,1,995,995,995,0,0,0,1,0,1,0,1,0,0,0,0,0,0,0,1,995,995,995,995,995,995,995,995,995,995,995,995,995,1,1,1,1,1,0,0,1,0,1,1,0,0,194.1009525
22017713,1,1,2201771301,1,1,1,0,5,2,0,1,0,0,0,0,0,0,1,1,0,0,0,0,0,0,1,1,1,1,0,0,0,0,0,1,0,0,6,7,1,1,2,1,995,,995,6,3,1,1,102,102,995,995,995,995,995,,995,23,995,995,995,995,995,995,0,1,12,5,1,36005.0,1,1,102,995,995,995,995,,995,23,995,995,995,995,995,995,995,995,995,995,995,,0,995,0,,1,0,0,0,0,0,0,5,7,995,995,996,995,995,995,995,995,995,995,0,0,1,0,0,0,0,0,0,995,995,995,995,995,995,995,995,995,995,995,995,995,995,995,995,995,995,995,995,995,995,0,0,0,0,0,0,1,995,995,995,995,995,995,995,995,995,995,995,995,995,1,1,0,0,0,0,0,0,0,0,0,0,0,177.4896778
22119081,38,5,2211908101,1,1,995,0,7,3,0,0,0,0,1,0,0,0,5,0,0,1,0,0,0,0,3,1,1,0,995,995,995,995,995,995,995,995,7,1,1,4,5,8,1,36085.0,10,4,5,2,2,100,100,6,995,3,1,995,,995,995,995,995,995,995,995,995,2,3,995,995,995,,995,995,995,995,995,995,995,,995,995,995,995,995,995,995,995,1,0,0,0,995,,0,995,0,,1,0,0,0,1,0,0,6,995,995,6,6,0,0,1,0,0,0,0,995,995,995,995,995,995,995,995,995,1,1,0,0,0,1,0,995,0,1,995,995,995,0,0,1,1,0,0,0,0,0,0,1,0,0,0,0,0,995,995,995,995,995,995,995,995,995,995,995,995,995,1,0,1,1,0,0,0,0,0,1,1,0,0,323.9862902
22088087,2,1,2208808701,1,1,2,0,5,2,0,0,0,0,1,0,0,0,5,1,0,0,0,0,0,0,1,2,1,0,995,995,995,995,995,995,995,995,7,2,1,2,5,4,1,36047.0,8,2,3,3,3,102,102,995,995,995,995,995,,995,23,995,995,995,995,995,995,0,1,13,6,1,36061.0,3,3,102,995,995,995,995,,995,23,995,995,995,995,995,995,995,995,995,995,995,,0,995,0,,0,0,1,0,0,0,0,995,995,995,995,6,1,0,0,0,0,0,0,995,995,995,995,995,995,995,995,995,1,0,0,0,0,0,0,995,995,2,3,3,101,995,995,995,995,995,995,995,995,995,0,0,0,1,0,0,0,995,995,995,995,995,995,995,995,995,995,995,995,995,1,1,0,0,0,0,0,0,0,0,0,0,0,190.4724085
22099828,20,7,2209982801,1,1,2,0,6,3,1,0,0,0,0,0,0,0,3,1,0,0,0,0,0,0,1,1,3,0,995,995,995,995,995,995,995,995,6,1,1,1,5,7,1,36005.0,2,3,5,1,1,104,104,995,995,995,995,995,,995,995,995,995,995,995,995,995,0,1,13,6,1,36005.0,4,3,105,995,995,995,995,,995,995,30,995,995,995,995,995,995,995,995,995,995,,0,995,0,,1,0,1,0,0,0,0,2,1,995,995,6,0,0,1,0,0,0,0,995,995,995,995,995,995,995,995,995,0,0,0,0,0,1,0,995,995,5,1,1,106,995,995,995,995,995,995,995,995,995,0,0,0,0,0,0,1,995,995,995,995,995,995,995,995,995,995,995,995,995,1,0,0,1,1,1,0,0,0,0,1,0,0,159.8562678
22074091,3,1,2207409101,1,1,2,0,4,2,1,0,0,0,1,0,0,0,7,1,0,0,0,0,0,0,1,1,3,1,0,1,0,0,0,0,0,0,6,5,0,995,995,995,995,,995,995,995,995,995,995,995,995,995,995,995,995,,995,995,995,995,995,995,995,995,0,1,13,6,1,36061.0,3,5,105,995,995,995,995,,995,995,30,995,995,995,995,995,995,995,995,995,995,,0,995,0,,1,0,1,0,0,0,0,5,1,995,995,6,1,0,1,0,0,0,0,995,995,995,995,995,995,995,995,995,1,0,0,0,0,1,0,995,995,5,1,1,996,995,995,995,995,995,995,995,995,995,0,0,0,0,0,0,1,995,995,995,995,995,995,995,995,995,995,995,995,995,3,0,1,0,0,0,0,0,0,1,1,0,0,167.5346376
22144625,24,7,2214462501,1,1,2,0,6,3,0,0,0,0,0,1,0,0,7,0,0,0,0,1,0,0,5,2,1,0,995,995,995,995,995,995,995,995,3,1,1,1,5,997,0,36119.0,11,2,2,3,3,100,100,6,995,3,1,995,,995,995,995,995,995,995,995,995,2,3,995,995,995,,995,995,995,995,995,995,995,,995,995,995,995,995,995,995,995,0,0,1,0,995,,0,995,0,,0,0,0,0,0,0,1,995,995,995,6,6,0,0,1,0,0,0,0,995,995,995,995,995,995,995,995,995,1,0,0,0,0,1,0,995,1,6,995,995,106,0,1,0,0,0,1,0,0,0,0,0,0,0,0,0,1,995,995,995,995,995,995,995,995,995,995,995,995,995,1,1,0,0,1,0,0,1,0,1,0,0,0,"2,218.560707"
22064500,1,1,2206450001,1,1,1,0,7,3,0,0,0,0,0,0,0,1,999,0,0,0,0,0,0,1,999,999,1,999,995,995,995,995,995,995,995,995,999,1,1,1,1,14,1,36047.0,8,1,1,995,996,100,100,6,995,3,2,995,,995,995,995,995,995,995,995,995,2,3,995,995,995,,995,995,995,995,995,995,995,,995,995,995,995,995,995,995,995,0,0,1,0,995,,0,995,0,,0,0,0,0,0,0,1,995,995,995,6,6,0,0,1,0,0,0,1,995,995,995,995,995,995,995,995,995,1,1,0,0,0,0,0,995,0,1,995,995,995,0,1,0,1,0,0,0,0,1,1,0,0,0,0,0,0,995,995,995,995,995,995,995,995,995,995,995,995,995,1,1,1,1,1,0,1,1,0,0,0,0,0,"5,204.129518"
22141006,3,1,2214100601,1,1,2,0,6,3,0,0,0,0,1,0,0,0,5,1,0,0,0,0,0,0,1,1,1,0,995,995,995,995,995,995,995,995,7,1,1,1,5,4,1,36061.0,4,3,2,4,4,107,107,995,995,995,995,995,,995,995,995,995,995,995,204,997,2,3,995,995,995,,995,995,995,995,995,995,995,,995,995,995,995,995,995,995,995,0,1,0,0,995,,0,995,0,,1,0,1,0,0,0,0,4,7,995,6,5,1,0,0,1,0,1,0,995,995,995,995,995,995,995,995,995,1,0,0,0,1,1,0,995,995,3,2,2,106,995,995,995,995,995,995,995,995,995,1,0,0,0,0,0,0,995,995,995,995,995,995,995,995,995,995,995,995,995,1,1,1,1,1,1,0,0,0,1,0,0,0,"13,812.33557"
22091118,2,1,2209111801,1,1,2,0,6,3,1,0,0,0,0,0,0,0,3,0,0,0,0,1,0,0,5,1,1,0,995,995,995,995,995,995,995,995,7,1,1,1,5,4,0,36119.0,11,3,4,2,2,100,100,6,995,4,1,995,,995,995,995,995,995,995,995,995,2,3,995,995,995,,995,995,995,995,995,995,995,,995,995,995,995,995,995,995,995,0,0,1,0,995,,1,1,1,36061.0,1,0,1,0,0,0,0,3,50,995,6,6,0,0,1,0,0,0,0,995,995,995,995,995,995,995,995,995,1,1,0,0,0,0,0,995,0,5,1,1,1,995,995,995,995,995,995,995,995,995,0,0,0,0,0,0,1,995,995,995,995,995,995,995,995,995,995,995,995,995,2,0,1,0,0,0,0,0,0,0,0,0,0,413.9480551
22099709,38,5,2209970901,1,1,995,0,8,3,1,0,0,0,0,0,0,0,3,1,0,0,0,0,0,0,1,2,1,1,0,0,0,0,0,0,1,0,2,3,1,1,2,12,995,,995,3,3,996,996,100,100,6,995,4,1,995,,995,995,995,995,995,995,995,995,2,3,995,995,995,,995,995,995,995,995,995,995,,995,995,995,995,995,995,995,995,0,0,1,0,995,,0,995,0,,1,0,0,0,0,0,0,6,995,995,6,3,0,0,1,0,0,0,1,995,995,995,995,995,995,995,995,995,995,995,995,995,995,995,995,995,1,1,995,995,995,0,0,0,1,0,0,0,0,0,1,0,0,0,0,0,0,995,995,995,995,995,995,995,995,995,995,995,995,995,3,0,0,0,0,0,0,0,0,1,0,0,0,"1,329.695232"
22000768,73,5,2200076801,1,1,995,0,6,3,0,0,0,0,1,0,0,0,5,0,0,0,1,0,1,0,7,1,3,1,0,0,1,0,0,0,0,0,6,1,1,1,1,14,1,36047.0,8,1,1,995,996,105,105,995,995,995,995,995,,995,995,30,995,995,995,995,995,2,3,995,995,995,,995,995,995,995,995,995,995,,995,995,995,995,995,995,995,995,995,995,995,995,995,,0,995,0,,1,0,0,0,0,0,0,3,2,995,995,6,0,1,0,0,0,0,0,995,995,995,995,995,995,995,995,995,1,1,0,0,0,1,1,995,995,5,1,5,1,995,995,995,995,995,995,995,995,995,0,0,0,0,0,0,1,995,995,995,995,995,995,995,995,995,995,995,995,995,3,1,1,1,1,1,1,1,0,1,1,0,0,203.7610143
22143744,33,5,2214374401,1,1,2,0,5,2,0,0,0,0,0,0,1,0,6,0,0,0,0,0,1,0,6,1,1,0,995,995,995,995,995,995,995,995,6,1,1,1,1,8,1,36081.0,6,1,1,995,996,100,100,6,995,3,2,995,,995,995,995,995,995,995,995,995,2,3,995,995,995,,995,995,995,995,995,995,995,,995,995,995,995,995,995,995,995,1,0,0,0,995,,1,2,1,36081.0,0,0,0,0,0,0,1,995,995,995,6,6,0,0,1,0,0,0,0,995,995,995,995,995,995,995,995,995,0,0,0,0,0,1,0,995,0,1,995,995,995,0,1,0,0,0,0,0,0,0,0,0,0,0,0,0,1,995,995,995,995,995,995,995,995,995,995,995,995,995,1,0,0,1,1,1,1,1,1,1,0,0,0,"2,537.807989"
22128168,50,7,2212816801,1,1,995,0,7,3,0,0,0,0,1,0,1,0,7,0,0,0,0,0,1,0,6,2,1,0,995,995,995,995,995,995,995,995,7,3,1,2,5,7,1,36081.0,7,4,5,3,3,102,102,995,995,995,995,995,,995,23,995,995,995,995,995,995,2,3,995,995,995,,995,995,995,995,995,995,995,,995,995,995,995,995,995,995,995,995,995,995,995,995,,0,995,0,,1,0,0,0,0,0,0,5,2,995,995,5,0,0,1,0,0,0,0,995,995,995,995,995,995,995,995,995,0,1,1,0,0,1,1,995,0,6,995,995,105,0,0,1,0,0,0,0,0,1,0,0,0,0,0,0,1,995,995,995,995,995,995,995,995,995,995,995,995,995,3,0,0,0,0,1,0,1,0,1,0,0,1,"3,374.985728"
22032905,76,7,2203290501,1,1,995,0,5,2,0,0,0,0,1,0,0,0,5,1,0,0,0,0,0,0,1,1,1,0,995,995,995,995,995,995,995,995,6,1,1,1,1,997,1,36061.0,3,1,1,995,996,105,105,995,995,995,995,995,,995,995,30,995,995,995,995,995,0,1,13,6,1,36061.0,1,996,105,995,995,995,995,,995,995,30,995,995,995,995,995,0,1,0,1,3,9.9,0,995,0,,1,0,0,0,0,0,0,6,995,995,6,5,0,0,1,0,0,0,0,995,995,995,995,995,995,995,995,995,1,1,1,0,0,0,0,995,0,1,995,995,995,0,0,1,1,0,0,0,0,0,0,0,0,0,0,0,1,995,995,995,995,995,995,995,995,995,995,995,995,995,3,0,1,1,1,1,0,0,0,1,1,0,0,198.8853827
22073366,45,6,2207336601,1,1,995,0,6,3,1,0,0,0,0,0,0,0,3,1,0,0,0,0,0,0,1,1,1,0,995,995,995,995,995,995,995,995,5,1,1,1,1,8,1,36061.0,4,1,1,995,996,105,105,995,995,995,995,995,,995,995,30,995,995,995,995,995,4,1,11,4,0,,995,1,995,995,995,995,995,,995,995,995,995,995,995,995,995,995,995,995,995,995,,1,2,1,36061.0,0,0,0,0,0,0,1,995,995,995,995,6,0,0,1,0,0,0,0,995,995,995,995,995,995,995,995,995,0,1,0,0,0,0,0,995,0,1,995,995,995,0,0,0,0,0,0,0,0,1,1,0,1,0,1,0,0,995,995,995,995,995,995,995,995,995,995,995,995,995,1,0,1,0,0,0,0,0,0,0,0,0,0,"2,149.912411"
22128210,23,6,2212821001,1,1,995,0,6,3,0,0,1,0,0,0,0,0,2,1,0,0,0,0,0,0,1,2,1,0,995,995,995,995,995,995,995,995,7,1,1,1,5,15,1,36061.0,4,3,4,1,1,100,100,7,995,4,4,1,3.3,995,995,995,995,995,995,995,995,2,3,995,995,995,,995,995,995,995,995,995,995,,995,995,995,995,995,995,995,995,1,0,0,0,995,,0,995,0,,1,0,0,0,0,0,0,6,995,995,7,5,0,0,1,0,0,0,0,995,995,995,995,995,995,995,995,995,1,1,0,0,0,1,1,995,0,1,995,995,995,0,1,1,1,0,1,0,0,0,0,0,0,0,0,1,0,995,995,995,995,995,995,995,995,995,995,995,995,995,2,0,0,0,1,1,0,0,0,0,0,0,0,186.1156531
22095948,21,7,2209594801,1,1,995,0,8,3,0,0,0,0,0,1,0,0,7,0,0,1,0,0,0,0,3,1,3,1,0,0,1,0,0,0,0,0,6,7,1,1,3,15,995,,995,995,995,995,1,995,995,995,995,995,995,995,,995,995,995,995,995,995,995,995,2,3,995,995,995,,995,995,995,995,995,995,995,,995,995,995,995,995,995,995,995,995,995,995,995,995,,0,995,0,,1,0,0,0,0,0,0,5,1,995,995,6,0,0,0,0,0,0,1,995,995,995,995,995,995,995,995,995,0,0,0,1,1,0,0,995,995,1,995,995,995,0,0,0,1,0,0,0,1,0,0,0,0,0,0,0,1,995,995,995,995,995,995,995,995,995,995,995,995,995,1,1,1,1,0,1,0,0,0,1,1,0,0,286.3603787
22114555,2,1,2211455501,1,1,1,0,8,3,0,0,0,0,0,0,0,1,999,0,0,0,0,0,0,1,999,2,1,999,995,995,995,995,995,995,995,995,3,1,1,1,1,997,1,36081.0,5,1,1,995,996,100,100,7,995,4,1,995,,995,995,995,995,995,995,995,995,2,3,995,995,995,,995,995,995,995,995,995,995,,995,995,995,995,995,995,995,995,1,0,0,1,3,200.0,1,2,0,,0,0,0,0,0,0,1,995,995,995,7,6,0,0,1,0,0,0,0,995,995,995,995,995,995,995,995,995,1,0,0,0,0,1,0,995,0,1,995,995,995,0,0,0,1,0,1,0,0,0,0,0,0,0,0,0,1,995,995,995,995,995,995,995,995,995,995,995,995,995,3,0,0,0,0,0,0,0,0,1,0,0,0,174.4162499
22109269,21,1,2210926901,1,1,1,0,5,2,0,0,0,0,0,1,0,0,7,1,0,0,0,0,0,0,1,1,1,0,995,995,995,995,995,995,995,995,3,2,1,3,4,10,995,,995,995,1,995,996,102,102,995,995,995,995,995,,995,23,995,995,995,995,995,995,0,1,11,4,1,36081.0,1,996,106,995,995,995,995,,49,995,995,995,995,995,995,995,0,1,0,1,3,39.5,1,4,1,36081.0,1,0,0,0,0,0,0,4,3,995,6,996,995,995,995,995,995,995,995,1,0,0,1,0,0,1,0,0,995,995,995,995,995,995,995,995,995,995,995,995,995,995,995,995,995,995,995,995,995,995,0,0,0,0,0,0,1,995,995,995,995,995,995,995,995,995,995,995,995,995,1,0,0,0,0,0,0,0,0,0,0,1,0,"2,637.460742"
22110898,26,7,2211089801,1,1,995,0,6,3,0,0,1,0,0,0,0,0,2,1,0,0,0,0,0,0,1,2,1,0,995,995,995,995,995,995,995,995,7,1,1,2,1,8,0,36103.0,11,1,1,995,996,100,100,6,995,3,1,995,,995,995,995,995,995,995,995,995,2,3,995,995,995,,995,995,995,995,995,995,995,,995,995,995,995,995,995,995,995,1,0,0,1,3,202.0,0,995,0,,1,0,1,0,0,0,0,5,50,995,6,5,0,0,1,0,0,0,0,995,995,995,995,995,995,995,995,995,1,0,1,0,0,0,0,995,0,5,4,4,100,995,995,995,995,995,995,995,995,995,1,0,0,0,0,0,0,995,995,995,995,995,995,995,995,995,995,995,995,995,1,1,1,1,1,1,1,0,1,1,1,0,0,"12,963.46155"
22046490,26,7,2204649001,1,1,995,0,5,2,0,0,0,0,1,0,0,0,5,1,0,0,0,0,0,0,1,4,1,1,0,0,0,1,0,0,0,0,6,3,1,1,5,9,0,36047.0,8,996,3,3,3,103,103,995,995,995,995,995,,995,995,995,995,202,995,995,995,2,3,995,995,995,,995,995,995,995,995,995,995,,995,995,995,995,995,995,995,995,995,995,995,995,995,,0,995,0,,1,0,1,0,0,0,0,3,1,995,995,3,1,1,1,1,0,1,0,995,995,995,995,995,995,995,995,995,995,995,995,995,995,995,995,995,0,3,4,2,106,995,995,995,995,995,995,995,995,995,0,0,0,0,0,0,1,995,995,995,995,995,995,995,995,995,995,995,995,995,1,0,0,0,0,0,0,0,0,0,0,1,0,209.2730847
22049679,2,6,2204967901,1,1,995,0,8,3,0,0,0,0,1,0,0,0,5,1,0,0,0,0,0,0,1,1,1,1,0,0,1,0,0,0,0,0,3,8,1,1,995,9,995,,995,995,995,995,995,995,995,995,995,995,995,995,,995,995,995,995,995,995,995,995,2,3,995,995,995,,995,995,995,995,995,995,995,,995,995,995,995,995,995,995,995,0,1,0,1,3,303.05,0,995,0,,1,0,1,0,0,0,0,3,7,995,6,5,1,1,1,1,0,1,0,995,995,995,995,995,995,995,995,995,0,0,1,0,0,0,1,995,0,4,3,2,105,995,995,995,995,995,995,995,995,995,0,0,0,0,0,1,0,995,995,995,995,995,995,995,995,995,995,995,995,995,1,0,1,1,1,0,0,0,0,1,0,0,0,595.731856
22066064,4,4,2206606401,1,1,995,0,5,2,0,0,0,0,1,0,0,0,5,1,0,0,0,0,0,0,1,2,1,999,995,995,995,995,995,995,995,995,999,1,1,1,1,10,1,36047.0,9,1,1,995,996,107,107,995,995,995,995,995,,995,995,995,995,995,995,204,5,2,3,995,995,995,,995,995,995,995,995,995,995,,995,995,995,995,995,995,995,995,0,0,1,0,995,,0,995,0,,0,0,0,0,0,0,1,995,995,995,996,6,0,0,1,0,0,0,0,995,995,995,995,995,995,995,995,995,0,0,0,0,0,1,0,995,1,1,995,995,995,0,1,0,0,0,0,0,0,0,1,0,0,0,0,0,0,995,995,995,995,995,995,995,995,995,995,995,995,995,1,0,0,0,1,1,0,0,0,0,0,0,0,"5,440.301216"
22073799,41,7,2207379901,1,1,995,0,6,3,0,0,0,0,0,0,0,1,999,0,0,0,0,0,0,1,999,999,1,0,995,995,995,995,995,995,995,995,6,1,1,1,5,1,1,36061.0,4,5,5,2,2,105,105,995,995,995,995,995,,995,995,30,995,995,995,995,995,2,3,995,995,995,,995,995,995,995,995,995,995,,995,995,995,995,995,995,995,995,1,0,0,0,995,,0,995,0,,1,0,0,0,0,0,0,6,995,995,6,5,1,0,0,0,0,0,0,995,995,995,995,995,995,995,995,995,1,1,1,0,0,0,0,995,1,6,995,995,1,0,1,1,0,0,0,0,0,0,0,0,0,0,0,0,1,995,995,995,995,995,995,995,995,995,995,995,995,995,1,1,1,1,1,1,1,1,1,1,0,0,0,"2,464.981915"
22031052,23,7,2203105201,1,1,2,0,5,2,1,0,0,0,0,0,0,0,3,0,0,0,0,1,0,0,5,1,1,0,995,995,995,995,995,995,995,995,7,1,1,1,1,7,1,36005.0,2,1,1,995,996,106,106,995,995,995,995,995,,49,995,995,995,995,995,995,995,1,2,13,6,1,36061.0,6,4,102,995,995,995,995,,995,38,995,995,995,995,995,995,1,0,0,1,3,252.5,0,995,0,,1,0,0,0,0,0,0,3,2,995,996,996,995,995,995,995,995,995,995,0,0,0,0,0,0,0,0,1,995,995,995,995,995,995,995,995,995,995,995,995,995,995,995,995,995,995,995,995,995,995,0,0,0,0,0,0,1,995,995,995,995,995,995,995,995,995,995,995,995,995,1,1,1,0,1,0,0,1,0,1,0,0,0,"2,696.311583"
22007982,7,4,2200798201,1,1,995,0,6,3,1,0,0,0,0,0,0,0,3,1,0,0,0,0,0,0,1,1,3,1,0,0,1,0,0,0,0,0,5,2,1,1,1,4,1,36061.0,4,1,3,3,3,105,105,995,995,995,995,995,,995,995,30,995,995,995,995,995,2,3,995,995,995,,995,995,995,995,995,995,995,,995,995,995,995,995,995,995,995,995,995,995,995,995,,0,995,0,,1,0,0,0,0,0,0,3,2,995,995,6,0,0,1,0,0,0,0,995,995,995,995,995,995,995,995,995,0,1,0,1,1,0,0,995,995,4,4,1,105,995,995,995,995,995,995,995,995,995,0,1,0,0,0,0,0,995,995,995,995,995,995,995,995,995,995,995,995,995,1,0,1,1,0,0,0,1,0,1,0,0,0,212.2939007
22145346,99,7,2214534601,1,1,2,0,6,3,1,0,0,0,0,0,0,0,3,1,0,0,0,0,0,0,1,2,1,1,0,0,1,0,0,0,0,0,2,1,1,1,2,5,995,,995,1,1,995,996,102,102,995,995,995,995,995,,995,55,995,995,995,995,995,995,2,3,995,995,995,,995,995,995,995,995,995,995,,995,995,995,995,995,995,995,995,1,0,0,1,3,101.04,1,2,1,36005.0,1,0,1,0,0,0,0,1,60,995,7,2,0,0,0,1,0,0,0,995,995,995,995,995,995,995,995,995,995,995,995,995,995,995,995,995,1,3,3,3,106,995,995,995,995,995,995,995,995,995,0,0,0,1,0,0,0,995,995,995,995,995,995,995,995,995,995,995,995,995,4,995,995,995,995,995,995,995,995,995,995,995,995,"1,093.298741"
22008079,24,7,2200807901,1,1,995,0,4,2,1,0,0,0,0,0,0,0,3,1,0,0,0,0,0,0,1,2,3,999,995,995,995,995,995,995,995,995,3,6,0,995,995,995,995,,995,995,995,995,995,995,995,995,995,995,995,995,,995,995,995,995,995,995,995,995,1,2,11,4,1,36005.0,1,996,105,995,995,995,995,,995,995,30,995,995,995,995,995,995,995,995,995,995,,1,2,1,36005.0,1,0,0,0,0,0,0,6,995,995,995,6,0,0,0,0,0,0,1,995,995,995,995,995,995,995,995,995,0,0,0,0,0,1,0,995,0,1,995,995,995,0,1,0,0,0,0,0,0,0,0,1,0,0,0,0,0,995,995,995,995,995,995,995,995,995,995,995,995,995,1,0,0,1,0,0,0,0,0,0,0,0,0,211.161433
22056392,56,7,2205639201,1,1,995,0,4,2,0,0,0,0,1,0,0,0,5,1,0,0,0,0,0,0,1,999,1,0,995,995,995,995,995,995,995,995,6,2,1,3,1,5,1,36061.0,4,3,3,996,996,103,103,995,995,995,995,995,,995,995,995,995,2,5,995,995,0,1,12,5,1,36061.0,1,4,103,995,995,995,995,,995,995,995,995,2,5,995,995,995,995,995,995,995,,0,995,0,,0,0,0,0,0,0,1,995,995,995,995,1,1,1,1,1,0,1,1,995,995,995,995,995,995,995,995,995,995,995,995,995,995,995,995,995,0,1,995,995,995,0,1,0,1,1,0,0,0,1,0,0,0,0,0,0,1,995,995,995,995,995,995,995,995,995,995,995,995,995,4,995,995,995,995,995,995,995,995,995,995,995,995,461.3403574
22070267,6,1,2207026701,1,1,0,0,5,2,0,0,0,0,0,0,0,1,999,0,0,0,0,0,0,1,999,999,1,999,995,995,995,995,995,995,995,995,3,5,0,995,995,995,995,,995,995,995,995,995,995,995,995,995,995,995,995,,995,995,995,995,995,995,995,995,0,1,13,6,1,36047.0,1,996,1,995,995,995,995,,995,995,995,995,995,995,995,995,995,995,995,995,995,,0,995,0,,1,0,0,0,0,0,0,5,4,995,995,6,0,0,0,0,0,1,0,995,995,995,995,995,995,995,995,995,1,0,0,0,1,1,0,995,0,1,995,995,995,0,0,1,0,0,1,0,1,0,0,0,0,0,0,0,1,995,995,995,995,995,995,995,995,995,995,995,995,995,2,0,0,0,1,0,0,1,0,0,0,0,0,"2,384.284891"
22108142,80,7,2210814201,1,1,995,0,4,2,0,0,1,0,0,0,0,0,2,1,0,0,0,0,0,0,1,2,1,999,995,995,995,995,995,995,995,995,999,5,0,995,995,995,995,,995,995,995,995,995,995,995,995,995,995,995,995,,995,995,995,995,995,995,995,995,0,1,7,2,1,36081.0,1,1,101,995,34,7,998,,995,995,995,995,995,995,995,995,1,0,0,0,995,,0,995,0,,0,0,0,0,0,0,1,995,995,995,7,5,0,0,1,0,0,0,0,995,995,995,995,995,995,995,995,995,0,1,0,0,0,0,0,995,0,1,995,995,995,0,0,1,1,0,0,0,0,0,1,0,0,0,1,0,0,995,995,995,995,995,995,995,995,995,995,995,995,995,4,995,995,995,995,995,995,995,995,995,995,995,995,"18,858.75226"
22052411,46,7,2205241101,1,1,2,0,8,3,0,0,0,0,1,1,0,0,7,1,0,0,0,0,0,0,1,1,1,0,995,995,995,995,995,995,995,995,7,1,1,1,1,7,1,36047.0,8,1,1,995,996,105,105,995,995,995,995,995,,995,995,30,995,995,995,995,995,1,2,13,6,1,36061.0,4,3,105,995,995,995,995,,995,995,30,995,995,995,995,995,1,0,0,0,995,,0,995,0,,1,0,0,0,0,0,0,6,995,995,6,6,0,1,1,0,0,0,0,995,995,995,995,995,995,995,995,995,1,1,0,0,0,0,0,995,0,6,995,995,105,0,0,0,0,1,1,0,0,0,0,0,0,0,0,1,0,995,995,995,995,995,995,995,995,995,995,995,995,995,4,995,995,995,995,995,995,995,995,995,995,995,995,"3,109.871248"
22013842,3,1,2201384201,1,1,2,0,4,2,1,0,0,0,0,1,0,0,7,0,0,1,0,0,0,0,3,1,3,1,0,0,0,0,0,0,0,1,3,1,1,1,1,5,1,36005.0,2,1,1,995,996,105,105,995,995,995,995,995,,995,995,30,995,995,995,995,995,1,2,12,5,1,36061.0,1,996,102,995,995,995,995,,995,23,995,995,995,995,995,995,995,995,995,995,995,,0,995,0,,1,0,0,0,0,0,0,6,995,995,995,996,995,995,995,995,995,995,995,1,0,0,0,0,0,0,0,0,995,995,995,995,995,995,995,995,995,995,995,995,995,995,995,995,995,995,995,995,995,995,0,0,0,0,0,0,1,995,995,995,995,995,995,995,995,995,995,995,995,995,1,1,1,1,0,0,0,0,0,1,1,0,0,177.1201769
22053339,1,1,2205333901,1,1,3,0,9,4,0,0,0,0,0,0,1,0,6,1,0,0,0,0,0,0,1,2,3,1,0,0,1,0,0,0,0,0,6,5,0,995,995,995,995,,995,995,995,995,995,995,995,995,995,995,995,995,,995,995,995,995,995,995,995,995,2,3,995,995,995,,995,995,995,995,995,995,995,,995,995,995,995,995,995,995,995,995,995,995,995,995,,0,995,0,,1,0,0,0,0,0,0,6,995,995,995,6,0,0,1,0,0,0,0,995,995,995,995,995,995,995,995,995,1,1,0,0,1,1,1,995,0,1,995,995,995,0,0,0,0,0,1,0,0,0,0,0,0,0,0,1,0,995,995,995,995,995,995,995,995,995,995,995,995,995,2,1,0,0,0,0,0,1,1,1,0,0,1,238.3700703
22081566,38,7,2208156601,1,1,995,0,6,3,0,0,0,0,0,0,1,0,6,0,1,0,0,0,0,0,2,1,1,0,995,995,995,995,995,995,995,995,6,1,1,1,1,13,1,36047.0,8,1,1,995,996,100,100,6,995,4,1,995,,995,995,995,995,995,995,995,995,1,2,11,4,1,36081.0,4,996,100,6,995,6,995,,995,995,995,995,995,995,995,995,0,0,1,0,995,,0,995,0,,1,0,0,0,0,0,0,6,995,995,6,996,995,995,995,995,995,995,995,1,0,0,1,0,0,0,0,0,995,995,995,995,995,995,995,995,0,995,995,995,995,995,995,995,995,995,995,995,995,995,0,0,0,0,0,0,1,995,995,995,995,995,995,995,995,995,995,995,995,995,3,1,1,1,1,1,1,1,1,1,1,0,0,283.8248752
22144424,34,7,2214442401,1,1,2,0,6,3,0,0,0,0,0,1,0,0,7,0,0,0,0,1,0,0,5,1,3,0,995,995,995,995,995,995,995,995,3,1,1,1,1,8,1,36005.0,2,1,1,995,996,105,105,995,995,995,995,995,,995,995,30,995,995,995,995,995,1,2,11,4,1,36005.0,4,4,105,995,995,995,995,,995,995,30,995,995,995,995,995,995,995,995,995,995,,0,995,0,,1,0,0,0,0,0,0,5,2,995,995,6,0,0,1,0,0,0,0,995,995,995,995,995,995,995,995,995,1,0,0,0,0,0,0,995,0,4,3,1,1,995,995,995,995,995,995,995,995,995,0,0,0,0,0,0,1,995,995,995,995,995,995,995,995,995,995,995,995,995,1,0,0,0,0,0,0,0,0,1,0,0,0,495.3028813
22012048,9,7,2201204801,1,1,2,0,6,3,0,0,1,0,1,0,0,0,7,1,0,0,0,0,0,0,1,2,1,0,995,995,995,995,995,995,995,995,7,1,1,2,5,15,1,36061.0,4,3,996,1,1,995,995,995,995,995,995,995,,995,995,995,995,995,995,995,995,2,3,995,995,995,,995,995,995,995,995,995,995,,995,995,995,995,995,995,995,995,995,995,995,995,995,,0,995,0,,1,1,1,0,1,0,0,5,1,5,995,5,1,0,1,1,0,0,0,995,995,995,995,995,995,995,995,995,1,0,0,0,0,0,0,995,0,6,995,995,105,0,1,0,1,0,0,0,0,1,0,1,0,0,0,0,0,995,995,995,995,995,995,995,995,995,995,995,995,995,1,1,1,0,1,0,1,0,0,0,0,0,0,506.2221585
22135730,61,7,2213573001,1,1,2,0,7,3,0,0,1,0,0,0,0,0,2,1,0,0,0,0,0,0,1,2,1,0,995,995,995,995,995,995,995,995,7,1,1,2,2,8,995,,995,1,1,995,996,100,100,6,995,3,4,1,1.15,995,995,995,995,995,995,995,995,2,3,995,995,995,,995,995,995,995,995,995,995,,995,995,995,995,995,995,995,995,0,0,1,0,995,,0,995,0,,0,0,0,0,0,0,1,995,995,995,6,5,1,0,1,0,0,0,0,995,995,995,995,995,995,995,995,995,1,0,1,0,0,0,0,995,0,6,995,995,106,0,0,0,1,0,1,0,0,0,0,0,0,0,0,0,1,995,995,995,995,995,995,995,995,995,995,995,995,995,1,1,1,1,1,1,1,1,1,1,1,0,0,799.4131503
22046937,4,1,2204693701,1,1,2,0,7,3,0,0,0,0,0,0,1,0,6,1,0,0,0,0,0,0,1,2,1,0,995,995,995,995,995,995,995,995,7,3,1,1,5,9,1,36047.0,8,1,4,1,1,100,100,6,995,3,1,995,,995,995,995,995,995,995,995,995,2,3,995,995,995,,995,995,995,995,995,995,995,,995,995,995,995,995,995,995,995,1,0,0,1,3,340.0,0,995,0,,1,0,0,0,0,0,0,6,995,995,6,6,0,0,1,0,0,0,0,995,995,995,995,995,995,995,995,995,1,0,0,0,0,1,0,995,0,1,995,995,995,0,0,0,0,0,1,0,0,0,0,0,0,0,0,0,1,995,995,995,995,995,995,995,995,995,995,995,995,995,2,0,0,0,0,0,0,0,0,0,0,1,0,"4,091.453087"
22119337,2,1,2211933701,1,1,1,0,5,2,0,0,1,0,0,0,0,0,2,1,0,0,0,0,0,0,1,4,3,0,995,995,995,995,995,995,995,995,3,2,1,1,3,7,995,,995,995,995,995,1,995,995,995,995,995,995,995,,995,995,995,995,995,995,995,995,0,1,12,5,1,36061.0,2,4,108,995,995,995,995,,995,995,995,175,995,995,995,995,995,995,995,995,995,,0,995,0,,0,0,0,0,0,0,1,995,995,995,995,6,0,0,1,0,0,0,0,995,995,995,995,995,995,995,995,995,1,0,0,0,0,1,0,995,0,1,995,995,995,0,0,0,1,0,0,0,0,0,0,0,0,0,0,0,1,995,995,995,995,995,995,995,995,995,995,995,995,995,1,1,0,0,0,0,1,0,0,0,0,0,0,"6,540.666491"
22083617,37,7,2208361701,1,1,995,0,4,2,0,0,1,0,0,0,0,0,2,0,0,0,0,0,0,1,999,1,1,0,995,995,995,995,995,995,995,995,4,1,1,1,4,5,995,,995,995,4,3,996,100,100,6,995,4,2,995,,995,995,995,995,995,995,995,995,2,3,995,995,995,,995,995,995,995,995,995,995,,995,995,995,995,995,995,995,995,0,1,0,1,3,252.5,0,995,0,,0,1,0,0,0,0,0,995,995,2,7,4,1,1,0,0,0,0,0,995,995,995,995,995,995,995,995,995,995,995,995,995,995,995,995,995,1,2,1,2,100,995,995,995,995,995,995,995,995,995,0,1,1,0,0,0,0,995,995,995,995,995,995,995,995,995,995,995,995,995,1,1,0,0,0,0,0,0,0,0,0,0,0,"3,908.449388"
22091352,1,1,2209135201,1,1,2,0,7,3,0,0,0,0,1,0,0,0,5,1,0,0,0,0,0,0,1,2,1,0,995,995,995,995,995,995,995,995,6,1,1,1,1,12,0,,995,3,3,4,4,105,105,995,995,995,995,995,,995,995,30,995,995,995,995,995,3,2,13,6,0,,995,2,995,995,995,995,995,,995,995,995,995,995,995,995,995,995,995,995,995,995,,1,6,0,,1,0,0,0,0,0,0,6,995,995,995,5,0,0,1,0,0,0,0,995,995,995,995,995,995,995,995,995,1,0,1,0,0,1,0,995,0,1,995,995,995,0,0,0,1,0,0,0,0,1,0,0,0,0,0,0,1,995,995,995,995,995,995,995,995,995,995,995,995,995,1,1,1,1,1,0,0,0,0,1,0,0,0,"1,286.719531"
22051391,3,1,2205139101,1,1,2,0,8,3,0,0,0,0,1,0,0,0,5,1,0,0,0,0,0,0,1,2,1,0,995,995,995,995,995,995,995,995,7,3,1,1,5,9,1,36047.0,8,3,3,3,3,1,1,995,995,995,995,995,,995,995,995,995,995,995,995,995,2,3,995,995,995,,995,995,995,995,995,995,995,,995,995,995,995,995,995,995,995,0,0,1,0,995,,1,2,0,,1,0,0,0,0,0,0,5,7,995,7,6,0,0,1,0,0,0,0,995,995,995,995,995,995,995,995,995,0,0,0,0,0,1,0,995,0,6,995,995,105,0,0,0,0,0,0,0,0,1,1,0,0,0,0,0,0,995,995,995,995,995,995,995,995,995,995,995,995,995,3,0,0,0,0,0,0,0,0,1,0,0,0,873.1283021
22071053,56,5,2207105301,1,1,1,0,5,2,0,0,0,0,0,0,1,0,6,0,0,0,0,0,1,0,6,1,1,0,995,995,995,995,995,995,995,995,5,1,1,1,1,997,1,36047.0,9,1,1,995,996,100,100,6,995,4,1,995,,995,995,995,995,995,995,995,995,4,1,12,5,1,36061.0,995,1,995,995,995,995,995,,995,995,995,995,995,995,995,995,0,0,1,0,995,,0,995,0,,0,1,0,1,1,1,0,995,995,5,6,3,1,0,0,0,0,0,0,995,995,995,995,995,995,995,995,995,995,995,995,995,995,995,995,995,0,3,2,3,108,995,995,995,995,995,995,995,995,995,0,0,0,0,0,1,0,995,995,995,995,995,995,995,995,995,995,995,995,995,995,995,995,995,995,995,995,995,995,995,995,995,995,"11,388.45009"
22047237,47,7,2204723701,1,1,2,0,9,4,0,0,0,0,1,0,0,0,5,1,0,0,0,0,0,0,1,2,1,1,0,0,0,0,0,0,1,0,7,3,1,2,2,13,995,,995,5,3,4,4,105,105,995,995,995,995,995,,995,995,30,995,995,995,995,995,2,3,995,995,995,,995,995,995,995,995,995,995,,995,995,995,995,995,995,995,995,995,995,995,995,995,,0,995,0,,1,0,0,0,0,0,0,6,995,995,995,3,1,0,1,0,0,1,1,995,995,995,995,995,995,995,995,995,995,995,995,995,995,995,995,995,1,6,995,995,1,0,0,0,1,0,0,0,0,0,0,0,0,0,0,0,1,995,995,995,995,995,995,995,995,995,995,995,995,995,1,0,0,0,0,0,0,0,0,0,0,1,0,"1,861.978194"
22074896,10,5,2207489601,1,1,995,0,5,2,0,0,1,0,0,0,0,0,2,0,0,0,0,0,0,1,999,2,1,0,995,995,995,995,995,995,995,995,1,5,0,995,995,995,995,,995,995,995,995,995,995,995,995,995,995,995,995,,995,995,995,995,995,995,995,995,0,1,13,6,1,36061.0,3,3,100,6,995,4,1,5.5,995,995,995,995,995,995,995,995,1,0,0,1,998,,0,995,0,,1,0,0,0,0,0,0,2,1,995,18,2,1,0,0,0,0,0,0,995,995,995,995,995,995,995,995,995,995,995,995,995,995,995,995,995,0,1,995,995,995,1,0,0,0,0,0,0,0,0,1,0,0,0,0,0,0,995,995,995,995,995,995,995,995,995,995,995,995,995,4,995,995,995,995,995,995,995,995,995,995,995,995,"7,417.914541"
22105831,14,7,2210583101,1,1,995,0,5,2,0,0,0,0,0,0,0,1,999,0,0,0,0,0,0,1,999,1,1,0,995,995,995,995,995,995,995,995,7,1,1,1,1,15,1,36005.0,2,1,1,995,996,100,100,6,995,3,5,998,,995,995,995,995,995,995,995,995,2,3,995,995,995,,995,995,995,995,995,995,995,,995,995,995,995,995,995,995,995,0,0,1,0,995,,0,995,0,,1,0,0,0,0,0,0,6,995,995,6,6,0,0,1,0,0,0,1,995,995,995,995,995,995,995,995,995,1,0,0,0,1,1,0,995,995,1,995,995,995,0,0,1,1,0,1,0,0,1,0,0,0,0,0,0,1,995,995,995,995,995,995,995,995,995,995,995,995,995,1,0,0,1,0,0,0,1,1,1,0,0,0,912.8050853
22012245,4,1,2201224501,1,1,2,0,5,2,0,0,0,0,0,1,0,0,7,0,0,1,0,0,0,0,3,4,3,0,995,995,995,995,995,995,995,995,3,5,0,995,995,995,995,,995,995,995,995,995,995,995,995,995,995,995,995,,995,995,995,995,995,995,995,995,4,1,12,5,1,36061.0,995,1,995,995,995,995,995,,995,995,995,995,995,995,995,995,995,995,995,995,995,,0,995,0,,1,0,0,0,0,0,0,6,995,995,995,6,1,1,1,1,1,1,0,995,995,995,995,995,995,995,995,995,1,0,0,0,0,1,0,995,995,1,995,995,995,0,1,0,0,0,0,0,0,0,0,0,0,0,0,1,0,995,995,995,995,995,995,995,995,995,995,995,995,995,1,1,1,1,1,1,1,0,0,0,0,0,0,177.171907
22095829,29,6,2209582901,1,1,995,0,5,2,0,0,0,0,0,0,0,1,999,0,0,0,0,1,0,0,5,1,1,0,995,995,995,995,995,995,995,995,5,2,1,1,1,997,1,36005.0,1,6,1,995,996,102,102,995,995,995,995,995,,995,23,995,995,995,995,995,995,2,3,995,995,995,,995,995,995,995,995,995,995,,995,995,995,995,995,995,995,995,0,0,1,0,995,,0,995,0,,1,0,0,0,0,0,0,3,2,995,6,6,0,0,1,0,0,0,0,995,995,995,995,995,995,995,995,995,0,0,0,0,0,1,0,995,0,6,995,995,1,0,1,0,0,0,0,0,0,0,0,0,0,0,0,0,1,995,995,995,995,995,995,995,995,995,995,995,995,995,1,1,0,1,0,0,0,0,0,1,1,0,0,"3,088.69308"
22121603,39,6,2212160301,1,1,2,0,7,3,0,0,0,0,1,0,0,0,5,1,0,0,0,0,0,0,1,2,1,0,995,995,995,995,995,995,995,995,6,1,1,1,5,4,1,36061.0,4,3,3,3,3,108,108,995,995,995,995,995,,995,995,995,175,995,995,995,995,2,3,995,995,995,,995,995,995,995,995,995,995,,995,995,995,995,995,995,995,995,1,0,0,0,995,,0,995,0,,0,0,0,0,0,0,1,995,995,995,6,6,0,0,1,0,0,0,0,995,995,995,995,995,995,995,995,995,1,1,0,1,1,1,0,995,0,1,995,995,995,0,1,1,1,1,1,0,1,0,0,0,0,0,0,0,1,995,995,995,995,995,995,995,995,995,995,995,995,995,3,1,0,0,1,1,0,0,0,1,1,0,0,880.4543682
22129707,54,6,2212970701,1,1,995,0,7,3,0,0,1,0,0,0,0,0,2,1,0,0,0,0,0,0,1,2,1,0,995,995,995,995,995,995,995,995,6,1,1,1,5,4,1,36061.0,4,996,6,1,1,100,100,6,995,3,4,1,3.3,995,995,995,995,995,995,995,995,2,3,995,995,995,,995,995,995,995,995,995,995,,995,995,995,995,995,995,995,995,1,0,0,1,3,272.76,0,995,0,,1,0,0,0,0,0,0,6,995,995,6,6,0,0,1,0,0,0,0,995,995,995,995,995,995,995,995,995,1,0,0,0,0,0,0,995,0,1,995,995,995,0,0,0,0,0,0,1,0,0,0,0,0,0,0,0,1,995,995,995,995,995,995,995,995,995,995,995,995,995,1,1,0,0,0,0,0,0,0,0,0,0,0,773.3426271
22035269,22,7,2203526901,1,1,2,0,5,2,0,0,0,0,1,1,0,0,7,0,0,0,0,1,0,0,5,2,1,0,995,995,995,995,995,995,995,995,7,1,1,1,1,14,1,36047.0,8,1,1,995,996,100,100,6,995,4,1,995,,995,995,995,995,995,995,995,995,2,3,995,995,995,,995,995,995,995,995,995,995,,995,995,995,995,995,995,995,995,1,0,0,0,995,,0,995,0,,1,0,0,0,0,0,0,5,7,995,6,6,0,0,1,0,0,0,0,995,995,995,995,995,995,995,995,995,1,1,0,0,0,0,0,995,0,1,995,995,995,0,0,0,0,0,1,0,1,0,0,0,0,0,0,0,1,995,995,995,995,995,995,995,995,995,995,995,995,995,3,0,0,0,1,0,0,1,0,0,1,0,0,"7,867.230043"
22020396,12,7,2202039601,1,1,995,0,6,3,0,0,0,0,0,1,1,0,7,0,0,1,0,0,1,0,7,1,1,0,995,995,995,995,995,995,995,995,3,1,1,1,5,15,1,36061.0,3,3,3,3,3,106,106,995,995,995,995,995,,49,995,995,995,995,995,995,995,2,3,995,995,995,,995,995,995,995,995,995,995,,995,995,995,995,995,995,995,995,0,0,1,0,995,,0,995,0,,1,0,1,0,1,0,0,3,2,995,6,4,0,0,1,1,0,0,0,995,995,995,995,995,995,995,995,995,995,995,995,995,995,995,995,995,995,3,4,6,106,995,995,995,995,995,995,995,995,995,0,1,0,0,0,0,0,995,995,995,995,995,995,995,995,995,995,995,995,995,1,1,1,0,1,1,0,0,0,0,0,0,0,323.1626722
22112897,2,1,2211289701,1,1,2,0,4,2,0,0,0,0,0,0,0,1,999,0,0,0,0,0,0,1,999,999,1,999,995,995,995,995,995,995,995,995,5,1,1,1,1,5,1,36085.0,10,1,996,996,996,995,995,995,995,995,995,995,,995,995,995,995,995,995,995,995,0,1,12,5,1,36085.0,996,996,995,995,995,995,995,,995,995,995,995,995,995,995,995,0,0,1,0,995,,0,995,0,,0,0,0,0,0,0,1,995,995,995,996,5,0,0,0,1,0,0,0,995,995,995,995,995,995,995,995,995,0,0,1,0,0,0,0,995,0,2,1,1,1,995,995,995,995,995,995,995,995,995,0,0,0,0,1,0,0,995,995,995,995,995,995,995,995,995,995,995,995,995,4,995,995,995,995,995,995,995,995,995,995,995,995,"5,495.889032"
22022915,25,7,2202291501,1,1,995,0,8,3,0,0,0,0,0,1,0,0,7,0,0,0,0,1,0,0,5,2,1,999,995,995,995,995,995,995,995,995,6,1,1,1,5,4,1,36081.0,5,1,3,3,3,105,105,995,995,995,995,995,,995,995,30,995,995,995,995,995,2,3,995,995,995,,995,995,995,995,995,995,995,,995,995,995,995,995,995,995,995,1,0,0,1,998,,0,995,0,,1,0,1,0,0,0,0,6,995,995,7,6,0,1,0,1,0,1,0,995,995,995,995,995,995,995,995,995,0,0,0,0,0,1,0,995,995,4,2,1,1,995,995,995,995,995,995,995,995,995,0,0,0,0,0,0,1,995,995,995,995,995,995,995,995,995,995,995,995,995,3,1,1,1,1,1,0,1,1,0,1,0,0,"8,734.20811"
22051424,2,1,2205142401,1,1,2,0,6,3,0,0,0,0,0,0,0,1,999,0,0,0,0,0,0,1,999,999,1,999,995,995,995,995,995,995,995,995,7,1,1,1,2,8,995,,995,1,1,995,996,100,100,7,995,3,1,995,,995,995,995,995,995,995,995,995,2,3,995,995,995,,995,995,995,995,995,995,995,,995,995,995,995,995,995,995,995,1,0,0,1,3,250.0,0,995,0,,1,0,0,0,0,1,0,5,99,995,7,3,1,1,1,0,0,1,0,995,995,995,995,995,995,995,995,995,995,995,995,995,995,995,995,995,0,1,995,995,995,0,0,0,1,0,0,0,0,0,0,0,0,1,0,0,0,995,995,995,995,995,995,995,995,995,995,995,995,995,3,1,1,1,0,1,0,0,0,1,1,0,0,"1,301.477654"
22083591,22,5,2208359101,1,1,995,0,5,2,0,0,0,0,1,0,0,0,5,0,0,0,0,0,0,1,999,2,1,0,995,995,995,995,995,995,995,995,3,1,1,1,1,5,0,36059.0,11,1,1,995,996,100,100,6,995,3,1,995,,995,995,995,995,995,995,995,995,2,3,995,995,995,,995,995,995,995,995,995,995,,995,995,995,995,995,995,995,995,1,0,0,1,3,202.0,0,995,0,,0,0,0,0,0,0,1,995,995,995,6,6,0,0,1,0,0,0,0,995,995,995,995,995,995,995,995,995,1,1,0,0,0,1,0,995,0,1,995,995,995,0,0,0,1,0,0,0,0,0,0,0,0,0,0,0,1,995,995,995,995,995,995,995,995,995,995,995,995,995,3,1,1,1,1,0,0,1,0,1,1,0,1,"2,137.738061"
22068514,9,1,2206851401,1,1,1,0,6,3,0,0,0,0,1,0,0,0,5,1,0,0,0,0,0,0,1,1,1,0,995,995,995,995,995,995,995,995,6,1,1,1,1,6,1,36047.0,9,1,1,995,996,100,100,6,995,3,2,995,,995,995,995,995,995,995,995,995,2,3,995,995,995,,995,995,995,995,995,995,995,,995,995,995,995,995,995,995,995,0,0,1,0,995,,0,995,0,,1,0,0,0,0,0,0,6,995,995,6,6,0,0,1,0,0,0,0,995,995,995,995,995,995,995,995,995,0,1,1,0,0,0,1,995,1,6,995,995,1,0,0,1,0,0,0,0,0,1,0,0,0,0,0,0,1,995,995,995,995,995,995,995,995,995,995,995,995,995,3,0,0,0,1,1,0,1,0,0,0,0,0,"1,766.476728"
22137070,34,7,2213707001,1,1,995,0,6,3,0,0,1,0,0,0,0,0,2,1,0,0,0,0,0,0,1,1,1,0,995,995,995,995,995,995,995,995,7,1,1,1,1,8,1,36061.0,4,2,2,996,996,100,100,6,995,3,1,995,,995,995,995,995,995,995,995,995,2,3,995,995,995,,995,995,995,995,995,995,995,,995,995,995,995,995,995,995,995,0,1,0,1,3,222.25,0,995,0,,0,0,0,0,0,0,1,995,995,995,6,6,0,0,1,0,0,0,0,995,995,995,995,995,995,995,995,995,0,0,0,0,0,1,0,995,0,6,995,995,104,0,0,0,0,0,0,0,0,1,0,0,0,0,0,0,1,995,995,995,995,995,995,995,995,995,995,995,995,995,1,1,1,1,1,1,0,0,0,0,0,0,0,631.759509
22143932,49,4,2214393201,1,1,995,0,8,3,0,0,0,0,1,0,0,0,5,0,0,0,0,0,1,0,6,2,1,0,995,995,995,995,995,995,995,995,7,1,1,1,1,8,1,36061.0,4,1,2,996,996,105,105,995,995,995,995,995,,995,995,30,995,995,995,995,995,2,3,995,995,995,,995,995,995,995,995,995,995,,995,995,995,995,995,995,995,995,1,0,0,0,995,,1,6,0,,1,0,0,0,0,0,0,5,50,995,7,6,1,0,1,0,0,0,0,995,995,995,995,995,995,995,995,995,0,0,1,0,0,0,0,995,0,6,995,995,101,0,0,1,0,0,0,0,0,0,0,0,0,0,0,0,1,995,995,995,995,995,995,995,995,995,995,995,995,995,3,1,0,0,0,0,0,0,0,0,0,0,0,"1,471.589827"
22086069,94,7,2208606901,1,1,2,0,6,3,0,0,0,0,0,0,1,0,6,0,0,0,0,1,0,0,5,2,1,999,995,995,995,995,995,995,995,995,999,1,1,1,1,997,0,36061.0,11,1,1,995,996,100,100,6,995,3,998,995,,995,995,995,995,995,995,995,995,2,3,995,995,995,,995,995,995,995,995,995,995,,995,995,995,995,995,995,995,995,0,0,1,0,995,,0,995,0,,0,0,0,0,0,0,1,995,995,995,6,5,0,0,1,0,0,0,0,995,995,995,995,995,995,995,995,995,1,0,0,0,0,0,0,995,0,1,995,995,995,0,0,0,1,0,0,0,0,0,0,0,0,0,0,0,1,995,995,995,995,995,995,995,995,995,995,995,995,995,1,0,0,0,0,0,0,1,0,0,0,0,0,"3,627.561872"
22089935,52,4,2208993501,1,1,995,0,6,3,1,0,0,0,0,0,0,0,3,1,0,0,0,0,0,0,1,2,1,0,995,995,995,995,995,995,995,995,6,1,1,1,1,15,1,36005.0,2,1,1,995,996,105,105,995,995,995,995,995,,995,995,30,995,995,995,995,995,2,3,995,995,995,,995,995,995,995,995,995,995,,995,995,995,995,995,995,995,995,995,995,995,995,995,,0,995,0,,1,0,1,0,0,1,0,5,50,995,995,6,0,0,1,0,0,0,0,995,995,995,995,995,995,995,995,995,0,1,0,0,0,0,0,995,1,6,995,995,105,0,1,0,1,0,0,0,0,0,0,1,1,1,0,1,0,995,995,995,995,995,995,995,995,995,995,995,995,995,1,0,0,0,0,0,0,0,0,1,0,0,0,123.2363907
22137390,32,7,2213739001,1,1,995,0,5,2,0,0,0,0,0,0,1,0,6,0,1,0,0,0,0,0,2,1,3,0,995,995,995,995,995,995,995,995,6,2,1,2,5,9,1,36061.0,4,3,3,3,3,106,106,995,995,995,995,995,,49,995,995,995,995,995,995,995,2,3,995,995,995,,995,995,995,995,995,995,995,,995,995,995,995,995,995,995,995,995,995,995,995,995,,0,995,0,,1,0,0,0,0,0,0,1,2,995,995,6,0,0,1,0,0,0,0,995,995,995,995,995,995,995,995,995,1,0,0,0,0,0,0,995,995,1,995,995,995,0,0,0,0,0,1,0,0,0,0,0,0,0,0,0,1,995,995,995,995,995,995,995,995,995,995,995,995,995,1,1,1,1,1,0,0,1,1,1,1,0,0,"4,575.222561"
22105100,49,7,2210510001,1,1,995,0,5,2,0,0,0,0,0,1,0,0,7,0,0,1,0,0,0,0,3,2,1,0,995,995,995,995,995,995,995,995,4,1,1,1,1,7,0,36059.0,11,2,2,996,996,100,100,6,995,3,1,995,,995,995,995,995,995,995,995,995,0,1,11,4,1,36047.0,4,3,100,6,995,4,1,0.45,995,995,995,995,995,995,995,995,1,0,0,0,995,,0,995,0,,1,0,1,0,0,0,0,6,995,995,6,996,995,995,995,995,995,995,995,1,1,0,1,0,0,0,0,0,995,995,995,995,995,995,995,995,1,995,995,995,995,995,995,995,995,995,995,995,995,995,0,0,0,0,0,0,1,995,995,995,995,995,995,995,995,995,995,995,995,995,4,995,995,995,995,995,995,995,995,995,995,995,995,"1,400.19629"
22142489,48,6,2214248901,1,1,995,0,6,3,0,0,0,0,1,0,0,0,5,0,1,0,0,0,0,0,2,1,1,0,995,995,995,995,995,995,995,995,6,2,1,3,2,9,995,,995,3,3,3,3,1,1,995,995,995,995,995,,995,995,995,995,995,995,995,995,2,3,995,995,995,,995,995,995,995,995,995,995,,995,995,995,995,995,995,995,995,995,995,995,995,995,,0,995,0,,1,1,1,0,0,0,0,5,1,6,995,6,0,0,1,0,0,0,0,995,995,995,995,995,995,995,995,995,1,0,1,0,0,1,0,995,1,6,995,995,1,0,1,0,0,0,0,0,0,0,1,0,0,0,0,0,0,995,995,995,995,995,995,995,995,995,995,995,995,995,1,1,1,0,0,0,0,0,0,1,0,0,0,"3,352.999086"
22054001,27,7,2205400101,1,1,995,0,6,3,0,0,0,0,0,0,0,1,999,0,0,0,0,0,0,1,999,2,1,0,995,995,995,995,995,995,995,995,6,1,1,1,1,9,0,36081.0,11,2,996,996,996,995,995,995,995,995,995,995,,995,995,995,995,995,995,995,995,2,3,995,995,995,,995,995,995,995,995,995,995,,995,995,995,995,995,995,995,995,0,0,1,0,995,,0,995,0,,0,0,0,0,0,0,1,995,995,995,6,6,1,0,0,0,0,0,0,995,995,995,995,995,995,995,995,995,1,0,0,0,0,0,0,995,1,6,995,995,996,0,0,0,0,0,1,0,0,0,1,0,0,0,0,0,0,995,995,995,995,995,995,995,995,995,995,995,995,995,3,1,0,1,1,1,0,1,0,1,0,0,0,"2,313.795349"
22129440,2,1,2212944001,1,1,2,0,7,3,0,0,1,0,0,0,0,0,2,1,0,0,0,0,0,0,1,2,1,0,995,995,995,995,995,995,995,995,7,1,1,1,1,15,1,36061.0,3,2,3,4,4,105,105,995,995,995,995,995,,995,995,30,995,995,995,995,995,2,3,995,995,995,,995,995,995,995,995,995,995,,995,995,995,995,995,995,995,995,0,1,1,1,3,140.0,0,995,0,,0,0,0,0,0,0,1,995,995,995,6,5,1,0,0,0,0,0,0,995,995,995,995,995,995,995,995,995,1,1,1,0,0,1,0,995,0,1,995,995,995,0,1,1,1,0,1,0,1,0,0,0,0,0,0,0,1,995,995,995,995,995,995,995,995,995,995,995,995,995,1,1,1,0,1,0,0,1,0,1,1,0,0,338.3982058
22113223,79,7,2211322301,1,1,995,0,8,3,0,0,0,0,0,0,0,1,999,1,0,0,0,0,0,0,1,2,1,0,995,995,995,995,995,995,995,995,7,2,1,1,1,7,1,36085.0,10,1,3,1,1,101,100,995,34,4,1,995,,995,995,995,995,995,995,995,995,2,3,995,995,995,,995,995,995,995,995,995,995,,995,995,995,995,995,995,995,995,1,0,1,0,995,,0,995,0,,0,0,0,0,0,0,1,995,995,995,7,6,0,0,1,0,0,0,0,995,995,995,995,995,995,995,995,995,0,0,0,0,0,1,0,995,0,1,995,995,995,0,0,0,0,0,0,0,0,1,0,0,0,0,0,0,1,995,995,995,995,995,995,995,995,995,995,995,995,995,2,0,0,1,0,0,0,0,0,0,0,0,0,170.8237966
22105988,64,7,2210598801,1,1,995,0,8,3,0,0,1,0,0,0,0,0,2,1,0,0,0,0,0,0,1,1,1,0,995,995,995,995,995,995,995,995,7,1,1,1,5,8,1,36061.0,4,1,3,1,1,100,100,7,995,3,5,3,404.0,995,995,995,995,995,995,995,995,2,3,995,995,995,,995,995,995,995,995,995,995,,995,995,995,995,995,995,995,995,1,0,0,0,995,,0,995,0,,0,0,0,0,0,0,1,995,995,995,7,6,0,0,1,0,0,0,0,995,995,995,995,995,995,995,995,995,1,0,0,0,0,0,0,995,0,1,995,995,995,0,0,1,0,0,0,0,0,0,0,0,0,0,0,0,1,995,995,995,995,995,995,995,995,995,995,995,995,995,1,1,1,1,1,1,1,1,1,1,0,0,0,781.6574448
22060078,9,6,2206007801,1,1,1,0,7,3,0,0,0,0,1,0,0,0,5,0,0,0,0,0,1,0,6,1,1,1,1,0,1,0,0,1,0,0,2,5,0,995,995,995,995,,995,995,995,995,995,995,995,995,995,995,995,995,,995,995,995,995,995,995,995,995,2,3,995,995,995,,995,995,995,995,995,995,995,,995,995,995,995,995,995,995,995,995,995,995,995,995,,0,995,0,,1,0,0,0,0,0,0,5,7,995,995,6,1,0,0,0,0,0,0,995,995,995,995,995,995,995,995,995,1,0,0,0,0,0,0,995,0,1,995,995,995,0,0,1,0,0,0,0,0,0,1,0,0,0,0,0,0,995,995,995,995,995,995,995,995,995,995,995,995,995,2,0,0,0,0,0,0,0,0,1,0,0,0,"8,814.268138"
22138299,7,1,2213829901,1,1,2,0,7,3,0,0,0,0,0,1,0,0,7,0,0,0,0,0,0,1,999,1,1,0,995,995,995,995,995,995,995,995,2,3,1,2,4,997,995,,995,995,1,995,996,100,100,6,995,4,5,2,50.0,995,995,995,995,995,995,995,995,2,3,995,995,995,,995,995,995,995,995,995,995,,995,995,995,995,995,995,995,995,0,1,0,1,3,550.0,0,995,0,,1,0,0,0,0,0,0,6,995,995,6,2,1,0,0,0,0,0,0,995,995,995,995,995,995,995,995,995,995,995,995,995,995,995,995,995,1,6,995,995,103,0,1,0,0,0,0,0,0,0,0,0,0,0,0,0,1,995,995,995,995,995,995,995,995,995,995,995,995,995,1,0,0,0,1,0,0,0,0,0,0,0,0,"3,019.609428"
22145159,11,6,2214515901,1,1,2,0,7,3,0,0,0,0,0,0,1,0,6,1,0,0,0,0,0,0,1,1,1,1,0,0,1,0,0,0,0,0,6,1,1,1,5,1,1,36061.0,4,3,3,3,3,102,102,995,995,995,995,995,,995,55,995,995,995,995,995,995,2,3,995,995,995,,995,995,995,995,995,995,995,,995,995,995,995,995,995,995,995,0,0,1,0,995,,0,995,0,,1,0,0,0,0,0,0,3,1,995,7,6,0,0,1,0,0,0,0,995,995,995,995,995,995,995,995,995,1,0,0,0,0,0,0,995,0,1,995,995,995,0,0,1,0,0,0,0,0,0,0,0,0,0,0,0,1,995,995,995,995,995,995,995,995,995,995,995,995,995,4,995,995,995,995,995,995,995,995,995,995,995,995,"4,438"
22061707,5,1,2206170701,1,1,2,0,9,4,0,0,0,0,0,0,0,1,999,0,0,0,0,0,0,1,999,2,1,0,995,995,995,995,995,995,995,995,7,3,1,1,2,2,995,,995,4,3,4,4,100,100,7,995,4,5,1,12.0,995,995,995,995,995,995,995,995,2,3,995,995,995,,995,995,995,995,995,995,995,,995,995,995,995,995,995,995,995,0,0,1,0,995,,1,2,1,36061.0,0,0,0,0,0,0,1,995,995,995,7,6,0,0,1,0,0,0,0,995,995,995,995,995,995,995,995,995,0,1,0,0,0,0,0,995,0,1,995,995,995,0,0,0,0,0,0,0,0,1,0,0,0,0,0,0,1,995,995,995,995,995,995,995,995,995,995,995,995,995,4,995,995,995,995,995,995,995,995,995,995,995,995,"5,381.226909"
22061709,34,6,2206170901,1,1,995,0,5,2,0,0,0,0,0,1,0,0,7,0,0,0,0,1,0,0,5,1,1,999,995,995,995,995,995,995,995,995,999,1,1,1,2,4,995,,995,4,4,4,4,1,1,995,995,995,995,995,,995,995,995,995,995,995,995,995,0,1,13,6,1,36061.0,2,3,105,995,995,995,995,,995,995,41,995,995,995,995,995,0,1,0,0,995,,0,995,0,,0,0,0,0,0,0,1,995,995,995,7,1,0,1,0,0,0,0,0,995,995,995,995,995,995,995,995,995,995,995,995,995,995,995,995,995,0,2,1,997,105,995,995,995,995,995,995,995,995,995,0,0,1,0,0,0,0,995,995,995,995,995,995,995,995,995,995,995,995,995,4,995,995,995,995,995,995,995,995,995,995,995,995,"22,661.13647"
22118387,13,7,2211838701,1,1,995,0,6,3,0,0,0,0,0,0,0,1,999,0,0,0,0,0,0,1,999,999,1,999,995,995,995,995,995,995,995,995,2,1,1,1,1,12,0,,995,1,1,995,996,100,100,6,995,3,1,995,,995,995,995,995,995,995,995,995,2,3,995,995,995,,995,995,995,995,995,995,995,,995,995,995,995,995,995,995,995,1,0,0,0,995,,0,995,0,,0,1,0,0,0,0,0,995,995,1,6,1,1,0,0,0,0,0,1,995,995,995,995,995,995,995,995,995,995,995,995,995,995,995,995,995,995,1,995,995,995,1,0,0,0,0,0,0,0,0,1,0,0,0,0,0,0,995,995,995,995,995,995,995,995,995,995,995,995,995,1,1,0,0,0,0,0,0,0,0,0,0,0,693.5165757
22017267,37,4,2201726701,1,1,995,0,6,3,0,0,0,0,0,0,1,0,6,0,0,1,0,0,1,0,7,2,1,0,995,995,995,995,995,995,995,995,2,1,1,1,1,14,1,36061.0,3,1,1,995,996,100,100,6,995,4,1,995,,995,995,995,995,995,995,995,995,2,3,995,995,995,,995,995,995,995,995,995,995,,995,995,995,995,995,995,995,995,0,1,0,0,995,,0,995,0,,0,0,0,0,0,0,1,995,995,995,6,6,0,0,1,0,0,0,0,995,995,995,995,995,995,995,995,995,1,0,0,0,0,0,0,995,0,1,995,995,995,0,1,0,0,0,0,0,0,0,0,0,0,0,0,0,1,995,995,995,995,995,995,995,995,995,995,995,995,995,3,1,1,1,1,1,0,1,0,1,1,0,0,"6,769.870467"
22015459,40,7,2201545901,1,1,995,0,4,2,0,0,0,0,0,0,0,1,999,0,0,0,0,0,1,0,6,1,1,0,995,995,995,995,995,995,995,995,999,6,0,995,995,995,995,,995,995,995,995,995,995,995,995,995,995,995,995,,995,995,995,995,995,995,995,995,0,1,11,4,0,36119.0,2,4,100,6,995,2,998,,995,995,995,995,995,995,995,995,0,0,1,0,995,,0,995,0,,1,0,0,0,0,0,0,6,995,995,6,1,0,0,0,0,0,0,1,995,995,995,995,995,995,995,995,995,995,995,995,995,995,995,995,995,0,6,995,995,1,0,0,0,1,0,0,0,0,0,0,0,0,0,0,0,1,995,995,995,995,995,995,995,995,995,995,995,995,995,4,995,995,995,995,995,995,995,995,995,995,995,995,"7,132.248359"
22045526,53,7,2204552601,1,1,995,0,6,3,0,0,0,0,1,0,0,0,5,1,0,0,0,0,0,0,1,1,1,0,995,995,995,995,995,995,995,995,7,1,1,1,1,14,1,36061.0,4,1,1,995,996,107,107,995,995,995,995,995,,995,995,995,995,995,995,204,5,2,3,995,995,995,,995,995,995,995,995,995,995,,995,995,995,995,995,995,995,995,0,0,1,0,995,,0,995,0,,1,0,1,0,0,1,0,6,995,995,6,5,1,0,1,0,0,0,0,995,995,995,995,995,995,995,995,995,1,0,1,0,0,0,0,995,0,3,4,2,1,995,995,995,995,995,995,995,995,995,1,0,0,1,0,0,0,995,995,995,995,995,995,995,995,995,995,995,995,995,1,0,0,1,1,0,0,0,0,1,0,0,0,813.9642396
22083656,61,7,2208365601,1,1,995,0,6,3,0,0,0,0,0,0,1,0,6,0,1,0,0,0,0,0,2,2,1,0,995,995,995,995,995,995,995,995,3,1,1,1,4,12,995,,995,995,1,995,996,100,100,6,995,4,1,995,,995,995,995,995,995,995,995,995,2,3,995,995,995,,995,995,995,995,995,995,995,,995,995,995,995,995,995,995,995,0,0,1,0,995,,0,995,0,,1,0,0,0,0,0,0,6,995,995,6,5,0,0,1,0,0,0,0,995,995,995,995,995,995,995,995,995,1,0,0,0,0,0,0,995,0,1,995,995,995,0,0,0,1,0,0,0,0,0,1,0,0,1,0,0,0,995,995,995,995,995,995,995,995,995,995,995,995,995,1,0,0,0,1,0,0,1,0,1,0,0,0,253.2373316
22121514,38,7,2212151401,1,1,995,0,4,2,0,0,1,0,0,0,0,0,2,1,0,0,0,0,0,0,1,2,1,999,995,995,995,995,995,995,995,995,1,5,0,995,995,995,995,,995,995,995,995,995,995,995,995,995,995,995,995,,995,995,995,995,995,995,995,995,1,2,7,2,1,36085.0,1,1,102,995,995,995,995,,995,23,995,995,995,995,995,995,1,0,0,0,995,,0,995,0,,1,0,0,0,0,0,0,5,1,995,18,4,0,0,1,0,0,0,0,995,995,995,995,995,995,995,995,995,995,995,995,995,995,995,995,995,0,6,995,995,1,0,0,0,1,0,0,0,0,0,0,0,0,0,1,0,0,995,995,995,995,995,995,995,995,995,995,995,995,995,1,0,1,0,0,0,0,0,0,0,0,0,0,"5,814.324662"
22120314,4,1,2212031401,1,1,2,0,8,3,0,0,0,0,1,0,0,0,5,1,0,0,0,0,0,0,1,2,1,0,995,995,995,995,995,995,995,995,7,2,1,4,2,4,995,,995,4,5,3,3,100,100,7,995,4,1,995,,995,995,995,995,995,995,995,995,2,3,995,995,995,,995,995,995,995,995,995,995,,995,995,995,995,995,995,995,995,0,0,1,0,995,,0,995,0,,1,0,0,0,0,0,0,6,995,995,7,6,0,0,1,0,0,0,0,995,995,995,995,995,995,995,995,995,1,0,0,0,0,0,0,995,0,1,995,995,995,0,0,1,0,0,0,0,0,0,0,0,0,0,0,0,1,995,995,995,995,995,995,995,995,995,995,995,995,995,1,1,1,1,1,0,0,1,1,1,0,0,0,718.8232687
22077557,38,5,2207755701,1,1,995,0,4,2,0,0,0,0,0,0,0,1,999,0,1,0,0,0,1,0,7,2,3,0,995,995,995,995,995,995,995,995,999,5,0,995,995,995,995,,995,995,995,995,995,995,995,995,995,995,995,995,,995,995,995,995,995,995,995,995,0,1,7,2,1,36081.0,1,996,102,995,995,995,995,,995,23,995,995,995,995,995,995,995,995,995,995,995,,0,995,0,,0,0,0,0,0,0,1,995,995,995,995,5,0,0,1,0,0,0,0,995,995,995,995,995,995,995,995,995,1,0,0,0,0,1,0,995,0,1,995,995,995,0,0,0,0,0,0,0,0,1,0,0,0,0,0,0,1,995,995,995,995,995,995,995,995,995,995,995,995,995,1,1,1,1,0,0,1,0,0,1,0,0,0,"4,412.315268"
22004698,64,5,2200469801,1,1,995,0,4,2,1,0,0,0,1,0,0,0,7,0,0,0,0,1,0,0,5,1,3,0,995,995,995,995,995,995,995,995,3,2,1,1,5,7,1,36061.0,4,3,3,4,4,105,105,995,995,995,995,995,,995,995,30,995,995,995,995,995,0,1,12,5,1,36061.0,2,6,105,995,995,995,995,,995,995,30,995,995,995,995,995,995,995,995,995,995,,0,995,0,,995,995,995,995,995,995,995,995,995,995,995,4,0,0,1,0,0,0,0,995,995,995,995,995,995,995,995,995,995,995,995,995,995,995,995,995,0,6,995,995,1,0,1,0,0,0,0,0,0,0,0,0,0,0,0,0,1,995,995,995,995,995,995,995,995,995,995,995,995,995,1,1,1,1,1,0,0,0,0,1,1,0,0,177.3196356
22044740,40,7,2204474001,1,1,2,0,5,2,0,0,0,0,0,0,0,1,999,0,0,0,0,0,1,0,6,1,3,0,995,995,995,995,995,995,995,995,7,1,1,3,2,7,995,,995,1,1,995,996,105,105,995,995,995,995,995,,995,995,30,995,995,995,995,995,3,2,13,6,1,36047.0,995,4,995,995,995,995,995,,995,995,995,995,995,995,995,995,995,995,995,995,995,,0,995,0,,1,0,1,0,1,0,0,5,2,995,995,6,0,0,1,0,0,0,0,995,995,995,995,995,995,995,995,995,0,0,1,0,0,0,1,995,0,4,1,1,1,995,995,995,995,995,995,995,995,995,0,0,0,0,0,0,1,995,995,995,995,995,995,995,995,995,995,995,995,995,3,0,1,1,0,0,0,0,0,1,1,0,0,"5,037.538956"
22015856,3,1,2201585601,1,1,2,0,5,2,1,0,0,0,0,0,0,0,3,0,0,1,0,0,0,0,3,1,3,0,995,995,995,995,995,995,995,995,1,2,1,1,1,997,1,36061.0,4,1,2,996,996,105,105,995,995,995,995,995,,995,995,30,995,995,995,995,995,0,1,997,7,1,36005.0,1,996,105,995,995,995,995,,995,995,30,995,995,995,995,995,995,995,995,995,995,,0,995,0,,1,0,0,0,0,0,0,6,995,995,995,6,1,1,0,0,0,0,0,995,995,995,995,995,995,995,995,995,1,1,0,0,0,0,0,995,0,1,995,995,995,0,0,0,0,0,1,0,0,0,1,0,0,0,0,0,0,995,995,995,995,995,995,995,995,995,995,995,995,995,4,995,995,995,995,995,995,995,995,995,995,995,995,"1,592.432757"
22027371,49,7,2202737101,1,1,995,0,6,3,1,0,0,0,0,0,0,0,3,1,0,0,0,0,0,0,1,2,3,0,995,995,995,995,995,995,995,995,3,2,1,1,1,997,1,36005.0,1,1,1,995,996,103,103,995,995,995,995,995,,995,995,995,995,82,5,995,995,0,1,12,5,0,36119.0,1,1,104,995,995,995,995,,995,995,995,995,995,995,995,995,995,995,995,995,995,,0,995,0,,1,0,0,0,0,0,0,4,99,995,995,1,1,0,0,0,0,0,0,995,995,995,995,995,995,995,995,995,995,995,995,995,995,995,995,995,0,1,995,995,995,0,0,0,1,0,0,0,0,0,1,0,0,0,0,0,0,995,995,995,995,995,995,995,995,995,995,995,995,995,4,995,995,995,995,995,995,995,995,995,995,995,995,198.924074
22042302,23,5,2204230201,1,1,995,0,4,2,0,0,1,0,0,0,0,0,2,1,0,0,0,0,0,0,1,2,1,0,995,995,995,995,995,995,995,995,5,2,1,1,1,10,1,36061.0,4,1,3,6,6,1,1,995,995,995,995,995,,995,995,995,995,995,995,995,995,0,1,12,5,1,36061.0,3,3,105,995,995,995,995,,995,995,30,995,995,995,995,995,0,0,1,0,995,,0,995,0,,1,0,0,0,0,0,0,5,2,995,996,3,0,0,0,1,0,0,0,995,995,995,995,995,995,995,995,995,995,995,995,995,995,995,995,995,0,6,995,995,103,0,0,1,1,0,0,0,0,0,0,0,0,0,0,0,1,995,995,995,995,995,995,995,995,995,995,995,995,995,4,995,995,995,995,995,995,995,995,995,995,995,995,"9,025.430347"
22027489,29,7,2202748901,1,1,995,0,6,3,0,0,0,1,0,0,0,0,4,0,0,1,0,0,0,0,3,1,1,0,995,995,995,995,995,995,995,995,7,1,1,1,5,13,0,36081.0,11,2,2,4,4,100,100,6,995,3,1,995,,995,995,995,995,995,995,995,995,2,3,995,995,995,,995,995,995,995,995,995,995,,995,995,995,995,995,995,995,995,1,0,0,0,995,,0,995,0,,1,0,0,0,0,0,0,5,5,995,6,6,0,0,1,0,0,0,0,995,995,995,995,995,995,995,995,995,0,1,0,0,0,0,0,995,1,1,995,995,995,0,0,1,0,0,0,0,0,0,0,0,0,0,0,0,1,995,995,995,995,995,995,995,995,995,995,995,995,995,4,995,995,995,995,995,995,995,995,995,995,995,995,"1,115.740237"
22035487,78,7,2203548701,1,1,995,0,4,2,0,0,0,0,0,0,0,1,999,0,0,1,0,1,0,0,7,1,3,0,995,995,995,995,995,995,995,995,3,2,1,1,5,997,1,36061.0,4,996,5,3,3,105,105,995,995,995,995,995,,995,995,30,995,995,995,995,995,0,1,12,5,1,36061.0,2,6,105,995,995,995,995,,995,995,30,995,995,995,995,995,995,995,995,995,995,,1,2,1,36047.0,1,0,0,0,0,0,0,5,1,995,995,996,995,995,995,995,995,995,995,0,0,0,1,0,0,1,0,0,995,995,995,995,995,995,995,995,0,995,995,995,995,995,995,995,995,995,995,995,995,995,0,0,0,0,0,1,0,995,995,995,995,995,995,995,995,995,995,995,995,995,2,0,1,0,0,0,0,0,0,0,0,0,0,"1,137.206369"
22070220,46,7,2207022001,1,1,995,0,4,2,0,0,0,0,0,0,1,0,6,0,0,0,0,0,1,0,6,1,3,0,995,995,995,995,995,995,995,995,5,7,1,1,1,10,1,36061.0,4,3,3,4,4,1,1,995,995,995,995,995,,995,995,995,995,995,995,995,995,0,1,12,5,1,36047.0,2,4,101,995,22,4,998,,995,995,995,995,995,995,995,995,995,995,995,995,995,,0,995,0,,0,0,0,0,0,0,1,995,995,995,995,996,995,995,995,995,995,995,995,0,0,1,0,0,0,0,0,0,995,995,995,995,995,995,995,995,995,995,995,995,995,995,995,995,995,995,995,995,995,995,0,0,0,0,0,0,1,995,995,995,995,995,995,995,995,995,995,995,995,995,1,0,0,0,0,0,0,0,0,0,1,0,0,"7,180.673613"
22112067,30,7,2211206701,1,1,995,0,4,2,0,0,0,0,1,0,0,0,5,0,0,0,0,0,1,0,6,2,1,0,995,995,995,995,995,995,995,995,2,3,1,1,1,13,0,36119.0,11,1,1,995,996,101,100,995,34,3,4,1,0.08,995,995,995,995,995,995,995,995,2,3,995,995,995,,995,995,995,995,995,995,995,,995,995,995,995,995,995,995,995,0,0,1,0,995,,0,995,0,,1,0,1,0,1,0,0,6,995,995,6,6,0,0,1,0,0,0,0,995,995,995,995,995,995,995,995,995,0,0,0,1,0,0,0,995,995,1,995,995,995,0,0,1,0,0,0,0,0,0,0,0,0,0,0,0,1,995,995,995,995,995,995,995,995,995,995,995,995,995,4,995,995,995,995,995,995,995,995,995,995,995,995,"14,569.82412"
22138150,9,7,2213815001,1,1,995,0,5,2,0,0,0,0,0,0,0,1,999,1,0,0,0,0,0,0,1,1,1,0,995,995,995,995,995,995,995,995,6,1,1,1,1,8,1,36061.0,3,2,3,996,996,102,102,995,995,995,995,995,,995,23,995,995,995,995,995,995,2,3,995,995,995,,995,995,995,995,995,995,995,,995,995,995,995,995,995,995,995,0,1,0,1,3,454.5,0,995,0,,1,0,0,0,0,0,0,3,1,995,6,5,0,0,1,0,0,0,0,995,995,995,995,995,995,995,995,995,1,0,0,0,0,0,0,995,0,1,995,995,995,0,0,0,1,0,0,0,0,0,0,0,0,0,0,0,1,995,995,995,995,995,995,995,995,995,995,995,995,995,1,1,1,1,1,0,1,1,0,1,1,0,0,"1,579.20124"
22051324,4,1,2205132401,1,1,1,0,8,3,0,0,1,0,1,0,0,0,7,0,0,0,0,0,0,1,999,2,1,0,995,995,995,995,995,995,995,995,7,1,1,1,1,16,1,36061.0,4,3,3,3,3,105,105,995,995,995,995,995,,995,995,30,995,995,995,995,995,2,3,995,995,995,,995,995,995,995,995,995,995,,995,995,995,995,995,995,995,995,0,1,0,1,3,400.0,0,995,0,,1,0,1,0,0,1,0,5,50,995,6,6,0,0,1,0,0,0,0,995,995,995,995,995,995,995,995,995,0,0,0,0,0,1,0,995,0,5,1,1,100,995,995,995,995,995,995,995,995,995,0,0,0,1,0,0,0,995,995,995,995,995,995,995,995,995,995,995,995,995,1,0,0,0,0,0,0,0,0,0,0,1,0,877.7154719
22037687,27,7,2203768701,1,1,995,0,4,2,0,0,0,0,0,0,1,0,6,0,1,0,0,0,0,0,2,1,3,0,995,995,995,995,995,995,995,995,2,3,1,1,2,7,995,,995,1,2,996,996,104,104,995,995,995,995,995,,995,995,995,995,995,995,995,995,1,2,997,7,1,36061.0,1,3,102,995,995,995,995,,995,23,995,995,995,995,995,995,995,995,995,995,995,,0,995,0,,1,1,0,0,1,0,0,6,995,6,995,996,995,995,995,995,995,995,995,1,0,0,0,0,0,0,0,0,995,995,995,995,995,995,995,995,0,995,995,995,995,995,995,995,995,995,995,995,995,995,1,0,0,0,0,0,0,995,995,995,995,995,995,995,995,995,995,995,995,995,1,0,0,0,1,0,0,0,0,1,1,0,1,"3,698.344691"
22003642,3,1,2200364201,1,1,2,0,7,3,1,0,0,0,0,0,0,0,3,0,0,0,0,0,0,1,999,2,1,0,995,995,995,995,995,995,995,995,6,1,1,1,1,997,0,36001.0,11,1,1,995,996,102,102,995,995,995,995,995,,995,23,995,995,995,995,995,995,2,3,995,995,995,,995,995,995,995,995,995,995,,995,995,995,995,995,995,995,995,995,995,995,995,995,,1,7,0,36001.0,0,0,1,0,0,0,0,995,995,995,995,6,0,0,1,0,0,0,0,995,995,995,995,995,995,995,995,995,1,0,0,0,0,0,0,995,0,6,995,995,1,0,0,0,0,0,0,0,0,1,0,0,0,0,0,0,1,995,995,995,995,995,995,995,995,995,995,995,995,995,1,1,0,0,0,0,0,0,0,0,0,0,0,431.4932515
22090281,9,1,2209028101,1,1,2,0,7,3,0,0,0,0,1,0,0,0,5,1,0,0,0,0,0,0,1,1,1,0,995,995,995,995,995,995,995,995,6,1,1,1,5,9,1,36061.0,4,3,3,3,3,100,100,6,995,3,2,995,,995,995,995,995,995,995,995,995,2,3,995,995,995,,995,995,995,995,995,995,995,,995,995,995,995,995,995,995,995,1,0,0,1,3,325.0,0,995,0,,1,0,0,0,0,0,0,6,995,995,6,6,1,0,0,0,0,0,0,995,995,995,995,995,995,995,995,995,0,1,0,0,0,0,0,995,0,6,995,995,102,0,0,0,1,0,0,0,0,0,0,0,0,0,0,0,1,995,995,995,995,995,995,995,995,995,995,995,995,995,2,0,0,0,0,0,0,1,0,0,0,0,0,123.2900995
22050441,28,7,2205044101,1,1,995,0,5,2,0,0,0,0,0,1,0,0,7,1,0,0,0,0,0,0,1,1,1,0,995,995,995,995,995,995,995,995,6,1,1,1,5,8,1,36061.0,4,3,3,3,3,105,105,995,995,995,995,995,,995,995,30,995,995,995,995,995,3,2,13,6,1,36061.0,995,3,995,995,995,995,995,,995,995,995,995,995,995,995,995,0,1,0,0,995,,0,995,0,,1,0,1,0,0,0,0,5,1,995,6,6,0,0,1,0,0,0,0,995,995,995,995,995,995,995,995,995,0,0,1,0,0,1,0,995,995,5,2,3,102,995,995,995,995,995,995,995,995,995,0,0,0,0,0,0,1,995,995,995,995,995,995,995,995,995,995,995,995,995,3,0,1,0,0,0,0,0,0,1,0,0,0,"2,060.270809"
22001128,35,7,2200112801,1,1,995,0,4,2,0,0,0,0,1,0,0,0,5,0,0,0,0,1,1,0,7,2,3,0,995,995,995,995,995,995,995,995,2,5,0,995,995,995,995,,995,995,995,995,995,995,995,995,995,995,995,995,,995,995,995,995,995,995,995,995,0,1,13,6,1,36005.0,1,1,105,995,995,995,995,,995,995,30,995,995,995,995,995,995,995,995,995,995,,0,995,0,,0,0,0,0,0,0,1,995,995,995,995,6,0,0,0,0,0,0,1,995,995,995,995,995,995,995,995,995,0,0,0,0,1,0,0,995,995,1,995,995,995,0,1,0,0,0,0,0,0,0,0,0,0,0,0,0,1,995,995,995,995,995,995,995,995,995,995,995,995,995,1,1,1,1,0,0,1,0,0,1,0,0,0,246.5204112
22058009,27,6,2205800901,1,1,995,0,6,3,1,0,0,0,0,0,0,0,3,1,0,0,0,0,0,0,1,2,3,1,0,0,0,0,0,0,1,0,999,2,1,1,1,8,1,36061.0,4,2,2,5,5,105,105,995,995,995,995,995,,995,995,30,995,995,995,995,995,3,2,997,7,1,36047.0,995,5,995,995,995,995,995,,995,995,995,995,995,995,995,995,995,995,995,995,995,,0,995,0,,0,0,0,0,0,0,1,995,995,995,995,996,995,995,995,995,995,995,995,0,0,0,0,0,0,1,0,0,995,995,995,995,995,995,995,995,995,995,995,995,995,995,995,995,995,995,995,995,995,995,1,1,0,0,0,0,0,995,995,995,995,995,995,995,995,995,995,995,995,995,1,0,0,1,1,0,0,0,0,0,0,0,0,"4,353.096128"
22064594,2,1,2206459401,1,1,2,0,5,2,0,0,0,0,1,0,0,0,5,1,0,0,0,0,0,0,1,2,1,0,995,995,995,995,995,995,995,995,3,3,1,1,1,10,1,36047.0,9,1,1,995,996,100,100,7,995,3,1,995,,995,995,995,995,995,995,995,995,2,3,995,995,995,,995,995,995,995,995,995,995,,995,995,995,995,995,995,995,995,1,0,0,0,995,,0,995,0,,1,0,0,0,0,0,0,6,995,995,7,6,0,0,1,0,0,0,0,995,995,995,995,995,995,995,995,995,1,1,0,0,0,1,0,995,0,1,995,995,995,0,0,0,0,0,1,0,0,0,1,0,0,0,0,0,0,995,995,995,995,995,995,995,995,995,995,995,995,995,1,0,0,0,0,0,0,1,0,0,0,0,0,"1,197.525379"
22047350,61,6,2204735001,1,1,2,0,8,3,0,0,0,0,0,0,0,1,999,0,0,0,0,0,0,1,999,1,1,999,995,995,995,995,995,995,995,995,999,1,1,1,4,14,995,,995,995,1,995,996,100,100,6,995,3,1,995,,995,995,995,995,995,995,995,995,2,3,995,995,995,,995,995,995,995,995,995,995,,995,995,995,995,995,995,995,995,1,0,0,0,995,,0,995,0,,0,0,0,0,0,0,1,995,995,995,6,5,0,0,1,0,0,0,0,995,995,995,995,995,995,995,995,995,0,0,0,0,0,1,0,995,0,6,995,995,104,0,0,0,1,0,0,0,0,0,0,0,0,0,0,0,1,995,995,995,995,995,995,995,995,995,995,995,995,995,3,0,0,0,0,0,0,0,0,1,0,0,0,"9,881.460596"
22051728,20,7,2205172801,1,1,995,0,5,2,0,0,0,0,1,0,0,0,5,1,0,0,0,0,0,0,1,1,1,1,0,0,1,0,0,0,0,0,7,2,1,3,5,7,1,36061.0,4,3,3,3,3,105,105,995,995,995,995,995,,995,995,30,995,995,995,995,995,0,1,13,6,1,36061.0,3,6,105,995,995,995,995,,995,995,30,995,995,995,995,995,995,995,995,995,995,,0,995,0,,1,0,0,0,0,0,0,4,4,995,995,996,995,995,995,995,995,995,995,0,0,0,0,0,0,0,1,0,995,995,995,995,995,995,995,995,995,995,995,995,995,995,995,995,995,995,995,995,995,995,0,0,0,0,0,0,1,995,995,995,995,995,995,995,995,995,995,995,995,995,1,0,1,0,0,0,0,0,0,1,1,0,0,659.5096024
22059662,3,1,2205966201,1,1,2,0,6,3,0,0,0,0,0,0,0,1,999,0,0,0,0,0,0,1,999,999,1,999,995,995,995,995,995,995,995,995,7,1,1,2,5,4,1,36061.0,4,3,3,3,3,100,100,6,995,3,2,995,,995,995,995,995,995,995,995,995,3,2,13,6,1,36047.0,995,4,995,995,995,995,995,,995,995,995,995,995,995,995,995,1,0,0,0,995,,0,995,0,,1,0,0,0,0,0,0,5,2,995,6,996,995,995,995,995,995,995,995,1,0,0,0,0,0,1,1,1,995,995,995,995,995,995,995,995,995,995,995,995,995,995,995,995,995,995,995,995,995,995,1,0,0,0,0,0,0,995,995,995,995,995,995,995,995,995,995,995,995,995,3,0,0,1,1,1,0,1,0,0,0,0,0,"11,840.48721"
22104217,82,7,2210421701,1,1,995,0,6,3,0,0,0,0,0,0,1,0,6,1,0,0,0,0,0,0,1,2,1,0,995,995,995,995,995,995,995,995,6,1,1,2,2,14,995,,995,1,2,4,4,100,100,6,995,3,2,995,,995,995,995,995,995,995,995,995,2,3,995,995,995,,995,995,995,995,995,995,995,,995,995,995,995,995,995,995,995,1,0,0,0,995,,0,995,0,,0,0,0,0,0,0,1,995,995,995,6,6,0,0,1,0,0,0,0,995,995,995,995,995,995,995,995,995,0,1,0,0,0,0,0,995,0,1,995,995,995,0,0,1,1,0,1,0,0,1,0,0,0,0,0,0,1,995,995,995,995,995,995,995,995,995,995,995,995,995,1,1,0,1,1,1,0,1,0,1,0,0,0,"6,792.100001"
22079758,54,5,2207975801,1,1,995,0,5,2,0,0,1,0,0,0,0,0,2,1,0,0,0,0,0,0,1,2,1,0,995,995,995,995,995,995,995,995,6,1,1,1,5,1,1,36061.0,4,3,3,3,3,105,105,995,995,995,995,995,,995,995,30,995,995,995,995,995,2,3,995,995,995,,995,995,995,995,995,995,995,,995,995,995,995,995,995,995,995,995,995,995,995,995,,1,4,1,36081.0,1,1,1,0,0,0,0,5,1,6,995,5,1,1,1,0,0,0,0,995,995,995,995,995,995,995,995,995,0,1,1,1,0,0,0,995,995,4,1,3,107,995,995,995,995,995,995,995,995,995,0,0,0,0,0,1,0,995,995,995,995,995,995,995,995,995,995,995,995,995,1,0,1,1,0,1,0,0,0,1,0,0,0,183.3074098
22119730,21,6,2211973001,1,1,995,0,5,2,0,0,1,0,0,0,0,0,2,1,0,0,0,0,0,0,1,2,1,0,995,995,995,995,995,995,995,995,6,1,1,1,1,1,1,36061.0,4,1,1,995,996,107,107,995,995,995,995,995,,995,995,995,995,995,995,204,997,2,3,995,995,995,,995,995,995,995,995,995,995,,995,995,995,995,995,995,995,995,1,0,0,0,995,,0,995,0,,0,0,0,0,0,0,1,995,995,995,6,6,0,0,1,0,0,0,0,995,995,995,995,995,995,995,995,995,1,0,0,0,0,0,0,995,0,1,995,995,995,0,0,1,0,0,0,0,0,0,1,0,0,0,0,0,0,995,995,995,995,995,995,995,995,995,995,995,995,995,3,0,0,1,0,0,0,0,0,0,0,0,0,905.5933511
22090902,56,6,2209090201,1,1,2,0,5,2,0,0,0,0,0,0,0,1,999,0,0,0,0,0,0,1,999,1,1,0,995,995,995,995,995,995,995,995,999,2,1,1,1,10,1,36005.0,2,3,3,3,3,105,105,995,995,995,995,995,,995,995,30,995,995,995,995,995,2,3,995,995,995,,995,995,995,995,995,995,995,,995,995,995,995,995,995,995,995,995,995,995,995,995,,0,995,0,,1,0,1,0,0,0,0,1,1,995,995,6,0,0,1,0,0,0,0,995,995,995,995,995,995,995,995,995,0,1,0,1,1,1,0,995,0,5,4,5,104,995,995,995,995,995,995,995,995,995,0,0,0,0,0,0,1,995,995,995,995,995,995,995,995,995,995,995,995,995,3,1,0,1,1,0,1,1,0,1,0,0,0,"6,137.701257"
22144182,31,6,2214418201,1,1,2,0,5,2,0,0,1,0,0,0,0,0,2,1,0,0,0,0,0,0,1,1,1,0,995,995,995,995,995,995,995,995,7,1,1,1,5,13,1,36061.0,4,3,3,3,3,102,102,995,995,995,995,995,,995,55,995,995,995,995,995,995,2,3,995,995,995,,995,995,995,995,995,995,995,,995,995,995,995,995,995,995,995,1,0,0,0,995,,0,995,0,,1,0,0,0,0,0,0,3,7,995,6,5,1,0,1,0,0,0,0,995,995,995,995,995,995,995,995,995,0,1,0,1,0,0,0,995,0,1,995,995,995,0,1,1,0,0,0,0,0,0,0,0,0,0,0,0,1,995,995,995,995,995,995,995,995,995,995,995,995,995,1,0,1,0,1,1,0,0,0,1,0,0,0,"6,009.52768"
22107298,33,6,2210729801,1,1,2,0,7,3,0,0,1,0,0,0,0,0,2,0,0,0,0,0,0,1,999,2,1,0,995,995,995,995,995,995,995,995,7,1,1,1,1,14,1,36081.0,5,1,1,995,996,100,100,6,995,4,5,1,0.06,995,995,995,995,995,995,995,995,2,3,995,995,995,,995,995,995,995,995,995,995,,995,995,995,995,995,995,995,995,1,0,0,0,995,,0,995,0,,1,0,0,0,0,0,0,6,995,995,6,6,0,0,1,0,0,0,0,995,995,995,995,995,995,995,995,995,1,0,0,0,0,0,0,995,0,1,995,995,995,0,0,1,0,0,0,0,0,0,0,0,0,0,0,0,1,995,995,995,995,995,995,995,995,995,995,995,995,995,1,0,1,0,0,0,0,1,0,0,0,0,0,"1,889.979724"
22121956,3,1,2212195601,1,1,1,0,8,3,0,0,0,0,0,0,0,1,999,0,0,0,0,0,0,1,999,1,1,0,995,995,995,995,995,995,995,995,7,1,1,1,1,4,1,36061.0,4,1,1,995,996,108,108,995,995,995,995,995,,995,995,995,175,995,995,995,995,2,3,995,995,995,,995,995,995,995,995,995,995,,995,995,995,995,995,995,995,995,1,0,0,0,995,,0,995,0,,0,0,0,0,0,0,1,995,995,995,6,5,0,0,1,0,0,0,0,995,995,995,995,995,995,995,995,995,1,1,1,0,0,1,0,995,0,1,995,995,995,0,1,1,0,0,1,0,0,1,0,0,0,0,0,0,1,995,995,995,995,995,995,995,995,995,995,995,995,995,3,0,0,0,0,0,0,0,0,1,0,0,0,190.6647063
22068474,37,5,2206847401,1,1,995,0,7,3,0,0,0,0,0,0,0,1,999,0,0,0,0,0,0,1,999,1,1,0,995,995,995,995,995,995,995,995,6,1,1,1,1,8,1,36061.0,4,2,2,996,996,105,105,995,995,995,995,995,,995,995,30,995,995,995,995,995,2,3,995,995,995,,995,995,995,995,995,995,995,,995,995,995,995,995,995,995,995,1,0,0,0,995,,0,995,0,,0,0,0,0,0,0,1,995,995,995,6,6,0,0,1,0,0,0,0,995,995,995,995,995,995,995,995,995,1,1,0,0,0,1,0,995,0,6,995,995,107,0,0,1,1,0,1,0,0,0,1,0,0,0,0,0,0,995,995,995,995,995,995,995,995,995,995,995,995,995,1,0,0,0,0,0,0,0,0,1,0,0,0,"1,039.819704"
22056425,49,6,2205642501,1,1,995,0,5,2,0,0,1,0,0,0,0,0,2,1,0,0,0,0,0,0,1,1,1,0,995,995,995,995,995,995,995,995,6,5,0,995,995,995,995,,995,995,995,995,995,995,995,995,995,995,995,995,,995,995,995,995,995,995,995,995,0,1,13,6,1,36061.0,3,996,105,995,995,995,995,,995,995,30,995,995,995,995,995,995,995,995,995,995,,1,1,1,36081.0,1,0,1,0,0,0,0,5,1,995,995,5,0,0,1,0,0,1,0,995,995,995,995,995,995,995,995,995,1,0,1,0,0,0,1,995,995,4,1,3,106,995,995,995,995,995,995,995,995,995,0,0,0,0,0,0,1,995,995,995,995,995,995,995,995,995,995,995,995,995,2,0,1,1,0,1,0,0,0,1,1,0,0,"1,878.587228"
22120517,27,6,2212051701,1,1,995,0,8,3,0,0,0,0,1,0,0,0,5,1,0,0,0,0,0,0,1,1,1,0,995,995,995,995,995,995,995,995,7,1,1,1,5,7,1,36085.0,10,3,3,3,3,100,100,6,995,3,5,4,353.5,995,995,995,995,995,995,995,995,2,3,995,995,995,,995,995,995,995,995,995,995,,995,995,995,995,995,995,995,995,1,0,0,0,995,,0,995,0,,1,0,0,0,0,0,0,6,995,995,6,6,0,0,1,0,0,0,0,995,995,995,995,995,995,995,995,995,1,1,0,0,0,1,0,995,0,1,995,995,995,0,0,1,1,0,0,0,0,0,0,0,0,0,0,0,1,995,995,995,995,995,995,995,995,995,995,995,995,995,2,0,0,0,0,0,0,0,0,1,0,0,0,440.60694
22042594,87,7,2204259401,1,1,995,0,6,3,0,0,0,0,0,0,0,1,999,0,0,1,0,0,0,0,3,1,1,0,995,995,995,995,995,995,995,995,3,1,1,1,4,12,995,,995,995,1,995,996,101,100,995,33,4,1,995,,995,995,995,995,995,995,995,995,2,3,995,995,995,,995,995,995,995,995,995,995,,995,995,995,995,995,995,995,995,0,0,1,0,995,,0,995,0,,1,0,0,0,0,0,0,6,995,995,997,6,0,0,1,0,0,0,0,995,995,995,995,995,995,995,995,995,1,1,0,0,0,1,0,995,0,1,995,995,995,0,0,0,0,0,1,0,0,0,0,0,0,0,0,0,1,995,995,995,995,995,995,995,995,995,995,995,995,995,1,0,0,0,1,0,0,0,0,1,0,0,0,418.3872594
22050664,42,6,2205066401,1,1,995,0,6,3,0,0,0,0,1,0,0,0,5,0,0,0,0,0,1,0,6,1,1,0,995,995,995,995,995,995,995,995,5,1,1,1,1,13,0,36047.0,8,1,1,995,996,100,100,6,995,3,1,995,,995,995,995,995,995,995,995,995,2,3,995,995,995,,995,995,995,995,995,995,995,,995,995,995,995,995,995,995,995,0,0,1,0,995,,0,995,0,,0,0,0,0,0,0,1,995,995,995,6,6,1,0,1,0,0,0,0,995,995,995,995,995,995,995,995,995,0,1,0,0,0,0,0,995,0,1,995,995,995,0,1,0,1,0,0,0,0,1,0,0,0,0,0,0,1,995,995,995,995,995,995,995,995,995,995,995,995,995,3,0,1,1,0,0,0,1,0,1,1,0,0,855.6871414
22070366,8,1,2207036601,1,1,1,0,6,3,0,0,0,0,0,0,0,1,999,0,0,0,0,0,0,1,999,999,1,999,995,995,995,995,995,995,995,995,2,2,1,1,1,10,0,36047.0,8,1,2,4,4,100,100,6,995,3,1,995,,995,995,995,995,995,995,995,995,2,3,995,995,995,,995,995,995,995,995,995,995,,995,995,995,995,995,995,995,995,0,0,1,0,995,,0,995,0,,0,0,0,0,0,0,1,995,995,995,6,4,0,0,0,0,0,0,1,995,995,995,995,995,995,995,995,995,995,995,995,995,995,995,995,995,0,1,995,995,995,0,0,0,1,0,0,0,0,0,0,0,0,0,0,0,1,995,995,995,995,995,995,995,995,995,995,995,995,995,1,0,1,1,0,0,0,0,0,0,0,0,0,"15,695.86562"
22144478,1,1,2214447801,1,1,0,0,7,3,0,0,1,0,0,0,0,0,2,1,0,0,0,0,0,0,1,2,1,0,995,995,995,995,995,995,995,995,3,1,1,1,1,1,1,36085.0,10,3,2,4,4,108,108,995,995,995,995,995,,995,995,995,175,995,995,995,995,2,3,995,995,995,,995,995,995,995,995,995,995,,995,995,995,995,995,995,995,995,1,0,0,0,995,,0,995,0,,0,0,0,0,1,0,0,995,995,995,6,3,0,1,0,0,0,0,0,995,995,995,995,995,995,995,995,995,995,995,995,995,995,995,995,995,0,1,995,995,995,0,0,1,0,0,0,0,0,0,1,0,0,0,0,0,0,995,995,995,995,995,995,995,995,995,995,995,995,995,1,1,0,0,1,0,0,0,0,0,0,0,0,102.0838025
22130066,12,7,2213006601,1,1,995,0,5,2,0,0,0,0,1,0,0,0,5,1,0,0,0,0,0,0,1,1,1,0,995,995,995,995,995,995,995,995,7,3,1,2,5,9,1,36081.0,6,3,3,2,2,1,1,995,995,995,995,995,,995,995,995,995,995,995,995,995,2,3,995,995,995,,995,995,995,995,995,995,995,,995,995,995,995,995,995,995,995,0,1,0,0,995,,0,995,0,,1,0,1,0,0,0,0,5,1,995,6,6,1,0,0,0,0,1,0,995,995,995,995,995,995,995,995,995,1,0,0,0,0,1,0,995,995,4,2,3,105,995,995,995,995,995,995,995,995,995,0,0,0,0,0,1,0,995,995,995,995,995,995,995,995,995,995,995,995,995,1,1,1,1,1,1,1,1,0,1,0,0,0,186.9121398
22045984,77,7,2204598401,1,1,2,0,6,3,0,0,0,0,1,0,0,0,5,0,0,0,0,0,1,0,6,2,1,0,995,995,995,995,995,995,995,995,7,1,1,1,5,6,1,36047.0,8,5,3,3,3,103,103,995,995,995,995,995,,995,995,995,995,2,997,995,995,2,3,995,995,995,,995,995,995,995,995,995,995,,995,995,995,995,995,995,995,995,1,0,0,0,995,,0,995,0,,1,0,1,0,0,0,0,5,2,995,997,1,1,1,1,1,0,1,0,995,995,995,995,995,995,995,995,995,995,995,995,995,995,995,995,995,1,3,3,2,996,995,995,995,995,995,995,995,995,995,0,0,0,0,0,0,1,995,995,995,995,995,995,995,995,995,995,995,995,995,1,0,0,0,0,0,0,0,0,1,0,0,0,"4,063.461025"
22052459,47,7,2205245901,1,1,2,0,9,4,0,0,0,0,1,0,0,0,5,1,0,0,0,0,0,0,1,1,1,0,995,995,995,995,995,995,995,995,6,7,1,1,1,15,1,36047.0,8,6,3,996,996,1,1,995,995,995,995,995,,995,995,995,995,995,995,995,995,2,3,995,995,995,,995,995,995,995,995,995,995,,995,995,995,995,995,995,995,995,0,1,0,1,3,454.5,1,5,0,,1,0,1,0,0,0,0,6,995,995,6,6,1,0,0,0,0,1,0,995,995,995,995,995,995,995,995,995,1,0,0,0,0,0,0,995,0,5,1,2,105,995,995,995,995,995,995,995,995,995,0,0,0,0,0,0,1,995,995,995,995,995,995,995,995,995,995,995,995,995,1,0,0,0,0,0,0,0,0,0,0,1,0,"1,649.999343"
22034535,25,7,2203453501,1,1,995,0,7,3,0,0,0,0,0,0,1,0,6,0,0,1,0,0,0,0,3,1,1,0,995,995,995,995,995,995,995,995,7,1,1,1,4,7,995,,995,995,1,995,996,103,103,995,995,995,995,995,,995,995,995,995,2,6,995,995,2,3,995,995,995,,995,995,995,995,995,995,995,,995,995,995,995,995,995,995,995,1,0,0,0,995,,1,2,0,,1,0,0,0,0,0,0,6,995,995,6,1,1,0,0,1,0,1,0,995,995,995,995,995,995,995,995,995,995,995,995,995,995,995,995,995,1,1,995,995,995,0,0,0,1,0,0,0,0,0,0,0,0,0,0,0,1,995,995,995,995,995,995,995,995,995,995,995,995,995,1,1,1,1,1,1,1,1,0,1,1,0,0,271.9565973
22117220,3,1,2211722001,1,1,1,0,5,2,0,0,0,0,0,0,0,1,999,0,0,0,0,0,0,1,999,1,1,0,995,995,995,995,995,995,995,995,4,1,1,2,2,997,995,,995,2,2,996,996,101,100,995,33,4,5,1,0.0,995,995,995,995,995,995,995,995,3,2,10,3,1,36085.0,995,2,995,995,995,995,995,,995,995,995,995,995,995,995,995,0,0,1,0,995,,0,995,0,,0,0,0,0,0,0,1,995,995,995,6,996,995,995,995,995,995,995,995,1,0,0,0,0,0,0,0,0,995,995,995,995,995,995,995,995,995,995,995,995,995,995,995,995,995,995,995,995,995,995,0,0,0,0,0,0,1,995,995,995,995,995,995,995,995,995,995,995,995,995,3,1,0,0,0,0,0,0,0,0,0,0,0,188.8045371
22145528,3,1,2214552801,1,1,2,0,9,4,0,0,0,0,1,0,0,0,5,1,0,0,0,0,0,0,1,2,1,0,995,995,995,995,995,995,995,995,7,2,1,3,5,1,1,36061.0,4,4,3,4,4,105,105,995,995,995,995,995,,995,995,30,995,995,995,995,995,2,3,995,995,995,,995,995,995,995,995,995,995,,995,995,995,995,995,995,995,995,0,1,0,1,3,700.0,0,995,0,,1,0,0,0,0,0,0,5,4,995,7,6,0,0,1,0,0,0,0,995,995,995,995,995,995,995,995,995,0,0,0,0,0,1,0,995,0,1,995,995,995,0,0,0,1,0,0,0,0,0,0,0,0,0,0,0,1,995,995,995,995,995,995,995,995,995,995,995,995,995,1,0,0,0,0,0,0,0,0,1,0,0,0,"1,382.703688"
22080823,35,7,2208082301,1,1,995,0,7,3,0,0,0,0,0,1,0,0,7,1,0,0,0,0,0,0,1,1,1,999,995,995,995,995,995,995,995,995,7,1,1,1,1,8,1,36047.0,8,1,1,995,996,100,100,6,995,3,3,3,181.8,995,995,995,995,995,995,995,995,2,3,995,995,995,,995,995,995,995,995,995,995,,995,995,995,995,995,995,995,995,0,1,0,1,3,101.0,0,995,0,,1,0,0,0,0,0,0,5,5,995,6,3,0,0,0,1,0,0,0,995,995,995,995,995,995,995,995,995,995,995,995,995,995,995,995,995,0,1,995,995,995,0,0,0,1,0,0,0,0,0,0,0,0,0,0,0,1,995,995,995,995,995,995,995,995,995,995,995,995,995,1,1,1,0,1,1,0,1,0,1,0,0,0,462.6904946
22106432,7,1,2210643201,1,1,1,0,5,2,0,0,0,0,1,0,0,0,5,1,0,0,0,0,0,0,1,4,1,0,995,995,995,995,995,995,995,995,3,2,1,1,1,14,1,36081.0,5,3,3,996,996,105,105,995,995,995,995,995,,995,995,30,995,995,995,995,995,0,1,12,5,1,36061.0,2,996,105,995,995,995,995,,995,995,30,995,995,995,995,995,1,0,0,0,995,,0,995,0,,1,0,1,0,0,0,0,6,995,995,6,3,1,0,1,0,0,0,0,995,995,995,995,995,995,995,995,995,995,995,995,995,995,995,995,995,0,5,3,1,1,995,995,995,995,995,995,995,995,995,0,0,0,0,0,0,1,995,995,995,995,995,995,995,995,995,995,995,995,995,1,0,0,0,0,0,0,0,0,0,0,1,0,"2,932.121939"
22075676,29,6,2207567601,1,1,995,0,5,2,0,0,0,0,1,0,0,0,5,1,0,0,0,0,0,0,1,2,1,0,995,995,995,995,995,995,995,995,6,1,1,1,2,7,995,,995,1,1,995,996,105,105,995,995,995,995,995,,995,995,30,995,995,995,995,995,0,1,13,6,1,36061.0,3,6,105,995,995,995,995,,995,995,30,995,995,995,995,995,0,0,1,0,995,,0,995,0,,1,0,1,0,0,0,0,6,995,995,6,6,0,0,1,0,0,0,0,995,995,995,995,995,995,995,995,995,1,0,0,0,0,0,0,995,995,5,2,4,105,995,995,995,995,995,995,995,995,995,0,0,0,0,0,0,1,995,995,995,995,995,995,995,995,995,995,995,995,995,1,1,0,0,0,0,0,0,0,1,0,0,1,280.0024015
22131337,2,1,2213133701,1,1,2,0,7,3,0,0,1,0,0,0,0,0,2,1,0,0,0,0,0,0,1,2,1,0,995,995,995,995,995,995,995,995,6,1,1,1,5,1,0,,995,3,3,3,3,100,100,6,995,3,5,1,20.0,995,995,995,995,995,995,995,995,2,3,995,995,995,,995,995,995,995,995,995,995,,995,995,995,995,995,995,995,995,1,0,0,0,995,,1,2,0,36103.0,0,0,0,0,0,0,1,995,995,995,6,4,0,0,1,0,0,0,0,995,995,995,995,995,995,995,995,995,995,995,995,995,995,995,995,995,0,1,995,995,995,0,1,1,0,0,0,0,0,0,0,0,0,0,0,1,0,995,995,995,995,995,995,995,995,995,995,995,995,995,1,1,1,1,1,0,0,1,0,1,1,0,0,"2,203.120238"
22092687,2,1,2209268701,1,1,2,0,7,3,0,0,0,0,1,0,0,0,5,1,0,0,0,0,0,0,1,1,1,0,995,995,995,995,995,995,995,995,7,1,1,1,5,8,0,,995,4,5,1,1,100,100,6,995,3,2,995,,995,995,995,995,995,995,995,995,2,3,995,995,995,,995,995,995,995,995,995,995,,995,995,995,995,995,995,995,995,0,1,0,1,3,420.0,0,995,0,,1,0,0,0,0,0,0,5,99,995,6,6,0,0,1,0,0,0,0,995,995,995,995,995,995,995,995,995,0,0,1,0,0,0,0,995,995,6,995,995,1,0,0,0,0,0,0,1,0,0,0,0,0,0,0,0,1,995,995,995,995,995,995,995,995,995,995,995,995,995,4,995,995,995,995,995,995,995,995,995,995,995,995,123.344813
22076117,68,7,2207611701,1,1,995,0,6,3,0,0,0,0,1,0,0,0,5,1,0,0,0,0,0,0,1,2,1,0,995,995,995,995,995,995,995,995,7,1,1,2,1,7,1,36047.0,9,1,1,995,996,103,103,995,995,995,995,995,,995,995,995,995,2,6,995,995,2,3,995,995,995,,995,995,995,995,995,995,995,,995,995,995,995,995,995,995,995,1,0,0,1,3,202.0,0,995,0,,1,1,0,0,0,0,0,6,995,6,6,1,1,0,0,1,0,1,1,995,995,995,995,995,995,995,995,995,995,995,995,995,995,995,995,995,0,1,995,995,995,0,0,1,0,0,0,0,0,0,0,0,0,0,0,0,1,995,995,995,995,995,995,995,995,995,995,995,995,995,3,1,1,0,1,1,0,0,0,1,0,0,1,155.7822533
22056851,2,1,2205685101,1,1,2,0,7,3,0,0,1,0,0,0,0,0,2,1,0,0,0,0,0,0,1,1,1,0,995,995,995,995,995,995,995,995,6,3,1,3,2,9,995,,995,2,3,6,6,103,103,995,995,995,995,995,,995,995,995,995,2,997,995,995,2,3,995,995,995,,995,995,995,995,995,995,995,,995,995,995,995,995,995,995,995,995,995,995,995,995,,0,995,0,,1,1,0,0,0,0,0,5,2,6,995,3,1,1,1,1,0,1,0,995,995,995,995,995,995,995,995,995,995,995,995,995,995,995,995,995,0,1,995,995,995,0,0,0,1,0,0,0,0,0,0,0,0,0,0,0,1,995,995,995,995,995,995,995,995,995,995,995,995,995,3,1,1,0,1,0,0,0,0,1,1,0,0,907.8447316
22108331,28,7,2210833101,1,1,995,0,6,3,0,0,0,0,1,0,0,0,5,1,0,0,0,0,0,0,1,2,1,0,995,995,995,995,995,995,995,995,3,2,1,1,1,12,1,36061.0,4,3,3,996,996,100,100,6,995,4,5,1,2.2,995,995,995,995,995,995,995,995,2,3,995,995,995,,995,995,995,995,995,995,995,,995,995,995,995,995,995,995,995,0,0,1,0,995,,0,995,0,,1,0,0,0,0,0,0,5,1,995,6,6,0,0,1,0,0,0,0,995,995,995,995,995,995,995,995,995,0,0,0,0,1,0,0,995,995,1,995,995,995,0,0,1,0,0,0,0,0,0,0,0,0,0,0,0,1,995,995,995,995,995,995,995,995,995,995,995,995,995,1,0,1,0,0,0,0,0,0,0,0,0,0,377.510141
22092918,38,7,2209291801,1,1,2,0,7,3,0,0,0,0,0,0,1,0,6,0,0,0,0,1,0,0,5,1,3,0,995,995,995,995,995,995,995,995,5,2,1,1,2,8,995,,995,1,1,995,996,1,1,995,995,995,995,995,,995,995,995,995,995,995,995,995,2,3,995,995,995,,995,995,995,995,995,995,995,,995,995,995,995,995,995,995,995,995,995,995,995,995,,0,995,0,,1,1,1,0,0,0,0,6,995,6,995,5,0,0,1,0,0,0,0,995,995,995,995,995,995,995,995,995,0,0,0,1,0,0,0,995,0,6,995,995,1,0,0,0,1,0,0,0,0,0,0,0,0,0,0,0,1,995,995,995,995,995,995,995,995,995,995,995,995,995,3,0,0,1,1,0,1,0,0,1,0,0,0,"6,055.561153"
22102032,34,7,2210203201,1,1,995,0,4,2,0,0,0,0,1,0,0,0,5,1,0,0,0,0,0,0,1,1,1,0,995,995,995,995,995,995,995,995,5,2,1,1,2,5,995,,995,1,3,996,996,105,105,995,995,995,995,995,,995,995,30,995,995,995,995,995,0,1,12,5,1,36081.0,3,996,100,6,995,3,4,101.0,995,995,995,995,995,995,995,995,0,1,0,1,3,5.5,0,995,0,,0,0,0,0,0,0,1,995,995,995,6,996,995,995,995,995,995,995,995,1,0,0,0,0,0,0,0,0,995,995,995,995,995,995,995,995,995,995,995,995,995,995,995,995,995,995,995,995,995,995,0,0,0,0,0,0,1,995,995,995,995,995,995,995,995,995,995,995,995,995,3,1,1,1,1,0,0,1,1,1,1,0,0,377.4801793
22145666,32,7,2214566601,1,1,2,0,6,3,0,0,0,0,1,0,0,0,5,1,0,0,0,0,0,0,1,1,1,0,995,995,995,995,995,995,995,995,3,3,1,1,2,9,995,,995,6,6,6,6,105,105,995,995,995,995,995,,995,995,30,995,995,995,995,995,2,3,995,995,995,,995,995,995,995,995,995,995,,995,995,995,995,995,995,995,995,1,0,0,1,3,5.5,0,995,0,,1,0,0,0,0,0,0,6,995,995,6,6,0,0,1,0,0,0,0,995,995,995,995,995,995,995,995,995,1,0,0,0,0,0,0,995,0,1,995,995,995,0,0,0,0,0,1,0,0,0,0,0,0,0,0,0,1,995,995,995,995,995,995,995,995,995,995,995,995,995,1,0,0,1,0,0,1,0,0,1,0,0,0,408.222138
22100689,59,7,2210068901,1,1,995,0,7,3,0,0,0,0,1,0,0,0,5,1,0,0,0,0,0,0,1,1,1,0,995,995,995,995,995,995,995,995,6,5,0,995,995,995,995,,995,995,995,995,995,995,995,995,995,995,995,995,,995,995,995,995,995,995,995,995,0,1,13,6,1,36047.0,3,3,100,6,995,3,3,242.45,995,995,995,995,995,995,995,995,1,0,0,0,995,,0,995,0,,1,0,0,0,0,0,0,3,99,995,6,5,0,0,1,0,0,0,0,995,995,995,995,995,995,995,995,995,0,0,0,0,0,0,1,995,0,1,995,995,995,0,0,1,0,0,1,0,0,0,0,0,0,0,0,0,1,995,995,995,995,995,995,995,995,995,995,995,995,995,4,995,995,995,995,995,995,995,995,995,995,995,995,"1,724.697263"
22052358,44,7,2205235801,1,1,995,0,6,3,0,0,1,0,0,0,0,0,2,0,0,0,0,0,1,0,6,1,1,0,995,995,995,995,995,995,995,995,3,1,1,1,1,7,1,36047.0,8,1,1,995,996,105,105,995,995,995,995,995,,995,995,30,995,995,995,995,995,2,3,995,995,995,,995,995,995,995,995,995,995,,995,995,995,995,995,995,995,995,995,995,995,995,995,,0,995,0,,1,0,1,0,1,0,0,5,50,995,995,5,1,1,0,0,0,0,0,995,995,995,995,995,995,995,995,995,0,1,1,0,0,0,0,995,1,1,995,995,995,0,1,0,0,0,0,0,0,0,0,0,0,0,0,0,1,995,995,995,995,995,995,995,995,995,995,995,995,995,1,1,0,1,1,0,0,0,1,0,0,0,0,"1,731.988313"
22133513,21,6,2213351301,1,1,995,0,7,3,0,0,0,0,1,0,0,0,5,1,0,0,0,0,0,0,1,1,1,0,995,995,995,995,995,995,995,995,7,1,1,1,2,7,995,,995,3,3,3,3,100,100,6,995,3,1,995,,995,995,995,995,995,995,995,995,2,3,995,995,995,,995,995,995,995,995,995,995,,995,995,995,995,995,995,995,995,1,1,0,1,3,151.5,0,995,0,,1,0,0,0,0,0,0,6,995,995,6,6,0,0,1,0,0,0,0,995,995,995,995,995,995,995,995,995,0,1,0,0,0,0,0,995,995,6,995,995,104,0,1,0,0,0,0,0,0,0,0,0,0,0,0,0,1,995,995,995,995,995,995,995,995,995,995,995,995,995,3,1,1,1,0,0,0,0,0,0,0,0,0,239.0231578
22073468,38,6,2207346801,1,1,995,0,6,3,0,0,1,0,0,0,0,0,2,1,0,0,0,0,0,0,1,2,1,0,995,995,995,995,995,995,995,995,5,1,1,1,1,14,1,36081.0,5,2,2,996,996,100,100,6,995,4,1,995,,995,995,995,995,995,995,995,995,2,3,995,995,995,,995,995,995,995,995,995,995,,995,995,995,995,995,995,995,995,1,0,0,0,995,,0,995,0,,0,0,0,0,0,0,1,995,995,995,6,6,0,0,1,0,0,0,0,995,995,995,995,995,995,995,995,995,1,1,0,0,0,1,0,995,0,1,995,995,995,0,0,1,1,0,0,0,0,0,0,0,0,0,0,0,1,995,995,995,995,995,995,995,995,995,995,995,995,995,3,1,0,0,1,0,0,1,0,1,0,0,0,"1,256.163052"
22135594,29,6,2213559401,1,1,995,0,4,2,0,0,0,0,1,0,0,0,5,1,0,0,0,0,0,0,1,2,1,0,995,995,995,995,995,995,995,995,6,1,1,1,5,4,1,36061.0,4,3,3,3,3,105,105,995,995,995,995,995,,995,995,30,995,995,995,995,995,2,3,995,995,995,,995,995,995,995,995,995,995,,995,995,995,995,995,995,995,995,0,1,0,0,995,,0,995,0,,1,1,0,0,0,0,0,5,1,6,6,6,0,0,1,0,0,0,0,995,995,995,995,995,995,995,995,995,1,1,0,0,1,0,0,995,995,6,995,995,105,0,0,0,0,0,1,0,0,0,0,0,0,0,0,0,1,995,995,995,995,995,995,995,995,995,995,995,995,995,3,1,1,1,0,0,0,0,0,0,0,0,0,"4,210.118883"
22143591,7,1,2214359101,1,1,2,0,8,3,0,0,0,0,0,0,0,1,999,0,0,0,0,0,0,1,999,2,1,999,995,995,995,995,995,995,995,995,7,1,1,2,5,4,1,36081.0,5,3,1,995,996,100,100,7,995,3,5,1,6.0,995,995,995,995,995,995,995,995,2,3,995,995,995,,995,995,995,995,995,995,995,,995,995,995,995,995,995,995,995,1,0,0,0,995,,0,995,0,,0,0,0,0,0,0,1,995,995,995,7,4,0,0,1,0,0,0,0,995,995,995,995,995,995,995,995,995,995,995,995,995,995,995,995,995,0,1,995,995,995,0,1,0,0,0,0,0,0,0,0,0,0,0,0,0,1,995,995,995,995,995,995,995,995,995,995,995,995,995,3,0,0,0,0,0,0,1,0,1,0,0,0,"6,311.446493"
22088050,7,1,2208805001,1,1,2,0,4,2,0,0,0,0,1,0,0,0,5,1,0,0,0,0,0,0,1,2,1,0,995,995,995,995,995,995,995,995,7,1,1,2,1,7,1,36061.0,3,2,2,1,1,1,1,995,995,995,995,995,,995,995,995,995,995,995,995,995,0,1,13,6,1,36061.0,3,996,1,995,995,995,995,,995,995,995,995,995,995,995,995,995,995,995,995,995,,0,995,0,,1,0,0,0,0,0,0,6,995,995,995,3,1,0,1,1,0,0,0,995,995,995,995,995,995,995,995,995,995,995,995,995,995,995,995,995,0,1,995,995,995,0,1,0,0,0,0,0,0,0,0,0,0,0,0,0,1,995,995,995,995,995,995,995,995,995,995,995,995,995,1,0,1,1,1,1,1,0,0,1,0,0,0,123.2594145
22145324,4,1,2214532401,1,1,2,0,6,3,0,0,0,0,1,0,0,0,5,0,0,0,0,0,0,1,999,1,1,0,995,995,995,995,995,995,995,995,6,1,1,2,5,6,1,36061.0,4,3,3,3,3,105,105,995,995,995,995,995,,995,995,30,995,995,995,995,995,2,3,995,995,995,,995,995,995,995,995,995,995,,995,995,995,995,995,995,995,995,1,0,0,0,995,,0,995,0,,1,0,0,0,0,0,0,6,995,995,6,6,1,0,1,0,0,0,0,995,995,995,995,995,995,995,995,995,1,1,0,0,1,1,0,995,0,1,995,995,995,0,0,1,0,0,0,0,0,0,0,0,0,0,0,0,1,995,995,995,995,995,995,995,995,995,995,995,995,995,3,1,1,1,1,0,0,0,0,1,1,0,0,250.9211393
22133846,7,1,2213384601,1,1,2,0,8,3,0,0,0,0,1,0,0,0,5,1,0,0,0,0,0,0,1,1,1,1,0,0,0,0,0,0,1,0,7,3,1,6,2,9,995,,995,1,3,1,1,106,106,995,995,995,995,995,,36,995,995,995,995,995,995,995,2,3,995,995,995,,995,995,995,995,995,995,995,,995,995,995,995,995,995,995,995,995,995,995,995,995,,0,995,0,,1,0,0,0,0,0,0,3,99,995,995,996,995,995,995,995,995,995,995,1,0,1,1,0,0,1,0,0,995,995,995,995,995,995,995,995,0,995,995,995,995,995,995,995,995,995,995,995,995,995,0,0,0,0,0,0,1,995,995,995,995,995,995,995,995,995,995,995,995,995,1,1,1,1,1,1,0,1,0,1,1,0,0,893.4855652
22106768,6,1,2210676801,1,1,2,0,7,3,0,0,1,0,0,0,0,0,2,1,0,0,0,0,0,0,1,1,1,0,995,995,995,995,995,995,995,995,6,1,1,1,1,1,0,36059.0,11,1,1,995,996,102,102,995,995,995,995,995,,995,23,995,995,995,995,995,995,2,3,995,995,995,,995,995,995,995,995,995,995,,995,995,995,995,995,995,995,995,1,0,0,0,995,,0,995,0,,1,0,0,0,0,0,0,5,60,995,6,5,1,1,0,0,0,0,0,995,995,995,995,995,995,995,995,995,0,1,1,1,0,0,0,995,0,4,1,1,1,995,995,995,995,995,995,995,995,995,0,0,0,0,0,0,1,995,995,995,995,995,995,995,995,995,995,995,995,995,1,1,1,1,1,0,1,0,0,1,0,0,0,655.3196208
22085956,29,5,2208595601,1,1,995,0,7,3,0,0,0,0,1,0,0,0,5,1,0,0,0,0,0,0,1,2,1,0,995,995,995,995,995,995,995,995,6,1,1,2,1,14,0,36047.0,8,2,2,4,4,105,105,995,995,995,995,995,,995,995,30,995,995,995,995,995,2,3,995,995,995,,995,995,995,995,995,995,995,,995,995,995,995,995,995,995,995,995,995,995,995,995,,0,995,0,,0,0,0,0,0,0,1,995,995,995,995,6,0,0,1,0,0,0,0,995,995,995,995,995,995,995,995,995,1,1,1,1,0,0,0,995,0,6,995,995,1,0,1,0,0,0,0,0,0,0,1,0,0,0,0,0,0,995,995,995,995,995,995,995,995,995,995,995,995,995,3,1,0,0,1,0,0,0,0,0,1,0,0,123.2614512
22055911,14,4,2205591101,1,1,995,0,4,2,0,0,0,0,0,0,1,0,6,0,1,0,0,1,0,0,7,1,3,0,995,995,995,995,995,995,995,995,2,5,0,995,995,995,995,,995,995,995,995,995,995,995,995,995,995,995,995,,995,995,995,995,995,995,995,995,0,1,12,5,1,36081.0,4,2,105,995,995,995,995,,995,995,30,995,995,995,995,995,995,995,995,995,995,,0,995,0,,1,0,0,0,0,0,0,5,7,995,995,1,1,0,0,1,0,0,0,995,995,995,995,995,995,995,995,995,995,995,995,995,995,995,995,995,0,1,995,995,995,0,0,0,1,0,0,0,0,0,0,0,0,0,0,0,1,995,995,995,995,995,995,995,995,995,995,995,995,995,1,0,1,0,1,0,1,0,1,0,0,0,0,"14,752.28024"
22088012,16,7,2208801201,1,1,2,0,5,2,0,0,1,0,0,0,0,0,2,1,0,0,0,0,0,0,1,2,1,0,995,995,995,995,995,995,995,995,7,6,0,995,995,995,995,,995,995,995,995,995,995,995,995,995,995,995,995,,995,995,995,995,995,995,995,995,0,1,13,6,1,36061.0,1,1,1,995,995,995,995,,995,995,995,995,995,995,995,995,1,0,0,0,995,,0,995,0,,0,0,0,0,0,0,1,995,995,995,6,6,1,0,0,0,0,0,0,995,995,995,995,995,995,995,995,995,1,0,0,0,0,0,0,995,995,1,995,995,995,1,0,0,0,0,0,0,0,0,0,0,0,0,0,0,1,995,995,995,995,995,995,995,995,995,995,995,995,995,1,1,0,0,0,0,0,0,0,0,0,0,0,172.8481217
22105847,29,6,2210584701,1,1,995,0,8,3,0,0,0,0,1,0,0,0,5,0,0,0,0,0,1,0,6,1,1,0,995,995,995,995,995,995,995,995,7,1,1,1,2,8,995,,995,1,1,995,996,100,100,6,995,4,1,995,,995,995,995,995,995,995,995,995,2,3,995,995,995,,995,995,995,995,995,995,995,,995,995,995,995,995,995,995,995,0,0,1,0,995,,0,995,0,,0,0,0,0,0,0,1,995,995,995,6,6,0,0,1,0,0,0,0,995,995,995,995,995,995,995,995,995,1,0,0,0,0,0,0,995,0,1,995,995,995,0,1,0,0,0,0,0,0,0,0,0,0,0,0,1,0,995,995,995,995,995,995,995,995,995,995,995,995,995,3,0,0,1,1,1,0,1,0,0,0,0,0,"1,287.639428"
22143948,0,1,2214394801,1,1,1,0,5,2,0,0,1,0,0,0,0,0,2,1,0,0,0,0,0,0,1,2,1,0,995,995,995,995,995,995,995,995,7,1,1,1,3,7,995,,995,995,995,995,1,995,995,995,995,995,995,995,,995,995,995,995,995,995,995,995,1,2,11,4,1,36061.0,3,996,105,995,995,995,995,,995,995,30,995,995,995,995,995,995,995,995,995,995,,0,995,0,,0,0,0,0,0,0,1,995,995,995,995,6,0,0,1,0,0,0,0,995,995,995,995,995,995,995,995,995,0,0,0,0,1,0,0,995,995,1,995,995,995,0,0,0,1,0,0,0,0,0,0,0,0,0,0,0,1,995,995,995,995,995,995,995,995,995,995,995,995,995,1,0,0,0,1,0,1,0,0,1,1,0,0,208.4156621
22052059,8,1,2205205901,1,1,2,0,5,2,0,0,0,0,1,0,0,0,5,0,0,0,0,0,0,1,999,2,1,0,995,995,995,995,995,995,995,995,6,2,1,1,5,9,1,36061.0,4,4,4,2,2,103,103,995,995,995,995,995,,995,995,995,995,2,6,995,995,2,3,995,995,995,,995,995,995,995,995,995,995,,995,995,995,995,995,995,995,995,0,0,1,0,995,,0,995,0,,0,0,0,0,0,0,1,995,995,995,6,1,1,0,1,1,0,1,0,995,995,995,995,995,995,995,995,995,995,995,995,995,995,995,995,995,0,1,995,995,995,0,0,0,1,0,0,0,0,0,0,0,0,0,0,0,1,995,995,995,995,995,995,995,995,995,995,995,995,995,2,0,0,0,0,0,0,0,0,0,0,1,0,319.452182
22117196,86,4,2211719601,1,1,2,0,7,3,0,0,0,0,0,0,0,1,999,0,0,0,0,0,0,1,999,1,1,0,995,995,995,995,995,995,995,995,5,2,1,1,2,8,995,,995,996,3,996,996,1,1,995,995,995,995,995,,995,995,995,995,995,995,995,995,2,3,995,995,995,,995,995,995,995,995,995,995,,995,995,995,995,995,995,995,995,1,0,0,0,995,,0,995,0,,0,0,0,0,0,0,1,995,995,995,6,6,0,0,1,0,0,0,0,995,995,995,995,995,995,995,995,995,1,1,0,0,0,0,0,995,0,1,995,995,995,0,0,1,0,0,0,0,0,0,0,0,0,0,0,0,1,995,995,995,995,995,995,995,995,995,995,995,995,995,1,1,0,1,1,1,0,1,0,1,1,0,0,390.9646518
22136579,2,1,2213657901,1,1,2,0,5,2,0,0,0,0,1,0,0,0,5,1,0,0,0,0,0,0,1,1,1,0,995,995,995,995,995,995,995,995,7,5,0,995,995,995,995,,995,995,995,995,995,995,995,995,995,995,995,995,,995,995,995,995,995,995,995,995,0,1,13,6,1,36061.0,3,6,105,995,995,995,995,,995,995,30,995,995,995,995,995,995,995,995,995,995,,0,995,0,,1,0,1,0,0,1,0,4,1,995,995,6,0,0,0,0,0,0,1,995,995,995,995,995,995,995,995,995,1,0,0,0,0,0,0,995,995,4,4,4,105,995,995,995,995,995,995,995,995,995,0,0,0,1,0,0,0,995,995,995,995,995,995,995,995,995,995,995,995,995,3,0,1,0,0,0,0,0,0,0,0,0,0,"3,093.883531"
22045507,47,7,2204550701,1,1,995,0,6,3,0,0,0,0,1,0,0,0,5,1,0,0,0,0,0,0,1,5,1,0,995,995,995,995,995,995,995,995,7,1,1,3,5,8,1,36061.0,4,3,3,3,3,103,103,995,995,995,995,995,,995,995,995,995,2,3,995,995,2,3,995,995,995,,995,995,995,995,995,995,995,,995,995,995,995,995,995,995,995,0,0,1,0,995,,0,995,0,,1,0,1,0,1,0,0,6,995,995,6,1,1,1,1,1,0,1,1,995,995,995,995,995,995,995,995,995,995,995,995,995,995,995,995,995,1,5,1,1,103,995,995,995,995,995,995,995,995,995,0,1,0,0,0,0,0,995,995,995,995,995,995,995,995,995,995,995,995,995,3,0,0,0,1,0,0,0,0,0,0,0,0,393.0511863
22130105,16,7,2213010501,1,1,995,0,8,3,0,0,0,0,1,0,0,0,5,1,0,0,0,0,0,0,1,1,1,0,995,995,995,995,995,995,995,995,3,1,1,1,1,1,0,36059.0,11,2,2,996,996,100,100,6,995,3,1,995,,995,995,995,995,995,995,995,995,2,3,995,995,995,,995,995,995,995,995,995,995,,995,995,995,995,995,995,995,995,1,0,0,0,995,,0,995,0,,1,0,0,0,0,0,0,6,995,995,6,6,0,0,1,0,0,0,0,995,995,995,995,995,995,995,995,995,1,0,0,0,0,0,0,995,0,1,995,995,995,0,0,1,0,0,0,0,0,0,0,0,0,0,0,0,1,995,995,995,995,995,995,995,995,995,995,995,995,995,1,0,0,0,1,0,0,0,0,0,0,0,0,"9,213.935453"
22078615,39,6,2207861501,1,1,995,0,8,3,0,0,0,0,1,0,0,0,5,0,0,0,0,0,1,0,6,2,1,999,995,995,995,995,995,995,995,995,7,1,1,1,1,14,0,36005.0,2,1,1,995,996,100,100,8,995,3,1,995,,995,995,995,995,995,995,995,995,2,3,995,995,995,,995,995,995,995,995,995,995,,995,995,995,995,995,995,995,995,0,0,1,0,995,,1,2,0,36039.0,0,0,0,0,0,0,1,995,995,995,8,6,1,0,0,0,0,1,0,995,995,995,995,995,995,995,995,995,0,0,0,0,0,1,0,995,0,1,995,995,995,0,0,0,1,0,0,0,1,0,0,0,0,0,0,0,1,995,995,995,995,995,995,995,995,995,995,995,995,995,4,995,995,995,995,995,995,995,995,995,995,995,995,"7,612.152201"
22089467,32,7,2208946701,1,1,995,0,7,3,0,0,1,0,0,0,0,0,2,1,0,0,0,0,0,0,1,1,1,0,995,995,995,995,995,995,995,995,7,1,1,1,5,16,1,36061.0,4,3,3,3,3,105,105,995,995,995,995,995,,995,995,30,995,995,995,995,995,2,3,995,995,995,,995,995,995,995,995,995,995,,995,995,995,995,995,995,995,995,995,995,995,995,995,,0,995,0,,1,0,0,0,0,0,0,5,50,995,995,6,1,0,1,1,0,0,0,995,995,995,995,995,995,995,995,995,1,1,1,0,0,0,0,995,0,6,995,995,1,0,0,0,1,0,0,0,0,0,0,0,0,0,0,1,0,995,995,995,995,995,995,995,995,995,995,995,995,995,3,1,1,1,0,1,0,0,1,1,0,0,0,974.3799676
22110056,3,1,2211005601,1,1,2,0,8,3,0,0,0,0,1,0,0,0,5,1,0,0,0,0,0,0,1,1,1,0,995,995,995,995,995,995,995,995,999,1,1,1,5,12,0,36059.0,11,3,3,3,3,100,100,6,995,3,1,995,,995,995,995,995,995,995,995,995,2,3,995,995,995,,995,995,995,995,995,995,995,,995,995,995,995,995,995,995,995,0,0,1,0,995,,0,995,0,,0,0,0,0,0,0,1,995,995,995,6,6,0,0,1,0,0,0,0,995,995,995,995,995,995,995,995,995,0,0,0,0,0,1,0,995,0,1,995,995,995,0,0,0,0,0,0,0,0,1,0,0,0,0,0,0,1,995,995,995,995,995,995,995,995,995,995,995,995,995,1,0,0,0,0,0,0,0,0,1,0,0,0,"2,739.653522"
22143829,22,7,2214382901,1,1,2,0,5,2,0,0,0,0,1,0,0,0,5,1,0,0,0,0,0,0,1,2,1,0,995,995,995,995,995,995,995,995,7,2,1,2,3,17,995,,995,995,995,995,1,995,995,995,995,995,995,995,,995,995,995,995,995,995,995,995,1,2,13,6,1,36061.0,4,996,105,995,995,995,995,,995,995,30,995,995,995,995,995,995,995,995,995,995,,0,995,0,,1,0,0,0,0,0,0,6,995,995,995,5,1,1,0,1,0,1,0,995,995,995,995,995,995,995,995,995,0,1,1,0,0,1,0,995,0,5,2,1,105,995,995,995,995,995,995,995,995,995,0,0,0,0,0,0,1,995,995,995,995,995,995,995,995,995,995,995,995,995,1,0,0,0,0,0,0,0,0,1,0,0,0,90.14048113
22014064,61,3,2201406401,1,1,995,0,4,2,0,0,0,0,0,0,1,0,6,0,0,0,0,0,1,0,6,2,1,0,995,995,995,995,995,995,995,995,2,1,1,2,4,10,995,,995,995,1,995,996,105,105,995,995,995,995,995,,995,995,30,995,995,995,995,995,0,1,12,5,1,36081.0,2,1,100,6,995,4,1,0.02,995,995,995,995,995,995,995,995,0,0,1,0,995,,0,995,0,,1,0,1,0,0,0,0,6,995,995,6,996,995,995,995,995,995,995,995,0,0,0,0,0,0,1,0,0,995,995,995,995,995,995,995,995,995,995,995,995,995,995,995,995,995,995,995,995,995,995,0,0,0,0,0,0,1,995,995,995,995,995,995,995,995,995,995,995,995,995,1,0,0,0,1,0,0,0,0,0,0,0,0,"7,931.398297"
22080748,37,7,2208074801,1,1,995,0,7,3,0,0,0,0,1,0,0,0,5,1,0,0,0,0,0,0,1,2,1,0,995,995,995,995,995,995,995,995,7,1,1,2,1,14,1,36061.0,4,1,1,995,996,101,100,995,33,3,1,995,,995,995,995,995,995,995,995,995,2,3,995,995,995,,995,995,995,995,995,995,995,,995,995,995,995,995,995,995,995,1,1,1,1,3,858.5,0,995,0,,1,0,0,0,0,0,0,5,2,995,7,5,1,0,1,1,0,0,0,995,995,995,995,995,995,995,995,995,0,1,1,0,0,0,0,995,0,1,995,995,995,0,1,0,1,0,0,0,0,0,1,0,0,0,0,0,0,995,995,995,995,995,995,995,995,995,995,995,995,995,4,995,995,995,995,995,995,995,995,995,995,995,995,"7,610.60692"
22046316,42,5,2204631601,1,1,995,0,5,2,0,0,0,0,1,0,0,0,5,1,0,0,0,0,0,0,1,2,1,0,995,995,995,995,995,995,995,995,7,5,0,995,995,995,995,,995,995,995,995,995,995,995,995,995,995,995,995,,995,995,995,995,995,995,995,995,0,1,13,6,0,36059.0,5,3,100,6,995,3,4,0.0,995,995,995,995,995,995,995,995,0,0,1,0,995,,0,995,0,,1,0,1,0,0,0,0,6,995,995,6,1,1,1,1,1,0,1,0,995,995,995,995,995,995,995,995,995,995,995,995,995,995,995,995,995,0,2,1,3,105,995,995,995,995,995,995,995,995,995,0,0,0,0,0,0,1,995,995,995,995,995,995,995,995,995,995,995,995,995,1,0,0,1,0,0,0,0,0,1,0,0,0,297.2499982
22067760,38,6,2206776001,1,1,995,0,6,3,0,0,0,0,0,0,0,1,999,1,0,0,0,0,0,0,1,1,1,0,995,995,995,995,995,995,995,995,7,1,1,2,2,8,995,,995,1,1,995,996,100,100,7,995,4,1,995,,995,995,995,995,995,995,995,995,2,3,995,995,995,,995,995,995,995,995,995,995,,995,995,995,995,995,995,995,995,1,0,0,0,995,,0,995,0,,1,0,0,0,0,0,0,5,1,995,7,6,0,0,0,1,0,0,0,995,995,995,995,995,995,995,995,995,1,0,0,0,0,0,0,995,0,1,995,995,995,0,0,1,0,0,0,0,0,0,0,0,0,0,0,0,1,995,995,995,995,995,995,995,995,995,995,995,995,995,3,0,0,1,0,0,0,1,0,1,0,0,0,"1,660.952731"
22071978,24,7,2207197801,1,1,995,0,6,3,0,0,0,0,0,0,0,1,999,0,0,0,0,0,0,1,999,2,1,0,995,995,995,995,995,995,995,995,6,1,1,1,1,12,0,36081.0,5,1,1,995,996,100,100,6,995,3,1,995,,995,995,995,995,995,995,995,995,2,3,995,995,995,,995,995,995,995,995,995,995,,995,995,995,995,995,995,995,995,1,0,0,1,3,101.0,0,995,0,,1,0,0,0,0,0,0,6,995,995,6,3,0,0,1,0,0,0,0,995,995,995,995,995,995,995,995,995,995,995,995,995,995,995,995,995,0,6,995,995,996,0,1,1,0,0,1,0,0,0,0,0,0,0,0,0,1,995,995,995,995,995,995,995,995,995,995,995,995,995,1,0,0,0,0,0,0,0,0,0,0,1,0,"1,256.163052"
22112945,52,7,2211294501,1,1,995,0,7,3,0,0,0,0,1,0,0,0,5,0,0,0,1,0,0,0,4,1,1,0,995,995,995,995,995,995,995,995,6,1,1,2,5,1,1,36061.0,4,3,3,3,3,102,102,995,995,995,995,995,,995,55,995,995,995,995,995,995,2,3,995,995,995,,995,995,995,995,995,995,995,,995,995,995,995,995,995,995,995,1,0,0,0,995,,0,995,0,,0,0,0,0,0,0,1,995,995,995,6,6,0,0,1,0,0,0,0,995,995,995,995,995,995,995,995,995,0,1,0,0,0,0,0,995,0,1,995,995,995,0,0,1,0,0,0,0,0,0,0,0,0,0,0,0,1,995,995,995,995,995,995,995,995,995,995,995,995,995,1,0,0,0,0,1,0,0,0,1,0,0,0,"8,379.010047"
22070076,62,6,2207007601,1,1,995,0,6,3,1,0,0,0,0,0,0,0,3,1,0,0,0,0,0,0,1,2,1,0,995,995,995,995,995,995,995,995,2,2,1,2,4,16,995,,995,995,1,995,996,102,102,995,995,995,995,995,,995,23,995,995,995,995,995,995,2,3,995,995,995,,995,995,995,995,995,995,995,,995,995,995,995,995,995,995,995,995,995,995,995,995,,0,995,0,,1,1,0,1,1,0,0,5,2,6,995,3,1,1,1,1,0,0,0,995,995,995,995,995,995,995,995,995,995,995,995,995,995,995,995,995,0,6,995,995,102,0,0,1,0,0,0,0,1,0,0,0,0,0,1,0,0,995,995,995,995,995,995,995,995,995,995,995,995,995,1,0,0,0,0,0,0,0,0,1,0,0,0,"10,059.41218"
22059873,4,5,2205987301,1,1,995,0,5,2,0,0,0,0,0,0,0,1,999,0,0,0,0,0,0,1,999,999,3,1,0,0,1,1,1,1,0,0,1,7,1,1,1,7,1,36047.0,9,2,2,996,996,100,100,6,995,4,1,995,,995,995,995,995,995,995,995,995,2,3,995,995,995,,995,995,995,995,995,995,995,,995,995,995,995,995,995,995,995,995,995,995,995,995,,0,995,0,,1,0,0,0,0,0,0,6,995,995,995,996,995,995,995,995,995,995,995,0,0,0,0,0,0,0,1,0,995,995,995,995,995,995,995,995,995,995,995,995,995,995,995,995,995,995,995,995,995,995,0,0,0,0,0,0,1,995,995,995,995,995,995,995,995,995,995,995,995,995,1,1,0,0,0,0,0,0,0,0,0,0,0,"13,554.19884"
22145658,3,1,2214565801,1,1,2,0,9,4,0,0,0,0,0,0,0,1,999,0,0,0,0,0,0,1,999,2,1,0,995,995,995,995,995,995,995,995,7,3,1,1,1,4,1,36061.0,4,1,1,995,996,105,105,995,995,995,995,995,,995,995,58,995,995,995,995,995,2,3,995,995,995,,995,995,995,995,995,995,995,,995,995,995,995,995,995,995,995,1,0,0,0,995,,0,995,0,,0,0,0,0,0,0,1,995,995,995,6,6,0,0,1,0,0,0,0,995,995,995,995,995,995,995,995,995,1,0,1,0,0,0,0,995,0,6,995,995,105,0,0,0,0,0,1,0,0,0,0,0,0,0,0,0,1,995,995,995,995,995,995,995,995,995,995,995,995,995,1,0,0,0,0,0,0,0,0,0,0,1,0,"1,361.973976"
