accuracy,relevance,coherence,completeness,fluency,model,dataset,question,agent_id,response
4,4,3,4,3,llama3.1:8b,data_pmus_yaounde,centre ville,Agent_0,YAOUNDE
5,4,4,4,4,llama3.1:8b,data_pmus_yaounde,q1_1,Agent_0,UN QUARTIER DE LA VILLE DE YAOUNDE
4,4,4,4,4,llama3.1:8b,data_pmus_yaounde,q1_1_a,Agent_0,MOKOLO
4,4,3,4,3,llama3.1:8b,data_pmus_yaounde,q1_1_b,Agent_0,MOKOLO
4,4,3,4,3,llama3.1:8b,data_pmus_yaounde,q1_1_c,Agent_0,AFANOYA
5,4,4,4,4,llama3.1:8b,data_pmus_yaounde,q1_2,Agent_0,UN QUARTIER DE LA VILLE DE YAOUNDE
4,4,4,4,4,llama3.1:8b,data_pmus_yaounde,q1_2_a,Agent_0,CARREFOUR LUMIERE
4,4,3,4,3,llama3.1:8b,data_pmus_yaounde,q1_2_b,Agent_0,PETIT MARCHE
4,4,3,4,3,llama3.1:8b,data_pmus_yaounde,q1_3_c,Agent_0,YAOUNDE
4,3,4,4,3,llama3.1:8b,data_pmus_yaounde,q2_1,Agent_0,A PIED
4,4,3,4,3,llama3.1:8b,data_pmus_yaounde,q2_2_1,Agent_0,GARE VOYAGEUR
4,4,3,4,3,llama3.1:8b,data_pmus_yaounde,q2_2_2,Agent_0,GARE VOYAGEUR
4,4,3,4,3,llama3.1:8b,data_pmus_yaounde,q2_3_1,Agent_0,CARREFOUR
4,4,3,4,3,llama3.1:8b,data_pmus_yaounde,q2_3_2,Agent_0,CARREFOUR
5,4,4,4,4,llama3.1:8b,data_pmus_yaounde,q2_3,Agent_0,NON
4,4,3,4,3,llama3.1:8b,data_pmus_yaounde,q2_4,Agent_0,PAR BUS STACY
4,4,3,4,3,llama3.1:8b,data_pmus_yaounde,q2_5_1,Agent_0,A B0NAS
4,4,3,4,3,llama3.1:8b,data_pmus_yaounde,q2_5_2,Agent_0,CARREFOUR
4,4,3,4,3,llama3.1:8b,data_pmus_yaounde,q2_6_1,Agent_0,CARREFOUR
4,4,3,4,3,llama3.1:8b,data_pmus_yaounde,q2_6_2,Agent_0,CARREFOUR
4,4,3,4,4,llama3.1:8b,data_pmus_yaounde,q3_1,Agent_0,NON
4,3,4,4,3,llama3.1:8b,data_pmus_yaounde,q3_2,Agent_0,PAR BUS STACY
4,4,4,4,4,llama3.1:8b,data_pmus_yaounde,q3_3_1,Agent_0,MOKOLO
4,4,3,4,3,llama3.1:8b,data_pmus_yaounde,q3_3_2,Agent_0,MOKOLO
5,4,2,5,2,llama3.1:8b,data_pmus_yaounde,q4_1_a,Agent_0,Veuillez indiquer depuis combien de temps vous attendez.
4,3,4,4,4,llama3.1:8b,data_pmus_yaounde,q4_1_b,Agent_0,MOINS DE 5 MIN
5,4,2,5,2,llama3.1:8b,data_pmus_yaounde,q4_2_a,Agent_0,Veuillez indiquer depuis combien de temps vous attendez.
4,4,4,4,4,llama3.1:8b,data_pmus_yaounde,q4_2_b,Agent_0,15 30 MIN
4,4,4,4,4,llama3.1:8b,data_pmus_yaounde,q4_3,Agent_0,1000
4,3,4,4,4,llama3.1:8b,data_pmus_yaounde,q4_4,Agent_0,COURSES
3,3,4,4,3,llama3.1:8b,data_pmus_yaounde,q4_4_autres,Agent_0,FAIRE DES ACHATS
5,3,4,4,4,llama3.1:8b,data_pmus_yaounde,q5_1,Agent_0,ENTRE 36 ET 45 ANS
5,3,3,4,4,llama3.1:8b,data_pmus_yaounde,q5_2,Agent_0,ENTRE 30 001 ET 100 000
5,4,4,4,4,llama3.1:8b,data_pmus_yaounde,q5_3,Agent_0,HOMME
4,4,3,4,3,llama3.1:8b,data_pmus_yaounde,centre ville,Agent_1,YAOUNDE
5,4,4,4,4,llama3.1:8b,data_pmus_yaounde,q1_1,Agent_1,UN QUARTIER DE LA VILLE DE YAOUNDE
4,4,4,4,4,llama3.1:8b,data_pmus_yaounde,q1_1_a,Agent_1,MBAM ET KIM
4,4,3,4,3,llama3.1:8b,data_pmus_yaounde,q1_1_b,Agent_1,MBANKOMO
4,4,3,4,3,llama3.1:8b,data_pmus_yaounde,q1_1_c,Agent_1,AFANOYA
5,4,4,4,4,llama3.1:8b,data_pmus_yaounde,q1_2,Agent_1,UN QUARTIER DE LA VILLE DE YAOUNDE
4,4,4,4,4,llama3.1:8b,data_pmus_yaounde,q1_2_a,Agent_1,ODZA
4,4,3,4,3,llama3.1:8b,data_pmus_yaounde,q1_2_b,Agent_1,10 IEME ARRET
4,4,3,4,3,llama3.1:8b,data_pmus_yaounde,q1_3_c,Agent_1,DOUALA
4,3,4,4,3,llama3.1:8b,data_pmus_yaounde,q2_1,Agent_1,PAR BUS STACY
4,4,3,4,3,llama3.1:8b,data_pmus_yaounde,q2_2_1,Agent_1,CARREFOUR BERLIN
4,4,3,4,3,llama3.1:8b,data_pmus_yaounde,q2_2_2,Agent_1,CARROSSEL NKONDENGUI
4,4,3,4,3,llama3.1:8b,data_pmus_yaounde,q2_3_1,Agent_1,0LESOA
4,4,3,4,3,llama3.1:8b,data_pmus_yaounde,q2_3_2,Agent_1,CARREFOUR
5,4,4,4,4,llama3.1:8b,data_pmus_yaounde,q2_3,Agent_1,NON
4,4,3,4,3,llama3.1:8b,data_pmus_yaounde,q2_4,Agent_1,PAR BUS STACY
4,4,3,4,3,llama3.1:8b,data_pmus_yaounde,q2_5_1,Agent_1,A B0NAS
4,4,3,4,3,llama3.1:8b,data_pmus_yaounde,q2_5_2,Agent_1,CARREFOUR
4,4,3,4,3,llama3.1:8b,data_pmus_yaounde,q2_6_1,Agent_1,CARREFOUR
4,4,3,4,3,llama3.1:8b,data_pmus_yaounde,q2_6_2,Agent_1,CARREFOUR
4,4,3,4,4,llama3.1:8b,data_pmus_yaounde,q3_1,Agent_1,NON
4,3,4,4,3,llama3.1:8b,data_pmus_yaounde,q3_2,Agent_1,PAR BUS STACY
4,4,4,4,4,llama3.1:8b,data_pmus_yaounde,q3_3_1,Agent_1,ACACIA
4,4,3,4,3,llama3.1:8b,data_pmus_yaounde,q3_3_2,Agent_1,CARREFOUR
5,4,2,5,2,llama3.1:8b,data_pmus_yaounde,q4_1_a,Agent_1,Veuillez indiquer depuis combien de temps vous attendez.
4,3,4,4,4,llama3.1:8b,data_pmus_yaounde,q4_1_b,Agent_1,10 20 MINUTES
5,4,2,5,2,llama3.1:8b,data_pmus_yaounde,q4_2_a,Agent_1,Veuillez indiquer depuis combien de temps vous attendez.
4,4,4,4,4,llama3.1:8b,data_pmus_yaounde,q4_2_b,Agent_1,15 30 MIN
4,4,4,4,4,llama3.1:8b,data_pmus_yaounde,q4_3,Agent_1,1200
4,3,4,4,4,llama3.1:8b,data_pmus_yaounde,q4_4,Agent_1,AMIS
3,3,4,4,3,llama3.1:8b,data_pmus_yaounde,q4_4_autres,Agent_1,RENCONTRE
5,3,4,4,4,llama3.1:8b,data_pmus_yaounde,q5_1,Agent_1,ENTRE 26 ET 35 ANS
5,3,3,4,4,llama3.1:8b,data_pmus_yaounde,q5_2,Agent_1,ENTRE 30 001 ET 100 000
5,4,4,4,4,llama3.1:8b,data_pmus_yaounde,q5_3,Agent_1,HOMME
4,4,3,4,3,llama3.1:8b,data_pmus_yaounde,centre ville,Agent_2,YAOUNDE
5,4,4,4,4,llama3.1:8b,data_pmus_yaounde,q1_1,Agent_2,UN QUARTIER DE LA VILLE DE YAOUNDE
4,4,4,4,4,llama3.1:8b,data_pmus_yaounde,q1_1_a,Agent_2,NLONGKAK
4,4,3,4,3,llama3.1:8b,data_pmus_yaounde,q1_1_b,Agent_2,BATA NLONGKAK
4,4,3,4,3,llama3.1:8b,data_pmus_yaounde,q1_1_c,Agent_2,AFANOYA
5,4,4,4,4,llama3.1:8b,data_pmus_yaounde,q1_2,Agent_2,UN QUARTIER DE LA VILLE DE YAOUNDE
4,4,4,4,4,llama3.1:8b,data_pmus_yaounde,q1_2_a,Agent_2,ABOM
4,4,3,4,3,llama3.1:8b,data_pmus_yaounde,q1_2_b,Agent_2,BATA NLONGKAK
4,4,3,4,3,llama3.1:8b,data_pmus_yaounde,q1_3_c,Agent_2,YAOUNDE
4,3,4,4,3,llama3.1:8b,data_pmus_yaounde,q2_1,Agent_2,PAR BUS STACY
4,4,3,4,3,llama3.1:8b,data_pmus_yaounde,q2_2_1,Agent_2,2 CHEVEAU
4,4,3,4,3,llama3.1:8b,data_pmus_yaounde,q2_2_2,Agent_2,BATA NLONGKAK
4,4,3,4,3,llama3.1:8b,data_pmus_yaounde,q2_3_1,Agent_2,NGOUSSO
4,4,3,4,3,llama3.1:8b,data_pmus_yaounde,q2_3_2,Agent_2,0NANA
5,4,4,4,4,llama3.1:8b,data_pmus_yaounde,q2_3,Agent_2,NON
4,4,3,4,3,llama3.1:8b,data_pmus_yaounde,q2_4,Agent_2,PAR BUS STACY
4,4,3,4,3,llama3.1:8b,data_pmus_yaounde,q2_5_1,Agent_2,NLONGKAK
4,4,3,4,3,llama3.1:8b,data_pmus_yaounde,q2_5_2,Agent_2,0MPHINE
4,4,3,4,3,llama3.1:8b,data_pmus_yaounde,q2_6_1,Agent_2,NGOHEKELE
4,4,3,4,3,llama3.1:8b,data_pmus_yaounde,q2_6_2,Agent_2,NGOA EKELLE
4,4,3,4,4,llama3.1:8b,data_pmus_yaounde,q3_1,Agent_2,NON
4,3,4,4,3,llama3.1:8b,data_pmus_yaounde,q3_2,Agent_2,PAR BUS STACY
4,4,4,4,4,llama3.1:8b,data_pmus_yaounde,q3_3_1,Agent_2,TRANSFORMATEUR
4,4,3,4,3,llama3.1:8b,data_pmus_yaounde,q3_3_2,Agent_2,10 IEME ARRET
5,4,2,5,2,llama3.1:8b,data_pmus_yaounde,q4_1_a,Agent_2,Veuillez indiquer depuis combien de temps vous attendez.
4,3,4,4,4,llama3.1:8b,data_pmus_yaounde,q4_1_b,Agent_2,10 20 MINUTES
5,4,2,5,2,llama3.1:8b,data_pmus_yaounde,q4_2_a,Agent_2,Veuillez indiquer depuis combien de temps vous attendez.
4,4,4,4,4,llama3.1:8b,data_pmus_yaounde,q4_2_b,Agent_2,15 30 MIN
4,4,4,4,4,llama3.1:8b,data_pmus_yaounde,q4_3,Agent_2,8000
4,3,4,4,4,llama3.1:8b,data_pmus_yaounde,q4_4,Agent_2,COURSES
3,3,4,4,3,llama3.1:8b,data_pmus_yaounde,q4_4_autres,Agent_2,ETUDES
5,3,4,4,4,llama3.1:8b,data_pmus_yaounde,q5_1,Agent_2,ENTRE 18 ET 25 ANS
5,3,3,4,4,llama3.1:8b,data_pmus_yaounde,q5_2,Agent_2,ENTRE 30 001 ET 100 000
5,4,4,4,4,llama3.1:8b,data_pmus_yaounde,q5_3,Agent_2,FEMME
4,4,3,4,3,llama3.1:8b,data_pmus_yaounde,centre ville,Agent_3,YAOUNDE
5,4,4,4,4,llama3.1:8b,data_pmus_yaounde,q1_1,Agent_3,UN QUARTIER DE LA VILLE DE YAOUNDE
4,4,4,4,4,llama3.1:8b,data_pmus_yaounde,q1_1_a,Agent_3,EMANA
4,4,3,4,3,llama3.1:8b,data_pmus_yaounde,q1_1_b,Agent_3,10EME ARRET
4,4,3,4,3,llama3.1:8b,data_pmus_yaounde,q1_1_c,Agent_3,AFANOYA
5,4,4,4,4,llama3.1:8b,data_pmus_yaounde,q1_2,Agent_3,UN QUARTIER DE LA VILLE DE YAOUNDE
4,4,4,4,4,llama3.1:8b,data_pmus_yaounde,q1_2_a,Agent_3,NKOLODOM
4,4,3,4,3,llama3.1:8b,data_pmus_yaounde,q1_2_b,Agent_3,10 IEME ARRET
4,4,3,4,3,llama3.1:8b,data_pmus_yaounde,q1_3_c,Agent_3,DOUALA
4,3,4,4,3,llama3.1:8b,data_pmus_yaounde,q2_1,Agent_3,A PIED
4,4,3,4,3,llama3.1:8b,data_pmus_yaounde,q2_2_1,Agent_3,OYOMANBANG
4,4,3,4,3,llama3.1:8b,data_pmus_yaounde,q2_2_2,Agent_3,10 E ARRET
4,4,3,4,3,llama3.1:8b,data_pmus_yaounde,q2_3_1,Agent_3,0LESOA
4,4,3,4,3,llama3.1:8b,data_pmus_yaounde,q2_3_2,Agent_3,NKONDENGUI
5,4,4,4,4,llama3.1:8b,data_pmus_yaounde,q2_3,Agent_3,NON
4,4,3,4,3,llama3.1:8b,data_pmus_yaounde,q2_4,Agent_3,PAR BUS STACY
4,4,3,4,3,llama3.1:8b,data_pmus_yaounde,q2_5_1,Agent_3,ONANA
4,4,3,4,3,llama3.1:8b,data_pmus_yaounde,q2_5_2,Agent_3,0MPHINE
4,4,3,4,3,llama3.1:8b,data_pmus_yaounde,q2_6_1,Agent_3,ONANA
4,4,3,4,3,llama3.1:8b,data_pmus_yaounde,q2_6_2,Agent_3,NGOA EKELLE
4,4,3,4,4,llama3.1:8b,data_pmus_yaounde,q3_1,Agent_3,NON
4,3,4,4,3,llama3.1:8b,data_pmus_yaounde,q3_2,Agent_3,PAR BUS AGENCE INTERURBAIN
4,4,4,4,4,llama3.1:8b,data_pmus_yaounde,q3_3_1,Agent_3,ONANA
4,4,3,4,3,llama3.1:8b,data_pmus_yaounde,q3_3_2,Agent_3,10 IEME ARRET
5,4,2,5,2,llama3.1:8b,data_pmus_yaounde,q4_1_a,Agent_3,Veuillez indiquer depuis combien de temps vous attendez.
4,3,4,4,4,llama3.1:8b,data_pmus_yaounde,q4_1_b,Agent_3,MOINS DE 5 MIN
5,4,2,5,2,llama3.1:8b,data_pmus_yaounde,q4_2_a,Agent_3,Veuillez indiquer depuis combien de temps vous attendez.
4,4,4,4,4,llama3.1:8b,data_pmus_yaounde,q4_2_b,Agent_3,15 30 MIN
4,4,4,4,4,llama3.1:8b,data_pmus_yaounde,q4_3,Agent_3,1200
4,3,4,4,4,llama3.1:8b,data_pmus_yaounde,q4_4,Agent_3,TRAVAIL
3,3,4,4,3,llama3.1:8b,data_pmus_yaounde,q4_4_autres,Agent_3,REMETTRE UN PACKET
5,3,4,4,4,llama3.1:8b,data_pmus_yaounde,q5_1,Agent_3,ENTRE 18 ET 25 ANS
5,3,3,4,4,llama3.1:8b,data_pmus_yaounde,q5_2,Agent_3,MOINS DE 30 000
5,4,4,4,4,llama3.1:8b,data_pmus_yaounde,q5_3,Agent_3,HOMME
4,4,3,4,3,llama3.1:8b,data_pmus_yaounde,centre ville,Agent_4,YAOUNDE
5,4,4,4,4,llama3.1:8b,data_pmus_yaounde,q1_1,Agent_4,UN QUARTIER DE LA VILLE DE YAOUNDE
4,4,4,4,4,llama3.1:8b,data_pmus_yaounde,q1_1_a,Agent_4,MVOG BETSI
4,4,3,4,3,llama3.1:8b,data_pmus_yaounde,q1_1_b,Agent_4,HOLY INFANT
4,4,3,4,3,llama3.1:8b,data_pmus_yaounde,q1_1_c,Agent_4,AFANOYA
5,4,4,4,4,llama3.1:8b,data_pmus_yaounde,q1_2,Agent_4,UN QUARTIER DE LA VILLE DE YAOUNDE
4,4,4,4,4,llama3.1:8b,data_pmus_yaounde,q1_2_a,Agent_4,MVOG BETSI
4,4,3,4,3,llama3.1:8b,data_pmus_yaounde,q1_2_b,Agent_4,MVOG BETSI
4,4,3,4,3,llama3.1:8b,data_pmus_yaounde,q1_3_c,Agent_4,YAOUNDE
4,3,4,4,3,llama3.1:8b,data_pmus_yaounde,q2_1,Agent_4,PAR BUS STACY
4,4,3,4,3,llama3.1:8b,data_pmus_yaounde,q2_2_1,Agent_4,CARREFOUR GP
4,4,3,4,3,llama3.1:8b,data_pmus_yaounde,q2_2_2,Agent_4,MVOG BETSI
4,4,3,4,3,llama3.1:8b,data_pmus_yaounde,q2_3_1,Agent_4,MVOG BETSI
4,4,3,4,3,llama3.1:8b,data_pmus_yaounde,q2_3_2,Agent_4,CARREFOUT
5,4,4,4,4,llama3.1:8b,data_pmus_yaounde,q2_3,Agent_4,NON
4,4,3,4,3,llama3.1:8b,data_pmus_yaounde,q2_4,Agent_4,PAR BUS STACY
4,4,3,4,3,llama3.1:8b,data_pmus_yaounde,q2_5_1,Agent_4,MVOG BETSI
4,4,3,4,3,llama3.1:8b,data_pmus_yaounde,q2_5_2,Agent_4,CARREFOUR
4,4,3,4,3,llama3.1:8b,data_pmus_yaounde,q2_6_1,Agent_4,MVOG BETSI
4,4,3,4,3,llama3.1:8b,data_pmus_yaounde,q2_6_2,Agent_4,GARE ROUTIERE
4,4,3,4,4,llama3.1:8b,data_pmus_yaounde,q3_1,Agent_4,NON
4,3,4,4,3,llama3.1:8b,data_pmus_yaounde,q3_2,Agent_4,PAR BUS AGENCE INTERURBAIN
4,4,4,4,4,llama3.1:8b,data_pmus_yaounde,q3_3_1,Agent_4,ACACIA
4,4,3,4,3,llama3.1:8b,data_pmus_yaounde,q3_3_2,Agent_4,MVOG BETSI
5,4,2,5,2,llama3.1:8b,data_pmus_yaounde,q4_1_a,Agent_4,Veuillez indiquer depuis combien de temps vous attendez.
4,3,4,4,4,llama3.1:8b,data_pmus_yaounde,q4_1_b,Agent_4,10 20 MINUTES
5,4,2,5,2,llama3.1:8b,data_pmus_yaounde,q4_2_a,Agent_4,Veuillez indiquer depuis combien de temps vous attendez.
4,4,4,4,4,llama3.1:8b,data_pmus_yaounde,q4_2_b,Agent_4,15 30 MIN
4,4,4,4,4,llama3.1:8b,data_pmus_yaounde,q4_3,Agent_4,120
4,3,4,4,4,llama3.1:8b,data_pmus_yaounde,q4_4,Agent_4,COURSES
3,3,4,4,3,llama3.1:8b,data_pmus_yaounde,q4_4_autres,Agent_4,FAIRE DES ACHATS
5,3,4,4,4,llama3.1:8b,data_pmus_yaounde,q5_1,Agent_4,MOINS DE 18 ANS
5,3,3,4,4,llama3.1:8b,data_pmus_yaounde,q5_2,Agent_4,ENTRE 30 001 ET 100 000
5,4,4,4,4,llama3.1:8b,data_pmus_yaounde,q5_3,Agent_4,FEMME
4,4,3,4,3,llama3.1:8b,data_pmus_yaounde,centre ville,Agent_5,YAOUNDE
5,4,4,4,4,llama3.1:8b,data_pmus_yaounde,q1_1,Agent_5,UN QUARTIER DE LA VILLE DE YAOUNDE
4,4,4,4,4,llama3.1:8b,data_pmus_yaounde,q1_1_a,Agent_5,ETETAK
4,4,3,4,3,llama3.1:8b,data_pmus_yaounde,q1_1_b,Agent_5,ETETAK
4,4,3,4,3,llama3.1:8b,data_pmus_yaounde,q1_1_c,Agent_5,AFANOYA
5,4,4,4,4,llama3.1:8b,data_pmus_yaounde,q1_2,Agent_5,UN QUARTIER DE LA VILLE DE YAOUNDE
4,4,4,4,4,llama3.1:8b,data_pmus_yaounde,q1_2_a,Agent_5,ETETAK
4,4,3,4,3,llama3.1:8b,data_pmus_yaounde,q1_2_b,Agent_5,ETETAK
4,4,3,4,3,llama3.1:8b,data_pmus_yaounde,q1_3_c,Agent_5,YAOUNDE
4,3,4,4,3,llama3.1:8b,data_pmus_yaounde,q2_1,Agent_5,A PIED
4,4,3,4,3,llama3.1:8b,data_pmus_yaounde,q2_2_1,Agent_5,ELAT
4,4,3,4,3,llama3.1:8b,data_pmus_yaounde,q2_2_2,Agent_5,ELAT
4,4,3,4,3,llama3.1:8b,data_pmus_yaounde,q2_3_1,Agent_5,0LESOA
4,4,3,4,3,llama3.1:8b,data_pmus_yaounde,q2_3_2,Agent_5,VERS LA STATION
5,4,4,4,4,llama3.1:8b,data_pmus_yaounde,q2_3,Agent_5,NON
4,4,3,4,3,llama3.1:8b,data_pmus_yaounde,q2_4,Agent_5,A PIED
4,4,3,4,3,llama3.1:8b,data_pmus_yaounde,q2_5_1,Agent_5,ENTRE CITE
4,4,3,4,3,llama3.1:8b,data_pmus_yaounde,q2_5_2,Agent_5,0MPHINE
4,4,3,4,3,llama3.1:8b,data_pmus_yaounde,q2_6_1,Agent_5,ETOUG EBE
4,4,3,4,3,llama3.1:8b,data_pmus_yaounde,q2_6_2,Agent_5,ENTREE BORNE 10
4,4,3,4,4,llama3.1:8b,data_pmus_yaounde,q3_1,Agent_5,NON
4,3,4,4,3,llama3.1:8b,data_pmus_yaounde,q3_2,Agent_5,A PIED
4,4,4,4,4,llama3.1:8b,data_pmus_yaounde,q3_3_1,Agent_5,EKOUM DOUM
4,4,3,4,3,llama3.1:8b,data_pmus_yaounde,q3_3_2,Agent_5,EKIE
5,4,2,5,2,llama3.1:8b,data_pmus_yaounde,q4_1_a,Agent_5,Veuillez indiquer depuis combien de temps vous attendez.
4,3,4,4,4,llama3.1:8b,data_pmus_yaounde,q4_1_b,Agent_5,MOINS DE 5 MIN
5,4,2,5,2,llama3.1:8b,data_pmus_yaounde,q4_2_a,Agent_5,Veuillez indiquer depuis combien de temps vous attendez.
4,4,4,4,4,llama3.1:8b,data_pmus_yaounde,q4_2_b,Agent_5,15 30 MIN
4,4,4,4,4,llama3.1:8b,data_pmus_yaounde,q4_3,Agent_5,1500
4,3,4,4,4,llama3.1:8b,data_pmus_yaounde,q4_4,Agent_5,VISITE FAMILLE
3,3,4,4,3,llama3.1:8b,data_pmus_yaounde,q4_4_autres,Agent_5,ACHAT
5,3,4,4,4,llama3.1:8b,data_pmus_yaounde,q5_1,Agent_5,ENTRE 26 ET 35 ANS
5,3,3,4,4,llama3.1:8b,data_pmus_yaounde,q5_2,Agent_5,ENTRE 30 001 ET 100 000
5,4,4,4,4,llama3.1:8b,data_pmus_yaounde,q5_3,Agent_5,HOMME
4,4,3,4,3,llama3.1:8b,data_pmus_yaounde,centre ville,Agent_6,YAOUNDE
5,4,4,4,4,llama3.1:8b,data_pmus_yaounde,q1_1,Agent_6,UN QUARTIER DE LA VILLE DE YAOUNDE
4,4,4,4,4,llama3.1:8b,data_pmus_yaounde,q1_1_a,Agent_6,MBANKOLO
4,4,3,4,3,llama3.1:8b,data_pmus_yaounde,q1_1_b,Agent_6,MBANKOMO
4,4,3,4,3,llama3.1:8b,data_pmus_yaounde,q1_1_c,Agent_6,MBANKOMO
5,4,4,4,4,llama3.1:8b,data_pmus_yaounde,q1_2,Agent_6,UN QUARTIER DE LA VILLE DE YAOUNDE
4,4,4,4,4,llama3.1:8b,data_pmus_yaounde,q1_2_a,Agent_6,MBANKOMO
4,4,3,4,3,llama3.1:8b,data_pmus_yaounde,q1_2_b,Agent_6,10 IEME ARRET
4,4,3,4,3,llama3.1:8b,data_pmus_yaounde,q1_3_c,Agent_6,MBANKOMO
4,3,4,4,3,llama3.1:8b,data_pmus_yaounde,q2_1,Agent_6,PAR TAXI
4,4,3,4,3,llama3.1:8b,data_pmus_yaounde,q2_2_1,Agent_6,ABOM
4,4,3,4,3,llama3.1:8b,data_pmus_yaounde,q2_2_2,Agent_6,ABOM
4,4,3,4,3,llama3.1:8b,data_pmus_yaounde,q2_3_1,Agent_6,0LESOA
4,4,3,4,3,llama3.1:8b,data_pmus_yaounde,q2_3_2,Agent_6,0NANA
5,4,4,4,4,llama3.1:8b,data_pmus_yaounde,q2_3,Agent_6,NON
4,4,3,4,3,llama3.1:8b,data_pmus_yaounde,q2_4,Agent_6,PAR TAXI
4,4,3,4,3,llama3.1:8b,data_pmus_yaounde,q2_5_1,Agent_6,MSAM
4,4,3,4,3,llama3.1:8b,data_pmus_yaounde,q2_5_2,Agent_6,0MPHINE
4,4,3,4,3,llama3.1:8b,data_pmus_yaounde,q2_6_1,Agent_6,MBANKOMO
4,4,3,4,3,llama3.1:8b,data_pmus_yaounde,q2_6_2,Agent_6,11EME ARRET
4,4,3,4,4,llama3.1:8b,data_pmus_yaounde,q3_1,Agent_6,NON
4,3,4,4,3,llama3.1:8b,data_pmus_yaounde,q3_2,Agent_6,PAR TAXI
4,4,4,4,4,llama3.1:8b,data_pmus_yaounde,q3_3_1,Agent_6,MBANKOMO
4,4,3,4,3,llama3.1:8b,data_pmus_yaounde,q3_3_2,Agent_6,MBANKOMO
5,4,2,5,2,llama3.1:8b,data_pmus_yaounde,q4_1_a,Agent_6,Veuillez indiquer depuis combien de temps vous attendez.
4,3,4,4,4,llama3.1:8b,data_pmus_yaounde,q4_1_b,Agent_6,10 20 MINUTES
5,4,2,5,2,llama3.1:8b,data_pmus_yaounde,q4_2_a,Agent_6,Veuillez indiquer depuis combien de temps vous attendez.
4,4,4,4,4,llama3.1:8b,data_pmus_yaounde,q4_2_b,Agent_6,15 30 MIN
4,4,4,4,4,llama3.1:8b,data_pmus_yaounde,q4_3,Agent_6,3500
4,3,4,4,4,llama3.1:8b,data_pmus_yaounde,q4_4,Agent_6,TRAVAIL
3,3,4,4,3,llama3.1:8b,data_pmus_yaounde,q4_4_autres,Agent_6,ACHAT
5,3,4,4,4,llama3.1:8b,data_pmus_yaounde,q5_1,Agent_6,ENTRE 55ANS ET 64 ANS
5,3,3,4,4,llama3.1:8b,data_pmus_yaounde,q5_2,Agent_6,ENTRE 300 001 ET 500 000
5,4,4,4,4,llama3.1:8b,data_pmus_yaounde,q5_3,Agent_6,HOMME
4,4,3,4,3,llama3.1:8b,data_pmus_yaounde,centre ville,Agent_7,YAOUNDE
5,4,4,4,4,llama3.1:8b,data_pmus_yaounde,q1_1,Agent_7,UN QUARTIER DE LA VILLE DE YAOUNDE
4,4,4,4,4,llama3.1:8b,data_pmus_yaounde,q1_1_a,Agent_7,BITENG
4,4,3,4,3,llama3.1:8b,data_pmus_yaounde,q1_1_b,Agent_7,BITENG
4,4,3,4,3,llama3.1:8b,data_pmus_yaounde,q1_1_c,Agent_7,AFANOYA
5,4,4,4,4,llama3.1:8b,data_pmus_yaounde,q1_2,Agent_7,UN QUARTIER DE LA VILLE DE YAOUNDE
4,4,4,4,4,llama3.1:8b,data_pmus_yaounde,q1_2_a,Agent_7,BITENG
4,4,3,4,3,llama3.1:8b,data_pmus_yaounde,q1_2_b,Agent_7,BITENG
4,4,3,4,3,llama3.1:8b,data_pmus_yaounde,q1_3_c,Agent_7,AFANOYA
4,3,4,4,3,llama3.1:8b,data_pmus_yaounde,q2_1,Agent_7,A PIED
4,4,3,4,3,llama3.1:8b,data_pmus_yaounde,q2_2_1,Agent_7,ENTREE
4,4,3,4,3,llama3.1:8b,data_pmus_yaounde,q2_2_2,Agent_7,10 E ARRET
4,4,3,4,3,llama3.1:8b,data_pmus_yaounde,q2_3_1,Agent_7,BITENG
4,4,3,4,3,llama3.1:8b,data_pmus_yaounde,q2_3_2,Agent_7,BITENG
5,4,4,4,4,llama3.1:8b,data_pmus_yaounde,q2_3,Agent_7,NON
4,4,3,4,3,llama3.1:8b,data_pmus_yaounde,q2_4,Agent_7,PAR BUS STACY
4,4,3,4,3,llama3.1:8b,data_pmus_yaounde,q2_5_1,Agent_7,BITENG
4,4,3,4,3,llama3.1:8b,data_pmus_yaounde,q2_5_2,Agent_7,0MPHINE
4,4,3,4,3,llama3.1:8b,data_pmus_yaounde,q2_6_1,Agent_7,BITENG
4,4,3,4,3,llama3.1:8b,data_pmus_yaounde,q2_6_2,Agent_7,11EME ARRET
4,4,3,4,4,llama3.1:8b,data_pmus_yaounde,q3_1,Agent_7,NON
4,3,4,4,3,llama3.1:8b,data_pmus_yaounde,q3_2,Agent_7,PAR BUS STACY
4,4,4,4,4,llama3.1:8b,data_pmus_yaounde,q3_3_1,Agent_7,BITENG
4,4,3,4,3,llama3.1:8b,data_pmus_yaounde,q3_3_2,Agent_7,BITENG
5,4,2,5,2,llama3.1:8b,data_pmus_yaounde,q4_1_a,Agent_7,Veuillez indiquer depuis combien de temps vous attendez.
4,3,4,4,4,llama3.1:8b,data_pmus_yaounde,q4_1_b,Agent_7,MOINS DE 5 MIN
5,4,2,5,2,llama3.1:8b,data_pmus_yaounde,q4_2_a,Agent_7,Veuillez indiquer depuis combien de temps vous attendez.
4,4,4,4,4,llama3.1:8b,data_pmus_yaounde,q4_2_b,Agent_7,30 60 MIN
4,4,4,4,4,llama3.1:8b,data_pmus_yaounde,q4_3,Agent_7,1000
4,3,4,4,4,llama3.1:8b,data_pmus_yaounde,q4_4,Agent_7,COURSES
3,3,4,4,3,llama3.1:8b,data_pmus_yaounde,q4_4_autres,Agent_7,FAIRE DES ACHATS
5,3,4,4,4,llama3.1:8b,data_pmus_yaounde,q5_1,Agent_7,ENTRE 36 ET 45 ANS
5,3,3,4,4,llama3.1:8b,data_pmus_yaounde,q5_2,Agent_7,ENTRE 30 001 ET 100 000
5,4,4,4,4,llama3.1:8b,data_pmus_yaounde,q5_3,Agent_7,FEMME
4,4,3,4,3,llama3.1:8b,data_pmus_yaounde,centre ville,Agent_8,YAOUNDE
5,4,4,4,4,llama3.1:8b,data_pmus_yaounde,q1_1,Agent_8,UN QUARTIER DE LA VILLE DE YAOUNDE
4,4,4,4,4,llama3.1:8b,data_pmus_yaounde,q1_1_a,Agent_8,ABIT
4,4,3,4,3,llama3.1:8b,data_pmus_yaounde,q1_1_b,Agent_8,REGIE
4,4,3,4,3,llama3.1:8b,data_pmus_yaounde,q1_1_c,Agent_8,AFANOYA
5,4,4,4,4,llama3.1:8b,data_pmus_yaounde,q1_2,Agent_8,UN QUARTIER DE LA VILLE DE YAOUNDE
4,4,4,4,4,llama3.1:8b,data_pmus_yaounde,q1_2_a,Agent_8,CARREFOUR REGI
4,4,3,4,3,llama3.1:8b,data_pmus_yaounde,q1_2_b,Agent_8,10 IEME ARRET
4,4,3,4,3,llama3.1:8b,data_pmus_yaounde,q1_3_c,Agent_8,DOUALA
4,3,4,4,3,llama3.1:8b,data_pmus_yaounde,q2_1,Agent_8,PAR BUS AGENCE INTERURBAIN
4,4,3,4,3,llama3.1:8b,data_pmus_yaounde,q2_2_1,Agent_8,2 CHEVEAU
4,4,3,4,3,llama3.1:8b,data_pmus_yaounde,q2_2_2,Agent_8,10 E ARRET
4,4,3,4,3,llama3.1:8b,data_pmus_yaounde,q2_3_1,Agent_8,0LESOA
4,4,3,4,3,llama3.1:8b,data_pmus_yaounde,q2_3_2,Agent_8,CARREFOUR
5,4,4,4,4,llama3.1:8b,data_pmus_yaounde,q2_3,Agent_8,NON
4,4,3,4,3,llama3.1:8b,data_pmus_yaounde,q2_4,Agent_8,PAR BUS AGENCE INTERURBAIN
4,4,3,4,3,llama3.1:8b,data_pmus_yaounde,q2_5_1,Agent_8,A B0NAS
4,4,3,4,3,llama3.1:8b,data_pmus_yaounde,q2_5_2,Agent_8,CARREFOUR
4,4,3,4,3,llama3.1:8b,data_pmus_yaounde,q2_6_1,Agent_8,CARREFOUR
4,4,3,4,3,llama3.1:8b,data_pmus_yaounde,q2_6_2,Agent_8,CARREFOUR
4,4,3,4,4,llama3.1:8b,data_pmus_yaounde,q3_1,Agent_8,NON
4,3,4,4,3,llama3.1:8b,data_pmus_yaounde,q3_2,Agent_8,PAR BUS AGENCE INTERURBAIN
4,4,4,4,4,llama3.1:8b,data_pmus_yaounde,q3_3_1,Agent_8,MBALLA 2
4,4,3,4,3,llama3.1:8b,data_pmus_yaounde,q3_3_2,Agent_8,10 IEME ARRET
5,4,2,5,2,llama3.1:8b,data_pmus_yaounde,q4_1_a,Agent_8,Veuillez indiquer depuis combien de temps vous attendez.
4,3,4,4,4,llama3.1:8b,data_pmus_yaounde,q4_1_b,Agent_8,10 20 MINUTES
5,4,2,5,2,llama3.1:8b,data_pmus_yaounde,q4_2_a,Agent_8,Veuillez indiquer depuis combien de temps vous attendez.
4,4,4,4,4,llama3.1:8b,data_pmus_yaounde,q4_2_b,Agent_8,15 30 MIN
4,4,4,4,4,llama3.1:8b,data_pmus_yaounde,q4_3,Agent_8,408
4,3,4,4,4,llama3.1:8b,data_pmus_yaounde,q4_4,Agent_8,TRAVAIL
3,3,4,4,3,llama3.1:8b,data_pmus_yaounde,q4_4_autres,Agent_8,ACHAT
5,3,4,4,4,llama3.1:8b,data_pmus_yaounde,q5_1,Agent_8,ENTRE 26 ET 35 ANS
5,3,3,4,4,llama3.1:8b,data_pmus_yaounde,q5_2,Agent_8,ENTRE 300 001 ET 500 000
5,4,4,4,4,llama3.1:8b,data_pmus_yaounde,q5_3,Agent_8,HOMME
4,4,3,4,3,llama3.1:8b,data_pmus_yaounde,centre ville,Agent_9,YAOUNDE
5,4,4,4,4,llama3.1:8b,data_pmus_yaounde,q1_1,Agent_9,UN QUARTIER DE LA VILLE DE YAOUNDE
4,4,4,4,4,llama3.1:8b,data_pmus_yaounde,q1_1_a,Agent_9,TITI GARAGE
4,4,3,4,3,llama3.1:8b,data_pmus_yaounde,q1_1_b,Agent_9,ESSOMBA
4,4,3,4,3,llama3.1:8b,data_pmus_yaounde,q1_1_c,Agent_9,AFANOYA
5,4,4,4,4,llama3.1:8b,data_pmus_yaounde,q1_2,Agent_9,UN QUARTIER DE LA VILLE DE YAOUNDE
4,4,4,4,4,llama3.1:8b,data_pmus_yaounde,q1_2_a,Agent_9,TITI GARAGE
4,4,3,4,3,llama3.1:8b,data_pmus_yaounde,q1_2_b,Agent_9,ESSOMBA
4,4,3,4,3,llama3.1:8b,data_pmus_yaounde,q1_3_c,Agent_9,AFANOYA
4,3,4,4,3,llama3.1:8b,data_pmus_yaounde,q2_1,Agent_9,PAR BUS STACY
4,4,3,4,3,llama3.1:8b,data_pmus_yaounde,q2_2_1,Agent_9,2 CHEVEAU
4,4,3,4,3,llama3.1:8b,data_pmus_yaounde,q2_2_2,Agent_9,10 E ARRET
4,4,3,4,3,llama3.1:8b,data_pmus_yaounde,q2_3_1,Agent_9,ESSOMBA
4,4,3,4,3,llama3.1:8b,data_pmus_yaounde,q2_3_2,Agent_9,ESSOMBA
5,4,4,4,4,llama3.1:8b,data_pmus_yaounde,q2_3,Agent_9,NON
4,4,3,4,3,llama3.1:8b,data_pmus_yaounde,q2_4,Agent_9,PAR BUS STACY
4,4,3,4,3,llama3.1:8b,data_pmus_yaounde,q2_5_1,Agent_9,ESSOMBA
4,4,3,4,3,llama3.1:8b,data_pmus_yaounde,q2_5_2,Agent_9,ESSOMBA
4,4,3,4,3,llama3.1:8b,data_pmus_yaounde,q2_6_1,Agent_9,ESSOMBA
4,4,3,4,3,llama3.1:8b,data_pmus_yaounde,q2_6_2,Agent_9,11EME ARRET
4,4,3,4,4,llama3.1:8b,data_pmus_yaounde,q3_1,Agent_9,NON
4,3,4,4,3,llama3.1:8b,data_pmus_yaounde,q3_2,Agent_9,PAR BUS STACY
4,4,4,4,4,llama3.1:8b,data_pmus_yaounde,q3_3_1,Agent_9,ESSOMBA
4,4,3,4,3,llama3.1:8b,data_pmus_yaounde,q3_3_2,Agent_9,10 IEME ARRET
5,4,2,5,2,llama3.1:8b,data_pmus_yaounde,q4_1_a,Agent_9,Veuillez indiquer depuis combien de temps vous attendez.
4,3,4,4,4,llama3.1:8b,data_pmus_yaounde,q4_1_b,Agent_9,10 20 MINUTES
5,4,2,5,2,llama3.1:8b,data_pmus_yaounde,q4_2_a,Agent_9,Veuillez indiquer depuis combien de temps vous attendez.
4,4,4,4,4,llama3.1:8b,data_pmus_yaounde,q4_2_b,Agent_9,15 30 MIN
4,4,4,4,4,llama3.1:8b,data_pmus_yaounde,q4_3,Agent_9,3600
4,3,4,4,4,llama3.1:8b,data_pmus_yaounde,q4_4,Agent_9,COURSES
3,3,4,4,3,llama3.1:8b,data_pmus_yaounde,q4_4_autres,Agent_9,COURS
5,3,4,4,4,llama3.1:8b,data_pmus_yaounde,q5_1,Agent_9,ENTRE 18 ET 25 ANS
5,3,3,4,4,llama3.1:8b,data_pmus_yaounde,q5_2,Agent_9,ENTRE 30 001 ET 100 000
5,4,4,4,4,llama3.1:8b,data_pmus_yaounde,q5_3,Agent_9,FEMME
4,4,3,4,3,llama3.1:8b,data_pmus_yaounde,centre ville,Agent_10,YAOUNDE
5,4,4,4,4,llama3.1:8b,data_pmus_yaounde,q1_1,Agent_10,UN QUARTIER DE LA VILLE DE YAOUNDE
4,4,4,4,4,llama3.1:8b,data_pmus_yaounde,q1_1_a,Agent_10,ABIT
4,4,3,4,3,llama3.1:8b,data_pmus_yaounde,q1_1_b,Agent_10,ECOCO2
4,4,3,4,3,llama3.1:8b,data_pmus_yaounde,q1_1_c,Agent_10,AFANOYA
5,4,4,4,4,llama3.1:8b,data_pmus_yaounde,q1_2,Agent_10,UN QUARTIER DE LA VILLE DE YAOUNDE
4,4,4,4,4,llama3.1:8b,data_pmus_yaounde,q1_2_a,Agent_10,ABOM
4,4,3,4,3,llama3.1:8b,data_pmus_yaounde,q1_2_b,Agent_10,ECOCO2
4,4,3,4,3,llama3.1:8b,data_pmus_yaounde,q1_3_c,Agent_10,NSIMALEN
4,3,4,4,3,llama3.1:8b,data_pmus_yaounde,q2_1,Agent_10,PAR BUS STACY
4,4,3,4,3,llama3.1:8b,data_pmus_yaounde,q2_2_1,Agent_10,AU NIVEAU DE CARREFOUR BANANE
4,4,3,4,3,llama3.1:8b,data_pmus_yaounde,q2_2_2,Agent_10,ECOCO2
4,4,3,4,3,llama3.1:8b,data_pmus_yaounde,q2_3_1,Agent_10,0LESOA
4,4,3,4,3,llama3.1:8b,data_pmus_yaounde,q2_3_2,Agent_10,0NANA
5,4,4,4,4,llama3.1:8b,data_pmus_yaounde,q2_3,Agent_10,NON
4,4,3,4,3,llama3.1:8b,data_pmus_yaounde,q2_4,Agent_10,PAR BUS STACY
4,4,3,4,3,llama3.1:8b,data_pmus_yaounde,q2_5_1,Agent_10,A B0NAS
4,4,3,4,3,llama3.1:8b,data_pmus_yaounde,q2_5_2,Agent_10,0MPHINE
4,4,3,4,3,llama3.1:8b,data_pmus_yaounde,q2_6_1,Agent_10,ABATTOIR
4,4,3,4,3,llama3.1:8b,data_pmus_yaounde,q2_6_2,Agent_10,ABOM
4,4,3,4,4,llama3.1:8b,data_pmus_yaounde,q3_1,Agent_10,NON
4,3,4,4,3,llama3.1:8b,data_pmus_yaounde,q3_2,Agent_10,PAR BUS STACY
4,4,4,4,4,llama3.1:8b,data_pmus_yaounde,q3_3_1,Agent_10,NSAM
4,4,3,4,3,llama3.1:8b,data_pmus_yaounde,q3_3_2,Agent_10,NSAM
5,4,2,5,2,llama3.1:8b,data_pmus_yaounde,q4_1_a,Agent_10,Veuillez indiquer depuis combien de temps vous attendez.
4,3,4,4,4,llama3.1:8b,data_pmus_yaounde,q4_1_b,Agent_10,MOINS DE 5 MIN
5,4,2,5,2,llama3.1:8b,data_pmus_yaounde,q4_2_a,Agent_10,Veuillez indiquer depuis combien de temps vous attendez.
4,4,4,4,4,llama3.1:8b,data_pmus_yaounde,q4_2_b,Agent_10,15 30 MIN
4,4,4,4,4,llama3.1:8b,data_pmus_yaounde,q4_3,Agent_10,1100
4,3,4,4,4,llama3.1:8b,data_pmus_yaounde,q4_4,Agent_10,TRAVAIL
3,3,4,4,3,llama3.1:8b,data_pmus_yaounde,q4_4_autres,Agent_10,FAIRE DU MARCHE
5,3,4,4,4,llama3.1:8b,data_pmus_yaounde,q5_1,Agent_10,ENTRE 26 ET 35 ANS
5,3,3,4,4,llama3.1:8b,data_pmus_yaounde,q5_2,Agent_10,ENTRE 30 001 ET 100 000
5,4,4,4,4,llama3.1:8b,data_pmus_yaounde,q5_3,Agent_10,HOMME
4,4,3,4,3,llama3.1:8b,data_pmus_yaounde,centre ville,Agent_11,YAOUNDE
5,4,4,4,4,llama3.1:8b,data_pmus_yaounde,q1_1,Agent_11,UN QUARTIER DE LA VILLE DE YAOUNDE
4,4,4,4,4,llama3.1:8b,data_pmus_yaounde,q1_1_a,Agent_11,ETOUDI
4,4,3,4,3,llama3.1:8b,data_pmus_yaounde,q1_1_b,Agent_11,10EME ARRET
4,4,3,4,3,llama3.1:8b,data_pmus_yaounde,q1_1_c,Agent_11,AFANOYA
5,4,4,4,4,llama3.1:8b,data_pmus_yaounde,q1_2,Agent_11,UN QUARTIER DE LA VILLE DE YAOUNDE
4,4,4,4,4,llama3.1:8b,data_pmus_yaounde,q1_2_a,Agent_11,ABOM
4,4,3,4,3,llama3.1:8b,data_pmus_yaounde,q1_2_b,Agent_11,10 IEME ARRET
4,4,3,4,3,llama3.1:8b,data_pmus_yaounde,q1_3_c,Agent_11,YAOUNDE
4,3,4,4,3,llama3.1:8b,data_pmus_yaounde,q2_1,Agent_11,A PIED
4,4,3,4,3,llama3.1:8b,data_pmus_yaounde,q2_2_1,Agent_11,BARRIERE
4,4,3,4,3,llama3.1:8b,data_pmus_yaounde,q2_2_2,Agent_11,10 E ARRET
4,4,3,4,3,llama3.1:8b,data_pmus_yaounde,q2_3_1,Agent_11,ETOA MEKI
4,4,3,4,3,llama3.1:8b,data_pmus_yaounde,q2_3_2,Agent_11,0NANA
5,4,4,4,4,llama3.1:8b,data_pmus_yaounde,q2_3,Agent_11,NON
4,4,3,4,3,llama3.1:8b,data_pmus_yaounde,q2_4,Agent_11,A PIED
4,4,3,4,3,llama3.1:8b,data_pmus_yaounde,q2_5_1,Agent_11,ETOA MEKI
4,4,3,4,3,llama3.1:8b,data_pmus_yaounde,q2_5_2,Agent_11,GENYCO
4,4,3,4,3,llama3.1:8b,data_pmus_yaounde,q2_6_1,Agent_11,ABATTOIR
4,4,3,4,3,llama3.1:8b,data_pmus_yaounde,q2_6_2,Agent_11,ENTREE DE TERRE ROUGE
4,4,3,4,4,llama3.1:8b,data_pmus_yaounde,q3_1,Agent_11,NON
4,3,4,4,3,llama3.1:8b,data_pmus_yaounde,q3_2,Agent_11,A PIED
4,4,4,4,4,llama3.1:8b,data_pmus_yaounde,q3_3_1,Agent_11,MVOG BETSI
4,4,3,4,3,llama3.1:8b,data_pmus_yaounde,q3_3_2,Agent_11,10 IEME ARRET
5,4,2,5,2,llama3.1:8b,data_pmus_yaounde,q4_1_a,Agent_11,Veuillez indiquer depuis combien de temps vous attendez.
4,3,4,4,4,llama3.1:8b,data_pmus_yaounde,q4_1_b,Agent_11,10 20 MINUTES
5,4,2,5,2,llama3.1:8b,data_pmus_yaounde,q4_2_a,Agent_11,Veuillez indiquer depuis combien de temps vous attendez.
4,4,4,4,4,llama3.1:8b,data_pmus_yaounde,q4_2_b,Agent_11,15 30 MIN
4,4,4,4,4,llama3.1:8b,data_pmus_yaounde,q4_3,Agent_11,1000
4,3,4,4,4,llama3.1:8b,data_pmus_yaounde,q4_4,Agent_11,D MARCHES ADMINISTRATIVES ET OU SANT
3,3,4,4,3,llama3.1:8b,data_pmus_yaounde,q4_4_autres,Agent_11,ACHAT
5,3,4,4,4,llama3.1:8b,data_pmus_yaounde,q5_1,Agent_11,ENTRE 36 ET 45 ANS
5,3,3,4,4,llama3.1:8b,data_pmus_yaounde,q5_2,Agent_11,ENTRE 30 001 ET 100 000
5,4,4,4,4,llama3.1:8b,data_pmus_yaounde,q5_3,Agent_11,FEMME
4,4,3,4,3,llama3.1:8b,data_pmus_yaounde,centre ville,Agent_12,YAOUNDE
5,4,4,4,4,llama3.1:8b,data_pmus_yaounde,q1_1,Agent_12,UN QUARTIER DE LA VILLE DE YAOUNDE
4,4,4,4,4,llama3.1:8b,data_pmus_yaounde,q1_1_a,Agent_12,ABIT
4,4,3,4,3,llama3.1:8b,data_pmus_yaounde,q1_1_b,Agent_12,CENTRE
4,4,3,4,3,llama3.1:8b,data_pmus_yaounde,q1_1_c,Agent_12,AFANOYA
5,4,4,4,4,llama3.1:8b,data_pmus_yaounde,q1_2,Agent_12,UN QUARTIER DE LA VILLE DE YAOUNDE
4,4,4,4,4,llama3.1:8b,data_pmus_yaounde,q1_2_a,Agent_12,NKOLBISSON
4,4,3,4,3,llama3.1:8b,data_pmus_yaounde,q1_2_b,Agent_12,CONCENTR
4,4,3,4,3,llama3.1:8b,data_pmus_yaounde,q1_3_c,Agent_12,YAOUNDE
4,3,4,4,3,llama3.1:8b,data_pmus_yaounde,q2_1,Agent_12,PAR BUS STACY
4,4,3,4,3,llama3.1:8b,data_pmus_yaounde,q2_2_1,Agent_12,EKIE
4,4,3,4,3,llama3.1:8b,data_pmus_yaounde,q2_2_2,Agent_12,CARREFOURESSOMBA
4,4,3,4,3,llama3.1:8b,data_pmus_yaounde,q2_3_1,Agent_12,EKIE
4,4,3,4,3,llama3.1:8b,data_pmus_yaounde,q2_3_2,Agent_12,EKIE
5,4,4,4,4,llama3.1:8b,data_pmus_yaounde,q2_3,Agent_12,NON
4,4,3,4,3,llama3.1:8b,data_pmus_yaounde,q2_4,Agent_12,PAR BUS STACY
4,4,3,4,3,llama3.1:8b,data_pmus_yaounde,q2_5_1,Agent_12,AHALA
4,4,3,4,3,llama3.1:8b,data_pmus_yaounde,q2_5_2,Agent_12,AHALA
4,4,3,4,3,llama3.1:8b,data_pmus_yaounde,q2_6_1,Agent_12,AHALA
4,4,3,4,3,llama3.1:8b,data_pmus_yaounde,q2_6_2,Agent_12,ARRET BUS
4,4,3,4,4,llama3.1:8b,data_pmus_yaounde,q3_1,Agent_12,NON
4,3,4,4,3,llama3.1:8b,data_pmus_yaounde,q3_2,Agent_12,PAR BUS STACY
4,4,4,4,4,llama3.1:8b,data_pmus_yaounde,q3_3_1,Agent_12,AHALA
4,4,3,4,3,llama3.1:8b,data_pmus_yaounde,q3_3_2,Agent_12,10 IEME ARRET
5,4,2,5,2,llama3.1:8b,data_pmus_yaounde,q4_1_a,Agent_12,Veuillez indiquer depuis combien de temps vous attendez.
4,3,4,4,4,llama3.1:8b,data_pmus_yaounde,q4_1_b,Agent_12,MOINS DE 5 MIN
5,4,2,5,2,llama3.1:8b,data_pmus_yaounde,q4_2_a,Agent_12,Veuillez indiquer depuis combien de temps vous attendez.
4,4,4,4,4,llama3.1:8b,data_pmus_yaounde,q4_2_b,Agent_12,15 30 MIN
4,4,4,4,4,llama3.1:8b,data_pmus_yaounde,q4_3,Agent_12,2950
4,3,4,4,4,llama3.1:8b,data_pmus_yaounde,q4_4,Agent_12,TRAVAIL
3,3,4,4,3,llama3.1:8b,data_pmus_yaounde,q4_4_autres,Agent_12,ACHAT
5,3,4,4,4,llama3.1:8b,data_pmus_yaounde,q5_1,Agent_12,ENTRE 26 ET 35 ANS
5,3,3,4,4,llama3.1:8b,data_pmus_yaounde,q5_2,Agent_12,ENTRE 30 001 ET 100 000
5,4,4,4,4,llama3.1:8b,data_pmus_yaounde,q5_3,Agent_12,HOMME
4,4,3,4,3,llama3.1:8b,data_pmus_yaounde,centre ville,Agent_13,YAOUNDE
5,4,4,4,4,llama3.1:8b,data_pmus_yaounde,q1_1,Agent_13,UN QUARTIER DE LA VILLE DE YAOUNDE
4,4,4,4,4,llama3.1:8b,data_pmus_yaounde,q1_1_a,Agent_13,ETOA MEKI
4,4,3,4,3,llama3.1:8b,data_pmus_yaounde,q1_1_b,Agent_13,10EME ARRET
4,4,3,4,3,llama3.1:8b,data_pmus_yaounde,q1_1_c,Agent_13,AFANOYA
5,4,4,4,4,llama3.1:8b,data_pmus_yaounde,q1_2,Agent_13,UN QUARTIER DE LA VILLE DE YAOUNDE
4,4,4,4,4,llama3.1:8b,data_pmus_yaounde,q1_2_a,Agent_13,TKA
4,4,3,4,3,llama3.1:8b,data_pmus_yaounde,q1_2_b,Agent_13,10 IEME ARRET
4,4,3,4,3,llama3.1:8b,data_pmus_yaounde,q1_3_c,Agent_13,DOUALA
4,3,4,4,3,llama3.1:8b,data_pmus_yaounde,q2_1,Agent_13,PAR CARGO MINI BUS
4,4,3,4,3,llama3.1:8b,data_pmus_yaounde,q2_2_1,Agent_13,CARREFOUR MBOCKABAM
4,4,3,4,3,llama3.1:8b,data_pmus_yaounde,q2_2_2,Agent_13,10 E ARRET
4,4,3,4,3,llama3.1:8b,data_pmus_yaounde,q2_3_1,Agent_13,CARREFOUR
4,4,3,4,3,llama3.1:8b,data_pmus_yaounde,q2_3_2,Agent_13,CARREFOUR
5,4,4,4,4,llama3.1:8b,data_pmus_yaounde,q2_3,Agent_13,NON
4,4,3,4,3,llama3.1:8b,data_pmus_yaounde,q2_4,Agent_13,PAR CARGO MINI BUS
4,4,3,4,3,llama3.1:8b,data_pmus_yaounde,q2_5_1,Agent_13,A B0NAS
4,4,3,4,3,llama3.1:8b,data_pmus_yaounde,q2_5_2,Agent_13,CARREFOUR
4,4,3,4,3,llama3.1:8b,data_pmus_yaounde,q2_6_1,Agent_13,CARREFOUR
4,4,3,4,3,llama3.1:8b,data_pmus_yaounde,q2_6_2,Agent_13,CARREFOUR
4,4,3,4,4,llama3.1:8b,data_pmus_yaounde,q3_1,Agent_13,NON
4,3,4,4,3,llama3.1:8b,data_pmus_yaounde,q3_2,Agent_13,PAR CARGO MINI BUS
4,4,4,4,4,llama3.1:8b,data_pmus_yaounde,q3_3_1,Agent_13,ACACIA
4,4,3,4,3,llama3.1:8b,data_pmus_yaounde,q3_3_2,Agent_13,ACACIA
5,4,2,5,2,llama3.1:8b,data_pmus_yaounde,q4_1_a,Agent_13,Veuillez indiquer depuis combien de temps vous attendez.
4,3,4,4,4,llama3.1:8b,data_pmus_yaounde,q4_1_b,Agent_13,MOINS DE 5 MIN
5,4,2,5,2,llama3.1:8b,data_pmus_yaounde,q4_2_a,Agent_13,Veuillez indiquer depuis combien de temps vous attendez.
4,4,4,4,4,llama3.1:8b,data_pmus_yaounde,q4_2_b,Agent_13,15 30 MIN
4,4,4,4,4,llama3.1:8b,data_pmus_yaounde,q4_3,Agent_13,4500
4,3,4,4,4,llama3.1:8b,data_pmus_yaounde,q4_4,Agent_13,TRAVAIL
3,3,4,4,3,llama3.1:8b,data_pmus_yaounde,q4_4_autres,Agent_13,ACHAT
5,3,4,4,4,llama3.1:8b,data_pmus_yaounde,q5_1,Agent_13,ENTRE 36 ET 45 ANS
5,3,3,4,4,llama3.1:8b,data_pmus_yaounde,q5_2,Agent_13,ENTRE 30 001 ET 100 000
5,4,4,4,4,llama3.1:8b,data_pmus_yaounde,q5_3,Agent_13,HOMME
4,4,3,4,3,llama3.1:8b,data_pmus_yaounde,centre ville,Agent_14,YAOUNDE
5,4,4,4,4,llama3.1:8b,data_pmus_yaounde,q1_1,Agent_14,UN QUARTIER DE LA VILLE DE YAOUNDE
4,4,4,4,4,llama3.1:8b,data_pmus_yaounde,q1_1_a,Agent_14,ABIT
4,4,3,4,3,llama3.1:8b,data_pmus_yaounde,q1_1_b,Agent_14,10EME ARRET
4,4,3,4,3,llama3.1:8b,data_pmus_yaounde,q1_1_c,Agent_14,AFANOYA
5,4,4,4,4,llama3.1:8b,data_pmus_yaounde,q1_2,Agent_14,UN QUARTIER DE LA VILLE DE YAOUNDE
4,4,4,4,4,llama3.1:8b,data_pmus_yaounde,q1_2_a,Agent_14,ABOM
4,4,3,4,3,llama3.1:8b,data_pmus_yaounde,q1_2_b,Agent_14,10 IEME ARRET
4,4,3,4,3,llama3.1:8b,data_pmus_yaounde,q1_3_c,Agent_14,NGOA EKELLE
4,3,4,4,3,llama3.1:8b,data_pmus_yaounde,q2_1,Agent_14,PAR BUS STACY
4,4,3,4,3,llama3.1:8b,data_pmus_yaounde,q2_2_1,Agent_14,NGOA EKELLE
4,4,3,4,3,llama3.1:8b,data_pmus_yaounde,q2_2_2,Agent_14,ENTREE CHATON
4,4,3,4,3,llama3.1:8b,data_pmus_yaounde,q2_3_1,Agent_14,HOPITAL CENTRAL
4,4,3,4,3,llama3.1:8b,data_pmus_yaounde,q2_3_2,Agent_14,0NANA
5,4,4,4,4,llama3.1:8b,data_pmus_yaounde,q2_3,Agent_14,NON
4,4,3,4,3,llama3.1:8b,data_pmus_yaounde,q2_4,Agent_14,PAR CARGO MINI BUS
4,4,3,4,3,llama3.1:8b,data_pmus_yaounde,q2_5_1,Agent_14,MVOG BETSI
4,4,3,4,3,llama3.1:8b,data_pmus_yaounde,q2_5_2,Agent_14,0MPHINE
4,4,3,4,3,llama3.1:8b,data_pmus_yaounde,q2_6_1,Agent_14,NGOA EKELLE
4,4,3,4,3,llama3.1:8b,data_pmus_yaounde,q2_6_2,Agent_14,NGOA EKELLE
4,4,3,4,4,llama3.1:8b,data_pmus_yaounde,q3_1,Agent_14,NON
4,3,4,4,3,llama3.1:8b,data_pmus_yaounde,q3_2,Agent_14,PAR CARGO MINI BUS
4,4,4,4,4,llama3.1:8b,data_pmus_yaounde,q3_3_1,Agent_14,NGOA EKELLE
4,4,3,4,3,llama3.1:8b,data_pmus_yaounde,q3_3_2,Agent_14,NGOA EKELLE
5,4,2,5,2,llama3.1:8b,data_pmus_yaounde,q4_1_a,Agent_14,Veuillez indiquer depuis combien de temps vous attendez.
4,3,4,4,4,llama3.1:8b,data_pmus_yaounde,q4_1_b,Agent_14,MOINS DE 5 MIN
5,4,2,5,2,llama3.1:8b,data_pmus_yaounde,q4_2_a,Agent_14,Veuillez indiquer depuis combien de temps vous attendez.
4,4,4,4,4,llama3.1:8b,data_pmus_yaounde,q4_2_b,Agent_14,15 30 MIN
4,4,4,4,4,llama3.1:8b,data_pmus_yaounde,q4_3,Agent_14,12000
4,3,4,4,4,llama3.1:8b,data_pmus_yaounde,q4_4,Agent_14,VISITE FAMILLE
3,3,4,4,3,llama3.1:8b,data_pmus_yaounde,q4_4_autres,Agent_14,ACHAT
5,3,4,4,4,llama3.1:8b,data_pmus_yaounde,q5_1,Agent_14,ENTRE 26 ET 35 ANS
5,3,3,4,4,llama3.1:8b,data_pmus_yaounde,q5_2,Agent_14,ENTRE 30 001 ET 100 000
5,4,4,4,4,llama3.1:8b,data_pmus_yaounde,q5_3,Agent_14,HOMME
4,4,3,4,3,llama3.1:8b,data_pmus_yaounde,centre ville,Agent_15,YAOUNDE
5,4,4,4,4,llama3.1:8b,data_pmus_yaounde,q1_1,Agent_15,UN QUARTIER DE LA VILLE DE YAOUNDE
4,4,4,4,4,llama3.1:8b,data_pmus_yaounde,q1_1_a,Agent_15,NKOZOA
4,4,3,4,3,llama3.1:8b,data_pmus_yaounde,q1_1_b,Agent_15,NKOZOA
4,4,3,4,3,llama3.1:8b,data_pmus_yaounde,q1_1_c,Agent_15,AFANOYA
5,4,4,4,4,llama3.1:8b,data_pmus_yaounde,q1_2,Agent_15,UN QUARTIER DE LA VILLE DE YAOUNDE
4,4,4,4,4,llama3.1:8b,data_pmus_yaounde,q1_2_a,Agent_15,NKOL NDA
4,4,3,4,3,llama3.1:8b,data_pmus_yaounde,q1_2_b,Agent_15,NKOL NDA
4,4,3,4,3,llama3.1:8b,data_pmus_yaounde,q1_3_c,Agent_15,DOUALA
4,3,4,4,3,llama3.1:8b,data_pmus_yaounde,q2_1,Agent_15,PAR BUS STACY
4,4,3,4,3,llama3.1:8b,data_pmus_yaounde,q2_2_1,Agent_15,NKOL NDA
4,4,3,4,3,llama3.1:8b,data_pmus_yaounde,q2_2_2,Agent_15,MINEDUB
4,4,3,4,3,llama3.1:8b,data_pmus_yaounde,q2_3_1,Agent_15,NLOKAK
4,4,3,4,3,llama3.1:8b,data_pmus_yaounde,q2_3_2,Agent_15,0NANA
5,4,4,4,4,llama3.1:8b,data_pmus_yaounde,q2_3,Agent_15,NON
4,4,3,4,3,llama3.1:8b,data_pmus_yaounde,q2_4,Agent_15,PAR BUS AGENCE INTERURBAIN
4,4,3,4,3,llama3.1:8b,data_pmus_yaounde,q2_5_1,Agent_15,NKOLODOM
4,4,3,4,3,llama3.1:8b,data_pmus_yaounde,q2_5_2,Agent_15,0MPHINE
4,4,3,4,3,llama3.1:8b,data_pmus_yaounde,q2_6_1,Agent_15,NKOLBISSON
4,4,3,4,3,llama3.1:8b,data_pmus_yaounde,q2_6_2,Agent_15,NKOLBISSON
4,4,3,4,4,llama3.1:8b,data_pmus_yaounde,q3_1,Agent_15,NON
4,3,4,4,3,llama3.1:8b,data_pmus_yaounde,q3_2,Agent_15,PAR BUS STACY
4,4,4,4,4,llama3.1:8b,data_pmus_yaounde,q3_3_1,Agent_15,TSINGA
4,4,3,4,3,llama3.1:8b,data_pmus_yaounde,q3_3_2,Agent_15,10 IEME ARRET
5,4,2,5,2,llama3.1:8b,data_pmus_yaounde,q4_1_a,Agent_15,Veuillez indiquer depuis combien de temps vous attendez.
4,3,4,4,4,llama3.1:8b,data_pmus_yaounde,q4_1_b,Agent_15,MOINS DE 5 MIN
5,4,2,5,2,llama3.1:8b,data_pmus_yaounde,q4_2_a,Agent_15,Veuillez indiquer depuis combien de temps vous attendez.
4,4,4,4,4,llama3.1:8b,data_pmus_yaounde,q4_2_b,Agent_15,15 30 MIN
4,4,4,4,4,llama3.1:8b,data_pmus_yaounde,q4_3,Agent_15,3000
4,3,4,4,4,llama3.1:8b,data_pmus_yaounde,q4_4,Agent_15,TRAVAIL
3,3,4,4,3,llama3.1:8b,data_pmus_yaounde,q4_4_autres,Agent_15,ACHAT
5,3,4,4,4,llama3.1:8b,data_pmus_yaounde,q5_1,Agent_15,ENTRE 18 ET 25 ANS
5,3,3,4,4,llama3.1:8b,data_pmus_yaounde,q5_2,Agent_15,ENTRE 30 001 ET 100 000
5,4,4,4,4,llama3.1:8b,data_pmus_yaounde,q5_3,Agent_15,HOMME
4,4,3,4,3,llama3.1:8b,data_pmus_yaounde,centre ville,Agent_16,YAOUNDE
5,4,4,4,4,llama3.1:8b,data_pmus_yaounde,q1_1,Agent_16,UN QUARTIER DE LA VILLE DE YAOUNDE
4,4,4,4,4,llama3.1:8b,data_pmus_yaounde,q1_1_a,Agent_16,BARRIERE
4,4,3,4,3,llama3.1:8b,data_pmus_yaounde,q1_1_b,Agent_16,10EME ARRET
4,4,3,4,3,llama3.1:8b,data_pmus_yaounde,q1_1_c,Agent_16,AFANOYA
5,4,4,4,4,llama3.1:8b,data_pmus_yaounde,q1_2,Agent_16,UN QUARTIER DE LA VILLE DE YAOUNDE
4,4,4,4,4,llama3.1:8b,data_pmus_yaounde,q1_2_a,Agent_16,BARRIERE
4,4,3,4,3,llama3.1:8b,data_pmus_yaounde,q1_2_b,Agent_16,BRASSERIE
4,4,3,4,3,llama3.1:8b,data_pmus_yaounde,q1_3_c,Agent_16,BARRIERE
4,3,4,4,3,llama3.1:8b,data_pmus_yaounde,q2_1,Agent_16,PAR BUS STACY
4,4,3,4,3,llama3.1:8b,data_pmus_yaounde,q2_2_1,Agent_16,NGOUMOU
4,4,3,4,3,llama3.1:8b,data_pmus_yaounde,q2_2_2,Agent_16,NGOTTI
4,4,3,4,3,llama3.1:8b,data_pmus_yaounde,q2_3_1,Agent_16,BARRIDRE
4,4,3,4,3,llama3.1:8b,data_pmus_yaounde,q2_3_2,Agent_16,0NANA
5,4,4,4,4,llama3.1:8b,data_pmus_yaounde,q2_3,Agent_16,NON
4,4,3,4,3,llama3.1:8b,data_pmus_yaounde,q2_4,Agent_16,PAR BUS STACY
4,4,3,4,3,llama3.1:8b,data_pmus_yaounde,q2_5_1,Agent_16,A B0NAS
4,4,3,4,3,llama3.1:8b,data_pmus_yaounde,q2_5_2,Agent_16,0MPHINE
4,4,3,4,3,llama3.1:8b,data_pmus_yaounde,q2_6_1,Agent_16,OLEZOA
4,4,3,4,3,llama3.1:8b,data_pmus_yaounde,q2_6_2,Agent_16,DIDEROT
4,4,3,4,4,llama3.1:8b,data_pmus_yaounde,q3_1,Agent_16,NON
4,3,4,4,3,llama3.1:8b,data_pmus_yaounde,q3_2,Agent_16,PAR BUS STACY
4,4,4,4,4,llama3.1:8b,data_pmus_yaounde,q3_3_1,Agent_16,BARRIERE
4,4,3,4,3,llama3.1:8b,data_pmus_yaounde,q3_3_2,Agent_16,DERRIERE LA GP
5,4,2,5,2,llama3.1:8b,data_pmus_yaounde,q4_1_a,Agent_16,Veuillez indiquer depuis combien de temps vous attendez.
4,3,4,4,4,llama3.1:8b,data_pmus_yaounde,q4_1_b,Agent_16,10 20 MINUTES
5,4,2,5,2,llama3.1:8b,data_pmus_yaounde,q4_2_a,Agent_16,Veuillez indiquer depuis combien de temps vous attendez.
4,4,4,4,4,llama3.1:8b,data_pmus_yaounde,q4_2_b,Agent_16,15 30 MIN
4,4,4,4,4,llama3.1:8b,data_pmus_yaounde,q4_3,Agent_16,200
4,3,4,4,4,llama3.1:8b,data_pmus_yaounde,q4_4,Agent_16,D MARCHES ADMINISTRATIVES ET OU SANT
3,3,4,4,3,llama3.1:8b,data_pmus_yaounde,q4_4_autres,Agent_16,ACHAT
5,3,4,4,4,llama3.1:8b,data_pmus_yaounde,q5_1,Agent_16,ENTRE 36 ET 45 ANS
5,3,3,4,4,llama3.1:8b,data_pmus_yaounde,q5_2,Agent_16,ENTRE 30 001 ET 100 000
5,4,4,4,4,llama3.1:8b,data_pmus_yaounde,q5_3,Agent_16,HOMME
4,4,3,4,3,llama3.1:8b,data_pmus_yaounde,centre ville,Agent_17,YAOUNDE
5,4,4,4,4,llama3.1:8b,data_pmus_yaounde,q1_1,Agent_17,UN QUARTIER DE LA VILLE DE YAOUNDE
4,4,4,4,4,llama3.1:8b,data_pmus_yaounde,q1_1_a,Agent_17,MVOG BETSI
4,4,3,4,3,llama3.1:8b,data_pmus_yaounde,q1_1_b,Agent_17,MVOG BETSI
4,4,3,4,3,llama3.1:8b,data_pmus_yaounde,q1_1_c,Agent_17,AFANOYA
5,4,4,4,4,llama3.1:8b,data_pmus_yaounde,q1_2,Agent_17,UN QUARTIER DE LA VILLE DE YAOUNDE
4,4,4,4,4,llama3.1:8b,data_pmus_yaounde,q1_2_a,Agent_17,MVOG ABAN
4,4,3,4,3,llama3.1:8b,data_pmus_yaounde,q1_2_b,Agent_17,MVOG ABAN
4,4,3,4,3,llama3.1:8b,data_pmus_yaounde,q1_3_c,Agent_17,YAOUNDE
4,3,4,4,3,llama3.1:8b,data_pmus_yaounde,q2_1,Agent_17,PAR BUS STACY
4,4,3,4,3,llama3.1:8b,data_pmus_yaounde,q2_2_1,Agent_17,MVOG BETSI
4,4,3,4,3,llama3.1:8b,data_pmus_yaounde,q2_2_2,Agent_17,MVOG BETSI
4,4,3,4,3,llama3.1:8b,data_pmus_yaounde,q2_3_1,Agent_17,MVOG BETSI
4,4,3,4,3,llama3.1:8b,data_pmus_yaounde,q2_3_2,Agent_17,STATION MRS
5,4,4,4,4,llama3.1:8b,data_pmus_yaounde,q2_3,Agent_17,NON
4,4,3,4,3,llama3.1:8b,data_pmus_yaounde,q2_4,Agent_17,PAR BUS STACY
4,4,3,4,3,llama3.1:8b,data_pmus_yaounde,q2_5_1,Agent_17,MVOG BETSI
4,4,3,4,3,llama3.1:8b,data_pmus_yaounde,q2_5_2,Agent_17,0MPHINE
4,4,3,4,3,llama3.1:8b,data_pmus_yaounde,q2_6_1,Agent_17,BEATITUDE
4,4,3,4,3,llama3.1:8b,data_pmus_yaounde,q2_6_2,Agent_17,11EME ARRET
4,4,3,4,4,llama3.1:8b,data_pmus_yaounde,q3_1,Agent_17,NON
4,3,4,4,3,llama3.1:8b,data_pmus_yaounde,q3_2,Agent_17,PAR BUS STACY
4,4,4,4,4,llama3.1:8b,data_pmus_yaounde,q3_3_1,Agent_17,BEATITUDE
4,4,3,4,3,llama3.1:8b,data_pmus_yaounde,q3_3_2,Agent_17,10 IEME ARRET
5,4,2,5,2,llama3.1:8b,data_pmus_yaounde,q4_1_a,Agent_17,Veuillez indiquer depuis combien de temps vous attendez.
4,3,4,4,4,llama3.1:8b,data_pmus_yaounde,q4_1_b,Agent_17,10 20 MINUTES
5,4,2,5,2,llama3.1:8b,data_pmus_yaounde,q4_2_a,Agent_17,Veuillez indiquer depuis combien de temps vous attendez.
4,4,4,4,4,llama3.1:8b,data_pmus_yaounde,q4_2_b,Agent_17,15 30 MIN
4,4,4,4,4,llama3.1:8b,data_pmus_yaounde,q4_3,Agent_17,12000
4,3,4,4,4,llama3.1:8b,data_pmus_yaounde,q4_4,Agent_17,TRAVAIL
3,3,4,4,3,llama3.1:8b,data_pmus_yaounde,q4_4_autres,Agent_17,RECUPERE SON VEHICULE
5,3,4,4,4,llama3.1:8b,data_pmus_yaounde,q5_1,Agent_17,ENTRE 36 ET 45 ANS
5,3,3,4,4,llama3.1:8b,data_pmus_yaounde,q5_2,Agent_17,ENTRE 30 001 ET 100 000
5,4,4,4,4,llama3.1:8b,data_pmus_yaounde,q5_3,Agent_17,HOMME
4,4,3,4,3,llama3.1:8b,data_pmus_yaounde,centre ville,Agent_18,YAOUNDE
5,4,4,4,4,llama3.1:8b,data_pmus_yaounde,q1_1,Agent_18,UN QUARTIER DE LA VILLE DE YAOUNDE
4,4,4,4,4,llama3.1:8b,data_pmus_yaounde,q1_1_a,Agent_18,NIOM
4,4,3,4,3,llama3.1:8b,data_pmus_yaounde,q1_1_b,Agent_18,10EME ARRET
4,4,3,4,3,llama3.1:8b,data_pmus_yaounde,q1_1_c,Agent_18,AFANOYA
5,4,4,4,4,llama3.1:8b,data_pmus_yaounde,q1_2,Agent_18,UN QUARTIER DE LA VILLE DE YAOUNDE
4,4,4,4,4,llama3.1:8b,data_pmus_yaounde,q1_2_a,Agent_18,NIOM
4,4,3,4,3,llama3.1:8b,data_pmus_yaounde,q1_2_b,Agent_18,NKOLO 3
4,4,3,4,3,llama3.1:8b,data_pmus_yaounde,q1_3_c,Agent_18,BUEA
4,3,4,4,3,llama3.1:8b,data_pmus_yaounde,q2_1,Agent_18,A PIED
4,4,3,4,3,llama3.1:8b,data_pmus_yaounde,q2_2_1,Agent_18,MARCHE CENTRAL
4,4,3,4,3,llama3.1:8b,data_pmus_yaounde,q2_2_2,Agent_18,TERMINUS
4,4,3,4,3,llama3.1:8b,data_pmus_yaounde,q2_3_1,Agent_18,0LESOA
4,4,3,4,3,llama3.1:8b,data_pmus_yaounde,q2_3_2,Agent_18,NKONDENGUI
5,4,4,4,4,llama3.1:8b,data_pmus_yaounde,q2_3,Agent_18,NON
4,4,3,4,3,llama3.1:8b,data_pmus_yaounde,q2_4,Agent_18,PAR BUS STACY
4,4,3,4,3,llama3.1:8b,data_pmus_yaounde,q2_5_1,Agent_18,NKOMBASSI
4,4,3,4,3,llama3.1:8b,data_pmus_yaounde,q2_5_2,Agent_18,NKONDENGUI
4,4,3,4,3,llama3.1:8b,data_pmus_yaounde,q2_6_1,Agent_18,NKOMO
4,4,3,4,3,llama3.1:8b,data_pmus_yaounde,q2_6_2,Agent_18,GARE ROUTIERE
4,4,3,4,4,llama3.1:8b,data_pmus_yaounde,q3_1,Agent_18,NON
4,3,4,4,3,llama3.1:8b,data_pmus_yaounde,q3_2,Agent_18,PAR BUS STACY
4,4,4,4,4,llama3.1:8b,data_pmus_yaounde,q3_3_1,Agent_18,NGOUSSO
4,4,3,4,3,llama3.1:8b,data_pmus_yaounde,q3_3_2,Agent_18,NKOMBASSI
5,4,2,5,2,llama3.1:8b,data_pmus_yaounde,q4_1_a,Agent_18,Veuillez indiquer depuis combien de temps vous attendez.
4,3,4,4,4,llama3.1:8b,data_pmus_yaounde,q4_1_b,Agent_18,MOINS DE 5 MIN
5,4,2,5,2,llama3.1:8b,data_pmus_yaounde,q4_2_a,Agent_18,Veuillez indiquer depuis combien de temps vous attendez.
4,4,4,4,4,llama3.1:8b,data_pmus_yaounde,q4_2_b,Agent_18,15 30 MIN
4,4,4,4,4,llama3.1:8b,data_pmus_yaounde,q4_3,Agent_18,1750
4,3,4,4,4,llama3.1:8b,data_pmus_yaounde,q4_4,Agent_18,VISITE FAMILLE
3,3,4,4,3,llama3.1:8b,data_pmus_yaounde,q4_4_autres,Agent_18,ACHAT
5,3,4,4,4,llama3.1:8b,data_pmus_yaounde,q5_1,Agent_18,ENTRE 36 ET 45 ANS
5,3,3,4,4,llama3.1:8b,data_pmus_yaounde,q5_2,Agent_18,ENTRE 30 001 ET 100 000
5,4,4,4,4,llama3.1:8b,data_pmus_yaounde,q5_3,Agent_18,HOMME
4,4,3,4,3,llama3.1:8b,data_pmus_yaounde,centre ville,Agent_19,YAOUNDE
5,4,4,4,4,llama3.1:8b,data_pmus_yaounde,q1_1,Agent_19,UN QUARTIER DE LA VILLE DE YAOUNDE
4,4,4,4,4,llama3.1:8b,data_pmus_yaounde,q1_1_a,Agent_19,ELIG EFFA
4,4,3,4,3,llama3.1:8b,data_pmus_yaounde,q1_1_b,Agent_19,ELIG EFFA
4,4,3,4,3,llama3.1:8b,data_pmus_yaounde,q1_1_c,Agent_19,AFANOYA
5,4,4,4,4,llama3.1:8b,data_pmus_yaounde,q1_2,Agent_19,UN QUARTIER DE LA VILLE DE YAOUNDE
4,4,4,4,4,llama3.1:8b,data_pmus_yaounde,q1_2_a,Agent_19,MVAN
4,4,3,4,3,llama3.1:8b,data_pmus_yaounde,q1_2_b,Agent_19,MADAGASCAR
4,4,3,4,3,llama3.1:8b,data_pmus_yaounde,q1_3_c,Agent_19,MVAN
4,3,4,4,3,llama3.1:8b,data_pmus_yaounde,q2_1,Agent_19,PAR TAXI
4,4,3,4,3,llama3.1:8b,data_pmus_yaounde,q2_2_1,Agent_19,DAMAS
4,4,3,4,3,llama3.1:8b,data_pmus_yaounde,q2_2_2,Agent_19,10 E ARRET
4,4,3,4,3,llama3.1:8b,data_pmus_yaounde,q2_3_1,Agent_19,DMORBOR
4,4,3,4,3,llama3.1:8b,data_pmus_yaounde,q2_3_2,Agent_19,0NANA
5,4,4,4,4,llama3.1:8b,data_pmus_yaounde,q2_3,Agent_19,NON
4,4,3,4,3,llama3.1:8b,data_pmus_yaounde,q2_4,Agent_19,PAR TAXI
4,4,3,4,3,llama3.1:8b,data_pmus_yaounde,q2_5_1,Agent_19,DAMAS
4,4,3,4,3,llama3.1:8b,data_pmus_yaounde,q2_5_2,Agent_19,0MPHINE
4,4,3,4,3,llama3.1:8b,data_pmus_yaounde,q2_6_1,Agent_19,DAMAS
4,4,3,4,3,llama3.1:8b,data_pmus_yaounde,q2_6_2,Agent_19,DAMAS
4,4,3,4,4,llama3.1:8b,data_pmus_yaounde,q3_1,Agent_19,NON
4,3,4,4,3,llama3.1:8b,data_pmus_yaounde,q3_2,Agent_19,PAR TAXI
4,4,4,4,4,llama3.1:8b,data_pmus_yaounde,q3_3_1,Agent_19,DAMAS
4,4,3,4,3,llama3.1:8b,data_pmus_yaounde,q3_3_2,Agent_19,DAMAS
5,4,2,5,2,llama3.1:8b,data_pmus_yaounde,q4_1_a,Agent_19,Veuillez indiquer depuis combien de temps vous attendez.
4,3,4,4,4,llama3.1:8b,data_pmus_yaounde,q4_1_b,Agent_19,10 20 MINUTES
5,4,2,5,2,llama3.1:8b,data_pmus_yaounde,q4_2_a,Agent_19,Veuillez indiquer depuis combien de temps vous attendez.
4,4,4,4,4,llama3.1:8b,data_pmus_yaounde,q4_2_b,Agent_19,15 30 MIN
4,4,4,4,4,llama3.1:8b,data_pmus_yaounde,q4_3,Agent_19,5000
4,3,4,4,4,llama3.1:8b,data_pmus_yaounde,q4_4,Agent_19,VISITE FAMILLE
3,3,4,4,3,llama3.1:8b,data_pmus_yaounde,q4_4_autres,Agent_19,ACHAT
5,3,4,4,4,llama3.1:8b,data_pmus_yaounde,q5_1,Agent_19,PLUS DE 65 ANS
5,3,3,4,4,llama3.1:8b,data_pmus_yaounde,q5_2,Agent_19,ENTRE 30 001 ET 100 000
5,4,4,4,4,llama3.1:8b,data_pmus_yaounde,q5_3,Agent_19,FEMME
4,4,3,4,3,llama3.1:8b,data_pmus_yaounde,centre ville,Agent_20,YAOUNDE
5,4,4,4,4,llama3.1:8b,data_pmus_yaounde,q1_1,Agent_20,UN QUARTIER DE LA VILLE DE YAOUNDE
4,4,4,4,4,llama3.1:8b,data_pmus_yaounde,q1_1_a,Agent_20,CARREFOUR MEEC
4,4,3,4,3,llama3.1:8b,data_pmus_yaounde,q1_1_b,Agent_20,MINIFERM
4,4,3,4,3,llama3.1:8b,data_pmus_yaounde,q1_1_c,Agent_20,AFANOYA
5,4,4,4,4,llama3.1:8b,data_pmus_yaounde,q1_2,Agent_20,UN QUARTIER DE LA VILLE DE YAOUNDE
4,4,4,4,4,llama3.1:8b,data_pmus_yaounde,q1_2_a,Agent_20,CARREFOUR MEEC
4,4,3,4,3,llama3.1:8b,data_pmus_yaounde,q1_2_b,Agent_20,MINIFERM
4,4,3,4,3,llama3.1:8b,data_pmus_yaounde,q1_3_c,Agent_20,AFANOYA
4,3,4,4,3,llama3.1:8b,data_pmus_yaounde,q2_1,Agent_20,A PIED
4,4,3,4,3,llama3.1:8b,data_pmus_yaounde,q2_2_1,Agent_20,MAXIMVAN
4,4,3,4,3,llama3.1:8b,data_pmus_yaounde,q2_2_2,Agent_20,10 E ARRET
4,4,3,4,3,llama3.1:8b,data_pmus_yaounde,q2_3_1,Agent_20,0LESOA
4,4,3,4,3,llama3.1:8b,data_pmus_yaounde,q2_3_2,Agent_20,0NANA
5,4,4,4,4,llama3.1:8b,data_pmus_yaounde,q2_3,Agent_20,NON
4,4,3,4,3,llama3.1:8b,data_pmus_yaounde,q2_4,Agent_20,PAR BUS STACY
4,4,3,4,3,llama3.1:8b,data_pmus_yaounde,q2_5_1,Agent_20,CARREFOUR MEEC
4,4,3,4,3,llama3.1:8b,data_pmus_yaounde,q2_5_2,Agent_20,0MPHINE
4,4,3,4,3,llama3.1:8b,data_pmus_yaounde,q2_6_1,Agent_20,CREFOUR MEC
4,4,3,4,3,llama3.1:8b,data_pmus_yaounde,q2_6_2,Agent_20,CORON
4,4,3,4,4,llama3.1:8b,data_pmus_yaounde,q3_1,Agent_20,NON
4,3,4,4,3,llama3.1:8b,data_pmus_yaounde,q3_2,Agent_20,PAR BUS STACY
4,4,4,4,4,llama3.1:8b,data_pmus_yaounde,q3_3_1,Agent_20,ACACIA
4,4,3,4,3,llama3.1:8b,data_pmus_yaounde,q3_3_2,Agent_20,10 IEME ARRET
5,4,2,5,2,llama3.1:8b,data_pmus_yaounde,q4_1_a,Agent_20,Veuillez indiquer depuis combien de temps vous attendez.
4,3,4,4,4,llama3.1:8b,data_pmus_yaounde,q4_1_b,Agent_20,10 20 MINUTES
5,4,2,5,2,llama3.1:8b,data_pmus_yaounde,q4_2_a,Agent_20,Veuillez indiquer depuis combien de temps vous attendez.
4,4,4,4,4,llama3.1:8b,data_pmus_yaounde,q4_2_b,Agent_20,15 30 MIN
4,4,4,4,4,llama3.1:8b,data_pmus_yaounde,q4_3,Agent_20,5000
4,3,4,4,4,llama3.1:8b,data_pmus_yaounde,q4_4,Agent_20,COURSES
3,3,4,4,3,llama3.1:8b,data_pmus_yaounde,q4_4_autres,Agent_20,FAIRE DES ACHATS
5,3,4,4,4,llama3.1:8b,data_pmus_yaounde,q5_1,Agent_20,ENTRE 18 ET 25 ANS
5,3,3,4,4,llama3.1:8b,data_pmus_yaounde,q5_2,Agent_20,ENTRE 30 001 ET 100 000
5,4,4,4,4,llama3.1:8b,data_pmus_yaounde,q5_3,Agent_20,HOMME
4,4,3,4,3,llama3.1:8b,data_pmus_yaounde,centre ville,Agent_21,YAOUNDE
5,4,4,4,4,llama3.1:8b,data_pmus_yaounde,q1_1,Agent_21,UN QUARTIER DE LA VILLE DE YAOUNDE
4,4,4,4,4,llama3.1:8b,data_pmus_yaounde,q1_1_a,Agent_21,BIYEM ASSI
4,4,3,4,3,llama3.1:8b,data_pmus_yaounde,q1_1_b,Agent_21,BIYEM ASSI
4,4,3,4,3,llama3.1:8b,data_pmus_yaounde,q1_1_c,Agent_21,AFANOYA
5,4,4,4,4,llama3.1:8b,data_pmus_yaounde,q1_2,Agent_21,UN QUARTIER DE LA VILLE DE YAOUNDE
4,4,4,4,4,llama3.1:8b,data_pmus_yaounde,q1_2_a,Agent_21,BISCUITERIE
4,4,3,4,3,llama3.1:8b,data_pmus_yaounde,q1_2_b,Agent_21,BISCUITERIE
4,4,3,4,3,llama3.1:8b,data_pmus_yaounde,q1_3_c,Agent_21,DOUALA
4,3,4,4,3,llama3.1:8b,data_pmus_yaounde,q2_1,Agent_21,A PIED
4,4,3,4,3,llama3.1:8b,data_pmus_yaounde,q2_2_1,Agent_21,BISCUITERIE
4,4,3,4,3,llama3.1:8b,data_pmus_yaounde,q2_2_2,Agent_21,BISCUITERIE
4,4,3,4,3,llama3.1:8b,data_pmus_yaounde,q2_3_1,Agent_21,0LESOA
4,4,3,4,3,llama3.1:8b,data_pmus_yaounde,q2_3_2,Agent_21,BISCUITERIE
5,4,4,4,4,llama3.1:8b,data_pmus_yaounde,q2_3,Agent_21,NON
4,4,3,4,3,llama3.1:8b,data_pmus_yaounde,q2_4,Agent_21,A PIED
4,4,3,4,3,llama3.1:8b,data_pmus_yaounde,q2_5_1,Agent_21,MELEN
4,4,3,4,3,llama3.1:8b,data_pmus_yaounde,q2_5_2,Agent_21,0MPHINE
4,4,3,4,3,llama3.1:8b,data_pmus_yaounde,q2_6_1,Agent_21,MELEN
4,4,3,4,3,llama3.1:8b,data_pmus_yaounde,q2_6_2,Agent_21,11EME ARRET
4,4,3,4,4,llama3.1:8b,data_pmus_yaounde,q3_1,Agent_21,NON
4,3,4,4,3,llama3.1:8b,data_pmus_yaounde,q3_2,Agent_21,PAR BUS STACY
4,4,4,4,4,llama3.1:8b,data_pmus_yaounde,q3_3_1,Agent_21,MELEN
4,4,3,4,3,llama3.1:8b,data_pmus_yaounde,q3_3_2,Agent_21,10 IEME ARRET
5,4,2,5,2,llama3.1:8b,data_pmus_yaounde,q4_1_a,Agent_21,Veuillez indiquer depuis combien de temps vous attendez.
4,3,4,4,4,llama3.1:8b,data_pmus_yaounde,q4_1_b,Agent_21,MOINS DE 5 MIN
5,4,2,5,2,llama3.1:8b,data_pmus_yaounde,q4_2_a,Agent_21,Veuillez indiquer depuis combien de temps vous attendez.
4,4,4,4,4,llama3.1:8b,data_pmus_yaounde,q4_2_b,Agent_21,15 30 MIN
4,4,4,4,4,llama3.1:8b,data_pmus_yaounde,q4_3,Agent_21,6000
4,3,4,4,4,llama3.1:8b,data_pmus_yaounde,q4_4,Agent_21,COURSES
3,3,4,4,3,llama3.1:8b,data_pmus_yaounde,q4_4_autres,Agent_21,COURS
5,3,4,4,4,llama3.1:8b,data_pmus_yaounde,q5_1,Agent_21,MOINS DE 18 ANS
5,3,3,4,4,llama3.1:8b,data_pmus_yaounde,q5_2,Agent_21,ENTRE 30 001 ET 100 000
5,4,4,4,4,llama3.1:8b,data_pmus_yaounde,q5_3,Agent_21,FEMME
4,4,3,4,3,llama3.1:8b,data_pmus_yaounde,centre ville,Agent_22,YAOUNDE
5,4,4,4,4,llama3.1:8b,data_pmus_yaounde,q1_1,Agent_22,UN QUARTIER DE LA VILLE DE YAOUNDE
4,4,4,4,4,llama3.1:8b,data_pmus_yaounde,q1_1_a,Agent_22,NSIMEYONG
4,4,3,4,3,llama3.1:8b,data_pmus_yaounde,q1_1_b,Agent_22,NKOUMOU
4,4,3,4,3,llama3.1:8b,data_pmus_yaounde,q1_1_c,Agent_22,AFANOYA
5,4,4,4,4,llama3.1:8b,data_pmus_yaounde,q1_2,Agent_22,UN QUARTIER DE LA VILLE DE YAOUNDE
4,4,4,4,4,llama3.1:8b,data_pmus_yaounde,q1_2_a,Agent_22,FOUDA
4,4,3,4,3,llama3.1:8b,data_pmus_yaounde,q1_2_b,Agent_22,FOUDA
4,4,3,4,3,llama3.1:8b,data_pmus_yaounde,q1_3_c,Agent_22,DOUALA
4,3,4,4,3,llama3.1:8b,data_pmus_yaounde,q2_1,Agent_22,PAR BUS STACY
4,4,3,4,3,llama3.1:8b,data_pmus_yaounde,q2_2_1,Agent_22,2 CHEVEAU
4,4,3,4,3,llama3.1:8b,data_pmus_yaounde,q2_2_2,Agent_22,10 E ARRET
4,4,3,4,3,llama3.1:8b,data_pmus_yaounde,q2_3_1,Agent_22,FOUDA
4,4,3,4,3,llama3.1:8b,data_pmus_yaounde,q2_3_2,Agent_22,FOUDA
5,4,4,4,4,llama3.1:8b,data_pmus_yaounde,q2_3,Agent_22,NON
4,4,3,4,3,llama3.1:8b,data_pmus_yaounde,q2_4,Agent_22,PAR BUS STACY
4,4,3,4,3,llama3.1:8b,data_pmus_yaounde,q2_5_1,Agent_22,FOUDA
4,4,3,4,3,llama3.1:8b,data_pmus_yaounde,q2_5_2,Agent_22,0MPHINE
4,4,3,4,3,llama3.1:8b,data_pmus_yaounde,q2_6_1,Agent_22,FOUDA
4,4,3,4,3,llama3.1:8b,data_pmus_yaounde,q2_6_2,Agent_22,11EME ARRET
4,4,3,4,4,llama3.1:8b,data_pmus_yaounde,q3_1,Agent_22,NON
4,3,4,4,3,llama3.1:8b,data_pmus_yaounde,q3_2,Agent_22,PAR BUS STACY
4,4,4,4,4,llama3.1:8b,data_pmus_yaounde,q3_3_1,Agent_22,ACACIA
4,4,3,4,3,llama3.1:8b,data_pmus_yaounde,q3_3_2,Agent_22,FOUDA
5,4,2,5,2,llama3.1:8b,data_pmus_yaounde,q4_1_a,Agent_22,Veuillez indiquer depuis combien de temps vous attendez.
4,3,4,4,4,llama3.1:8b,data_pmus_yaounde,q4_1_b,Agent_22,10 20 MINUTES
5,4,2,5,2,llama3.1:8b,data_pmus_yaounde,q4_2_a,Agent_22,Veuillez indiquer depuis combien de temps vous attendez.
4,4,4,4,4,llama3.1:8b,data_pmus_yaounde,q4_2_b,Agent_22,15 30 MIN
4,4,4,4,4,llama3.1:8b,data_pmus_yaounde,q4_3,Agent_22,3000
4,3,4,4,4,llama3.1:8b,data_pmus_yaounde,q4_4,Agent_22,D MARCHES ADMINISTRATIVES ET OU SANT
3,3,4,4,3,llama3.1:8b,data_pmus_yaounde,q4_4_autres,Agent_22,ACHAT
5,3,4,4,4,llama3.1:8b,data_pmus_yaounde,q5_1,Agent_22,ENTRE 26 ET 35 ANS
5,3,3,4,4,llama3.1:8b,data_pmus_yaounde,q5_2,Agent_22,ENTRE 300 001 ET 500 000
5,4,4,4,4,llama3.1:8b,data_pmus_yaounde,q5_3,Agent_22,FEMME
4,4,3,4,3,llama3.1:8b,data_pmus_yaounde,centre ville,Agent_23,YAOUNDE
5,4,4,4,4,llama3.1:8b,data_pmus_yaounde,q1_1,Agent_23,UN QUARTIER DE LA VILLE DE YAOUNDE
4,4,4,4,4,llama3.1:8b,data_pmus_yaounde,q1_1_a,Agent_23,CENTRE VILLE
4,4,3,4,3,llama3.1:8b,data_pmus_yaounde,q1_1_b,Agent_23,10EME ARRET
4,4,3,4,3,llama3.1:8b,data_pmus_yaounde,q1_1_c,Agent_23,AFANOYA
5,4,4,4,4,llama3.1:8b,data_pmus_yaounde,q1_2,Agent_23,UN QUARTIER DE LA VILLE DE YAOUNDE
4,4,4,4,4,llama3.1:8b,data_pmus_yaounde,q1_2_a,Agent_23,CENTRE VILLE
4,4,3,4,3,llama3.1:8b,data_pmus_yaounde,q1_2_b,Agent_23,BOULANGERIE
4,4,3,4,3,llama3.1:8b,data_pmus_yaounde,q1_3_c,Agent_23,YAOUNDE
4,3,4,4,3,llama3.1:8b,data_pmus_yaounde,q2_1,Agent_23,A PIED
4,4,3,4,3,llama3.1:8b,data_pmus_yaounde,q2_2_1,Agent_23,2 CHEVEAU
4,4,3,4,3,llama3.1:8b,data_pmus_yaounde,q2_2_2,Agent_23,10 E ARRET
4,4,3,4,3,llama3.1:8b,data_pmus_yaounde,q2_3_1,Agent_23,0LESOA
4,4,3,4,3,llama3.1:8b,data_pmus_yaounde,q2_3_2,Agent_23,VERS LA STATION
5,4,4,4,4,llama3.1:8b,data_pmus_yaounde,q2_3,Agent_23,NON
4,4,3,4,3,llama3.1:8b,data_pmus_yaounde,q2_4,Agent_23,PAR BUS STACY
4,4,3,4,3,llama3.1:8b,data_pmus_yaounde,q2_5_1,Agent_23,CENTRE VILLE
4,4,3,4,3,llama3.1:8b,data_pmus_yaounde,q2_5_2,Agent_23,BOULANGERIE
4,4,3,4,3,llama3.1:8b,data_pmus_yaounde,q2_6_1,Agent_23,ABATTOIR
4,4,3,4,3,llama3.1:8b,data_pmus_yaounde,q2_6_2,Agent_23,BOCOM
4,4,3,4,4,llama3.1:8b,data_pmus_yaounde,q3_1,Agent_23,NON
4,3,4,4,3,llama3.1:8b,data_pmus_yaounde,q3_2,Agent_23,PAR BUS STACY
4,4,4,4,4,llama3.1:8b,data_pmus_yaounde,q3_3_1,Agent_23,ACACIA
4,4,3,4,3,llama3.1:8b,data_pmus_yaounde,q3_3_2,Agent_23,ACACIA
5,4,2,5,2,llama3.1:8b,data_pmus_yaounde,q4_1_a,Agent_23,Veuillez indiquer depuis combien de temps vous attendez.
4,3,4,4,4,llama3.1:8b,data_pmus_yaounde,q4_1_b,Agent_23,MOINS DE 5 MIN
5,4,2,5,2,llama3.1:8b,data_pmus_yaounde,q4_2_a,Agent_23,Veuillez indiquer depuis combien de temps vous attendez.
4,4,4,4,4,llama3.1:8b,data_pmus_yaounde,q4_2_b,Agent_23,15 30 MIN
4,4,4,4,4,llama3.1:8b,data_pmus_yaounde,q4_3,Agent_23,200
4,3,4,4,4,llama3.1:8b,data_pmus_yaounde,q4_4,Agent_23,TRAVAIL
3,3,4,4,3,llama3.1:8b,data_pmus_yaounde,q4_4_autres,Agent_23,ACHAT
5,3,4,4,4,llama3.1:8b,data_pmus_yaounde,q5_1,Agent_23,ENTRE 26 ET 35 ANS
5,3,3,4,4,llama3.1:8b,data_pmus_yaounde,q5_2,Agent_23,ENTRE 30 001 ET 100 000
5,4,4,4,4,llama3.1:8b,data_pmus_yaounde,q5_3,Agent_23,HOMME
4,4,3,4,3,llama3.1:8b,data_pmus_yaounde,centre ville,Agent_24,YAOUNDE
5,4,4,4,4,llama3.1:8b,data_pmus_yaounde,q1_1,Agent_24,UN QUARTIER DE LA VILLE DE YAOUNDE
4,4,4,4,4,llama3.1:8b,data_pmus_yaounde,q1_1_a,Agent_24,MVOG ADA
4,4,3,4,3,llama3.1:8b,data_pmus_yaounde,q1_1_b,Agent_24,MVOG ABANG
4,4,3,4,3,llama3.1:8b,data_pmus_yaounde,q1_1_c,Agent_24,AFANOYA
5,4,4,4,4,llama3.1:8b,data_pmus_yaounde,q1_2,Agent_24,UN QUARTIER DE LA VILLE DE YAOUNDE
4,4,4,4,4,llama3.1:8b,data_pmus_yaounde,q1_2_a,Agent_24,NKOLGA
4,4,3,4,3,llama3.1:8b,data_pmus_yaounde,q1_2_b,Agent_24,10 IEME ARRET
4,4,3,4,3,llama3.1:8b,data_pmus_yaounde,q1_3_c,Agent_24,DOUALA
4,3,4,4,3,llama3.1:8b,data_pmus_yaounde,q2_1,Agent_24,PAR BUS STACY
4,4,3,4,3,llama3.1:8b,data_pmus_yaounde,q2_2_1,Agent_24,MESSAME NDONGO
4,4,3,4,3,llama3.1:8b,data_pmus_yaounde,q2_2_2,Agent_24,10 E ARRET
4,4,3,4,3,llama3.1:8b,data_pmus_yaounde,q2_3_1,Agent_24,0LESOA
4,4,3,4,3,llama3.1:8b,data_pmus_yaounde,q2_3_2,Agent_24,ARRET BUS
5,4,4,4,4,llama3.1:8b,data_pmus_yaounde,q2_3,Agent_24,NON
4,4,3,4,3,llama3.1:8b,data_pmus_yaounde,q2_4,Agent_24,PAR BUS STACY
4,4,3,4,3,llama3.1:8b,data_pmus_yaounde,q2_5_1,Agent_24,A B0NAS
4,4,3,4,3,llama3.1:8b,data_pmus_yaounde,q2_5_2,Agent_24,APRES ESCALE
4,4,3,4,3,llama3.1:8b,data_pmus_yaounde,q2_6_1,Agent_24,ABATTOIR
4,4,3,4,3,llama3.1:8b,data_pmus_yaounde,q2_6_2,Agent_24,ABOM
4,4,3,4,4,llama3.1:8b,data_pmus_yaounde,q3_1,Agent_24,NON
4,3,4,4,3,llama3.1:8b,data_pmus_yaounde,q3_2,Agent_24,PAR BUS AGENCE INTERURBAIN
4,4,4,4,4,llama3.1:8b,data_pmus_yaounde,q3_3_1,Agent_24,ACACIA
4,4,3,4,3,llama3.1:8b,data_pmus_yaounde,q3_3_2,Agent_24,ACACIA
5,4,2,5,2,llama3.1:8b,data_pmus_yaounde,q4_1_a,Agent_24,Veuillez indiquer depuis combien de temps vous attendez.
4,3,4,4,4,llama3.1:8b,data_pmus_yaounde,q4_1_b,Agent_24,10 20 MINUTES
5,4,2,5,2,llama3.1:8b,data_pmus_yaounde,q4_2_a,Agent_24,Veuillez indiquer depuis combien de temps vous attendez.
4,4,4,4,4,llama3.1:8b,data_pmus_yaounde,q4_2_b,Agent_24,15 30 MIN
4,4,4,4,4,llama3.1:8b,data_pmus_yaounde,q4_3,Agent_24,450
4,3,4,4,4,llama3.1:8b,data_pmus_yaounde,q4_4,Agent_24,TRAVAIL
3,3,4,4,3,llama3.1:8b,data_pmus_yaounde,q4_4_autres,Agent_24,ACHAT
5,3,4,4,4,llama3.1:8b,data_pmus_yaounde,q5_1,Agent_24,ENTRE 26 ET 35 ANS
5,3,3,4,4,llama3.1:8b,data_pmus_yaounde,q5_2,Agent_24,ENTRE 30 001 ET 100 000
5,4,4,4,4,llama3.1:8b,data_pmus_yaounde,q5_3,Agent_24,FEMME
4,4,3,4,3,llama3.1:8b,data_pmus_yaounde,centre ville,Agent_25,YAOUNDE
5,4,4,4,4,llama3.1:8b,data_pmus_yaounde,q1_1,Agent_25,UN QUARTIER DE LA VILLE DE YAOUNDE
4,4,4,4,4,llama3.1:8b,data_pmus_yaounde,q1_1_a,Agent_25,ABIT
4,4,3,4,3,llama3.1:8b,data_pmus_yaounde,q1_1_b,Agent_25,STATION NEZAFI
4,4,3,4,3,llama3.1:8b,data_pmus_yaounde,q1_1_c,Agent_25,AFANOYA
5,4,4,4,4,llama3.1:8b,data_pmus_yaounde,q1_2,Agent_25,UN QUARTIER DE LA VILLE DE YAOUNDE
4,4,4,4,4,llama3.1:8b,data_pmus_yaounde,q1_2_a,Agent_25,NIOM
4,4,3,4,3,llama3.1:8b,data_pmus_yaounde,q1_2_b,Agent_25,10 IEME ARRET
4,4,3,4,3,llama3.1:8b,data_pmus_yaounde,q1_3_c,Agent_25,DOUALA
4,3,4,4,3,llama3.1:8b,data_pmus_yaounde,q2_1,Agent_25,PAR BUS STACY
4,4,3,4,3,llama3.1:8b,data_pmus_yaounde,q2_2_1,Agent_25,CARREFOUR GP
4,4,3,4,3,llama3.1:8b,data_pmus_yaounde,q2_2_2,Agent_25,10 E ARRET
4,4,3,4,3,llama3.1:8b,data_pmus_yaounde,q2_3_1,Agent_25,ANGUISSA
4,4,3,4,3,llama3.1:8b,data_pmus_yaounde,q2_3_2,Agent_25,ANGUISSA
5,4,4,4,4,llama3.1:8b,data_pmus_yaounde,q2_3,Agent_25,NON
4,4,3,4,3,llama3.1:8b,data_pmus_yaounde,q2_4,Agent_25,PAR BUS STACY
4,4,3,4,3,llama3.1:8b,data_pmus_yaounde,q2_5_1,Agent_25,ANGUISSA
4,4,3,4,3,llama3.1:8b,data_pmus_yaounde,q2_5_2,Agent_25,0MPHINE
4,4,3,4,3,llama3.1:8b,data_pmus_yaounde,q2_6_1,Agent_25,CARREFOUR
4,4,3,4,3,llama3.1:8b,data_pmus_yaounde,q2_6_2,Agent_25,CARREFOUR
4,4,3,4,4,llama3.1:8b,data_pmus_yaounde,q3_1,Agent_25,OUI
4,3,4,4,3,llama3.1:8b,data_pmus_yaounde,q3_2,Agent_25,PAR BUS STACY
4,4,4,4,4,llama3.1:8b,data_pmus_yaounde,q3_3_1,Agent_25,ACACIA
4,4,3,4,3,llama3.1:8b,data_pmus_yaounde,q3_3_2,Agent_25,ACACIA
5,4,2,5,2,llama3.1:8b,data_pmus_yaounde,q4_1_a,Agent_25,Veuillez indiquer depuis combien de temps vous attendez.
4,3,4,4,4,llama3.1:8b,data_pmus_yaounde,q4_1_b,Agent_25,MOINS DE 5 MIN
5,4,2,5,2,llama3.1:8b,data_pmus_yaounde,q4_2_a,Agent_25,Veuillez indiquer depuis combien de temps vous attendez.
4,4,4,4,4,llama3.1:8b,data_pmus_yaounde,q4_2_b,Agent_25,15 30 MIN
4,4,4,4,4,llama3.1:8b,data_pmus_yaounde,q4_3,Agent_25,4500
4,3,4,4,4,llama3.1:8b,data_pmus_yaounde,q4_4,Agent_25,TRAVAIL
3,3,4,4,3,llama3.1:8b,data_pmus_yaounde,q4_4_autres,Agent_25,ACHAT
5,3,4,4,4,llama3.1:8b,data_pmus_yaounde,q5_1,Agent_25,ENTRE 26 ET 35 ANS
5,3,3,4,4,llama3.1:8b,data_pmus_yaounde,q5_2,Agent_25,ENTRE 30 001 ET 100 000
5,4,4,4,4,llama3.1:8b,data_pmus_yaounde,q5_3,Agent_25,HOMME
4,4,3,4,3,llama3.1:8b,data_pmus_yaounde,centre ville,Agent_26,YAOUNDE
5,4,4,4,4,llama3.1:8b,data_pmus_yaounde,q1_1,Agent_26,UN QUARTIER DE LA VILLE DE YAOUNDE
4,4,4,4,4,llama3.1:8b,data_pmus_yaounde,q1_1_a,Agent_26,COLLEGE FOTSO
4,4,3,4,3,llama3.1:8b,data_pmus_yaounde,q1_1_b,Agent_26,ENTREE MARIO
4,4,3,4,3,llama3.1:8b,data_pmus_yaounde,q1_1_c,Agent_26,AFANOYA
5,4,4,4,4,llama3.1:8b,data_pmus_yaounde,q1_2,Agent_26,UN QUARTIER DE LA VILLE DE YAOUNDE
4,4,4,4,4,llama3.1:8b,data_pmus_yaounde,q1_2_a,Agent_26,ABOM
4,4,3,4,3,llama3.1:8b,data_pmus_yaounde,q1_2_b,Agent_26,10 IEME ARRET
4,4,3,4,3,llama3.1:8b,data_pmus_yaounde,q1_3_c,Agent_26,DOUALA
4,3,4,4,3,llama3.1:8b,data_pmus_yaounde,q2_1,Agent_26,PAR BUS STACY
4,4,3,4,3,llama3.1:8b,data_pmus_yaounde,q2_2_1,Agent_26,MOTO
4,4,3,4,3,llama3.1:8b,data_pmus_yaounde,q2_2_2,Agent_26,10 E ARRET
4,4,3,4,3,llama3.1:8b,data_pmus_yaounde,q2_3_1,Agent_26,0LESOA
4,4,3,4,3,llama3.1:8b,data_pmus_yaounde,q2_3_2,Agent_26,0NANA
5,4,4,4,4,llama3.1:8b,data_pmus_yaounde,q2_3,Agent_26,NON
4,4,3,4,3,llama3.1:8b,data_pmus_yaounde,q2_4,Agent_26,PAR BUS STACY
4,4,3,4,3,llama3.1:8b,data_pmus_yaounde,q2_5_1,Agent_26,MVAN
4,4,3,4,3,llama3.1:8b,data_pmus_yaounde,q2_5_2,Agent_26,0MPHINE
4,4,3,4,3,llama3.1:8b,data_pmus_yaounde,q2_6_1,Agent_26,MVAN
4,4,3,4,3,llama3.1:8b,data_pmus_yaounde,q2_6_2,Agent_26,MVAN
4,4,3,4,4,llama3.1:8b,data_pmus_yaounde,q3_1,Agent_26,NON
4,3,4,4,3,llama3.1:8b,data_pmus_yaounde,q3_2,Agent_26,PAR BUS AGENCE INTERURBAIN
4,4,4,4,4,llama3.1:8b,data_pmus_yaounde,q3_3_1,Agent_26,MVAN
4,4,3,4,3,llama3.1:8b,data_pmus_yaounde,q3_3_2,Agent_26,MVAN
5,4,2,5,2,llama3.1:8b,data_pmus_yaounde,q4_1_a,Agent_26,Veuillez indiquer depuis combien de temps vous attendez.
4,3,4,4,4,llama3.1:8b,data_pmus_yaounde,q4_1_b,Agent_26,10 20 MINUTES
5,4,2,5,2,llama3.1:8b,data_pmus_yaounde,q4_2_a,Agent_26,Veuillez indiquer depuis combien de temps vous attendez.
4,4,4,4,4,llama3.1:8b,data_pmus_yaounde,q4_2_b,Agent_26,15 30 MIN
4,4,4,4,4,llama3.1:8b,data_pmus_yaounde,q4_3,Agent_26,100
4,3,4,4,4,llama3.1:8b,data_pmus_yaounde,q4_4,Agent_26,TRAVAIL
3,3,4,4,3,llama3.1:8b,data_pmus_yaounde,q4_4_autres,Agent_26,ACHAT
5,3,4,4,4,llama3.1:8b,data_pmus_yaounde,q5_1,Agent_26,MOINS DE 18 ANS
5,3,3,4,4,llama3.1:8b,data_pmus_yaounde,q5_2,Agent_26,ENTRE 30 001 ET 100 000
5,4,4,4,4,llama3.1:8b,data_pmus_yaounde,q5_3,Agent_26,HOMME
4,4,3,4,3,llama3.1:8b,data_pmus_yaounde,centre ville,Agent_27,YAOUNDE
5,4,4,4,4,llama3.1:8b,data_pmus_yaounde,q1_1,Agent_27,UN QUARTIER DE LA VILLE DE YAOUNDE
4,4,4,4,4,llama3.1:8b,data_pmus_yaounde,q1_1_a,Agent_27,NKOLBISSON
4,4,3,4,3,llama3.1:8b,data_pmus_yaounde,q1_1_b,Agent_27,NKOLBISSON
4,4,3,4,3,llama3.1:8b,data_pmus_yaounde,q1_1_c,Agent_27,AFANOYA
5,4,4,4,4,llama3.1:8b,data_pmus_yaounde,q1_2,Agent_27,UN QUARTIER DE LA VILLE DE YAOUNDE
4,4,4,4,4,llama3.1:8b,data_pmus_yaounde,q1_2_a,Agent_27,NKOLBISSON
4,4,3,4,3,llama3.1:8b,data_pmus_yaounde,q1_2_b,Agent_27,NKOLBISSON
4,4,3,4,3,llama3.1:8b,data_pmus_yaounde,q1_3_c,Agent_27,YAOUNDE
4,3,4,4,3,llama3.1:8b,data_pmus_yaounde,q2_1,Agent_27,A PIED
4,4,3,4,3,llama3.1:8b,data_pmus_yaounde,q2_2_1,Agent_27,NKO NDONGO
4,4,3,4,3,llama3.1:8b,data_pmus_yaounde,q2_2_2,Agent_27,ONDIGUI
4,4,3,4,3,llama3.1:8b,data_pmus_yaounde,q2_3_1,Agent_27,NKOLBISSON
4,4,3,4,3,llama3.1:8b,data_pmus_yaounde,q2_3_2,Agent_27,NKOLBISSON
5,4,4,4,4,llama3.1:8b,data_pmus_yaounde,q2_3,Agent_27,NON
4,4,3,4,3,llama3.1:8b,data_pmus_yaounde,q2_4,Agent_27,PAR BUS AGENCE INTERURBAIN
4,4,3,4,3,llama3.1:8b,data_pmus_yaounde,q2_5_1,Agent_27,NKOLBISSON
4,4,3,4,3,llama3.1:8b,data_pmus_yaounde,q2_5_2,Agent_27,NKOLBISSON
4,4,3,4,3,llama3.1:8b,data_pmus_yaounde,q2_6_1,Agent_27,NKOLBISSON
4,4,3,4,3,llama3.1:8b,data_pmus_yaounde,q2_6_2,Agent_27,NKOLBISSON
4,4,3,4,4,llama3.1:8b,data_pmus_yaounde,q3_1,Agent_27,NON
4,3,4,4,3,llama3.1:8b,data_pmus_yaounde,q3_2,Agent_27,PAR BUS AGENCE INTERURBAIN
4,4,4,4,4,llama3.1:8b,data_pmus_yaounde,q3_3_1,Agent_27,NKOLBISSON
4,4,3,4,3,llama3.1:8b,data_pmus_yaounde,q3_3_2,Agent_27,10 IEME ARRET
5,4,2,5,2,llama3.1:8b,data_pmus_yaounde,q4_1_a,Agent_27,Veuillez indiquer depuis combien de temps vous attendez.
4,3,4,4,4,llama3.1:8b,data_pmus_yaounde,q4_1_b,Agent_27,10 20 MINUTES
5,4,2,5,2,llama3.1:8b,data_pmus_yaounde,q4_2_a,Agent_27,Veuillez indiquer depuis combien de temps vous attendez.
4,4,4,4,4,llama3.1:8b,data_pmus_yaounde,q4_2_b,Agent_27,15 30 MIN
4,4,4,4,4,llama3.1:8b,data_pmus_yaounde,q4_3,Agent_27,550
4,3,4,4,4,llama3.1:8b,data_pmus_yaounde,q4_4,Agent_27,COURSES
3,3,4,4,3,llama3.1:8b,data_pmus_yaounde,q4_4_autres,Agent_27,COURS
5,3,4,4,4,llama3.1:8b,data_pmus_yaounde,q5_1,Agent_27,ENTRE 18 ET 25 ANS
5,3,3,4,4,llama3.1:8b,data_pmus_yaounde,q5_2,Agent_27,ENTRE 30 001 ET 100 000
5,4,4,4,4,llama3.1:8b,data_pmus_yaounde,q5_3,Agent_27,HOMME
4,4,3,4,3,llama3.1:8b,data_pmus_yaounde,centre ville,Agent_28,YAOUNDE
5,4,4,4,4,llama3.1:8b,data_pmus_yaounde,q1_1,Agent_28,UN QUARTIER DE LA VILLE DE YAOUNDE
4,4,4,4,4,llama3.1:8b,data_pmus_yaounde,q1_1_a,Agent_28,OLEZOA
4,4,3,4,3,llama3.1:8b,data_pmus_yaounde,q1_1_b,Agent_28,OLEZOA
4,4,3,4,3,llama3.1:8b,data_pmus_yaounde,q1_1_c,Agent_28,AFANOYA
5,4,4,4,4,llama3.1:8b,data_pmus_yaounde,q1_2,Agent_28,UN QUARTIER DE LA VILLE DE YAOUNDE
4,4,4,4,4,llama3.1:8b,data_pmus_yaounde,q1_2_a,Agent_28,OLEZOA
4,4,3,4,3,llama3.1:8b,data_pmus_yaounde,q1_2_b,Agent_28,OLEZOA
4,4,3,4,3,llama3.1:8b,data_pmus_yaounde,q1_3_c,Agent_28,AFANOYA
4,3,4,4,3,llama3.1:8b,data_pmus_yaounde,q2_1,Agent_28,PAR BUS STACY
4,4,3,4,3,llama3.1:8b,data_pmus_yaounde,q2_2_1,Agent_28,OLEZOA
4,4,3,4,3,llama3.1:8b,data_pmus_yaounde,q2_2_2,Agent_28,OLEZOA
4,4,3,4,3,llama3.1:8b,data_pmus_yaounde,q2_3_1,Agent_28,OLEZOA
4,4,3,4,3,llama3.1:8b,data_pmus_yaounde,q2_3_2,Agent_28,0NANA
5,4,4,4,4,llama3.1:8b,data_pmus_yaounde,q2_3,Agent_28,NON
4,4,3,4,3,llama3.1:8b,data_pmus_yaounde,q2_4,Agent_28,PAR BUS STACY
4,4,3,4,3,llama3.1:8b,data_pmus_yaounde,q2_5_1,Agent_28,OLEZOA
4,4,3,4,3,llama3.1:8b,data_pmus_yaounde,q2_5_2,Agent_28,0MPHINE
4,4,3,4,3,llama3.1:8b,data_pmus_yaounde,q2_6_1,Agent_28,OLEZOA
4,4,3,4,3,llama3.1:8b,data_pmus_yaounde,q2_6_2,Agent_28,11EME ARRET
4,4,3,4,4,llama3.1:8b,data_pmus_yaounde,q3_1,Agent_28,NON
4,3,4,4,3,llama3.1:8b,data_pmus_yaounde,q3_2,Agent_28,PAR BUS STACY
4,4,4,4,4,llama3.1:8b,data_pmus_yaounde,q3_3_1,Agent_28,OLEZOA
4,4,3,4,3,llama3.1:8b,data_pmus_yaounde,q3_3_2,Agent_28,10 IEME ARRET
5,4,2,5,2,llama3.1:8b,data_pmus_yaounde,q4_1_a,Agent_28,Veuillez indiquer depuis combien de temps vous attendez.
4,3,4,4,4,llama3.1:8b,data_pmus_yaounde,q4_1_b,Agent_28,10 20 MINUTES
5,4,2,5,2,llama3.1:8b,data_pmus_yaounde,q4_2_a,Agent_28,Veuillez indiquer depuis combien de temps vous attendez.
4,4,4,4,4,llama3.1:8b,data_pmus_yaounde,q4_2_b,Agent_28,15 30 MIN
4,4,4,4,4,llama3.1:8b,data_pmus_yaounde,q4_3,Agent_28,3000
4,3,4,4,4,llama3.1:8b,data_pmus_yaounde,q4_4,Agent_28,TRAVAIL
3,3,4,4,3,llama3.1:8b,data_pmus_yaounde,q4_4_autres,Agent_28,ACHAT
5,3,4,4,4,llama3.1:8b,data_pmus_yaounde,q5_1,Agent_28,ENTRE 26 ET 35 ANS
5,3,3,4,4,llama3.1:8b,data_pmus_yaounde,q5_2,Agent_28,ENTRE 30 001 ET 100 000
5,4,4,4,4,llama3.1:8b,data_pmus_yaounde,q5_3,Agent_28,HOMME
4,4,3,4,3,llama3.1:8b,data_pmus_yaounde,centre ville,Agent_29,YAOUNDE
5,4,4,4,4,llama3.1:8b,data_pmus_yaounde,q1_1,Agent_29,UN QUARTIER DE LA VILLE DE YAOUNDE
4,4,4,4,4,llama3.1:8b,data_pmus_yaounde,q1_1_a,Agent_29,TKC
4,4,3,4,3,llama3.1:8b,data_pmus_yaounde,q1_1_b,Agent_29,COLLEGE FLEMIE
4,4,3,4,3,llama3.1:8b,data_pmus_yaounde,q1_1_c,Agent_29,AFANOYA
5,4,4,4,4,llama3.1:8b,data_pmus_yaounde,q1_2,Agent_29,UN QUARTIER DE LA VILLE DE YAOUNDE
4,4,4,4,4,llama3.1:8b,data_pmus_yaounde,q1_2_a,Agent_29,SIMBOCK
4,4,3,4,3,llama3.1:8b,data_pmus_yaounde,q1_2_b,Agent_29,ENTREE VALLEE
4,4,3,4,3,llama3.1:8b,data_pmus_yaounde,q1_3_c,Agent_29,YAOUNDE
4,3,4,4,3,llama3.1:8b,data_pmus_yaounde,q2_1,Agent_29,PAR BUS AGENCE INTERURBAIN
4,4,3,4,3,llama3.1:8b,data_pmus_yaounde,q2_2_1,Agent_29,SIMBOCK
4,4,3,4,3,llama3.1:8b,data_pmus_yaounde,q2_2_2,Agent_29,10 E ARRET
4,4,3,4,3,llama3.1:8b,data_pmus_yaounde,q2_3_1,Agent_29,NSIMEYONG
4,4,3,4,3,llama3.1:8b,data_pmus_yaounde,q2_3_2,Agent_29,NSIMEYONG
5,4,4,4,4,llama3.1:8b,data_pmus_yaounde,q2_3,Agent_29,NON
4,4,3,4,3,llama3.1:8b,data_pmus_yaounde,q2_4,Agent_29,PAR BUS STACY
4,4,3,4,3,llama3.1:8b,data_pmus_yaounde,q2_5_1,Agent_29,TSINGA
4,4,3,4,3,llama3.1:8b,data_pmus_yaounde,q2_5_2,Agent_29,0MPHINE
4,4,3,4,3,llama3.1:8b,data_pmus_yaounde,q2_6_1,Agent_29,SIMBOOCK
4,4,3,4,3,llama3.1:8b,data_pmus_yaounde,q2_6_2,Agent_29,11EME ARRET
4,4,3,4,4,llama3.1:8b,data_pmus_yaounde,q3_1,Agent_29,NON
4,3,4,4,3,llama3.1:8b,data_pmus_yaounde,q3_2,Agent_29,PAR BUS STACY
4,4,4,4,4,llama3.1:8b,data_pmus_yaounde,q3_3_1,Agent_29,SIMBOCK
4,4,3,4,3,llama3.1:8b,data_pmus_yaounde,q3_3_2,Agent_29,10 IEME ARRET
5,4,2,5,2,llama3.1:8b,data_pmus_yaounde,q4_1_a,Agent_29,Veuillez indiquer depuis combien de temps vous attendez.
4,3,4,4,4,llama3.1:8b,data_pmus_yaounde,q4_1_b,Agent_29,10 20 MINUTES
5,4,2,5,2,llama3.1:8b,data_pmus_yaounde,q4_2_a,Agent_29,Veuillez indiquer depuis combien de temps vous attendez.
4,4,4,4,4,llama3.1:8b,data_pmus_yaounde,q4_2_b,Agent_29,15 30 MIN
4,4,4,4,4,llama3.1:8b,data_pmus_yaounde,q4_3,Agent_29,1200
4,3,4,4,4,llama3.1:8b,data_pmus_yaounde,q4_4,Agent_29,D MARCHES ADMINISTRATIVES ET OU SANT
3,3,4,4,3,llama3.1:8b,data_pmus_yaounde,q4_4_autres,Agent_29,ACHAT
5,3,4,4,4,llama3.1:8b,data_pmus_yaounde,q5_1,Agent_29,MOINS DE 18 ANS
5,3,3,4,4,llama3.1:8b,data_pmus_yaounde,q5_2,Agent_29,MOINS DE 30 000
5,4,4,4,4,llama3.1:8b,data_pmus_yaounde,q5_3,Agent_29,HOMME
4,4,3,4,3,llama3.1:8b,data_pmus_yaounde,centre ville,Agent_30,YAOUNDE
5,4,4,4,4,llama3.1:8b,data_pmus_yaounde,q1_1,Agent_30,UN QUARTIER DE LA VILLE DE YAOUNDE
4,4,4,4,4,llama3.1:8b,data_pmus_yaounde,q1_1_a,Agent_30,NKOA MBANG
4,4,3,4,3,llama3.1:8b,data_pmus_yaounde,q1_1_b,Agent_30,10EME ARRET
4,4,3,4,3,llama3.1:8b,data_pmus_yaounde,q1_1_c,Agent_30,AFANOYA
5,4,4,4,4,llama3.1:8b,data_pmus_yaounde,q1_2,Agent_30,UN QUARTIER DE LA VILLE DE YAOUNDE
4,4,4,4,4,llama3.1:8b,data_pmus_yaounde,q1_2_a,Agent_30,BABA
4,4,3,4,3,llama3.1:8b,data_pmus_yaounde,q1_2_b,Agent_30,BABA
4,4,3,4,3,llama3.1:8b,data_pmus_yaounde,q1_3_c,Agent_30,AFANOYA
4,3,4,4,3,llama3.1:8b,data_pmus_yaounde,q2_1,Agent_30,PAR BUS STACY
4,4,3,4,3,llama3.1:8b,data_pmus_yaounde,q2_2_1,Agent_30,2 CHEVEAU
4,4,3,4,3,llama3.1:8b,data_pmus_yaounde,q2_2_2,Agent_30,CARREFOUR
4,4,3,4,3,llama3.1:8b,data_pmus_yaounde,q2_3_1,Agent_30,0LESOA
4,4,3,4,3,llama3.1:8b,data_pmus_yaounde,q2_3_2,Agent_30,CARREFOUT
5,4,4,4,4,llama3.1:8b,data_pmus_yaounde,q2_3,Agent_30,NON
4,4,3,4,3,llama3.1:8b,data_pmus_yaounde,q2_4,Agent_30,PAR BUS STACY
4,4,3,4,3,llama3.1:8b,data_pmus_yaounde,q2_5_1,Agent_30,NKOA MBANG
4,4,3,4,3,llama3.1:8b,data_pmus_yaounde,q2_5_2,Agent_30,NKOL ONDOM
4,4,3,4,3,llama3.1:8b,data_pmus_yaounde,q2_6_1,Agent_30,NKOA MBANG
4,4,3,4,3,llama3.1:8b,data_pmus_yaounde,q2_6_2,Agent_30,11EME ARRET
4,4,3,4,4,llama3.1:8b,data_pmus_yaounde,q3_1,Agent_30,NON
4,3,4,4,3,llama3.1:8b,data_pmus_yaounde,q3_2,Agent_30,PAR BUS STACY
4,4,4,4,4,llama3.1:8b,data_pmus_yaounde,q3_3_1,Agent_30,NKOA MBANG
4,4,3,4,3,llama3.1:8b,data_pmus_yaounde,q3_3_2,Agent_30,NKOA MBANG
5,4,2,5,2,llama3.1:8b,data_pmus_yaounde,q4_1_a,Agent_30,Veuillez indiquer depuis combien de temps vous attendez.
4,3,4,4,4,llama3.1:8b,data_pmus_yaounde,q4_1_b,Agent_30,MOINS DE 5 MIN
5,4,2,5,2,llama3.1:8b,data_pmus_yaounde,q4_2_a,Agent_30,Veuillez indiquer depuis combien de temps vous attendez.
4,4,4,4,4,llama3.1:8b,data_pmus_yaounde,q4_2_b,Agent_30,15 30 MIN
4,4,4,4,4,llama3.1:8b,data_pmus_yaounde,q4_3,Agent_30,2300
4,3,4,4,4,llama3.1:8b,data_pmus_yaounde,q4_4,Agent_30,VISITE FAMILLE
3,3,4,4,3,llama3.1:8b,data_pmus_yaounde,q4_4_autres,Agent_30,FAIRE DU MARCHE
5,3,4,4,4,llama3.1:8b,data_pmus_yaounde,q5_1,Agent_30,ENTRE 26 ET 35 ANS
5,3,3,4,4,llama3.1:8b,data_pmus_yaounde,q5_2,Agent_30,ENTRE 30 001 ET 100 000
5,4,4,4,4,llama3.1:8b,data_pmus_yaounde,q5_3,Agent_30,FEMME
4,4,3,4,3,llama3.1:8b,data_pmus_yaounde,centre ville,Agent_31,YAOUNDE
5,4,4,4,4,llama3.1:8b,data_pmus_yaounde,q1_1,Agent_31,UN QUARTIER DE LA VILLE DE YAOUNDE
4,4,4,4,4,llama3.1:8b,data_pmus_yaounde,q1_1_a,Agent_31,NKOLBISSON
4,4,3,4,3,llama3.1:8b,data_pmus_yaounde,q1_1_b,Agent_31,10EME ARRET
4,4,3,4,3,llama3.1:8b,data_pmus_yaounde,q1_1_c,Agent_31,AFANOYA
5,4,4,4,4,llama3.1:8b,data_pmus_yaounde,q1_2,Agent_31,UN QUARTIER DE LA VILLE DE YAOUNDE
4,4,4,4,4,llama3.1:8b,data_pmus_yaounde,q1_2_a,Agent_31,NKOLBISSON
4,4,3,4,3,llama3.1:8b,data_pmus_yaounde,q1_2_b,Agent_31,CARREFOUT
4,4,3,4,3,llama3.1:8b,data_pmus_yaounde,q1_3_c,Agent_31,YAOUNDE
4,3,4,4,3,llama3.1:8b,data_pmus_yaounde,q2_1,Agent_31,PAR BUS AGENCE INTERURBAIN
4,4,3,4,3,llama3.1:8b,data_pmus_yaounde,q2_2_1,Agent_31,NKOLBISS0NG
4,4,3,4,3,llama3.1:8b,data_pmus_yaounde,q2_2_2,Agent_31,10 E ARRET
4,4,3,4,3,llama3.1:8b,data_pmus_yaounde,q2_3_1,Agent_31,0LESOA
4,4,3,4,3,llama3.1:8b,data_pmus_yaounde,q2_3_2,Agent_31,0NANA
5,4,4,4,4,llama3.1:8b,data_pmus_yaounde,q2_3,Agent_31,NON
4,4,3,4,3,llama3.1:8b,data_pmus_yaounde,q2_4,Agent_31,PAR BUS AGENCE INTERURBAIN
4,4,3,4,3,llama3.1:8b,data_pmus_yaounde,q2_5_1,Agent_31,CARREFOUR REGI
4,4,3,4,3,llama3.1:8b,data_pmus_yaounde,q2_5_2,Agent_31,0MPHINE
4,4,3,4,3,llama3.1:8b,data_pmus_yaounde,q2_6_1,Agent_31,ABATTOIR
4,4,3,4,3,llama3.1:8b,data_pmus_yaounde,q2_6_2,Agent_31,11EME ARRET
4,4,3,4,4,llama3.1:8b,data_pmus_yaounde,q3_1,Agent_31,NON
4,3,4,4,3,llama3.1:8b,data_pmus_yaounde,q3_2,Agent_31,PAR BUS STACY
4,4,4,4,4,llama3.1:8b,data_pmus_yaounde,q3_3_1,Agent_31,ACACIA
4,4,3,4,3,llama3.1:8b,data_pmus_yaounde,q3_3_2,Agent_31,ACACIA
5,4,2,5,2,llama3.1:8b,data_pmus_yaounde,q4_1_a,Agent_31,Veuillez indiquer depuis combien de temps vous attendez.
4,3,4,4,4,llama3.1:8b,data_pmus_yaounde,q4_1_b,Agent_31,10 20 MINUTES
5,4,2,5,2,llama3.1:8b,data_pmus_yaounde,q4_2_a,Agent_31,Veuillez indiquer depuis combien de temps vous attendez.
4,4,4,4,4,llama3.1:8b,data_pmus_yaounde,q4_2_b,Agent_31,15 30 MIN
4,4,4,4,4,llama3.1:8b,data_pmus_yaounde,q4_3,Agent_31,3500
4,3,4,4,4,llama3.1:8b,data_pmus_yaounde,q4_4,Agent_31,COURSES
3,3,4,4,3,llama3.1:8b,data_pmus_yaounde,q4_4_autres,Agent_31,FAIRE DES ACHATS
5,3,4,4,4,llama3.1:8b,data_pmus_yaounde,q5_1,Agent_31,ENTRE 18 ET 25 ANS
5,3,3,4,4,llama3.1:8b,data_pmus_yaounde,q5_2,Agent_31,ENTRE 30 001 ET 100 000
5,4,4,4,4,llama3.1:8b,data_pmus_yaounde,q5_3,Agent_31,FEMME
4,4,3,4,3,llama3.1:8b,data_pmus_yaounde,centre ville,Agent_32,YAOUNDE
5,4,4,4,4,llama3.1:8b,data_pmus_yaounde,q1_1,Agent_32,UN QUARTIER DE LA VILLE DE YAOUNDE
4,4,4,4,4,llama3.1:8b,data_pmus_yaounde,q1_1_a,Agent_32,ABIT
4,4,3,4,3,llama3.1:8b,data_pmus_yaounde,q1_1_b,Agent_32,10EME ARRET
4,4,3,4,3,llama3.1:8b,data_pmus_yaounde,q1_1_c,Agent_32,AFANOYA
5,4,4,4,4,llama3.1:8b,data_pmus_yaounde,q1_2,Agent_32,UN QUARTIER DE LA VILLE DE YAOUNDE
4,4,4,4,4,llama3.1:8b,data_pmus_yaounde,q1_2_a,Agent_32,NFANDENA
4,4,3,4,3,llama3.1:8b,data_pmus_yaounde,q1_2_b,Agent_32,NFANDENA
4,4,3,4,3,llama3.1:8b,data_pmus_yaounde,q1_3_c,Agent_32,YAOUNDE
4,3,4,4,3,llama3.1:8b,data_pmus_yaounde,q2_1,Agent_32,PAR BUS STACY
4,4,3,4,3,llama3.1:8b,data_pmus_yaounde,q2_2_1,Agent_32,NFANDENA
4,4,3,4,3,llama3.1:8b,data_pmus_yaounde,q2_2_2,Agent_32,NFANDENA
4,4,3,4,3,llama3.1:8b,data_pmus_yaounde,q2_3_1,Agent_32,0LESOA
4,4,3,4,3,llama3.1:8b,data_pmus_yaounde,q2_3_2,Agent_32,0NANA
5,4,4,4,4,llama3.1:8b,data_pmus_yaounde,q2_3,Agent_32,NON
4,4,3,4,3,llama3.1:8b,data_pmus_yaounde,q2_4,Agent_32,PAR BUS AGENCE INTERURBAIN
4,4,3,4,3,llama3.1:8b,data_pmus_yaounde,q2_5_1,Agent_32,A B0NAS
4,4,3,4,3,llama3.1:8b,data_pmus_yaounde,q2_5_2,Agent_32,MAKAMAMBOK
4,4,3,4,3,llama3.1:8b,data_pmus_yaounde,q2_6_1,Agent_32,ABATTOIR
4,4,3,4,3,llama3.1:8b,data_pmus_yaounde,q2_6_2,Agent_32,MIMBOMAN TERMINUS
4,4,3,4,4,llama3.1:8b,data_pmus_yaounde,q3_1,Agent_32,NON
4,3,4,4,3,llama3.1:8b,data_pmus_yaounde,q3_2,Agent_32,PAR BUS STACY
4,4,4,4,4,llama3.1:8b,data_pmus_yaounde,q3_3_1,Agent_32,WAADA
4,4,3,4,3,llama3.1:8b,data_pmus_yaounde,q3_3_2,Agent_32,NFANDENA
5,4,2,5,2,llama3.1:8b,data_pmus_yaounde,q4_1_a,Agent_32,Veuillez indiquer depuis combien de temps vous attendez.
4,3,4,4,4,llama3.1:8b,data_pmus_yaounde,q4_1_b,Agent_32,10 20 MINUTES
5,4,2,5,2,llama3.1:8b,data_pmus_yaounde,q4_2_a,Agent_32,Veuillez indiquer depuis combien de temps vous attendez.
4,4,4,4,4,llama3.1:8b,data_pmus_yaounde,q4_2_b,Agent_32,15 30 MIN
4,4,4,4,4,llama3.1:8b,data_pmus_yaounde,q4_3,Agent_32,2700
4,3,4,4,4,llama3.1:8b,data_pmus_yaounde,q4_4,Agent_32,COURSES
3,3,4,4,3,llama3.1:8b,data_pmus_yaounde,q4_4_autres,Agent_32,FAIRE DES ACHATS
5,3,4,4,4,llama3.1:8b,data_pmus_yaounde,q5_1,Agent_32,ENTRE 18 ET 25 ANS
5,3,3,4,4,llama3.1:8b,data_pmus_yaounde,q5_2,Agent_32,ENTRE 30 001 ET 100 000
5,4,4,4,4,llama3.1:8b,data_pmus_yaounde,q5_3,Agent_32,FEMME
4,4,3,4,3,llama3.1:8b,data_pmus_yaounde,centre ville,Agent_33,YAOUNDE
5,4,4,4,4,llama3.1:8b,data_pmus_yaounde,q1_1,Agent_33,UN QUARTIER DE LA VILLE DE YAOUNDE
4,4,4,4,4,llama3.1:8b,data_pmus_yaounde,q1_1_a,Agent_33,NKOLMESSENG
4,4,3,4,3,llama3.1:8b,data_pmus_yaounde,q1_1_b,Agent_33,10EME ARRET
4,4,3,4,3,llama3.1:8b,data_pmus_yaounde,q1_1_c,Agent_33,AFANOYA
5,4,4,4,4,llama3.1:8b,data_pmus_yaounde,q1_2,Agent_33,UN QUARTIER DE LA VILLE DE YAOUNDE
4,4,4,4,4,llama3.1:8b,data_pmus_yaounde,q1_2_a,Agent_33,OBILI
4,4,3,4,3,llama3.1:8b,data_pmus_yaounde,q1_2_b,Agent_33,OBILI
4,4,3,4,3,llama3.1:8b,data_pmus_yaounde,q1_3_c,Agent_33,DOUALA
4,3,4,4,3,llama3.1:8b,data_pmus_yaounde,q2_1,Agent_33,PAR BUS STACY
4,4,3,4,3,llama3.1:8b,data_pmus_yaounde,q2_2_1,Agent_33,NYLON
4,4,3,4,3,llama3.1:8b,data_pmus_yaounde,q2_2_2,Agent_33,OBILI
4,4,3,4,3,llama3.1:8b,data_pmus_yaounde,q2_3_1,Agent_33,OBILI
4,4,3,4,3,llama3.1:8b,data_pmus_yaounde,q2_3_2,Agent_33,0NANA
5,4,4,4,4,llama3.1:8b,data_pmus_yaounde,q2_3,Agent_33,NON
4,4,3,4,3,llama3.1:8b,data_pmus_yaounde,q2_4,Agent_33,PAR BUS AGENCE INTERURBAIN
4,4,3,4,3,llama3.1:8b,data_pmus_yaounde,q2_5_1,Agent_33,OBILI
4,4,3,4,3,llama3.1:8b,data_pmus_yaounde,q2_5_2,Agent_33,0MPHINE
4,4,3,4,3,llama3.1:8b,data_pmus_yaounde,q2_6_1,Agent_33,OBILI
4,4,3,4,3,llama3.1:8b,data_pmus_yaounde,q2_6_2,Agent_33,11EME ARRET
4,4,3,4,4,llama3.1:8b,data_pmus_yaounde,q3_1,Agent_33,OUI
4,3,4,4,3,llama3.1:8b,data_pmus_yaounde,q3_2,Agent_33,PAR BUS STACY
4,4,4,4,4,llama3.1:8b,data_pmus_yaounde,q3_3_1,Agent_33,OBILI
4,4,3,4,3,llama3.1:8b,data_pmus_yaounde,q3_3_2,Agent_33,10 IEME ARRET
5,4,2,5,2,llama3.1:8b,data_pmus_yaounde,q4_1_a,Agent_33,Veuillez indiquer depuis combien de temps vous attendez.
4,3,4,4,4,llama3.1:8b,data_pmus_yaounde,q4_1_b,Agent_33,10 20 MINUTES
5,4,2,5,2,llama3.1:8b,data_pmus_yaounde,q4_2_a,Agent_33,Veuillez indiquer depuis combien de temps vous attendez.
4,4,4,4,4,llama3.1:8b,data_pmus_yaounde,q4_2_b,Agent_33,15 30 MIN
4,4,4,4,4,llama3.1:8b,data_pmus_yaounde,q4_3,Agent_33,3150
4,3,4,4,4,llama3.1:8b,data_pmus_yaounde,q4_4,Agent_33,TRAVAIL
3,3,4,4,3,llama3.1:8b,data_pmus_yaounde,q4_4_autres,Agent_33,ACHAT
5,3,4,4,4,llama3.1:8b,data_pmus_yaounde,q5_1,Agent_33,ENTRE 36 ET 45 ANS
5,3,3,4,4,llama3.1:8b,data_pmus_yaounde,q5_2,Agent_33,ENTRE 30 001 ET 100 000
5,4,4,4,4,llama3.1:8b,data_pmus_yaounde,q5_3,Agent_33,HOMME
4,4,3,4,3,llama3.1:8b,data_pmus_yaounde,centre ville,Agent_34,YAOUNDE
5,4,4,4,4,llama3.1:8b,data_pmus_yaounde,q1_1,Agent_34,UN QUARTIER DE LA VILLE DE YAOUNDE
4,4,4,4,4,llama3.1:8b,data_pmus_yaounde,q1_1_a,Agent_34,FOURGEROLLES
4,4,3,4,3,llama3.1:8b,data_pmus_yaounde,q1_1_b,Agent_34,NKONG DOUE
4,4,3,4,3,llama3.1:8b,data_pmus_yaounde,q1_1_c,Agent_34,AFANOYA
5,4,4,4,4,llama3.1:8b,data_pmus_yaounde,q1_2,Agent_34,UN QUARTIER DE LA VILLE DE YAOUNDE
4,4,4,4,4,llama3.1:8b,data_pmus_yaounde,q1_2_a,Agent_34,FOURGEROLLES
4,4,3,4,3,llama3.1:8b,data_pmus_yaounde,q1_2_b,Agent_34,PETIT MARCHE
4,4,3,4,3,llama3.1:8b,data_pmus_yaounde,q1_3_c,Agent_34,AFANOYA
4,3,4,4,3,llama3.1:8b,data_pmus_yaounde,q2_1,Agent_34,A PIED
4,4,3,4,3,llama3.1:8b,data_pmus_yaounde,q2_2_1,Agent_34,IDZA
4,4,3,4,3,llama3.1:8b,data_pmus_yaounde,q2_2_2,Agent_34,ENTREE PETIT GOUDRON
4,4,3,4,3,llama3.1:8b,data_pmus_yaounde,q2_3_1,Agent_34,CARREFOUR
4,4,3,4,3,llama3.1:8b,data_pmus_yaounde,q2_3_2,Agent_34,CARREFOUR
5,4,4,4,4,llama3.1:8b,data_pmus_yaounde,q2_3,Agent_34,NON
4,4,3,4,3,llama3.1:8b,data_pmus_yaounde,q2_4,Agent_34,PAR BUS STACY
4,4,3,4,3,llama3.1:8b,data_pmus_yaounde,q2_5_1,Agent_34,A B0NAS
4,4,3,4,3,llama3.1:8b,data_pmus_yaounde,q2_5_2,Agent_34,CARREFOUR
4,4,3,4,3,llama3.1:8b,data_pmus_yaounde,q2_6_1,Agent_34,FOURGEROLLES
4,4,3,4,3,llama3.1:8b,data_pmus_yaounde,q2_6_2,Agent_34,CARREFOUR
4,4,3,4,4,llama3.1:8b,data_pmus_yaounde,q3_1,Agent_34,OUI
4,3,4,4,3,llama3.1:8b,data_pmus_yaounde,q3_2,Agent_34,PAR BUS STACY
4,4,4,4,4,llama3.1:8b,data_pmus_yaounde,q3_3_1,Agent_34,ACACIA
4,4,3,4,3,llama3.1:8b,data_pmus_yaounde,q3_3_2,Agent_34,CARREFOUR
5,4,2,5,2,llama3.1:8b,data_pmus_yaounde,q4_1_a,Agent_34,Veuillez indiquer depuis combien de temps vous attendez.
4,3,4,4,4,llama3.1:8b,data_pmus_yaounde,q4_1_b,Agent_34,MOINS DE 5 MIN
5,4,2,5,2,llama3.1:8b,data_pmus_yaounde,q4_2_a,Agent_34,Veuillez indiquer depuis combien de temps vous attendez.
4,4,4,4,4,llama3.1:8b,data_pmus_yaounde,q4_2_b,Agent_34,30 60 MIN
4,4,4,4,4,llama3.1:8b,data_pmus_yaounde,q4_3,Agent_34,800
4,3,4,4,4,llama3.1:8b,data_pmus_yaounde,q4_4,Agent_34,ACTIVIT S DE LOISIRS
3,3,4,4,3,llama3.1:8b,data_pmus_yaounde,q4_4_autres,Agent_34,SPORT ET VISITE AMICALE
5,3,4,4,4,llama3.1:8b,data_pmus_yaounde,q5_1,Agent_34,ENTRE 18 ET 25 ANS
5,3,3,4,4,llama3.1:8b,data_pmus_yaounde,q5_2,Agent_34,ENTRE 30 001 ET 100 000
5,4,4,4,4,llama3.1:8b,data_pmus_yaounde,q5_3,Agent_34,FEMME
4,4,3,4,3,llama3.1:8b,data_pmus_yaounde,centre ville,Agent_35,YAOUNDE
5,4,4,4,4,llama3.1:8b,data_pmus_yaounde,q1_1,Agent_35,UN QUARTIER DE LA VILLE DE YAOUNDE
4,4,4,4,4,llama3.1:8b,data_pmus_yaounde,q1_1_a,Agent_35,MBANKOLO
4,4,3,4,3,llama3.1:8b,data_pmus_yaounde,q1_1_b,Agent_35,MBANKOLO
4,4,3,4,3,llama3.1:8b,data_pmus_yaounde,q1_1_c,Agent_35,AFANOYA
5,4,4,4,4,llama3.1:8b,data_pmus_yaounde,q1_2,Agent_35,UN QUARTIER DE LA VILLE DE YAOUNDE
4,4,4,4,4,llama3.1:8b,data_pmus_yaounde,q1_2_a,Agent_35,OBAM
4,4,3,4,3,llama3.1:8b,data_pmus_yaounde,q1_2_b,Agent_35,OBAM
4,4,3,4,3,llama3.1:8b,data_pmus_yaounde,q1_3_c,Agent_35,YAOUNDE
4,3,4,4,3,llama3.1:8b,data_pmus_yaounde,q2_1,Agent_35,PAR BUS STACY
4,4,3,4,3,llama3.1:8b,data_pmus_yaounde,q2_2_1,Agent_35,2 CHEVEAU
4,4,3,4,3,llama3.1:8b,data_pmus_yaounde,q2_2_2,Agent_35,OBAM
4,4,3,4,3,llama3.1:8b,data_pmus_yaounde,q2_3_1,Agent_35,0LESOA
4,4,3,4,3,llama3.1:8b,data_pmus_yaounde,q2_3_2,Agent_35,TERMI N US
5,4,4,4,4,llama3.1:8b,data_pmus_yaounde,q2_3,Agent_35,NON
4,4,3,4,3,llama3.1:8b,data_pmus_yaounde,q2_4,Agent_35,PAR BUS STACY
4,4,3,4,3,llama3.1:8b,data_pmus_yaounde,q2_5_1,Agent_35,OBAM
4,4,3,4,3,llama3.1:8b,data_pmus_yaounde,q2_5_2,Agent_35,0MPHINE
4,4,3,4,3,llama3.1:8b,data_pmus_yaounde,q2_6_1,Agent_35,ABATTOIR
4,4,3,4,3,llama3.1:8b,data_pmus_yaounde,q2_6_2,Agent_35,CARREFOUR
4,4,3,4,4,llama3.1:8b,data_pmus_yaounde,q3_1,Agent_35,NON
4,3,4,4,3,llama3.1:8b,data_pmus_yaounde,q3_2,Agent_35,PAR BUS STACY
4,4,4,4,4,llama3.1:8b,data_pmus_yaounde,q3_3_1,Agent_35,ACACIA
4,4,3,4,3,llama3.1:8b,data_pmus_yaounde,q3_3_2,Agent_35,CARREFOUR
5,4,2,5,2,llama3.1:8b,data_pmus_yaounde,q4_1_a,Agent_35,Veuillez indiquer depuis combien de temps vous attendez.
4,3,4,4,4,llama3.1:8b,data_pmus_yaounde,q4_1_b,Agent_35,10 20 MINUTES
5,4,2,5,2,llama3.1:8b,data_pmus_yaounde,q4_2_a,Agent_35,Veuillez indiquer depuis combien de temps vous attendez.
4,4,4,4,4,llama3.1:8b,data_pmus_yaounde,q4_2_b,Agent_35,15 30 MIN
4,4,4,4,4,llama3.1:8b,data_pmus_yaounde,q4_3,Agent_35,550
4,3,4,4,4,llama3.1:8b,data_pmus_yaounde,q4_4,Agent_35,TRAVAIL
3,3,4,4,3,llama3.1:8b,data_pmus_yaounde,q4_4_autres,Agent_35,ASSISTANCE
5,3,4,4,4,llama3.1:8b,data_pmus_yaounde,q5_1,Agent_35,ENTRE 18 ET 25 ANS
5,3,3,4,4,llama3.1:8b,data_pmus_yaounde,q5_2,Agent_35,ENTRE 30 001 ET 100 000
5,4,4,4,4,llama3.1:8b,data_pmus_yaounde,q5_3,Agent_35,FEMME
4,4,3,4,3,llama3.1:8b,data_pmus_yaounde,centre ville,Agent_36,YAOUNDE
5,4,4,4,4,llama3.1:8b,data_pmus_yaounde,q1_1,Agent_36,UN QUARTIER DE LA VILLE DE YAOUNDE
4,4,4,4,4,llama3.1:8b,data_pmus_yaounde,q1_1_a,Agent_36,MVOLYE
4,4,3,4,3,llama3.1:8b,data_pmus_yaounde,q1_1_b,Agent_36,BASSELIQUE
4,4,3,4,3,llama3.1:8b,data_pmus_yaounde,q1_1_c,Agent_36,AFANOYA
5,4,4,4,4,llama3.1:8b,data_pmus_yaounde,q1_2,Agent_36,UN QUARTIER DE LA VILLE DE YAOUNDE
4,4,4,4,4,llama3.1:8b,data_pmus_yaounde,q1_2_a,Agent_36,ABOM
4,4,3,4,3,llama3.1:8b,data_pmus_yaounde,q1_2_b,Agent_36,NGOUSDO
4,4,3,4,3,llama3.1:8b,data_pmus_yaounde,q1_3_c,Agent_36,DOUALA
4,3,4,4,3,llama3.1:8b,data_pmus_yaounde,q2_1,Agent_36,PAR BUS STACY
4,4,3,4,3,llama3.1:8b,data_pmus_yaounde,q2_2_1,Agent_36,NGOUSSO
4,4,3,4,3,llama3.1:8b,data_pmus_yaounde,q2_2_2,Agent_36,10 E ARRET
4,4,3,4,3,llama3.1:8b,data_pmus_yaounde,q2_3_1,Agent_36,0LESOA
4,4,3,4,3,llama3.1:8b,data_pmus_yaounde,q2_3_2,Agent_36,0NANA
5,4,4,4,4,llama3.1:8b,data_pmus_yaounde,q2_3,Agent_36,NON
4,4,3,4,3,llama3.1:8b,data_pmus_yaounde,q2_4,Agent_36,PAR BUS STACY
4,4,3,4,3,llama3.1:8b,data_pmus_yaounde,q2_5_1,Agent_36,NGOUSSO
4,4,3,4,3,llama3.1:8b,data_pmus_yaounde,q2_5_2,Agent_36,NGOUSSO
4,4,3,4,3,llama3.1:8b,data_pmus_yaounde,q2_6_1,Agent_36,MBOLYE
4,4,3,4,3,llama3.1:8b,data_pmus_yaounde,q2_6_2,Agent_36,11EME ARRET
4,4,3,4,4,llama3.1:8b,data_pmus_yaounde,q3_1,Agent_36,NON
4,3,4,4,3,llama3.1:8b,data_pmus_yaounde,q3_2,Agent_36,PAR BUS AGENCE INTERURBAIN
4,4,4,4,4,llama3.1:8b,data_pmus_yaounde,q3_3_1,Agent_36,SANTA BARBARA
4,4,3,4,3,llama3.1:8b,data_pmus_yaounde,q3_3_2,Agent_36,SANTA LUCIA
5,4,2,5,2,llama3.1:8b,data_pmus_yaounde,q4_1_a,Agent_36,Veuillez indiquer depuis combien de temps vous attendez.
4,3,4,4,4,llama3.1:8b,data_pmus_yaounde,q4_1_b,Agent_36,MOINS DE 5 MIN
5,4,2,5,2,llama3.1:8b,data_pmus_yaounde,q4_2_a,Agent_36,Veuillez indiquer depuis combien de temps vous attendez.
4,4,4,4,4,llama3.1:8b,data_pmus_yaounde,q4_2_b,Agent_36,15 30 MIN
4,4,4,4,4,llama3.1:8b,data_pmus_yaounde,q4_3,Agent_36,2000
4,3,4,4,4,llama3.1:8b,data_pmus_yaounde,q4_4,Agent_36,VISITE FAMILLE
3,3,4,4,3,llama3.1:8b,data_pmus_yaounde,q4_4_autres,Agent_36,REUNION FAMILIALE
5,3,4,4,4,llama3.1:8b,data_pmus_yaounde,q5_1,Agent_36,MOINS DE 18 ANS
5,3,3,4,4,llama3.1:8b,data_pmus_yaounde,q5_2,Agent_36,ENTRE 30 001 ET 100 000
5,4,4,4,4,llama3.1:8b,data_pmus_yaounde,q5_3,Agent_36,HOMME
4,4,3,4,3,llama3.1:8b,data_pmus_yaounde,centre ville,Agent_37,YAOUNDE
5,4,4,4,4,llama3.1:8b,data_pmus_yaounde,q1_1,Agent_37,UN QUARTIER DE LA VILLE DE YAOUNDE
4,4,4,4,4,llama3.1:8b,data_pmus_yaounde,q1_1_a,Agent_37,ABIT
4,4,3,4,3,llama3.1:8b,data_pmus_yaounde,q1_1_b,Agent_37,MARCHE
4,4,3,4,3,llama3.1:8b,data_pmus_yaounde,q1_1_c,Agent_37,AFANOYA
5,4,4,4,4,llama3.1:8b,data_pmus_yaounde,q1_2,Agent_37,UN QUARTIER DE LA VILLE DE YAOUNDE
4,4,4,4,4,llama3.1:8b,data_pmus_yaounde,q1_2_a,Agent_37,DRAGAGE
4,4,3,4,3,llama3.1:8b,data_pmus_yaounde,q1_2_b,Agent_37,DRAGAGE
4,4,3,4,3,llama3.1:8b,data_pmus_yaounde,q1_3_c,Agent_37,DOUALA
4,3,4,4,3,llama3.1:8b,data_pmus_yaounde,q2_1,Agent_37,PAR BUS STACY
4,4,3,4,3,llama3.1:8b,data_pmus_yaounde,q2_2_1,Agent_37,2 CHEVEAU
4,4,3,4,3,llama3.1:8b,data_pmus_yaounde,q2_2_2,Agent_37,10 E ARRET
4,4,3,4,3,llama3.1:8b,data_pmus_yaounde,q2_3_1,Agent_37,CARREFOUR
4,4,3,4,3,llama3.1:8b,data_pmus_yaounde,q2_3_2,Agent_37,CARREFOUR
5,4,4,4,4,llama3.1:8b,data_pmus_yaounde,q2_3,Agent_37,NON
4,4,3,4,3,llama3.1:8b,data_pmus_yaounde,q2_4,Agent_37,PAR BUS STACY
4,4,3,4,3,llama3.1:8b,data_pmus_yaounde,q2_5_1,Agent_37,A B0NAS
4,4,3,4,3,llama3.1:8b,data_pmus_yaounde,q2_5_2,Agent_37,CARREFOUR
4,4,3,4,3,llama3.1:8b,data_pmus_yaounde,q2_6_1,Agent_37,CARREFOUR
4,4,3,4,3,llama3.1:8b,data_pmus_yaounde,q2_6_2,Agent_37,CARREFOUR
4,4,3,4,4,llama3.1:8b,data_pmus_yaounde,q3_1,Agent_37,NON
4,3,4,4,3,llama3.1:8b,data_pmus_yaounde,q3_2,Agent_37,PAR BUS STACY
4,4,4,4,4,llama3.1:8b,data_pmus_yaounde,q3_3_1,Agent_37,DRAGAGE
4,4,3,4,3,llama3.1:8b,data_pmus_yaounde,q3_3_2,Agent_37,SANTA BARBARA
5,4,2,5,2,llama3.1:8b,data_pmus_yaounde,q4_1_a,Agent_37,Veuillez indiquer depuis combien de temps vous attendez.
4,3,4,4,4,llama3.1:8b,data_pmus_yaounde,q4_1_b,Agent_37,10 20 MINUTES
5,4,2,5,2,llama3.1:8b,data_pmus_yaounde,q4_2_a,Agent_37,Veuillez indiquer depuis combien de temps vous attendez.
4,4,4,4,4,llama3.1:8b,data_pmus_yaounde,q4_2_b,Agent_37,15 30 MIN
4,4,4,4,4,llama3.1:8b,data_pmus_yaounde,q4_3,Agent_37,2800
4,3,4,4,4,llama3.1:8b,data_pmus_yaounde,q4_4,Agent_37,TRAVAIL
3,3,4,4,3,llama3.1:8b,data_pmus_yaounde,q4_4_autres,Agent_37,ACHAT
5,3,4,4,4,llama3.1:8b,data_pmus_yaounde,q5_1,Agent_37,ENTRE 18 ET 25 ANS
5,3,3,4,4,llama3.1:8b,data_pmus_yaounde,q5_2,Agent_37,ENTRE 30 001 ET 100 000
5,4,4,4,4,llama3.1:8b,data_pmus_yaounde,q5_3,Agent_37,FEMME
4,4,3,4,3,llama3.1:8b,data_pmus_yaounde,centre ville,Agent_38,YAOUNDE
5,4,4,4,4,llama3.1:8b,data_pmus_yaounde,q1_1,Agent_38,UN QUARTIER DE LA VILLE DE YAOUNDE
4,4,4,4,4,llama3.1:8b,data_pmus_yaounde,q1_1_a,Agent_38,NKOL NDA
4,4,3,4,3,llama3.1:8b,data_pmus_yaounde,q1_1_b,Agent_38,NKOL NDA
4,4,3,4,3,llama3.1:8b,data_pmus_yaounde,q1_1_c,Agent_38,AFANOYA
5,4,4,4,4,llama3.1:8b,data_pmus_yaounde,q1_2,Agent_38,UN QUARTIER DE LA VILLE DE YAOUNDE
4,4,4,4,4,llama3.1:8b,data_pmus_yaounde,q1_2_a,Agent_38,OLYMPIQUE
4,4,3,4,3,llama3.1:8b,data_pmus_yaounde,q1_2_b,Agent_38,10 IEME ARRET
4,4,3,4,3,llama3.1:8b,data_pmus_yaounde,q1_3_c,Agent_38,NSANMELIMA
4,3,4,4,3,llama3.1:8b,data_pmus_yaounde,q2_1,Agent_38,A PIED
4,4,3,4,3,llama3.1:8b,data_pmus_yaounde,q2_2_1,Agent_38,2 CHEVEAU
4,4,3,4,3,llama3.1:8b,data_pmus_yaounde,q2_2_2,Agent_38,10 E ARRET
4,4,3,4,3,llama3.1:8b,data_pmus_yaounde,q2_3_1,Agent_38,CARREFOUR
4,4,3,4,3,llama3.1:8b,data_pmus_yaounde,q2_3_2,Agent_38,CARREFOUR
5,4,4,4,4,llama3.1:8b,data_pmus_yaounde,q2_3,Agent_38,NON
4,4,3,4,3,llama3.1:8b,data_pmus_yaounde,q2_4,Agent_38,PAR BUS STACY
4,4,3,4,3,llama3.1:8b,data_pmus_yaounde,q2_5_1,Agent_38,NGOUSSO
4,4,3,4,3,llama3.1:8b,data_pmus_yaounde,q2_5_2,Agent_38,NGOUSSO
4,4,3,4,3,llama3.1:8b,data_pmus_yaounde,q2_6_1,Agent_38,NGOUSSO
4,4,3,4,3,llama3.1:8b,data_pmus_yaounde,q2_6_2,Agent_38,11EME ARRET
4,4,3,4,4,llama3.1:8b,data_pmus_yaounde,q3_1,Agent_38,NON
4,3,4,4,3,llama3.1:8b,data_pmus_yaounde,q3_2,Agent_38,PAR BUS STACY
4,4,4,4,4,llama3.1:8b,data_pmus_yaounde,q3_3_1,Agent_38,NGOUSSO
4,4,3,4,3,llama3.1:8b,data_pmus_yaounde,q3_3_2,Agent_38,10 IEME ARRET
5,4,2,5,2,llama3.1:8b,data_pmus_yaounde,q4_1_a,Agent_38,Veuillez indiquer depuis combien de temps vous attendez.
4,3,4,4,4,llama3.1:8b,data_pmus_yaounde,q4_1_b,Agent_38,10 20 MINUTES
5,4,2,5,2,llama3.1:8b,data_pmus_yaounde,q4_2_a,Agent_38,Veuillez indiquer depuis combien de temps vous attendez.
4,4,4,4,4,llama3.1:8b,data_pmus_yaounde,q4_2_b,Agent_38,15 30 MIN
4,4,4,4,4,llama3.1:8b,data_pmus_yaounde,q4_3,Agent_38,400
4,3,4,4,4,llama3.1:8b,data_pmus_yaounde,q4_4,Agent_38,COURSES
3,3,4,4,3,llama3.1:8b,data_pmus_yaounde,q4_4_autres,Agent_38,COURS
5,3,4,4,4,llama3.1:8b,data_pmus_yaounde,q5_1,Agent_38,MOINS DE 18 ANS
5,3,3,4,4,llama3.1:8b,data_pmus_yaounde,q5_2,Agent_38,ENTRE 30 001 ET 100 000
5,4,4,4,4,llama3.1:8b,data_pmus_yaounde,q5_3,Agent_38,FEMME
4,4,3,4,3,llama3.1:8b,data_pmus_yaounde,centre ville,Agent_39,YAOUNDE
5,4,4,4,4,llama3.1:8b,data_pmus_yaounde,q1_1,Agent_39,UN QUARTIER DE LA VILLE DE YAOUNDE
4,4,4,4,4,llama3.1:8b,data_pmus_yaounde,q1_1_a,Agent_39,MENDONG
4,4,3,4,3,llama3.1:8b,data_pmus_yaounde,q1_1_b,Agent_39,MENDONG
4,4,3,4,3,llama3.1:8b,data_pmus_yaounde,q1_1_c,Agent_39,AFANOYA
5,4,4,4,4,llama3.1:8b,data_pmus_yaounde,q1_2,Agent_39,UN QUARTIER DE LA VILLE DE YAOUNDE
4,4,4,4,4,llama3.1:8b,data_pmus_yaounde,q1_2_a,Agent_39,COLLEGE FMI
4,4,3,4,3,llama3.1:8b,data_pmus_yaounde,q1_2_b,Agent_39,10 IEME ARRET
4,4,3,4,3,llama3.1:8b,data_pmus_yaounde,q1_3_c,Agent_39,YAOUNDE
4,3,4,4,3,llama3.1:8b,data_pmus_yaounde,q2_1,Agent_39,PAR BUS STACY
4,4,3,4,3,llama3.1:8b,data_pmus_yaounde,q2_2_1,Agent_39,ENTRER ECOLE
4,4,3,4,3,llama3.1:8b,data_pmus_yaounde,q2_2_2,Agent_39,ENTR ECOLE
4,4,3,4,3,llama3.1:8b,data_pmus_yaounde,q2_3_1,Agent_39,ENTRE LYCEE AH A LA
4,4,3,4,3,llama3.1:8b,data_pmus_yaounde,q2_3_2,Agent_39,ENTRE TERRE ROUGE
5,4,4,4,4,llama3.1:8b,data_pmus_yaounde,q2_3,Agent_39,NON
4,4,3,4,3,llama3.1:8b,data_pmus_yaounde,q2_4,Agent_39,PAR BUS STACY
4,4,3,4,3,llama3.1:8b,data_pmus_yaounde,q2_5_1,Agent_39,A B0NAS
4,4,3,4,3,llama3.1:8b,data_pmus_yaounde,q2_5_2,Agent_39,COLLEGE
4,4,3,4,3,llama3.1:8b,data_pmus_yaounde,q2_6_1,Agent_39,NKOLDOUE
4,4,3,4,3,llama3.1:8b,data_pmus_yaounde,q2_6_2,Agent_39,11EME ARRET
4,4,3,4,4,llama3.1:8b,data_pmus_yaounde,q3_1,Agent_39,NON
4,3,4,4,3,llama3.1:8b,data_pmus_yaounde,q3_2,Agent_39,PAR BUS STACY
4,4,4,4,4,llama3.1:8b,data_pmus_yaounde,q3_3_1,Agent_39,ACACIA
4,4,3,4,3,llama3.1:8b,data_pmus_yaounde,q3_3_2,Agent_39,ACACIA
5,4,2,5,2,llama3.1:8b,data_pmus_yaounde,q4_1_a,Agent_39,Veuillez indiquer depuis combien de temps vous attendez.
4,3,4,4,4,llama3.1:8b,data_pmus_yaounde,q4_1_b,Agent_39,MOINS DE 5 MIN
5,4,2,5,2,llama3.1:8b,data_pmus_yaounde,q4_2_a,Agent_39,Veuillez indiquer depuis combien de temps vous attendez.
4,4,4,4,4,llama3.1:8b,data_pmus_yaounde,q4_2_b,Agent_39,15 30 MIN
4,4,4,4,4,llama3.1:8b,data_pmus_yaounde,q4_3,Agent_39,1650
4,3,4,4,4,llama3.1:8b,data_pmus_yaounde,q4_4,Agent_39,TRAVAIL
3,3,4,4,3,llama3.1:8b,data_pmus_yaounde,q4_4_autres,Agent_39,ACHAT
5,3,4,4,4,llama3.1:8b,data_pmus_yaounde,q5_1,Agent_39,ENTRE 36 ET 45 ANS
5,3,3,4,4,llama3.1:8b,data_pmus_yaounde,q5_2,Agent_39,ENTRE 30 001 ET 100 000
5,4,4,4,4,llama3.1:8b,data_pmus_yaounde,q5_3,Agent_39,HOMME
4,4,3,4,3,llama3.1:8b,data_pmus_yaounde,centre ville,Agent_40,YAOUNDE
5,4,4,4,4,llama3.1:8b,data_pmus_yaounde,q1_1,Agent_40,UN QUARTIER DE LA VILLE DE YAOUNDE
4,4,4,4,4,llama3.1:8b,data_pmus_yaounde,q1_1_a,Agent_40,MBANKOMO
4,4,3,4,3,llama3.1:8b,data_pmus_yaounde,q1_1_b,Agent_40,MBANKOMO
4,4,3,4,3,llama3.1:8b,data_pmus_yaounde,q1_1_c,Agent_40,AFANOYA
5,4,4,4,4,llama3.1:8b,data_pmus_yaounde,q1_2,Agent_40,UN QUARTIER DE LA VILLE DE YAOUNDE
4,4,4,4,4,llama3.1:8b,data_pmus_yaounde,q1_2_a,Agent_40,MBANKOLO
4,4,3,4,3,llama3.1:8b,data_pmus_yaounde,q1_2_b,Agent_40,MBANKOLO
4,4,3,4,3,llama3.1:8b,data_pmus_yaounde,q1_3_c,Agent_40,YAOUNDE
4,3,4,4,3,llama3.1:8b,data_pmus_yaounde,q2_1,Agent_40,PAR BUS AGENCE INTERURBAIN
4,4,3,4,3,llama3.1:8b,data_pmus_yaounde,q2_2_1,Agent_40,NLOGNKAK
4,4,3,4,3,llama3.1:8b,data_pmus_yaounde,q2_2_2,Agent_40,10 E ARRET
4,4,3,4,3,llama3.1:8b,data_pmus_yaounde,q2_3_1,Agent_40,MBANKOLO
4,4,3,4,3,llama3.1:8b,data_pmus_yaounde,q2_3_2,Agent_40,MBANKOLO
5,4,4,4,4,llama3.1:8b,data_pmus_yaounde,q2_3,Agent_40,OUI
4,4,3,4,3,llama3.1:8b,data_pmus_yaounde,q2_4,Agent_40,PAR BUS AGENCE INTERURBAIN
4,4,3,4,3,llama3.1:8b,data_pmus_yaounde,q2_5_1,Agent_40,MBANKOLO
4,4,3,4,3,llama3.1:8b,data_pmus_yaounde,q2_5_2,Agent_40,MBANKOLO
4,4,3,4,3,llama3.1:8b,data_pmus_yaounde,q2_6_1,Agent_40,MBANKOLO
4,4,3,4,3,llama3.1:8b,data_pmus_yaounde,q2_6_2,Agent_40,11EME ARRET
4,4,3,4,4,llama3.1:8b,data_pmus_yaounde,q3_1,Agent_40,OUI
4,3,4,4,3,llama3.1:8b,data_pmus_yaounde,q3_2,Agent_40,PAR BUS AGENCE INTERURBAIN
4,4,4,4,4,llama3.1:8b,data_pmus_yaounde,q3_3_1,Agent_40,MBANKOLO
4,4,3,4,3,llama3.1:8b,data_pmus_yaounde,q3_3_2,Agent_40,10 IEME ARRET
5,4,2,5,2,llama3.1:8b,data_pmus_yaounde,q4_1_a,Agent_40,Veuillez indiquer depuis combien de temps vous attendez.
4,3,4,4,4,llama3.1:8b,data_pmus_yaounde,q4_1_b,Agent_40,10 20 MINUTES
5,4,2,5,2,llama3.1:8b,data_pmus_yaounde,q4_2_a,Agent_40,Veuillez indiquer depuis combien de temps vous attendez.
4,4,4,4,4,llama3.1:8b,data_pmus_yaounde,q4_2_b,Agent_40,15 30 MIN
4,4,4,4,4,llama3.1:8b,data_pmus_yaounde,q4_3,Agent_40,2000
4,3,4,4,4,llama3.1:8b,data_pmus_yaounde,q4_4,Agent_40,TRAVAIL
3,3,4,4,3,llama3.1:8b,data_pmus_yaounde,q4_4_autres,Agent_40,ACHAT
5,3,4,4,4,llama3.1:8b,data_pmus_yaounde,q5_1,Agent_40,ENTRE 55ANS ET 64 ANS
5,3,3,4,4,llama3.1:8b,data_pmus_yaounde,q5_2,Agent_40,ENTRE 30 001 ET 100 000
5,4,4,4,4,llama3.1:8b,data_pmus_yaounde,q5_3,Agent_40,HOMME
4,4,3,4,3,llama3.1:8b,data_pmus_yaounde,centre ville,Agent_41,YAOUNDE
5,4,4,4,4,llama3.1:8b,data_pmus_yaounde,q1_1,Agent_41,UN QUARTIER DE LA VILLE DE YAOUNDE
4,4,4,4,4,llama3.1:8b,data_pmus_yaounde,q1_1_a,Agent_41,ABIT
4,4,3,4,3,llama3.1:8b,data_pmus_yaounde,q1_1_b,Agent_41,10EME ARRET
4,4,3,4,3,llama3.1:8b,data_pmus_yaounde,q1_1_c,Agent_41,AFANOYA
5,4,4,4,4,llama3.1:8b,data_pmus_yaounde,q1_2,Agent_41,UN QUARTIER DE LA VILLE DE YAOUNDE
4,4,4,4,4,llama3.1:8b,data_pmus_yaounde,q1_2_a,Agent_41,ABOM
4,4,3,4,3,llama3.1:8b,data_pmus_yaounde,q1_2_b,Agent_41,CARREFOUR
4,4,3,4,3,llama3.1:8b,data_pmus_yaounde,q1_3_c,Agent_41,DOUALA
4,3,4,4,3,llama3.1:8b,data_pmus_yaounde,q2_1,Agent_41,PAR BUS STACY
4,4,3,4,3,llama3.1:8b,data_pmus_yaounde,q2_2_1,Agent_41,MVOG BET
4,4,3,4,3,llama3.1:8b,data_pmus_yaounde,q2_2_2,Agent_41,10 E ARRET
4,4,3,4,3,llama3.1:8b,data_pmus_yaounde,q2_3_1,Agent_41,CARREFOURE MEC
4,4,3,4,3,llama3.1:8b,data_pmus_yaounde,q2_3_2,Agent_41,MVAN AGENCE
5,4,4,4,4,llama3.1:8b,data_pmus_yaounde,q2_3,Agent_41,NON
4,4,3,4,3,llama3.1:8b,data_pmus_yaounde,q2_4,Agent_41,PAR TAXI
4,4,3,4,3,llama3.1:8b,data_pmus_yaounde,q2_5_1,Agent_41,A B0NAS
4,4,3,4,3,llama3.1:8b,data_pmus_yaounde,q2_5_2,Agent_41,0MPHINE
4,4,3,4,3,llama3.1:8b,data_pmus_yaounde,q2_6_1,Agent_41,CARREFOUR
4,4,3,4,3,llama3.1:8b,data_pmus_yaounde,q2_6_2,Agent_41,CARREFOUR
4,4,3,4,4,llama3.1:8b,data_pmus_yaounde,q3_1,Agent_41,NON
4,3,4,4,3,llama3.1:8b,data_pmus_yaounde,q3_2,Agent_41,PAR BUS AGENCE INTERURBAIN
4,4,4,4,4,llama3.1:8b,data_pmus_yaounde,q3_3_1,Agent_41,ACACIA
4,4,3,4,3,llama3.1:8b,data_pmus_yaounde,q3_3_2,Agent_41,CARREFOUR
5,4,2,5,2,llama3.1:8b,data_pmus_yaounde,q4_1_a,Agent_41,Veuillez indiquer depuis combien de temps vous attendez.
4,3,4,4,4,llama3.1:8b,data_pmus_yaounde,q4_1_b,Agent_41,10 20 MINUTES
5,4,2,5,2,llama3.1:8b,data_pmus_yaounde,q4_2_a,Agent_41,Veuillez indiquer depuis combien de temps vous attendez.
4,4,4,4,4,llama3.1:8b,data_pmus_yaounde,q4_2_b,Agent_41,30 60 MIN
4,4,4,4,4,llama3.1:8b,data_pmus_yaounde,q4_3,Agent_41,4500
4,3,4,4,4,llama3.1:8b,data_pmus_yaounde,q4_4,Agent_41,SPORTIVES
3,3,4,4,3,llama3.1:8b,data_pmus_yaounde,q4_4_autres,Agent_41,SPORT ET VISITE AMICALE
5,3,4,4,4,llama3.1:8b,data_pmus_yaounde,q5_1,Agent_41,ENTRE 36 ET 45 ANS
5,3,3,4,4,llama3.1:8b,data_pmus_yaounde,q5_2,Agent_41,ENTRE 30 001 ET 100 000
5,4,4,4,4,llama3.1:8b,data_pmus_yaounde,q5_3,Agent_41,HOMME
4,4,3,4,3,llama3.1:8b,data_pmus_yaounde,centre ville,Agent_42,YAOUNDE
5,4,4,4,4,llama3.1:8b,data_pmus_yaounde,q1_1,Agent_42,UN QUARTIER DE LA VILLE DE YAOUNDE
4,4,4,4,4,llama3.1:8b,data_pmus_yaounde,q1_1_a,Agent_42,TSINGA
4,4,3,4,3,llama3.1:8b,data_pmus_yaounde,q1_1_b,Agent_42,ENTREE CAMPS
4,4,3,4,3,llama3.1:8b,data_pmus_yaounde,q1_1_c,Agent_42,AFANOYA
5,4,4,4,4,llama3.1:8b,data_pmus_yaounde,q1_2,Agent_42,UN QUARTIER DE LA VILLE DE YAOUNDE
4,4,4,4,4,llama3.1:8b,data_pmus_yaounde,q1_2_a,Agent_42,TSINGA
4,4,3,4,3,llama3.1:8b,data_pmus_yaounde,q1_2_b,Agent_42,TSINGA
4,4,3,4,3,llama3.1:8b,data_pmus_yaounde,q1_3_c,Agent_42,DOUALA
4,3,4,4,3,llama3.1:8b,data_pmus_yaounde,q2_1,Agent_42,PAR BUS STACY
4,4,3,4,3,llama3.1:8b,data_pmus_yaounde,q2_2_1,Agent_42,TSINGA
4,4,3,4,3,llama3.1:8b,data_pmus_yaounde,q2_2_2,Agent_42,MARCHECENTRAL
4,4,3,4,3,llama3.1:8b,data_pmus_yaounde,q2_3_1,Agent_42,TSINGA
4,4,3,4,3,llama3.1:8b,data_pmus_yaounde,q2_3_2,Agent_42,DEVANT CASINO
5,4,4,4,4,llama3.1:8b,data_pmus_yaounde,q2_3,Agent_42,NON
4,4,3,4,3,llama3.1:8b,data_pmus_yaounde,q2_4,Agent_42,PAR BUS STACY
4,4,3,4,3,llama3.1:8b,data_pmus_yaounde,q2_5_1,Agent_42,TSINGA
4,4,3,4,3,llama3.1:8b,data_pmus_yaounde,q2_5_2,Agent_42,0MPHINE
4,4,3,4,3,llama3.1:8b,data_pmus_yaounde,q2_6_1,Agent_42,TSINGA
4,4,3,4,3,llama3.1:8b,data_pmus_yaounde,q2_6_2,Agent_42,11EME ARRET
4,4,3,4,4,llama3.1:8b,data_pmus_yaounde,q3_1,Agent_42,NON
4,3,4,4,3,llama3.1:8b,data_pmus_yaounde,q3_2,Agent_42,PAR BUS STACY
4,4,4,4,4,llama3.1:8b,data_pmus_yaounde,q3_3_1,Agent_42,TONGOLO
4,4,3,4,3,llama3.1:8b,data_pmus_yaounde,q3_3_2,Agent_42,10 IEME ARRET
5,4,2,5,2,llama3.1:8b,data_pmus_yaounde,q4_1_a,Agent_42,Veuillez indiquer depuis combien de temps vous attendez.
4,3,4,4,4,llama3.1:8b,data_pmus_yaounde,q4_1_b,Agent_42,10 20 MINUTES
5,4,2,5,2,llama3.1:8b,data_pmus_yaounde,q4_2_a,Agent_42,Veuillez indiquer depuis combien de temps vous attendez.
4,4,4,4,4,llama3.1:8b,data_pmus_yaounde,q4_2_b,Agent_42,15 30 MIN
4,4,4,4,4,llama3.1:8b,data_pmus_yaounde,q4_3,Agent_42,2000
4,3,4,4,4,llama3.1:8b,data_pmus_yaounde,q4_4,Agent_42,TRAVAIL
3,3,4,4,3,llama3.1:8b,data_pmus_yaounde,q4_4_autres,Agent_42,FAIRE DU MARCHE
5,3,4,4,4,llama3.1:8b,data_pmus_yaounde,q5_1,Agent_42,ENTRE 55ANS ET 64 ANS
5,3,3,4,4,llama3.1:8b,data_pmus_yaounde,q5_2,Agent_42,ENTRE 30 001 ET 100 000
5,4,4,4,4,llama3.1:8b,data_pmus_yaounde,q5_3,Agent_42,HOMME
4,4,3,4,3,llama3.1:8b,data_pmus_yaounde,centre ville,Agent_43,YAOUNDE
5,4,4,4,4,llama3.1:8b,data_pmus_yaounde,q1_1,Agent_43,UN QUARTIER DE LA VILLE DE YAOUNDE
4,4,4,4,4,llama3.1:8b,data_pmus_yaounde,q1_1_a,Agent_43,ABIT
4,4,3,4,3,llama3.1:8b,data_pmus_yaounde,q1_1_b,Agent_43,GDNDAMERIE
4,4,3,4,3,llama3.1:8b,data_pmus_yaounde,q1_1_c,Agent_43,AFANOYA
5,4,4,4,4,llama3.1:8b,data_pmus_yaounde,q1_2,Agent_43,UN QUARTIER DE LA VILLE DE YAOUNDE
4,4,4,4,4,llama3.1:8b,data_pmus_yaounde,q1_2_a,Agent_43,OYOM ABANG
4,4,3,4,3,llama3.1:8b,data_pmus_yaounde,q1_2_b,Agent_43,10 IEME ARRET
4,4,3,4,3,llama3.1:8b,data_pmus_yaounde,q1_3_c,Agent_43,AFANOYA
4,3,4,4,3,llama3.1:8b,data_pmus_yaounde,q2_1,Agent_43,PAR BUS STACY
4,4,3,4,3,llama3.1:8b,data_pmus_yaounde,q2_2_1,Agent_43,2 CHEVEAU
4,4,3,4,3,llama3.1:8b,data_pmus_yaounde,q2_2_2,Agent_43,PERE MONTI
4,4,3,4,3,llama3.1:8b,data_pmus_yaounde,q2_3_1,Agent_43,0LESOA
4,4,3,4,3,llama3.1:8b,data_pmus_yaounde,q2_3_2,Agent_43,DEVANT LA GENDARMERIE
5,4,4,4,4,llama3.1:8b,data_pmus_yaounde,q2_3,Agent_43,NON
4,4,3,4,3,llama3.1:8b,data_pmus_yaounde,q2_4,Agent_43,PAR BUS STACY
4,4,3,4,3,llama3.1:8b,data_pmus_yaounde,q2_5_1,Agent_43,A B0NAS
4,4,3,4,3,llama3.1:8b,data_pmus_yaounde,q2_5_2,Agent_43,0MPHINE
4,4,3,4,3,llama3.1:8b,data_pmus_yaounde,q2_6_1,Agent_43,ABATTOIR
4,4,3,4,3,llama3.1:8b,data_pmus_yaounde,q2_6_2,Agent_43,CLINIQUE
4,4,3,4,4,llama3.1:8b,data_pmus_yaounde,q3_1,Agent_43,NON
4,3,4,4,3,llama3.1:8b,data_pmus_yaounde,q3_2,Agent_43,PAR BUS STACY
4,4,4,4,4,llama3.1:8b,data_pmus_yaounde,q3_3_1,Agent_43,CENTRE VILLE
4,4,3,4,3,llama3.1:8b,data_pmus_yaounde,q3_3_2,Agent_43,GADARMERIE
5,4,2,5,2,llama3.1:8b,data_pmus_yaounde,q4_1_a,Agent_43,Veuillez indiquer depuis combien de temps vous attendez.
4,3,4,4,4,llama3.1:8b,data_pmus_yaounde,q4_1_b,Agent_43,10 20 MINUTES
5,4,2,5,2,llama3.1:8b,data_pmus_yaounde,q4_2_a,Agent_43,Veuillez indiquer depuis combien de temps vous attendez.
4,4,4,4,4,llama3.1:8b,data_pmus_yaounde,q4_2_b,Agent_43,15 30 MIN
4,4,4,4,4,llama3.1:8b,data_pmus_yaounde,q4_3,Agent_43,100
4,3,4,4,4,llama3.1:8b,data_pmus_yaounde,q4_4,Agent_43,TRAVAIL
3,3,4,4,3,llama3.1:8b,data_pmus_yaounde,q4_4_autres,Agent_43,ACHAT
5,3,4,4,4,llama3.1:8b,data_pmus_yaounde,q5_1,Agent_43,ENTRE 36 ET 45 ANS
5,3,3,4,4,llama3.1:8b,data_pmus_yaounde,q5_2,Agent_43,ENTRE 30 001 ET 100 000
5,4,4,4,4,llama3.1:8b,data_pmus_yaounde,q5_3,Agent_43,FEMME
4,4,3,4,3,llama3.1:8b,data_pmus_yaounde,centre ville,Agent_44,YAOUNDE
5,4,4,4,4,llama3.1:8b,data_pmus_yaounde,q1_1,Agent_44,UN QUARTIER DE LA VILLE DE YAOUNDE
4,4,4,4,4,llama3.1:8b,data_pmus_yaounde,q1_1_a,Agent_44,NKOM KANA
4,4,3,4,3,llama3.1:8b,data_pmus_yaounde,q1_1_b,Agent_44,10EME ARRET
4,4,3,4,3,llama3.1:8b,data_pmus_yaounde,q1_1_c,Agent_44,AFANOYA
5,4,4,4,4,llama3.1:8b,data_pmus_yaounde,q1_2,Agent_44,UN QUARTIER DE LA VILLE DE YAOUNDE
4,4,4,4,4,llama3.1:8b,data_pmus_yaounde,q1_2_a,Agent_44,NKOM KANA
4,4,3,4,3,llama3.1:8b,data_pmus_yaounde,q1_2_b,Agent_44,NKOM KANA
4,4,3,4,3,llama3.1:8b,data_pmus_yaounde,q1_3_c,Agent_44,AFANOYA
4,3,4,4,3,llama3.1:8b,data_pmus_yaounde,q2_1,Agent_44,PAR BUS STACY
4,4,3,4,3,llama3.1:8b,data_pmus_yaounde,q2_2_1,Agent_44,NKOLZIE
4,4,3,4,3,llama3.1:8b,data_pmus_yaounde,q2_2_2,Agent_44,NKOM KANA
4,4,3,4,3,llama3.1:8b,data_pmus_yaounde,q2_3_1,Agent_44,NKOM KANA
4,4,3,4,3,llama3.1:8b,data_pmus_yaounde,q2_3_2,Agent_44,NKOM KANA
5,4,4,4,4,llama3.1:8b,data_pmus_yaounde,q2_3,Agent_44,NON
4,4,3,4,3,llama3.1:8b,data_pmus_yaounde,q2_4,Agent_44,PAR BUS STACY
4,4,3,4,3,llama3.1:8b,data_pmus_yaounde,q2_5_1,Agent_44,A B0NAS
4,4,3,4,3,llama3.1:8b,data_pmus_yaounde,q2_5_2,Agent_44,0MPHINE
4,4,3,4,3,llama3.1:8b,data_pmus_yaounde,q2_6_1,Agent_44,NKOM KANA
4,4,3,4,3,llama3.1:8b,data_pmus_yaounde,q2_6_2,Agent_44,11EME ARRET
4,4,3,4,4,llama3.1:8b,data_pmus_yaounde,q3_1,Agent_44,NON
4,3,4,4,3,llama3.1:8b,data_pmus_yaounde,q3_2,Agent_44,PAR BUS STACY
4,4,4,4,4,llama3.1:8b,data_pmus_yaounde,q3_3_1,Agent_44,NKOM KANA
4,4,3,4,3,llama3.1:8b,data_pmus_yaounde,q3_3_2,Agent_44,NKOM KANA
5,4,2,5,2,llama3.1:8b,data_pmus_yaounde,q4_1_a,Agent_44,Veuillez indiquer depuis combien de temps vous attendez.
4,3,4,4,4,llama3.1:8b,data_pmus_yaounde,q4_1_b,Agent_44,10 20 MINUTES
5,4,2,5,2,llama3.1:8b,data_pmus_yaounde,q4_2_a,Agent_44,Veuillez indiquer depuis combien de temps vous attendez.
4,4,4,4,4,llama3.1:8b,data_pmus_yaounde,q4_2_b,Agent_44,15 30 MIN
4,4,4,4,4,llama3.1:8b,data_pmus_yaounde,q4_3,Agent_44,3000
4,3,4,4,4,llama3.1:8b,data_pmus_yaounde,q4_4,Agent_44,COURSES
3,3,4,4,3,llama3.1:8b,data_pmus_yaounde,q4_4_autres,Agent_44,FAIRE DU MARCHE
5,3,4,4,4,llama3.1:8b,data_pmus_yaounde,q5_1,Agent_44,ENTRE 55ANS ET 64 ANS
5,3,3,4,4,llama3.1:8b,data_pmus_yaounde,q5_2,Agent_44,ENTRE 30 001 ET 100 000
5,4,4,4,4,llama3.1:8b,data_pmus_yaounde,q5_3,Agent_44,FEMME
4,4,3,4,3,llama3.1:8b,data_pmus_yaounde,centre ville,Agent_45,YAOUNDE
5,4,4,4,4,llama3.1:8b,data_pmus_yaounde,q1_1,Agent_45,UN QUARTIER DE LA VILLE DE YAOUNDE
4,4,4,4,4,llama3.1:8b,data_pmus_yaounde,q1_1_a,Agent_45,MBANKOLO
4,4,3,4,3,llama3.1:8b,data_pmus_yaounde,q1_1_b,Agent_45,OLEZOA
4,4,3,4,3,llama3.1:8b,data_pmus_yaounde,q1_1_c,Agent_45,AFANOYA
5,4,4,4,4,llama3.1:8b,data_pmus_yaounde,q1_2,Agent_45,UN QUARTIER DE LA VILLE DE YAOUNDE
4,4,4,4,4,llama3.1:8b,data_pmus_yaounde,q1_2_a,Agent_45,OLEZOA
4,4,3,4,3,llama3.1:8b,data_pmus_yaounde,q1_2_b,Agent_45,OLEZOA
4,4,3,4,3,llama3.1:8b,data_pmus_yaounde,q1_3_c,Agent_45,DOUALA
4,3,4,4,3,llama3.1:8b,data_pmus_yaounde,q2_1,Agent_45,PAR BUS STACY
4,4,3,4,3,llama3.1:8b,data_pmus_yaounde,q2_2_1,Agent_45,OLEZOA
4,4,3,4,3,llama3.1:8b,data_pmus_yaounde,q2_2_2,Agent_45,OLEZOA
4,4,3,4,3,llama3.1:8b,data_pmus_yaounde,q2_3_1,Agent_45,OLEZOA
4,4,3,4,3,llama3.1:8b,data_pmus_yaounde,q2_3_2,Agent_45,0NANA
5,4,4,4,4,llama3.1:8b,data_pmus_yaounde,q2_3,Agent_45,NON
4,4,3,4,3,llama3.1:8b,data_pmus_yaounde,q2_4,Agent_45,PAR BUS STACY
4,4,3,4,3,llama3.1:8b,data_pmus_yaounde,q2_5_1,Agent_45,OLEZOA
4,4,3,4,3,llama3.1:8b,data_pmus_yaounde,q2_5_2,Agent_45,0MPHINE
4,4,3,4,3,llama3.1:8b,data_pmus_yaounde,q2_6_1,Agent_45,OLEZOA
4,4,3,4,3,llama3.1:8b,data_pmus_yaounde,q2_6_2,Agent_45,11EME ARRET
4,4,3,4,4,llama3.1:8b,data_pmus_yaounde,q3_1,Agent_45,OUI
4,3,4,4,3,llama3.1:8b,data_pmus_yaounde,q3_2,Agent_45,PAR BUS STACY
4,4,4,4,4,llama3.1:8b,data_pmus_yaounde,q3_3_1,Agent_45,OLEZOA
4,4,3,4,3,llama3.1:8b,data_pmus_yaounde,q3_3_2,Agent_45,10 IEME ARRET
5,4,2,5,2,llama3.1:8b,data_pmus_yaounde,q4_1_a,Agent_45,Veuillez indiquer depuis combien de temps vous attendez.
4,3,4,4,4,llama3.1:8b,data_pmus_yaounde,q4_1_b,Agent_45,10 20 MINUTES
5,4,2,5,2,llama3.1:8b,data_pmus_yaounde,q4_2_a,Agent_45,Veuillez indiquer depuis combien de temps vous attendez.
4,4,4,4,4,llama3.1:8b,data_pmus_yaounde,q4_2_b,Agent_45,15 30 MIN
4,4,4,4,4,llama3.1:8b,data_pmus_yaounde,q4_3,Agent_45,450
4,3,4,4,4,llama3.1:8b,data_pmus_yaounde,q4_4,Agent_45,TRAVAIL
3,3,4,4,3,llama3.1:8b,data_pmus_yaounde,q4_4_autres,Agent_45,ACHAT
5,3,4,4,4,llama3.1:8b,data_pmus_yaounde,q5_1,Agent_45,ENTRE 26 ET 35 ANS
5,3,3,4,4,llama3.1:8b,data_pmus_yaounde,q5_2,Agent_45,ENTRE 30 001 ET 100 000
5,4,4,4,4,llama3.1:8b,data_pmus_yaounde,q5_3,Agent_45,HOMME
4,4,3,4,3,llama3.1:8b,data_pmus_yaounde,centre ville,Agent_46,YAOUNDE
5,4,4,4,4,llama3.1:8b,data_pmus_yaounde,q1_1,Agent_46,UN QUARTIER DE LA VILLE DE YAOUNDE
4,4,4,4,4,llama3.1:8b,data_pmus_yaounde,q1_1_a,Agent_46,MBANKOMO
4,4,3,4,3,llama3.1:8b,data_pmus_yaounde,q1_1_b,Agent_46,CARREFOUT ITEK
4,4,3,4,3,llama3.1:8b,data_pmus_yaounde,q1_1_c,Agent_46,AFANOYA
5,4,4,4,4,llama3.1:8b,data_pmus_yaounde,q1_2,Agent_46,UN QUARTIER DE LA VILLE DE YAOUNDE
4,4,4,4,4,llama3.1:8b,data_pmus_yaounde,q1_2_a,Agent_46,MBANKOMO
4,4,3,4,3,llama3.1:8b,data_pmus_yaounde,q1_2_b,Agent_46,10 IEME ARRET
4,4,3,4,3,llama3.1:8b,data_pmus_yaounde,q1_3_c,Agent_46,MBANKOLO
4,3,4,4,3,llama3.1:8b,data_pmus_yaounde,q2_1,Agent_46,PAR BUS STACY
4,4,3,4,3,llama3.1:8b,data_pmus_yaounde,q2_2_1,Agent_46,MBANKOMO
4,4,3,4,3,llama3.1:8b,data_pmus_yaounde,q2_2_2,Agent_46,MBANKOMO
4,4,3,4,3,llama3.1:8b,data_pmus_yaounde,q2_3_1,Agent_46,CARREFOUR
4,4,3,4,3,llama3.1:8b,data_pmus_yaounde,q2_3_2,Agent_46,CARREFOUR
5,4,4,4,4,llama3.1:8b,data_pmus_yaounde,q2_3,Agent_46,NON
4,4,3,4,3,llama3.1:8b,data_pmus_yaounde,q2_4,Agent_46,PAR BUS STACY
4,4,3,4,3,llama3.1:8b,data_pmus_yaounde,q2_5_1,Agent_46,MBANKOMO
4,4,3,4,3,llama3.1:8b,data_pmus_yaounde,q2_5_2,Agent_46,MBANKOLO
4,4,3,4,3,llama3.1:8b,data_pmus_yaounde,q2_6_1,Agent_46,MBANKOLO
4,4,3,4,3,llama3.1:8b,data_pmus_yaounde,q2_6_2,Agent_46,CARREFOUR
4,4,3,4,4,llama3.1:8b,data_pmus_yaounde,q3_1,Agent_46,NON
4,3,4,4,3,llama3.1:8b,data_pmus_yaounde,q3_2,Agent_46,PAR BUS STACY
4,4,4,4,4,llama3.1:8b,data_pmus_yaounde,q3_3_1,Agent_46,MBANKOLO
4,4,3,4,3,llama3.1:8b,data_pmus_yaounde,q3_3_2,Agent_46,CARREFOUR
5,4,2,5,2,llama3.1:8b,data_pmus_yaounde,q4_1_a,Agent_46,Veuillez indiquer depuis combien de temps vous attendez.
4,3,4,4,4,llama3.1:8b,data_pmus_yaounde,q4_1_b,Agent_46,10 20 MINUTES
5,4,2,5,2,llama3.1:8b,data_pmus_yaounde,q4_2_a,Agent_46,Veuillez indiquer depuis combien de temps vous attendez.
4,4,4,4,4,llama3.1:8b,data_pmus_yaounde,q4_2_b,Agent_46,15 30 MIN
4,4,4,4,4,llama3.1:8b,data_pmus_yaounde,q4_3,Agent_46,600
4,3,4,4,4,llama3.1:8b,data_pmus_yaounde,q4_4,Agent_46,VISITE FAMILLE
3,3,4,4,3,llama3.1:8b,data_pmus_yaounde,q4_4_autres,Agent_46,ACHAT
5,3,4,4,4,llama3.1:8b,data_pmus_yaounde,q5_1,Agent_46,ENTRE 18 ET 25 ANS
5,3,3,4,4,llama3.1:8b,data_pmus_yaounde,q5_2,Agent_46,ENTRE 30 001 ET 100 000
5,4,4,4,4,llama3.1:8b,data_pmus_yaounde,q5_3,Agent_46,HOMME
4,4,3,4,3,llama3.1:8b,data_pmus_yaounde,centre ville,Agent_47,YAOUNDE
5,4,4,4,4,llama3.1:8b,data_pmus_yaounde,q1_1,Agent_47,UN QUARTIER DE LA VILLE DE YAOUNDE
4,4,4,4,4,llama3.1:8b,data_pmus_yaounde,q1_1_a,Agent_47,JOUVENCE
4,4,3,4,3,llama3.1:8b,data_pmus_yaounde,q1_1_b,Agent_47,A LA MONTE
4,4,3,4,3,llama3.1:8b,data_pmus_yaounde,q1_1_c,Agent_47,AFANOYA
5,4,4,4,4,llama3.1:8b,data_pmus_yaounde,q1_2,Agent_47,UN QUARTIER DE LA VILLE DE YAOUNDE
4,4,4,4,4,llama3.1:8b,data_pmus_yaounde,q1_2_a,Agent_47,JOUVENCE
4,4,3,4,3,llama3.1:8b,data_pmus_yaounde,q1_2_b,Agent_47,A LA MONTE
4,4,3,4,3,llama3.1:8b,data_pmus_yaounde,q1_3_c,Agent_47,AFANOYA
4,3,4,4,3,llama3.1:8b,data_pmus_yaounde,q2_1,Agent_47,PAR BUS STACY
4,4,3,4,3,llama3.1:8b,data_pmus_yaounde,q2_2_1,Agent_47,DEVANT MAHIMA
4,4,3,4,3,llama3.1:8b,data_pmus_yaounde,q2_2_2,Agent_47,DEVANTBLYCEE
4,4,3,4,3,llama3.1:8b,data_pmus_yaounde,q2_3_1,Agent_47,0LESOA
4,4,3,4,3,llama3.1:8b,data_pmus_yaounde,q2_3_2,Agent_47,LA MONTEE
5,4,4,4,4,llama3.1:8b,data_pmus_yaounde,q2_3,Agent_47,NON
4,4,3,4,3,llama3.1:8b,data_pmus_yaounde,q2_4,Agent_47,PAR BUS STACY
4,4,3,4,3,llama3.1:8b,data_pmus_yaounde,q2_5_1,Agent_47,UNIVERSITE
4,4,3,4,3,llama3.1:8b,data_pmus_yaounde,q2_5_2,Agent_47,UNIVERSITE
4,4,3,4,3,llama3.1:8b,data_pmus_yaounde,q2_6_1,Agent_47,ABATTOIR
4,4,3,4,3,llama3.1:8b,data_pmus_yaounde,q2_6_2,Agent_47,GARE VOYAGEUR
4,4,3,4,4,llama3.1:8b,data_pmus_yaounde,q3_1,Agent_47,NON
4,3,4,4,3,llama3.1:8b,data_pmus_yaounde,q3_2,Agent_47,PAR BUS STACY
4,4,4,4,4,llama3.1:8b,data_pmus_yaounde,q3_3_1,Agent_47,JOUVENCE
4,4,3,4,3,llama3.1:8b,data_pmus_yaounde,q3_3_2,Agent_47,JOUVENCE
5,4,2,5,2,llama3.1:8b,data_pmus_yaounde,q4_1_a,Agent_47,Veuillez indiquer depuis combien de temps vous attendez.
4,3,4,4,4,llama3.1:8b,data_pmus_yaounde,q4_1_b,Agent_47,10 20 MINUTES
5,4,2,5,2,llama3.1:8b,data_pmus_yaounde,q4_2_a,Agent_47,Veuillez indiquer depuis combien de temps vous attendez.
4,4,4,4,4,llama3.1:8b,data_pmus_yaounde,q4_2_b,Agent_47,15 30 MIN
4,4,4,4,4,llama3.1:8b,data_pmus_yaounde,q4_3,Agent_47,800
4,3,4,4,4,llama3.1:8b,data_pmus_yaounde,q4_4,Agent_47,COURSES
3,3,4,4,3,llama3.1:8b,data_pmus_yaounde,q4_4_autres,Agent_47,FAIRE DES ACHATS
5,3,4,4,4,llama3.1:8b,data_pmus_yaounde,q5_1,Agent_47,ENTRE 18 ET 25 ANS
5,3,3,4,4,llama3.1:8b,data_pmus_yaounde,q5_2,Agent_47,ENTRE 30 001 ET 100 000
5,4,4,4,4,llama3.1:8b,data_pmus_yaounde,q5_3,Agent_47,HOMME
4,4,3,4,3,llama3.1:8b,data_pmus_yaounde,centre ville,Agent_48,YAOUNDE
5,4,4,4,4,llama3.1:8b,data_pmus_yaounde,q1_1,Agent_48,UN QUARTIER DE LA VILLE DE YAOUNDE
4,4,4,4,4,llama3.1:8b,data_pmus_yaounde,q1_1_a,Agent_48,AHALA
4,4,3,4,3,llama3.1:8b,data_pmus_yaounde,q1_1_b,Agent_48,BAMBIS AHALA
4,4,3,4,3,llama3.1:8b,data_pmus_yaounde,q1_1_c,Agent_48,AFANOYA
5,4,4,4,4,llama3.1:8b,data_pmus_yaounde,q1_2,Agent_48,UN QUARTIER DE LA VILLE DE YAOUNDE
4,4,4,4,4,llama3.1:8b,data_pmus_yaounde,q1_2_a,Agent_48,AHALA
4,4,3,4,3,llama3.1:8b,data_pmus_yaounde,q1_2_b,Agent_48,10 IEME ARRET
4,4,3,4,3,llama3.1:8b,data_pmus_yaounde,q1_3_c,Agent_48,YAOUNDE
4,3,4,4,3,llama3.1:8b,data_pmus_yaounde,q2_1,Agent_48,PAR BUS STACY
4,4,3,4,3,llama3.1:8b,data_pmus_yaounde,q2_2_1,Agent_48,BAFOUSSAM
4,4,3,4,3,llama3.1:8b,data_pmus_yaounde,q2_2_2,Agent_48,ETOA
4,4,3,4,3,llama3.1:8b,data_pmus_yaounde,q2_3_1,Agent_48,0LESOA
4,4,3,4,3,llama3.1:8b,data_pmus_yaounde,q2_3_2,Agent_48,TERMINUS
5,4,4,4,4,llama3.1:8b,data_pmus_yaounde,q2_3,Agent_48,NON
4,4,3,4,3,llama3.1:8b,data_pmus_yaounde,q2_4,Agent_48,PAR BUS AGENCE INTERURBAIN
4,4,3,4,3,llama3.1:8b,data_pmus_yaounde,q2_5_1,Agent_48,A B0NAS
4,4,3,4,3,llama3.1:8b,data_pmus_yaounde,q2_5_2,Agent_48,AUBERGE
4,4,3,4,3,llama3.1:8b,data_pmus_yaounde,q2_6_1,Agent_48,ABATTOIR
4,4,3,4,3,llama3.1:8b,data_pmus_yaounde,q2_6_2,Agent_48,GARE VOYAGEUR
4,4,3,4,4,llama3.1:8b,data_pmus_yaounde,q3_1,Agent_48,NON
4,3,4,4,3,llama3.1:8b,data_pmus_yaounde,q3_2,Agent_48,PAR BUS AGENCE INTERURBAIN
4,4,4,4,4,llama3.1:8b,data_pmus_yaounde,q3_3_1,Agent_48,ACACIA
4,4,3,4,3,llama3.1:8b,data_pmus_yaounde,q3_3_2,Agent_48,ACACIA
5,4,2,5,2,llama3.1:8b,data_pmus_yaounde,q4_1_a,Agent_48,Veuillez indiquer depuis combien de temps vous attendez.
4,3,4,4,4,llama3.1:8b,data_pmus_yaounde,q4_1_b,Agent_48,MOINS DE 5 MIN
5,4,2,5,2,llama3.1:8b,data_pmus_yaounde,q4_2_a,Agent_48,Veuillez indiquer depuis combien de temps vous attendez.
4,4,4,4,4,llama3.1:8b,data_pmus_yaounde,q4_2_b,Agent_48,15 30 MIN
4,4,4,4,4,llama3.1:8b,data_pmus_yaounde,q4_3,Agent_48,1200
4,3,4,4,4,llama3.1:8b,data_pmus_yaounde,q4_4,Agent_48,VISITE FAMILLE
3,3,4,4,3,llama3.1:8b,data_pmus_yaounde,q4_4_autres,Agent_48,ACHAT
5,3,4,4,4,llama3.1:8b,data_pmus_yaounde,q5_1,Agent_48,MOINS DE 18 ANS
5,3,3,4,4,llama3.1:8b,data_pmus_yaounde,q5_2,Agent_48,ENTRE 30 001 ET 100 000
5,4,4,4,4,llama3.1:8b,data_pmus_yaounde,q5_3,Agent_48,FEMME
4,4,3,4,3,llama3.1:8b,data_pmus_yaounde,centre ville,Agent_49,YAOUNDE
5,4,4,4,4,llama3.1:8b,data_pmus_yaounde,q1_1,Agent_49,UN QUARTIER DE LA VILLE DE YAOUNDE
4,4,4,4,4,llama3.1:8b,data_pmus_yaounde,q1_1_a,Agent_49,MVOG ADA
4,4,3,4,3,llama3.1:8b,data_pmus_yaounde,q1_1_b,Agent_49,DERRIERE LA PHARACIE
4,4,3,4,3,llama3.1:8b,data_pmus_yaounde,q1_1_c,Agent_49,AFANOYA
5,4,4,4,4,llama3.1:8b,data_pmus_yaounde,q1_2,Agent_49,UN QUARTIER DE LA VILLE DE YAOUNDE
4,4,4,4,4,llama3.1:8b,data_pmus_yaounde,q1_2_a,Agent_49,ETOUG EBE
4,4,3,4,3,llama3.1:8b,data_pmus_yaounde,q1_2_b,Agent_49,ETOUG EBE
4,4,3,4,3,llama3.1:8b,data_pmus_yaounde,q1_3_c,Agent_49,YAOUNDE
4,3,4,4,3,llama3.1:8b,data_pmus_yaounde,q2_1,Agent_49,PAR BUS STACY
4,4,3,4,3,llama3.1:8b,data_pmus_yaounde,q2_2_1,Agent_49,MVOG ADA
4,4,3,4,3,llama3.1:8b,data_pmus_yaounde,q2_2_2,Agent_49,MONTEE COHETTE
4,4,3,4,3,llama3.1:8b,data_pmus_yaounde,q2_3_1,Agent_49,CENTRE ETOUH EBE
4,4,3,4,3,llama3.1:8b,data_pmus_yaounde,q2_3_2,Agent_49,0NANA
5,4,4,4,4,llama3.1:8b,data_pmus_yaounde,q2_3,Agent_49,NON
4,4,3,4,3,llama3.1:8b,data_pmus_yaounde,q2_4,Agent_49,PAR BUS STACY
4,4,3,4,3,llama3.1:8b,data_pmus_yaounde,q2_5_1,Agent_49,ETOUG EBE
4,4,3,4,3,llama3.1:8b,data_pmus_yaounde,q2_5_2,Agent_49,ETOUG EBE
4,4,3,4,3,llama3.1:8b,data_pmus_yaounde,q2_6_1,Agent_49,MVOG ADA
4,4,3,4,3,llama3.1:8b,data_pmus_yaounde,q2_6_2,Agent_49,11EME ARRET
4,4,3,4,4,llama3.1:8b,data_pmus_yaounde,q3_1,Agent_49,NON
4,3,4,4,3,llama3.1:8b,data_pmus_yaounde,q3_2,Agent_49,PAR BUS STACY
4,4,4,4,4,llama3.1:8b,data_pmus_yaounde,q3_3_1,Agent_49,MVOG ADA
4,4,3,4,3,llama3.1:8b,data_pmus_yaounde,q3_3_2,Agent_49,MVOG ADA
5,4,2,5,2,llama3.1:8b,data_pmus_yaounde,q4_1_a,Agent_49,Veuillez indiquer depuis combien de temps vous attendez.
4,3,4,4,4,llama3.1:8b,data_pmus_yaounde,q4_1_b,Agent_49,10 20 MINUTES
5,4,2,5,2,llama3.1:8b,data_pmus_yaounde,q4_2_a,Agent_49,Veuillez indiquer depuis combien de temps vous attendez.
4,4,4,4,4,llama3.1:8b,data_pmus_yaounde,q4_2_b,Agent_49,15 30 MIN
4,4,4,4,4,llama3.1:8b,data_pmus_yaounde,q4_3,Agent_49,6000
4,3,4,4,4,llama3.1:8b,data_pmus_yaounde,q4_4,Agent_49,VISITE FAMILLE
3,3,4,4,3,llama3.1:8b,data_pmus_yaounde,q4_4_autres,Agent_49,ACHAT
5,3,4,4,4,llama3.1:8b,data_pmus_yaounde,q5_1,Agent_49,ENTRE 18 ET 25 ANS
5,3,3,4,4,llama3.1:8b,data_pmus_yaounde,q5_2,Agent_49,ENTRE 30 001 ET 100 000
5,4,4,4,4,llama3.1:8b,data_pmus_yaounde,q5_3,Agent_49,FEMME
4,4,3,4,3,llama3.1:8b,data_pmus_yaounde,centre ville,Agent_50,YAOUNDE
5,4,4,4,4,llama3.1:8b,data_pmus_yaounde,q1_1,Agent_50,UN QUARTIER DE LA VILLE DE YAOUNDE
4,4,4,4,4,llama3.1:8b,data_pmus_yaounde,q1_1_a,Agent_50,MVAN
4,4,3,4,3,llama3.1:8b,data_pmus_yaounde,q1_1_b,Agent_50,MVAN
4,4,3,4,3,llama3.1:8b,data_pmus_yaounde,q1_1_c,Agent_50,AFANOYA
5,4,4,4,4,llama3.1:8b,data_pmus_yaounde,q1_2,Agent_50,UN QUARTIER DE LA VILLE DE YAOUNDE
4,4,4,4,4,llama3.1:8b,data_pmus_yaounde,q1_2_a,Agent_50,MVAN
4,4,3,4,3,llama3.1:8b,data_pmus_yaounde,q1_2_b,Agent_50,MVAN
4,4,3,4,3,llama3.1:8b,data_pmus_yaounde,q1_3_c,Agent_50,DOUALA
4,3,4,4,3,llama3.1:8b,data_pmus_yaounde,q2_1,Agent_50,PAR BUS STACY
4,4,3,4,3,llama3.1:8b,data_pmus_yaounde,q2_2_1,Agent_50,MAXIMVAN
4,4,3,4,3,llama3.1:8b,data_pmus_yaounde,q2_2_2,Agent_50,QUARTIER GENERAL
4,4,3,4,3,llama3.1:8b,data_pmus_yaounde,q2_3_1,Agent_50,MENDONG
4,4,3,4,3,llama3.1:8b,data_pmus_yaounde,q2_3_2,Agent_50,MENDONG
5,4,4,4,4,llama3.1:8b,data_pmus_yaounde,q2_3,Agent_50,NON
4,4,3,4,3,llama3.1:8b,data_pmus_yaounde,q2_4,Agent_50,PAR BUS STACY
4,4,3,4,3,llama3.1:8b,data_pmus_yaounde,q2_5_1,Agent_50,A B0NAS
4,4,3,4,3,llama3.1:8b,data_pmus_yaounde,q2_5_2,Agent_50,MENDONG
4,4,3,4,3,llama3.1:8b,data_pmus_yaounde,q2_6_1,Agent_50,MENDONG
4,4,3,4,3,llama3.1:8b,data_pmus_yaounde,q2_6_2,Agent_50,MENDONG
4,4,3,4,4,llama3.1:8b,data_pmus_yaounde,q3_1,Agent_50,NON
4,3,4,4,3,llama3.1:8b,data_pmus_yaounde,q3_2,Agent_50,PAR BUS STACY
4,4,4,4,4,llama3.1:8b,data_pmus_yaounde,q3_3_1,Agent_50,MENDONG
4,4,3,4,3,llama3.1:8b,data_pmus_yaounde,q3_3_2,Agent_50,MENDONG
5,4,2,5,2,llama3.1:8b,data_pmus_yaounde,q4_1_a,Agent_50,Veuillez indiquer depuis combien de temps vous attendez.
4,3,4,4,4,llama3.1:8b,data_pmus_yaounde,q4_1_b,Agent_50,MOINS DE 5 MIN
5,4,2,5,2,llama3.1:8b,data_pmus_yaounde,q4_2_a,Agent_50,Veuillez indiquer depuis combien de temps vous attendez.
4,4,4,4,4,llama3.1:8b,data_pmus_yaounde,q4_2_b,Agent_50,15 30 MIN
4,4,4,4,4,llama3.1:8b,data_pmus_yaounde,q4_3,Agent_50,1200
4,3,4,4,4,llama3.1:8b,data_pmus_yaounde,q4_4,Agent_50,SPORTIVES
3,3,4,4,3,llama3.1:8b,data_pmus_yaounde,q4_4_autres,Agent_50,SPORT ET VISITE AMICALE
5,3,4,4,4,llama3.1:8b,data_pmus_yaounde,q5_1,Agent_50,ENTRE 26 ET 35 ANS
5,3,3,4,4,llama3.1:8b,data_pmus_yaounde,q5_2,Agent_50,ENTRE 30 001 ET 100 000
5,4,4,4,4,llama3.1:8b,data_pmus_yaounde,q5_3,Agent_50,HOMME
4,4,3,4,3,llama3.1:8b,data_pmus_yaounde,centre ville,Agent_51,YAOUNDE
5,4,4,4,4,llama3.1:8b,data_pmus_yaounde,q1_1,Agent_51,UN QUARTIER DE LA VILLE DE YAOUNDE
4,4,4,4,4,llama3.1:8b,data_pmus_yaounde,q1_1_a,Agent_51,ETOUDI
4,4,3,4,3,llama3.1:8b,data_pmus_yaounde,q1_1_b,Agent_51,10EME ARRET
4,4,3,4,3,llama3.1:8b,data_pmus_yaounde,q1_1_c,Agent_51,AFANOYA
5,4,4,4,4,llama3.1:8b,data_pmus_yaounde,q1_2,Agent_51,UN QUARTIER DE LA VILLE DE YAOUNDE
4,4,4,4,4,llama3.1:8b,data_pmus_yaounde,q1_2_a,Agent_51,ETOUDI
4,4,3,4,3,llama3.1:8b,data_pmus_yaounde,q1_2_b,Agent_51,10 IEME ARRET
4,4,3,4,3,llama3.1:8b,data_pmus_yaounde,q1_3_c,Agent_51,DOUALA
4,3,4,4,3,llama3.1:8b,data_pmus_yaounde,q2_1,Agent_51,PAR BUS STACY
4,4,3,4,3,llama3.1:8b,data_pmus_yaounde,q2_2_1,Agent_51,2 CHEVEAU
4,4,3,4,3,llama3.1:8b,data_pmus_yaounde,q2_2_2,Agent_51,TONGOLO
4,4,3,4,3,llama3.1:8b,data_pmus_yaounde,q2_3_1,Agent_51,ETOUDI
4,4,3,4,3,llama3.1:8b,data_pmus_yaounde,q2_3_2,Agent_51,DEVANT SA PORTE
5,4,4,4,4,llama3.1:8b,data_pmus_yaounde,q2_3,Agent_51,NON
4,4,3,4,3,llama3.1:8b,data_pmus_yaounde,q2_4,Agent_51,PAR BUS STACY
4,4,3,4,3,llama3.1:8b,data_pmus_yaounde,q2_5_1,Agent_51,ETOUDI
4,4,3,4,3,llama3.1:8b,data_pmus_yaounde,q2_5_2,Agent_51,TERMINUS
4,4,3,4,3,llama3.1:8b,data_pmus_yaounde,q2_6_1,Agent_51,ABATTOIR
4,4,3,4,3,llama3.1:8b,data_pmus_yaounde,q2_6_2,Agent_51,11EME ARRET
4,4,3,4,4,llama3.1:8b,data_pmus_yaounde,q3_1,Agent_51,NON
4,3,4,4,3,llama3.1:8b,data_pmus_yaounde,q3_2,Agent_51,PAR BUS STACY
4,4,4,4,4,llama3.1:8b,data_pmus_yaounde,q3_3_1,Agent_51,ETOUDI
4,4,3,4,3,llama3.1:8b,data_pmus_yaounde,q3_3_2,Agent_51,10 IEME ARRET
5,4,2,5,2,llama3.1:8b,data_pmus_yaounde,q4_1_a,Agent_51,Veuillez indiquer depuis combien de temps vous attendez.
4,3,4,4,4,llama3.1:8b,data_pmus_yaounde,q4_1_b,Agent_51,10 20 MINUTES
5,4,2,5,2,llama3.1:8b,data_pmus_yaounde,q4_2_a,Agent_51,Veuillez indiquer depuis combien de temps vous attendez.
4,4,4,4,4,llama3.1:8b,data_pmus_yaounde,q4_2_b,Agent_51,15 30 MIN
4,4,4,4,4,llama3.1:8b,data_pmus_yaounde,q4_3,Agent_51,800
4,3,4,4,4,llama3.1:8b,data_pmus_yaounde,q4_4,Agent_51,TRAVAIL
3,3,4,4,3,llama3.1:8b,data_pmus_yaounde,q4_4_autres,Agent_51,ACHAT
5,3,4,4,4,llama3.1:8b,data_pmus_yaounde,q5_1,Agent_51,ENTRE 26 ET 35 ANS
5,3,3,4,4,llama3.1:8b,data_pmus_yaounde,q5_2,Agent_51,ENTRE 30 001 ET 100 000
5,4,4,4,4,llama3.1:8b,data_pmus_yaounde,q5_3,Agent_51,FEMME
4,4,3,4,3,llama3.1:8b,data_pmus_yaounde,centre ville,Agent_52,YAOUNDE
5,4,4,4,4,llama3.1:8b,data_pmus_yaounde,q1_1,Agent_52,UN QUARTIER DE LA VILLE DE YAOUNDE
4,4,4,4,4,llama3.1:8b,data_pmus_yaounde,q1_1_a,Agent_52,NKOZOA
4,4,3,4,3,llama3.1:8b,data_pmus_yaounde,q1_1_b,Agent_52,NKOZOA
4,4,3,4,3,llama3.1:8b,data_pmus_yaounde,q1_1_c,Agent_52,AFANOYA
5,4,4,4,4,llama3.1:8b,data_pmus_yaounde,q1_2,Agent_52,UN QUARTIER DE LA VILLE DE YAOUNDE
4,4,4,4,4,llama3.1:8b,data_pmus_yaounde,q1_2_a,Agent_52,ABOM
4,4,3,4,3,llama3.1:8b,data_pmus_yaounde,q1_2_b,Agent_52,10 IEME ARRET
4,4,3,4,3,llama3.1:8b,data_pmus_yaounde,q1_3_c,Agent_52,YAOUNDE
4,3,4,4,3,llama3.1:8b,data_pmus_yaounde,q2_1,Agent_52,PAR BUS STACY
4,4,3,4,3,llama3.1:8b,data_pmus_yaounde,q2_2_1,Agent_52,GARE DE OBALLA
4,4,3,4,3,llama3.1:8b,data_pmus_yaounde,q2_2_2,Agent_52,10 E ARRET
4,4,3,4,3,llama3.1:8b,data_pmus_yaounde,q2_3_1,Agent_52,0LESOA
4,4,3,4,3,llama3.1:8b,data_pmus_yaounde,q2_3_2,Agent_52,0NANA
5,4,4,4,4,llama3.1:8b,data_pmus_yaounde,q2_3,Agent_52,NON
4,4,3,4,3,llama3.1:8b,data_pmus_yaounde,q2_4,Agent_52,PAR BUS STACY
4,4,3,4,3,llama3.1:8b,data_pmus_yaounde,q2_5_1,Agent_52,NKOLODOM
4,4,3,4,3,llama3.1:8b,data_pmus_yaounde,q2_5_2,Agent_52,0MPHINE
4,4,3,4,3,llama3.1:8b,data_pmus_yaounde,q2_6_1,Agent_52,NKOZOA
4,4,3,4,3,llama3.1:8b,data_pmus_yaounde,q2_6_2,Agent_52,11EME ARRET
4,4,3,4,4,llama3.1:8b,data_pmus_yaounde,q3_1,Agent_52,NON
4,3,4,4,3,llama3.1:8b,data_pmus_yaounde,q3_2,Agent_52,PAR BUS STACY
4,4,4,4,4,llama3.1:8b,data_pmus_yaounde,q3_3_1,Agent_52,NKOZOA
4,4,3,4,3,llama3.1:8b,data_pmus_yaounde,q3_3_2,Agent_52,10 IEME ARRET
5,4,2,5,2,llama3.1:8b,data_pmus_yaounde,q4_1_a,Agent_52,Veuillez indiquer depuis combien de temps vous attendez.
4,3,4,4,4,llama3.1:8b,data_pmus_yaounde,q4_1_b,Agent_52,MOINS DE 5 MIN
5,4,2,5,2,llama3.1:8b,data_pmus_yaounde,q4_2_a,Agent_52,Veuillez indiquer depuis combien de temps vous attendez.
4,4,4,4,4,llama3.1:8b,data_pmus_yaounde,q4_2_b,Agent_52,15 30 MIN
4,4,4,4,4,llama3.1:8b,data_pmus_yaounde,q4_3,Agent_52,100
4,3,4,4,4,llama3.1:8b,data_pmus_yaounde,q4_4,Agent_52,COURSES
3,3,4,4,3,llama3.1:8b,data_pmus_yaounde,q4_4_autres,Agent_52,COURS
5,3,4,4,4,llama3.1:8b,data_pmus_yaounde,q5_1,Agent_52,ENTRE 18 ET 25 ANS
5,3,3,4,4,llama3.1:8b,data_pmus_yaounde,q5_2,Agent_52,ENTRE 300 001 ET 500 000
5,4,4,4,4,llama3.1:8b,data_pmus_yaounde,q5_3,Agent_52,HOMME
4,4,3,4,3,llama3.1:8b,data_pmus_yaounde,centre ville,Agent_53,YAOUNDE
5,4,4,4,4,llama3.1:8b,data_pmus_yaounde,q1_1,Agent_53,UN QUARTIER DE LA VILLE DE YAOUNDE
4,4,4,4,4,llama3.1:8b,data_pmus_yaounde,q1_1_a,Agent_53,NKO NDONGO
4,4,3,4,3,llama3.1:8b,data_pmus_yaounde,q1_1_b,Agent_53,MONTE SAPLAI
4,4,3,4,3,llama3.1:8b,data_pmus_yaounde,q1_1_c,Agent_53,AFANOYA
5,4,4,4,4,llama3.1:8b,data_pmus_yaounde,q1_2,Agent_53,UN QUARTIER DE LA VILLE DE YAOUNDE
4,4,4,4,4,llama3.1:8b,data_pmus_yaounde,q1_2_a,Agent_53,NKOLSO
4,4,3,4,3,llama3.1:8b,data_pmus_yaounde,q1_2_b,Agent_53,10 IEME ARRET
4,4,3,4,3,llama3.1:8b,data_pmus_yaounde,q1_3_c,Agent_53,DOUALA
4,3,4,4,3,llama3.1:8b,data_pmus_yaounde,q2_1,Agent_53,PAR BUS STACY
4,4,3,4,3,llama3.1:8b,data_pmus_yaounde,q2_2_1,Agent_53,ELIG EFFA
4,4,3,4,3,llama3.1:8b,data_pmus_yaounde,q2_2_2,Agent_53,MONTE
4,4,3,4,3,llama3.1:8b,data_pmus_yaounde,q2_3_1,Agent_53,ELIG EFFA
4,4,3,4,3,llama3.1:8b,data_pmus_yaounde,q2_3_2,Agent_53,MONTE RENOL
5,4,4,4,4,llama3.1:8b,data_pmus_yaounde,q2_3,Agent_53,NON
4,4,3,4,3,llama3.1:8b,data_pmus_yaounde,q2_4,Agent_53,PAR BUS STACY
4,4,3,4,3,llama3.1:8b,data_pmus_yaounde,q2_5_1,Agent_53,A B0NAS
4,4,3,4,3,llama3.1:8b,data_pmus_yaounde,q2_5_2,Agent_53,0MPHINE
4,4,3,4,3,llama3.1:8b,data_pmus_yaounde,q2_6_1,Agent_53,ABATTOIR
4,4,3,4,3,llama3.1:8b,data_pmus_yaounde,q2_6_2,Agent_53,ABOM
4,4,3,4,4,llama3.1:8b,data_pmus_yaounde,q3_1,Agent_53,NON
4,3,4,4,3,llama3.1:8b,data_pmus_yaounde,q3_2,Agent_53,PAR BUS STACY
4,4,4,4,4,llama3.1:8b,data_pmus_yaounde,q3_3_1,Agent_53,CENTRE VILLE
4,4,3,4,3,llama3.1:8b,data_pmus_yaounde,q3_3_2,Agent_53,CENTRE VILLE
5,4,2,5,2,llama3.1:8b,data_pmus_yaounde,q4_1_a,Agent_53,Veuillez indiquer depuis combien de temps vous attendez.
4,3,4,4,4,llama3.1:8b,data_pmus_yaounde,q4_1_b,Agent_53,10 20 MINUTES
5,4,2,5,2,llama3.1:8b,data_pmus_yaounde,q4_2_a,Agent_53,Veuillez indiquer depuis combien de temps vous attendez.
4,4,4,4,4,llama3.1:8b,data_pmus_yaounde,q4_2_b,Agent_53,15 30 MIN
4,4,4,4,4,llama3.1:8b,data_pmus_yaounde,q4_3,Agent_53,2000
4,3,4,4,4,llama3.1:8b,data_pmus_yaounde,q4_4,Agent_53,SPORTIVES
3,3,4,4,3,llama3.1:8b,data_pmus_yaounde,q4_4_autres,Agent_53,SPORT ET VISITE AMICALE
5,3,4,4,4,llama3.1:8b,data_pmus_yaounde,q5_1,Agent_53,ENTRE 18 ET 25 ANS
5,3,3,4,4,llama3.1:8b,data_pmus_yaounde,q5_2,Agent_53,ENTRE 30 001 ET 100 000
5,4,4,4,4,llama3.1:8b,data_pmus_yaounde,q5_3,Agent_53,HOMME
4,4,3,4,3,llama3.1:8b,data_pmus_yaounde,centre ville,Agent_54,YAOUNDE
5,4,4,4,4,llama3.1:8b,data_pmus_yaounde,q1_1,Agent_54,UN QUARTIER DE LA VILLE DE YAOUNDE
4,4,4,4,4,llama3.1:8b,data_pmus_yaounde,q1_1_a,Agent_54,TONGOLO
4,4,3,4,3,llama3.1:8b,data_pmus_yaounde,q1_1_b,Agent_54,TERMINUD
4,4,3,4,3,llama3.1:8b,data_pmus_yaounde,q1_1_c,Agent_54,AFANOYA
5,4,4,4,4,llama3.1:8b,data_pmus_yaounde,q1_2,Agent_54,UN QUARTIER DE LA VILLE DE YAOUNDE
4,4,4,4,4,llama3.1:8b,data_pmus_yaounde,q1_2_a,Agent_54,TONGOLO
4,4,3,4,3,llama3.1:8b,data_pmus_yaounde,q1_2_b,Agent_54,10 IEME ARRET
4,4,3,4,3,llama3.1:8b,data_pmus_yaounde,q1_3_c,Agent_54,AFANOYA
4,3,4,4,3,llama3.1:8b,data_pmus_yaounde,q2_1,Agent_54,PAR BUS STACY
4,4,3,4,3,llama3.1:8b,data_pmus_yaounde,q2_2_1,Agent_54,OYOMAB1NG
4,4,3,4,3,llama3.1:8b,data_pmus_yaounde,q2_2_2,Agent_54,OYOM ABANG
4,4,3,4,3,llama3.1:8b,data_pmus_yaounde,q2_3_1,Agent_54,0LESOA
4,4,3,4,3,llama3.1:8b,data_pmus_yaounde,q2_3_2,Agent_54,NGOUISSO
5,4,4,4,4,llama3.1:8b,data_pmus_yaounde,q2_3,Agent_54,NON
4,4,3,4,3,llama3.1:8b,data_pmus_yaounde,q2_4,Agent_54,PAR BUS STACY
4,4,3,4,3,llama3.1:8b,data_pmus_yaounde,q2_5_1,Agent_54,A B0NAS
4,4,3,4,3,llama3.1:8b,data_pmus_yaounde,q2_5_2,Agent_54,0MPHINE
4,4,3,4,3,llama3.1:8b,data_pmus_yaounde,q2_6_1,Agent_54,STADE
4,4,3,4,3,llama3.1:8b,data_pmus_yaounde,q2_6_2,Agent_54,11EME ARRET
4,4,3,4,4,llama3.1:8b,data_pmus_yaounde,q3_1,Agent_54,NON
4,3,4,4,3,llama3.1:8b,data_pmus_yaounde,q3_2,Agent_54,PAR BUS AGENCE INTERURBAIN
4,4,4,4,4,llama3.1:8b,data_pmus_yaounde,q3_3_1,Agent_54,TOMGOLO
4,4,3,4,3,llama3.1:8b,data_pmus_yaounde,q3_3_2,Agent_54,10 IEME ARRET
5,4,2,5,2,llama3.1:8b,data_pmus_yaounde,q4_1_a,Agent_54,Veuillez indiquer depuis combien de temps vous attendez.
4,3,4,4,4,llama3.1:8b,data_pmus_yaounde,q4_1_b,Agent_54,10 20 MINUTES
5,4,2,5,2,llama3.1:8b,data_pmus_yaounde,q4_2_a,Agent_54,Veuillez indiquer depuis combien de temps vous attendez.
4,4,4,4,4,llama3.1:8b,data_pmus_yaounde,q4_2_b,Agent_54,15 30 MIN
4,4,4,4,4,llama3.1:8b,data_pmus_yaounde,q4_3,Agent_54,3500
4,3,4,4,4,llama3.1:8b,data_pmus_yaounde,q4_4,Agent_54,COURSES
3,3,4,4,3,llama3.1:8b,data_pmus_yaounde,q4_4_autres,Agent_54,FAIRE DES ACHATS
5,3,4,4,4,llama3.1:8b,data_pmus_yaounde,q5_1,Agent_54,ENTRE 26 ET 35 ANS
5,3,3,4,4,llama3.1:8b,data_pmus_yaounde,q5_2,Agent_54,ENTRE 30 001 ET 100 000
5,4,4,4,4,llama3.1:8b,data_pmus_yaounde,q5_3,Agent_54,FEMME
4,4,3,4,3,llama3.1:8b,data_pmus_yaounde,centre ville,Agent_55,YAOUNDE
5,4,4,4,4,llama3.1:8b,data_pmus_yaounde,q1_1,Agent_55,UN QUARTIER DE LA VILLE DE YAOUNDE
4,4,4,4,4,llama3.1:8b,data_pmus_yaounde,q1_1_a,Agent_55,ETOUDI
4,4,3,4,3,llama3.1:8b,data_pmus_yaounde,q1_1_b,Agent_55,MVOG BETSI
4,4,3,4,3,llama3.1:8b,data_pmus_yaounde,q1_1_c,Agent_55,AFANOYA
5,4,4,4,4,llama3.1:8b,data_pmus_yaounde,q1_2,Agent_55,UN QUARTIER DE LA VILLE DE YAOUNDE
4,4,4,4,4,llama3.1:8b,data_pmus_yaounde,q1_2_a,Agent_55,MVOG BETSI
4,4,3,4,3,llama3.1:8b,data_pmus_yaounde,q1_2_b,Agent_55,MVOG BETSI
4,4,3,4,3,llama3.1:8b,data_pmus_yaounde,q1_3_c,Agent_55,YAOUNDE
4,3,4,4,3,llama3.1:8b,data_pmus_yaounde,q2_1,Agent_55,PAR BUS STACY
4,4,3,4,3,llama3.1:8b,data_pmus_yaounde,q2_2_1,Agent_55,MVOG ATANGANA MBALLA
4,4,3,4,3,llama3.1:8b,data_pmus_yaounde,q2_2_2,Agent_55,MVOG BETSI
4,4,3,4,3,llama3.1:8b,data_pmus_yaounde,q2_3_1,Agent_55,MVOG BETSI
4,4,3,4,3,llama3.1:8b,data_pmus_yaounde,q2_3_2,Agent_55,MVOG BETSI
5,4,4,4,4,llama3.1:8b,data_pmus_yaounde,q2_3,Agent_55,NON
4,4,3,4,3,llama3.1:8b,data_pmus_yaounde,q2_4,Agent_55,PAR BUS STACY
4,4,3,4,3,llama3.1:8b,data_pmus_yaounde,q2_5_1,Agent_55,MVOG BETSI
4,4,3,4,3,llama3.1:8b,data_pmus_yaounde,q2_5_2,Agent_55,0MPHINE
4,4,3,4,3,llama3.1:8b,data_pmus_yaounde,q2_6_1,Agent_55,MVOG BETSI
4,4,3,4,3,llama3.1:8b,data_pmus_yaounde,q2_6_2,Agent_55,ARRET BUS
4,4,3,4,4,llama3.1:8b,data_pmus_yaounde,q3_1,Agent_55,NON
4,3,4,4,3,llama3.1:8b,data_pmus_yaounde,q3_2,Agent_55,PAR BUS STACY
4,4,4,4,4,llama3.1:8b,data_pmus_yaounde,q3_3_1,Agent_55,MBOUMNYEBEL
4,4,3,4,3,llama3.1:8b,data_pmus_yaounde,q3_3_2,Agent_55,10 IEME ARRET
5,4,2,5,2,llama3.1:8b,data_pmus_yaounde,q4_1_a,Agent_55,Veuillez indiquer depuis combien de temps vous attendez.
4,3,4,4,4,llama3.1:8b,data_pmus_yaounde,q4_1_b,Agent_55,10 20 MINUTES
5,4,2,5,2,llama3.1:8b,data_pmus_yaounde,q4_2_a,Agent_55,Veuillez indiquer depuis combien de temps vous attendez.
4,4,4,4,4,llama3.1:8b,data_pmus_yaounde,q4_2_b,Agent_55,15 30 MIN
4,4,4,4,4,llama3.1:8b,data_pmus_yaounde,q4_3,Agent_55,200
4,3,4,4,4,llama3.1:8b,data_pmus_yaounde,q4_4,Agent_55,TRAVAIL
3,3,4,4,3,llama3.1:8b,data_pmus_yaounde,q4_4_autres,Agent_55,ACHAT
5,3,4,4,4,llama3.1:8b,data_pmus_yaounde,q5_1,Agent_55,ENTRE 26 ET 35 ANS
5,3,3,4,4,llama3.1:8b,data_pmus_yaounde,q5_2,Agent_55,ENTRE 30 001 ET 100 000
5,4,4,4,4,llama3.1:8b,data_pmus_yaounde,q5_3,Agent_55,HOMME
4,4,3,4,3,llama3.1:8b,data_pmus_yaounde,centre ville,Agent_56,YAOUNDE
5,4,4,4,4,llama3.1:8b,data_pmus_yaounde,q1_1,Agent_56,UN QUARTIER DE LA VILLE DE YAOUNDE
4,4,4,4,4,llama3.1:8b,data_pmus_yaounde,q1_1_a,Agent_56,ABIT
4,4,3,4,3,llama3.1:8b,data_pmus_yaounde,q1_1_b,Agent_56,NKOAYOS
4,4,3,4,3,llama3.1:8b,data_pmus_yaounde,q1_1_c,Agent_56,AFANOYA
5,4,4,4,4,llama3.1:8b,data_pmus_yaounde,q1_2,Agent_56,UN QUARTIER DE LA VILLE DE YAOUNDE
4,4,4,4,4,llama3.1:8b,data_pmus_yaounde,q1_2_a,Agent_56,BITOTOL
4,4,3,4,3,llama3.1:8b,data_pmus_yaounde,q1_2_b,Agent_56,BITOTOL
4,4,3,4,3,llama3.1:8b,data_pmus_yaounde,q1_3_c,Agent_56,AFANOYA
4,3,4,4,3,llama3.1:8b,data_pmus_yaounde,q2_1,Agent_56,A PIED
4,4,3,4,3,llama3.1:8b,data_pmus_yaounde,q2_2_1,Agent_56,2 CHEVEAU
4,4,3,4,3,llama3.1:8b,data_pmus_yaounde,q2_2_2,Agent_56,10 E ARRET
4,4,3,4,3,llama3.1:8b,data_pmus_yaounde,q2_3_1,Agent_56,0LESOA
4,4,3,4,3,llama3.1:8b,data_pmus_yaounde,q2_3_2,Agent_56,0NANA
5,4,4,4,4,llama3.1:8b,data_pmus_yaounde,q2_3,Agent_56,NON
4,4,3,4,3,llama3.1:8b,data_pmus_yaounde,q2_4,Agent_56,PAR CARGO MINI BUS
4,4,3,4,3,llama3.1:8b,data_pmus_yaounde,q2_5_1,Agent_56,NGOUSSO
4,4,3,4,3,llama3.1:8b,data_pmus_yaounde,q2_5_2,Agent_56,NGOUSSO
4,4,3,4,3,llama3.1:8b,data_pmus_yaounde,q2_6_1,Agent_56,NGOUSSO
4,4,3,4,3,llama3.1:8b,data_pmus_yaounde,q2_6_2,Agent_56,11EME ARRET
4,4,3,4,4,llama3.1:8b,data_pmus_yaounde,q3_1,Agent_56,NON
4,3,4,4,3,llama3.1:8b,data_pmus_yaounde,q3_2,Agent_56,PAR CARGO MINI BUS
4,4,4,4,4,llama3.1:8b,data_pmus_yaounde,q3_3_1,Agent_56,NGOUSSO
4,4,3,4,3,llama3.1:8b,data_pmus_yaounde,q3_3_2,Agent_56,10 IEME ARRET
5,4,2,5,2,llama3.1:8b,data_pmus_yaounde,q4_1_a,Agent_56,Veuillez indiquer depuis combien de temps vous attendez.
4,3,4,4,4,llama3.1:8b,data_pmus_yaounde,q4_1_b,Agent_56,MOINS DE 5 MIN
5,4,2,5,2,llama3.1:8b,data_pmus_yaounde,q4_2_a,Agent_56,Veuillez indiquer depuis combien de temps vous attendez.
4,4,4,4,4,llama3.1:8b,data_pmus_yaounde,q4_2_b,Agent_56,15 30 MIN
4,4,4,4,4,llama3.1:8b,data_pmus_yaounde,q4_3,Agent_56,600
4,3,4,4,4,llama3.1:8b,data_pmus_yaounde,q4_4,Agent_56,TRAVAIL
3,3,4,4,3,llama3.1:8b,data_pmus_yaounde,q4_4_autres,Agent_56,ACHAT
5,3,4,4,4,llama3.1:8b,data_pmus_yaounde,q5_1,Agent_56,ENTRE 26 ET 35 ANS
5,3,3,4,4,llama3.1:8b,data_pmus_yaounde,q5_2,Agent_56,ENTRE 30 001 ET 100 000
5,4,4,4,4,llama3.1:8b,data_pmus_yaounde,q5_3,Agent_56,HOMME
4,4,3,4,3,llama3.1:8b,data_pmus_yaounde,centre ville,Agent_57,YAOUNDE
5,4,4,4,4,llama3.1:8b,data_pmus_yaounde,q1_1,Agent_57,UN QUARTIER DE LA VILLE DE YAOUNDE
4,4,4,4,4,llama3.1:8b,data_pmus_yaounde,q1_1_a,Agent_57,CARREFOUR MEEC
4,4,3,4,3,llama3.1:8b,data_pmus_yaounde,q1_1_b,Agent_57,10EME ARRET
4,4,3,4,3,llama3.1:8b,data_pmus_yaounde,q1_1_c,Agent_57,AFANOYA
5,4,4,4,4,llama3.1:8b,data_pmus_yaounde,q1_2,Agent_57,UN QUARTIER DE LA VILLE DE YAOUNDE
4,4,4,4,4,llama3.1:8b,data_pmus_yaounde,q1_2_a,Agent_57,CENTRE VILLE
4,4,3,4,3,llama3.1:8b,data_pmus_yaounde,q1_2_b,Agent_57,10 IEME ARRET
4,4,3,4,3,llama3.1:8b,data_pmus_yaounde,q1_3_c,Agent_57,YAOUNDE
4,3,4,4,3,llama3.1:8b,data_pmus_yaounde,q2_1,Agent_57,PAR BUS STACY
4,4,3,4,3,llama3.1:8b,data_pmus_yaounde,q2_2_1,Agent_57,LIBOUDI
4,4,3,4,3,llama3.1:8b,data_pmus_yaounde,q2_2_2,Agent_57,10 E ARRET
4,4,3,4,3,llama3.1:8b,data_pmus_yaounde,q2_3_1,Agent_57,0LESOA
4,4,3,4,3,llama3.1:8b,data_pmus_yaounde,q2_3_2,Agent_57,CARREFOUR
5,4,4,4,4,llama3.1:8b,data_pmus_yaounde,q2_3,Agent_57,NON
4,4,3,4,3,llama3.1:8b,data_pmus_yaounde,q2_4,Agent_57,PAR BUS STACY
4,4,3,4,3,llama3.1:8b,data_pmus_yaounde,q2_5_1,Agent_57,A B0NAS
4,4,3,4,3,llama3.1:8b,data_pmus_yaounde,q2_5_2,Agent_57,CARREFOUR
4,4,3,4,3,llama3.1:8b,data_pmus_yaounde,q2_6_1,Agent_57,LEBOUDI
4,4,3,4,3,llama3.1:8b,data_pmus_yaounde,q2_6_2,Agent_57,GARE ROUTIERE
4,4,3,4,4,llama3.1:8b,data_pmus_yaounde,q3_1,Agent_57,NON
4,3,4,4,3,llama3.1:8b,data_pmus_yaounde,q3_2,Agent_57,PAR BUS STACY
4,4,4,4,4,llama3.1:8b,data_pmus_yaounde,q3_3_1,Agent_57,LEBOUDI
4,4,3,4,3,llama3.1:8b,data_pmus_yaounde,q3_3_2,Agent_57,LEBOUDI
5,4,2,5,2,llama3.1:8b,data_pmus_yaounde,q4_1_a,Agent_57,Veuillez indiquer depuis combien de temps vous attendez.
4,3,4,4,4,llama3.1:8b,data_pmus_yaounde,q4_1_b,Agent_57,10 20 MINUTES
5,4,2,5,2,llama3.1:8b,data_pmus_yaounde,q4_2_a,Agent_57,Veuillez indiquer depuis combien de temps vous attendez.
4,4,4,4,4,llama3.1:8b,data_pmus_yaounde,q4_2_b,Agent_57,15 30 MIN
4,4,4,4,4,llama3.1:8b,data_pmus_yaounde,q4_3,Agent_57,2700
4,3,4,4,4,llama3.1:8b,data_pmus_yaounde,q4_4,Agent_57,TRAVAIL
3,3,4,4,3,llama3.1:8b,data_pmus_yaounde,q4_4_autres,Agent_57,ACHAT
5,3,4,4,4,llama3.1:8b,data_pmus_yaounde,q5_1,Agent_57,ENTRE 36 ET 45 ANS
5,3,3,4,4,llama3.1:8b,data_pmus_yaounde,q5_2,Agent_57,ENTRE 30 001 ET 100 000
5,4,4,4,4,llama3.1:8b,data_pmus_yaounde,q5_3,Agent_57,FEMME
4,4,3,4,3,llama3.1:8b,data_pmus_yaounde,centre ville,Agent_58,YAOUNDE
5,4,4,4,4,llama3.1:8b,data_pmus_yaounde,q1_1,Agent_58,UN QUARTIER DE LA VILLE DE YAOUNDE
4,4,4,4,4,llama3.1:8b,data_pmus_yaounde,q1_1_a,Agent_58,MELEN
4,4,3,4,3,llama3.1:8b,data_pmus_yaounde,q1_1_b,Agent_58,MELEN
4,4,3,4,3,llama3.1:8b,data_pmus_yaounde,q1_1_c,Agent_58,AFANOYA
5,4,4,4,4,llama3.1:8b,data_pmus_yaounde,q1_2,Agent_58,UN QUARTIER DE LA VILLE DE YAOUNDE
4,4,4,4,4,llama3.1:8b,data_pmus_yaounde,q1_2_a,Agent_58,MELEN
4,4,3,4,3,llama3.1:8b,data_pmus_yaounde,q1_2_b,Agent_58,10 IEME ARRET
4,4,3,4,3,llama3.1:8b,data_pmus_yaounde,q1_3_c,Agent_58,AFANOYA
4,3,4,4,3,llama3.1:8b,data_pmus_yaounde,q2_1,Agent_58,PAR BUS STACY
4,4,3,4,3,llama3.1:8b,data_pmus_yaounde,q2_2_1,Agent_58,MELEN
4,4,3,4,3,llama3.1:8b,data_pmus_yaounde,q2_2_2,Agent_58,10 E ARRET
4,4,3,4,3,llama3.1:8b,data_pmus_yaounde,q2_3_1,Agent_58,MELEN
4,4,3,4,3,llama3.1:8b,data_pmus_yaounde,q2_3_2,Agent_58,GP MELEN
5,4,4,4,4,llama3.1:8b,data_pmus_yaounde,q2_3,Agent_58,NON
4,4,3,4,3,llama3.1:8b,data_pmus_yaounde,q2_4,Agent_58,PAR BUS STACY
4,4,3,4,3,llama3.1:8b,data_pmus_yaounde,q2_5_1,Agent_58,MELEN
4,4,3,4,3,llama3.1:8b,data_pmus_yaounde,q2_5_2,Agent_58,0MPHINE
4,4,3,4,3,llama3.1:8b,data_pmus_yaounde,q2_6_1,Agent_58,MELEN
4,4,3,4,3,llama3.1:8b,data_pmus_yaounde,q2_6_2,Agent_58,11EME ARRET
4,4,3,4,4,llama3.1:8b,data_pmus_yaounde,q3_1,Agent_58,NON
4,3,4,4,3,llama3.1:8b,data_pmus_yaounde,q3_2,Agent_58,PAR BUS STACY
4,4,4,4,4,llama3.1:8b,data_pmus_yaounde,q3_3_1,Agent_58,MELEN
4,4,3,4,3,llama3.1:8b,data_pmus_yaounde,q3_3_2,Agent_58,10 IEME ARRET
5,4,2,5,2,llama3.1:8b,data_pmus_yaounde,q4_1_a,Agent_58,Veuillez indiquer depuis combien de temps vous attendez.
4,3,4,4,4,llama3.1:8b,data_pmus_yaounde,q4_1_b,Agent_58,10 20 MINUTES
5,4,2,5,2,llama3.1:8b,data_pmus_yaounde,q4_2_a,Agent_58,Veuillez indiquer depuis combien de temps vous attendez.
4,4,4,4,4,llama3.1:8b,data_pmus_yaounde,q4_2_b,Agent_58,15 30 MIN
4,4,4,4,4,llama3.1:8b,data_pmus_yaounde,q4_3,Agent_58,1200
4,3,4,4,4,llama3.1:8b,data_pmus_yaounde,q4_4,Agent_58,COURSES
3,3,4,4,3,llama3.1:8b,data_pmus_yaounde,q4_4_autres,Agent_58,COURS
5,3,4,4,4,llama3.1:8b,data_pmus_yaounde,q5_1,Agent_58,MOINS DE 18 ANS
5,3,3,4,4,llama3.1:8b,data_pmus_yaounde,q5_2,Agent_58,ENTRE 30 001 ET 100 000
5,4,4,4,4,llama3.1:8b,data_pmus_yaounde,q5_3,Agent_58,HOMME
4,4,3,4,3,llama3.1:8b,data_pmus_yaounde,centre ville,Agent_59,YAOUNDE
5,4,4,4,4,llama3.1:8b,data_pmus_yaounde,q1_1,Agent_59,UN QUARTIER DE LA VILLE DE YAOUNDE
4,4,4,4,4,llama3.1:8b,data_pmus_yaounde,q1_1_a,Agent_59,AWAE ESCALIER
4,4,3,4,3,llama3.1:8b,data_pmus_yaounde,q1_1_b,Agent_59,ENTREE COLOMBIE
4,4,3,4,3,llama3.1:8b,data_pmus_yaounde,q1_1_c,Agent_59,AFANOYA
5,4,4,4,4,llama3.1:8b,data_pmus_yaounde,q1_2,Agent_59,UN QUARTIER DE LA VILLE DE YAOUNDE
4,4,4,4,4,llama3.1:8b,data_pmus_yaounde,q1_2_a,Agent_59,BITENG
4,4,3,4,3,llama3.1:8b,data_pmus_yaounde,q1_2_b,Agent_59,BITENG
4,4,3,4,3,llama3.1:8b,data_pmus_yaounde,q1_3_c,Agent_59,AFANOYA
4,3,4,4,3,llama3.1:8b,data_pmus_yaounde,q2_1,Agent_59,A PIED
4,4,3,4,3,llama3.1:8b,data_pmus_yaounde,q2_2_1,Agent_59,AWA ESCALIER
4,4,3,4,3,llama3.1:8b,data_pmus_yaounde,q2_2_2,Agent_59,AWAE PHARMACIE BAR
4,4,3,4,3,llama3.1:8b,data_pmus_yaounde,q2_3_1,Agent_59,BITENG
4,4,3,4,3,llama3.1:8b,data_pmus_yaounde,q2_3_2,Agent_59,BITENG
5,4,4,4,4,llama3.1:8b,data_pmus_yaounde,q2_3,Agent_59,NON
4,4,3,4,3,llama3.1:8b,data_pmus_yaounde,q2_4,Agent_59,A PIED
4,4,3,4,3,llama3.1:8b,data_pmus_yaounde,q2_5_1,Agent_59,BITENG
4,4,3,4,3,llama3.1:8b,data_pmus_yaounde,q2_5_2,Agent_59,0MPHINE
4,4,3,4,3,llama3.1:8b,data_pmus_yaounde,q2_6_1,Agent_59,BITENG
4,4,3,4,3,llama3.1:8b,data_pmus_yaounde,q2_6_2,Agent_59,11EME ARRET
4,4,3,4,4,llama3.1:8b,data_pmus_yaounde,q3_1,Agent_59,NON
4,3,4,4,3,llama3.1:8b,data_pmus_yaounde,q3_2,Agent_59,A PIED
4,4,4,4,4,llama3.1:8b,data_pmus_yaounde,q3_3_1,Agent_59,BITENG
4,4,3,4,3,llama3.1:8b,data_pmus_yaounde,q3_3_2,Agent_59,BITENG
5,4,2,5,2,llama3.1:8b,data_pmus_yaounde,q4_1_a,Agent_59,Veuillez indiquer depuis combien de temps vous attendez.
4,3,4,4,4,llama3.1:8b,data_pmus_yaounde,q4_1_b,Agent_59,10 20 MINUTES
5,4,2,5,2,llama3.1:8b,data_pmus_yaounde,q4_2_a,Agent_59,Veuillez indiquer depuis combien de temps vous attendez.
4,4,4,4,4,llama3.1:8b,data_pmus_yaounde,q4_2_b,Agent_59,15 30 MIN
4,4,4,4,4,llama3.1:8b,data_pmus_yaounde,q4_3,Agent_59,1200
4,3,4,4,4,llama3.1:8b,data_pmus_yaounde,q4_4,Agent_59,COURSES
3,3,4,4,3,llama3.1:8b,data_pmus_yaounde,q4_4_autres,Agent_59,FAIRE DES ACHATS
5,3,4,4,4,llama3.1:8b,data_pmus_yaounde,q5_1,Agent_59,ENTRE 18 ET 25 ANS
5,3,3,4,4,llama3.1:8b,data_pmus_yaounde,q5_2,Agent_59,ENTRE 30 001 ET 100 000
5,4,4,4,4,llama3.1:8b,data_pmus_yaounde,q5_3,Agent_59,FEMME
4,4,3,4,3,llama3.1:8b,data_pmus_yaounde,centre ville,Agent_60,YAOUNDE
5,4,4,4,4,llama3.1:8b,data_pmus_yaounde,q1_1,Agent_60,UN QUARTIER DE LA VILLE DE YAOUNDE
4,4,4,4,4,llama3.1:8b,data_pmus_yaounde,q1_1_a,Agent_60,OLEZOA
4,4,3,4,3,llama3.1:8b,data_pmus_yaounde,q1_1_b,Agent_60,COLEGE
4,4,3,4,3,llama3.1:8b,data_pmus_yaounde,q1_1_c,Agent_60,AFANOYA
5,4,4,4,4,llama3.1:8b,data_pmus_yaounde,q1_2,Agent_60,UN QUARTIER DE LA VILLE DE YAOUNDE
4,4,4,4,4,llama3.1:8b,data_pmus_yaounde,q1_2_a,Agent_60,BARRIERE
4,4,3,4,3,llama3.1:8b,data_pmus_yaounde,q1_2_b,Agent_60,10 IEME ARRET
4,4,3,4,3,llama3.1:8b,data_pmus_yaounde,q1_3_c,Agent_60,DOUALA
4,3,4,4,3,llama3.1:8b,data_pmus_yaounde,q2_1,Agent_60,A PIED
4,4,3,4,3,llama3.1:8b,data_pmus_yaounde,q2_2_1,Agent_60,BARRIERE
4,4,3,4,3,llama3.1:8b,data_pmus_yaounde,q2_2_2,Agent_60,10 E ARRET
4,4,3,4,3,llama3.1:8b,data_pmus_yaounde,q2_3_1,Agent_60,BARRIERE
4,4,3,4,3,llama3.1:8b,data_pmus_yaounde,q2_3_2,Agent_60,BARRIERE
5,4,4,4,4,llama3.1:8b,data_pmus_yaounde,q2_3,Agent_60,NON
4,4,3,4,3,llama3.1:8b,data_pmus_yaounde,q2_4,Agent_60,A PIED
4,4,3,4,3,llama3.1:8b,data_pmus_yaounde,q2_5_1,Agent_60,BARRIERE
4,4,3,4,3,llama3.1:8b,data_pmus_yaounde,q2_5_2,Agent_60,BARRIERE
4,4,3,4,3,llama3.1:8b,data_pmus_yaounde,q2_6_1,Agent_60,BARRIERE
4,4,3,4,3,llama3.1:8b,data_pmus_yaounde,q2_6_2,Agent_60,BARRIERE
4,4,3,4,4,llama3.1:8b,data_pmus_yaounde,q3_1,Agent_60,NON
4,3,4,4,3,llama3.1:8b,data_pmus_yaounde,q3_2,Agent_60,A PIED
4,4,4,4,4,llama3.1:8b,data_pmus_yaounde,q3_3_1,Agent_60,BARRIERE
4,4,3,4,3,llama3.1:8b,data_pmus_yaounde,q3_3_2,Agent_60,BARRIERE
5,4,2,5,2,llama3.1:8b,data_pmus_yaounde,q4_1_a,Agent_60,Veuillez indiquer depuis combien de temps vous attendez.
4,3,4,4,4,llama3.1:8b,data_pmus_yaounde,q4_1_b,Agent_60,10 20 MINUTES
5,4,2,5,2,llama3.1:8b,data_pmus_yaounde,q4_2_a,Agent_60,Veuillez indiquer depuis combien de temps vous attendez.
4,4,4,4,4,llama3.1:8b,data_pmus_yaounde,q4_2_b,Agent_60,15 30 MIN
4,4,4,4,4,llama3.1:8b,data_pmus_yaounde,q4_3,Agent_60,608
4,3,4,4,4,llama3.1:8b,data_pmus_yaounde,q4_4,Agent_60,COURSES
3,3,4,4,3,llama3.1:8b,data_pmus_yaounde,q4_4_autres,Agent_60,COURS
5,3,4,4,4,llama3.1:8b,data_pmus_yaounde,q5_1,Agent_60,ENTRE 18 ET 25 ANS
5,3,3,4,4,llama3.1:8b,data_pmus_yaounde,q5_2,Agent_60,ENTRE 30 001 ET 100 000
5,4,4,4,4,llama3.1:8b,data_pmus_yaounde,q5_3,Agent_60,FEMME
4,4,3,4,3,llama3.1:8b,data_pmus_yaounde,centre ville,Agent_61,YAOUNDE
5,4,4,4,4,llama3.1:8b,data_pmus_yaounde,q1_1,Agent_61,UN QUARTIER DE LA VILLE DE YAOUNDE
4,4,4,4,4,llama3.1:8b,data_pmus_yaounde,q1_1_a,Agent_61,ETOUDI
4,4,3,4,3,llama3.1:8b,data_pmus_yaounde,q1_1_b,Agent_61,COLLEGE MONTESQIEU
4,4,3,4,3,llama3.1:8b,data_pmus_yaounde,q1_1_c,Agent_61,AFANOYA
5,4,4,4,4,llama3.1:8b,data_pmus_yaounde,q1_2,Agent_61,UN QUARTIER DE LA VILLE DE YAOUNDE
4,4,4,4,4,llama3.1:8b,data_pmus_yaounde,q1_2_a,Agent_61,FEBE
4,4,3,4,3,llama3.1:8b,data_pmus_yaounde,q1_2_b,Agent_61,FECAFOOT
4,4,3,4,3,llama3.1:8b,data_pmus_yaounde,q1_3_c,Agent_61,YAOUNDE
4,3,4,4,3,llama3.1:8b,data_pmus_yaounde,q2_1,Agent_61,PAR BUS STACY
4,4,3,4,3,llama3.1:8b,data_pmus_yaounde,q2_2_1,Agent_61,CARREFOUR NGUEM
4,4,3,4,3,llama3.1:8b,data_pmus_yaounde,q2_2_2,Agent_61,10 E ARRET
4,4,3,4,3,llama3.1:8b,data_pmus_yaounde,q2_3_1,Agent_61,0LESOA
4,4,3,4,3,llama3.1:8b,data_pmus_yaounde,q2_3_2,Agent_61,0NANA
5,4,4,4,4,llama3.1:8b,data_pmus_yaounde,q2_3,Agent_61,NON
4,4,3,4,3,llama3.1:8b,data_pmus_yaounde,q2_4,Agent_61,PAR BUS STACY
4,4,3,4,3,llama3.1:8b,data_pmus_yaounde,q2_5_1,Agent_61,OLEZOA
4,4,3,4,3,llama3.1:8b,data_pmus_yaounde,q2_5_2,Agent_61,PETIT VILLAGE
4,4,3,4,3,llama3.1:8b,data_pmus_yaounde,q2_6_1,Agent_61,ETOUDI
4,4,3,4,3,llama3.1:8b,data_pmus_yaounde,q2_6_2,Agent_61,11EME ARRET
4,4,3,4,4,llama3.1:8b,data_pmus_yaounde,q3_1,Agent_61,NON
4,3,4,4,3,llama3.1:8b,data_pmus_yaounde,q3_2,Agent_61,PAR BUS STACY
4,4,4,4,4,llama3.1:8b,data_pmus_yaounde,q3_3_1,Agent_61,ETOUDI
4,4,3,4,3,llama3.1:8b,data_pmus_yaounde,q3_3_2,Agent_61,10 IEME ARRET
5,4,2,5,2,llama3.1:8b,data_pmus_yaounde,q4_1_a,Agent_61,Veuillez indiquer depuis combien de temps vous attendez.
4,3,4,4,4,llama3.1:8b,data_pmus_yaounde,q4_1_b,Agent_61,MOINS DE 5 MIN
5,4,2,5,2,llama3.1:8b,data_pmus_yaounde,q4_2_a,Agent_61,Veuillez indiquer depuis combien de temps vous attendez.
4,4,4,4,4,llama3.1:8b,data_pmus_yaounde,q4_2_b,Agent_61,30 60 MIN
4,4,4,4,4,llama3.1:8b,data_pmus_yaounde,q4_3,Agent_61,1000
4,3,4,4,4,llama3.1:8b,data_pmus_yaounde,q4_4,Agent_61,COURSES
3,3,4,4,3,llama3.1:8b,data_pmus_yaounde,q4_4_autres,Agent_61,COURS
5,3,4,4,4,llama3.1:8b,data_pmus_yaounde,q5_1,Agent_61,MOINS DE 18 ANS
5,3,3,4,4,llama3.1:8b,data_pmus_yaounde,q5_2,Agent_61,ENTRE 30 001 ET 100 000
5,4,4,4,4,llama3.1:8b,data_pmus_yaounde,q5_3,Agent_61,FEMME
4,4,3,4,3,llama3.1:8b,data_pmus_yaounde,centre ville,Agent_62,YAOUNDE
5,4,4,4,4,llama3.1:8b,data_pmus_yaounde,q1_1,Agent_62,UN QUARTIER DE LA VILLE DE YAOUNDE
4,4,4,4,4,llama3.1:8b,data_pmus_yaounde,q1_1_a,Agent_62,OLEMBE
4,4,3,4,3,llama3.1:8b,data_pmus_yaounde,q1_1_b,Agent_62,OLEMBE
4,4,3,4,3,llama3.1:8b,data_pmus_yaounde,q1_1_c,Agent_62,AFANOYA
5,4,4,4,4,llama3.1:8b,data_pmus_yaounde,q1_2,Agent_62,UN QUARTIER DE LA VILLE DE YAOUNDE
4,4,4,4,4,llama3.1:8b,data_pmus_yaounde,q1_2_a,Agent_62,OLEMBE
4,4,3,4,3,llama3.1:8b,data_pmus_yaounde,q1_2_b,Agent_62,OLEMBE
4,4,3,4,3,llama3.1:8b,data_pmus_yaounde,q1_3_c,Agent_62,AFANOYA
4,3,4,4,3,llama3.1:8b,data_pmus_yaounde,q2_1,Agent_62,PAR BUS STACY
4,4,3,4,3,llama3.1:8b,data_pmus_yaounde,q2_2_1,Agent_62,OLEMBE
4,4,3,4,3,llama3.1:8b,data_pmus_yaounde,q2_2_2,Agent_62,10 E ARRET
4,4,3,4,3,llama3.1:8b,data_pmus_yaounde,q2_3_1,Agent_62,MIMBOMAN
4,4,3,4,3,llama3.1:8b,data_pmus_yaounde,q2_3_2,Agent_62,MIMBOMAN
5,4,4,4,4,llama3.1:8b,data_pmus_yaounde,q2_3,Agent_62,NON
4,4,3,4,3,llama3.1:8b,data_pmus_yaounde,q2_4,Agent_62,PAR BUS AGENCE INTERURBAIN
4,4,3,4,3,llama3.1:8b,data_pmus_yaounde,q2_5_1,Agent_62,OLEMBE
4,4,3,4,3,llama3.1:8b,data_pmus_yaounde,q2_5_2,Agent_62,0MPHINE
4,4,3,4,3,llama3.1:8b,data_pmus_yaounde,q2_6_1,Agent_62,OLEMBE
4,4,3,4,3,llama3.1:8b,data_pmus_yaounde,q2_6_2,Agent_62,11EME ARRET
4,4,3,4,4,llama3.1:8b,data_pmus_yaounde,q3_1,Agent_62,NON
4,3,4,4,3,llama3.1:8b,data_pmus_yaounde,q3_2,Agent_62,PAR BUS STACY
4,4,4,4,4,llama3.1:8b,data_pmus_yaounde,q3_3_1,Agent_62,OLEMBE
4,4,3,4,3,llama3.1:8b,data_pmus_yaounde,q3_3_2,Agent_62,10 IEME ARRET
5,4,2,5,2,llama3.1:8b,data_pmus_yaounde,q4_1_a,Agent_62,Veuillez indiquer depuis combien de temps vous attendez.
4,3,4,4,4,llama3.1:8b,data_pmus_yaounde,q4_1_b,Agent_62,10 20 MINUTES
5,4,2,5,2,llama3.1:8b,data_pmus_yaounde,q4_2_a,Agent_62,Veuillez indiquer depuis combien de temps vous attendez.
4,4,4,4,4,llama3.1:8b,data_pmus_yaounde,q4_2_b,Agent_62,15 30 MIN
4,4,4,4,4,llama3.1:8b,data_pmus_yaounde,q4_3,Agent_62,2500
4,3,4,4,4,llama3.1:8b,data_pmus_yaounde,q4_4,Agent_62,TRAVAIL
3,3,4,4,3,llama3.1:8b,data_pmus_yaounde,q4_4_autres,Agent_62,ACHAT
5,3,4,4,4,llama3.1:8b,data_pmus_yaounde,q5_1,Agent_62,ENTRE 26 ET 35 ANS
5,3,3,4,4,llama3.1:8b,data_pmus_yaounde,q5_2,Agent_62,ENTRE 30 001 ET 100 000
5,4,4,4,4,llama3.1:8b,data_pmus_yaounde,q5_3,Agent_62,HOMME
4,4,3,4,3,llama3.1:8b,data_pmus_yaounde,centre ville,Agent_63,YAOUNDE
5,4,4,4,4,llama3.1:8b,data_pmus_yaounde,q1_1,Agent_63,UN QUARTIER DE LA VILLE DE YAOUNDE
4,4,4,4,4,llama3.1:8b,data_pmus_yaounde,q1_1_a,Agent_63,ABIT
4,4,3,4,3,llama3.1:8b,data_pmus_yaounde,q1_1_b,Agent_63,10EME ARRET
4,4,3,4,3,llama3.1:8b,data_pmus_yaounde,q1_1_c,Agent_63,AFANOYA
5,4,4,4,4,llama3.1:8b,data_pmus_yaounde,q1_2,Agent_63,UN QUARTIER DE LA VILLE DE YAOUNDE
4,4,4,4,4,llama3.1:8b,data_pmus_yaounde,q1_2_a,Agent_63,ABOM
4,4,3,4,3,llama3.1:8b,data_pmus_yaounde,q1_2_b,Agent_63,10 IEME ARRET
4,4,3,4,3,llama3.1:8b,data_pmus_yaounde,q1_3_c,Agent_63,DOUALA
4,3,4,4,3,llama3.1:8b,data_pmus_yaounde,q2_1,Agent_63,PAR BUS STACY
4,4,3,4,3,llama3.1:8b,data_pmus_yaounde,q2_2_1,Agent_63,MBANDOUMOU
4,4,3,4,3,llama3.1:8b,data_pmus_yaounde,q2_2_2,Agent_63,10 E ARRET
4,4,3,4,3,llama3.1:8b,data_pmus_yaounde,q2_3_1,Agent_63,0LESOA
4,4,3,4,3,llama3.1:8b,data_pmus_yaounde,q2_3_2,Agent_63,0NANA
5,4,4,4,4,llama3.1:8b,data_pmus_yaounde,q2_3,Agent_63,NON
4,4,3,4,3,llama3.1:8b,data_pmus_yaounde,q2_4,Agent_63,PAR BUS STACY
4,4,3,4,3,llama3.1:8b,data_pmus_yaounde,q2_5_1,Agent_63,MELEN
4,4,3,4,3,llama3.1:8b,data_pmus_yaounde,q2_5_2,Agent_63,0MPHINE
4,4,3,4,3,llama3.1:8b,data_pmus_yaounde,q2_6_1,Agent_63,MELEN
4,4,3,4,3,llama3.1:8b,data_pmus_yaounde,q2_6_2,Agent_63,ENTREE HYSANCAN
4,4,3,4,4,llama3.1:8b,data_pmus_yaounde,q3_1,Agent_63,NON
4,3,4,4,3,llama3.1:8b,data_pmus_yaounde,q3_2,Agent_63,PAR BUS STACY
4,4,4,4,4,llama3.1:8b,data_pmus_yaounde,q3_3_1,Agent_63,MELEN
4,4,3,4,3,llama3.1:8b,data_pmus_yaounde,q3_3_2,Agent_63,10 IEME ARRET
5,4,2,5,2,llama3.1:8b,data_pmus_yaounde,q4_1_a,Agent_63,Veuillez indiquer depuis combien de temps vous attendez.
4,3,4,4,4,llama3.1:8b,data_pmus_yaounde,q4_1_b,Agent_63,10 20 MINUTES
5,4,2,5,2,llama3.1:8b,data_pmus_yaounde,q4_2_a,Agent_63,Veuillez indiquer depuis combien de temps vous attendez.
4,4,4,4,4,llama3.1:8b,data_pmus_yaounde,q4_2_b,Agent_63,15 30 MIN
4,4,4,4,4,llama3.1:8b,data_pmus_yaounde,q4_3,Agent_63,3500
4,3,4,4,4,llama3.1:8b,data_pmus_yaounde,q4_4,Agent_63,COURSES
3,3,4,4,3,llama3.1:8b,data_pmus_yaounde,q4_4_autres,Agent_63,COURS
5,3,4,4,4,llama3.1:8b,data_pmus_yaounde,q5_1,Agent_63,MOINS DE 18 ANS
5,3,3,4,4,llama3.1:8b,data_pmus_yaounde,q5_2,Agent_63,ENTRE 30 001 ET 100 000
5,4,4,4,4,llama3.1:8b,data_pmus_yaounde,q5_3,Agent_63,HOMME
4,4,3,4,3,llama3.1:8b,data_pmus_yaounde,centre ville,Agent_64,YAOUNDE
5,4,4,4,4,llama3.1:8b,data_pmus_yaounde,q1_1,Agent_64,UN QUARTIER DE LA VILLE DE YAOUNDE
4,4,4,4,4,llama3.1:8b,data_pmus_yaounde,q1_1_a,Agent_64,OLEZOA
4,4,3,4,3,llama3.1:8b,data_pmus_yaounde,q1_1_b,Agent_64,10EME ARRET
4,4,3,4,3,llama3.1:8b,data_pmus_yaounde,q1_1_c,Agent_64,AFANOYA
5,4,4,4,4,llama3.1:8b,data_pmus_yaounde,q1_2,Agent_64,UN QUARTIER DE LA VILLE DE YAOUNDE
4,4,4,4,4,llama3.1:8b,data_pmus_yaounde,q1_2_a,Agent_64,NKOLBISSON
4,4,3,4,3,llama3.1:8b,data_pmus_yaounde,q1_2_b,Agent_64,NKOLBISSON
4,4,3,4,3,llama3.1:8b,data_pmus_yaounde,q1_3_c,Agent_64,YAOUNDE
4,3,4,4,3,llama3.1:8b,data_pmus_yaounde,q2_1,Agent_64,PAR BUS STACY
4,4,3,4,3,llama3.1:8b,data_pmus_yaounde,q2_2_1,Agent_64,NKOLBISSON
4,4,3,4,3,llama3.1:8b,data_pmus_yaounde,q2_2_2,Agent_64,PLAQUE LMB
4,4,3,4,3,llama3.1:8b,data_pmus_yaounde,q2_3_1,Agent_64,NKOLBISSON
4,4,3,4,3,llama3.1:8b,data_pmus_yaounde,q2_3_2,Agent_64,NKOLBISSON
5,4,4,4,4,llama3.1:8b,data_pmus_yaounde,q2_3,Agent_64,NON
4,4,3,4,3,llama3.1:8b,data_pmus_yaounde,q2_4,Agent_64,PAR BUS STACY
4,4,3,4,3,llama3.1:8b,data_pmus_yaounde,q2_5_1,Agent_64,NKOLBISSON
4,4,3,4,3,llama3.1:8b,data_pmus_yaounde,q2_5_2,Agent_64,NKOLBISSON
4,4,3,4,3,llama3.1:8b,data_pmus_yaounde,q2_6_1,Agent_64,NKOLBISSON
4,4,3,4,3,llama3.1:8b,data_pmus_yaounde,q2_6_2,Agent_64,ARRET BUS
4,4,3,4,4,llama3.1:8b,data_pmus_yaounde,q3_1,Agent_64,NON
4,3,4,4,3,llama3.1:8b,data_pmus_yaounde,q3_2,Agent_64,PAR BUS STACY
4,4,4,4,4,llama3.1:8b,data_pmus_yaounde,q3_3_1,Agent_64,NKOLBISSON
4,4,3,4,3,llama3.1:8b,data_pmus_yaounde,q3_3_2,Agent_64,ARRET BUS
5,4,2,5,2,llama3.1:8b,data_pmus_yaounde,q4_1_a,Agent_64,Veuillez indiquer depuis combien de temps vous attendez.
4,3,4,4,4,llama3.1:8b,data_pmus_yaounde,q4_1_b,Agent_64,10 20 MINUTES
5,4,2,5,2,llama3.1:8b,data_pmus_yaounde,q4_2_a,Agent_64,Veuillez indiquer depuis combien de temps vous attendez.
4,4,4,4,4,llama3.1:8b,data_pmus_yaounde,q4_2_b,Agent_64,15 30 MIN
4,4,4,4,4,llama3.1:8b,data_pmus_yaounde,q4_3,Agent_64,8000
4,3,4,4,4,llama3.1:8b,data_pmus_yaounde,q4_4,Agent_64,COURSES
3,3,4,4,3,llama3.1:8b,data_pmus_yaounde,q4_4_autres,Agent_64,COURS
5,3,4,4,4,llama3.1:8b,data_pmus_yaounde,q5_1,Agent_64,MOINS DE 18 ANS
5,3,3,4,4,llama3.1:8b,data_pmus_yaounde,q5_2,Agent_64,ENTRE 30 001 ET 100 000
5,4,4,4,4,llama3.1:8b,data_pmus_yaounde,q5_3,Agent_64,HOMME
4,4,3,4,3,llama3.1:8b,data_pmus_yaounde,centre ville,Agent_65,YAOUNDE
5,4,4,4,4,llama3.1:8b,data_pmus_yaounde,q1_1,Agent_65,UN QUARTIER DE LA VILLE DE YAOUNDE
4,4,4,4,4,llama3.1:8b,data_pmus_yaounde,q1_1_a,Agent_65,NKOLBISSON
4,4,3,4,3,llama3.1:8b,data_pmus_yaounde,q1_1_b,Agent_65,NKOLBISSON
4,4,3,4,3,llama3.1:8b,data_pmus_yaounde,q1_1_c,Agent_65,AFANOYA
5,4,4,4,4,llama3.1:8b,data_pmus_yaounde,q1_2,Agent_65,UN QUARTIER DE LA VILLE DE YAOUNDE
4,4,4,4,4,llama3.1:8b,data_pmus_yaounde,q1_2_a,Agent_65,NKOLBISSON
4,4,3,4,3,llama3.1:8b,data_pmus_yaounde,q1_2_b,Agent_65,NKOLBISSON
4,4,3,4,3,llama3.1:8b,data_pmus_yaounde,q1_3_c,Agent_65,BAFOUSSAM
4,3,4,4,3,llama3.1:8b,data_pmus_yaounde,q2_1,Agent_65,PAR BUS STACY
4,4,3,4,3,llama3.1:8b,data_pmus_yaounde,q2_2_1,Agent_65,POSTEE
4,4,3,4,3,llama3.1:8b,data_pmus_yaounde,q2_2_2,Agent_65,10 E ARRET
4,4,3,4,3,llama3.1:8b,data_pmus_yaounde,q2_3_1,Agent_65,POSTECENTRAL
4,4,3,4,3,llama3.1:8b,data_pmus_yaounde,q2_3_2,Agent_65,0NANA
5,4,4,4,4,llama3.1:8b,data_pmus_yaounde,q2_3,Agent_65,OUI
4,4,3,4,3,llama3.1:8b,data_pmus_yaounde,q2_4,Agent_65,PAR BUS AGENCE INTERURBAIN
4,4,3,4,3,llama3.1:8b,data_pmus_yaounde,q2_5_1,Agent_65,A B0NAS
4,4,3,4,3,llama3.1:8b,data_pmus_yaounde,q2_5_2,Agent_65,PONT
4,4,3,4,3,llama3.1:8b,data_pmus_yaounde,q2_6_1,Agent_65,NKOLBISSON
4,4,3,4,3,llama3.1:8b,data_pmus_yaounde,q2_6_2,Agent_65,POSTE CENTRALE
4,4,3,4,4,llama3.1:8b,data_pmus_yaounde,q3_1,Agent_65,NON
4,3,4,4,3,llama3.1:8b,data_pmus_yaounde,q3_2,Agent_65,PAR BUS STACY
4,4,4,4,4,llama3.1:8b,data_pmus_yaounde,q3_3_1,Agent_65,NKOLBISSON
4,4,3,4,3,llama3.1:8b,data_pmus_yaounde,q3_3_2,Agent_65,POSTE CENTRALE
5,4,2,5,2,llama3.1:8b,data_pmus_yaounde,q4_1_a,Agent_65,Veuillez indiquer depuis combien de temps vous attendez.
4,3,4,4,4,llama3.1:8b,data_pmus_yaounde,q4_1_b,Agent_65,10 20 MINUTES
5,4,2,5,2,llama3.1:8b,data_pmus_yaounde,q4_2_a,Agent_65,Veuillez indiquer depuis combien de temps vous attendez.
4,4,4,4,4,llama3.1:8b,data_pmus_yaounde,q4_2_b,Agent_65,15 30 MIN
4,4,4,4,4,llama3.1:8b,data_pmus_yaounde,q4_3,Agent_65,100
4,3,4,4,4,llama3.1:8b,data_pmus_yaounde,q4_4,Agent_65,AMIS
3,3,4,4,3,llama3.1:8b,data_pmus_yaounde,q4_4_autres,Agent_65,FAIRE DU MARCHE
5,3,4,4,4,llama3.1:8b,data_pmus_yaounde,q5_1,Agent_65,ENTRE 55ANS ET 64 ANS
5,3,3,4,4,llama3.1:8b,data_pmus_yaounde,q5_2,Agent_65,ENTRE 30 001 ET 100 000
5,4,4,4,4,llama3.1:8b,data_pmus_yaounde,q5_3,Agent_65,HOMME
4,4,3,4,3,llama3.1:8b,data_pmus_yaounde,centre ville,Agent_66,YAOUNDE
5,4,4,4,4,llama3.1:8b,data_pmus_yaounde,q1_1,Agent_66,UN QUARTIER DE LA VILLE DE YAOUNDE
4,4,4,4,4,llama3.1:8b,data_pmus_yaounde,q1_1_a,Agent_66,ACACIA
4,4,3,4,3,llama3.1:8b,data_pmus_yaounde,q1_1_b,Agent_66,NKOL BIKOK
4,4,3,4,3,llama3.1:8b,data_pmus_yaounde,q1_1_c,Agent_66,AFANOYA
5,4,4,4,4,llama3.1:8b,data_pmus_yaounde,q1_2,Agent_66,UN QUARTIER DE LA VILLE DE YAOUNDE
4,4,4,4,4,llama3.1:8b,data_pmus_yaounde,q1_2_a,Agent_66,ACACIA
4,4,3,4,3,llama3.1:8b,data_pmus_yaounde,q1_2_b,Agent_66,CARREFOUR
4,4,3,4,3,llama3.1:8b,data_pmus_yaounde,q1_3_c,Agent_66,DOUALA
4,3,4,4,3,llama3.1:8b,data_pmus_yaounde,q2_1,Agent_66,PAR BUS STACY
4,4,3,4,3,llama3.1:8b,data_pmus_yaounde,q2_2_1,Agent_66,2 CHEVEAU
4,4,3,4,3,llama3.1:8b,data_pmus_yaounde,q2_2_2,Agent_66,10 E ARRET
4,4,3,4,3,llama3.1:8b,data_pmus_yaounde,q2_3_1,Agent_66,CARREFOUR
4,4,3,4,3,llama3.1:8b,data_pmus_yaounde,q2_3_2,Agent_66,CARREFOUR
5,4,4,4,4,llama3.1:8b,data_pmus_yaounde,q2_3,Agent_66,OUI
4,4,3,4,3,llama3.1:8b,data_pmus_yaounde,q2_4,Agent_66,PAR BUS AGENCE INTERURBAIN
4,4,3,4,3,llama3.1:8b,data_pmus_yaounde,q2_5_1,Agent_66,A B0NAS
4,4,3,4,3,llama3.1:8b,data_pmus_yaounde,q2_5_2,Agent_66,CARREFOUR
4,4,3,4,3,llama3.1:8b,data_pmus_yaounde,q2_6_1,Agent_66,CARREFOUR
4,4,3,4,3,llama3.1:8b,data_pmus_yaounde,q2_6_2,Agent_66,CARREFOUR
4,4,3,4,4,llama3.1:8b,data_pmus_yaounde,q3_1,Agent_66,NON
4,3,4,4,3,llama3.1:8b,data_pmus_yaounde,q3_2,Agent_66,PAR BUS STACY
4,4,4,4,4,llama3.1:8b,data_pmus_yaounde,q3_3_1,Agent_66,ACACIA
4,4,3,4,3,llama3.1:8b,data_pmus_yaounde,q3_3_2,Agent_66,CARREFOUR
5,4,2,5,2,llama3.1:8b,data_pmus_yaounde,q4_1_a,Agent_66,Veuillez indiquer depuis combien de temps vous attendez.
4,3,4,4,4,llama3.1:8b,data_pmus_yaounde,q4_1_b,Agent_66,10 20 MINUTES
5,4,2,5,2,llama3.1:8b,data_pmus_yaounde,q4_2_a,Agent_66,Veuillez indiquer depuis combien de temps vous attendez.
4,4,4,4,4,llama3.1:8b,data_pmus_yaounde,q4_2_b,Agent_66,15 30 MIN
4,4,4,4,4,llama3.1:8b,data_pmus_yaounde,q4_3,Agent_66,200
4,3,4,4,4,llama3.1:8b,data_pmus_yaounde,q4_4,Agent_66,VISITE FAMILLE
3,3,4,4,3,llama3.1:8b,data_pmus_yaounde,q4_4_autres,Agent_66,ACHAT
5,3,4,4,4,llama3.1:8b,data_pmus_yaounde,q5_1,Agent_66,ENTRE 55ANS ET 64 ANS
5,3,3,4,4,llama3.1:8b,data_pmus_yaounde,q5_2,Agent_66,MOINS DE 30 000
5,4,4,4,4,llama3.1:8b,data_pmus_yaounde,q5_3,Agent_66,HOMME
4,4,3,4,3,llama3.1:8b,data_pmus_yaounde,centre ville,Agent_67,YAOUNDE
5,4,4,4,4,llama3.1:8b,data_pmus_yaounde,q1_1,Agent_67,UN QUARTIER DE LA VILLE DE YAOUNDE
4,4,4,4,4,llama3.1:8b,data_pmus_yaounde,q1_1_a,Agent_67,OYOM ABANG
4,4,3,4,3,llama3.1:8b,data_pmus_yaounde,q1_1_b,Agent_67,CITE UNIVERSITAIRE
4,4,3,4,3,llama3.1:8b,data_pmus_yaounde,q1_1_c,Agent_67,AFANOYA
5,4,4,4,4,llama3.1:8b,data_pmus_yaounde,q1_2,Agent_67,UN QUARTIER DE LA VILLE DE YAOUNDE
4,4,4,4,4,llama3.1:8b,data_pmus_yaounde,q1_2_a,Agent_67,MVOG ABAN
4,4,3,4,3,llama3.1:8b,data_pmus_yaounde,q1_2_b,Agent_67,RUE FOE
4,4,3,4,3,llama3.1:8b,data_pmus_yaounde,q1_3_c,Agent_67,YAOUNDE
4,3,4,4,3,llama3.1:8b,data_pmus_yaounde,q2_1,Agent_67,PAR BUS STACY
4,4,3,4,3,llama3.1:8b,data_pmus_yaounde,q2_2_1,Agent_67,2 CHEVEAU
4,4,3,4,3,llama3.1:8b,data_pmus_yaounde,q2_2_2,Agent_67,MONTEE FOE
4,4,3,4,3,llama3.1:8b,data_pmus_yaounde,q2_3_1,Agent_67,RUE FOE
4,4,3,4,3,llama3.1:8b,data_pmus_yaounde,q2_3_2,Agent_67,CARREFOUR
5,4,4,4,4,llama3.1:8b,data_pmus_yaounde,q2_3,Agent_67,NON
4,4,3,4,3,llama3.1:8b,data_pmus_yaounde,q2_4,Agent_67,PAR BUS STACY
4,4,3,4,3,llama3.1:8b,data_pmus_yaounde,q2_5_1,Agent_67,A B0NAS
4,4,3,4,3,llama3.1:8b,data_pmus_yaounde,q2_5_2,Agent_67,0MPHINE
4,4,3,4,3,llama3.1:8b,data_pmus_yaounde,q2_6_1,Agent_67,ABATTOIR
4,4,3,4,3,llama3.1:8b,data_pmus_yaounde,q2_6_2,Agent_67,BUCCA
4,4,3,4,4,llama3.1:8b,data_pmus_yaounde,q3_1,Agent_67,NON
4,3,4,4,3,llama3.1:8b,data_pmus_yaounde,q3_2,Agent_67,PAR BUS STACY
4,4,4,4,4,llama3.1:8b,data_pmus_yaounde,q3_3_1,Agent_67,MVOG ABAN
4,4,3,4,3,llama3.1:8b,data_pmus_yaounde,q3_3_2,Agent_67,MVOG ABAN
5,4,2,5,2,llama3.1:8b,data_pmus_yaounde,q4_1_a,Agent_67,Veuillez indiquer depuis combien de temps vous attendez.
4,3,4,4,4,llama3.1:8b,data_pmus_yaounde,q4_1_b,Agent_67,MOINS DE 5 MIN
5,4,2,5,2,llama3.1:8b,data_pmus_yaounde,q4_2_a,Agent_67,Veuillez indiquer depuis combien de temps vous attendez.
4,4,4,4,4,llama3.1:8b,data_pmus_yaounde,q4_2_b,Agent_67,30 60 MIN
4,4,4,4,4,llama3.1:8b,data_pmus_yaounde,q4_3,Agent_67,100
4,3,4,4,4,llama3.1:8b,data_pmus_yaounde,q4_4,Agent_67,TRAVAIL
3,3,4,4,3,llama3.1:8b,data_pmus_yaounde,q4_4_autres,Agent_67,ACHAT
5,3,4,4,4,llama3.1:8b,data_pmus_yaounde,q5_1,Agent_67,ENTRE 55ANS ET 64 ANS
5,3,3,4,4,llama3.1:8b,data_pmus_yaounde,q5_2,Agent_67,ENTRE 30 001 ET 100 000
5,4,4,4,4,llama3.1:8b,data_pmus_yaounde,q5_3,Agent_67,HOMME
4,4,3,4,3,llama3.1:8b,data_pmus_yaounde,centre ville,Agent_68,YAOUNDE
5,4,4,4,4,llama3.1:8b,data_pmus_yaounde,q1_1,Agent_68,UN QUARTIER DE LA VILLE DE YAOUNDE
4,4,4,4,4,llama3.1:8b,data_pmus_yaounde,q1_1_a,Agent_68,LEBOUDI
4,4,3,4,3,llama3.1:8b,data_pmus_yaounde,q1_1_b,Agent_68,10EME ARRET
4,4,3,4,3,llama3.1:8b,data_pmus_yaounde,q1_1_c,Agent_68,AFANOYA
5,4,4,4,4,llama3.1:8b,data_pmus_yaounde,q1_2,Agent_68,UN QUARTIER DE LA VILLE DE YAOUNDE
4,4,4,4,4,llama3.1:8b,data_pmus_yaounde,q1_2_a,Agent_68,ETOUDI
4,4,3,4,3,llama3.1:8b,data_pmus_yaounde,q1_2_b,Agent_68,EBOADIZON
4,4,3,4,3,llama3.1:8b,data_pmus_yaounde,q1_3_c,Agent_68,YAOUNDE
4,3,4,4,3,llama3.1:8b,data_pmus_yaounde,q2_1,Agent_68,PAR BUS STACY
4,4,3,4,3,llama3.1:8b,data_pmus_yaounde,q2_2_1,Agent_68,CHAPPELLE
4,4,3,4,3,llama3.1:8b,data_pmus_yaounde,q2_2_2,Agent_68,CHAPPELLE
4,4,3,4,3,llama3.1:8b,data_pmus_yaounde,q2_3_1,Agent_68,ETOUG EBE
4,4,3,4,3,llama3.1:8b,data_pmus_yaounde,q2_3_2,Agent_68,LEBOUDI
5,4,4,4,4,llama3.1:8b,data_pmus_yaounde,q2_3,Agent_68,NON
4,4,3,4,3,llama3.1:8b,data_pmus_yaounde,q2_4,Agent_68,PAR BUS STACY
4,4,3,4,3,llama3.1:8b,data_pmus_yaounde,q2_5_1,Agent_68,LEBOUDI
4,4,3,4,3,llama3.1:8b,data_pmus_yaounde,q2_5_2,Agent_68,LEBOUDI
4,4,3,4,3,llama3.1:8b,data_pmus_yaounde,q2_6_1,Agent_68,LEBOUDI
4,4,3,4,3,llama3.1:8b,data_pmus_yaounde,q2_6_2,Agent_68,11EME ARRET
4,4,3,4,4,llama3.1:8b,data_pmus_yaounde,q3_1,Agent_68,NON
4,3,4,4,3,llama3.1:8b,data_pmus_yaounde,q3_2,Agent_68,PAR BUS STACY
4,4,4,4,4,llama3.1:8b,data_pmus_yaounde,q3_3_1,Agent_68,LEBOUDI
4,4,3,4,3,llama3.1:8b,data_pmus_yaounde,q3_3_2,Agent_68,LEBOUDI
5,4,2,5,2,llama3.1:8b,data_pmus_yaounde,q4_1_a,Agent_68,Veuillez indiquer depuis combien de temps vous attendez.
4,3,4,4,4,llama3.1:8b,data_pmus_yaounde,q4_1_b,Agent_68,10 20 MINUTES
5,4,2,5,2,llama3.1:8b,data_pmus_yaounde,q4_2_a,Agent_68,Veuillez indiquer depuis combien de temps vous attendez.
4,4,4,4,4,llama3.1:8b,data_pmus_yaounde,q4_2_b,Agent_68,15 30 MIN
4,4,4,4,4,llama3.1:8b,data_pmus_yaounde,q4_3,Agent_68,1650
4,3,4,4,4,llama3.1:8b,data_pmus_yaounde,q4_4,Agent_68,TRAVAIL
3,3,4,4,3,llama3.1:8b,data_pmus_yaounde,q4_4_autres,Agent_68,ACHAT
5,3,4,4,4,llama3.1:8b,data_pmus_yaounde,q5_1,Agent_68,ENTRE 18 ET 25 ANS
5,3,3,4,4,llama3.1:8b,data_pmus_yaounde,q5_2,Agent_68,ENTRE 30 001 ET 100 000
5,4,4,4,4,llama3.1:8b,data_pmus_yaounde,q5_3,Agent_68,FEMME
4,4,3,4,3,llama3.1:8b,data_pmus_yaounde,centre ville,Agent_69,YAOUNDE
5,4,4,4,4,llama3.1:8b,data_pmus_yaounde,q1_1,Agent_69,UN QUARTIER DE LA VILLE DE YAOUNDE
4,4,4,4,4,llama3.1:8b,data_pmus_yaounde,q1_1_a,Agent_69,ETOA MEKI
4,4,3,4,3,llama3.1:8b,data_pmus_yaounde,q1_1_b,Agent_69,10EME ARRET
4,4,3,4,3,llama3.1:8b,data_pmus_yaounde,q1_1_c,Agent_69,AFANOYA
5,4,4,4,4,llama3.1:8b,data_pmus_yaounde,q1_2,Agent_69,UN QUARTIER DE LA VILLE DE YAOUNDE
4,4,4,4,4,llama3.1:8b,data_pmus_yaounde,q1_2_a,Agent_69,ETOA MEKI
4,4,3,4,3,llama3.1:8b,data_pmus_yaounde,q1_2_b,Agent_69,10 IEME ARRET
4,4,3,4,3,llama3.1:8b,data_pmus_yaounde,q1_3_c,Agent_69,YAOUNDE
4,3,4,4,3,llama3.1:8b,data_pmus_yaounde,q2_1,Agent_69,A PIED
4,4,3,4,3,llama3.1:8b,data_pmus_yaounde,q2_2_1,Agent_69,2 CHEVEAU
4,4,3,4,3,llama3.1:8b,data_pmus_yaounde,q2_2_2,Agent_69,FOYER BANJOUN
4,4,3,4,3,llama3.1:8b,data_pmus_yaounde,q2_3_1,Agent_69,ETOA MEKI
4,4,3,4,3,llama3.1:8b,data_pmus_yaounde,q2_3_2,Agent_69,0NANA
5,4,4,4,4,llama3.1:8b,data_pmus_yaounde,q2_3,Agent_69,NON
4,4,3,4,3,llama3.1:8b,data_pmus_yaounde,q2_4,Agent_69,A PIED
4,4,3,4,3,llama3.1:8b,data_pmus_yaounde,q2_5_1,Agent_69,ETOUDI
4,4,3,4,3,llama3.1:8b,data_pmus_yaounde,q2_5_2,Agent_69,0MPHINE
4,4,3,4,3,llama3.1:8b,data_pmus_yaounde,q2_6_1,Agent_69,ENTREE DECHARGE
4,4,3,4,3,llama3.1:8b,data_pmus_yaounde,q2_6_2,Agent_69,11EME ARRET
4,4,3,4,4,llama3.1:8b,data_pmus_yaounde,q3_1,Agent_69,NON
4,3,4,4,3,llama3.1:8b,data_pmus_yaounde,q3_2,Agent_69,A PIED
4,4,4,4,4,llama3.1:8b,data_pmus_yaounde,q3_3_1,Agent_69,ACACIA
4,4,3,4,3,llama3.1:8b,data_pmus_yaounde,q3_3_2,Agent_69,ACACIA
5,4,2,5,2,llama3.1:8b,data_pmus_yaounde,q4_1_a,Agent_69,Veuillez indiquer depuis combien de temps vous attendez.
4,3,4,4,4,llama3.1:8b,data_pmus_yaounde,q4_1_b,Agent_69,10 20 MINUTES
5,4,2,5,2,llama3.1:8b,data_pmus_yaounde,q4_2_a,Agent_69,Veuillez indiquer depuis combien de temps vous attendez.
4,4,4,4,4,llama3.1:8b,data_pmus_yaounde,q4_2_b,Agent_69,15 30 MIN
4,4,4,4,4,llama3.1:8b,data_pmus_yaounde,q4_3,Agent_69,1800
4,3,4,4,4,llama3.1:8b,data_pmus_yaounde,q4_4,Agent_69,COURSES
3,3,4,4,3,llama3.1:8b,data_pmus_yaounde,q4_4_autres,Agent_69,COURS
5,3,4,4,4,llama3.1:8b,data_pmus_yaounde,q5_1,Agent_69,MOINS DE 18 ANS
5,3,3,4,4,llama3.1:8b,data_pmus_yaounde,q5_2,Agent_69,ENTRE 30 001 ET 100 000
5,4,4,4,4,llama3.1:8b,data_pmus_yaounde,q5_3,Agent_69,FEMME
4,4,3,4,3,llama3.1:8b,data_pmus_yaounde,centre ville,Agent_70,YAOUNDE
5,4,4,4,4,llama3.1:8b,data_pmus_yaounde,q1_1,Agent_70,UN QUARTIER DE LA VILLE DE YAOUNDE
4,4,4,4,4,llama3.1:8b,data_pmus_yaounde,q1_1_a,Agent_70,OYOM ABANG
4,4,3,4,3,llama3.1:8b,data_pmus_yaounde,q1_1_b,Agent_70,OLEZOA
4,4,3,4,3,llama3.1:8b,data_pmus_yaounde,q1_1_c,Agent_70,AFANOYA
5,4,4,4,4,llama3.1:8b,data_pmus_yaounde,q1_2,Agent_70,UN QUARTIER DE LA VILLE DE YAOUNDE
4,4,4,4,4,llama3.1:8b,data_pmus_yaounde,q1_2_a,Agent_70,CARREFOUR VALLE
4,4,3,4,3,llama3.1:8b,data_pmus_yaounde,q1_2_b,Agent_70,10 IEME ARRET
4,4,3,4,3,llama3.1:8b,data_pmus_yaounde,q1_3_c,Agent_70,BUEA
4,3,4,4,3,llama3.1:8b,data_pmus_yaounde,q2_1,Agent_70,PAR BUS STACY
4,4,3,4,3,llama3.1:8b,data_pmus_yaounde,q2_2_1,Agent_70,2 CHEVEAU
4,4,3,4,3,llama3.1:8b,data_pmus_yaounde,q2_2_2,Agent_70,10 E ARRET
4,4,3,4,3,llama3.1:8b,data_pmus_yaounde,q2_3_1,Agent_70,EKOUM DOUM
4,4,3,4,3,llama3.1:8b,data_pmus_yaounde,q2_3_2,Agent_70,0NANA
5,4,4,4,4,llama3.1:8b,data_pmus_yaounde,q2_3,Agent_70,NON
4,4,3,4,3,llama3.1:8b,data_pmus_yaounde,q2_4,Agent_70,PAR BUS STACY
4,4,3,4,3,llama3.1:8b,data_pmus_yaounde,q2_5_1,Agent_70,ETOUDI
4,4,3,4,3,llama3.1:8b,data_pmus_yaounde,q2_5_2,Agent_70,ENTREE COLOMBE
4,4,3,4,3,llama3.1:8b,data_pmus_yaounde,q2_6_1,Agent_70,OYOM ABANG
4,4,3,4,3,llama3.1:8b,data_pmus_yaounde,q2_6_2,Agent_70,PONT
4,4,3,4,4,llama3.1:8b,data_pmus_yaounde,q3_1,Agent_70,NON
4,3,4,4,3,llama3.1:8b,data_pmus_yaounde,q3_2,Agent_70,PAR BUS STACY
4,4,4,4,4,llama3.1:8b,data_pmus_yaounde,q3_3_1,Agent_70,OYOM ABANG
4,4,3,4,3,llama3.1:8b,data_pmus_yaounde,q3_3_2,Agent_70,OYOM ABANG
5,4,2,5,2,llama3.1:8b,data_pmus_yaounde,q4_1_a,Agent_70,Veuillez indiquer depuis combien de temps vous attendez.
4,3,4,4,4,llama3.1:8b,data_pmus_yaounde,q4_1_b,Agent_70,MOINS DE 5 MIN
5,4,2,5,2,llama3.1:8b,data_pmus_yaounde,q4_2_a,Agent_70,Veuillez indiquer depuis combien de temps vous attendez.
4,4,4,4,4,llama3.1:8b,data_pmus_yaounde,q4_2_b,Agent_70,15 30 MIN
4,4,4,4,4,llama3.1:8b,data_pmus_yaounde,q4_3,Agent_70,250
4,3,4,4,4,llama3.1:8b,data_pmus_yaounde,q4_4,Agent_70,TRAVAIL
3,3,4,4,3,llama3.1:8b,data_pmus_yaounde,q4_4_autres,Agent_70,ACHAT
5,3,4,4,4,llama3.1:8b,data_pmus_yaounde,q5_1,Agent_70,ENTRE 18 ET 25 ANS
5,3,3,4,4,llama3.1:8b,data_pmus_yaounde,q5_2,Agent_70,ENTRE 30 001 ET 100 000
5,4,4,4,4,llama3.1:8b,data_pmus_yaounde,q5_3,Agent_70,HOMME
4,4,3,4,3,llama3.1:8b,data_pmus_yaounde,centre ville,Agent_71,YAOUNDE
5,4,4,4,4,llama3.1:8b,data_pmus_yaounde,q1_1,Agent_71,UN QUARTIER DE LA VILLE DE YAOUNDE
4,4,4,4,4,llama3.1:8b,data_pmus_yaounde,q1_1_a,Agent_71,ABIT
4,4,3,4,3,llama3.1:8b,data_pmus_yaounde,q1_1_b,Agent_71,NTEMSASSI
4,4,3,4,3,llama3.1:8b,data_pmus_yaounde,q1_1_c,Agent_71,AFANOYA
5,4,4,4,4,llama3.1:8b,data_pmus_yaounde,q1_2,Agent_71,UN QUARTIER DE LA VILLE DE YAOUNDE
4,4,4,4,4,llama3.1:8b,data_pmus_yaounde,q1_2_a,Agent_71,NKOLANGA
4,4,3,4,3,llama3.1:8b,data_pmus_yaounde,q1_2_b,Agent_71,NKOLANGA
4,4,3,4,3,llama3.1:8b,data_pmus_yaounde,q1_3_c,Agent_71,DOUALA
4,3,4,4,3,llama3.1:8b,data_pmus_yaounde,q2_1,Agent_71,PAR BUS STACY
4,4,3,4,3,llama3.1:8b,data_pmus_yaounde,q2_2_1,Agent_71,ENTRE COMPAGNIE
4,4,3,4,3,llama3.1:8b,data_pmus_yaounde,q2_2_2,Agent_71,NKOLANGA
4,4,3,4,3,llama3.1:8b,data_pmus_yaounde,q2_3_1,Agent_71,0LESOA
4,4,3,4,3,llama3.1:8b,data_pmus_yaounde,q2_3_2,Agent_71,0NANA
5,4,4,4,4,llama3.1:8b,data_pmus_yaounde,q2_3,Agent_71,NON
4,4,3,4,3,llama3.1:8b,data_pmus_yaounde,q2_4,Agent_71,PAR BUS STACY
4,4,3,4,3,llama3.1:8b,data_pmus_yaounde,q2_5_1,Agent_71,A B0NAS
4,4,3,4,3,llama3.1:8b,data_pmus_yaounde,q2_5_2,Agent_71,AFANA
4,4,3,4,3,llama3.1:8b,data_pmus_yaounde,q2_6_1,Agent_71,NKOLANGA
4,4,3,4,3,llama3.1:8b,data_pmus_yaounde,q2_6_2,Agent_71,IAI
4,4,3,4,4,llama3.1:8b,data_pmus_yaounde,q3_1,Agent_71,NON
4,3,4,4,3,llama3.1:8b,data_pmus_yaounde,q3_2,Agent_71,PAR BUS STACY
4,4,4,4,4,llama3.1:8b,data_pmus_yaounde,q3_3_1,Agent_71,NKOLANGA
4,4,3,4,3,llama3.1:8b,data_pmus_yaounde,q3_3_2,Agent_71,NKOLANGA
5,4,2,5,2,llama3.1:8b,data_pmus_yaounde,q4_1_a,Agent_71,Veuillez indiquer depuis combien de temps vous attendez.
4,3,4,4,4,llama3.1:8b,data_pmus_yaounde,q4_1_b,Agent_71,10 20 MINUTES
5,4,2,5,2,llama3.1:8b,data_pmus_yaounde,q4_2_a,Agent_71,Veuillez indiquer depuis combien de temps vous attendez.
4,4,4,4,4,llama3.1:8b,data_pmus_yaounde,q4_2_b,Agent_71,15 30 MIN
4,4,4,4,4,llama3.1:8b,data_pmus_yaounde,q4_3,Agent_71,3000
4,3,4,4,4,llama3.1:8b,data_pmus_yaounde,q4_4,Agent_71,TRAVAIL
3,3,4,4,3,llama3.1:8b,data_pmus_yaounde,q4_4_autres,Agent_71,ACHAT
5,3,4,4,4,llama3.1:8b,data_pmus_yaounde,q5_1,Agent_71,ENTRE 18 ET 25 ANS
5,3,3,4,4,llama3.1:8b,data_pmus_yaounde,q5_2,Agent_71,ENTRE 30 001 ET 100 000
5,4,4,4,4,llama3.1:8b,data_pmus_yaounde,q5_3,Agent_71,HOMME
4,4,3,4,3,llama3.1:8b,data_pmus_yaounde,centre ville,Agent_72,YAOUNDE
5,4,4,4,4,llama3.1:8b,data_pmus_yaounde,q1_1,Agent_72,UN QUARTIER DE LA VILLE DE YAOUNDE
4,4,4,4,4,llama3.1:8b,data_pmus_yaounde,q1_1_a,Agent_72,ABIT
4,4,3,4,3,llama3.1:8b,data_pmus_yaounde,q1_1_b,Agent_72,BATA NLONGKAK
4,4,3,4,3,llama3.1:8b,data_pmus_yaounde,q1_1_c,Agent_72,AFANOYA
5,4,4,4,4,llama3.1:8b,data_pmus_yaounde,q1_2,Agent_72,UN QUARTIER DE LA VILLE DE YAOUNDE
4,4,4,4,4,llama3.1:8b,data_pmus_yaounde,q1_2_a,Agent_72,TITI GARAGE
4,4,3,4,3,llama3.1:8b,data_pmus_yaounde,q1_2_b,Agent_72,TITI GARAGE
4,4,3,4,3,llama3.1:8b,data_pmus_yaounde,q1_3_c,Agent_72,YAOUNDE
4,3,4,4,3,llama3.1:8b,data_pmus_yaounde,q2_1,Agent_72,PAR BUS STACY
4,4,3,4,3,llama3.1:8b,data_pmus_yaounde,q2_2_1,Agent_72,CARREFOUR BEIGNET
4,4,3,4,3,llama3.1:8b,data_pmus_yaounde,q2_2_2,Agent_72,CARREFOURESSOMBA
4,4,3,4,3,llama3.1:8b,data_pmus_yaounde,q2_3_1,Agent_72,0LESOA
4,4,3,4,3,llama3.1:8b,data_pmus_yaounde,q2_3_2,Agent_72,CARREFOUREKOUNOUU
5,4,4,4,4,llama3.1:8b,data_pmus_yaounde,q2_3,Agent_72,NON
4,4,3,4,3,llama3.1:8b,data_pmus_yaounde,q2_4,Agent_72,PAR BUS STACY
4,4,3,4,3,llama3.1:8b,data_pmus_yaounde,q2_5_1,Agent_72,A B0NAS
4,4,3,4,3,llama3.1:8b,data_pmus_yaounde,q2_5_2,Agent_72,BATA NLONGKAK
4,4,3,4,3,llama3.1:8b,data_pmus_yaounde,q2_6_1,Agent_72,ABATTOIR
4,4,3,4,3,llama3.1:8b,data_pmus_yaounde,q2_6_2,Agent_72,11EME ARRET
4,4,3,4,4,llama3.1:8b,data_pmus_yaounde,q3_1,Agent_72,NON
4,3,4,4,3,llama3.1:8b,data_pmus_yaounde,q3_2,Agent_72,PAR BUS STACY
4,4,4,4,4,llama3.1:8b,data_pmus_yaounde,q3_3_1,Agent_72,ACACIA
4,4,3,4,3,llama3.1:8b,data_pmus_yaounde,q3_3_2,Agent_72,TITI GARAGE
5,4,2,5,2,llama3.1:8b,data_pmus_yaounde,q4_1_a,Agent_72,Veuillez indiquer depuis combien de temps vous attendez.
4,3,4,4,4,llama3.1:8b,data_pmus_yaounde,q4_1_b,Agent_72,PLUS DE 20 MINUTES
5,4,2,5,2,llama3.1:8b,data_pmus_yaounde,q4_2_a,Agent_72,Veuillez indiquer depuis combien de temps vous attendez.
4,4,4,4,4,llama3.1:8b,data_pmus_yaounde,q4_2_b,Agent_72,15 30 MIN
4,4,4,4,4,llama3.1:8b,data_pmus_yaounde,q4_3,Agent_72,1250
4,3,4,4,4,llama3.1:8b,data_pmus_yaounde,q4_4,Agent_72,COURSES
3,3,4,4,3,llama3.1:8b,data_pmus_yaounde,q4_4_autres,Agent_72,ETUDES
5,3,4,4,4,llama3.1:8b,data_pmus_yaounde,q5_1,Agent_72,ENTRE 18 ET 25 ANS
5,3,3,4,4,llama3.1:8b,data_pmus_yaounde,q5_2,Agent_72,ENTRE 30 001 ET 100 000
5,4,4,4,4,llama3.1:8b,data_pmus_yaounde,q5_3,Agent_72,FEMME
4,4,3,4,3,llama3.1:8b,data_pmus_yaounde,centre ville,Agent_73,YAOUNDE
5,4,4,4,4,llama3.1:8b,data_pmus_yaounde,q1_1,Agent_73,UN QUARTIER DE LA VILLE DE YAOUNDE
4,4,4,4,4,llama3.1:8b,data_pmus_yaounde,q1_1_a,Agent_73,CITE VERTE
4,4,3,4,3,llama3.1:8b,data_pmus_yaounde,q1_1_b,Agent_73,PRES DE LA STATION
4,4,3,4,3,llama3.1:8b,data_pmus_yaounde,q1_1_c,Agent_73,AFANOYA
5,4,4,4,4,llama3.1:8b,data_pmus_yaounde,q1_2,Agent_73,UN QUARTIER DE LA VILLE DE YAOUNDE
4,4,4,4,4,llama3.1:8b,data_pmus_yaounde,q1_2_a,Agent_73,CITE VERTE
4,4,3,4,3,llama3.1:8b,data_pmus_yaounde,q1_2_b,Agent_73,CITE VERTE
4,4,3,4,3,llama3.1:8b,data_pmus_yaounde,q1_3_c,Agent_73,YAOUNDE
4,3,4,4,3,llama3.1:8b,data_pmus_yaounde,q2_1,Agent_73,PAR BUS STACY
4,4,3,4,3,llama3.1:8b,data_pmus_yaounde,q2_2_1,Agent_73,PLATEAU
4,4,3,4,3,llama3.1:8b,data_pmus_yaounde,q2_2_2,Agent_73,PLAQUE LMB
4,4,3,4,3,llama3.1:8b,data_pmus_yaounde,q2_3_1,Agent_73,0LESOA
4,4,3,4,3,llama3.1:8b,data_pmus_yaounde,q2_3_2,Agent_73,POINT DE BUS
5,4,4,4,4,llama3.1:8b,data_pmus_yaounde,q2_3,Agent_73,OUI
4,4,3,4,3,llama3.1:8b,data_pmus_yaounde,q2_4,Agent_73,PAR BUS STACY
4,4,3,4,3,llama3.1:8b,data_pmus_yaounde,q2_5_1,Agent_73,NKOLBISSON
4,4,3,4,3,llama3.1:8b,data_pmus_yaounde,q2_5_2,Agent_73,NKOLBISSON
4,4,3,4,3,llama3.1:8b,data_pmus_yaounde,q2_6_1,Agent_73,NKOLBISSON
4,4,3,4,3,llama3.1:8b,data_pmus_yaounde,q2_6_2,Agent_73,NKOLBISSON
4,4,3,4,4,llama3.1:8b,data_pmus_yaounde,q3_1,Agent_73,OUI
4,3,4,4,3,llama3.1:8b,data_pmus_yaounde,q3_2,Agent_73,PAR BUS STACY
4,4,4,4,4,llama3.1:8b,data_pmus_yaounde,q3_3_1,Agent_73,NKOLBISSON
4,4,3,4,3,llama3.1:8b,data_pmus_yaounde,q3_3_2,Agent_73,10 IEME ARRET
5,4,2,5,2,llama3.1:8b,data_pmus_yaounde,q4_1_a,Agent_73,Veuillez indiquer depuis combien de temps vous attendez.
4,3,4,4,4,llama3.1:8b,data_pmus_yaounde,q4_1_b,Agent_73,10 20 MINUTES
5,4,2,5,2,llama3.1:8b,data_pmus_yaounde,q4_2_a,Agent_73,Veuillez indiquer depuis combien de temps vous attendez.
4,4,4,4,4,llama3.1:8b,data_pmus_yaounde,q4_2_b,Agent_73,15 30 MIN
4,4,4,4,4,llama3.1:8b,data_pmus_yaounde,q4_3,Agent_73,800
4,3,4,4,4,llama3.1:8b,data_pmus_yaounde,q4_4,Agent_73,SPORTIVES
3,3,4,4,3,llama3.1:8b,data_pmus_yaounde,q4_4_autres,Agent_73,SPORT ET VISITE AMICALE
5,3,4,4,4,llama3.1:8b,data_pmus_yaounde,q5_1,Agent_73,ENTRE 18 ET 25 ANS
5,3,3,4,4,llama3.1:8b,data_pmus_yaounde,q5_2,Agent_73,ENTRE 30 001 ET 100 000
5,4,4,4,4,llama3.1:8b,data_pmus_yaounde,q5_3,Agent_73,HOMME
4,4,3,4,3,llama3.1:8b,data_pmus_yaounde,centre ville,Agent_74,YAOUNDE
5,4,4,4,4,llama3.1:8b,data_pmus_yaounde,q1_1,Agent_74,UN QUARTIER DE LA VILLE DE YAOUNDE
4,4,4,4,4,llama3.1:8b,data_pmus_yaounde,q1_1_a,Agent_74,ABIT
4,4,3,4,3,llama3.1:8b,data_pmus_yaounde,q1_1_b,Agent_74,ENTREE CNPS
4,4,3,4,3,llama3.1:8b,data_pmus_yaounde,q1_1_c,Agent_74,AFANOYA
5,4,4,4,4,llama3.1:8b,data_pmus_yaounde,q1_2,Agent_74,UN QUARTIER DE LA VILLE DE YAOUNDE
4,4,4,4,4,llama3.1:8b,data_pmus_yaounde,q1_2_a,Agent_74,EMANA
4,4,3,4,3,llama3.1:8b,data_pmus_yaounde,q1_2_b,Agent_74,EMANA
4,4,3,4,3,llama3.1:8b,data_pmus_yaounde,q1_3_c,Agent_74,DOUALA
4,3,4,4,3,llama3.1:8b,data_pmus_yaounde,q2_1,Agent_74,PAR BUS STACY
4,4,3,4,3,llama3.1:8b,data_pmus_yaounde,q2_2_1,Agent_74,EMANA
4,4,3,4,3,llama3.1:8b,data_pmus_yaounde,q2_2_2,Agent_74,EXPRESS UNION
4,4,3,4,3,llama3.1:8b,data_pmus_yaounde,q2_3_1,Agent_74,EMANA
4,4,3,4,3,llama3.1:8b,data_pmus_yaounde,q2_3_2,Agent_74,EMANA
5,4,4,4,4,llama3.1:8b,data_pmus_yaounde,q2_3,Agent_74,NON
4,4,3,4,3,llama3.1:8b,data_pmus_yaounde,q2_4,Agent_74,PAR BUS STACY
4,4,3,4,3,llama3.1:8b,data_pmus_yaounde,q2_5_1,Agent_74,EMANA
4,4,3,4,3,llama3.1:8b,data_pmus_yaounde,q2_5_2,Agent_74,0MPHINE
4,4,3,4,3,llama3.1:8b,data_pmus_yaounde,q2_6_1,Agent_74,EMANA
4,4,3,4,3,llama3.1:8b,data_pmus_yaounde,q2_6_2,Agent_74,ARRET BUS
4,4,3,4,4,llama3.1:8b,data_pmus_yaounde,q3_1,Agent_74,NON
4,3,4,4,3,llama3.1:8b,data_pmus_yaounde,q3_2,Agent_74,PAR BUS STACY
4,4,4,4,4,llama3.1:8b,data_pmus_yaounde,q3_3_1,Agent_74,EMANA
4,4,3,4,3,llama3.1:8b,data_pmus_yaounde,q3_3_2,Agent_74,ARRET BUS
5,4,2,5,2,llama3.1:8b,data_pmus_yaounde,q4_1_a,Agent_74,Veuillez indiquer depuis combien de temps vous attendez.
4,3,4,4,4,llama3.1:8b,data_pmus_yaounde,q4_1_b,Agent_74,10 20 MINUTES
5,4,2,5,2,llama3.1:8b,data_pmus_yaounde,q4_2_a,Agent_74,Veuillez indiquer depuis combien de temps vous attendez.
4,4,4,4,4,llama3.1:8b,data_pmus_yaounde,q4_2_b,Agent_74,15 30 MIN
4,4,4,4,4,llama3.1:8b,data_pmus_yaounde,q4_3,Agent_74,2000
4,3,4,4,4,llama3.1:8b,data_pmus_yaounde,q4_4,Agent_74,COURSES
3,3,4,4,3,llama3.1:8b,data_pmus_yaounde,q4_4_autres,Agent_74,COURS
5,3,4,4,4,llama3.1:8b,data_pmus_yaounde,q5_1,Agent_74,ENTRE 18 ET 25 ANS
5,3,3,4,4,llama3.1:8b,data_pmus_yaounde,q5_2,Agent_74,ENTRE 30 001 ET 100 000
5,4,4,4,4,llama3.1:8b,data_pmus_yaounde,q5_3,Agent_74,FEMME
4,4,3,4,3,llama3.1:8b,data_pmus_yaounde,centre ville,Agent_75,YAOUNDE
5,4,4,4,4,llama3.1:8b,data_pmus_yaounde,q1_1,Agent_75,UN QUARTIER DE LA VILLE DE YAOUNDE
4,4,4,4,4,llama3.1:8b,data_pmus_yaounde,q1_1_a,Agent_75,ABIT
4,4,3,4,3,llama3.1:8b,data_pmus_yaounde,q1_1_b,Agent_75,MARCHE
4,4,3,4,3,llama3.1:8b,data_pmus_yaounde,q1_1_c,Agent_75,AFANOYA
5,4,4,4,4,llama3.1:8b,data_pmus_yaounde,q1_2,Agent_75,UN QUARTIER DE LA VILLE DE YAOUNDE
4,4,4,4,4,llama3.1:8b,data_pmus_yaounde,q1_2_a,Agent_75,ABOM
4,4,3,4,3,llama3.1:8b,data_pmus_yaounde,q1_2_b,Agent_75,MARCHE DE FLEURE
4,4,3,4,3,llama3.1:8b,data_pmus_yaounde,q1_3_c,Agent_75,EFOULAN
4,3,4,4,3,llama3.1:8b,data_pmus_yaounde,q2_1,Agent_75,A PIED
4,4,3,4,3,llama3.1:8b,data_pmus_yaounde,q2_2_1,Agent_75,2 CHEVEAU
4,4,3,4,3,llama3.1:8b,data_pmus_yaounde,q2_2_2,Agent_75,EFOULAN
4,4,3,4,3,llama3.1:8b,data_pmus_yaounde,q2_3_1,Agent_75,MARCHE
4,4,3,4,3,llama3.1:8b,data_pmus_yaounde,q2_3_2,Agent_75,DESCENTE
5,4,4,4,4,llama3.1:8b,data_pmus_yaounde,q2_3,Agent_75,NON
4,4,3,4,3,llama3.1:8b,data_pmus_yaounde,q2_4,Agent_75,PAR BUS STACY
4,4,3,4,3,llama3.1:8b,data_pmus_yaounde,q2_5_1,Agent_75,A B0NAS
4,4,3,4,3,llama3.1:8b,data_pmus_yaounde,q2_5_2,Agent_75,0MPHINE
4,4,3,4,3,llama3.1:8b,data_pmus_yaounde,q2_6_1,Agent_75,EFOULAN
4,4,3,4,3,llama3.1:8b,data_pmus_yaounde,q2_6_2,Agent_75,GARE ROUTIERE
4,4,3,4,4,llama3.1:8b,data_pmus_yaounde,q3_1,Agent_75,NON
4,3,4,4,3,llama3.1:8b,data_pmus_yaounde,q3_2,Agent_75,A PIED
4,4,4,4,4,llama3.1:8b,data_pmus_yaounde,q3_3_1,Agent_75,EFOULAN
4,4,3,4,3,llama3.1:8b,data_pmus_yaounde,q3_3_2,Agent_75,GARE ROUTIERE
5,4,2,5,2,llama3.1:8b,data_pmus_yaounde,q4_1_a,Agent_75,Veuillez indiquer depuis combien de temps vous attendez.
4,3,4,4,4,llama3.1:8b,data_pmus_yaounde,q4_1_b,Agent_75,MOINS DE 5 MIN
5,4,2,5,2,llama3.1:8b,data_pmus_yaounde,q4_2_a,Agent_75,Veuillez indiquer depuis combien de temps vous attendez.
4,4,4,4,4,llama3.1:8b,data_pmus_yaounde,q4_2_b,Agent_75,15 30 MIN
4,4,4,4,4,llama3.1:8b,data_pmus_yaounde,q4_3,Agent_75,408
4,3,4,4,4,llama3.1:8b,data_pmus_yaounde,q4_4,Agent_75,TRAVAIL
3,3,4,4,3,llama3.1:8b,data_pmus_yaounde,q4_4_autres,Agent_75,FAIRE DU MARCHE
5,3,4,4,4,llama3.1:8b,data_pmus_yaounde,q5_1,Agent_75,MOINS DE 18 ANS
5,3,3,4,4,llama3.1:8b,data_pmus_yaounde,q5_2,Agent_75,ENTRE 30 001 ET 100 000
5,4,4,4,4,llama3.1:8b,data_pmus_yaounde,q5_3,Agent_75,FEMME
4,4,3,4,3,llama3.1:8b,data_pmus_yaounde,centre ville,Agent_76,YAOUNDE
5,4,4,4,4,llama3.1:8b,data_pmus_yaounde,q1_1,Agent_76,UN QUARTIER DE LA VILLE DE YAOUNDE
4,4,4,4,4,llama3.1:8b,data_pmus_yaounde,q1_1_a,Agent_76,ETAM BAFIA
4,4,3,4,3,llama3.1:8b,data_pmus_yaounde,q1_1_b,Agent_76,HOTEL LE PARADIE
4,4,3,4,3,llama3.1:8b,data_pmus_yaounde,q1_1_c,Agent_76,AFANOYA
5,4,4,4,4,llama3.1:8b,data_pmus_yaounde,q1_2,Agent_76,UN QUARTIER DE LA VILLE DE YAOUNDE
4,4,4,4,4,llama3.1:8b,data_pmus_yaounde,q1_2_a,Agent_76,ABOM
4,4,3,4,3,llama3.1:8b,data_pmus_yaounde,q1_2_b,Agent_76,MARCHE ETOUDI
4,4,3,4,3,llama3.1:8b,data_pmus_yaounde,q1_3_c,Agent_76,MBANKOMO
4,3,4,4,3,llama3.1:8b,data_pmus_yaounde,q2_1,Agent_76,PAR TAXI
4,4,3,4,3,llama3.1:8b,data_pmus_yaounde,q2_2_1,Agent_76,2 CHEVEAU
4,4,3,4,3,llama3.1:8b,data_pmus_yaounde,q2_2_2,Agent_76,MBANKOLO
4,4,3,4,3,llama3.1:8b,data_pmus_yaounde,q2_3_1,Agent_76,MBANKOMO
4,4,3,4,3,llama3.1:8b,data_pmus_yaounde,q2_3_2,Agent_76,ABATOIRE
5,4,4,4,4,llama3.1:8b,data_pmus_yaounde,q2_3,Agent_76,NON
4,4,3,4,3,llama3.1:8b,data_pmus_yaounde,q2_4,Agent_76,PAR TAXI
4,4,3,4,3,llama3.1:8b,data_pmus_yaounde,q2_5_1,Agent_76,MBANKOLO
4,4,3,4,3,llama3.1:8b,data_pmus_yaounde,q2_5_2,Agent_76,MBANKOLO
4,4,3,4,3,llama3.1:8b,data_pmus_yaounde,q2_6_1,Agent_76,ETOUDI
4,4,3,4,3,llama3.1:8b,data_pmus_yaounde,q2_6_2,Agent_76,ENTREE BORNE 10
4,4,3,4,4,llama3.1:8b,data_pmus_yaounde,q3_1,Agent_76,NON
4,3,4,4,3,llama3.1:8b,data_pmus_yaounde,q3_2,Agent_76,PAR TAXI
4,4,4,4,4,llama3.1:8b,data_pmus_yaounde,q3_3_1,Agent_76,MBANKOLO
4,4,3,4,3,llama3.1:8b,data_pmus_yaounde,q3_3_2,Agent_76,10 IEME ARRET
5,4,2,5,2,llama3.1:8b,data_pmus_yaounde,q4_1_a,Agent_76,Veuillez indiquer depuis combien de temps vous attendez.
4,3,4,4,4,llama3.1:8b,data_pmus_yaounde,q4_1_b,Agent_76,10 20 MINUTES
5,4,2,5,2,llama3.1:8b,data_pmus_yaounde,q4_2_a,Agent_76,Veuillez indiquer depuis combien de temps vous attendez.
4,4,4,4,4,llama3.1:8b,data_pmus_yaounde,q4_2_b,Agent_76,15 30 MIN
4,4,4,4,4,llama3.1:8b,data_pmus_yaounde,q4_3,Agent_76,500
4,3,4,4,4,llama3.1:8b,data_pmus_yaounde,q4_4,Agent_76,VISITE FAMILLE
3,3,4,4,3,llama3.1:8b,data_pmus_yaounde,q4_4_autres,Agent_76,ACHAT
5,3,4,4,4,llama3.1:8b,data_pmus_yaounde,q5_1,Agent_76,ENTRE 26 ET 35 ANS
5,3,3,4,4,llama3.1:8b,data_pmus_yaounde,q5_2,Agent_76,ENTRE 30 001 ET 100 000
5,4,4,4,4,llama3.1:8b,data_pmus_yaounde,q5_3,Agent_76,FEMME
4,4,3,4,3,llama3.1:8b,data_pmus_yaounde,centre ville,Agent_77,YAOUNDE
5,4,4,4,4,llama3.1:8b,data_pmus_yaounde,q1_1,Agent_77,UN QUARTIER DE LA VILLE DE YAOUNDE
4,4,4,4,4,llama3.1:8b,data_pmus_yaounde,q1_1_a,Agent_77,MVAN
4,4,3,4,3,llama3.1:8b,data_pmus_yaounde,q1_1_b,Agent_77,10EME ARRET
4,4,3,4,3,llama3.1:8b,data_pmus_yaounde,q1_1_c,Agent_77,AFANOYA
5,4,4,4,4,llama3.1:8b,data_pmus_yaounde,q1_2,Agent_77,UN QUARTIER DE LA VILLE DE YAOUNDE
4,4,4,4,4,llama3.1:8b,data_pmus_yaounde,q1_2_a,Agent_77,EMMIA
4,4,3,4,3,llama3.1:8b,data_pmus_yaounde,q1_2_b,Agent_77,10 IEME ARRET
4,4,3,4,3,llama3.1:8b,data_pmus_yaounde,q1_3_c,Agent_77,DOUALA
4,3,4,4,3,llama3.1:8b,data_pmus_yaounde,q2_1,Agent_77,A PIED
4,4,3,4,3,llama3.1:8b,data_pmus_yaounde,q2_2_1,Agent_77,DEVANT MAHIMA
4,4,3,4,3,llama3.1:8b,data_pmus_yaounde,q2_2_2,Agent_77,TERMINUS
4,4,3,4,3,llama3.1:8b,data_pmus_yaounde,q2_3_1,Agent_77,EMIA
4,4,3,4,3,llama3.1:8b,data_pmus_yaounde,q2_3_2,Agent_77,CARREFOUR
5,4,4,4,4,llama3.1:8b,data_pmus_yaounde,q2_3,Agent_77,NON
4,4,3,4,3,llama3.1:8b,data_pmus_yaounde,q2_4,Agent_77,PAR BUS STACY
4,4,3,4,3,llama3.1:8b,data_pmus_yaounde,q2_5_1,Agent_77,MVAN
4,4,3,4,3,llama3.1:8b,data_pmus_yaounde,q2_5_2,Agent_77,GARE MVAN
4,4,3,4,3,llama3.1:8b,data_pmus_yaounde,q2_6_1,Agent_77,MVAN
4,4,3,4,3,llama3.1:8b,data_pmus_yaounde,q2_6_2,Agent_77,11EME ARRET
4,4,3,4,4,llama3.1:8b,data_pmus_yaounde,q3_1,Agent_77,NON
4,3,4,4,3,llama3.1:8b,data_pmus_yaounde,q3_2,Agent_77,PAR BUS STACY
4,4,4,4,4,llama3.1:8b,data_pmus_yaounde,q3_3_1,Agent_77,MOKOLO
4,4,3,4,3,llama3.1:8b,data_pmus_yaounde,q3_3_2,Agent_77,MOKOLO
5,4,2,5,2,llama3.1:8b,data_pmus_yaounde,q4_1_a,Agent_77,Veuillez indiquer depuis combien de temps vous attendez.
4,3,4,4,4,llama3.1:8b,data_pmus_yaounde,q4_1_b,Agent_77,MOINS DE 5 MIN
5,4,2,5,2,llama3.1:8b,data_pmus_yaounde,q4_2_a,Agent_77,Veuillez indiquer depuis combien de temps vous attendez.
4,4,4,4,4,llama3.1:8b,data_pmus_yaounde,q4_2_b,Agent_77,15 30 MIN
4,4,4,4,4,llama3.1:8b,data_pmus_yaounde,q4_3,Agent_77,100
4,3,4,4,4,llama3.1:8b,data_pmus_yaounde,q4_4,Agent_77,VISITE FAMILLE
3,3,4,4,3,llama3.1:8b,data_pmus_yaounde,q4_4_autres,Agent_77,ACHAT
5,3,4,4,4,llama3.1:8b,data_pmus_yaounde,q5_1,Agent_77,PLUS DE 65 ANS
5,3,3,4,4,llama3.1:8b,data_pmus_yaounde,q5_2,Agent_77,ENTRE 30 001 ET 100 000
5,4,4,4,4,llama3.1:8b,data_pmus_yaounde,q5_3,Agent_77,FEMME
4,4,3,4,3,llama3.1:8b,data_pmus_yaounde,centre ville,Agent_78,YAOUNDE
5,4,4,4,4,llama3.1:8b,data_pmus_yaounde,q1_1,Agent_78,UN QUARTIER DE LA VILLE DE YAOUNDE
4,4,4,4,4,llama3.1:8b,data_pmus_yaounde,q1_1_a,Agent_78,ABIT
4,4,3,4,3,llama3.1:8b,data_pmus_yaounde,q1_1_b,Agent_78,PETIT PARIS
4,4,3,4,3,llama3.1:8b,data_pmus_yaounde,q1_1_c,Agent_78,AFANOYA
5,4,4,4,4,llama3.1:8b,data_pmus_yaounde,q1_2,Agent_78,UN QUARTIER DE LA VILLE DE YAOUNDE
4,4,4,4,4,llama3.1:8b,data_pmus_yaounde,q1_2_a,Agent_78,NKOLMESSENG
4,4,3,4,3,llama3.1:8b,data_pmus_yaounde,q1_2_b,Agent_78,NKOL FOULOU
4,4,3,4,3,llama3.1:8b,data_pmus_yaounde,q1_3_c,Agent_78,AFANOYA
4,3,4,4,3,llama3.1:8b,data_pmus_yaounde,q2_1,Agent_78,PAR BUS AGENCE INTERURBAIN
4,4,3,4,3,llama3.1:8b,data_pmus_yaounde,q2_2_1,Agent_78,TSINGA
4,4,3,4,3,llama3.1:8b,data_pmus_yaounde,q2_2_2,Agent_78,TSINGA
4,4,3,4,3,llama3.1:8b,data_pmus_yaounde,q2_3_1,Agent_78,TSINGA
4,4,3,4,3,llama3.1:8b,data_pmus_yaounde,q2_3_2,Agent_78,TSINGA
5,4,4,4,4,llama3.1:8b,data_pmus_yaounde,q2_3,Agent_78,NON
4,4,3,4,3,llama3.1:8b,data_pmus_yaounde,q2_4,Agent_78,PAR BUS STACY
4,4,3,4,3,llama3.1:8b,data_pmus_yaounde,q2_5_1,Agent_78,TSINGA
4,4,3,4,3,llama3.1:8b,data_pmus_yaounde,q2_5_2,Agent_78,0MPHINE
4,4,3,4,3,llama3.1:8b,data_pmus_yaounde,q2_6_1,Agent_78,TSINGA
4,4,3,4,3,llama3.1:8b,data_pmus_yaounde,q2_6_2,Agent_78,11EME ARRET
4,4,3,4,4,llama3.1:8b,data_pmus_yaounde,q3_1,Agent_78,NON
4,3,4,4,3,llama3.1:8b,data_pmus_yaounde,q3_2,Agent_78,PAR BUS STACY
4,4,4,4,4,llama3.1:8b,data_pmus_yaounde,q3_3_1,Agent_78,TSINGA
4,4,3,4,3,llama3.1:8b,data_pmus_yaounde,q3_3_2,Agent_78,10 IEME ARRET
5,4,2,5,2,llama3.1:8b,data_pmus_yaounde,q4_1_a,Agent_78,Veuillez indiquer depuis combien de temps vous attendez.
4,3,4,4,4,llama3.1:8b,data_pmus_yaounde,q4_1_b,Agent_78,MOINS DE 5 MIN
5,4,2,5,2,llama3.1:8b,data_pmus_yaounde,q4_2_a,Agent_78,Veuillez indiquer depuis combien de temps vous attendez.
4,4,4,4,4,llama3.1:8b,data_pmus_yaounde,q4_2_b,Agent_78,15 30 MIN
4,4,4,4,4,llama3.1:8b,data_pmus_yaounde,q4_3,Agent_78,6000
4,3,4,4,4,llama3.1:8b,data_pmus_yaounde,q4_4,Agent_78,VISITE FAMILLE
3,3,4,4,3,llama3.1:8b,data_pmus_yaounde,q4_4_autres,Agent_78,ACHAT
5,3,4,4,4,llama3.1:8b,data_pmus_yaounde,q5_1,Agent_78,ENTRE 26 ET 35 ANS
5,3,3,4,4,llama3.1:8b,data_pmus_yaounde,q5_2,Agent_78,ENTRE 30 001 ET 100 000
5,4,4,4,4,llama3.1:8b,data_pmus_yaounde,q5_3,Agent_78,FEMME
4,4,3,4,3,llama3.1:8b,data_pmus_yaounde,centre ville,Agent_79,YAOUNDE
5,4,4,4,4,llama3.1:8b,data_pmus_yaounde,q1_1,Agent_79,UN QUARTIER DE LA VILLE DE YAOUNDE
4,4,4,4,4,llama3.1:8b,data_pmus_yaounde,q1_1_a,Agent_79,ABIT
4,4,3,4,3,llama3.1:8b,data_pmus_yaounde,q1_1_b,Agent_79,STATION BLESSING
4,4,3,4,3,llama3.1:8b,data_pmus_yaounde,q1_1_c,Agent_79,AFANOYA
5,4,4,4,4,llama3.1:8b,data_pmus_yaounde,q1_2,Agent_79,UN QUARTIER DE LA VILLE DE YAOUNDE
4,4,4,4,4,llama3.1:8b,data_pmus_yaounde,q1_2_a,Agent_79,BARRIERE
4,4,3,4,3,llama3.1:8b,data_pmus_yaounde,q1_2_b,Agent_79,BARRIERE
4,4,3,4,3,llama3.1:8b,data_pmus_yaounde,q1_3_c,Agent_79,DOUALA
4,3,4,4,3,llama3.1:8b,data_pmus_yaounde,q2_1,Agent_79,PAR BUS STACY
4,4,3,4,3,llama3.1:8b,data_pmus_yaounde,q2_2_1,Agent_79,BARRIERE
4,4,3,4,3,llama3.1:8b,data_pmus_yaounde,q2_2_2,Agent_79,10 E ARRET
4,4,3,4,3,llama3.1:8b,data_pmus_yaounde,q2_3_1,Agent_79,TRADEX
4,4,3,4,3,llama3.1:8b,data_pmus_yaounde,q2_3_2,Agent_79,TRADEXNSIMBOCK
5,4,4,4,4,llama3.1:8b,data_pmus_yaounde,q2_3,Agent_79,NON
4,4,3,4,3,llama3.1:8b,data_pmus_yaounde,q2_4,Agent_79,PAR BUS AGENCE INTERURBAIN
4,4,3,4,3,llama3.1:8b,data_pmus_yaounde,q2_5_1,Agent_79,TRADEX
4,4,3,4,3,llama3.1:8b,data_pmus_yaounde,q2_5_2,Agent_79,0MPHINE
4,4,3,4,3,llama3.1:8b,data_pmus_yaounde,q2_6_1,Agent_79,TRADEX
4,4,3,4,3,llama3.1:8b,data_pmus_yaounde,q2_6_2,Agent_79,TRADEX
4,4,3,4,4,llama3.1:8b,data_pmus_yaounde,q3_1,Agent_79,NON
4,3,4,4,3,llama3.1:8b,data_pmus_yaounde,q3_2,Agent_79,PAR BUS AGENCE INTERURBAIN
4,4,4,4,4,llama3.1:8b,data_pmus_yaounde,q3_3_1,Agent_79,ACACIA
4,4,3,4,3,llama3.1:8b,data_pmus_yaounde,q3_3_2,Agent_79,TRADEX
5,4,2,5,2,llama3.1:8b,data_pmus_yaounde,q4_1_a,Agent_79,Veuillez indiquer depuis combien de temps vous attendez.
4,3,4,4,4,llama3.1:8b,data_pmus_yaounde,q4_1_b,Agent_79,10 20 MINUTES
5,4,2,5,2,llama3.1:8b,data_pmus_yaounde,q4_2_a,Agent_79,Veuillez indiquer depuis combien de temps vous attendez.
4,4,4,4,4,llama3.1:8b,data_pmus_yaounde,q4_2_b,Agent_79,15 30 MIN
4,4,4,4,4,llama3.1:8b,data_pmus_yaounde,q4_3,Agent_79,100
4,3,4,4,4,llama3.1:8b,data_pmus_yaounde,q4_4,Agent_79,TRAVAIL
3,3,4,4,3,llama3.1:8b,data_pmus_yaounde,q4_4_autres,Agent_79,ACHAT
5,3,4,4,4,llama3.1:8b,data_pmus_yaounde,q5_1,Agent_79,MOINS DE 18 ANS
5,3,3,4,4,llama3.1:8b,data_pmus_yaounde,q5_2,Agent_79,MOINS DE 30 000
5,4,4,4,4,llama3.1:8b,data_pmus_yaounde,q5_3,Agent_79,HOMME
4,4,3,4,3,llama3.1:8b,data_pmus_yaounde,centre ville,Agent_80,YAOUNDE
5,4,4,4,4,llama3.1:8b,data_pmus_yaounde,q1_1,Agent_80,UN QUARTIER DE LA VILLE DE YAOUNDE
4,4,4,4,4,llama3.1:8b,data_pmus_yaounde,q1_1_a,Agent_80,NKO NDONGO
4,4,3,4,3,llama3.1:8b,data_pmus_yaounde,q1_1_b,Agent_80,10EME ARRET
4,4,3,4,3,llama3.1:8b,data_pmus_yaounde,q1_1_c,Agent_80,AFANOYA
5,4,4,4,4,llama3.1:8b,data_pmus_yaounde,q1_2,Agent_80,UN QUARTIER DE LA VILLE DE YAOUNDE
4,4,4,4,4,llama3.1:8b,data_pmus_yaounde,q1_2_a,Agent_80,NKO NDONGO
4,4,3,4,3,llama3.1:8b,data_pmus_yaounde,q1_2_b,Agent_80,10 IEME ARRET
4,4,3,4,3,llama3.1:8b,data_pmus_yaounde,q1_3_c,Agent_80,DOUALA
4,3,4,4,3,llama3.1:8b,data_pmus_yaounde,q2_1,Agent_80,A PIED
4,4,3,4,3,llama3.1:8b,data_pmus_yaounde,q2_2_1,Agent_80,NKO NDONGO
4,4,3,4,3,llama3.1:8b,data_pmus_yaounde,q2_2_2,Agent_80,10 E ARRET
4,4,3,4,3,llama3.1:8b,data_pmus_yaounde,q2_3_1,Agent_80,NKO NDONGO
4,4,3,4,3,llama3.1:8b,data_pmus_yaounde,q2_3_2,Agent_80,0NANA
5,4,4,4,4,llama3.1:8b,data_pmus_yaounde,q2_3,Agent_80,NON
4,4,3,4,3,llama3.1:8b,data_pmus_yaounde,q2_4,Agent_80,PAR BUS STACY
4,4,3,4,3,llama3.1:8b,data_pmus_yaounde,q2_5_1,Agent_80,A B0NAS
4,4,3,4,3,llama3.1:8b,data_pmus_yaounde,q2_5_2,Agent_80,0MPHINE
4,4,3,4,3,llama3.1:8b,data_pmus_yaounde,q2_6_1,Agent_80,ABATTOIR
4,4,3,4,3,llama3.1:8b,data_pmus_yaounde,q2_6_2,Agent_80,11EME ARRET
4,4,3,4,4,llama3.1:8b,data_pmus_yaounde,q3_1,Agent_80,NON
4,3,4,4,3,llama3.1:8b,data_pmus_yaounde,q3_2,Agent_80,PAR BUS STACY
4,4,4,4,4,llama3.1:8b,data_pmus_yaounde,q3_3_1,Agent_80,ACACIA
4,4,3,4,3,llama3.1:8b,data_pmus_yaounde,q3_3_2,Agent_80,ACACIA
5,4,2,5,2,llama3.1:8b,data_pmus_yaounde,q4_1_a,Agent_80,Veuillez indiquer depuis combien de temps vous attendez.
4,3,4,4,4,llama3.1:8b,data_pmus_yaounde,q4_1_b,Agent_80,MOINS DE 5 MIN
5,4,2,5,2,llama3.1:8b,data_pmus_yaounde,q4_2_a,Agent_80,Veuillez indiquer depuis combien de temps vous attendez.
4,4,4,4,4,llama3.1:8b,data_pmus_yaounde,q4_2_b,Agent_80,15 30 MIN
4,4,4,4,4,llama3.1:8b,data_pmus_yaounde,q4_3,Agent_80,800
4,3,4,4,4,llama3.1:8b,data_pmus_yaounde,q4_4,Agent_80,TRAVAIL
3,3,4,4,3,llama3.1:8b,data_pmus_yaounde,q4_4_autres,Agent_80,ACHAT
5,3,4,4,4,llama3.1:8b,data_pmus_yaounde,q5_1,Agent_80,ENTRE 18 ET 25 ANS
5,3,3,4,4,llama3.1:8b,data_pmus_yaounde,q5_2,Agent_80,ENTRE 30 001 ET 100 000
5,4,4,4,4,llama3.1:8b,data_pmus_yaounde,q5_3,Agent_80,FEMME
4,4,3,4,3,llama3.1:8b,data_pmus_yaounde,centre ville,Agent_81,YAOUNDE
5,4,4,4,4,llama3.1:8b,data_pmus_yaounde,q1_1,Agent_81,UN QUARTIER DE LA VILLE DE YAOUNDE
4,4,4,4,4,llama3.1:8b,data_pmus_yaounde,q1_1_a,Agent_81,NSIMEYONG
4,4,3,4,3,llama3.1:8b,data_pmus_yaounde,q1_1_b,Agent_81,ENTREE METURE
4,4,3,4,3,llama3.1:8b,data_pmus_yaounde,q1_1_c,Agent_81,AFANOYA
5,4,4,4,4,llama3.1:8b,data_pmus_yaounde,q1_2,Agent_81,UN QUARTIER DE LA VILLE DE YAOUNDE
4,4,4,4,4,llama3.1:8b,data_pmus_yaounde,q1_2_a,Agent_81,SIMBOCK
4,4,3,4,3,llama3.1:8b,data_pmus_yaounde,q1_2_b,Agent_81,10 IEME ARRET
4,4,3,4,3,llama3.1:8b,data_pmus_yaounde,q1_3_c,Agent_81,YAOUNDE
4,3,4,4,3,llama3.1:8b,data_pmus_yaounde,q2_1,Agent_81,A PIED
4,4,3,4,3,llama3.1:8b,data_pmus_yaounde,q2_2_1,Agent_81,SIMBOCK
4,4,3,4,3,llama3.1:8b,data_pmus_yaounde,q2_2_2,Agent_81,MONTEE SNI
4,4,3,4,3,llama3.1:8b,data_pmus_yaounde,q2_3_1,Agent_81,0LESOA
4,4,3,4,3,llama3.1:8b,data_pmus_yaounde,q2_3_2,Agent_81,0NANA
5,4,4,4,4,llama3.1:8b,data_pmus_yaounde,q2_3,Agent_81,NON
4,4,3,4,3,llama3.1:8b,data_pmus_yaounde,q2_4,Agent_81,A PIED
4,4,3,4,3,llama3.1:8b,data_pmus_yaounde,q2_5_1,Agent_81,SIMBOCK
4,4,3,4,3,llama3.1:8b,data_pmus_yaounde,q2_5_2,Agent_81,0MPHINE
4,4,3,4,3,llama3.1:8b,data_pmus_yaounde,q2_6_1,Agent_81,ABATTOIR
4,4,3,4,3,llama3.1:8b,data_pmus_yaounde,q2_6_2,Agent_81,SIMBOCK
4,4,3,4,4,llama3.1:8b,data_pmus_yaounde,q3_1,Agent_81,NON
4,3,4,4,3,llama3.1:8b,data_pmus_yaounde,q3_2,Agent_81,A PIED
4,4,4,4,4,llama3.1:8b,data_pmus_yaounde,q3_3_1,Agent_81,SIMBOCK
4,4,3,4,3,llama3.1:8b,data_pmus_yaounde,q3_3_2,Agent_81,10 IEME ARRET
5,4,2,5,2,llama3.1:8b,data_pmus_yaounde,q4_1_a,Agent_81,Veuillez indiquer depuis combien de temps vous attendez.
4,3,4,4,4,llama3.1:8b,data_pmus_yaounde,q4_1_b,Agent_81,10 20 MINUTES
5,4,2,5,2,llama3.1:8b,data_pmus_yaounde,q4_2_a,Agent_81,Veuillez indiquer depuis combien de temps vous attendez.
4,4,4,4,4,llama3.1:8b,data_pmus_yaounde,q4_2_b,Agent_81,15 30 MIN
4,4,4,4,4,llama3.1:8b,data_pmus_yaounde,q4_3,Agent_81,350
4,3,4,4,4,llama3.1:8b,data_pmus_yaounde,q4_4,Agent_81,D MARCHES ADMINISTRATIVES ET OU SANT
3,3,4,4,3,llama3.1:8b,data_pmus_yaounde,q4_4_autres,Agent_81,ACHAT
5,3,4,4,4,llama3.1:8b,data_pmus_yaounde,q5_1,Agent_81,ENTRE 36 ET 45 ANS
5,3,3,4,4,llama3.1:8b,data_pmus_yaounde,q5_2,Agent_81,ENTRE 30 001 ET 100 000
5,4,4,4,4,llama3.1:8b,data_pmus_yaounde,q5_3,Agent_81,FEMME
4,4,3,4,3,llama3.1:8b,data_pmus_yaounde,centre ville,Agent_82,YAOUNDE
5,4,4,4,4,llama3.1:8b,data_pmus_yaounde,q1_1,Agent_82,UN QUARTIER DE LA VILLE DE YAOUNDE
4,4,4,4,4,llama3.1:8b,data_pmus_yaounde,q1_1_a,Agent_82,TERMINUS
4,4,3,4,3,llama3.1:8b,data_pmus_yaounde,q1_1_b,Agent_82,10EME ARRET
4,4,3,4,3,llama3.1:8b,data_pmus_yaounde,q1_1_c,Agent_82,AFANOYA
5,4,4,4,4,llama3.1:8b,data_pmus_yaounde,q1_2,Agent_82,UN QUARTIER DE LA VILLE DE YAOUNDE
4,4,4,4,4,llama3.1:8b,data_pmus_yaounde,q1_2_a,Agent_82,NGOUSSO
4,4,3,4,3,llama3.1:8b,data_pmus_yaounde,q1_2_b,Agent_82,NGOUSSO
4,4,3,4,3,llama3.1:8b,data_pmus_yaounde,q1_3_c,Agent_82,NGOA EKELLE
4,3,4,4,3,llama3.1:8b,data_pmus_yaounde,q2_1,Agent_82,PAR BUS STACY
4,4,3,4,3,llama3.1:8b,data_pmus_yaounde,q2_2_1,Agent_82,NGOUSSO
4,4,3,4,3,llama3.1:8b,data_pmus_yaounde,q2_2_2,Agent_82,NGOUSSO
4,4,3,4,3,llama3.1:8b,data_pmus_yaounde,q2_3_1,Agent_82,NGOUSSO
4,4,3,4,3,llama3.1:8b,data_pmus_yaounde,q2_3_2,Agent_82,0NANA
5,4,4,4,4,llama3.1:8b,data_pmus_yaounde,q2_3,Agent_82,NON
4,4,3,4,3,llama3.1:8b,data_pmus_yaounde,q2_4,Agent_82,PAR BUS STACY
4,4,3,4,3,llama3.1:8b,data_pmus_yaounde,q2_5_1,Agent_82,TERMINUS
4,4,3,4,3,llama3.1:8b,data_pmus_yaounde,q2_5_2,Agent_82,TERMINUS
4,4,3,4,3,llama3.1:8b,data_pmus_yaounde,q2_6_1,Agent_82,AHALA
4,4,3,4,3,llama3.1:8b,data_pmus_yaounde,q2_6_2,Agent_82,11EME ARRET
4,4,3,4,4,llama3.1:8b,data_pmus_yaounde,q3_1,Agent_82,NON
4,3,4,4,3,llama3.1:8b,data_pmus_yaounde,q3_2,Agent_82,PAR BUS STACY
4,4,4,4,4,llama3.1:8b,data_pmus_yaounde,q3_3_1,Agent_82,NGOUMOU
4,4,3,4,3,llama3.1:8b,data_pmus_yaounde,q3_3_2,Agent_82,10 IEME ARRET
5,4,2,5,2,llama3.1:8b,data_pmus_yaounde,q4_1_a,Agent_82,Veuillez indiquer depuis combien de temps vous attendez.
4,3,4,4,4,llama3.1:8b,data_pmus_yaounde,q4_1_b,Agent_82,10 20 MINUTES
5,4,2,5,2,llama3.1:8b,data_pmus_yaounde,q4_2_a,Agent_82,Veuillez indiquer depuis combien de temps vous attendez.
4,4,4,4,4,llama3.1:8b,data_pmus_yaounde,q4_2_b,Agent_82,15 30 MIN
4,4,4,4,4,llama3.1:8b,data_pmus_yaounde,q4_3,Agent_82,2500
4,3,4,4,4,llama3.1:8b,data_pmus_yaounde,q4_4,Agent_82,ACTIVIT S DE LOISIRS
3,3,4,4,3,llama3.1:8b,data_pmus_yaounde,q4_4_autres,Agent_82,BALADE
5,3,4,4,4,llama3.1:8b,data_pmus_yaounde,q5_1,Agent_82,ENTRE 18 ET 25 ANS
5,3,3,4,4,llama3.1:8b,data_pmus_yaounde,q5_2,Agent_82,ENTRE 30 001 ET 100 000
5,4,4,4,4,llama3.1:8b,data_pmus_yaounde,q5_3,Agent_82,HOMME
4,4,3,4,3,llama3.1:8b,data_pmus_yaounde,centre ville,Agent_83,YAOUNDE
5,4,4,4,4,llama3.1:8b,data_pmus_yaounde,q1_1,Agent_83,UN QUARTIER DE LA VILLE DE YAOUNDE
4,4,4,4,4,llama3.1:8b,data_pmus_yaounde,q1_1_a,Agent_83,EFOULAN
4,4,3,4,3,llama3.1:8b,data_pmus_yaounde,q1_1_b,Agent_83,ENTREE CAMP TUNISIEN
4,4,3,4,3,llama3.1:8b,data_pmus_yaounde,q1_1_c,Agent_83,AFANOYA
5,4,4,4,4,llama3.1:8b,data_pmus_yaounde,q1_2,Agent_83,UN QUARTIER DE LA VILLE DE YAOUNDE
4,4,4,4,4,llama3.1:8b,data_pmus_yaounde,q1_2_a,Agent_83,EFOULAN
4,4,3,4,3,llama3.1:8b,data_pmus_yaounde,q1_2_b,Agent_83,10 IEME ARRET
4,4,3,4,3,llama3.1:8b,data_pmus_yaounde,q1_3_c,Agent_83,YAOUNDE
4,3,4,4,3,llama3.1:8b,data_pmus_yaounde,q2_1,Agent_83,PAR BUS STACY
4,4,3,4,3,llama3.1:8b,data_pmus_yaounde,q2_2_1,Agent_83,MARIA ROSA
4,4,3,4,3,llama3.1:8b,data_pmus_yaounde,q2_2_2,Agent_83,MARIA ROSA
4,4,3,4,3,llama3.1:8b,data_pmus_yaounde,q2_3_1,Agent_83,0LESOA
4,4,3,4,3,llama3.1:8b,data_pmus_yaounde,q2_3_2,Agent_83,0NANA
5,4,4,4,4,llama3.1:8b,data_pmus_yaounde,q2_3,Agent_83,NON
4,4,3,4,3,llama3.1:8b,data_pmus_yaounde,q2_4,Agent_83,PAR CARGO MINI BUS
4,4,3,4,3,llama3.1:8b,data_pmus_yaounde,q2_5_1,Agent_83,MARCHE ESS0S
4,4,3,4,3,llama3.1:8b,data_pmus_yaounde,q2_5_2,Agent_83,0MPHINE
4,4,3,4,3,llama3.1:8b,data_pmus_yaounde,q2_6_1,Agent_83,EFOULAN
4,4,3,4,3,llama3.1:8b,data_pmus_yaounde,q2_6_2,Agent_83,11EME ARRET
4,4,3,4,4,llama3.1:8b,data_pmus_yaounde,q3_1,Agent_83,NON
4,3,4,4,3,llama3.1:8b,data_pmus_yaounde,q3_2,Agent_83,PAR BUS STACY
4,4,4,4,4,llama3.1:8b,data_pmus_yaounde,q3_3_1,Agent_83,EFOULAN
4,4,3,4,3,llama3.1:8b,data_pmus_yaounde,q3_3_2,Agent_83,10 IEME ARRET
5,4,2,5,2,llama3.1:8b,data_pmus_yaounde,q4_1_a,Agent_83,Veuillez indiquer depuis combien de temps vous attendez.
4,3,4,4,4,llama3.1:8b,data_pmus_yaounde,q4_1_b,Agent_83,10 20 MINUTES
5,4,2,5,2,llama3.1:8b,data_pmus_yaounde,q4_2_a,Agent_83,Veuillez indiquer depuis combien de temps vous attendez.
4,4,4,4,4,llama3.1:8b,data_pmus_yaounde,q4_2_b,Agent_83,15 30 MIN
4,4,4,4,4,llama3.1:8b,data_pmus_yaounde,q4_3,Agent_83,6000
4,3,4,4,4,llama3.1:8b,data_pmus_yaounde,q4_4,Agent_83,D MARCHES ADMINISTRATIVES ET OU SANT
3,3,4,4,3,llama3.1:8b,data_pmus_yaounde,q4_4_autres,Agent_83,FAIRE DU MARCHE
5,3,4,4,4,llama3.1:8b,data_pmus_yaounde,q5_1,Agent_83,ENTRE 18 ET 25 ANS
5,3,3,4,4,llama3.1:8b,data_pmus_yaounde,q5_2,Agent_83,ENTRE 30 001 ET 100 000
5,4,4,4,4,llama3.1:8b,data_pmus_yaounde,q5_3,Agent_83,HOMME
4,4,3,4,3,llama3.1:8b,data_pmus_yaounde,centre ville,Agent_84,YAOUNDE
5,4,4,4,4,llama3.1:8b,data_pmus_yaounde,q1_1,Agent_84,UN QUARTIER DE LA VILLE DE YAOUNDE
4,4,4,4,4,llama3.1:8b,data_pmus_yaounde,q1_1_a,Agent_84,EKOUNOU
4,4,3,4,3,llama3.1:8b,data_pmus_yaounde,q1_1_b,Agent_84,MISSION
4,4,3,4,3,llama3.1:8b,data_pmus_yaounde,q1_1_c,Agent_84,AFANOYA
5,4,4,4,4,llama3.1:8b,data_pmus_yaounde,q1_2,Agent_84,UN QUARTIER DE LA VILLE DE YAOUNDE
4,4,4,4,4,llama3.1:8b,data_pmus_yaounde,q1_2_a,Agent_84,ESSTIC
4,4,3,4,3,llama3.1:8b,data_pmus_yaounde,q1_2_b,Agent_84,ESSTIC
4,4,3,4,3,llama3.1:8b,data_pmus_yaounde,q1_3_c,Agent_84,YAOUNDE
4,3,4,4,3,llama3.1:8b,data_pmus_yaounde,q2_1,Agent_84,PAR BUS AGENCE INTERURBAIN
4,4,3,4,3,llama3.1:8b,data_pmus_yaounde,q2_2_1,Agent_84,CARREFOUR REGIE
4,4,3,4,3,llama3.1:8b,data_pmus_yaounde,q2_2_2,Agent_84,10 E ARRET
4,4,3,4,3,llama3.1:8b,data_pmus_yaounde,q2_3_1,Agent_84,0LESOA
4,4,3,4,3,llama3.1:8b,data_pmus_yaounde,q2_3_2,Agent_84,CARREFOUREKOUNOUU
5,4,4,4,4,llama3.1:8b,data_pmus_yaounde,q2_3,Agent_84,NON
4,4,3,4,3,llama3.1:8b,data_pmus_yaounde,q2_4,Agent_84,PAR BUS STACY
4,4,3,4,3,llama3.1:8b,data_pmus_yaounde,q2_5_1,Agent_84,CARREFOUR BASTOS
4,4,3,4,3,llama3.1:8b,data_pmus_yaounde,q2_5_2,Agent_84,0MPHINE
4,4,3,4,3,llama3.1:8b,data_pmus_yaounde,q2_6_1,Agent_84,ABATTOIR
4,4,3,4,3,llama3.1:8b,data_pmus_yaounde,q2_6_2,Agent_84,ARRET BUS
4,4,3,4,4,llama3.1:8b,data_pmus_yaounde,q3_1,Agent_84,NON
4,3,4,4,3,llama3.1:8b,data_pmus_yaounde,q3_2,Agent_84,PAR BUS STACY
4,4,4,4,4,llama3.1:8b,data_pmus_yaounde,q3_3_1,Agent_84,EKOUNLU
4,4,3,4,3,llama3.1:8b,data_pmus_yaounde,q3_3_2,Agent_84,10 IEME ARRET
5,4,2,5,2,llama3.1:8b,data_pmus_yaounde,q4_1_a,Agent_84,Veuillez indiquer depuis combien de temps vous attendez.
4,3,4,4,4,llama3.1:8b,data_pmus_yaounde,q4_1_b,Agent_84,MOINS DE 5 MIN
5,4,2,5,2,llama3.1:8b,data_pmus_yaounde,q4_2_a,Agent_84,Veuillez indiquer depuis combien de temps vous attendez.
4,4,4,4,4,llama3.1:8b,data_pmus_yaounde,q4_2_b,Agent_84,15 30 MIN
4,4,4,4,4,llama3.1:8b,data_pmus_yaounde,q4_3,Agent_84,1200
4,3,4,4,4,llama3.1:8b,data_pmus_yaounde,q4_4,Agent_84,COURSES
3,3,4,4,3,llama3.1:8b,data_pmus_yaounde,q4_4_autres,Agent_84,COURS
5,3,4,4,4,llama3.1:8b,data_pmus_yaounde,q5_1,Agent_84,MOINS DE 18 ANS
5,3,3,4,4,llama3.1:8b,data_pmus_yaounde,q5_2,Agent_84,ENTRE 30 001 ET 100 000
5,4,4,4,4,llama3.1:8b,data_pmus_yaounde,q5_3,Agent_84,HOMME
4,4,3,4,3,llama3.1:8b,data_pmus_yaounde,centre ville,Agent_85,YAOUNDE
5,4,4,4,4,llama3.1:8b,data_pmus_yaounde,q1_1,Agent_85,UN QUARTIER DE LA VILLE DE YAOUNDE
4,4,4,4,4,llama3.1:8b,data_pmus_yaounde,q1_1_a,Agent_85,NGOUSSO
4,4,3,4,3,llama3.1:8b,data_pmus_yaounde,q1_1_b,Agent_85,NGOUSSO
4,4,3,4,3,llama3.1:8b,data_pmus_yaounde,q1_1_c,Agent_85,AFANOYA
5,4,4,4,4,llama3.1:8b,data_pmus_yaounde,q1_2,Agent_85,UN QUARTIER DE LA VILLE DE YAOUNDE
4,4,4,4,4,llama3.1:8b,data_pmus_yaounde,q1_2_a,Agent_85,NGOUSSO
4,4,3,4,3,llama3.1:8b,data_pmus_yaounde,q1_2_b,Agent_85,NGOUSSO
4,4,3,4,3,llama3.1:8b,data_pmus_yaounde,q1_3_c,Agent_85,YAOUNDE
4,3,4,4,3,llama3.1:8b,data_pmus_yaounde,q2_1,Agent_85,PAR BUS STACY
4,4,3,4,3,llama3.1:8b,data_pmus_yaounde,q2_2_1,Agent_85,NGOUSSO
4,4,3,4,3,llama3.1:8b,data_pmus_yaounde,q2_2_2,Agent_85,NGOUSSO
4,4,3,4,3,llama3.1:8b,data_pmus_yaounde,q2_3_1,Agent_85,NGOUSSO
4,4,3,4,3,llama3.1:8b,data_pmus_yaounde,q2_3_2,Agent_85,0NANA
5,4,4,4,4,llama3.1:8b,data_pmus_yaounde,q2_3,Agent_85,NON
4,4,3,4,3,llama3.1:8b,data_pmus_yaounde,q2_4,Agent_85,PAR BUS STACY
4,4,3,4,3,llama3.1:8b,data_pmus_yaounde,q2_5_1,Agent_85,NGOUSSO
4,4,3,4,3,llama3.1:8b,data_pmus_yaounde,q2_5_2,Agent_85,NGOUSSO
4,4,3,4,3,llama3.1:8b,data_pmus_yaounde,q2_6_1,Agent_85,NGOUSSO
4,4,3,4,3,llama3.1:8b,data_pmus_yaounde,q2_6_2,Agent_85,11EME ARRET
4,4,3,4,4,llama3.1:8b,data_pmus_yaounde,q3_1,Agent_85,NON
4,3,4,4,3,llama3.1:8b,data_pmus_yaounde,q3_2,Agent_85,PAR BUS STACY
4,4,4,4,4,llama3.1:8b,data_pmus_yaounde,q3_3_1,Agent_85,NGOUSSO
4,4,3,4,3,llama3.1:8b,data_pmus_yaounde,q3_3_2,Agent_85,10 IEME ARRET
5,4,2,5,2,llama3.1:8b,data_pmus_yaounde,q4_1_a,Agent_85,Veuillez indiquer depuis combien de temps vous attendez.
4,3,4,4,4,llama3.1:8b,data_pmus_yaounde,q4_1_b,Agent_85,10 20 MINUTES
5,4,2,5,2,llama3.1:8b,data_pmus_yaounde,q4_2_a,Agent_85,Veuillez indiquer depuis combien de temps vous attendez.
4,4,4,4,4,llama3.1:8b,data_pmus_yaounde,q4_2_b,Agent_85,15 30 MIN
4,4,4,4,4,llama3.1:8b,data_pmus_yaounde,q4_3,Agent_85,1000
4,3,4,4,4,llama3.1:8b,data_pmus_yaounde,q4_4,Agent_85,COURSES
3,3,4,4,3,llama3.1:8b,data_pmus_yaounde,q4_4_autres,Agent_85,ETUDES
5,3,4,4,4,llama3.1:8b,data_pmus_yaounde,q5_1,Agent_85,ENTRE 18 ET 25 ANS
5,3,3,4,4,llama3.1:8b,data_pmus_yaounde,q5_2,Agent_85,ENTRE 30 001 ET 100 000
5,4,4,4,4,llama3.1:8b,data_pmus_yaounde,q5_3,Agent_85,FEMME
4,4,3,4,3,llama3.1:8b,data_pmus_yaounde,centre ville,Agent_86,YAOUNDE
5,4,4,4,4,llama3.1:8b,data_pmus_yaounde,q1_1,Agent_86,UN QUARTIER DE LA VILLE DE YAOUNDE
4,4,4,4,4,llama3.1:8b,data_pmus_yaounde,q1_1_a,Agent_86,AWAE ESCALIER
4,4,3,4,3,llama3.1:8b,data_pmus_yaounde,q1_1_b,Agent_86,10EME ARRET
4,4,3,4,3,llama3.1:8b,data_pmus_yaounde,q1_1_c,Agent_86,AFANOYA
5,4,4,4,4,llama3.1:8b,data_pmus_yaounde,q1_2,Agent_86,UN QUARTIER DE LA VILLE DE YAOUNDE
4,4,4,4,4,llama3.1:8b,data_pmus_yaounde,q1_2_a,Agent_86,NKOLBIKOK
4,4,3,4,3,llama3.1:8b,data_pmus_yaounde,q1_2_b,Agent_86,NKOLBIKOK
4,4,3,4,3,llama3.1:8b,data_pmus_yaounde,q1_3_c,Agent_86,NKOL AFAMBA
4,3,4,4,3,llama3.1:8b,data_pmus_yaounde,q2_1,Agent_86,PAR BUS STACY
4,4,3,4,3,llama3.1:8b,data_pmus_yaounde,q2_2_1,Agent_86,EWAE ESCALIER
4,4,3,4,3,llama3.1:8b,data_pmus_yaounde,q2_2_2,Agent_86,EWAE ESCALIER
4,4,3,4,3,llama3.1:8b,data_pmus_yaounde,q2_3_1,Agent_86,0LESOA
4,4,3,4,3,llama3.1:8b,data_pmus_yaounde,q2_3_2,Agent_86,APRES TRADEX
5,4,4,4,4,llama3.1:8b,data_pmus_yaounde,q2_3,Agent_86,NON
4,4,3,4,3,llama3.1:8b,data_pmus_yaounde,q2_4,Agent_86,PAR BUS AGENCE INTERURBAIN
4,4,3,4,3,llama3.1:8b,data_pmus_yaounde,q2_5_1,Agent_86,NKOA MBANG
4,4,3,4,3,llama3.1:8b,data_pmus_yaounde,q2_5_2,Agent_86,0MPHINE
4,4,3,4,3,llama3.1:8b,data_pmus_yaounde,q2_6_1,Agent_86,NKOA MBANG
4,4,3,4,3,llama3.1:8b,data_pmus_yaounde,q2_6_2,Agent_86,11EME ARRET
4,4,3,4,4,llama3.1:8b,data_pmus_yaounde,q3_1,Agent_86,NON
4,3,4,4,3,llama3.1:8b,data_pmus_yaounde,q3_2,Agent_86,PAR BUS AGENCE INTERURBAIN
4,4,4,4,4,llama3.1:8b,data_pmus_yaounde,q3_3_1,Agent_86,NKOA MBANG
4,4,3,4,3,llama3.1:8b,data_pmus_yaounde,q3_3_2,Agent_86,NKOA MBANG
5,4,2,5,2,llama3.1:8b,data_pmus_yaounde,q4_1_a,Agent_86,Veuillez indiquer depuis combien de temps vous attendez.
4,3,4,4,4,llama3.1:8b,data_pmus_yaounde,q4_1_b,Agent_86,10 20 MINUTES
5,4,2,5,2,llama3.1:8b,data_pmus_yaounde,q4_2_a,Agent_86,Veuillez indiquer depuis combien de temps vous attendez.
4,4,4,4,4,llama3.1:8b,data_pmus_yaounde,q4_2_b,Agent_86,15 30 MIN
4,4,4,4,4,llama3.1:8b,data_pmus_yaounde,q4_3,Agent_86,3500
4,3,4,4,4,llama3.1:8b,data_pmus_yaounde,q4_4,Agent_86,TRAVAIL
3,3,4,4,3,llama3.1:8b,data_pmus_yaounde,q4_4_autres,Agent_86,ACHAT
5,3,4,4,4,llama3.1:8b,data_pmus_yaounde,q5_1,Agent_86,ENTRE 18 ET 25 ANS
5,3,3,4,4,llama3.1:8b,data_pmus_yaounde,q5_2,Agent_86,ENTRE 300 001 ET 500 000
5,4,4,4,4,llama3.1:8b,data_pmus_yaounde,q5_3,Agent_86,HOMME
4,4,3,4,3,llama3.1:8b,data_pmus_yaounde,centre ville,Agent_87,YAOUNDE
5,4,4,4,4,llama3.1:8b,data_pmus_yaounde,q1_1,Agent_87,UN QUARTIER DE LA VILLE DE YAOUNDE
4,4,4,4,4,llama3.1:8b,data_pmus_yaounde,q1_1_a,Agent_87,ABIT
4,4,3,4,3,llama3.1:8b,data_pmus_yaounde,q1_1_b,Agent_87,10EME ARRET
4,4,3,4,3,llama3.1:8b,data_pmus_yaounde,q1_1_c,Agent_87,AFANOYA
5,4,4,4,4,llama3.1:8b,data_pmus_yaounde,q1_2,Agent_87,UN QUARTIER DE LA VILLE DE YAOUNDE
4,4,4,4,4,llama3.1:8b,data_pmus_yaounde,q1_2_a,Agent_87,NKOZOA
4,4,3,4,3,llama3.1:8b,data_pmus_yaounde,q1_2_b,Agent_87,NKOZOA
4,4,3,4,3,llama3.1:8b,data_pmus_yaounde,q1_3_c,Agent_87,YAOUNDE
4,3,4,4,3,llama3.1:8b,data_pmus_yaounde,q2_1,Agent_87,PAR BUS STACY
4,4,3,4,3,llama3.1:8b,data_pmus_yaounde,q2_2_1,Agent_87,2 CHEVEAU
4,4,3,4,3,llama3.1:8b,data_pmus_yaounde,q2_2_2,Agent_87,MINIFERM
4,4,3,4,3,llama3.1:8b,data_pmus_yaounde,q2_3_1,Agent_87,BARRIERR
4,4,3,4,3,llama3.1:8b,data_pmus_yaounde,q2_3_2,Agent_87,CARREF0UR
5,4,4,4,4,llama3.1:8b,data_pmus_yaounde,q2_3,Agent_87,NON
4,4,3,4,3,llama3.1:8b,data_pmus_yaounde,q2_4,Agent_87,PAR BUS STACY
4,4,3,4,3,llama3.1:8b,data_pmus_yaounde,q2_5_1,Agent_87,A B0NAS
4,4,3,4,3,llama3.1:8b,data_pmus_yaounde,q2_5_2,Agent_87,CARREFOUR
4,4,3,4,3,llama3.1:8b,data_pmus_yaounde,q2_6_1,Agent_87,ABATTOIR
4,4,3,4,3,llama3.1:8b,data_pmus_yaounde,q2_6_2,Agent_87,CARREFOUR
4,4,3,4,4,llama3.1:8b,data_pmus_yaounde,q3_1,Agent_87,NON
4,3,4,4,3,llama3.1:8b,data_pmus_yaounde,q3_2,Agent_87,PAR BUS STACY
4,4,4,4,4,llama3.1:8b,data_pmus_yaounde,q3_3_1,Agent_87,ACACIA
4,4,3,4,3,llama3.1:8b,data_pmus_yaounde,q3_3_2,Agent_87,ACACIA
5,4,2,5,2,llama3.1:8b,data_pmus_yaounde,q4_1_a,Agent_87,Veuillez indiquer depuis combien de temps vous attendez.
4,3,4,4,4,llama3.1:8b,data_pmus_yaounde,q4_1_b,Agent_87,MOINS DE 5 MIN
5,4,2,5,2,llama3.1:8b,data_pmus_yaounde,q4_2_a,Agent_87,Veuillez indiquer depuis combien de temps vous attendez.
4,4,4,4,4,llama3.1:8b,data_pmus_yaounde,q4_2_b,Agent_87,15 30 MIN
4,4,4,4,4,llama3.1:8b,data_pmus_yaounde,q4_3,Agent_87,100
4,3,4,4,4,llama3.1:8b,data_pmus_yaounde,q4_4,Agent_87,TRAVAIL
3,3,4,4,3,llama3.1:8b,data_pmus_yaounde,q4_4_autres,Agent_87,ACHAT
5,3,4,4,4,llama3.1:8b,data_pmus_yaounde,q5_1,Agent_87,ENTRE 26 ET 35 ANS
5,3,3,4,4,llama3.1:8b,data_pmus_yaounde,q5_2,Agent_87,ENTRE 30 001 ET 100 000
5,4,4,4,4,llama3.1:8b,data_pmus_yaounde,q5_3,Agent_87,HOMME
4,4,3,4,3,llama3.1:8b,data_pmus_yaounde,centre ville,Agent_88,YAOUNDE
5,4,4,4,4,llama3.1:8b,data_pmus_yaounde,q1_1,Agent_88,UN QUARTIER DE LA VILLE DE YAOUNDE
4,4,4,4,4,llama3.1:8b,data_pmus_yaounde,q1_1_a,Agent_88,CITE VERTE
4,4,3,4,3,llama3.1:8b,data_pmus_yaounde,q1_1_b,Agent_88,CITE VERTE
4,4,3,4,3,llama3.1:8b,data_pmus_yaounde,q1_1_c,Agent_88,AFANOYA
5,4,4,4,4,llama3.1:8b,data_pmus_yaounde,q1_2,Agent_88,UN QUARTIER DE LA VILLE DE YAOUNDE
4,4,4,4,4,llama3.1:8b,data_pmus_yaounde,q1_2_a,Agent_88,CITE VERTE
4,4,3,4,3,llama3.1:8b,data_pmus_yaounde,q1_2_b,Agent_88,10 IEME ARRET
4,4,3,4,3,llama3.1:8b,data_pmus_yaounde,q1_3_c,Agent_88,DOUALA
4,3,4,4,3,llama3.1:8b,data_pmus_yaounde,q2_1,Agent_88,PAR BUS STACY
4,4,3,4,3,llama3.1:8b,data_pmus_yaounde,q2_2_1,Agent_88,CITE VERTE
4,4,3,4,3,llama3.1:8b,data_pmus_yaounde,q2_2_2,Agent_88,POLYTECHNIQUENIC
4,4,3,4,3,llama3.1:8b,data_pmus_yaounde,q2_3_1,Agent_88,CITE VERTE
4,4,3,4,3,llama3.1:8b,data_pmus_yaounde,q2_3_2,Agent_88,CARAVANE
5,4,4,4,4,llama3.1:8b,data_pmus_yaounde,q2_3,Agent_88,NON
4,4,3,4,3,llama3.1:8b,data_pmus_yaounde,q2_4,Agent_88,PAR BUS STACY
4,4,3,4,3,llama3.1:8b,data_pmus_yaounde,q2_5_1,Agent_88,CITE VERTE
4,4,3,4,3,llama3.1:8b,data_pmus_yaounde,q2_5_2,Agent_88,CARRIERE DE NKOLOMAN
4,4,3,4,3,llama3.1:8b,data_pmus_yaounde,q2_6_1,Agent_88,ABATTOIR
4,4,3,4,3,llama3.1:8b,data_pmus_yaounde,q2_6_2,Agent_88,11EME ARRET
4,4,3,4,4,llama3.1:8b,data_pmus_yaounde,q3_1,Agent_88,NON
4,3,4,4,3,llama3.1:8b,data_pmus_yaounde,q3_2,Agent_88,PAR BUS STACY
4,4,4,4,4,llama3.1:8b,data_pmus_yaounde,q3_3_1,Agent_88,CITE VERTE
4,4,3,4,3,llama3.1:8b,data_pmus_yaounde,q3_3_2,Agent_88,CITE VERTE
5,4,2,5,2,llama3.1:8b,data_pmus_yaounde,q4_1_a,Agent_88,Veuillez indiquer depuis combien de temps vous attendez.
4,3,4,4,4,llama3.1:8b,data_pmus_yaounde,q4_1_b,Agent_88,MOINS DE 5 MIN
5,4,2,5,2,llama3.1:8b,data_pmus_yaounde,q4_2_a,Agent_88,Veuillez indiquer depuis combien de temps vous attendez.
4,4,4,4,4,llama3.1:8b,data_pmus_yaounde,q4_2_b,Agent_88,15 30 MIN
4,4,4,4,4,llama3.1:8b,data_pmus_yaounde,q4_3,Agent_88,500
4,3,4,4,4,llama3.1:8b,data_pmus_yaounde,q4_4,Agent_88,TRAVAIL
3,3,4,4,3,llama3.1:8b,data_pmus_yaounde,q4_4_autres,Agent_88,ACHAT
5,3,4,4,4,llama3.1:8b,data_pmus_yaounde,q5_1,Agent_88,ENTRE 18 ET 25 ANS
5,3,3,4,4,llama3.1:8b,data_pmus_yaounde,q5_2,Agent_88,ENTRE 30 001 ET 100 000
5,4,4,4,4,llama3.1:8b,data_pmus_yaounde,q5_3,Agent_88,FEMME
4,4,3,4,3,llama3.1:8b,data_pmus_yaounde,centre ville,Agent_89,YAOUNDE
5,4,4,4,4,llama3.1:8b,data_pmus_yaounde,q1_1,Agent_89,UN QUARTIER DE LA VILLE DE YAOUNDE
4,4,4,4,4,llama3.1:8b,data_pmus_yaounde,q1_1_a,Agent_89,CITE VERTE
4,4,3,4,3,llama3.1:8b,data_pmus_yaounde,q1_1_b,Agent_89,COLINE
4,4,3,4,3,llama3.1:8b,data_pmus_yaounde,q1_1_c,Agent_89,AFANOYA
5,4,4,4,4,llama3.1:8b,data_pmus_yaounde,q1_2,Agent_89,UN QUARTIER DE LA VILLE DE YAOUNDE
4,4,4,4,4,llama3.1:8b,data_pmus_yaounde,q1_2_a,Agent_89,MONATELE
4,4,3,4,3,llama3.1:8b,data_pmus_yaounde,q1_2_b,Agent_89,10 IEME ARRET
4,4,3,4,3,llama3.1:8b,data_pmus_yaounde,q1_3_c,Agent_89,BUEA
4,3,4,4,3,llama3.1:8b,data_pmus_yaounde,q2_1,Agent_89,PAR BUS AGENCE INTERURBAIN
4,4,3,4,3,llama3.1:8b,data_pmus_yaounde,q2_2_1,Agent_89,2 CHEVEAU
4,4,3,4,3,llama3.1:8b,data_pmus_yaounde,q2_2_2,Agent_89,10 E ARRET
4,4,3,4,3,llama3.1:8b,data_pmus_yaounde,q2_3_1,Agent_89,0LESOA
4,4,3,4,3,llama3.1:8b,data_pmus_yaounde,q2_3_2,Agent_89,MAISON BLANCHE
5,4,4,4,4,llama3.1:8b,data_pmus_yaounde,q2_3,Agent_89,NON
4,4,3,4,3,llama3.1:8b,data_pmus_yaounde,q2_4,Agent_89,PAR BUS AGENCE INTERURBAIN
4,4,3,4,3,llama3.1:8b,data_pmus_yaounde,q2_5_1,Agent_89,CITE VERTE
4,4,3,4,3,llama3.1:8b,data_pmus_yaounde,q2_5_2,Agent_89,0MPHINE
4,4,3,4,3,llama3.1:8b,data_pmus_yaounde,q2_6_1,Agent_89,MONTE CITE VERTE
4,4,3,4,3,llama3.1:8b,data_pmus_yaounde,q2_6_2,Agent_89,11EME ARRET
4,4,3,4,4,llama3.1:8b,data_pmus_yaounde,q3_1,Agent_89,NON
4,3,4,4,3,llama3.1:8b,data_pmus_yaounde,q3_2,Agent_89,PAR BUS STACY
4,4,4,4,4,llama3.1:8b,data_pmus_yaounde,q3_3_1,Agent_89,MONATELE
4,4,3,4,3,llama3.1:8b,data_pmus_yaounde,q3_3_2,Agent_89,10 IEME ARRET
5,4,2,5,2,llama3.1:8b,data_pmus_yaounde,q4_1_a,Agent_89,Veuillez indiquer depuis combien de temps vous attendez.
4,3,4,4,4,llama3.1:8b,data_pmus_yaounde,q4_1_b,Agent_89,MOINS DE 5 MIN
5,4,2,5,2,llama3.1:8b,data_pmus_yaounde,q4_2_a,Agent_89,Veuillez indiquer depuis combien de temps vous attendez.
4,4,4,4,4,llama3.1:8b,data_pmus_yaounde,q4_2_b,Agent_89,15 30 MIN
4,4,4,4,4,llama3.1:8b,data_pmus_yaounde,q4_3,Agent_89,6000
4,3,4,4,4,llama3.1:8b,data_pmus_yaounde,q4_4,Agent_89,TRAVAIL
3,3,4,4,3,llama3.1:8b,data_pmus_yaounde,q4_4_autres,Agent_89,ACHAT
5,3,4,4,4,llama3.1:8b,data_pmus_yaounde,q5_1,Agent_89,ENTRE 36 ET 45 ANS
5,3,3,4,4,llama3.1:8b,data_pmus_yaounde,q5_2,Agent_89,ENTRE 30 001 ET 100 000
5,4,4,4,4,llama3.1:8b,data_pmus_yaounde,q5_3,Agent_89,HOMME
4,4,3,4,3,llama3.1:8b,data_pmus_yaounde,centre ville,Agent_90,YAOUNDE
5,4,4,4,4,llama3.1:8b,data_pmus_yaounde,q1_1,Agent_90,UN QUARTIER DE LA VILLE DE YAOUNDE
4,4,4,4,4,llama3.1:8b,data_pmus_yaounde,q1_1_a,Agent_90,ELIG ESSONO
4,4,3,4,3,llama3.1:8b,data_pmus_yaounde,q1_1_b,Agent_90,10EME ARRET
4,4,3,4,3,llama3.1:8b,data_pmus_yaounde,q1_1_c,Agent_90,AFANOYA
5,4,4,4,4,llama3.1:8b,data_pmus_yaounde,q1_2,Agent_90,UN QUARTIER DE LA VILLE DE YAOUNDE
4,4,4,4,4,llama3.1:8b,data_pmus_yaounde,q1_2_a,Agent_90,ELIG ESSONO
4,4,3,4,3,llama3.1:8b,data_pmus_yaounde,q1_2_b,Agent_90,ELIG ESSONO
4,4,3,4,3,llama3.1:8b,data_pmus_yaounde,q1_3_c,Agent_90,YAOUNDE
4,3,4,4,3,llama3.1:8b,data_pmus_yaounde,q2_1,Agent_90,A PIED
4,4,3,4,3,llama3.1:8b,data_pmus_yaounde,q2_2_1,Agent_90,RUE MANGUIER
4,4,3,4,3,llama3.1:8b,data_pmus_yaounde,q2_2_2,Agent_90,RUE MANGUIER
4,4,3,4,3,llama3.1:8b,data_pmus_yaounde,q2_3_1,Agent_90,0LESOA
4,4,3,4,3,llama3.1:8b,data_pmus_yaounde,q2_3_2,Agent_90,MOKOLO
5,4,4,4,4,llama3.1:8b,data_pmus_yaounde,q2_3,Agent_90,NON
4,4,3,4,3,llama3.1:8b,data_pmus_yaounde,q2_4,Agent_90,A PIED
4,4,3,4,3,llama3.1:8b,data_pmus_yaounde,q2_5_1,Agent_90,ELIG ESSONO
4,4,3,4,3,llama3.1:8b,data_pmus_yaounde,q2_5_2,Agent_90,0MPHINE
4,4,3,4,3,llama3.1:8b,data_pmus_yaounde,q2_6_1,Agent_90,ELIG ESSONO
4,4,3,4,3,llama3.1:8b,data_pmus_yaounde,q2_6_2,Agent_90,MONTE
4,4,3,4,4,llama3.1:8b,data_pmus_yaounde,q3_1,Agent_90,NON
4,3,4,4,3,llama3.1:8b,data_pmus_yaounde,q3_2,Agent_90,A PIED
4,4,4,4,4,llama3.1:8b,data_pmus_yaounde,q3_3_1,Agent_90,ELIG ESSONO
4,4,3,4,3,llama3.1:8b,data_pmus_yaounde,q3_3_2,Agent_90,MESSASSI
5,4,2,5,2,llama3.1:8b,data_pmus_yaounde,q4_1_a,Agent_90,Veuillez indiquer depuis combien de temps vous attendez.
4,3,4,4,4,llama3.1:8b,data_pmus_yaounde,q4_1_b,Agent_90,10 20 MINUTES
5,4,2,5,2,llama3.1:8b,data_pmus_yaounde,q4_2_a,Agent_90,Veuillez indiquer depuis combien de temps vous attendez.
4,4,4,4,4,llama3.1:8b,data_pmus_yaounde,q4_2_b,Agent_90,15 30 MIN
4,4,4,4,4,llama3.1:8b,data_pmus_yaounde,q4_3,Agent_90,1000
4,3,4,4,4,llama3.1:8b,data_pmus_yaounde,q4_4,Agent_90,TRAVAIL
3,3,4,4,3,llama3.1:8b,data_pmus_yaounde,q4_4_autres,Agent_90,ACHAT
5,3,4,4,4,llama3.1:8b,data_pmus_yaounde,q5_1,Agent_90,ENTRE 26 ET 35 ANS
5,3,3,4,4,llama3.1:8b,data_pmus_yaounde,q5_2,Agent_90,ENTRE 30 001 ET 100 000
5,4,4,4,4,llama3.1:8b,data_pmus_yaounde,q5_3,Agent_90,FEMME
4,4,3,4,3,llama3.1:8b,data_pmus_yaounde,centre ville,Agent_91,YAOUNDE
5,4,4,4,4,llama3.1:8b,data_pmus_yaounde,q1_1,Agent_91,UN QUARTIER DE LA VILLE DE YAOUNDE
4,4,4,4,4,llama3.1:8b,data_pmus_yaounde,q1_1_a,Agent_91,ABIT
4,4,3,4,3,llama3.1:8b,data_pmus_yaounde,q1_1_b,Agent_91,10EME ARRET
4,4,3,4,3,llama3.1:8b,data_pmus_yaounde,q1_1_c,Agent_91,AFANOYA
5,4,4,4,4,llama3.1:8b,data_pmus_yaounde,q1_2,Agent_91,UN QUARTIER DE LA VILLE DE YAOUNDE
4,4,4,4,4,llama3.1:8b,data_pmus_yaounde,q1_2_a,Agent_91,OBILI
4,4,3,4,3,llama3.1:8b,data_pmus_yaounde,q1_2_b,Agent_91,OBILI
4,4,3,4,3,llama3.1:8b,data_pmus_yaounde,q1_3_c,Agent_91,AFANOYA
4,3,4,4,3,llama3.1:8b,data_pmus_yaounde,q2_1,Agent_91,PAR BUS STACY
4,4,3,4,3,llama3.1:8b,data_pmus_yaounde,q2_2_1,Agent_91,OBILI
4,4,3,4,3,llama3.1:8b,data_pmus_yaounde,q2_2_2,Agent_91,OBILI
4,4,3,4,3,llama3.1:8b,data_pmus_yaounde,q2_3_1,Agent_91,OBILI
4,4,3,4,3,llama3.1:8b,data_pmus_yaounde,q2_3_2,Agent_91,0NANA
5,4,4,4,4,llama3.1:8b,data_pmus_yaounde,q2_3,Agent_91,NON
4,4,3,4,3,llama3.1:8b,data_pmus_yaounde,q2_4,Agent_91,PAR BUS STACY
4,4,3,4,3,llama3.1:8b,data_pmus_yaounde,q2_5_1,Agent_91,MVOG MBI
4,4,3,4,3,llama3.1:8b,data_pmus_yaounde,q2_5_2,Agent_91,MINKAN
4,4,3,4,3,llama3.1:8b,data_pmus_yaounde,q2_6_1,Agent_91,OLEZOA
4,4,3,4,3,llama3.1:8b,data_pmus_yaounde,q2_6_2,Agent_91,11EME ARRET
4,4,3,4,4,llama3.1:8b,data_pmus_yaounde,q3_1,Agent_91,NON
4,3,4,4,3,llama3.1:8b,data_pmus_yaounde,q3_2,Agent_91,PAR BUS STACY
4,4,4,4,4,llama3.1:8b,data_pmus_yaounde,q3_3_1,Agent_91,CENTRE VILLE
4,4,3,4,3,llama3.1:8b,data_pmus_yaounde,q3_3_2,Agent_91,CENTRE VILLE
5,4,2,5,2,llama3.1:8b,data_pmus_yaounde,q4_1_a,Agent_91,Veuillez indiquer depuis combien de temps vous attendez.
4,3,4,4,4,llama3.1:8b,data_pmus_yaounde,q4_1_b,Agent_91,MOINS DE 5 MIN
5,4,2,5,2,llama3.1:8b,data_pmus_yaounde,q4_2_a,Agent_91,Veuillez indiquer depuis combien de temps vous attendez.
4,4,4,4,4,llama3.1:8b,data_pmus_yaounde,q4_2_b,Agent_91,15 30 MIN
4,4,4,4,4,llama3.1:8b,data_pmus_yaounde,q4_3,Agent_91,1300
4,3,4,4,4,llama3.1:8b,data_pmus_yaounde,q4_4,Agent_91,COURSES
3,3,4,4,3,llama3.1:8b,data_pmus_yaounde,q4_4_autres,Agent_91,FAIRE DES ACHATS
5,3,4,4,4,llama3.1:8b,data_pmus_yaounde,q5_1,Agent_91,ENTRE 26 ET 35 ANS
5,3,3,4,4,llama3.1:8b,data_pmus_yaounde,q5_2,Agent_91,ENTRE 30 001 ET 100 000
5,4,4,4,4,llama3.1:8b,data_pmus_yaounde,q5_3,Agent_91,HOMME
4,4,3,4,3,llama3.1:8b,data_pmus_yaounde,centre ville,Agent_92,YAOUNDE
5,4,4,4,4,llama3.1:8b,data_pmus_yaounde,q1_1,Agent_92,UN QUARTIER DE LA VILLE DE YAOUNDE
4,4,4,4,4,llama3.1:8b,data_pmus_yaounde,q1_1_a,Agent_92,MESSASSI
4,4,3,4,3,llama3.1:8b,data_pmus_yaounde,q1_1_b,Agent_92,MESSAME NDONGO
4,4,3,4,3,llama3.1:8b,data_pmus_yaounde,q1_1_c,Agent_92,AFANOYA
5,4,4,4,4,llama3.1:8b,data_pmus_yaounde,q1_2,Agent_92,UN QUARTIER DE LA VILLE DE YAOUNDE
4,4,4,4,4,llama3.1:8b,data_pmus_yaounde,q1_2_a,Agent_92,ESSOS
4,4,3,4,3,llama3.1:8b,data_pmus_yaounde,q1_2_b,Agent_92,10 IEME ARRET
4,4,3,4,3,llama3.1:8b,data_pmus_yaounde,q1_3_c,Agent_92,DOUALA
4,3,4,4,3,llama3.1:8b,data_pmus_yaounde,q2_1,Agent_92,PAR BUS STACY
4,4,3,4,3,llama3.1:8b,data_pmus_yaounde,q2_2_1,Agent_92,ESSOS
4,4,3,4,3,llama3.1:8b,data_pmus_yaounde,q2_2_2,Agent_92,10 E ARRET
4,4,3,4,3,llama3.1:8b,data_pmus_yaounde,q2_3_1,Agent_92,MEESSASI
4,4,3,4,3,llama3.1:8b,data_pmus_yaounde,q2_3_2,Agent_92,ESSOS
5,4,4,4,4,llama3.1:8b,data_pmus_yaounde,q2_3,Agent_92,NON
4,4,3,4,3,llama3.1:8b,data_pmus_yaounde,q2_4,Agent_92,PAR BUS STACY
4,4,3,4,3,llama3.1:8b,data_pmus_yaounde,q2_5_1,Agent_92,MESSASSI
4,4,3,4,3,llama3.1:8b,data_pmus_yaounde,q2_5_2,Agent_92,ENTREE ESSO
4,4,3,4,3,llama3.1:8b,data_pmus_yaounde,q2_6_1,Agent_92,ABATTOIR
4,4,3,4,3,llama3.1:8b,data_pmus_yaounde,q2_6_2,Agent_92,ENTREE BORNE 10
4,4,3,4,4,llama3.1:8b,data_pmus_yaounde,q3_1,Agent_92,NON
4,3,4,4,3,llama3.1:8b,data_pmus_yaounde,q3_2,Agent_92,PAR BUS STACY
4,4,4,4,4,llama3.1:8b,data_pmus_yaounde,q3_3_1,Agent_92,ESSOS
4,4,3,4,3,llama3.1:8b,data_pmus_yaounde,q3_3_2,Agent_92,ESSOS
5,4,2,5,2,llama3.1:8b,data_pmus_yaounde,q4_1_a,Agent_92,Veuillez indiquer depuis combien de temps vous attendez.
4,3,4,4,4,llama3.1:8b,data_pmus_yaounde,q4_1_b,Agent_92,MOINS DE 5 MIN
5,4,2,5,2,llama3.1:8b,data_pmus_yaounde,q4_2_a,Agent_92,Veuillez indiquer depuis combien de temps vous attendez.
4,4,4,4,4,llama3.1:8b,data_pmus_yaounde,q4_2_b,Agent_92,15 30 MIN
4,4,4,4,4,llama3.1:8b,data_pmus_yaounde,q4_3,Agent_92,2000
4,3,4,4,4,llama3.1:8b,data_pmus_yaounde,q4_4,Agent_92,ACTIVIT S DE LOISIRS
3,3,4,4,3,llama3.1:8b,data_pmus_yaounde,q4_4_autres,Agent_92,ACHAT
5,3,4,4,4,llama3.1:8b,data_pmus_yaounde,q5_1,Agent_92,ENTRE 18 ET 25 ANS
5,3,3,4,4,llama3.1:8b,data_pmus_yaounde,q5_2,Agent_92,ENTRE 30 001 ET 100 000
5,4,4,4,4,llama3.1:8b,data_pmus_yaounde,q5_3,Agent_92,FEMME
4,4,3,4,3,llama3.1:8b,data_pmus_yaounde,centre ville,Agent_93,YAOUNDE
5,4,4,4,4,llama3.1:8b,data_pmus_yaounde,q1_1,Agent_93,UN QUARTIER DE LA VILLE DE YAOUNDE
4,4,4,4,4,llama3.1:8b,data_pmus_yaounde,q1_1_a,Agent_93,ABIT
4,4,3,4,3,llama3.1:8b,data_pmus_yaounde,q1_1_b,Agent_93,PRES DE LA STATION
4,4,3,4,3,llama3.1:8b,data_pmus_yaounde,q1_1_c,Agent_93,AFANOYA
5,4,4,4,4,llama3.1:8b,data_pmus_yaounde,q1_2,Agent_93,UN QUARTIER DE LA VILLE DE YAOUNDE
4,4,4,4,4,llama3.1:8b,data_pmus_yaounde,q1_2_a,Agent_93,ABOM
4,4,3,4,3,llama3.1:8b,data_pmus_yaounde,q1_2_b,Agent_93,MARCHE MOKOLO
4,4,3,4,3,llama3.1:8b,data_pmus_yaounde,q1_3_c,Agent_93,DOUALA
4,3,4,4,3,llama3.1:8b,data_pmus_yaounde,q2_1,Agent_93,PAR BUS STACY
4,4,3,4,3,llama3.1:8b,data_pmus_yaounde,q2_2_1,Agent_93,2 CHEVEAU
4,4,3,4,3,llama3.1:8b,data_pmus_yaounde,q2_2_2,Agent_93,10 E ARRET
4,4,3,4,3,llama3.1:8b,data_pmus_yaounde,q2_3_1,Agent_93,MEEC CARFOUR
4,4,3,4,3,llama3.1:8b,data_pmus_yaounde,q2_3_2,Agent_93,0NANA
5,4,4,4,4,llama3.1:8b,data_pmus_yaounde,q2_3,Agent_93,NON
4,4,3,4,3,llama3.1:8b,data_pmus_yaounde,q2_4,Agent_93,PAR BUS STACY
4,4,3,4,3,llama3.1:8b,data_pmus_yaounde,q2_5_1,Agent_93,CARREFOUR NSSIMEYONG
4,4,3,4,3,llama3.1:8b,data_pmus_yaounde,q2_5_2,Agent_93,ENTREE ESSO
4,4,3,4,3,llama3.1:8b,data_pmus_yaounde,q2_6_1,Agent_93,OBALA
4,4,3,4,3,llama3.1:8b,data_pmus_yaounde,q2_6_2,Agent_93,11EME ARRET
4,4,3,4,4,llama3.1:8b,data_pmus_yaounde,q3_1,Agent_93,NON
4,3,4,4,3,llama3.1:8b,data_pmus_yaounde,q3_2,Agent_93,PAR BUS STACY
4,4,4,4,4,llama3.1:8b,data_pmus_yaounde,q3_3_1,Agent_93,ACACIA
4,4,3,4,3,llama3.1:8b,data_pmus_yaounde,q3_3_2,Agent_93,ACACIA
5,4,2,5,2,llama3.1:8b,data_pmus_yaounde,q4_1_a,Agent_93,Veuillez indiquer depuis combien de temps vous attendez.
4,3,4,4,4,llama3.1:8b,data_pmus_yaounde,q4_1_b,Agent_93,MOINS DE 5 MIN
5,4,2,5,2,llama3.1:8b,data_pmus_yaounde,q4_2_a,Agent_93,Veuillez indiquer depuis combien de temps vous attendez.
4,4,4,4,4,llama3.1:8b,data_pmus_yaounde,q4_2_b,Agent_93,15 30 MIN
4,4,4,4,4,llama3.1:8b,data_pmus_yaounde,q4_3,Agent_93,2000
4,3,4,4,4,llama3.1:8b,data_pmus_yaounde,q4_4,Agent_93,TRAVAIL
3,3,4,4,3,llama3.1:8b,data_pmus_yaounde,q4_4_autres,Agent_93,ACHAT
5,3,4,4,4,llama3.1:8b,data_pmus_yaounde,q5_1,Agent_93,ENTRE 26 ET 35 ANS
5,3,3,4,4,llama3.1:8b,data_pmus_yaounde,q5_2,Agent_93,ENTRE 30 001 ET 100 000
5,4,4,4,4,llama3.1:8b,data_pmus_yaounde,q5_3,Agent_93,FEMME
4,4,3,4,3,llama3.1:8b,data_pmus_yaounde,centre ville,Agent_94,YAOUNDE
5,4,4,4,4,llama3.1:8b,data_pmus_yaounde,q1_1,Agent_94,UN QUARTIER DE LA VILLE DE YAOUNDE
4,4,4,4,4,llama3.1:8b,data_pmus_yaounde,q1_1_a,Agent_94,AFANOYA
4,4,3,4,3,llama3.1:8b,data_pmus_yaounde,q1_1_b,Agent_94,NKOLAFAMBA
4,4,3,4,3,llama3.1:8b,data_pmus_yaounde,q1_1_c,Agent_94,AFANOYA
5,4,4,4,4,llama3.1:8b,data_pmus_yaounde,q1_2,Agent_94,UN QUARTIER DE LA VILLE DE YAOUNDE
4,4,4,4,4,llama3.1:8b,data_pmus_yaounde,q1_2_a,Agent_94,NKOZOA
4,4,3,4,3,llama3.1:8b,data_pmus_yaounde,q1_2_b,Agent_94,NKOZOA
4,4,3,4,3,llama3.1:8b,data_pmus_yaounde,q1_3_c,Agent_94,AFANOYA
4,3,4,4,3,llama3.1:8b,data_pmus_yaounde,q2_1,Agent_94,PAR BUS STACY
4,4,3,4,3,llama3.1:8b,data_pmus_yaounde,q2_2_1,Agent_94,NKOLBISS0NG
4,4,3,4,3,llama3.1:8b,data_pmus_yaounde,q2_2_2,Agent_94,NKOA MBANG
4,4,3,4,3,llama3.1:8b,data_pmus_yaounde,q2_3_1,Agent_94,NKOLBISS0NG
4,4,3,4,3,llama3.1:8b,data_pmus_yaounde,q2_3_2,Agent_94,NKOA MBANG
5,4,4,4,4,llama3.1:8b,data_pmus_yaounde,q2_3,Agent_94,NON
4,4,3,4,3,llama3.1:8b,data_pmus_yaounde,q2_4,Agent_94,PAR BUS STACY
4,4,3,4,3,llama3.1:8b,data_pmus_yaounde,q2_5_1,Agent_94,NKOA MBANG
4,4,3,4,3,llama3.1:8b,data_pmus_yaounde,q2_5_2,Agent_94,NKOLBISSON
4,4,3,4,3,llama3.1:8b,data_pmus_yaounde,q2_6_1,Agent_94,NKOL FOULOU
4,4,3,4,3,llama3.1:8b,data_pmus_yaounde,q2_6_2,Agent_94,11EME ARRET
4,4,3,4,4,llama3.1:8b,data_pmus_yaounde,q3_1,Agent_94,NON
4,3,4,4,3,llama3.1:8b,data_pmus_yaounde,q3_2,Agent_94,PAR BUS STACY
4,4,4,4,4,llama3.1:8b,data_pmus_yaounde,q3_3_1,Agent_94,NKOA MBANG
4,4,3,4,3,llama3.1:8b,data_pmus_yaounde,q3_3_2,Agent_94,NKOA MBANG
5,4,2,5,2,llama3.1:8b,data_pmus_yaounde,q4_1_a,Agent_94,Veuillez indiquer depuis combien de temps vous attendez.
4,3,4,4,4,llama3.1:8b,data_pmus_yaounde,q4_1_b,Agent_94,10 20 MINUTES
5,4,2,5,2,llama3.1:8b,data_pmus_yaounde,q4_2_a,Agent_94,Veuillez indiquer depuis combien de temps vous attendez.
4,4,4,4,4,llama3.1:8b,data_pmus_yaounde,q4_2_b,Agent_94,15 30 MIN
4,4,4,4,4,llama3.1:8b,data_pmus_yaounde,q4_3,Agent_94,1850
4,3,4,4,4,llama3.1:8b,data_pmus_yaounde,q4_4,Agent_94,VISITE FAMILLE
3,3,4,4,3,llama3.1:8b,data_pmus_yaounde,q4_4_autres,Agent_94,ACHAT
5,3,4,4,4,llama3.1:8b,data_pmus_yaounde,q5_1,Agent_94,ENTRE 36 ET 45 ANS
5,3,3,4,4,llama3.1:8b,data_pmus_yaounde,q5_2,Agent_94,ENTRE 30 001 ET 100 000
5,4,4,4,4,llama3.1:8b,data_pmus_yaounde,q5_3,Agent_94,FEMME
4,4,3,4,3,llama3.1:8b,data_pmus_yaounde,centre ville,Agent_95,YAOUNDE
5,4,4,4,4,llama3.1:8b,data_pmus_yaounde,q1_1,Agent_95,UN QUARTIER DE LA VILLE DE YAOUNDE
4,4,4,4,4,llama3.1:8b,data_pmus_yaounde,q1_1_a,Agent_95,ABIT
4,4,3,4,3,llama3.1:8b,data_pmus_yaounde,q1_1_b,Agent_95,10EME ARRET
4,4,3,4,3,llama3.1:8b,data_pmus_yaounde,q1_1_c,Agent_95,AFANOYA
5,4,4,4,4,llama3.1:8b,data_pmus_yaounde,q1_2,Agent_95,UN QUARTIER DE LA VILLE DE YAOUNDE
4,4,4,4,4,llama3.1:8b,data_pmus_yaounde,q1_2_a,Agent_95,ABOM
4,4,3,4,3,llama3.1:8b,data_pmus_yaounde,q1_2_b,Agent_95,10 IEME ARRET
4,4,3,4,3,llama3.1:8b,data_pmus_yaounde,q1_3_c,Agent_95,YAOUNDE
4,3,4,4,3,llama3.1:8b,data_pmus_yaounde,q2_1,Agent_95,PAR BUS STACY
4,4,3,4,3,llama3.1:8b,data_pmus_yaounde,q2_2_1,Agent_95,SONEL
4,4,3,4,3,llama3.1:8b,data_pmus_yaounde,q2_2_2,Agent_95,SONEL
4,4,3,4,3,llama3.1:8b,data_pmus_yaounde,q2_3_1,Agent_95,SONEL
4,4,3,4,3,llama3.1:8b,data_pmus_yaounde,q2_3_2,Agent_95,SONEL
5,4,4,4,4,llama3.1:8b,data_pmus_yaounde,q2_3,Agent_95,NON
4,4,3,4,3,llama3.1:8b,data_pmus_yaounde,q2_4,Agent_95,PAR BUS STACY
4,4,3,4,3,llama3.1:8b,data_pmus_yaounde,q2_5_1,Agent_95,FOGEROL
4,4,3,4,3,llama3.1:8b,data_pmus_yaounde,q2_5_2,Agent_95,0MPHINE
4,4,3,4,3,llama3.1:8b,data_pmus_yaounde,q2_6_1,Agent_95,NKOM KANA
4,4,3,4,3,llama3.1:8b,data_pmus_yaounde,q2_6_2,Agent_95,11EME ARRET
4,4,3,4,4,llama3.1:8b,data_pmus_yaounde,q3_1,Agent_95,NON
4,3,4,4,3,llama3.1:8b,data_pmus_yaounde,q3_2,Agent_95,PAR BUS STACY
4,4,4,4,4,llama3.1:8b,data_pmus_yaounde,q3_3_1,Agent_95,FOURGEROLLES
4,4,3,4,3,llama3.1:8b,data_pmus_yaounde,q3_3_2,Agent_95,FOURGEROLLES
5,4,2,5,2,llama3.1:8b,data_pmus_yaounde,q4_1_a,Agent_95,Veuillez indiquer depuis combien de temps vous attendez.
4,3,4,4,4,llama3.1:8b,data_pmus_yaounde,q4_1_b,Agent_95,MOINS DE 5 MIN
5,4,2,5,2,llama3.1:8b,data_pmus_yaounde,q4_2_a,Agent_95,Veuillez indiquer depuis combien de temps vous attendez.
4,4,4,4,4,llama3.1:8b,data_pmus_yaounde,q4_2_b,Agent_95,15 30 MIN
4,4,4,4,4,llama3.1:8b,data_pmus_yaounde,q4_3,Agent_95,800
4,3,4,4,4,llama3.1:8b,data_pmus_yaounde,q4_4,Agent_95,COURSES
3,3,4,4,3,llama3.1:8b,data_pmus_yaounde,q4_4_autres,Agent_95,COURS
5,3,4,4,4,llama3.1:8b,data_pmus_yaounde,q5_1,Agent_95,ENTRE 18 ET 25 ANS
5,3,3,4,4,llama3.1:8b,data_pmus_yaounde,q5_2,Agent_95,ENTRE 30 001 ET 100 000
5,4,4,4,4,llama3.1:8b,data_pmus_yaounde,q5_3,Agent_95,HOMME
4,4,3,4,3,llama3.1:8b,data_pmus_yaounde,centre ville,Agent_96,YAOUNDE
5,4,4,4,4,llama3.1:8b,data_pmus_yaounde,q1_1,Agent_96,UN QUARTIER DE LA VILLE DE YAOUNDE
4,4,4,4,4,llama3.1:8b,data_pmus_yaounde,q1_1_a,Agent_96,NKONDENGUI
4,4,3,4,3,llama3.1:8b,data_pmus_yaounde,q1_1_b,Agent_96,10EME ARRET
4,4,3,4,3,llama3.1:8b,data_pmus_yaounde,q1_1_c,Agent_96,AFANOYA
5,4,4,4,4,llama3.1:8b,data_pmus_yaounde,q1_2,Agent_96,UN QUARTIER DE LA VILLE DE YAOUNDE
4,4,4,4,4,llama3.1:8b,data_pmus_yaounde,q1_2_a,Agent_96,NKONDENGUI
4,4,3,4,3,llama3.1:8b,data_pmus_yaounde,q1_2_b,Agent_96,NKONDENGUI
4,4,3,4,3,llama3.1:8b,data_pmus_yaounde,q1_3_c,Agent_96,DOUALA
4,3,4,4,3,llama3.1:8b,data_pmus_yaounde,q2_1,Agent_96,PAR TAXI
4,4,3,4,3,llama3.1:8b,data_pmus_yaounde,q2_2_1,Agent_96,TITI GARAGE
4,4,3,4,3,llama3.1:8b,data_pmus_yaounde,q2_2_2,Agent_96,TITI GARAGE
4,4,3,4,3,llama3.1:8b,data_pmus_yaounde,q2_3_1,Agent_96,0LESOA
4,4,3,4,3,llama3.1:8b,data_pmus_yaounde,q2_3_2,Agent_96,NKONDENGUI
5,4,4,4,4,llama3.1:8b,data_pmus_yaounde,q2_3,Agent_96,NON
4,4,3,4,3,llama3.1:8b,data_pmus_yaounde,q2_4,Agent_96,PAR TAXI
4,4,3,4,3,llama3.1:8b,data_pmus_yaounde,q2_5_1,Agent_96,A B0NAS
4,4,3,4,3,llama3.1:8b,data_pmus_yaounde,q2_5_2,Agent_96,NKONDENGUI
4,4,3,4,3,llama3.1:8b,data_pmus_yaounde,q2_6_1,Agent_96,NKONDENGUI
4,4,3,4,3,llama3.1:8b,data_pmus_yaounde,q2_6_2,Agent_96,11EME ARRET
4,4,3,4,4,llama3.1:8b,data_pmus_yaounde,q3_1,Agent_96,NON
4,3,4,4,3,llama3.1:8b,data_pmus_yaounde,q3_2,Agent_96,PAR TAXI
4,4,4,4,4,llama3.1:8b,data_pmus_yaounde,q3_3_1,Agent_96,NKONDENGUI
4,4,3,4,3,llama3.1:8b,data_pmus_yaounde,q3_3_2,Agent_96,NKONDENGUI
5,4,2,5,2,llama3.1:8b,data_pmus_yaounde,q4_1_a,Agent_96,Veuillez indiquer depuis combien de temps vous attendez.
4,3,4,4,4,llama3.1:8b,data_pmus_yaounde,q4_1_b,Agent_96,MOINS DE 5 MIN
5,4,2,5,2,llama3.1:8b,data_pmus_yaounde,q4_2_a,Agent_96,Veuillez indiquer depuis combien de temps vous attendez.
4,4,4,4,4,llama3.1:8b,data_pmus_yaounde,q4_2_b,Agent_96,15 30 MIN
4,4,4,4,4,llama3.1:8b,data_pmus_yaounde,q4_3,Agent_96,1650
4,3,4,4,4,llama3.1:8b,data_pmus_yaounde,q4_4,Agent_96,D MARCHES ADMINISTRATIVES ET OU SANT
3,3,4,4,3,llama3.1:8b,data_pmus_yaounde,q4_4_autres,Agent_96,ACHAT
5,3,4,4,4,llama3.1:8b,data_pmus_yaounde,q5_1,Agent_96,MOINS DE 18 ANS
5,3,3,4,4,llama3.1:8b,data_pmus_yaounde,q5_2,Agent_96,ENTRE 30 001 ET 100 000
5,4,4,4,4,llama3.1:8b,data_pmus_yaounde,q5_3,Agent_96,HOMME
4,4,3,4,3,llama3.1:8b,data_pmus_yaounde,centre ville,Agent_97,YAOUNDE
5,4,4,4,4,llama3.1:8b,data_pmus_yaounde,q1_1,Agent_97,UN QUARTIER DE LA VILLE DE YAOUNDE
4,4,4,4,4,llama3.1:8b,data_pmus_yaounde,q1_1_a,Agent_97,NKOL FOULOU
4,4,3,4,3,llama3.1:8b,data_pmus_yaounde,q1_1_b,Agent_97,ENTREE WAGUEE
4,4,3,4,3,llama3.1:8b,data_pmus_yaounde,q1_1_c,Agent_97,AFANOYA
5,4,4,4,4,llama3.1:8b,data_pmus_yaounde,q1_2,Agent_97,UN QUARTIER DE LA VILLE DE YAOUNDE
4,4,4,4,4,llama3.1:8b,data_pmus_yaounde,q1_2_a,Agent_97,NKOL FOULOU
4,4,3,4,3,llama3.1:8b,data_pmus_yaounde,q1_2_b,Agent_97,ENTREE WAGUEE
4,4,3,4,3,llama3.1:8b,data_pmus_yaounde,q1_3_c,Agent_97,NKOL FOULOU
4,3,4,4,3,llama3.1:8b,data_pmus_yaounde,q2_1,Agent_97,PAR BUS AGENCE INTERURBAIN
4,4,3,4,3,llama3.1:8b,data_pmus_yaounde,q2_2_1,Agent_97,NKOL FOULOU
4,4,3,4,3,llama3.1:8b,data_pmus_yaounde,q2_2_2,Agent_97,ENTREEECHANGEUR
4,4,3,4,3,llama3.1:8b,data_pmus_yaounde,q2_3_1,Agent_97,0LESOA
4,4,3,4,3,llama3.1:8b,data_pmus_yaounde,q2_3_2,Agent_97,0NANA
5,4,4,4,4,llama3.1:8b,data_pmus_yaounde,q2_3,Agent_97,NON
4,4,3,4,3,llama3.1:8b,data_pmus_yaounde,q2_4,Agent_97,PAR BUS AGENCE INTERURBAIN
4,4,3,4,3,llama3.1:8b,data_pmus_yaounde,q2_5_1,Agent_97,NKOL FOULOU
4,4,3,4,3,llama3.1:8b,data_pmus_yaounde,q2_5_2,Agent_97,NKOL FOULOU
4,4,3,4,3,llama3.1:8b,data_pmus_yaounde,q2_6_1,Agent_97,NKOL FOULOU
4,4,3,4,3,llama3.1:8b,data_pmus_yaounde,q2_6_2,Agent_97,11EME ARRET
4,4,3,4,4,llama3.1:8b,data_pmus_yaounde,q3_1,Agent_97,NON
4,3,4,4,3,llama3.1:8b,data_pmus_yaounde,q3_2,Agent_97,PAR BUS AGENCE INTERURBAIN
4,4,4,4,4,llama3.1:8b,data_pmus_yaounde,q3_3_1,Agent_97,NKOL FOULOU
4,4,3,4,3,llama3.1:8b,data_pmus_yaounde,q3_3_2,Agent_97,NKOL FOULOU
5,4,2,5,2,llama3.1:8b,data_pmus_yaounde,q4_1_a,Agent_97,Veuillez indiquer depuis combien de temps vous attendez.
4,3,4,4,4,llama3.1:8b,data_pmus_yaounde,q4_1_b,Agent_97,10 20 MINUTES
5,4,2,5,2,llama3.1:8b,data_pmus_yaounde,q4_2_a,Agent_97,Veuillez indiquer depuis combien de temps vous attendez.
4,4,4,4,4,llama3.1:8b,data_pmus_yaounde,q4_2_b,Agent_97,15 30 MIN
4,4,4,4,4,llama3.1:8b,data_pmus_yaounde,q4_3,Agent_97,150
4,3,4,4,4,llama3.1:8b,data_pmus_yaounde,q4_4,Agent_97,VISITE FAMILLE
3,3,4,4,3,llama3.1:8b,data_pmus_yaounde,q4_4_autres,Agent_97,ACHAT
5,3,4,4,4,llama3.1:8b,data_pmus_yaounde,q5_1,Agent_97,ENTRE 18 ET 25 ANS
5,3,3,4,4,llama3.1:8b,data_pmus_yaounde,q5_2,Agent_97,ENTRE 30 001 ET 100 000
5,4,4,4,4,llama3.1:8b,data_pmus_yaounde,q5_3,Agent_97,HOMME
4,4,3,4,3,llama3.1:8b,data_pmus_yaounde,centre ville,Agent_98,YAOUNDE
5,4,4,4,4,llama3.1:8b,data_pmus_yaounde,q1_1,Agent_98,UN QUARTIER DE LA VILLE DE YAOUNDE
4,4,4,4,4,llama3.1:8b,data_pmus_yaounde,q1_1_a,Agent_98,NKOLMESSENG
4,4,3,4,3,llama3.1:8b,data_pmus_yaounde,q1_1_b,Agent_98,10EME ARRET
4,4,3,4,3,llama3.1:8b,data_pmus_yaounde,q1_1_c,Agent_98,AFANOYA
5,4,4,4,4,llama3.1:8b,data_pmus_yaounde,q1_2,Agent_98,UN QUARTIER DE LA VILLE DE YAOUNDE
4,4,4,4,4,llama3.1:8b,data_pmus_yaounde,q1_2_a,Agent_98,BASTOS
4,4,3,4,3,llama3.1:8b,data_pmus_yaounde,q1_2_b,Agent_98,BASTOS
4,4,3,4,3,llama3.1:8b,data_pmus_yaounde,q1_3_c,Agent_98,YAOUNDE
4,3,4,4,3,llama3.1:8b,data_pmus_yaounde,q2_1,Agent_98,A PIED
4,4,3,4,3,llama3.1:8b,data_pmus_yaounde,q2_2_1,Agent_98,NKOLMESSENG
4,4,3,4,3,llama3.1:8b,data_pmus_yaounde,q2_2_2,Agent_98,10 E ARRET
4,4,3,4,3,llama3.1:8b,data_pmus_yaounde,q2_3_1,Agent_98,BASTOS
4,4,3,4,3,llama3.1:8b,data_pmus_yaounde,q2_3_2,Agent_98,BASTOS
5,4,4,4,4,llama3.1:8b,data_pmus_yaounde,q2_3,Agent_98,NON
4,4,3,4,3,llama3.1:8b,data_pmus_yaounde,q2_4,Agent_98,PAR BUS STACY
4,4,3,4,3,llama3.1:8b,data_pmus_yaounde,q2_5_1,Agent_98,A B0NAS
4,4,3,4,3,llama3.1:8b,data_pmus_yaounde,q2_5_2,Agent_98,0MPHINE
4,4,3,4,3,llama3.1:8b,data_pmus_yaounde,q2_6_1,Agent_98,BASTOS
4,4,3,4,3,llama3.1:8b,data_pmus_yaounde,q2_6_2,Agent_98,BASTOS
4,4,3,4,4,llama3.1:8b,data_pmus_yaounde,q3_1,Agent_98,NON
4,3,4,4,3,llama3.1:8b,data_pmus_yaounde,q3_2,Agent_98,A PIED
4,4,4,4,4,llama3.1:8b,data_pmus_yaounde,q3_3_1,Agent_98,BASTOS
4,4,3,4,3,llama3.1:8b,data_pmus_yaounde,q3_3_2,Agent_98,10 IEME ARRET
5,4,2,5,2,llama3.1:8b,data_pmus_yaounde,q4_1_a,Agent_98,Veuillez indiquer depuis combien de temps vous attendez.
4,3,4,4,4,llama3.1:8b,data_pmus_yaounde,q4_1_b,Agent_98,MOINS DE 5 MIN
5,4,2,5,2,llama3.1:8b,data_pmus_yaounde,q4_2_a,Agent_98,Veuillez indiquer depuis combien de temps vous attendez.
4,4,4,4,4,llama3.1:8b,data_pmus_yaounde,q4_2_b,Agent_98,15 30 MIN
4,4,4,4,4,llama3.1:8b,data_pmus_yaounde,q4_3,Agent_98,1000
4,3,4,4,4,llama3.1:8b,data_pmus_yaounde,q4_4,Agent_98,COURSES
3,3,4,4,3,llama3.1:8b,data_pmus_yaounde,q4_4_autres,Agent_98,ETUDES
5,3,4,4,4,llama3.1:8b,data_pmus_yaounde,q5_1,Agent_98,MOINS DE 18 ANS
5,3,3,4,4,llama3.1:8b,data_pmus_yaounde,q5_2,Agent_98,ENTRE 30 001 ET 100 000
5,4,4,4,4,llama3.1:8b,data_pmus_yaounde,q5_3,Agent_98,FEMME
4,4,3,4,3,llama3.1:8b,data_pmus_yaounde,centre ville,Agent_99,YAOUNDE
5,4,4,4,4,llama3.1:8b,data_pmus_yaounde,q1_1,Agent_99,UN QUARTIER DE LA VILLE DE YAOUNDE
4,4,4,4,4,llama3.1:8b,data_pmus_yaounde,q1_1_a,Agent_99,BIYEM ASSI
4,4,3,4,3,llama3.1:8b,data_pmus_yaounde,q1_1_b,Agent_99,BIYEM ASSI
4,4,3,4,3,llama3.1:8b,data_pmus_yaounde,q1_1_c,Agent_99,AFANOYA
5,4,4,4,4,llama3.1:8b,data_pmus_yaounde,q1_2,Agent_99,UN QUARTIER DE LA VILLE DE YAOUNDE
4,4,4,4,4,llama3.1:8b,data_pmus_yaounde,q1_2_a,Agent_99,ELIG ESSONO
4,4,3,4,3,llama3.1:8b,data_pmus_yaounde,q1_2_b,Agent_99,ELIG ESSONO
4,4,3,4,3,llama3.1:8b,data_pmus_yaounde,q1_3_c,Agent_99,AFANOYA
4,3,4,4,3,llama3.1:8b,data_pmus_yaounde,q2_1,Agent_99,PAR BUS STACY
4,4,3,4,3,llama3.1:8b,data_pmus_yaounde,q2_2_1,Agent_99,GARE VOYAGEUR
4,4,3,4,3,llama3.1:8b,data_pmus_yaounde,q2_2_2,Agent_99,GARE VOYAGEUR
4,4,3,4,3,llama3.1:8b,data_pmus_yaounde,q2_3_1,Agent_99,0LESOA
4,4,3,4,3,llama3.1:8b,data_pmus_yaounde,q2_3_2,Agent_99,GARE VOYAGEUR
5,4,4,4,4,llama3.1:8b,data_pmus_yaounde,q2_3,Agent_99,NON
4,4,3,4,3,llama3.1:8b,data_pmus_yaounde,q2_4,Agent_99,PAR BUS STACY
4,4,3,4,3,llama3.1:8b,data_pmus_yaounde,q2_5_1,Agent_99,CENTRE VILLE
4,4,3,4,3,llama3.1:8b,data_pmus_yaounde,q2_5_2,Agent_99,0MPHINE
4,4,3,4,3,llama3.1:8b,data_pmus_yaounde,q2_6_1,Agent_99,CENTRE VILLE
4,4,3,4,3,llama3.1:8b,data_pmus_yaounde,q2_6_2,Agent_99,CENTRE VILLE
4,4,3,4,4,llama3.1:8b,data_pmus_yaounde,q3_1,Agent_99,NON
4,3,4,4,3,llama3.1:8b,data_pmus_yaounde,q3_2,Agent_99,PAR BUS AGENCE INTERURBAIN
4,4,4,4,4,llama3.1:8b,data_pmus_yaounde,q3_3_1,Agent_99,CENTRE VILLE
4,4,3,4,3,llama3.1:8b,data_pmus_yaounde,q3_3_2,Agent_99,CENTRE VILLE
5,4,2,5,2,llama3.1:8b,data_pmus_yaounde,q4_1_a,Agent_99,Veuillez indiquer depuis combien de temps vous attendez.
4,3,4,4,4,llama3.1:8b,data_pmus_yaounde,q4_1_b,Agent_99,10 20 MINUTES
5,4,2,5,2,llama3.1:8b,data_pmus_yaounde,q4_2_a,Agent_99,Veuillez indiquer depuis combien de temps vous attendez.
4,4,4,4,4,llama3.1:8b,data_pmus_yaounde,q4_2_b,Agent_99,15 30 MIN
4,4,4,4,4,llama3.1:8b,data_pmus_yaounde,q4_3,Agent_99,8000
4,3,4,4,4,llama3.1:8b,data_pmus_yaounde,q4_4,Agent_99,D MARCHES ADMINISTRATIVES ET OU SANT
3,3,4,4,3,llama3.1:8b,data_pmus_yaounde,q4_4_autres,Agent_99,ACHAT
5,3,4,4,4,llama3.1:8b,data_pmus_yaounde,q5_1,Agent_99,ENTRE 18 ET 25 ANS
5,3,3,4,4,llama3.1:8b,data_pmus_yaounde,q5_2,Agent_99,ENTRE 30 001 ET 100 000
5,4,4,4,4,llama3.1:8b,data_pmus_yaounde,q5_3,Agent_99,FEMME
4,4,3,4,3,llama3.1:8b,data_pmus_yaounde,centre ville,Agent_100,YAOUNDE
5,4,4,4,4,llama3.1:8b,data_pmus_yaounde,q1_1,Agent_100,UN QUARTIER DE LA VILLE DE YAOUNDE
4,4,4,4,4,llama3.1:8b,data_pmus_yaounde,q1_1_a,Agent_100,NKOA MBANG
4,4,3,4,3,llama3.1:8b,data_pmus_yaounde,q1_1_b,Agent_100,NKOLGOA
4,4,3,4,3,llama3.1:8b,data_pmus_yaounde,q1_1_c,Agent_100,AFANOYA
5,4,4,4,4,llama3.1:8b,data_pmus_yaounde,q1_2,Agent_100,UN QUARTIER DE LA VILLE DE YAOUNDE
4,4,4,4,4,llama3.1:8b,data_pmus_yaounde,q1_2_a,Agent_100,NKOLGONE
4,4,3,4,3,llama3.1:8b,data_pmus_yaounde,q1_2_b,Agent_100,10 IEME ARRET
4,4,3,4,3,llama3.1:8b,data_pmus_yaounde,q1_3_c,Agent_100,AFANOYA
4,3,4,4,3,llama3.1:8b,data_pmus_yaounde,q2_1,Agent_100,PAR BUS STACY
4,4,3,4,3,llama3.1:8b,data_pmus_yaounde,q2_2_1,Agent_100,2 CHEVEAU
4,4,3,4,3,llama3.1:8b,data_pmus_yaounde,q2_2_2,Agent_100,10E AE
4,4,3,4,3,llama3.1:8b,data_pmus_yaounde,q2_3_1,Agent_100,NKOLGONE
4,4,3,4,3,llama3.1:8b,data_pmus_yaounde,q2_3_2,Agent_100,0NANA
5,4,4,4,4,llama3.1:8b,data_pmus_yaounde,q2_3,Agent_100,NON
4,4,3,4,3,llama3.1:8b,data_pmus_yaounde,q2_4,Agent_100,PAR BUS STACY
4,4,3,4,3,llama3.1:8b,data_pmus_yaounde,q2_5_1,Agent_100,NKOA MBANG
4,4,3,4,3,llama3.1:8b,data_pmus_yaounde,q2_5_2,Agent_100,0MPHINE
4,4,3,4,3,llama3.1:8b,data_pmus_yaounde,q2_6_1,Agent_100,ABATTOIR
4,4,3,4,3,llama3.1:8b,data_pmus_yaounde,q2_6_2,Agent_100,GARE VOYAGEUR
4,4,3,4,4,llama3.1:8b,data_pmus_yaounde,q3_1,Agent_100,NON
4,3,4,4,3,llama3.1:8b,data_pmus_yaounde,q3_2,Agent_100,PAR BUS STACY
4,4,4,4,4,llama3.1:8b,data_pmus_yaounde,q3_3_1,Agent_100,ACACIA
4,4,3,4,3,llama3.1:8b,data_pmus_yaounde,q3_3_2,Agent_100,ACACIA
5,4,2,5,2,llama3.1:8b,data_pmus_yaounde,q4_1_a,Agent_100,Veuillez indiquer depuis combien de temps vous attendez.
4,3,4,4,4,llama3.1:8b,data_pmus_yaounde,q4_1_b,Agent_100,10 20 MINUTES
5,4,2,5,2,llama3.1:8b,data_pmus_yaounde,q4_2_a,Agent_100,Veuillez indiquer depuis combien de temps vous attendez.
4,4,4,4,4,llama3.1:8b,data_pmus_yaounde,q4_2_b,Agent_100,15 30 MIN
4,4,4,4,4,llama3.1:8b,data_pmus_yaounde,q4_3,Agent_100,700
4,3,4,4,4,llama3.1:8b,data_pmus_yaounde,q4_4,Agent_100,TRAVAIL
3,3,4,4,3,llama3.1:8b,data_pmus_yaounde,q4_4_autres,Agent_100,ACHAT
5,3,4,4,4,llama3.1:8b,data_pmus_yaounde,q5_1,Agent_100,ENTRE 36 ET 45 ANS
5,3,3,4,4,llama3.1:8b,data_pmus_yaounde,q5_2,Agent_100,ENTRE 30 001 ET 100 000
5,4,4,4,4,llama3.1:8b,data_pmus_yaounde,q5_3,Agent_100,HOMME
4,4,3,4,3,llama3.1:8b,data_pmus_yaounde,centre ville,Agent_101,YAOUNDE
5,4,4,4,4,llama3.1:8b,data_pmus_yaounde,q1_1,Agent_101,UN QUARTIER DE LA VILLE DE YAOUNDE
4,4,4,4,4,llama3.1:8b,data_pmus_yaounde,q1_1_a,Agent_101,NSIMEYONG
4,4,3,4,3,llama3.1:8b,data_pmus_yaounde,q1_1_b,Agent_101,NSIMEYONG
4,4,3,4,3,llama3.1:8b,data_pmus_yaounde,q1_1_c,Agent_101,AFANOYA
5,4,4,4,4,llama3.1:8b,data_pmus_yaounde,q1_2,Agent_101,UN QUARTIER DE LA VILLE DE YAOUNDE
4,4,4,4,4,llama3.1:8b,data_pmus_yaounde,q1_2_a,Agent_101,ABOM
4,4,3,4,3,llama3.1:8b,data_pmus_yaounde,q1_2_b,Agent_101,10 IEME ARRET
4,4,3,4,3,llama3.1:8b,data_pmus_yaounde,q1_3_c,Agent_101,NGOA EKELLE
4,3,4,4,3,llama3.1:8b,data_pmus_yaounde,q2_1,Agent_101,PAR BUS STACY
4,4,3,4,3,llama3.1:8b,data_pmus_yaounde,q2_2_1,Agent_101,2 CHEVEAU
4,4,3,4,3,llama3.1:8b,data_pmus_yaounde,q2_2_2,Agent_101,MEYO
4,4,3,4,3,llama3.1:8b,data_pmus_yaounde,q2_3_1,Agent_101,NGOA EKELLE
4,4,3,4,3,llama3.1:8b,data_pmus_yaounde,q2_3_2,Agent_101,NGOA EKELLE
5,4,4,4,4,llama3.1:8b,data_pmus_yaounde,q2_3,Agent_101,NON
4,4,3,4,3,llama3.1:8b,data_pmus_yaounde,q2_4,Agent_101,PAR CARGO MINI BUS
4,4,3,4,3,llama3.1:8b,data_pmus_yaounde,q2_5_1,Agent_101,NGOA EKELLE
4,4,3,4,3,llama3.1:8b,data_pmus_yaounde,q2_5_2,Agent_101,LYCEE DE NGOA EKELLE
4,4,3,4,3,llama3.1:8b,data_pmus_yaounde,q2_6_1,Agent_101,NGOA EKELLE
4,4,3,4,3,llama3.1:8b,data_pmus_yaounde,q2_6_2,Agent_101,NGOA EKELLE
4,4,3,4,4,llama3.1:8b,data_pmus_yaounde,q3_1,Agent_101,NON
4,3,4,4,3,llama3.1:8b,data_pmus_yaounde,q3_2,Agent_101,PAR CARGO MINI BUS
4,4,4,4,4,llama3.1:8b,data_pmus_yaounde,q3_3_1,Agent_101,NGOGMAPOUBI
4,4,3,4,3,llama3.1:8b,data_pmus_yaounde,q3_3_2,Agent_101,NGOA EKELLE
5,4,2,5,2,llama3.1:8b,data_pmus_yaounde,q4_1_a,Agent_101,Veuillez indiquer depuis combien de temps vous attendez.
4,3,4,4,4,llama3.1:8b,data_pmus_yaounde,q4_1_b,Agent_101,10 20 MINUTES
5,4,2,5,2,llama3.1:8b,data_pmus_yaounde,q4_2_a,Agent_101,Veuillez indiquer depuis combien de temps vous attendez.
4,4,4,4,4,llama3.1:8b,data_pmus_yaounde,q4_2_b,Agent_101,15 30 MIN
4,4,4,4,4,llama3.1:8b,data_pmus_yaounde,q4_3,Agent_101,100
4,3,4,4,4,llama3.1:8b,data_pmus_yaounde,q4_4,Agent_101,TRAVAIL
3,3,4,4,3,llama3.1:8b,data_pmus_yaounde,q4_4_autres,Agent_101,ACHAT
5,3,4,4,4,llama3.1:8b,data_pmus_yaounde,q5_1,Agent_101,ENTRE 26 ET 35 ANS
5,3,3,4,4,llama3.1:8b,data_pmus_yaounde,q5_2,Agent_101,ENTRE 30 001 ET 100 000
5,4,4,4,4,llama3.1:8b,data_pmus_yaounde,q5_3,Agent_101,HOMME
4,4,3,4,3,llama3.1:8b,data_pmus_yaounde,centre ville,Agent_102,YAOUNDE
5,4,4,4,4,llama3.1:8b,data_pmus_yaounde,q1_1,Agent_102,UN QUARTIER DE LA VILLE DE YAOUNDE
4,4,4,4,4,llama3.1:8b,data_pmus_yaounde,q1_1_a,Agent_102,ETOA MEKI
4,4,3,4,3,llama3.1:8b,data_pmus_yaounde,q1_1_b,Agent_102,FOYE BANDJOUM
4,4,3,4,3,llama3.1:8b,data_pmus_yaounde,q1_1_c,Agent_102,AFANOYA
5,4,4,4,4,llama3.1:8b,data_pmus_yaounde,q1_2,Agent_102,UN QUARTIER DE LA VILLE DE YAOUNDE
4,4,4,4,4,llama3.1:8b,data_pmus_yaounde,q1_2_a,Agent_102,EKOUM DOUM
4,4,3,4,3,llama3.1:8b,data_pmus_yaounde,q1_2_b,Agent_102,10 IEME ARRET
4,4,3,4,3,llama3.1:8b,data_pmus_yaounde,q1_3_c,Agent_102,AFANOYA
4,3,4,4,3,llama3.1:8b,data_pmus_yaounde,q2_1,Agent_102,PAR BUS STACY
4,4,3,4,3,llama3.1:8b,data_pmus_yaounde,q2_2_1,Agent_102,ETOUDI
4,4,3,4,3,llama3.1:8b,data_pmus_yaounde,q2_2_2,Agent_102,TERMINUS
4,4,3,4,3,llama3.1:8b,data_pmus_yaounde,q2_3_1,Agent_102,ETOA MEKI
4,4,3,4,3,llama3.1:8b,data_pmus_yaounde,q2_3_2,Agent_102,TERMINUS
5,4,4,4,4,llama3.1:8b,data_pmus_yaounde,q2_3,Agent_102,NON
4,4,3,4,3,llama3.1:8b,data_pmus_yaounde,q2_4,Agent_102,PAR BUS STACY
4,4,3,4,3,llama3.1:8b,data_pmus_yaounde,q2_5_1,Agent_102,ETOA MEKI
4,4,3,4,3,llama3.1:8b,data_pmus_yaounde,q2_5_2,Agent_102,TERMINUS
4,4,3,4,3,llama3.1:8b,data_pmus_yaounde,q2_6_1,Agent_102,ABATTOIR
4,4,3,4,3,llama3.1:8b,data_pmus_yaounde,q2_6_2,Agent_102,11EME ARRET
4,4,3,4,4,llama3.1:8b,data_pmus_yaounde,q3_1,Agent_102,NON
4,3,4,4,3,llama3.1:8b,data_pmus_yaounde,q3_2,Agent_102,PAR BUS AGENCE INTERURBAIN
4,4,4,4,4,llama3.1:8b,data_pmus_yaounde,q3_3_1,Agent_102,REGI
4,4,3,4,3,llama3.1:8b,data_pmus_yaounde,q3_3_2,Agent_102,10 IEME ARRET
5,4,2,5,2,llama3.1:8b,data_pmus_yaounde,q4_1_a,Agent_102,Veuillez indiquer depuis combien de temps vous attendez.
4,3,4,4,4,llama3.1:8b,data_pmus_yaounde,q4_1_b,Agent_102,10 20 MINUTES
5,4,2,5,2,llama3.1:8b,data_pmus_yaounde,q4_2_a,Agent_102,Veuillez indiquer depuis combien de temps vous attendez.
4,4,4,4,4,llama3.1:8b,data_pmus_yaounde,q4_2_b,Agent_102,15 30 MIN
4,4,4,4,4,llama3.1:8b,data_pmus_yaounde,q4_3,Agent_102,1200
4,3,4,4,4,llama3.1:8b,data_pmus_yaounde,q4_4,Agent_102,VISITE FAMILLE
3,3,4,4,3,llama3.1:8b,data_pmus_yaounde,q4_4_autres,Agent_102,ACHAT
5,3,4,4,4,llama3.1:8b,data_pmus_yaounde,q5_1,Agent_102,ENTRE 36 ET 45 ANS
5,3,3,4,4,llama3.1:8b,data_pmus_yaounde,q5_2,Agent_102,ENTRE 30 001 ET 100 000
5,4,4,4,4,llama3.1:8b,data_pmus_yaounde,q5_3,Agent_102,HOMME
4,4,3,4,3,llama3.1:8b,data_pmus_yaounde,centre ville,Agent_103,YAOUNDE
5,4,4,4,4,llama3.1:8b,data_pmus_yaounde,q1_1,Agent_103,UN QUARTIER DE LA VILLE DE YAOUNDE
4,4,4,4,4,llama3.1:8b,data_pmus_yaounde,q1_1_a,Agent_103,MENDONG
4,4,3,4,3,llama3.1:8b,data_pmus_yaounde,q1_1_b,Agent_103,MFOU
4,4,3,4,3,llama3.1:8b,data_pmus_yaounde,q1_1_c,Agent_103,AFANOYA
5,4,4,4,4,llama3.1:8b,data_pmus_yaounde,q1_2,Agent_103,UN QUARTIER DE LA VILLE DE YAOUNDE
4,4,4,4,4,llama3.1:8b,data_pmus_yaounde,q1_2_a,Agent_103,MFOU
4,4,3,4,3,llama3.1:8b,data_pmus_yaounde,q1_2_b,Agent_103,MFOU
4,4,3,4,3,llama3.1:8b,data_pmus_yaounde,q1_3_c,Agent_103,MFOU
4,3,4,4,3,llama3.1:8b,data_pmus_yaounde,q2_1,Agent_103,PAR BUS STACY
4,4,3,4,3,llama3.1:8b,data_pmus_yaounde,q2_2_1,Agent_103,2 CHEVEAU
4,4,3,4,3,llama3.1:8b,data_pmus_yaounde,q2_2_2,Agent_103,TAXI
4,4,3,4,3,llama3.1:8b,data_pmus_yaounde,q2_3_1,Agent_103,MFOU
4,4,3,4,3,llama3.1:8b,data_pmus_yaounde,q2_3_2,Agent_103,MFOU
5,4,4,4,4,llama3.1:8b,data_pmus_yaounde,q2_3,Agent_103,NON
4,4,3,4,3,llama3.1:8b,data_pmus_yaounde,q2_4,Agent_103,PAR BUS STACY
4,4,3,4,3,llama3.1:8b,data_pmus_yaounde,q2_5_1,Agent_103,MFOU
4,4,3,4,3,llama3.1:8b,data_pmus_yaounde,q2_5_2,Agent_103,0MPHINE
4,4,3,4,3,llama3.1:8b,data_pmus_yaounde,q2_6_1,Agent_103,ABATTOIR
4,4,3,4,3,llama3.1:8b,data_pmus_yaounde,q2_6_2,Agent_103,11EME ARRET
4,4,3,4,4,llama3.1:8b,data_pmus_yaounde,q3_1,Agent_103,NON
4,3,4,4,3,llama3.1:8b,data_pmus_yaounde,q3_2,Agent_103,PAR BUS STACY
4,4,4,4,4,llama3.1:8b,data_pmus_yaounde,q3_3_1,Agent_103,MENDONG
4,4,3,4,3,llama3.1:8b,data_pmus_yaounde,q3_3_2,Agent_103,MENDONG
5,4,2,5,2,llama3.1:8b,data_pmus_yaounde,q4_1_a,Agent_103,Veuillez indiquer depuis combien de temps vous attendez.
4,3,4,4,4,llama3.1:8b,data_pmus_yaounde,q4_1_b,Agent_103,10 20 MINUTES
5,4,2,5,2,llama3.1:8b,data_pmus_yaounde,q4_2_a,Agent_103,Veuillez indiquer depuis combien de temps vous attendez.
4,4,4,4,4,llama3.1:8b,data_pmus_yaounde,q4_2_b,Agent_103,15 30 MIN
4,4,4,4,4,llama3.1:8b,data_pmus_yaounde,q4_3,Agent_103,1350
4,3,4,4,4,llama3.1:8b,data_pmus_yaounde,q4_4,Agent_103,TRAVAIL
3,3,4,4,3,llama3.1:8b,data_pmus_yaounde,q4_4_autres,Agent_103,ACHAT
5,3,4,4,4,llama3.1:8b,data_pmus_yaounde,q5_1,Agent_103,ENTRE 36 ET 45 ANS
5,3,3,4,4,llama3.1:8b,data_pmus_yaounde,q5_2,Agent_103,ENTRE 30 001 ET 100 000
5,4,4,4,4,llama3.1:8b,data_pmus_yaounde,q5_3,Agent_103,FEMME
4,4,3,4,3,llama3.1:8b,data_pmus_yaounde,centre ville,Agent_104,YAOUNDE
5,4,4,4,4,llama3.1:8b,data_pmus_yaounde,q1_1,Agent_104,UN QUARTIER DE LA VILLE DE YAOUNDE
4,4,4,4,4,llama3.1:8b,data_pmus_yaounde,q1_1_a,Agent_104,ETOUDI
4,4,3,4,3,llama3.1:8b,data_pmus_yaounde,q1_1_b,Agent_104,SONEL
4,4,3,4,3,llama3.1:8b,data_pmus_yaounde,q1_1_c,Agent_104,AFANOYA
5,4,4,4,4,llama3.1:8b,data_pmus_yaounde,q1_2,Agent_104,UN QUARTIER DE LA VILLE DE YAOUNDE
4,4,4,4,4,llama3.1:8b,data_pmus_yaounde,q1_2_a,Agent_104,POSTE CENTRALE
4,4,3,4,3,llama3.1:8b,data_pmus_yaounde,q1_2_b,Agent_104,POSTECENTRAL
4,4,3,4,3,llama3.1:8b,data_pmus_yaounde,q1_3_c,Agent_104,AFANOYA
4,3,4,4,3,llama3.1:8b,data_pmus_yaounde,q2_1,Agent_104,PAR BUS STACY
4,4,3,4,3,llama3.1:8b,data_pmus_yaounde,q2_2_1,Agent_104,POSTE CENTRALE
4,4,3,4,3,llama3.1:8b,data_pmus_yaounde,q2_2_2,Agent_104,POSTE CENTRALE
4,4,3,4,3,llama3.1:8b,data_pmus_yaounde,q2_3_1,Agent_104,POSTECENTRAL
4,4,3,4,3,llama3.1:8b,data_pmus_yaounde,q2_3_2,Agent_104,0NANA
5,4,4,4,4,llama3.1:8b,data_pmus_yaounde,q2_3,Agent_104,NON
4,4,3,4,3,llama3.1:8b,data_pmus_yaounde,q2_4,Agent_104,PAR TAXI
4,4,3,4,3,llama3.1:8b,data_pmus_yaounde,q2_5_1,Agent_104,POSTE CENTRALE
4,4,3,4,3,llama3.1:8b,data_pmus_yaounde,q2_5_2,Agent_104,POSTE CENTRALE
4,4,3,4,3,llama3.1:8b,data_pmus_yaounde,q2_6_1,Agent_104,POSTE CENTRALE
4,4,3,4,3,llama3.1:8b,data_pmus_yaounde,q2_6_2,Agent_104,SONEL CENTRAL
4,4,3,4,4,llama3.1:8b,data_pmus_yaounde,q3_1,Agent_104,NON
4,3,4,4,3,llama3.1:8b,data_pmus_yaounde,q3_2,Agent_104,PAR TAXI
4,4,4,4,4,llama3.1:8b,data_pmus_yaounde,q3_3_1,Agent_104,ACACIA
4,4,3,4,3,llama3.1:8b,data_pmus_yaounde,q3_3_2,Agent_104,SONEL CENTRAL
5,4,2,5,2,llama3.1:8b,data_pmus_yaounde,q4_1_a,Agent_104,Veuillez indiquer depuis combien de temps vous attendez.
4,3,4,4,4,llama3.1:8b,data_pmus_yaounde,q4_1_b,Agent_104,10 20 MINUTES
5,4,2,5,2,llama3.1:8b,data_pmus_yaounde,q4_2_a,Agent_104,Veuillez indiquer depuis combien de temps vous attendez.
4,4,4,4,4,llama3.1:8b,data_pmus_yaounde,q4_2_b,Agent_104,15 30 MIN
4,4,4,4,4,llama3.1:8b,data_pmus_yaounde,q4_3,Agent_104,100
4,3,4,4,4,llama3.1:8b,data_pmus_yaounde,q4_4,Agent_104,TRAVAIL
3,3,4,4,3,llama3.1:8b,data_pmus_yaounde,q4_4_autres,Agent_104,ACHAT
5,3,4,4,4,llama3.1:8b,data_pmus_yaounde,q5_1,Agent_104,ENTRE 36 ET 45 ANS
5,3,3,4,4,llama3.1:8b,data_pmus_yaounde,q5_2,Agent_104,ENTRE 30 001 ET 100 000
5,4,4,4,4,llama3.1:8b,data_pmus_yaounde,q5_3,Agent_104,HOMME
4,4,3,4,3,llama3.1:8b,data_pmus_yaounde,centre ville,Agent_105,YAOUNDE
5,4,4,4,4,llama3.1:8b,data_pmus_yaounde,q1_1,Agent_105,UN QUARTIER DE LA VILLE DE YAOUNDE
4,4,4,4,4,llama3.1:8b,data_pmus_yaounde,q1_1_a,Agent_105,OFEBE
4,4,3,4,3,llama3.1:8b,data_pmus_yaounde,q1_1_b,Agent_105,ENTREE COLONEL
4,4,3,4,3,llama3.1:8b,data_pmus_yaounde,q1_1_c,Agent_105,AFANOYA
5,4,4,4,4,llama3.1:8b,data_pmus_yaounde,q1_2,Agent_105,UN QUARTIER DE LA VILLE DE YAOUNDE
4,4,4,4,4,llama3.1:8b,data_pmus_yaounde,q1_2_a,Agent_105,OLEMBE
4,4,3,4,3,llama3.1:8b,data_pmus_yaounde,q1_2_b,Agent_105,OLEMBE
4,4,3,4,3,llama3.1:8b,data_pmus_yaounde,q1_3_c,Agent_105,DOUALA
4,3,4,4,3,llama3.1:8b,data_pmus_yaounde,q2_1,Agent_105,PAR BUS STACY
4,4,3,4,3,llama3.1:8b,data_pmus_yaounde,q2_2_1,Agent_105,CARREFOUR ETOU EBE
4,4,3,4,3,llama3.1:8b,data_pmus_yaounde,q2_2_2,Agent_105,10 E ARRET
4,4,3,4,3,llama3.1:8b,data_pmus_yaounde,q2_3_1,Agent_105,0LESOA
4,4,3,4,3,llama3.1:8b,data_pmus_yaounde,q2_3_2,Agent_105,CARREFOURKOLBISON
5,4,4,4,4,llama3.1:8b,data_pmus_yaounde,q2_3,Agent_105,NON
4,4,3,4,3,llama3.1:8b,data_pmus_yaounde,q2_4,Agent_105,PAR BUS AGENCE INTERURBAIN
4,4,3,4,3,llama3.1:8b,data_pmus_yaounde,q2_5_1,Agent_105,A B0NAS
4,4,3,4,3,llama3.1:8b,data_pmus_yaounde,q2_5_2,Agent_105,ARRET BUS
4,4,3,4,3,llama3.1:8b,data_pmus_yaounde,q2_6_1,Agent_105,ETOUG EBE
4,4,3,4,3,llama3.1:8b,data_pmus_yaounde,q2_6_2,Agent_105,11EME ARRET
4,4,3,4,4,llama3.1:8b,data_pmus_yaounde,q3_1,Agent_105,NON
4,3,4,4,3,llama3.1:8b,data_pmus_yaounde,q3_2,Agent_105,PAR BUS AGENCE INTERURBAIN
4,4,4,4,4,llama3.1:8b,data_pmus_yaounde,q3_3_1,Agent_105,ACACIA
4,4,3,4,3,llama3.1:8b,data_pmus_yaounde,q3_3_2,Agent_105,ACACIA
5,4,2,5,2,llama3.1:8b,data_pmus_yaounde,q4_1_a,Agent_105,Veuillez indiquer depuis combien de temps vous attendez.
4,3,4,4,4,llama3.1:8b,data_pmus_yaounde,q4_1_b,Agent_105,10 20 MINUTES
5,4,2,5,2,llama3.1:8b,data_pmus_yaounde,q4_2_a,Agent_105,Veuillez indiquer depuis combien de temps vous attendez.
4,4,4,4,4,llama3.1:8b,data_pmus_yaounde,q4_2_b,Agent_105,15 30 MIN
4,4,4,4,4,llama3.1:8b,data_pmus_yaounde,q4_3,Agent_105,2500
4,3,4,4,4,llama3.1:8b,data_pmus_yaounde,q4_4,Agent_105,COURSES
3,3,4,4,3,llama3.1:8b,data_pmus_yaounde,q4_4_autres,Agent_105,ETUDES
5,3,4,4,4,llama3.1:8b,data_pmus_yaounde,q5_1,Agent_105,MOINS DE 18 ANS
5,3,3,4,4,llama3.1:8b,data_pmus_yaounde,q5_2,Agent_105,ENTRE 30 001 ET 100 000
5,4,4,4,4,llama3.1:8b,data_pmus_yaounde,q5_3,Agent_105,FEMME
4,4,3,4,3,llama3.1:8b,data_pmus_yaounde,centre ville,Agent_106,YAOUNDE
5,4,4,4,4,llama3.1:8b,data_pmus_yaounde,q1_1,Agent_106,UN QUARTIER DE LA VILLE DE YAOUNDE
4,4,4,4,4,llama3.1:8b,data_pmus_yaounde,q1_1_a,Agent_106,CARRIERE
4,4,3,4,3,llama3.1:8b,data_pmus_yaounde,q1_1_b,Agent_106,10EME ARRET
4,4,3,4,3,llama3.1:8b,data_pmus_yaounde,q1_1_c,Agent_106,AFANOYA
5,4,4,4,4,llama3.1:8b,data_pmus_yaounde,q1_2,Agent_106,UN QUARTIER DE LA VILLE DE YAOUNDE
4,4,4,4,4,llama3.1:8b,data_pmus_yaounde,q1_2_a,Agent_106,CARRIERE
4,4,3,4,3,llama3.1:8b,data_pmus_yaounde,q1_2_b,Agent_106,10 IEME ARRET
4,4,3,4,3,llama3.1:8b,data_pmus_yaounde,q1_3_c,Agent_106,DOUALA
4,3,4,4,3,llama3.1:8b,data_pmus_yaounde,q2_1,Agent_106,PAR BUS STACY
4,4,3,4,3,llama3.1:8b,data_pmus_yaounde,q2_2_1,Agent_106,CARREFOUR MEEC
4,4,3,4,3,llama3.1:8b,data_pmus_yaounde,q2_2_2,Agent_106,10 E ARRET
4,4,3,4,3,llama3.1:8b,data_pmus_yaounde,q2_3_1,Agent_106,0LESOA
4,4,3,4,3,llama3.1:8b,data_pmus_yaounde,q2_3_2,Agent_106,CARREFOUR
5,4,4,4,4,llama3.1:8b,data_pmus_yaounde,q2_3,Agent_106,NON
4,4,3,4,3,llama3.1:8b,data_pmus_yaounde,q2_4,Agent_106,PAR BUS STACY
4,4,3,4,3,llama3.1:8b,data_pmus_yaounde,q2_5_1,Agent_106,CARREFOUR MEEC
4,4,3,4,3,llama3.1:8b,data_pmus_yaounde,q2_5_2,Agent_106,0MPHINE
4,4,3,4,3,llama3.1:8b,data_pmus_yaounde,q2_6_1,Agent_106,CARREFOUR
4,4,3,4,3,llama3.1:8b,data_pmus_yaounde,q2_6_2,Agent_106,11EME ARRET
4,4,3,4,4,llama3.1:8b,data_pmus_yaounde,q3_1,Agent_106,NON
4,3,4,4,3,llama3.1:8b,data_pmus_yaounde,q3_2,Agent_106,PAR BUS STACY
4,4,4,4,4,llama3.1:8b,data_pmus_yaounde,q3_3_1,Agent_106,CITE VERTE
4,4,3,4,3,llama3.1:8b,data_pmus_yaounde,q3_3_2,Agent_106,CARREFOUR
5,4,2,5,2,llama3.1:8b,data_pmus_yaounde,q4_1_a,Agent_106,Veuillez indiquer depuis combien de temps vous attendez.
4,3,4,4,4,llama3.1:8b,data_pmus_yaounde,q4_1_b,Agent_106,MOINS DE 5 MIN
5,4,2,5,2,llama3.1:8b,data_pmus_yaounde,q4_2_a,Agent_106,Veuillez indiquer depuis combien de temps vous attendez.
4,4,4,4,4,llama3.1:8b,data_pmus_yaounde,q4_2_b,Agent_106,15 30 MIN
4,4,4,4,4,llama3.1:8b,data_pmus_yaounde,q4_3,Agent_106,13500
4,3,4,4,4,llama3.1:8b,data_pmus_yaounde,q4_4,Agent_106,VISITE FAMILLE
3,3,4,4,3,llama3.1:8b,data_pmus_yaounde,q4_4_autres,Agent_106,ACHAT
5,3,4,4,4,llama3.1:8b,data_pmus_yaounde,q5_1,Agent_106,ENTRE 18 ET 25 ANS
5,3,3,4,4,llama3.1:8b,data_pmus_yaounde,q5_2,Agent_106,ENTRE 30 001 ET 100 000
5,4,4,4,4,llama3.1:8b,data_pmus_yaounde,q5_3,Agent_106,HOMME
4,4,3,4,3,llama3.1:8b,data_pmus_yaounde,centre ville,Agent_107,YAOUNDE
5,4,4,4,4,llama3.1:8b,data_pmus_yaounde,q1_1,Agent_107,UN QUARTIER DE LA VILLE DE YAOUNDE
4,4,4,4,4,llama3.1:8b,data_pmus_yaounde,q1_1_a,Agent_107,ETOUDI
4,4,3,4,3,llama3.1:8b,data_pmus_yaounde,q1_1_b,Agent_107,ETAMBAFIA
4,4,3,4,3,llama3.1:8b,data_pmus_yaounde,q1_1_c,Agent_107,AFANOYA
5,4,4,4,4,llama3.1:8b,data_pmus_yaounde,q1_2,Agent_107,UN QUARTIER DE LA VILLE DE YAOUNDE
4,4,4,4,4,llama3.1:8b,data_pmus_yaounde,q1_2_a,Agent_107,ETOUDI
4,4,3,4,3,llama3.1:8b,data_pmus_yaounde,q1_2_b,Agent_107,10 IEME ARRET
4,4,3,4,3,llama3.1:8b,data_pmus_yaounde,q1_3_c,Agent_107,DOUALA
4,3,4,4,3,llama3.1:8b,data_pmus_yaounde,q2_1,Agent_107,A PIED
4,4,3,4,3,llama3.1:8b,data_pmus_yaounde,q2_2_1,Agent_107,2 CHEVEAU
4,4,3,4,3,llama3.1:8b,data_pmus_yaounde,q2_2_2,Agent_107,MONTEE ZOHE
4,4,3,4,3,llama3.1:8b,data_pmus_yaounde,q2_3_1,Agent_107,YAOUNDE
4,4,3,4,3,llama3.1:8b,data_pmus_yaounde,q2_3_2,Agent_107,0NANA
5,4,4,4,4,llama3.1:8b,data_pmus_yaounde,q2_3,Agent_107,NON
4,4,3,4,3,llama3.1:8b,data_pmus_yaounde,q2_4,Agent_107,PAR BUS STACY
4,4,3,4,3,llama3.1:8b,data_pmus_yaounde,q2_5_1,Agent_107,A B0NAS
4,4,3,4,3,llama3.1:8b,data_pmus_yaounde,q2_5_2,Agent_107,PONT
4,4,3,4,3,llama3.1:8b,data_pmus_yaounde,q2_6_1,Agent_107,ETOUG EBE
4,4,3,4,3,llama3.1:8b,data_pmus_yaounde,q2_6_2,Agent_107,CENTRE DES HANDICAPES
4,4,3,4,4,llama3.1:8b,data_pmus_yaounde,q3_1,Agent_107,NON
4,3,4,4,3,llama3.1:8b,data_pmus_yaounde,q3_2,Agent_107,PAR BUS STACY
4,4,4,4,4,llama3.1:8b,data_pmus_yaounde,q3_3_1,Agent_107,ETOUG EBE
4,4,3,4,3,llama3.1:8b,data_pmus_yaounde,q3_3_2,Agent_107,CENTRE DES HANDICAPES
5,4,2,5,2,llama3.1:8b,data_pmus_yaounde,q4_1_a,Agent_107,Veuillez indiquer depuis combien de temps vous attendez.
4,3,4,4,4,llama3.1:8b,data_pmus_yaounde,q4_1_b,Agent_107,10 20 MINUTES
5,4,2,5,2,llama3.1:8b,data_pmus_yaounde,q4_2_a,Agent_107,Veuillez indiquer depuis combien de temps vous attendez.
4,4,4,4,4,llama3.1:8b,data_pmus_yaounde,q4_2_b,Agent_107,15 30 MIN
4,4,4,4,4,llama3.1:8b,data_pmus_yaounde,q4_3,Agent_107,100
4,3,4,4,4,llama3.1:8b,data_pmus_yaounde,q4_4,Agent_107,TRAVAIL
3,3,4,4,3,llama3.1:8b,data_pmus_yaounde,q4_4_autres,Agent_107,ACHAT
5,3,4,4,4,llama3.1:8b,data_pmus_yaounde,q5_1,Agent_107,ENTRE 36 ET 45 ANS
5,3,3,4,4,llama3.1:8b,data_pmus_yaounde,q5_2,Agent_107,ENTRE 30 001 ET 100 000
5,4,4,4,4,llama3.1:8b,data_pmus_yaounde,q5_3,Agent_107,HOMME
4,4,3,4,3,llama3.1:8b,data_pmus_yaounde,centre ville,Agent_108,YAOUNDE
5,4,4,4,4,llama3.1:8b,data_pmus_yaounde,q1_1,Agent_108,UN QUARTIER DE LA VILLE DE YAOUNDE
4,4,4,4,4,llama3.1:8b,data_pmus_yaounde,q1_1_a,Agent_108,ABIT
4,4,3,4,3,llama3.1:8b,data_pmus_yaounde,q1_1_b,Agent_108,AVANT RAIL
4,4,3,4,3,llama3.1:8b,data_pmus_yaounde,q1_1_c,Agent_108,AFANOYA
5,4,4,4,4,llama3.1:8b,data_pmus_yaounde,q1_2,Agent_108,UN QUARTIER DE LA VILLE DE YAOUNDE
4,4,4,4,4,llama3.1:8b,data_pmus_yaounde,q1_2_a,Agent_108,ABOM
4,4,3,4,3,llama3.1:8b,data_pmus_yaounde,q1_2_b,Agent_108,OBOBOG
4,4,3,4,3,llama3.1:8b,data_pmus_yaounde,q1_3_c,Agent_108,AFANOYA
4,3,4,4,3,llama3.1:8b,data_pmus_yaounde,q2_1,Agent_108,PAR TAXI
4,4,3,4,3,llama3.1:8b,data_pmus_yaounde,q2_2_1,Agent_108,OBAM
4,4,3,4,3,llama3.1:8b,data_pmus_yaounde,q2_2_2,Agent_108,OBAM
4,4,3,4,3,llama3.1:8b,data_pmus_yaounde,q2_3_1,Agent_108,0LESOA
4,4,3,4,3,llama3.1:8b,data_pmus_yaounde,q2_3_2,Agent_108,0NANA
5,4,4,4,4,llama3.1:8b,data_pmus_yaounde,q2_3,Agent_108,NON
4,4,3,4,3,llama3.1:8b,data_pmus_yaounde,q2_4,Agent_108,PAR TAXI
4,4,3,4,3,llama3.1:8b,data_pmus_yaounde,q2_5_1,Agent_108,OBAM
4,4,3,4,3,llama3.1:8b,data_pmus_yaounde,q2_5_2,Agent_108,OBAM ONGOLA
4,4,3,4,3,llama3.1:8b,data_pmus_yaounde,q2_6_1,Agent_108,OBOBOGO
4,4,3,4,3,llama3.1:8b,data_pmus_yaounde,q2_6_2,Agent_108,11EME ARRET
4,4,3,4,4,llama3.1:8b,data_pmus_yaounde,q3_1,Agent_108,NON
4,3,4,4,3,llama3.1:8b,data_pmus_yaounde,q3_2,Agent_108,PAR TAXI
4,4,4,4,4,llama3.1:8b,data_pmus_yaounde,q3_3_1,Agent_108,OBOBOGO
4,4,3,4,3,llama3.1:8b,data_pmus_yaounde,q3_3_2,Agent_108,OBOBOGO
5,4,2,5,2,llama3.1:8b,data_pmus_yaounde,q4_1_a,Agent_108,Veuillez indiquer depuis combien de temps vous attendez.
4,3,4,4,4,llama3.1:8b,data_pmus_yaounde,q4_1_b,Agent_108,10 20 MINUTES
5,4,2,5,2,llama3.1:8b,data_pmus_yaounde,q4_2_a,Agent_108,Veuillez indiquer depuis combien de temps vous attendez.
4,4,4,4,4,llama3.1:8b,data_pmus_yaounde,q4_2_b,Agent_108,15 30 MIN
4,4,4,4,4,llama3.1:8b,data_pmus_yaounde,q4_3,Agent_108,1200
4,3,4,4,4,llama3.1:8b,data_pmus_yaounde,q4_4,Agent_108,VISITE FAMILLE
3,3,4,4,3,llama3.1:8b,data_pmus_yaounde,q4_4_autres,Agent_108,ACHAT
5,3,4,4,4,llama3.1:8b,data_pmus_yaounde,q5_1,Agent_108,ENTRE 26 ET 35 ANS
5,3,3,4,4,llama3.1:8b,data_pmus_yaounde,q5_2,Agent_108,ENTRE 30 001 ET 100 000
5,4,4,4,4,llama3.1:8b,data_pmus_yaounde,q5_3,Agent_108,FEMME
4,4,3,4,3,llama3.1:8b,data_pmus_yaounde,centre ville,Agent_109,YAOUNDE
5,4,4,4,4,llama3.1:8b,data_pmus_yaounde,q1_1,Agent_109,UN QUARTIER DE LA VILLE DE YAOUNDE
4,4,4,4,4,llama3.1:8b,data_pmus_yaounde,q1_1_a,Agent_109,OYOM ABANG
4,4,3,4,3,llama3.1:8b,data_pmus_yaounde,q1_1_b,Agent_109,OYOM ABANG
4,4,3,4,3,llama3.1:8b,data_pmus_yaounde,q1_1_c,Agent_109,AFANOYA
5,4,4,4,4,llama3.1:8b,data_pmus_yaounde,q1_2,Agent_109,UN QUARTIER DE LA VILLE DE YAOUNDE
4,4,4,4,4,llama3.1:8b,data_pmus_yaounde,q1_2_a,Agent_109,NGOA EKELLE
4,4,3,4,3,llama3.1:8b,data_pmus_yaounde,q1_2_b,Agent_109,10 IEME ARRET
4,4,3,4,3,llama3.1:8b,data_pmus_yaounde,q1_3_c,Agent_109,DOUALA
4,3,4,4,3,llama3.1:8b,data_pmus_yaounde,q2_1,Agent_109,PAR BUS STACY
4,4,3,4,3,llama3.1:8b,data_pmus_yaounde,q2_2_1,Agent_109,ENTRER ECOLE
4,4,3,4,3,llama3.1:8b,data_pmus_yaounde,q2_2_2,Agent_109,ENTRE BASE
4,4,3,4,3,llama3.1:8b,data_pmus_yaounde,q2_3_1,Agent_109,NGOYA
4,4,3,4,3,llama3.1:8b,data_pmus_yaounde,q2_3_2,Agent_109,NGOYA
5,4,4,4,4,llama3.1:8b,data_pmus_yaounde,q2_3,Agent_109,NON
4,4,3,4,3,llama3.1:8b,data_pmus_yaounde,q2_4,Agent_109,PAR BUS STACY
4,4,3,4,3,llama3.1:8b,data_pmus_yaounde,q2_5_1,Agent_109,A B0NAS
4,4,3,4,3,llama3.1:8b,data_pmus_yaounde,q2_5_2,Agent_109,ARRET BUS
4,4,3,4,3,llama3.1:8b,data_pmus_yaounde,q2_6_1,Agent_109,NGOA EKELLE
4,4,3,4,3,llama3.1:8b,data_pmus_yaounde,q2_6_2,Agent_109,NGOA EKELLE
4,4,3,4,4,llama3.1:8b,data_pmus_yaounde,q3_1,Agent_109,NON
4,3,4,4,3,llama3.1:8b,data_pmus_yaounde,q3_2,Agent_109,PAR BUS STACY
4,4,4,4,4,llama3.1:8b,data_pmus_yaounde,q3_3_1,Agent_109,OYOM ABANG
4,4,3,4,3,llama3.1:8b,data_pmus_yaounde,q3_3_2,Agent_109,OYOM ABANG
5,4,2,5,2,llama3.1:8b,data_pmus_yaounde,q4_1_a,Agent_109,Veuillez indiquer depuis combien de temps vous attendez.
4,3,4,4,4,llama3.1:8b,data_pmus_yaounde,q4_1_b,Agent_109,10 20 MINUTES
5,4,2,5,2,llama3.1:8b,data_pmus_yaounde,q4_2_a,Agent_109,Veuillez indiquer depuis combien de temps vous attendez.
4,4,4,4,4,llama3.1:8b,data_pmus_yaounde,q4_2_b,Agent_109,30 60 MIN
4,4,4,4,4,llama3.1:8b,data_pmus_yaounde,q4_3,Agent_109,120
4,3,4,4,4,llama3.1:8b,data_pmus_yaounde,q4_4,Agent_109,COURSES
3,3,4,4,3,llama3.1:8b,data_pmus_yaounde,q4_4_autres,Agent_109,COURS
5,3,4,4,4,llama3.1:8b,data_pmus_yaounde,q5_1,Agent_109,ENTRE 18 ET 25 ANS
5,3,3,4,4,llama3.1:8b,data_pmus_yaounde,q5_2,Agent_109,MOINS DE 30 000
5,4,4,4,4,llama3.1:8b,data_pmus_yaounde,q5_3,Agent_109,FEMME
4,4,3,4,3,llama3.1:8b,data_pmus_yaounde,centre ville,Agent_110,YAOUNDE
5,4,4,4,4,llama3.1:8b,data_pmus_yaounde,q1_1,Agent_110,UN QUARTIER DE LA VILLE DE YAOUNDE
4,4,4,4,4,llama3.1:8b,data_pmus_yaounde,q1_1_a,Agent_110,MBALLA 2
4,4,3,4,3,llama3.1:8b,data_pmus_yaounde,q1_1_b,Agent_110,10EME ARRET
4,4,3,4,3,llama3.1:8b,data_pmus_yaounde,q1_1_c,Agent_110,AFANOYA
5,4,4,4,4,llama3.1:8b,data_pmus_yaounde,q1_2,Agent_110,UN QUARTIER DE LA VILLE DE YAOUNDE
4,4,4,4,4,llama3.1:8b,data_pmus_yaounde,q1_2_a,Agent_110,ELEVEUR
4,4,3,4,3,llama3.1:8b,data_pmus_yaounde,q1_2_b,Agent_110,10 IEME ARRET
4,4,3,4,3,llama3.1:8b,data_pmus_yaounde,q1_3_c,Agent_110,BUEA
4,3,4,4,3,llama3.1:8b,data_pmus_yaounde,q2_1,Agent_110,PAR BUS STACY
4,4,3,4,3,llama3.1:8b,data_pmus_yaounde,q2_2_1,Agent_110,MEKOUMBOU
4,4,3,4,3,llama3.1:8b,data_pmus_yaounde,q2_2_2,Agent_110,MAXWELL
4,4,3,4,3,llama3.1:8b,data_pmus_yaounde,q2_3_1,Agent_110,0LESOA
4,4,3,4,3,llama3.1:8b,data_pmus_yaounde,q2_3_2,Agent_110,0NANA
5,4,4,4,4,llama3.1:8b,data_pmus_yaounde,q2_3,Agent_110,NON
4,4,3,4,3,llama3.1:8b,data_pmus_yaounde,q2_4,Agent_110,PAR BUS STACY
4,4,3,4,3,llama3.1:8b,data_pmus_yaounde,q2_5_1,Agent_110,A B0NAS
4,4,3,4,3,llama3.1:8b,data_pmus_yaounde,q2_5_2,Agent_110,MBALLA 2
4,4,3,4,3,llama3.1:8b,data_pmus_yaounde,q2_6_1,Agent_110,ABATTOIR
4,4,3,4,3,llama3.1:8b,data_pmus_yaounde,q2_6_2,Agent_110,11EME ARRET
4,4,3,4,4,llama3.1:8b,data_pmus_yaounde,q3_1,Agent_110,NON
4,3,4,4,3,llama3.1:8b,data_pmus_yaounde,q3_2,Agent_110,PAR BUS STACY
4,4,4,4,4,llama3.1:8b,data_pmus_yaounde,q3_3_1,Agent_110,ELEVEUR
4,4,3,4,3,llama3.1:8b,data_pmus_yaounde,q3_3_2,Agent_110,ELEVEUR
5,4,2,5,2,llama3.1:8b,data_pmus_yaounde,q4_1_a,Agent_110,Veuillez indiquer depuis combien de temps vous attendez.
4,3,4,4,4,llama3.1:8b,data_pmus_yaounde,q4_1_b,Agent_110,10 20 MINUTES
5,4,2,5,2,llama3.1:8b,data_pmus_yaounde,q4_2_a,Agent_110,Veuillez indiquer depuis combien de temps vous attendez.
4,4,4,4,4,llama3.1:8b,data_pmus_yaounde,q4_2_b,Agent_110,15 30 MIN
4,4,4,4,4,llama3.1:8b,data_pmus_yaounde,q4_3,Agent_110,5500
4,3,4,4,4,llama3.1:8b,data_pmus_yaounde,q4_4,Agent_110,ACTIVIT S DE LOISIRS
3,3,4,4,3,llama3.1:8b,data_pmus_yaounde,q4_4_autres,Agent_110,SPORT ET VISITE AMICALE
5,3,4,4,4,llama3.1:8b,data_pmus_yaounde,q5_1,Agent_110,ENTRE 18 ET 25 ANS
5,3,3,4,4,llama3.1:8b,data_pmus_yaounde,q5_2,Agent_110,ENTRE 30 001 ET 100 000
5,4,4,4,4,llama3.1:8b,data_pmus_yaounde,q5_3,Agent_110,FEMME
4,4,3,4,3,llama3.1:8b,data_pmus_yaounde,centre ville,Agent_111,YAOUNDE
5,4,4,4,4,llama3.1:8b,data_pmus_yaounde,q1_1,Agent_111,UN QUARTIER DE LA VILLE DE YAOUNDE
4,4,4,4,4,llama3.1:8b,data_pmus_yaounde,q1_1_a,Agent_111,ETOA MEKI
4,4,3,4,3,llama3.1:8b,data_pmus_yaounde,q1_1_b,Agent_111,CARREFOUR
4,4,3,4,3,llama3.1:8b,data_pmus_yaounde,q1_1_c,Agent_111,AFANOYA
5,4,4,4,4,llama3.1:8b,data_pmus_yaounde,q1_2,Agent_111,UN QUARTIER DE LA VILLE DE YAOUNDE
4,4,4,4,4,llama3.1:8b,data_pmus_yaounde,q1_2_a,Agent_111,ETOA MEKI
4,4,3,4,3,llama3.1:8b,data_pmus_yaounde,q1_2_b,Agent_111,CARREFOUR
4,4,3,4,3,llama3.1:8b,data_pmus_yaounde,q1_3_c,Agent_111,DOUALA
4,3,4,4,3,llama3.1:8b,data_pmus_yaounde,q2_1,Agent_111,A PIED
4,4,3,4,3,llama3.1:8b,data_pmus_yaounde,q2_2_1,Agent_111,2 CHEVEAU
4,4,3,4,3,llama3.1:8b,data_pmus_yaounde,q2_2_2,Agent_111,CARREFOUR
4,4,3,4,3,llama3.1:8b,data_pmus_yaounde,q2_3_1,Agent_111,CARREFOUR
4,4,3,4,3,llama3.1:8b,data_pmus_yaounde,q2_3_2,Agent_111,CARREFOUR
5,4,4,4,4,llama3.1:8b,data_pmus_yaounde,q2_3,Agent_111,NON
4,4,3,4,3,llama3.1:8b,data_pmus_yaounde,q2_4,Agent_111,PAR BUS STACY
4,4,3,4,3,llama3.1:8b,data_pmus_yaounde,q2_5_1,Agent_111,A B0NAS
4,4,3,4,3,llama3.1:8b,data_pmus_yaounde,q2_5_2,Agent_111,CARREFOUR
4,4,3,4,3,llama3.1:8b,data_pmus_yaounde,q2_6_1,Agent_111,MVAN
4,4,3,4,3,llama3.1:8b,data_pmus_yaounde,q2_6_2,Agent_111,MVAN
4,4,3,4,4,llama3.1:8b,data_pmus_yaounde,q3_1,Agent_111,NON
4,3,4,4,3,llama3.1:8b,data_pmus_yaounde,q3_2,Agent_111,PAR BUS STACY
4,4,4,4,4,llama3.1:8b,data_pmus_yaounde,q3_3_1,Agent_111,ETOUDI
4,4,3,4,3,llama3.1:8b,data_pmus_yaounde,q3_3_2,Agent_111,ETAM BAFIA
5,4,2,5,2,llama3.1:8b,data_pmus_yaounde,q4_1_a,Agent_111,Veuillez indiquer depuis combien de temps vous attendez.
4,3,4,4,4,llama3.1:8b,data_pmus_yaounde,q4_1_b,Agent_111,10 20 MINUTES
5,4,2,5,2,llama3.1:8b,data_pmus_yaounde,q4_2_a,Agent_111,Veuillez indiquer depuis combien de temps vous attendez.
4,4,4,4,4,llama3.1:8b,data_pmus_yaounde,q4_2_b,Agent_111,30 60 MIN
4,4,4,4,4,llama3.1:8b,data_pmus_yaounde,q4_3,Agent_111,2200
4,3,4,4,4,llama3.1:8b,data_pmus_yaounde,q4_4,Agent_111,SPORTIVES
3,3,4,4,3,llama3.1:8b,data_pmus_yaounde,q4_4_autres,Agent_111,SPORT ET VISITE AMICALE
5,3,4,4,4,llama3.1:8b,data_pmus_yaounde,q5_1,Agent_111,ENTRE 36 ET 45 ANS
5,3,3,4,4,llama3.1:8b,data_pmus_yaounde,q5_2,Agent_111,ENTRE 300 001 ET 500 000
5,4,4,4,4,llama3.1:8b,data_pmus_yaounde,q5_3,Agent_111,FEMME
4,4,3,4,3,llama3.1:8b,data_pmus_yaounde,centre ville,Agent_112,YAOUNDE
5,4,4,4,4,llama3.1:8b,data_pmus_yaounde,q1_1,Agent_112,UN QUARTIER DE LA VILLE DE YAOUNDE
4,4,4,4,4,llama3.1:8b,data_pmus_yaounde,q1_1_a,Agent_112,MVOG ADA
4,4,3,4,3,llama3.1:8b,data_pmus_yaounde,q1_1_b,Agent_112,COLLEGE THERESE MBAKOP
4,4,3,4,3,llama3.1:8b,data_pmus_yaounde,q1_1_c,Agent_112,AFANOYA
5,4,4,4,4,llama3.1:8b,data_pmus_yaounde,q1_2,Agent_112,UN QUARTIER DE LA VILLE DE YAOUNDE
4,4,4,4,4,llama3.1:8b,data_pmus_yaounde,q1_2_a,Agent_112,MVOG ADA
4,4,3,4,3,llama3.1:8b,data_pmus_yaounde,q1_2_b,Agent_112,MVOG ADA
4,4,3,4,3,llama3.1:8b,data_pmus_yaounde,q1_3_c,Agent_112,YAOUNDE
4,3,4,4,3,llama3.1:8b,data_pmus_yaounde,q2_1,Agent_112,PAR BUS STACY
4,4,3,4,3,llama3.1:8b,data_pmus_yaounde,q2_2_1,Agent_112,2 CHEVEAU
4,4,3,4,3,llama3.1:8b,data_pmus_yaounde,q2_2_2,Agent_112,107
4,4,3,4,3,llama3.1:8b,data_pmus_yaounde,q2_3_1,Agent_112,0LESOA
4,4,3,4,3,llama3.1:8b,data_pmus_yaounde,q2_3_2,Agent_112,OLIBIYA
5,4,4,4,4,llama3.1:8b,data_pmus_yaounde,q2_3,Agent_112,OUI
4,4,3,4,3,llama3.1:8b,data_pmus_yaounde,q2_4,Agent_112,PAR BUS STACY
4,4,3,4,3,llama3.1:8b,data_pmus_yaounde,q2_5_1,Agent_112,A B0NAS
4,4,3,4,3,llama3.1:8b,data_pmus_yaounde,q2_5_2,Agent_112,0MPHINE
4,4,3,4,3,llama3.1:8b,data_pmus_yaounde,q2_6_1,Agent_112,ABATTOIR
4,4,3,4,3,llama3.1:8b,data_pmus_yaounde,q2_6_2,Agent_112,MOBIL
4,4,3,4,4,llama3.1:8b,data_pmus_yaounde,q3_1,Agent_112,OUI
4,3,4,4,3,llama3.1:8b,data_pmus_yaounde,q3_2,Agent_112,PAR BUS STACY
4,4,4,4,4,llama3.1:8b,data_pmus_yaounde,q3_3_1,Agent_112,MVOG ADA
4,4,3,4,3,llama3.1:8b,data_pmus_yaounde,q3_3_2,Agent_112,ENTRE KOWEIT
5,4,2,5,2,llama3.1:8b,data_pmus_yaounde,q4_1_a,Agent_112,Veuillez indiquer depuis combien de temps vous attendez.
4,3,4,4,4,llama3.1:8b,data_pmus_yaounde,q4_1_b,Agent_112,10 20 MINUTES
5,4,2,5,2,llama3.1:8b,data_pmus_yaounde,q4_2_a,Agent_112,Veuillez indiquer depuis combien de temps vous attendez.
4,4,4,4,4,llama3.1:8b,data_pmus_yaounde,q4_2_b,Agent_112,15 30 MIN
4,4,4,4,4,llama3.1:8b,data_pmus_yaounde,q4_3,Agent_112,2200
4,3,4,4,4,llama3.1:8b,data_pmus_yaounde,q4_4,Agent_112,D MARCHES ADMINISTRATIVES ET OU SANT
3,3,4,4,3,llama3.1:8b,data_pmus_yaounde,q4_4_autres,Agent_112,ACHAT
5,3,4,4,4,llama3.1:8b,data_pmus_yaounde,q5_1,Agent_112,ENTRE 26 ET 35 ANS
5,3,3,4,4,llama3.1:8b,data_pmus_yaounde,q5_2,Agent_112,ENTRE 30 001 ET 100 000
5,4,4,4,4,llama3.1:8b,data_pmus_yaounde,q5_3,Agent_112,FEMME
4,4,3,4,3,llama3.1:8b,data_pmus_yaounde,centre ville,Agent_113,YAOUNDE
5,4,4,4,4,llama3.1:8b,data_pmus_yaounde,q1_1,Agent_113,UN QUARTIER DE LA VILLE DE YAOUNDE
4,4,4,4,4,llama3.1:8b,data_pmus_yaounde,q1_1_a,Agent_113,MELEN
4,4,3,4,3,llama3.1:8b,data_pmus_yaounde,q1_1_b,Agent_113,MELEN
4,4,3,4,3,llama3.1:8b,data_pmus_yaounde,q1_1_c,Agent_113,AFANOYA
5,4,4,4,4,llama3.1:8b,data_pmus_yaounde,q1_2,Agent_113,UN QUARTIER DE LA VILLE DE YAOUNDE
4,4,4,4,4,llama3.1:8b,data_pmus_yaounde,q1_2_a,Agent_113,MELEN
4,4,3,4,3,llama3.1:8b,data_pmus_yaounde,q1_2_b,Agent_113,10 IEME ARRET
4,4,3,4,3,llama3.1:8b,data_pmus_yaounde,q1_3_c,Agent_113,YAOUNDE
4,3,4,4,3,llama3.1:8b,data_pmus_yaounde,q2_1,Agent_113,PAR BUS STACY
4,4,3,4,3,llama3.1:8b,data_pmus_yaounde,q2_2_1,Agent_113,MELEN
4,4,3,4,3,llama3.1:8b,data_pmus_yaounde,q2_2_2,Agent_113,10 E ARRET
4,4,3,4,3,llama3.1:8b,data_pmus_yaounde,q2_3_1,Agent_113,MELEN
4,4,3,4,3,llama3.1:8b,data_pmus_yaounde,q2_3_2,Agent_113,0NANA
5,4,4,4,4,llama3.1:8b,data_pmus_yaounde,q2_3,Agent_113,NON
4,4,3,4,3,llama3.1:8b,data_pmus_yaounde,q2_4,Agent_113,PAR CARGO MINI BUS
4,4,3,4,3,llama3.1:8b,data_pmus_yaounde,q2_5_1,Agent_113,MELEN
4,4,3,4,3,llama3.1:8b,data_pmus_yaounde,q2_5_2,Agent_113,0MPHINE
4,4,3,4,3,llama3.1:8b,data_pmus_yaounde,q2_6_1,Agent_113,MELEN
4,4,3,4,3,llama3.1:8b,data_pmus_yaounde,q2_6_2,Agent_113,11EME ARRET
4,4,3,4,4,llama3.1:8b,data_pmus_yaounde,q3_1,Agent_113,NON
4,3,4,4,3,llama3.1:8b,data_pmus_yaounde,q3_2,Agent_113,PAR BUS STACY
4,4,4,4,4,llama3.1:8b,data_pmus_yaounde,q3_3_1,Agent_113,MELEN
4,4,3,4,3,llama3.1:8b,data_pmus_yaounde,q3_3_2,Agent_113,10 IEME ARRET
5,4,2,5,2,llama3.1:8b,data_pmus_yaounde,q4_1_a,Agent_113,Veuillez indiquer depuis combien de temps vous attendez.
4,3,4,4,4,llama3.1:8b,data_pmus_yaounde,q4_1_b,Agent_113,MOINS DE 5 MIN
5,4,2,5,2,llama3.1:8b,data_pmus_yaounde,q4_2_a,Agent_113,Veuillez indiquer depuis combien de temps vous attendez.
4,4,4,4,4,llama3.1:8b,data_pmus_yaounde,q4_2_b,Agent_113,15 30 MIN
4,4,4,4,4,llama3.1:8b,data_pmus_yaounde,q4_3,Agent_113,2000
4,3,4,4,4,llama3.1:8b,data_pmus_yaounde,q4_4,Agent_113,VISITE FAMILLE
3,3,4,4,3,llama3.1:8b,data_pmus_yaounde,q4_4_autres,Agent_113,ACHAT
5,3,4,4,4,llama3.1:8b,data_pmus_yaounde,q5_1,Agent_113,ENTRE 36 ET 45 ANS
5,3,3,4,4,llama3.1:8b,data_pmus_yaounde,q5_2,Agent_113,ENTRE 30 001 ET 100 000
5,4,4,4,4,llama3.1:8b,data_pmus_yaounde,q5_3,Agent_113,FEMME
4,4,3,4,3,llama3.1:8b,data_pmus_yaounde,centre ville,Agent_114,YAOUNDE
5,4,4,4,4,llama3.1:8b,data_pmus_yaounde,q1_1,Agent_114,UN QUARTIER DE LA VILLE DE YAOUNDE
4,4,4,4,4,llama3.1:8b,data_pmus_yaounde,q1_1_a,Agent_114,OLEMBE
4,4,3,4,3,llama3.1:8b,data_pmus_yaounde,q1_1_b,Agent_114,OLEMBE
4,4,3,4,3,llama3.1:8b,data_pmus_yaounde,q1_1_c,Agent_114,AFANOYA
5,4,4,4,4,llama3.1:8b,data_pmus_yaounde,q1_2,Agent_114,UN QUARTIER DE LA VILLE DE YAOUNDE
4,4,4,4,4,llama3.1:8b,data_pmus_yaounde,q1_2_a,Agent_114,OLEMBE
4,4,3,4,3,llama3.1:8b,data_pmus_yaounde,q1_2_b,Agent_114,OLEMBE
4,4,3,4,3,llama3.1:8b,data_pmus_yaounde,q1_3_c,Agent_114,YAOUNDE
4,3,4,4,3,llama3.1:8b,data_pmus_yaounde,q2_1,Agent_114,PAR BUS STACY
4,4,3,4,3,llama3.1:8b,data_pmus_yaounde,q2_2_1,Agent_114,OLEMBE
4,4,3,4,3,llama3.1:8b,data_pmus_yaounde,q2_2_2,Agent_114,PARISFOOT MADAGASSACAR
4,4,3,4,3,llama3.1:8b,data_pmus_yaounde,q2_3_1,Agent_114,0LESOA
4,4,3,4,3,llama3.1:8b,data_pmus_yaounde,q2_3_2,Agent_114,0NANA
5,4,4,4,4,llama3.1:8b,data_pmus_yaounde,q2_3,Agent_114,NON
4,4,3,4,3,llama3.1:8b,data_pmus_yaounde,q2_4,Agent_114,PAR BUS STACY
4,4,3,4,3,llama3.1:8b,data_pmus_yaounde,q2_5_1,Agent_114,OLEMBE
4,4,3,4,3,llama3.1:8b,data_pmus_yaounde,q2_5_2,Agent_114,0MPHINE
4,4,3,4,3,llama3.1:8b,data_pmus_yaounde,q2_6_1,Agent_114,OLEMBE
4,4,3,4,3,llama3.1:8b,data_pmus_yaounde,q2_6_2,Agent_114,11EME ARRET
4,4,3,4,4,llama3.1:8b,data_pmus_yaounde,q3_1,Agent_114,NON
4,3,4,4,3,llama3.1:8b,data_pmus_yaounde,q3_2,Agent_114,PAR BUS STACY
4,4,4,4,4,llama3.1:8b,data_pmus_yaounde,q3_3_1,Agent_114,OLEMBE
4,4,3,4,3,llama3.1:8b,data_pmus_yaounde,q3_3_2,Agent_114,10 IEME ARRET
5,4,2,5,2,llama3.1:8b,data_pmus_yaounde,q4_1_a,Agent_114,Veuillez indiquer depuis combien de temps vous attendez.
4,3,4,4,4,llama3.1:8b,data_pmus_yaounde,q4_1_b,Agent_114,10 20 MINUTES
5,4,2,5,2,llama3.1:8b,data_pmus_yaounde,q4_2_a,Agent_114,Veuillez indiquer depuis combien de temps vous attendez.
4,4,4,4,4,llama3.1:8b,data_pmus_yaounde,q4_2_b,Agent_114,15 30 MIN
4,4,4,4,4,llama3.1:8b,data_pmus_yaounde,q4_3,Agent_114,3500
4,3,4,4,4,llama3.1:8b,data_pmus_yaounde,q4_4,Agent_114,VISITE FAMILLE
3,3,4,4,3,llama3.1:8b,data_pmus_yaounde,q4_4_autres,Agent_114,ACHAT
5,3,4,4,4,llama3.1:8b,data_pmus_yaounde,q5_1,Agent_114,ENTRE 18 ET 25 ANS
5,3,3,4,4,llama3.1:8b,data_pmus_yaounde,q5_2,Agent_114,ENTRE 30 001 ET 100 000
5,4,4,4,4,llama3.1:8b,data_pmus_yaounde,q5_3,Agent_114,FEMME
4,4,3,4,3,llama3.1:8b,data_pmus_yaounde,centre ville,Agent_115,YAOUNDE
5,4,4,4,4,llama3.1:8b,data_pmus_yaounde,q1_1,Agent_115,UN QUARTIER DE LA VILLE DE YAOUNDE
4,4,4,4,4,llama3.1:8b,data_pmus_yaounde,q1_1_a,Agent_115,BIYEM ASSI
4,4,3,4,3,llama3.1:8b,data_pmus_yaounde,q1_1_b,Agent_115,BIYEM ASSI
4,4,3,4,3,llama3.1:8b,data_pmus_yaounde,q1_1_c,Agent_115,AFANOYA
5,4,4,4,4,llama3.1:8b,data_pmus_yaounde,q1_2,Agent_115,UN QUARTIER DE LA VILLE DE YAOUNDE
4,4,4,4,4,llama3.1:8b,data_pmus_yaounde,q1_2_a,Agent_115,EMIA
4,4,3,4,3,llama3.1:8b,data_pmus_yaounde,q1_2_b,Agent_115,10 IEME ARRET
4,4,3,4,3,llama3.1:8b,data_pmus_yaounde,q1_3_c,Agent_115,DOUALA
4,3,4,4,3,llama3.1:8b,data_pmus_yaounde,q2_1,Agent_115,PAR BUS STACY
4,4,3,4,3,llama3.1:8b,data_pmus_yaounde,q2_2_1,Agent_115,2 CHEVEAU
4,4,3,4,3,llama3.1:8b,data_pmus_yaounde,q2_2_2,Agent_115,GARE ROUTIERE
4,4,3,4,3,llama3.1:8b,data_pmus_yaounde,q2_3_1,Agent_115,0LESOA
4,4,3,4,3,llama3.1:8b,data_pmus_yaounde,q2_3_2,Agent_115,GP MELEN
5,4,4,4,4,llama3.1:8b,data_pmus_yaounde,q2_3,Agent_115,NON
4,4,3,4,3,llama3.1:8b,data_pmus_yaounde,q2_4,Agent_115,PAR BUS STACY
4,4,3,4,3,llama3.1:8b,data_pmus_yaounde,q2_5_1,Agent_115,UNIVERSITE
4,4,3,4,3,llama3.1:8b,data_pmus_yaounde,q2_5_2,Agent_115,UNIVERSITE
4,4,3,4,3,llama3.1:8b,data_pmus_yaounde,q2_6_1,Agent_115,EMANA
4,4,3,4,3,llama3.1:8b,data_pmus_yaounde,q2_6_2,Agent_115,UNIVERSITE
4,4,3,4,4,llama3.1:8b,data_pmus_yaounde,q3_1,Agent_115,NON
4,3,4,4,3,llama3.1:8b,data_pmus_yaounde,q3_2,Agent_115,PAR BUS STACY
4,4,4,4,4,llama3.1:8b,data_pmus_yaounde,q3_3_1,Agent_115,ACACIA
4,4,3,4,3,llama3.1:8b,data_pmus_yaounde,q3_3_2,Agent_115,ACACIA
5,4,2,5,2,llama3.1:8b,data_pmus_yaounde,q4_1_a,Agent_115,Veuillez indiquer depuis combien de temps vous attendez.
4,3,4,4,4,llama3.1:8b,data_pmus_yaounde,q4_1_b,Agent_115,MOINS DE 5 MIN
5,4,2,5,2,llama3.1:8b,data_pmus_yaounde,q4_2_a,Agent_115,Veuillez indiquer depuis combien de temps vous attendez.
4,4,4,4,4,llama3.1:8b,data_pmus_yaounde,q4_2_b,Agent_115,15 30 MIN
4,4,4,4,4,llama3.1:8b,data_pmus_yaounde,q4_3,Agent_115,208
4,3,4,4,4,llama3.1:8b,data_pmus_yaounde,q4_4,Agent_115,COURSES
3,3,4,4,3,llama3.1:8b,data_pmus_yaounde,q4_4_autres,Agent_115,COURS
5,3,4,4,4,llama3.1:8b,data_pmus_yaounde,q5_1,Agent_115,ENTRE 18 ET 25 ANS
5,3,3,4,4,llama3.1:8b,data_pmus_yaounde,q5_2,Agent_115,ENTRE 30 001 ET 100 000
5,4,4,4,4,llama3.1:8b,data_pmus_yaounde,q5_3,Agent_115,HOMME
4,4,3,4,3,llama3.1:8b,data_pmus_yaounde,centre ville,Agent_116,YAOUNDE
5,4,4,4,4,llama3.1:8b,data_pmus_yaounde,q1_1,Agent_116,UN QUARTIER DE LA VILLE DE YAOUNDE
4,4,4,4,4,llama3.1:8b,data_pmus_yaounde,q1_1_a,Agent_116,BRIQUETERIE
4,4,3,4,3,llama3.1:8b,data_pmus_yaounde,q1_1_b,Agent_116,APRED LA LAVERIE
4,4,3,4,3,llama3.1:8b,data_pmus_yaounde,q1_1_c,Agent_116,AFANOYA
5,4,4,4,4,llama3.1:8b,data_pmus_yaounde,q1_2,Agent_116,UN QUARTIER DE LA VILLE DE YAOUNDE
4,4,4,4,4,llama3.1:8b,data_pmus_yaounde,q1_2_a,Agent_116,WARDA
4,4,3,4,3,llama3.1:8b,data_pmus_yaounde,q1_2_b,Agent_116,10 IEME ARRET
4,4,3,4,3,llama3.1:8b,data_pmus_yaounde,q1_3_c,Agent_116,DOUALA
4,3,4,4,3,llama3.1:8b,data_pmus_yaounde,q2_1,Agent_116,PAR BUS STACY
4,4,3,4,3,llama3.1:8b,data_pmus_yaounde,q2_2_1,Agent_116,PHAMACIE DU SOLEIL
4,4,3,4,3,llama3.1:8b,data_pmus_yaounde,q2_2_2,Agent_116,10 E ARRET
4,4,3,4,3,llama3.1:8b,data_pmus_yaounde,q2_3_1,Agent_116,0LESOA
4,4,3,4,3,llama3.1:8b,data_pmus_yaounde,q2_3_2,Agent_116,CARREAU MEEC
5,4,4,4,4,llama3.1:8b,data_pmus_yaounde,q2_3,Agent_116,NON
4,4,3,4,3,llama3.1:8b,data_pmus_yaounde,q2_4,Agent_116,PAR BUS STACY
4,4,3,4,3,llama3.1:8b,data_pmus_yaounde,q2_5_1,Agent_116,CARREFOUR REGI
4,4,3,4,3,llama3.1:8b,data_pmus_yaounde,q2_5_2,Agent_116,0MPHINE
4,4,3,4,3,llama3.1:8b,data_pmus_yaounde,q2_6_1,Agent_116,ABATTOIR
4,4,3,4,3,llama3.1:8b,data_pmus_yaounde,q2_6_2,Agent_116,CARREFOUR
4,4,3,4,4,llama3.1:8b,data_pmus_yaounde,q3_1,Agent_116,NON
4,3,4,4,3,llama3.1:8b,data_pmus_yaounde,q3_2,Agent_116,PAR BUS STACY
4,4,4,4,4,llama3.1:8b,data_pmus_yaounde,q3_3_1,Agent_116,WARDA
4,4,3,4,3,llama3.1:8b,data_pmus_yaounde,q3_3_2,Agent_116,10 IEME ARRET
5,4,2,5,2,llama3.1:8b,data_pmus_yaounde,q4_1_a,Agent_116,Veuillez indiquer depuis combien de temps vous attendez.
4,3,4,4,4,llama3.1:8b,data_pmus_yaounde,q4_1_b,Agent_116,10 20 MINUTES
5,4,2,5,2,llama3.1:8b,data_pmus_yaounde,q4_2_a,Agent_116,Veuillez indiquer depuis combien de temps vous attendez.
4,4,4,4,4,llama3.1:8b,data_pmus_yaounde,q4_2_b,Agent_116,15 30 MIN
4,4,4,4,4,llama3.1:8b,data_pmus_yaounde,q4_3,Agent_116,100
4,3,4,4,4,llama3.1:8b,data_pmus_yaounde,q4_4,Agent_116,TRAVAIL
3,3,4,4,3,llama3.1:8b,data_pmus_yaounde,q4_4_autres,Agent_116,ACHAT
5,3,4,4,4,llama3.1:8b,data_pmus_yaounde,q5_1,Agent_116,ENTRE 26 ET 35 ANS
5,3,3,4,4,llama3.1:8b,data_pmus_yaounde,q5_2,Agent_116,ENTRE 30 001 ET 100 000
5,4,4,4,4,llama3.1:8b,data_pmus_yaounde,q5_3,Agent_116,HOMME
4,4,3,4,3,llama3.1:8b,data_pmus_yaounde,centre ville,Agent_117,YAOUNDE
5,4,4,4,4,llama3.1:8b,data_pmus_yaounde,q1_1,Agent_117,UN QUARTIER DE LA VILLE DE YAOUNDE
4,4,4,4,4,llama3.1:8b,data_pmus_yaounde,q1_1_a,Agent_117,JOUVENCE
4,4,3,4,3,llama3.1:8b,data_pmus_yaounde,q1_1_b,Agent_117,ACACIA
4,4,3,4,3,llama3.1:8b,data_pmus_yaounde,q1_1_c,Agent_117,AFANOYA
5,4,4,4,4,llama3.1:8b,data_pmus_yaounde,q1_2,Agent_117,UN QUARTIER DE LA VILLE DE YAOUNDE
4,4,4,4,4,llama3.1:8b,data_pmus_yaounde,q1_2_a,Agent_117,ABOM
4,4,3,4,3,llama3.1:8b,data_pmus_yaounde,q1_2_b,Agent_117,JOUVENCE
4,4,3,4,3,llama3.1:8b,data_pmus_yaounde,q1_3_c,Agent_117,DOUALA
4,3,4,4,3,llama3.1:8b,data_pmus_yaounde,q2_1,Agent_117,PAR BUS STACY
4,4,3,4,3,llama3.1:8b,data_pmus_yaounde,q2_2_1,Agent_117,CORON
4,4,3,4,3,llama3.1:8b,data_pmus_yaounde,q2_2_2,Agent_117,JOUVENCE
4,4,3,4,3,llama3.1:8b,data_pmus_yaounde,q2_3_1,Agent_117,JOUVENCE
4,4,3,4,3,llama3.1:8b,data_pmus_yaounde,q2_3_2,Agent_117,IMMEUBLE JAKO
5,4,4,4,4,llama3.1:8b,data_pmus_yaounde,q2_3,Agent_117,NON
4,4,3,4,3,llama3.1:8b,data_pmus_yaounde,q2_4,Agent_117,PAR BUS AGENCE INTERURBAIN
4,4,3,4,3,llama3.1:8b,data_pmus_yaounde,q2_5_1,Agent_117,JOUVENCE
4,4,3,4,3,llama3.1:8b,data_pmus_yaounde,q2_5_2,Agent_117,JOUVENCE
4,4,3,4,3,llama3.1:8b,data_pmus_yaounde,q2_6_1,Agent_117,MONTE CITE VERTE
4,4,3,4,3,llama3.1:8b,data_pmus_yaounde,q2_6_2,Agent_117,11EME ARRET
4,4,3,4,4,llama3.1:8b,data_pmus_yaounde,q3_1,Agent_117,NON
4,3,4,4,3,llama3.1:8b,data_pmus_yaounde,q3_2,Agent_117,PAR BUS STACY
4,4,4,4,4,llama3.1:8b,data_pmus_yaounde,q3_3_1,Agent_117,JOUVENCE
4,4,3,4,3,llama3.1:8b,data_pmus_yaounde,q3_3_2,Agent_117,JOUVENCE
5,4,2,5,2,llama3.1:8b,data_pmus_yaounde,q4_1_a,Agent_117,Veuillez indiquer depuis combien de temps vous attendez.
4,3,4,4,4,llama3.1:8b,data_pmus_yaounde,q4_1_b,Agent_117,MOINS DE 5 MIN
5,4,2,5,2,llama3.1:8b,data_pmus_yaounde,q4_2_a,Agent_117,Veuillez indiquer depuis combien de temps vous attendez.
4,4,4,4,4,llama3.1:8b,data_pmus_yaounde,q4_2_b,Agent_117,15 30 MIN
4,4,4,4,4,llama3.1:8b,data_pmus_yaounde,q4_3,Agent_117,1650
4,3,4,4,4,llama3.1:8b,data_pmus_yaounde,q4_4,Agent_117,COURSES
3,3,4,4,3,llama3.1:8b,data_pmus_yaounde,q4_4_autres,Agent_117,COURS
5,3,4,4,4,llama3.1:8b,data_pmus_yaounde,q5_1,Agent_117,MOINS DE 18 ANS
5,3,3,4,4,llama3.1:8b,data_pmus_yaounde,q5_2,Agent_117,ENTRE 30 001 ET 100 000
5,4,4,4,4,llama3.1:8b,data_pmus_yaounde,q5_3,Agent_117,FEMME
4,4,3,4,3,llama3.1:8b,data_pmus_yaounde,centre ville,Agent_118,YAOUNDE
5,4,4,4,4,llama3.1:8b,data_pmus_yaounde,q1_1,Agent_118,UN QUARTIER DE LA VILLE DE YAOUNDE
4,4,4,4,4,llama3.1:8b,data_pmus_yaounde,q1_1_a,Agent_118,CORON
4,4,3,4,3,llama3.1:8b,data_pmus_yaounde,q1_1_b,Agent_118,10EME ARRET
4,4,3,4,3,llama3.1:8b,data_pmus_yaounde,q1_1_c,Agent_118,AFANOYA
5,4,4,4,4,llama3.1:8b,data_pmus_yaounde,q1_2,Agent_118,UN QUARTIER DE LA VILLE DE YAOUNDE
4,4,4,4,4,llama3.1:8b,data_pmus_yaounde,q1_2_a,Agent_118,CORON
4,4,3,4,3,llama3.1:8b,data_pmus_yaounde,q1_2_b,Agent_118,CORON
4,4,3,4,3,llama3.1:8b,data_pmus_yaounde,q1_3_c,Agent_118,YAOUNDE
4,3,4,4,3,llama3.1:8b,data_pmus_yaounde,q2_1,Agent_118,PAR BUS STACY
4,4,3,4,3,llama3.1:8b,data_pmus_yaounde,q2_2_1,Agent_118,CORON
4,4,3,4,3,llama3.1:8b,data_pmus_yaounde,q2_2_2,Agent_118,NGOUNG
4,4,3,4,3,llama3.1:8b,data_pmus_yaounde,q2_3_1,Agent_118,CORON
4,4,3,4,3,llama3.1:8b,data_pmus_yaounde,q2_3_2,Agent_118,CORON
5,4,4,4,4,llama3.1:8b,data_pmus_yaounde,q2_3,Agent_118,NON
4,4,3,4,3,llama3.1:8b,data_pmus_yaounde,q2_4,Agent_118,PAR BUS STACY
4,4,3,4,3,llama3.1:8b,data_pmus_yaounde,q2_5_1,Agent_118,EMOMBO
4,4,3,4,3,llama3.1:8b,data_pmus_yaounde,q2_5_2,Agent_118,0MPHINE
4,4,3,4,3,llama3.1:8b,data_pmus_yaounde,q2_6_1,Agent_118,ABATTOIR
4,4,3,4,3,llama3.1:8b,data_pmus_yaounde,q2_6_2,Agent_118,CORON
4,4,3,4,4,llama3.1:8b,data_pmus_yaounde,q3_1,Agent_118,NON
4,3,4,4,3,llama3.1:8b,data_pmus_yaounde,q3_2,Agent_118,PAR BUS STACY
4,4,4,4,4,llama3.1:8b,data_pmus_yaounde,q3_3_1,Agent_118,CENTRE ADMINISTRATIF
4,4,3,4,3,llama3.1:8b,data_pmus_yaounde,q3_3_2,Agent_118,10 IEME ARRET
5,4,2,5,2,llama3.1:8b,data_pmus_yaounde,q4_1_a,Agent_118,Veuillez indiquer depuis combien de temps vous attendez.
4,3,4,4,4,llama3.1:8b,data_pmus_yaounde,q4_1_b,Agent_118,10 20 MINUTES
5,4,2,5,2,llama3.1:8b,data_pmus_yaounde,q4_2_a,Agent_118,Veuillez indiquer depuis combien de temps vous attendez.
4,4,4,4,4,llama3.1:8b,data_pmus_yaounde,q4_2_b,Agent_118,15 30 MIN
4,4,4,4,4,llama3.1:8b,data_pmus_yaounde,q4_3,Agent_118,2000
4,3,4,4,4,llama3.1:8b,data_pmus_yaounde,q4_4,Agent_118,SPORTIVES
3,3,4,4,3,llama3.1:8b,data_pmus_yaounde,q4_4_autres,Agent_118,BALADE
5,3,4,4,4,llama3.1:8b,data_pmus_yaounde,q5_1,Agent_118,ENTRE 26 ET 35 ANS
5,3,3,4,4,llama3.1:8b,data_pmus_yaounde,q5_2,Agent_118,ENTRE 30 001 ET 100 000
5,4,4,4,4,llama3.1:8b,data_pmus_yaounde,q5_3,Agent_118,HOMME
4,4,3,4,3,llama3.1:8b,data_pmus_yaounde,centre ville,Agent_119,YAOUNDE
5,4,4,4,4,llama3.1:8b,data_pmus_yaounde,q1_1,Agent_119,UN QUARTIER DE LA VILLE DE YAOUNDE
4,4,4,4,4,llama3.1:8b,data_pmus_yaounde,q1_1_a,Agent_119,ELIG NKOLO
4,4,3,4,3,llama3.1:8b,data_pmus_yaounde,q1_1_b,Agent_119,ENTREE TOGOLAIS
4,4,3,4,3,llama3.1:8b,data_pmus_yaounde,q1_1_c,Agent_119,AFANOYA
5,4,4,4,4,llama3.1:8b,data_pmus_yaounde,q1_2,Agent_119,UN QUARTIER DE LA VILLE DE YAOUNDE
4,4,4,4,4,llama3.1:8b,data_pmus_yaounde,q1_2_a,Agent_119,BARRIERE
4,4,3,4,3,llama3.1:8b,data_pmus_yaounde,q1_2_b,Agent_119,BARRIERE
4,4,3,4,3,llama3.1:8b,data_pmus_yaounde,q1_3_c,Agent_119,AFANOYA
4,3,4,4,3,llama3.1:8b,data_pmus_yaounde,q2_1,Agent_119,PAR BUS STACY
4,4,3,4,3,llama3.1:8b,data_pmus_yaounde,q2_2_1,Agent_119,CARREFOUR BEIGNET
4,4,3,4,3,llama3.1:8b,data_pmus_yaounde,q2_2_2,Agent_119,CARREFOUR
4,4,3,4,3,llama3.1:8b,data_pmus_yaounde,q2_3_1,Agent_119,0LESOA
4,4,3,4,3,llama3.1:8b,data_pmus_yaounde,q2_3_2,Agent_119,CARREFOUR
5,4,4,4,4,llama3.1:8b,data_pmus_yaounde,q2_3,Agent_119,NON
4,4,3,4,3,llama3.1:8b,data_pmus_yaounde,q2_4,Agent_119,PAR BUS AGENCE INTERURBAIN
4,4,3,4,3,llama3.1:8b,data_pmus_yaounde,q2_5_1,Agent_119,A B0NAS
4,4,3,4,3,llama3.1:8b,data_pmus_yaounde,q2_5_2,Agent_119,CARREFOUR
4,4,3,4,3,llama3.1:8b,data_pmus_yaounde,q2_6_1,Agent_119,CARREFOUR
4,4,3,4,3,llama3.1:8b,data_pmus_yaounde,q2_6_2,Agent_119,CARREFOUR
4,4,3,4,4,llama3.1:8b,data_pmus_yaounde,q3_1,Agent_119,NON
4,3,4,4,3,llama3.1:8b,data_pmus_yaounde,q3_2,Agent_119,PAR BUS AGENCE INTERURBAIN
4,4,4,4,4,llama3.1:8b,data_pmus_yaounde,q3_3_1,Agent_119,ACACIA
4,4,3,4,3,llama3.1:8b,data_pmus_yaounde,q3_3_2,Agent_119,CARREFOUR
5,4,2,5,2,llama3.1:8b,data_pmus_yaounde,q4_1_a,Agent_119,Veuillez indiquer depuis combien de temps vous attendez.
4,3,4,4,4,llama3.1:8b,data_pmus_yaounde,q4_1_b,Agent_119,10 20 MINUTES
5,4,2,5,2,llama3.1:8b,data_pmus_yaounde,q4_2_a,Agent_119,Veuillez indiquer depuis combien de temps vous attendez.
4,4,4,4,4,llama3.1:8b,data_pmus_yaounde,q4_2_b,Agent_119,30 60 MIN
4,4,4,4,4,llama3.1:8b,data_pmus_yaounde,q4_3,Agent_119,2200
4,3,4,4,4,llama3.1:8b,data_pmus_yaounde,q4_4,Agent_119,TRAVAIL
3,3,4,4,3,llama3.1:8b,data_pmus_yaounde,q4_4_autres,Agent_119,ACHAT
5,3,4,4,4,llama3.1:8b,data_pmus_yaounde,q5_1,Agent_119,ENTRE 18 ET 25 ANS
5,3,3,4,4,llama3.1:8b,data_pmus_yaounde,q5_2,Agent_119,ENTRE 30 001 ET 100 000
5,4,4,4,4,llama3.1:8b,data_pmus_yaounde,q5_3,Agent_119,HOMME
4,4,3,4,3,llama3.1:8b,data_pmus_yaounde,centre ville,Agent_120,YAOUNDE
5,4,4,4,4,llama3.1:8b,data_pmus_yaounde,q1_1,Agent_120,UN QUARTIER DE LA VILLE DE YAOUNDE
4,4,4,4,4,llama3.1:8b,data_pmus_yaounde,q1_1_a,Agent_120,ABIT
4,4,3,4,3,llama3.1:8b,data_pmus_yaounde,q1_1_b,Agent_120,10EME ARRET
4,4,3,4,3,llama3.1:8b,data_pmus_yaounde,q1_1_c,Agent_120,AFANOYA
5,4,4,4,4,llama3.1:8b,data_pmus_yaounde,q1_2,Agent_120,UN QUARTIER DE LA VILLE DE YAOUNDE
4,4,4,4,4,llama3.1:8b,data_pmus_yaounde,q1_2_a,Agent_120,COLMESING
4,4,3,4,3,llama3.1:8b,data_pmus_yaounde,q1_2_b,Agent_120,10 IEME ARRET
4,4,3,4,3,llama3.1:8b,data_pmus_yaounde,q1_3_c,Agent_120,AFANOYA
4,3,4,4,3,llama3.1:8b,data_pmus_yaounde,q2_1,Agent_120,PAR BUS STACY
4,4,3,4,3,llama3.1:8b,data_pmus_yaounde,q2_2_1,Agent_120,CARREFOUR DES SOEUR
4,4,3,4,3,llama3.1:8b,data_pmus_yaounde,q2_2_2,Agent_120,10 E ARRET
4,4,3,4,3,llama3.1:8b,data_pmus_yaounde,q2_3_1,Agent_120,0LESOA
4,4,3,4,3,llama3.1:8b,data_pmus_yaounde,q2_3_2,Agent_120,0NANA
5,4,4,4,4,llama3.1:8b,data_pmus_yaounde,q2_3,Agent_120,NON
4,4,3,4,3,llama3.1:8b,data_pmus_yaounde,q2_4,Agent_120,PAR BUS STACY
4,4,3,4,3,llama3.1:8b,data_pmus_yaounde,q2_5_1,Agent_120,A B0NAS
4,4,3,4,3,llama3.1:8b,data_pmus_yaounde,q2_5_2,Agent_120,OMNISIPORT
4,4,3,4,3,llama3.1:8b,data_pmus_yaounde,q2_6_1,Agent_120,OMNISIPORT
4,4,3,4,3,llama3.1:8b,data_pmus_yaounde,q2_6_2,Agent_120,OMNISIPORT
4,4,3,4,4,llama3.1:8b,data_pmus_yaounde,q3_1,Agent_120,NON
4,3,4,4,3,llama3.1:8b,data_pmus_yaounde,q3_2,Agent_120,PAR BUS STACY
4,4,4,4,4,llama3.1:8b,data_pmus_yaounde,q3_3_1,Agent_120,OMNISIPORT
4,4,3,4,3,llama3.1:8b,data_pmus_yaounde,q3_3_2,Agent_120,OMNISIPORT
5,4,2,5,2,llama3.1:8b,data_pmus_yaounde,q4_1_a,Agent_120,Veuillez indiquer depuis combien de temps vous attendez.
4,3,4,4,4,llama3.1:8b,data_pmus_yaounde,q4_1_b,Agent_120,10 20 MINUTES
5,4,2,5,2,llama3.1:8b,data_pmus_yaounde,q4_2_a,Agent_120,Veuillez indiquer depuis combien de temps vous attendez.
4,4,4,4,4,llama3.1:8b,data_pmus_yaounde,q4_2_b,Agent_120,15 30 MIN
4,4,4,4,4,llama3.1:8b,data_pmus_yaounde,q4_3,Agent_120,5200
4,3,4,4,4,llama3.1:8b,data_pmus_yaounde,q4_4,Agent_120,COURSES
3,3,4,4,3,llama3.1:8b,data_pmus_yaounde,q4_4_autres,Agent_120,COURS
5,3,4,4,4,llama3.1:8b,data_pmus_yaounde,q5_1,Agent_120,MOINS DE 18 ANS
5,3,3,4,4,llama3.1:8b,data_pmus_yaounde,q5_2,Agent_120,ENTRE 30 001 ET 100 000
5,4,4,4,4,llama3.1:8b,data_pmus_yaounde,q5_3,Agent_120,FEMME
4,4,3,4,3,llama3.1:8b,data_pmus_yaounde,centre ville,Agent_121,YAOUNDE
5,4,4,4,4,llama3.1:8b,data_pmus_yaounde,q1_1,Agent_121,UN QUARTIER DE LA VILLE DE YAOUNDE
4,4,4,4,4,llama3.1:8b,data_pmus_yaounde,q1_1_a,Agent_121,ACACIA
4,4,3,4,3,llama3.1:8b,data_pmus_yaounde,q1_1_b,Agent_121,ACACIA
4,4,3,4,3,llama3.1:8b,data_pmus_yaounde,q1_1_c,Agent_121,AFANOYA
5,4,4,4,4,llama3.1:8b,data_pmus_yaounde,q1_2,Agent_121,UN QUARTIER DE LA VILLE DE YAOUNDE
4,4,4,4,4,llama3.1:8b,data_pmus_yaounde,q1_2_a,Agent_121,SCALOM
4,4,3,4,3,llama3.1:8b,data_pmus_yaounde,q1_2_b,Agent_121,OXFORD
4,4,3,4,3,llama3.1:8b,data_pmus_yaounde,q1_3_c,Agent_121,AFANOYA
4,3,4,4,3,llama3.1:8b,data_pmus_yaounde,q2_1,Agent_121,PAR BUS STACY
4,4,3,4,3,llama3.1:8b,data_pmus_yaounde,q2_2_1,Agent_121,CARREFOURC
4,4,3,4,3,llama3.1:8b,data_pmus_yaounde,q2_2_2,Agent_121,SCALOM
4,4,3,4,3,llama3.1:8b,data_pmus_yaounde,q2_3_1,Agent_121,ACACIA
4,4,3,4,3,llama3.1:8b,data_pmus_yaounde,q2_3_2,Agent_121,ARRET BUS
5,4,4,4,4,llama3.1:8b,data_pmus_yaounde,q2_3,Agent_121,NON
4,4,3,4,3,llama3.1:8b,data_pmus_yaounde,q2_4,Agent_121,PAR BUS STACY
4,4,3,4,3,llama3.1:8b,data_pmus_yaounde,q2_5_1,Agent_121,ACACIA
4,4,3,4,3,llama3.1:8b,data_pmus_yaounde,q2_5_2,Agent_121,ACACIA
4,4,3,4,3,llama3.1:8b,data_pmus_yaounde,q2_6_1,Agent_121,ACACIA
4,4,3,4,3,llama3.1:8b,data_pmus_yaounde,q2_6_2,Agent_121,ACACIA
4,4,3,4,4,llama3.1:8b,data_pmus_yaounde,q3_1,Agent_121,NON
4,3,4,4,3,llama3.1:8b,data_pmus_yaounde,q3_2,Agent_121,PAR BUS AGENCE INTERURBAIN
4,4,4,4,4,llama3.1:8b,data_pmus_yaounde,q3_3_1,Agent_121,ACACIA
4,4,3,4,3,llama3.1:8b,data_pmus_yaounde,q3_3_2,Agent_121,ACACIA
5,4,2,5,2,llama3.1:8b,data_pmus_yaounde,q4_1_a,Agent_121,Veuillez indiquer depuis combien de temps vous attendez.
4,3,4,4,4,llama3.1:8b,data_pmus_yaounde,q4_1_b,Agent_121,10 20 MINUTES
5,4,2,5,2,llama3.1:8b,data_pmus_yaounde,q4_2_a,Agent_121,Veuillez indiquer depuis combien de temps vous attendez.
4,4,4,4,4,llama3.1:8b,data_pmus_yaounde,q4_2_b,Agent_121,15 30 MIN
4,4,4,4,4,llama3.1:8b,data_pmus_yaounde,q4_3,Agent_121,100
4,3,4,4,4,llama3.1:8b,data_pmus_yaounde,q4_4,Agent_121,COURSES
3,3,4,4,3,llama3.1:8b,data_pmus_yaounde,q4_4_autres,Agent_121,COURS
5,3,4,4,4,llama3.1:8b,data_pmus_yaounde,q5_1,Agent_121,MOINS DE 18 ANS
5,3,3,4,4,llama3.1:8b,data_pmus_yaounde,q5_2,Agent_121,ENTRE 30 001 ET 100 000
5,4,4,4,4,llama3.1:8b,data_pmus_yaounde,q5_3,Agent_121,FEMME
4,4,3,4,3,llama3.1:8b,data_pmus_yaounde,centre ville,Agent_122,YAOUNDE
5,4,4,4,4,llama3.1:8b,data_pmus_yaounde,q1_1,Agent_122,UN QUARTIER DE LA VILLE DE YAOUNDE
4,4,4,4,4,llama3.1:8b,data_pmus_yaounde,q1_1_a,Agent_122,ABIT
4,4,3,4,3,llama3.1:8b,data_pmus_yaounde,q1_1_b,Agent_122,TKC
4,4,3,4,3,llama3.1:8b,data_pmus_yaounde,q1_1_c,Agent_122,AFANOYA
5,4,4,4,4,llama3.1:8b,data_pmus_yaounde,q1_2,Agent_122,UN QUARTIER DE LA VILLE DE YAOUNDE
4,4,4,4,4,llama3.1:8b,data_pmus_yaounde,q1_2_a,Agent_122,ABOM
4,4,3,4,3,llama3.1:8b,data_pmus_yaounde,q1_2_b,Agent_122,TKC
4,4,3,4,3,llama3.1:8b,data_pmus_yaounde,q1_3_c,Agent_122,YAOUNDE
4,3,4,4,3,llama3.1:8b,data_pmus_yaounde,q2_1,Agent_122,A PIED
4,4,3,4,3,llama3.1:8b,data_pmus_yaounde,q2_2_1,Agent_122,TKC
4,4,3,4,3,llama3.1:8b,data_pmus_yaounde,q2_2_2,Agent_122,ENTREE SIMBOCK
4,4,3,4,3,llama3.1:8b,data_pmus_yaounde,q2_3_1,Agent_122,ENTREE SIMBOCK
4,4,3,4,3,llama3.1:8b,data_pmus_yaounde,q2_3_2,Agent_122,ENTREE SIMBOCK
5,4,4,4,4,llama3.1:8b,data_pmus_yaounde,q2_3,Agent_122,OUI
4,4,3,4,3,llama3.1:8b,data_pmus_yaounde,q2_4,Agent_122,PAR BUS STACY
4,4,3,4,3,llama3.1:8b,data_pmus_yaounde,q2_5_1,Agent_122,TKC
4,4,3,4,3,llama3.1:8b,data_pmus_yaounde,q2_5_2,Agent_122,0MPHINE
4,4,3,4,3,llama3.1:8b,data_pmus_yaounde,q2_6_1,Agent_122,SIMBOC
4,4,3,4,3,llama3.1:8b,data_pmus_yaounde,q2_6_2,Agent_122,11EME ARRET
4,4,3,4,4,llama3.1:8b,data_pmus_yaounde,q3_1,Agent_122,OUI
4,3,4,4,3,llama3.1:8b,data_pmus_yaounde,q3_2,Agent_122,PAR BUS STACY
4,4,4,4,4,llama3.1:8b,data_pmus_yaounde,q3_3_1,Agent_122,SIMBICK
4,4,3,4,3,llama3.1:8b,data_pmus_yaounde,q3_3_2,Agent_122,10 IEME ARRET
5,4,2,5,2,llama3.1:8b,data_pmus_yaounde,q4_1_a,Agent_122,Veuillez indiquer depuis combien de temps vous attendez.
4,3,4,4,4,llama3.1:8b,data_pmus_yaounde,q4_1_b,Agent_122,10 20 MINUTES
5,4,2,5,2,llama3.1:8b,data_pmus_yaounde,q4_2_a,Agent_122,Veuillez indiquer depuis combien de temps vous attendez.
4,4,4,4,4,llama3.1:8b,data_pmus_yaounde,q4_2_b,Agent_122,15 30 MIN
4,4,4,4,4,llama3.1:8b,data_pmus_yaounde,q4_3,Agent_122,2900
4,3,4,4,4,llama3.1:8b,data_pmus_yaounde,q4_4,Agent_122,COURSES
3,3,4,4,3,llama3.1:8b,data_pmus_yaounde,q4_4_autres,Agent_122,COURS
5,3,4,4,4,llama3.1:8b,data_pmus_yaounde,q5_1,Agent_122,MOINS DE 18 ANS
5,3,3,4,4,llama3.1:8b,data_pmus_yaounde,q5_2,Agent_122,ENTRE 30 001 ET 100 000
5,4,4,4,4,llama3.1:8b,data_pmus_yaounde,q5_3,Agent_122,HOMME
4,4,3,4,3,llama3.1:8b,data_pmus_yaounde,centre ville,Agent_123,YAOUNDE
5,4,4,4,4,llama3.1:8b,data_pmus_yaounde,q1_1,Agent_123,UN QUARTIER DE LA VILLE DE YAOUNDE
4,4,4,4,4,llama3.1:8b,data_pmus_yaounde,q1_1_a,Agent_123,ACACIA
4,4,3,4,3,llama3.1:8b,data_pmus_yaounde,q1_1_b,Agent_123,REGIE
4,4,3,4,3,llama3.1:8b,data_pmus_yaounde,q1_1_c,Agent_123,AFANOYA
5,4,4,4,4,llama3.1:8b,data_pmus_yaounde,q1_2,Agent_123,UN QUARTIER DE LA VILLE DE YAOUNDE
4,4,4,4,4,llama3.1:8b,data_pmus_yaounde,q1_2_a,Agent_123,ACACIA
4,4,3,4,3,llama3.1:8b,data_pmus_yaounde,q1_2_b,Agent_123,ACACIA
4,4,3,4,3,llama3.1:8b,data_pmus_yaounde,q1_3_c,Agent_123,YAOUNDE
4,3,4,4,3,llama3.1:8b,data_pmus_yaounde,q2_1,Agent_123,A PIED
4,4,3,4,3,llama3.1:8b,data_pmus_yaounde,q2_2_1,Agent_123,DERRIERE LE CAMP
4,4,3,4,3,llama3.1:8b,data_pmus_yaounde,q2_2_2,Agent_123,ACACIA
4,4,3,4,3,llama3.1:8b,data_pmus_yaounde,q2_3_1,Agent_123,ACACIA
4,4,3,4,3,llama3.1:8b,data_pmus_yaounde,q2_3_2,Agent_123,ACACIA
5,4,4,4,4,llama3.1:8b,data_pmus_yaounde,q2_3,Agent_123,NON
4,4,3,4,3,llama3.1:8b,data_pmus_yaounde,q2_4,Agent_123,PAR BUS STACY
4,4,3,4,3,llama3.1:8b,data_pmus_yaounde,q2_5_1,Agent_123,ACACIA
4,4,3,4,3,llama3.1:8b,data_pmus_yaounde,q2_5_2,Agent_123,ACACIA
4,4,3,4,3,llama3.1:8b,data_pmus_yaounde,q2_6_1,Agent_123,ACACIA
4,4,3,4,3,llama3.1:8b,data_pmus_yaounde,q2_6_2,Agent_123,ACACIA
4,4,3,4,4,llama3.1:8b,data_pmus_yaounde,q3_1,Agent_123,NON
4,3,4,4,3,llama3.1:8b,data_pmus_yaounde,q3_2,Agent_123,PAR BUS STACY
4,4,4,4,4,llama3.1:8b,data_pmus_yaounde,q3_3_1,Agent_123,ACACIA
4,4,3,4,3,llama3.1:8b,data_pmus_yaounde,q3_3_2,Agent_123,ACACIA
5,4,2,5,2,llama3.1:8b,data_pmus_yaounde,q4_1_a,Agent_123,Veuillez indiquer depuis combien de temps vous attendez.
4,3,4,4,4,llama3.1:8b,data_pmus_yaounde,q4_1_b,Agent_123,10 20 MINUTES
5,4,2,5,2,llama3.1:8b,data_pmus_yaounde,q4_2_a,Agent_123,Veuillez indiquer depuis combien de temps vous attendez.
4,4,4,4,4,llama3.1:8b,data_pmus_yaounde,q4_2_b,Agent_123,15 30 MIN
4,4,4,4,4,llama3.1:8b,data_pmus_yaounde,q4_3,Agent_123,1000
4,3,4,4,4,llama3.1:8b,data_pmus_yaounde,q4_4,Agent_123,TRAVAIL
3,3,4,4,3,llama3.1:8b,data_pmus_yaounde,q4_4_autres,Agent_123,COMMERCE
5,3,4,4,4,llama3.1:8b,data_pmus_yaounde,q5_1,Agent_123,ENTRE 36 ET 45 ANS
5,3,3,4,4,llama3.1:8b,data_pmus_yaounde,q5_2,Agent_123,ENTRE 30 001 ET 100 000
5,4,4,4,4,llama3.1:8b,data_pmus_yaounde,q5_3,Agent_123,HOMME
4,4,3,4,3,llama3.1:8b,data_pmus_yaounde,centre ville,Agent_124,YAOUNDE
5,4,4,4,4,llama3.1:8b,data_pmus_yaounde,q1_1,Agent_124,UN QUARTIER DE LA VILLE DE YAOUNDE
4,4,4,4,4,llama3.1:8b,data_pmus_yaounde,q1_1_a,Agent_124,BARRIERE
4,4,3,4,3,llama3.1:8b,data_pmus_yaounde,q1_1_b,Agent_124,10EME ARRET
4,4,3,4,3,llama3.1:8b,data_pmus_yaounde,q1_1_c,Agent_124,AFANOYA
5,4,4,4,4,llama3.1:8b,data_pmus_yaounde,q1_2,Agent_124,UN QUARTIER DE LA VILLE DE YAOUNDE
4,4,4,4,4,llama3.1:8b,data_pmus_yaounde,q1_2_a,Agent_124,MVOG ABAN
4,4,3,4,3,llama3.1:8b,data_pmus_yaounde,q1_2_b,Agent_124,MVOG ABAN
4,4,3,4,3,llama3.1:8b,data_pmus_yaounde,q1_3_c,Agent_124,DOUALA
4,3,4,4,3,llama3.1:8b,data_pmus_yaounde,q2_1,Agent_124,PAR BUS STACY
4,4,3,4,3,llama3.1:8b,data_pmus_yaounde,q2_2_1,Agent_124,EDOUGUEBE
4,4,3,4,3,llama3.1:8b,data_pmus_yaounde,q2_2_2,Agent_124,10 E ARRET
4,4,3,4,3,llama3.1:8b,data_pmus_yaounde,q2_3_1,Agent_124,MVOLYE
4,4,3,4,3,llama3.1:8b,data_pmus_yaounde,q2_3_2,Agent_124,0NANA
5,4,4,4,4,llama3.1:8b,data_pmus_yaounde,q2_3,Agent_124,NON
4,4,3,4,3,llama3.1:8b,data_pmus_yaounde,q2_4,Agent_124,PAR BUS STACY
4,4,3,4,3,llama3.1:8b,data_pmus_yaounde,q2_5_1,Agent_124,A B0NAS
4,4,3,4,3,llama3.1:8b,data_pmus_yaounde,q2_5_2,Agent_124,SAFARI
4,4,3,4,3,llama3.1:8b,data_pmus_yaounde,q2_6_1,Agent_124,BARRIERE
4,4,3,4,3,llama3.1:8b,data_pmus_yaounde,q2_6_2,Agent_124,BARRIERE
4,4,3,4,4,llama3.1:8b,data_pmus_yaounde,q3_1,Agent_124,NON
4,3,4,4,3,llama3.1:8b,data_pmus_yaounde,q3_2,Agent_124,PAR BUS AGENCE INTERURBAIN
4,4,4,4,4,llama3.1:8b,data_pmus_yaounde,q3_3_1,Agent_124,BARRIERE
4,4,3,4,3,llama3.1:8b,data_pmus_yaounde,q3_3_2,Agent_124,BARRIERE
5,4,2,5,2,llama3.1:8b,data_pmus_yaounde,q4_1_a,Agent_124,Veuillez indiquer depuis combien de temps vous attendez.
4,3,4,4,4,llama3.1:8b,data_pmus_yaounde,q4_1_b,Agent_124,10 20 MINUTES
5,4,2,5,2,llama3.1:8b,data_pmus_yaounde,q4_2_a,Agent_124,Veuillez indiquer depuis combien de temps vous attendez.
4,4,4,4,4,llama3.1:8b,data_pmus_yaounde,q4_2_b,Agent_124,15 30 MIN
4,4,4,4,4,llama3.1:8b,data_pmus_yaounde,q4_3,Agent_124,1300
4,3,4,4,4,llama3.1:8b,data_pmus_yaounde,q4_4,Agent_124,COURSES
3,3,4,4,3,llama3.1:8b,data_pmus_yaounde,q4_4_autres,Agent_124,COURS
5,3,4,4,4,llama3.1:8b,data_pmus_yaounde,q5_1,Agent_124,ENTRE 18 ET 25 ANS
5,3,3,4,4,llama3.1:8b,data_pmus_yaounde,q5_2,Agent_124,ENTRE 30 001 ET 100 000
5,4,4,4,4,llama3.1:8b,data_pmus_yaounde,q5_3,Agent_124,FEMME
4,4,3,4,3,llama3.1:8b,data_pmus_yaounde,centre ville,Agent_125,YAOUNDE
5,4,4,4,4,llama3.1:8b,data_pmus_yaounde,q1_1,Agent_125,UN QUARTIER DE LA VILLE DE YAOUNDE
4,4,4,4,4,llama3.1:8b,data_pmus_yaounde,q1_1_a,Agent_125,MENDONG
4,4,3,4,3,llama3.1:8b,data_pmus_yaounde,q1_1_b,Agent_125,NKOLAFAMBA
4,4,3,4,3,llama3.1:8b,data_pmus_yaounde,q1_1_c,Agent_125,AFANOYA
5,4,4,4,4,llama3.1:8b,data_pmus_yaounde,q1_2,Agent_125,UN QUARTIER DE LA VILLE DE YAOUNDE
4,4,4,4,4,llama3.1:8b,data_pmus_yaounde,q1_2_a,Agent_125,SIMBOCK
4,4,3,4,3,llama3.1:8b,data_pmus_yaounde,q1_2_b,Agent_125,10 IEME ARRET
4,4,3,4,3,llama3.1:8b,data_pmus_yaounde,q1_3_c,Agent_125,YAOUNDE
4,3,4,4,3,llama3.1:8b,data_pmus_yaounde,q2_1,Agent_125,PAR BUS STACY
4,4,3,4,3,llama3.1:8b,data_pmus_yaounde,q2_2_1,Agent_125,SIMBOCK
4,4,3,4,3,llama3.1:8b,data_pmus_yaounde,q2_2_2,Agent_125,SUPER CONFORT
4,4,3,4,3,llama3.1:8b,data_pmus_yaounde,q2_3_1,Agent_125,MENDONG
4,4,3,4,3,llama3.1:8b,data_pmus_yaounde,q2_3_2,Agent_125,0NANA
5,4,4,4,4,llama3.1:8b,data_pmus_yaounde,q2_3,Agent_125,NON
4,4,3,4,3,llama3.1:8b,data_pmus_yaounde,q2_4,Agent_125,PAR BUS STACY
4,4,3,4,3,llama3.1:8b,data_pmus_yaounde,q2_5_1,Agent_125,MENDONG
4,4,3,4,3,llama3.1:8b,data_pmus_yaounde,q2_5_2,Agent_125,MENDONG
4,4,3,4,3,llama3.1:8b,data_pmus_yaounde,q2_6_1,Agent_125,MENDONG
4,4,3,4,3,llama3.1:8b,data_pmus_yaounde,q2_6_2,Agent_125,MENDONG
4,4,3,4,4,llama3.1:8b,data_pmus_yaounde,q3_1,Agent_125,NON
4,3,4,4,3,llama3.1:8b,data_pmus_yaounde,q3_2,Agent_125,PAR BUS AGENCE INTERURBAIN
4,4,4,4,4,llama3.1:8b,data_pmus_yaounde,q3_3_1,Agent_125,SIKBOCK
4,4,3,4,3,llama3.1:8b,data_pmus_yaounde,q3_3_2,Agent_125,MENDONG
5,4,2,5,2,llama3.1:8b,data_pmus_yaounde,q4_1_a,Agent_125,Veuillez indiquer depuis combien de temps vous attendez.
4,3,4,4,4,llama3.1:8b,data_pmus_yaounde,q4_1_b,Agent_125,10 20 MINUTES
5,4,2,5,2,llama3.1:8b,data_pmus_yaounde,q4_2_a,Agent_125,Veuillez indiquer depuis combien de temps vous attendez.
4,4,4,4,4,llama3.1:8b,data_pmus_yaounde,q4_2_b,Agent_125,15 30 MIN
4,4,4,4,4,llama3.1:8b,data_pmus_yaounde,q4_3,Agent_125,100
4,3,4,4,4,llama3.1:8b,data_pmus_yaounde,q4_4,Agent_125,TRAVAIL
3,3,4,4,3,llama3.1:8b,data_pmus_yaounde,q4_4_autres,Agent_125,ACHAT
5,3,4,4,4,llama3.1:8b,data_pmus_yaounde,q5_1,Agent_125,ENTRE 26 ET 35 ANS
5,3,3,4,4,llama3.1:8b,data_pmus_yaounde,q5_2,Agent_125,ENTRE 30 001 ET 100 000
5,4,4,4,4,llama3.1:8b,data_pmus_yaounde,q5_3,Agent_125,HOMME
4,4,3,4,3,llama3.1:8b,data_pmus_yaounde,centre ville,Agent_126,YAOUNDE
5,4,4,4,4,llama3.1:8b,data_pmus_yaounde,q1_1,Agent_126,UN QUARTIER DE LA VILLE DE YAOUNDE
4,4,4,4,4,llama3.1:8b,data_pmus_yaounde,q1_1_a,Agent_126,EYEGUE
4,4,3,4,3,llama3.1:8b,data_pmus_yaounde,q1_1_b,Agent_126,10EME ARRET
4,4,3,4,3,llama3.1:8b,data_pmus_yaounde,q1_1_c,Agent_126,AFANOYA
5,4,4,4,4,llama3.1:8b,data_pmus_yaounde,q1_2,Agent_126,UN QUARTIER DE LA VILLE DE YAOUNDE
4,4,4,4,4,llama3.1:8b,data_pmus_yaounde,q1_2_a,Agent_126,NKOLANGA
4,4,3,4,3,llama3.1:8b,data_pmus_yaounde,q1_2_b,Agent_126,ROND POINT
4,4,3,4,3,llama3.1:8b,data_pmus_yaounde,q1_3_c,Agent_126,YAOUNDE
4,3,4,4,3,llama3.1:8b,data_pmus_yaounde,q2_1,Agent_126,PAR CARGO MINI BUS
4,4,3,4,3,llama3.1:8b,data_pmus_yaounde,q2_2_1,Agent_126,2 CHEVEAU
4,4,3,4,3,llama3.1:8b,data_pmus_yaounde,q2_2_2,Agent_126,ROND POINT
4,4,3,4,3,llama3.1:8b,data_pmus_yaounde,q2_3_1,Agent_126,EKOUMOU
4,4,3,4,3,llama3.1:8b,data_pmus_yaounde,q2_3_2,Agent_126,0NANA
5,4,4,4,4,llama3.1:8b,data_pmus_yaounde,q2_3,Agent_126,NON
4,4,3,4,3,llama3.1:8b,data_pmus_yaounde,q2_4,Agent_126,PAR TAXI
4,4,3,4,3,llama3.1:8b,data_pmus_yaounde,q2_5_1,Agent_126,NKOMO
4,4,3,4,3,llama3.1:8b,data_pmus_yaounde,q2_5_2,Agent_126,0MPHINE
4,4,3,4,3,llama3.1:8b,data_pmus_yaounde,q2_6_1,Agent_126,NKOMO
4,4,3,4,3,llama3.1:8b,data_pmus_yaounde,q2_6_2,Agent_126,11EME ARRET
4,4,3,4,4,llama3.1:8b,data_pmus_yaounde,q3_1,Agent_126,NON
4,3,4,4,3,llama3.1:8b,data_pmus_yaounde,q3_2,Agent_126,PAR TAXI
4,4,4,4,4,llama3.1:8b,data_pmus_yaounde,q3_3_1,Agent_126,EKOUNOU
4,4,3,4,3,llama3.1:8b,data_pmus_yaounde,q3_3_2,Agent_126,10 IEME ARRET
5,4,2,5,2,llama3.1:8b,data_pmus_yaounde,q4_1_a,Agent_126,Veuillez indiquer depuis combien de temps vous attendez.
4,3,4,4,4,llama3.1:8b,data_pmus_yaounde,q4_1_b,Agent_126,10 20 MINUTES
5,4,2,5,2,llama3.1:8b,data_pmus_yaounde,q4_2_a,Agent_126,Veuillez indiquer depuis combien de temps vous attendez.
4,4,4,4,4,llama3.1:8b,data_pmus_yaounde,q4_2_b,Agent_126,15 30 MIN
4,4,4,4,4,llama3.1:8b,data_pmus_yaounde,q4_3,Agent_126,3500
4,3,4,4,4,llama3.1:8b,data_pmus_yaounde,q4_4,Agent_126,TRAVAIL
3,3,4,4,3,llama3.1:8b,data_pmus_yaounde,q4_4_autres,Agent_126,ACHAT
5,3,4,4,4,llama3.1:8b,data_pmus_yaounde,q5_1,Agent_126,ENTRE 26 ET 35 ANS
5,3,3,4,4,llama3.1:8b,data_pmus_yaounde,q5_2,Agent_126,ENTRE 30 001 ET 100 000
5,4,4,4,4,llama3.1:8b,data_pmus_yaounde,q5_3,Agent_126,HOMME
4,4,3,4,3,llama3.1:8b,data_pmus_yaounde,centre ville,Agent_127,YAOUNDE
5,4,4,4,4,llama3.1:8b,data_pmus_yaounde,q1_1,Agent_127,UN QUARTIER DE LA VILLE DE YAOUNDE
4,4,4,4,4,llama3.1:8b,data_pmus_yaounde,q1_1_a,Agent_127,NSIMALEN
4,4,3,4,3,llama3.1:8b,data_pmus_yaounde,q1_1_b,Agent_127,10EME ARRET
4,4,3,4,3,llama3.1:8b,data_pmus_yaounde,q1_1_c,Agent_127,AFANOYA
5,4,4,4,4,llama3.1:8b,data_pmus_yaounde,q1_2,Agent_127,UN QUARTIER DE LA VILLE DE YAOUNDE
4,4,4,4,4,llama3.1:8b,data_pmus_yaounde,q1_2_a,Agent_127,NSIMALEN
4,4,3,4,3,llama3.1:8b,data_pmus_yaounde,q1_2_b,Agent_127,NSIMALEN
4,4,3,4,3,llama3.1:8b,data_pmus_yaounde,q1_3_c,Agent_127,YAOUNDE
4,3,4,4,3,llama3.1:8b,data_pmus_yaounde,q2_1,Agent_127,PAR BUS STACY
4,4,3,4,3,llama3.1:8b,data_pmus_yaounde,q2_2_1,Agent_127,2 CHEVEAU
4,4,3,4,3,llama3.1:8b,data_pmus_yaounde,q2_2_2,Agent_127,RAIL
4,4,3,4,3,llama3.1:8b,data_pmus_yaounde,q2_3_1,Agent_127,NKOLBISSON
4,4,3,4,3,llama3.1:8b,data_pmus_yaounde,q2_3_2,Agent_127,NKOLBISSON
5,4,4,4,4,llama3.1:8b,data_pmus_yaounde,q2_3,Agent_127,NON
4,4,3,4,3,llama3.1:8b,data_pmus_yaounde,q2_4,Agent_127,PAR BUS STACY
4,4,3,4,3,llama3.1:8b,data_pmus_yaounde,q2_5_1,Agent_127,NKOLBISSON
4,4,3,4,3,llama3.1:8b,data_pmus_yaounde,q2_5_2,Agent_127,ANGE ROUGE
4,4,3,4,3,llama3.1:8b,data_pmus_yaounde,q2_6_1,Agent_127,NKOLBISSON
4,4,3,4,3,llama3.1:8b,data_pmus_yaounde,q2_6_2,Agent_127,NKOLBISSON
4,4,3,4,4,llama3.1:8b,data_pmus_yaounde,q3_1,Agent_127,NON
4,3,4,4,3,llama3.1:8b,data_pmus_yaounde,q3_2,Agent_127,PAR BUS AGENCE INTERURBAIN
4,4,4,4,4,llama3.1:8b,data_pmus_yaounde,q3_3_1,Agent_127,NKOLBISSON
4,4,3,4,3,llama3.1:8b,data_pmus_yaounde,q3_3_2,Agent_127,10 IEME ARRET
5,4,2,5,2,llama3.1:8b,data_pmus_yaounde,q4_1_a,Agent_127,Veuillez indiquer depuis combien de temps vous attendez.
4,3,4,4,4,llama3.1:8b,data_pmus_yaounde,q4_1_b,Agent_127,10 20 MINUTES
5,4,2,5,2,llama3.1:8b,data_pmus_yaounde,q4_2_a,Agent_127,Veuillez indiquer depuis combien de temps vous attendez.
4,4,4,4,4,llama3.1:8b,data_pmus_yaounde,q4_2_b,Agent_127,15 30 MIN
4,4,4,4,4,llama3.1:8b,data_pmus_yaounde,q4_3,Agent_127,1850
4,3,4,4,4,llama3.1:8b,data_pmus_yaounde,q4_4,Agent_127,TRAVAIL
3,3,4,4,3,llama3.1:8b,data_pmus_yaounde,q4_4_autres,Agent_127,ACHAT
5,3,4,4,4,llama3.1:8b,data_pmus_yaounde,q5_1,Agent_127,ENTRE 18 ET 25 ANS
5,3,3,4,4,llama3.1:8b,data_pmus_yaounde,q5_2,Agent_127,ENTRE 30 001 ET 100 000
5,4,4,4,4,llama3.1:8b,data_pmus_yaounde,q5_3,Agent_127,HOMME
4,4,3,4,3,llama3.1:8b,data_pmus_yaounde,centre ville,Agent_128,YAOUNDE
5,4,4,4,4,llama3.1:8b,data_pmus_yaounde,q1_1,Agent_128,UN QUARTIER DE LA VILLE DE YAOUNDE
4,4,4,4,4,llama3.1:8b,data_pmus_yaounde,q1_1_a,Agent_128,BARRIERE
4,4,3,4,3,llama3.1:8b,data_pmus_yaounde,q1_1_b,Agent_128,ENTREE ROSIERE
4,4,3,4,3,llama3.1:8b,data_pmus_yaounde,q1_1_c,Agent_128,AFANOYA
5,4,4,4,4,llama3.1:8b,data_pmus_yaounde,q1_2,Agent_128,UN QUARTIER DE LA VILLE DE YAOUNDE
4,4,4,4,4,llama3.1:8b,data_pmus_yaounde,q1_2_a,Agent_128,BARRIERE
4,4,3,4,3,llama3.1:8b,data_pmus_yaounde,q1_2_b,Agent_128,10 IEME ARRET
4,4,3,4,3,llama3.1:8b,data_pmus_yaounde,q1_3_c,Agent_128,DOUALA
4,3,4,4,3,llama3.1:8b,data_pmus_yaounde,q2_1,Agent_128,PAR BUS STACY
4,4,3,4,3,llama3.1:8b,data_pmus_yaounde,q2_2_1,Agent_128,CARREFOUR MEEC
4,4,3,4,3,llama3.1:8b,data_pmus_yaounde,q2_2_2,Agent_128,10 E ARRET
4,4,3,4,3,llama3.1:8b,data_pmus_yaounde,q2_3_1,Agent_128,BARRIERE
4,4,3,4,3,llama3.1:8b,data_pmus_yaounde,q2_3_2,Agent_128,BARRIERE
5,4,4,4,4,llama3.1:8b,data_pmus_yaounde,q2_3,Agent_128,NON
4,4,3,4,3,llama3.1:8b,data_pmus_yaounde,q2_4,Agent_128,PAR BUS STACY
4,4,3,4,3,llama3.1:8b,data_pmus_yaounde,q2_5_1,Agent_128,CARREFOUR REGI
4,4,3,4,3,llama3.1:8b,data_pmus_yaounde,q2_5_2,Agent_128,0MPHINE
4,4,3,4,3,llama3.1:8b,data_pmus_yaounde,q2_6_1,Agent_128,ABATTOIR
4,4,3,4,3,llama3.1:8b,data_pmus_yaounde,q2_6_2,Agent_128,11EME ARRET
4,4,3,4,4,llama3.1:8b,data_pmus_yaounde,q3_1,Agent_128,NON
4,3,4,4,3,llama3.1:8b,data_pmus_yaounde,q3_2,Agent_128,PAR BUS STACY
4,4,4,4,4,llama3.1:8b,data_pmus_yaounde,q3_3_1,Agent_128,CARRIERE
4,4,3,4,3,llama3.1:8b,data_pmus_yaounde,q3_3_2,Agent_128,CARRECOUR
5,4,2,5,2,llama3.1:8b,data_pmus_yaounde,q4_1_a,Agent_128,Veuillez indiquer depuis combien de temps vous attendez.
4,3,4,4,4,llama3.1:8b,data_pmus_yaounde,q4_1_b,Agent_128,MOINS DE 5 MIN
5,4,2,5,2,llama3.1:8b,data_pmus_yaounde,q4_2_a,Agent_128,Veuillez indiquer depuis combien de temps vous attendez.
4,4,4,4,4,llama3.1:8b,data_pmus_yaounde,q4_2_b,Agent_128,15 30 MIN
4,4,4,4,4,llama3.1:8b,data_pmus_yaounde,q4_3,Agent_128,1350
4,3,4,4,4,llama3.1:8b,data_pmus_yaounde,q4_4,Agent_128,TRAVAIL
3,3,4,4,3,llama3.1:8b,data_pmus_yaounde,q4_4_autres,Agent_128,ACHAT
5,3,4,4,4,llama3.1:8b,data_pmus_yaounde,q5_1,Agent_128,ENTRE 26 ET 35 ANS
5,3,3,4,4,llama3.1:8b,data_pmus_yaounde,q5_2,Agent_128,ENTRE 30 001 ET 100 000
5,4,4,4,4,llama3.1:8b,data_pmus_yaounde,q5_3,Agent_128,HOMME
4,4,3,4,3,llama3.1:8b,data_pmus_yaounde,centre ville,Agent_129,YAOUNDE
5,4,4,4,4,llama3.1:8b,data_pmus_yaounde,q1_1,Agent_129,UN QUARTIER DE LA VILLE DE YAOUNDE
4,4,4,4,4,llama3.1:8b,data_pmus_yaounde,q1_1_a,Agent_129,AYENE
4,4,3,4,3,llama3.1:8b,data_pmus_yaounde,q1_1_b,Agent_129,AYENE
4,4,3,4,3,llama3.1:8b,data_pmus_yaounde,q1_1_c,Agent_129,AFANOYA
5,4,4,4,4,llama3.1:8b,data_pmus_yaounde,q1_2,Agent_129,UN QUARTIER DE LA VILLE DE YAOUNDE
4,4,4,4,4,llama3.1:8b,data_pmus_yaounde,q1_2_a,Agent_129,AFANOYA
4,4,3,4,3,llama3.1:8b,data_pmus_yaounde,q1_2_b,Agent_129,10 IEME ARRET
4,4,3,4,3,llama3.1:8b,data_pmus_yaounde,q1_3_c,Agent_129,AFANOYA
4,3,4,4,3,llama3.1:8b,data_pmus_yaounde,q2_1,Agent_129,PAR BUS STACY
4,4,3,4,3,llama3.1:8b,data_pmus_yaounde,q2_2_1,Agent_129,MVOG MBI
4,4,3,4,3,llama3.1:8b,data_pmus_yaounde,q2_2_2,Agent_129,MVOG MBI
4,4,3,4,3,llama3.1:8b,data_pmus_yaounde,q2_3_1,Agent_129,MVOG MBI
4,4,3,4,3,llama3.1:8b,data_pmus_yaounde,q2_3_2,Agent_129,MVOG MBI
5,4,4,4,4,llama3.1:8b,data_pmus_yaounde,q2_3,Agent_129,NON
4,4,3,4,3,llama3.1:8b,data_pmus_yaounde,q2_4,Agent_129,PAR BUS STACY
4,4,3,4,3,llama3.1:8b,data_pmus_yaounde,q2_5_1,Agent_129,MVOG MBI
4,4,3,4,3,llama3.1:8b,data_pmus_yaounde,q2_5_2,Agent_129,0MPHINE
4,4,3,4,3,llama3.1:8b,data_pmus_yaounde,q2_6_1,Agent_129,MVOG MBI
4,4,3,4,3,llama3.1:8b,data_pmus_yaounde,q2_6_2,Agent_129,11EME ARRET
4,4,3,4,4,llama3.1:8b,data_pmus_yaounde,q3_1,Agent_129,NON
4,3,4,4,3,llama3.1:8b,data_pmus_yaounde,q3_2,Agent_129,PAR BUS STACY
4,4,4,4,4,llama3.1:8b,data_pmus_yaounde,q3_3_1,Agent_129,MVOG MBI
4,4,3,4,3,llama3.1:8b,data_pmus_yaounde,q3_3_2,Agent_129,10 IEME ARRET
5,4,2,5,2,llama3.1:8b,data_pmus_yaounde,q4_1_a,Agent_129,Veuillez indiquer depuis combien de temps vous attendez.
4,3,4,4,4,llama3.1:8b,data_pmus_yaounde,q4_1_b,Agent_129,10 20 MINUTES
5,4,2,5,2,llama3.1:8b,data_pmus_yaounde,q4_2_a,Agent_129,Veuillez indiquer depuis combien de temps vous attendez.
4,4,4,4,4,llama3.1:8b,data_pmus_yaounde,q4_2_b,Agent_129,15 30 MIN
4,4,4,4,4,llama3.1:8b,data_pmus_yaounde,q4_3,Agent_129,2800
4,3,4,4,4,llama3.1:8b,data_pmus_yaounde,q4_4,Agent_129,TRAVAIL
3,3,4,4,3,llama3.1:8b,data_pmus_yaounde,q4_4_autres,Agent_129,FAIRE DU MARCHE
5,3,4,4,4,llama3.1:8b,data_pmus_yaounde,q5_1,Agent_129,ENTRE 18 ET 25 ANS
5,3,3,4,4,llama3.1:8b,data_pmus_yaounde,q5_2,Agent_129,ENTRE 30 001 ET 100 000
5,4,4,4,4,llama3.1:8b,data_pmus_yaounde,q5_3,Agent_129,HOMME
4,4,3,4,3,llama3.1:8b,data_pmus_yaounde,centre ville,Agent_130,YAOUNDE
5,4,4,4,4,llama3.1:8b,data_pmus_yaounde,q1_1,Agent_130,UN QUARTIER DE LA VILLE DE YAOUNDE
4,4,4,4,4,llama3.1:8b,data_pmus_yaounde,q1_1_a,Agent_130,NGOUSSO
4,4,3,4,3,llama3.1:8b,data_pmus_yaounde,q1_1_b,Agent_130,NGOUSSO
4,4,3,4,3,llama3.1:8b,data_pmus_yaounde,q1_1_c,Agent_130,AFANOYA
5,4,4,4,4,llama3.1:8b,data_pmus_yaounde,q1_2,Agent_130,UN QUARTIER DE LA VILLE DE YAOUNDE
4,4,4,4,4,llama3.1:8b,data_pmus_yaounde,q1_2_a,Agent_130,CENTRE VILLE
4,4,3,4,3,llama3.1:8b,data_pmus_yaounde,q1_2_b,Agent_130,10 IEME ARRET
4,4,3,4,3,llama3.1:8b,data_pmus_yaounde,q1_3_c,Agent_130,AFANOYA
4,3,4,4,3,llama3.1:8b,data_pmus_yaounde,q2_1,Agent_130,PAR BUS STACY
4,4,3,4,3,llama3.1:8b,data_pmus_yaounde,q2_2_1,Agent_130,2 CHEVEAU
4,4,3,4,3,llama3.1:8b,data_pmus_yaounde,q2_2_2,Agent_130,LA GARE
4,4,3,4,3,llama3.1:8b,data_pmus_yaounde,q2_3_1,Agent_130,0LESOA
4,4,3,4,3,llama3.1:8b,data_pmus_yaounde,q2_3_2,Agent_130,0NANA
5,4,4,4,4,llama3.1:8b,data_pmus_yaounde,q2_3,Agent_130,NON
4,4,3,4,3,llama3.1:8b,data_pmus_yaounde,q2_4,Agent_130,PAR BUS STACY
4,4,3,4,3,llama3.1:8b,data_pmus_yaounde,q2_5_1,Agent_130,AVENUE KENNEDY
4,4,3,4,3,llama3.1:8b,data_pmus_yaounde,q2_5_2,Agent_130,AVENUE KENNEDY
4,4,3,4,3,llama3.1:8b,data_pmus_yaounde,q2_6_1,Agent_130,GARE
4,4,3,4,3,llama3.1:8b,data_pmus_yaounde,q2_6_2,Agent_130,11EME ARRET
4,4,3,4,4,llama3.1:8b,data_pmus_yaounde,q3_1,Agent_130,NON
4,3,4,4,3,llama3.1:8b,data_pmus_yaounde,q3_2,Agent_130,PAR BUS STACY
4,4,4,4,4,llama3.1:8b,data_pmus_yaounde,q3_3_1,Agent_130,ACACIA
4,4,3,4,3,llama3.1:8b,data_pmus_yaounde,q3_3_2,Agent_130,ACACIA
5,4,2,5,2,llama3.1:8b,data_pmus_yaounde,q4_1_a,Agent_130,Veuillez indiquer depuis combien de temps vous attendez.
4,3,4,4,4,llama3.1:8b,data_pmus_yaounde,q4_1_b,Agent_130,MOINS DE 5 MIN
5,4,2,5,2,llama3.1:8b,data_pmus_yaounde,q4_2_a,Agent_130,Veuillez indiquer depuis combien de temps vous attendez.
4,4,4,4,4,llama3.1:8b,data_pmus_yaounde,q4_2_b,Agent_130,15 30 MIN
4,4,4,4,4,llama3.1:8b,data_pmus_yaounde,q4_3,Agent_130,800
4,3,4,4,4,llama3.1:8b,data_pmus_yaounde,q4_4,Agent_130,TRAVAIL
3,3,4,4,3,llama3.1:8b,data_pmus_yaounde,q4_4_autres,Agent_130,ACHAT
5,3,4,4,4,llama3.1:8b,data_pmus_yaounde,q5_1,Agent_130,ENTRE 18 ET 25 ANS
5,3,3,4,4,llama3.1:8b,data_pmus_yaounde,q5_2,Agent_130,ENTRE 30 001 ET 100 000
5,4,4,4,4,llama3.1:8b,data_pmus_yaounde,q5_3,Agent_130,FEMME
4,4,3,4,3,llama3.1:8b,data_pmus_yaounde,centre ville,Agent_131,YAOUNDE
5,4,4,4,4,llama3.1:8b,data_pmus_yaounde,q1_1,Agent_131,UN QUARTIER DE LA VILLE DE YAOUNDE
4,4,4,4,4,llama3.1:8b,data_pmus_yaounde,q1_1_a,Agent_131,NKOLMESSENG
4,4,3,4,3,llama3.1:8b,data_pmus_yaounde,q1_1_b,Agent_131,NOUNOUS
4,4,3,4,3,llama3.1:8b,data_pmus_yaounde,q1_1_c,Agent_131,AFANOYA
5,4,4,4,4,llama3.1:8b,data_pmus_yaounde,q1_2,Agent_131,UN QUARTIER DE LA VILLE DE YAOUNDE
4,4,4,4,4,llama3.1:8b,data_pmus_yaounde,q1_2_a,Agent_131,ABOM
4,4,3,4,3,llama3.1:8b,data_pmus_yaounde,q1_2_b,Agent_131,NOUNOUS
4,4,3,4,3,llama3.1:8b,data_pmus_yaounde,q1_3_c,Agent_131,YAOUNDE
4,3,4,4,3,llama3.1:8b,data_pmus_yaounde,q2_1,Agent_131,PAR BUS STACY
4,4,3,4,3,llama3.1:8b,data_pmus_yaounde,q2_2_1,Agent_131,2 CHEVEAU
4,4,3,4,3,llama3.1:8b,data_pmus_yaounde,q2_2_2,Agent_131,KOLMESING
4,4,3,4,3,llama3.1:8b,data_pmus_yaounde,q2_3_1,Agent_131,0LESOA
4,4,3,4,3,llama3.1:8b,data_pmus_yaounde,q2_3_2,Agent_131,0NANA
5,4,4,4,4,llama3.1:8b,data_pmus_yaounde,q2_3,Agent_131,NON
4,4,3,4,3,llama3.1:8b,data_pmus_yaounde,q2_4,Agent_131,PAR BUS STACY
4,4,3,4,3,llama3.1:8b,data_pmus_yaounde,q2_5_1,Agent_131,A B0NAS
4,4,3,4,3,llama3.1:8b,data_pmus_yaounde,q2_5_2,Agent_131,0MPHINE
4,4,3,4,3,llama3.1:8b,data_pmus_yaounde,q2_6_1,Agent_131,CENTRE VILLE
4,4,3,4,3,llama3.1:8b,data_pmus_yaounde,q2_6_2,Agent_131,CENTRE VILLE
4,4,3,4,4,llama3.1:8b,data_pmus_yaounde,q3_1,Agent_131,NON
4,3,4,4,3,llama3.1:8b,data_pmus_yaounde,q3_2,Agent_131,PAR BUS STACY
4,4,4,4,4,llama3.1:8b,data_pmus_yaounde,q3_3_1,Agent_131,NKOLMESSENG
4,4,3,4,3,llama3.1:8b,data_pmus_yaounde,q3_3_2,Agent_131,10 IEME ARRET
5,4,2,5,2,llama3.1:8b,data_pmus_yaounde,q4_1_a,Agent_131,Veuillez indiquer depuis combien de temps vous attendez.
4,3,4,4,4,llama3.1:8b,data_pmus_yaounde,q4_1_b,Agent_131,10 20 MINUTES
5,4,2,5,2,llama3.1:8b,data_pmus_yaounde,q4_2_a,Agent_131,Veuillez indiquer depuis combien de temps vous attendez.
4,4,4,4,4,llama3.1:8b,data_pmus_yaounde,q4_2_b,Agent_131,15 30 MIN
4,4,4,4,4,llama3.1:8b,data_pmus_yaounde,q4_3,Agent_131,10000
4,3,4,4,4,llama3.1:8b,data_pmus_yaounde,q4_4,Agent_131,VISITE FAMILLE
3,3,4,4,3,llama3.1:8b,data_pmus_yaounde,q4_4_autres,Agent_131,ACHAT
5,3,4,4,4,llama3.1:8b,data_pmus_yaounde,q5_1,Agent_131,ENTRE 18 ET 25 ANS
5,3,3,4,4,llama3.1:8b,data_pmus_yaounde,q5_2,Agent_131,ENTRE 30 001 ET 100 000
5,4,4,4,4,llama3.1:8b,data_pmus_yaounde,q5_3,Agent_131,FEMME
4,4,3,4,3,llama3.1:8b,data_pmus_yaounde,centre ville,Agent_132,YAOUNDE
5,4,4,4,4,llama3.1:8b,data_pmus_yaounde,q1_1,Agent_132,UN QUARTIER DE LA VILLE DE YAOUNDE
4,4,4,4,4,llama3.1:8b,data_pmus_yaounde,q1_1_a,Agent_132,ODZA
4,4,3,4,3,llama3.1:8b,data_pmus_yaounde,q1_1_b,Agent_132,LYCEEBILINGUE
4,4,3,4,3,llama3.1:8b,data_pmus_yaounde,q1_1_c,Agent_132,AFANOYA
5,4,4,4,4,llama3.1:8b,data_pmus_yaounde,q1_2,Agent_132,UN QUARTIER DE LA VILLE DE YAOUNDE
4,4,4,4,4,llama3.1:8b,data_pmus_yaounde,q1_2_a,Agent_132,ABOM
4,4,3,4,3,llama3.1:8b,data_pmus_yaounde,q1_2_b,Agent_132,10 IEME ARRET
4,4,3,4,3,llama3.1:8b,data_pmus_yaounde,q1_3_c,Agent_132,AFANOYA
4,3,4,4,3,llama3.1:8b,data_pmus_yaounde,q2_1,Agent_132,PAR BUS STACY
4,4,3,4,3,llama3.1:8b,data_pmus_yaounde,q2_2_1,Agent_132,ABOM
4,4,3,4,3,llama3.1:8b,data_pmus_yaounde,q2_2_2,Agent_132,10EME
4,4,3,4,3,llama3.1:8b,data_pmus_yaounde,q2_3_1,Agent_132,0LESOA
4,4,3,4,3,llama3.1:8b,data_pmus_yaounde,q2_3_2,Agent_132,0NANA
5,4,4,4,4,llama3.1:8b,data_pmus_yaounde,q2_3,Agent_132,NON
4,4,3,4,3,llama3.1:8b,data_pmus_yaounde,q2_4,Agent_132,PAR BUS STACY
4,4,3,4,3,llama3.1:8b,data_pmus_yaounde,q2_5_1,Agent_132,A B0NAS
4,4,3,4,3,llama3.1:8b,data_pmus_yaounde,q2_5_2,Agent_132,AKOA MARIA
4,4,3,4,3,llama3.1:8b,data_pmus_yaounde,q2_6_1,Agent_132,ABATTOIR
4,4,3,4,3,llama3.1:8b,data_pmus_yaounde,q2_6_2,Agent_132,GARE ROUTIERE
4,4,3,4,4,llama3.1:8b,data_pmus_yaounde,q3_1,Agent_132,NON
4,3,4,4,3,llama3.1:8b,data_pmus_yaounde,q3_2,Agent_132,PAR BUS STACY
4,4,4,4,4,llama3.1:8b,data_pmus_yaounde,q3_3_1,Agent_132,POLYTECHNIQUE
4,4,3,4,3,llama3.1:8b,data_pmus_yaounde,q3_3_2,Agent_132,POLYTECHNIQUE
5,4,2,5,2,llama3.1:8b,data_pmus_yaounde,q4_1_a,Agent_132,Veuillez indiquer depuis combien de temps vous attendez.
4,3,4,4,4,llama3.1:8b,data_pmus_yaounde,q4_1_b,Agent_132,MOINS DE 5 MIN
5,4,2,5,2,llama3.1:8b,data_pmus_yaounde,q4_2_a,Agent_132,Veuillez indiquer depuis combien de temps vous attendez.
4,4,4,4,4,llama3.1:8b,data_pmus_yaounde,q4_2_b,Agent_132,15 30 MIN
4,4,4,4,4,llama3.1:8b,data_pmus_yaounde,q4_3,Agent_132,450
4,3,4,4,4,llama3.1:8b,data_pmus_yaounde,q4_4,Agent_132,COURSES
3,3,4,4,3,llama3.1:8b,data_pmus_yaounde,q4_4_autres,Agent_132,COURS
5,3,4,4,4,llama3.1:8b,data_pmus_yaounde,q5_1,Agent_132,ENTRE 18 ET 25 ANS
5,3,3,4,4,llama3.1:8b,data_pmus_yaounde,q5_2,Agent_132,ENTRE 300 001 ET 500 000
5,4,4,4,4,llama3.1:8b,data_pmus_yaounde,q5_3,Agent_132,HOMME
4,4,3,4,3,llama3.1:8b,data_pmus_yaounde,centre ville,Agent_133,YAOUNDE
5,4,4,4,4,llama3.1:8b,data_pmus_yaounde,q1_1,Agent_133,UN QUARTIER DE LA VILLE DE YAOUNDE
4,4,4,4,4,llama3.1:8b,data_pmus_yaounde,q1_1_a,Agent_133,MFOU
4,4,3,4,3,llama3.1:8b,data_pmus_yaounde,q1_1_b,Agent_133,MFOU
4,4,3,4,3,llama3.1:8b,data_pmus_yaounde,q1_1_c,Agent_133,AFANOYA
5,4,4,4,4,llama3.1:8b,data_pmus_yaounde,q1_2,Agent_133,UN QUARTIER DE LA VILLE DE YAOUNDE
4,4,4,4,4,llama3.1:8b,data_pmus_yaounde,q1_2_a,Agent_133,MFOU
4,4,3,4,3,llama3.1:8b,data_pmus_yaounde,q1_2_b,Agent_133,MFOU
4,4,3,4,3,llama3.1:8b,data_pmus_yaounde,q1_3_c,Agent_133,MFOU
4,3,4,4,3,llama3.1:8b,data_pmus_yaounde,q2_1,Agent_133,A PIED
4,4,3,4,3,llama3.1:8b,data_pmus_yaounde,q2_2_1,Agent_133,COLLEGE DIRO
4,4,3,4,3,llama3.1:8b,data_pmus_yaounde,q2_2_2,Agent_133,10 E ARRET
4,4,3,4,3,llama3.1:8b,data_pmus_yaounde,q2_3_1,Agent_133,MFOU
4,4,3,4,3,llama3.1:8b,data_pmus_yaounde,q2_3_2,Agent_133,MFOU
5,4,4,4,4,llama3.1:8b,data_pmus_yaounde,q2_3,Agent_133,NON
4,4,3,4,3,llama3.1:8b,data_pmus_yaounde,q2_4,Agent_133,A PIED
4,4,3,4,3,llama3.1:8b,data_pmus_yaounde,q2_5_1,Agent_133,MFOU
4,4,3,4,3,llama3.1:8b,data_pmus_yaounde,q2_5_2,Agent_133,0MPHINE
4,4,3,4,3,llama3.1:8b,data_pmus_yaounde,q2_6_1,Agent_133,ABATTOIR
4,4,3,4,3,llama3.1:8b,data_pmus_yaounde,q2_6_2,Agent_133,11EME ARRET
4,4,3,4,4,llama3.1:8b,data_pmus_yaounde,q3_1,Agent_133,NON
4,3,4,4,3,llama3.1:8b,data_pmus_yaounde,q3_2,Agent_133,A PIED
4,4,4,4,4,llama3.1:8b,data_pmus_yaounde,q3_3_1,Agent_133,QUARTIER GL
4,4,3,4,3,llama3.1:8b,data_pmus_yaounde,q3_3_2,Agent_133,MARCHE EKOUNOU
5,4,2,5,2,llama3.1:8b,data_pmus_yaounde,q4_1_a,Agent_133,Veuillez indiquer depuis combien de temps vous attendez.
4,3,4,4,4,llama3.1:8b,data_pmus_yaounde,q4_1_b,Agent_133,MOINS DE 5 MIN
5,4,2,5,2,llama3.1:8b,data_pmus_yaounde,q4_2_a,Agent_133,Veuillez indiquer depuis combien de temps vous attendez.
4,4,4,4,4,llama3.1:8b,data_pmus_yaounde,q4_2_b,Agent_133,15 30 MIN
4,4,4,4,4,llama3.1:8b,data_pmus_yaounde,q4_3,Agent_133,1650
4,3,4,4,4,llama3.1:8b,data_pmus_yaounde,q4_4,Agent_133,TRAVAIL
3,3,4,4,3,llama3.1:8b,data_pmus_yaounde,q4_4_autres,Agent_133,ACHAT
5,3,4,4,4,llama3.1:8b,data_pmus_yaounde,q5_1,Agent_133,ENTRE 18 ET 25 ANS
5,3,3,4,4,llama3.1:8b,data_pmus_yaounde,q5_2,Agent_133,ENTRE 30 001 ET 100 000
5,4,4,4,4,llama3.1:8b,data_pmus_yaounde,q5_3,Agent_133,HOMME
4,4,3,4,3,llama3.1:8b,data_pmus_yaounde,centre ville,Agent_134,YAOUNDE
5,4,4,4,4,llama3.1:8b,data_pmus_yaounde,q1_1,Agent_134,UN QUARTIER DE LA VILLE DE YAOUNDE
4,4,4,4,4,llama3.1:8b,data_pmus_yaounde,q1_1_a,Agent_134,NKOLMESSENG
4,4,3,4,3,llama3.1:8b,data_pmus_yaounde,q1_1_b,Agent_134,NKOL ETONG
4,4,3,4,3,llama3.1:8b,data_pmus_yaounde,q1_1_c,Agent_134,AFANOYA
5,4,4,4,4,llama3.1:8b,data_pmus_yaounde,q1_2,Agent_134,UN QUARTIER DE LA VILLE DE YAOUNDE
4,4,4,4,4,llama3.1:8b,data_pmus_yaounde,q1_2_a,Agent_134,NKOLMESSENG
4,4,3,4,3,llama3.1:8b,data_pmus_yaounde,q1_2_b,Agent_134,10 IEME ARRET
4,4,3,4,3,llama3.1:8b,data_pmus_yaounde,q1_3_c,Agent_134,YAOUNDE
4,3,4,4,3,llama3.1:8b,data_pmus_yaounde,q2_1,Agent_134,A PIED
4,4,3,4,3,llama3.1:8b,data_pmus_yaounde,q2_2_1,Agent_134,LYCEEBILINGUE
4,4,3,4,3,llama3.1:8b,data_pmus_yaounde,q2_2_2,Agent_134,10 E ARRET
4,4,3,4,3,llama3.1:8b,data_pmus_yaounde,q2_3_1,Agent_134,0LESOA
4,4,3,4,3,llama3.1:8b,data_pmus_yaounde,q2_3_2,Agent_134,LYCEE
5,4,4,4,4,llama3.1:8b,data_pmus_yaounde,q2_3,Agent_134,NON
4,4,3,4,3,llama3.1:8b,data_pmus_yaounde,q2_4,Agent_134,A PIED
4,4,3,4,3,llama3.1:8b,data_pmus_yaounde,q2_5_1,Agent_134,NGOUMOU
4,4,3,4,3,llama3.1:8b,data_pmus_yaounde,q2_5_2,Agent_134,0MPHINE
4,4,3,4,3,llama3.1:8b,data_pmus_yaounde,q2_6_1,Agent_134,ABATTOIR
4,4,3,4,3,llama3.1:8b,data_pmus_yaounde,q2_6_2,Agent_134,11EME ARRET
4,4,3,4,4,llama3.1:8b,data_pmus_yaounde,q3_1,Agent_134,NON
4,3,4,4,3,llama3.1:8b,data_pmus_yaounde,q3_2,Agent_134,A PIED
4,4,4,4,4,llama3.1:8b,data_pmus_yaounde,q3_3_1,Agent_134,TREMINUS
4,4,3,4,3,llama3.1:8b,data_pmus_yaounde,q3_3_2,Agent_134,TREMINUS
5,4,2,5,2,llama3.1:8b,data_pmus_yaounde,q4_1_a,Agent_134,Veuillez indiquer depuis combien de temps vous attendez.
4,3,4,4,4,llama3.1:8b,data_pmus_yaounde,q4_1_b,Agent_134,MOINS DE 5 MIN
5,4,2,5,2,llama3.1:8b,data_pmus_yaounde,q4_2_a,Agent_134,Veuillez indiquer depuis combien de temps vous attendez.
4,4,4,4,4,llama3.1:8b,data_pmus_yaounde,q4_2_b,Agent_134,15 30 MIN
4,4,4,4,4,llama3.1:8b,data_pmus_yaounde,q4_3,Agent_134,240
4,3,4,4,4,llama3.1:8b,data_pmus_yaounde,q4_4,Agent_134,COURSES
3,3,4,4,3,llama3.1:8b,data_pmus_yaounde,q4_4_autres,Agent_134,FAIRE DES ACHATS
5,3,4,4,4,llama3.1:8b,data_pmus_yaounde,q5_1,Agent_134,ENTRE 18 ET 25 ANS
5,3,3,4,4,llama3.1:8b,data_pmus_yaounde,q5_2,Agent_134,ENTRE 30 001 ET 100 000
5,4,4,4,4,llama3.1:8b,data_pmus_yaounde,q5_3,Agent_134,HOMME
4,4,3,4,3,llama3.1:8b,data_pmus_yaounde,centre ville,Agent_135,YAOUNDE
5,4,4,4,4,llama3.1:8b,data_pmus_yaounde,q1_1,Agent_135,UN QUARTIER DE LA VILLE DE YAOUNDE
4,4,4,4,4,llama3.1:8b,data_pmus_yaounde,q1_1_a,Agent_135,DRAGAGE
4,4,3,4,3,llama3.1:8b,data_pmus_yaounde,q1_1_b,Agent_135,10EME ARRET
4,4,3,4,3,llama3.1:8b,data_pmus_yaounde,q1_1_c,Agent_135,AFANOYA
5,4,4,4,4,llama3.1:8b,data_pmus_yaounde,q1_2,Agent_135,UN QUARTIER DE LA VILLE DE YAOUNDE
4,4,4,4,4,llama3.1:8b,data_pmus_yaounde,q1_2_a,Agent_135,DRAGAGE
4,4,3,4,3,llama3.1:8b,data_pmus_yaounde,q1_2_b,Agent_135,10 IEME ARRET
4,4,3,4,3,llama3.1:8b,data_pmus_yaounde,q1_3_c,Agent_135,AFANOYA
4,3,4,4,3,llama3.1:8b,data_pmus_yaounde,q2_1,Agent_135,PAR BUS STACY
4,4,3,4,3,llama3.1:8b,data_pmus_yaounde,q2_2_1,Agent_135,CARREFOUR NGUEM
4,4,3,4,3,llama3.1:8b,data_pmus_yaounde,q2_2_2,Agent_135,10 E ARRET
4,4,3,4,3,llama3.1:8b,data_pmus_yaounde,q2_3_1,Agent_135,0LESOA
4,4,3,4,3,llama3.1:8b,data_pmus_yaounde,q2_3_2,Agent_135,0NANA
5,4,4,4,4,llama3.1:8b,data_pmus_yaounde,q2_3,Agent_135,NON
4,4,3,4,3,llama3.1:8b,data_pmus_yaounde,q2_4,Agent_135,PAR BUS STACY
4,4,3,4,3,llama3.1:8b,data_pmus_yaounde,q2_5_1,Agent_135,OLYMPIQUE
4,4,3,4,3,llama3.1:8b,data_pmus_yaounde,q2_5_2,Agent_135,0MPHINE
4,4,3,4,3,llama3.1:8b,data_pmus_yaounde,q2_6_1,Agent_135,ENTREE DECHARGE
4,4,3,4,3,llama3.1:8b,data_pmus_yaounde,q2_6_2,Agent_135,ENTREE DECHARGE NKOL FOULOU
4,4,3,4,4,llama3.1:8b,data_pmus_yaounde,q3_1,Agent_135,NON
4,3,4,4,3,llama3.1:8b,data_pmus_yaounde,q3_2,Agent_135,PAR BUS STACY
4,4,4,4,4,llama3.1:8b,data_pmus_yaounde,q3_3_1,Agent_135,DRAGAGE
4,4,3,4,3,llama3.1:8b,data_pmus_yaounde,q3_3_2,Agent_135,DRAGAGE
5,4,2,5,2,llama3.1:8b,data_pmus_yaounde,q4_1_a,Agent_135,Veuillez indiquer depuis combien de temps vous attendez.
4,3,4,4,4,llama3.1:8b,data_pmus_yaounde,q4_1_b,Agent_135,10 20 MINUTES
5,4,2,5,2,llama3.1:8b,data_pmus_yaounde,q4_2_a,Agent_135,Veuillez indiquer depuis combien de temps vous attendez.
4,4,4,4,4,llama3.1:8b,data_pmus_yaounde,q4_2_b,Agent_135,15 30 MIN
4,4,4,4,4,llama3.1:8b,data_pmus_yaounde,q4_3,Agent_135,350
4,3,4,4,4,llama3.1:8b,data_pmus_yaounde,q4_4,Agent_135,VISITE FAMILLE
3,3,4,4,3,llama3.1:8b,data_pmus_yaounde,q4_4_autres,Agent_135,ACHAT
5,3,4,4,4,llama3.1:8b,data_pmus_yaounde,q5_1,Agent_135,MOINS DE 18 ANS
5,3,3,4,4,llama3.1:8b,data_pmus_yaounde,q5_2,Agent_135,ENTRE 30 001 ET 100 000
5,4,4,4,4,llama3.1:8b,data_pmus_yaounde,q5_3,Agent_135,HOMME
4,4,3,4,3,llama3.1:8b,data_pmus_yaounde,centre ville,Agent_136,YAOUNDE
5,4,4,4,4,llama3.1:8b,data_pmus_yaounde,q1_1,Agent_136,UN QUARTIER DE LA VILLE DE YAOUNDE
4,4,4,4,4,llama3.1:8b,data_pmus_yaounde,q1_1_a,Agent_136,ABIT
4,4,3,4,3,llama3.1:8b,data_pmus_yaounde,q1_1_b,Agent_136,10EME ARRET
4,4,3,4,3,llama3.1:8b,data_pmus_yaounde,q1_1_c,Agent_136,AFANOYA
5,4,4,4,4,llama3.1:8b,data_pmus_yaounde,q1_2,Agent_136,UN QUARTIER DE LA VILLE DE YAOUNDE
4,4,4,4,4,llama3.1:8b,data_pmus_yaounde,q1_2_a,Agent_136,ELIG EDZOA
4,4,3,4,3,llama3.1:8b,data_pmus_yaounde,q1_2_b,Agent_136,ELIG EDZOA
4,4,3,4,3,llama3.1:8b,data_pmus_yaounde,q1_3_c,Agent_136,DOUALA
4,3,4,4,3,llama3.1:8b,data_pmus_yaounde,q2_1,Agent_136,PAR BUS STACY
4,4,3,4,3,llama3.1:8b,data_pmus_yaounde,q2_2_1,Agent_136,EMOMBO
4,4,3,4,3,llama3.1:8b,data_pmus_yaounde,q2_2_2,Agent_136,ENTREE SUD
4,4,3,4,3,llama3.1:8b,data_pmus_yaounde,q2_3_1,Agent_136,ELIG EDZOA
4,4,3,4,3,llama3.1:8b,data_pmus_yaounde,q2_3_2,Agent_136,0NANA
5,4,4,4,4,llama3.1:8b,data_pmus_yaounde,q2_3,Agent_136,NON
4,4,3,4,3,llama3.1:8b,data_pmus_yaounde,q2_4,Agent_136,PAR BUS STACY
4,4,3,4,3,llama3.1:8b,data_pmus_yaounde,q2_5_1,Agent_136,EMOMBO
4,4,3,4,3,llama3.1:8b,data_pmus_yaounde,q2_5_2,Agent_136,0MPHINE
4,4,3,4,3,llama3.1:8b,data_pmus_yaounde,q2_6_1,Agent_136,EMOMBO
4,4,3,4,3,llama3.1:8b,data_pmus_yaounde,q2_6_2,Agent_136,11EME ARRET
4,4,3,4,4,llama3.1:8b,data_pmus_yaounde,q3_1,Agent_136,NON
4,3,4,4,3,llama3.1:8b,data_pmus_yaounde,q3_2,Agent_136,PAR BUS STACY
4,4,4,4,4,llama3.1:8b,data_pmus_yaounde,q3_3_1,Agent_136,ELIG EDZOA
4,4,3,4,3,llama3.1:8b,data_pmus_yaounde,q3_3_2,Agent_136,ELIG EDZOA
5,4,2,5,2,llama3.1:8b,data_pmus_yaounde,q4_1_a,Agent_136,Veuillez indiquer depuis combien de temps vous attendez.
4,3,4,4,4,llama3.1:8b,data_pmus_yaounde,q4_1_b,Agent_136,10 20 MINUTES
5,4,2,5,2,llama3.1:8b,data_pmus_yaounde,q4_2_a,Agent_136,Veuillez indiquer depuis combien de temps vous attendez.
4,4,4,4,4,llama3.1:8b,data_pmus_yaounde,q4_2_b,Agent_136,15 30 MIN
4,4,4,4,4,llama3.1:8b,data_pmus_yaounde,q4_3,Agent_136,1200
4,3,4,4,4,llama3.1:8b,data_pmus_yaounde,q4_4,Agent_136,TRAVAIL
3,3,4,4,3,llama3.1:8b,data_pmus_yaounde,q4_4_autres,Agent_136,ACHAT
5,3,4,4,4,llama3.1:8b,data_pmus_yaounde,q5_1,Agent_136,ENTRE 26 ET 35 ANS
5,3,3,4,4,llama3.1:8b,data_pmus_yaounde,q5_2,Agent_136,ENTRE 30 001 ET 100 000
5,4,4,4,4,llama3.1:8b,data_pmus_yaounde,q5_3,Agent_136,HOMME
4,4,3,4,3,llama3.1:8b,data_pmus_yaounde,centre ville,Agent_137,YAOUNDE
5,4,4,4,4,llama3.1:8b,data_pmus_yaounde,q1_1,Agent_137,UN QUARTIER DE LA VILLE DE YAOUNDE
4,4,4,4,4,llama3.1:8b,data_pmus_yaounde,q1_1_a,Agent_137,ABIT
4,4,3,4,3,llama3.1:8b,data_pmus_yaounde,q1_1_b,Agent_137,10EME ARRET
4,4,3,4,3,llama3.1:8b,data_pmus_yaounde,q1_1_c,Agent_137,AFANOYA
5,4,4,4,4,llama3.1:8b,data_pmus_yaounde,q1_2,Agent_137,UN QUARTIER DE LA VILLE DE YAOUNDE
4,4,4,4,4,llama3.1:8b,data_pmus_yaounde,q1_2_a,Agent_137,ABOM
4,4,3,4,3,llama3.1:8b,data_pmus_yaounde,q1_2_b,Agent_137,10 IEME ARRET
4,4,3,4,3,llama3.1:8b,data_pmus_yaounde,q1_3_c,Agent_137,YAOUNDE
4,3,4,4,3,llama3.1:8b,data_pmus_yaounde,q2_1,Agent_137,PAR BUS STACY
4,4,3,4,3,llama3.1:8b,data_pmus_yaounde,q2_2_1,Agent_137,NSIMALEN
4,4,3,4,3,llama3.1:8b,data_pmus_yaounde,q2_2_2,Agent_137,NSIMALEN
4,4,3,4,3,llama3.1:8b,data_pmus_yaounde,q2_3_1,Agent_137,0LESOA
4,4,3,4,3,llama3.1:8b,data_pmus_yaounde,q2_3_2,Agent_137,0NANA
5,4,4,4,4,llama3.1:8b,data_pmus_yaounde,q2_3,Agent_137,NON
4,4,3,4,3,llama3.1:8b,data_pmus_yaounde,q2_4,Agent_137,PAR BUS AGENCE INTERURBAIN
4,4,3,4,3,llama3.1:8b,data_pmus_yaounde,q2_5_1,Agent_137,NSIMALEN
4,4,3,4,3,llama3.1:8b,data_pmus_yaounde,q2_5_2,Agent_137,0MPHINE
4,4,3,4,3,llama3.1:8b,data_pmus_yaounde,q2_6_1,Agent_137,ABATTOIR
4,4,3,4,3,llama3.1:8b,data_pmus_yaounde,q2_6_2,Agent_137,11EME ARRET
4,4,3,4,4,llama3.1:8b,data_pmus_yaounde,q3_1,Agent_137,NON
4,3,4,4,3,llama3.1:8b,data_pmus_yaounde,q3_2,Agent_137,PAR BUS STACY
4,4,4,4,4,llama3.1:8b,data_pmus_yaounde,q3_3_1,Agent_137,AHALA
4,4,3,4,3,llama3.1:8b,data_pmus_yaounde,q3_3_2,Agent_137,10 IEME ARRET
5,4,2,5,2,llama3.1:8b,data_pmus_yaounde,q4_1_a,Agent_137,Veuillez indiquer depuis combien de temps vous attendez.
4,3,4,4,4,llama3.1:8b,data_pmus_yaounde,q4_1_b,Agent_137,10 20 MINUTES
5,4,2,5,2,llama3.1:8b,data_pmus_yaounde,q4_2_a,Agent_137,Veuillez indiquer depuis combien de temps vous attendez.
4,4,4,4,4,llama3.1:8b,data_pmus_yaounde,q4_2_b,Agent_137,15 30 MIN
4,4,4,4,4,llama3.1:8b,data_pmus_yaounde,q4_3,Agent_137,100
4,3,4,4,4,llama3.1:8b,data_pmus_yaounde,q4_4,Agent_137,TRAVAIL
3,3,4,4,3,llama3.1:8b,data_pmus_yaounde,q4_4_autres,Agent_137,ACHAT
5,3,4,4,4,llama3.1:8b,data_pmus_yaounde,q5_1,Agent_137,ENTRE 18 ET 25 ANS
5,3,3,4,4,llama3.1:8b,data_pmus_yaounde,q5_2,Agent_137,ENTRE 30 001 ET 100 000
5,4,4,4,4,llama3.1:8b,data_pmus_yaounde,q5_3,Agent_137,FEMME
4,4,3,4,3,llama3.1:8b,data_pmus_yaounde,centre ville,Agent_138,YAOUNDE
5,4,4,4,4,llama3.1:8b,data_pmus_yaounde,q1_1,Agent_138,UN QUARTIER DE LA VILLE DE YAOUNDE
4,4,4,4,4,llama3.1:8b,data_pmus_yaounde,q1_1_a,Agent_138,NKOLMESSENG
4,4,3,4,3,llama3.1:8b,data_pmus_yaounde,q1_1_b,Agent_138,10EME ARRET
4,4,3,4,3,llama3.1:8b,data_pmus_yaounde,q1_1_c,Agent_138,AFANOYA
5,4,4,4,4,llama3.1:8b,data_pmus_yaounde,q1_2,Agent_138,UN QUARTIER DE LA VILLE DE YAOUNDE
4,4,4,4,4,llama3.1:8b,data_pmus_yaounde,q1_2_a,Agent_138,HUITIEME
4,4,3,4,3,llama3.1:8b,data_pmus_yaounde,q1_2_b,Agent_138,HUITIEME
4,4,3,4,3,llama3.1:8b,data_pmus_yaounde,q1_3_c,Agent_138,YAOUNDE
4,3,4,4,3,llama3.1:8b,data_pmus_yaounde,q2_1,Agent_138,PAR BUS STACY
4,4,3,4,3,llama3.1:8b,data_pmus_yaounde,q2_2_1,Agent_138,ENTRE COMPAGNIE
4,4,3,4,3,llama3.1:8b,data_pmus_yaounde,q2_2_2,Agent_138,10 E ARRET
4,4,3,4,3,llama3.1:8b,data_pmus_yaounde,q2_3_1,Agent_138,HUITIEME
4,4,3,4,3,llama3.1:8b,data_pmus_yaounde,q2_3_2,Agent_138,0NANA
5,4,4,4,4,llama3.1:8b,data_pmus_yaounde,q2_3,Agent_138,NON
4,4,3,4,3,llama3.1:8b,data_pmus_yaounde,q2_4,Agent_138,PAR BUS STACY
4,4,3,4,3,llama3.1:8b,data_pmus_yaounde,q2_5_1,Agent_138,A B0NAS
4,4,3,4,3,llama3.1:8b,data_pmus_yaounde,q2_5_2,Agent_138,0MPHINE
4,4,3,4,3,llama3.1:8b,data_pmus_yaounde,q2_6_1,Agent_138,NKOZOA
4,4,3,4,3,llama3.1:8b,data_pmus_yaounde,q2_6_2,Agent_138,HUITIEME
4,4,3,4,4,llama3.1:8b,data_pmus_yaounde,q3_1,Agent_138,NON
4,3,4,4,3,llama3.1:8b,data_pmus_yaounde,q3_2,Agent_138,PAR BUS STACY
4,4,4,4,4,llama3.1:8b,data_pmus_yaounde,q3_3_1,Agent_138,HUITIEME
4,4,3,4,3,llama3.1:8b,data_pmus_yaounde,q3_3_2,Agent_138,HUITIEME
5,4,2,5,2,llama3.1:8b,data_pmus_yaounde,q4_1_a,Agent_138,Veuillez indiquer depuis combien de temps vous attendez.
4,3,4,4,4,llama3.1:8b,data_pmus_yaounde,q4_1_b,Agent_138,MOINS DE 5 MIN
5,4,2,5,2,llama3.1:8b,data_pmus_yaounde,q4_2_a,Agent_138,Veuillez indiquer depuis combien de temps vous attendez.
4,4,4,4,4,llama3.1:8b,data_pmus_yaounde,q4_2_b,Agent_138,15 30 MIN
4,4,4,4,4,llama3.1:8b,data_pmus_yaounde,q4_3,Agent_138,1200
4,3,4,4,4,llama3.1:8b,data_pmus_yaounde,q4_4,Agent_138,TRAVAIL
3,3,4,4,3,llama3.1:8b,data_pmus_yaounde,q4_4_autres,Agent_138,ACHAT
5,3,4,4,4,llama3.1:8b,data_pmus_yaounde,q5_1,Agent_138,ENTRE 36 ET 45 ANS
5,3,3,4,4,llama3.1:8b,data_pmus_yaounde,q5_2,Agent_138,ENTRE 30 001 ET 100 000
5,4,4,4,4,llama3.1:8b,data_pmus_yaounde,q5_3,Agent_138,HOMME
4,4,3,4,3,llama3.1:8b,data_pmus_yaounde,centre ville,Agent_139,YAOUNDE
5,4,4,4,4,llama3.1:8b,data_pmus_yaounde,q1_1,Agent_139,UN QUARTIER DE LA VILLE DE YAOUNDE
4,4,4,4,4,llama3.1:8b,data_pmus_yaounde,q1_1_a,Agent_139,EMANA
4,4,3,4,3,llama3.1:8b,data_pmus_yaounde,q1_1_b,Agent_139,BONNE FONTAINE
4,4,3,4,3,llama3.1:8b,data_pmus_yaounde,q1_1_c,Agent_139,AFANOYA
5,4,4,4,4,llama3.1:8b,data_pmus_yaounde,q1_2,Agent_139,UN QUARTIER DE LA VILLE DE YAOUNDE
4,4,4,4,4,llama3.1:8b,data_pmus_yaounde,q1_2_a,Agent_139,EMANA
4,4,3,4,3,llama3.1:8b,data_pmus_yaounde,q1_2_b,Agent_139,EMANA
4,4,3,4,3,llama3.1:8b,data_pmus_yaounde,q1_3_c,Agent_139,AFANOYA
4,3,4,4,3,llama3.1:8b,data_pmus_yaounde,q2_1,Agent_139,PAR BUS STACY
4,4,3,4,3,llama3.1:8b,data_pmus_yaounde,q2_2_1,Agent_139,POSTE CENTRALE
4,4,3,4,3,llama3.1:8b,data_pmus_yaounde,q2_2_2,Agent_139,POSTE CENTRALE
4,4,3,4,3,llama3.1:8b,data_pmus_yaounde,q2_3_1,Agent_139,EMANA
4,4,3,4,3,llama3.1:8b,data_pmus_yaounde,q2_3_2,Agent_139,EMANA
5,4,4,4,4,llama3.1:8b,data_pmus_yaounde,q2_3,Agent_139,NON
4,4,3,4,3,llama3.1:8b,data_pmus_yaounde,q2_4,Agent_139,PAR BUS AGENCE INTERURBAIN
4,4,3,4,3,llama3.1:8b,data_pmus_yaounde,q2_5_1,Agent_139,POSTEE
4,4,3,4,3,llama3.1:8b,data_pmus_yaounde,q2_5_2,Agent_139,0MPHINE
4,4,3,4,3,llama3.1:8b,data_pmus_yaounde,q2_6_1,Agent_139,EMANA
4,4,3,4,3,llama3.1:8b,data_pmus_yaounde,q2_6_2,Agent_139,11EME ARRET
4,4,3,4,4,llama3.1:8b,data_pmus_yaounde,q3_1,Agent_139,NON
4,3,4,4,3,llama3.1:8b,data_pmus_yaounde,q3_2,Agent_139,PAR BUS AGENCE INTERURBAIN
4,4,4,4,4,llama3.1:8b,data_pmus_yaounde,q3_3_1,Agent_139,EMANA
4,4,3,4,3,llama3.1:8b,data_pmus_yaounde,q3_3_2,Agent_139,EMANA
5,4,2,5,2,llama3.1:8b,data_pmus_yaounde,q4_1_a,Agent_139,Veuillez indiquer depuis combien de temps vous attendez.
4,3,4,4,4,llama3.1:8b,data_pmus_yaounde,q4_1_b,Agent_139,10 20 MINUTES
5,4,2,5,2,llama3.1:8b,data_pmus_yaounde,q4_2_a,Agent_139,Veuillez indiquer depuis combien de temps vous attendez.
4,4,4,4,4,llama3.1:8b,data_pmus_yaounde,q4_2_b,Agent_139,15 30 MIN
4,4,4,4,4,llama3.1:8b,data_pmus_yaounde,q4_3,Agent_139,1200
4,3,4,4,4,llama3.1:8b,data_pmus_yaounde,q4_4,Agent_139,TRAVAIL
3,3,4,4,3,llama3.1:8b,data_pmus_yaounde,q4_4_autres,Agent_139,ACHAT
5,3,4,4,4,llama3.1:8b,data_pmus_yaounde,q5_1,Agent_139,ENTRE 36 ET 45 ANS
5,3,3,4,4,llama3.1:8b,data_pmus_yaounde,q5_2,Agent_139,ENTRE 30 001 ET 100 000
5,4,4,4,4,llama3.1:8b,data_pmus_yaounde,q5_3,Agent_139,HOMME
4,4,3,4,3,llama3.1:8b,data_pmus_yaounde,centre ville,Agent_140,YAOUNDE
5,4,4,4,4,llama3.1:8b,data_pmus_yaounde,q1_1,Agent_140,UN QUARTIER DE LA VILLE DE YAOUNDE
4,4,4,4,4,llama3.1:8b,data_pmus_yaounde,q1_1_a,Agent_140,NKOGOA
4,4,3,4,3,llama3.1:8b,data_pmus_yaounde,q1_1_b,Agent_140,HILTON
4,4,3,4,3,llama3.1:8b,data_pmus_yaounde,q1_1_c,Agent_140,AFANOYA
5,4,4,4,4,llama3.1:8b,data_pmus_yaounde,q1_2,Agent_140,UN QUARTIER DE LA VILLE DE YAOUNDE
4,4,4,4,4,llama3.1:8b,data_pmus_yaounde,q1_2_a,Agent_140,CENTRE VILLE
4,4,3,4,3,llama3.1:8b,data_pmus_yaounde,q1_2_b,Agent_140,10 IEME ARRET
4,4,3,4,3,llama3.1:8b,data_pmus_yaounde,q1_3_c,Agent_140,YAOUNDE
4,3,4,4,3,llama3.1:8b,data_pmus_yaounde,q2_1,Agent_140,PAR TAXI
4,4,3,4,3,llama3.1:8b,data_pmus_yaounde,q2_2_1,Agent_140,HILTON
4,4,3,4,3,llama3.1:8b,data_pmus_yaounde,q2_2_2,Agent_140,HILTON
4,4,3,4,3,llama3.1:8b,data_pmus_yaounde,q2_3_1,Agent_140,0LESOA
4,4,3,4,3,llama3.1:8b,data_pmus_yaounde,q2_3_2,Agent_140,HILTON
5,4,4,4,4,llama3.1:8b,data_pmus_yaounde,q2_3,Agent_140,NON
4,4,3,4,3,llama3.1:8b,data_pmus_yaounde,q2_4,Agent_140,PAR TAXI
4,4,3,4,3,llama3.1:8b,data_pmus_yaounde,q2_5_1,Agent_140,A B0NAS
4,4,3,4,3,llama3.1:8b,data_pmus_yaounde,q2_5_2,Agent_140,0MPHINE
4,4,3,4,3,llama3.1:8b,data_pmus_yaounde,q2_6_1,Agent_140,ABATTOIR
4,4,3,4,3,llama3.1:8b,data_pmus_yaounde,q2_6_2,Agent_140,GARE ROUTIERE
4,4,3,4,4,llama3.1:8b,data_pmus_yaounde,q3_1,Agent_140,NON
4,3,4,4,3,llama3.1:8b,data_pmus_yaounde,q3_2,Agent_140,PAR TAXI
4,4,4,4,4,llama3.1:8b,data_pmus_yaounde,q3_3_1,Agent_140,CENTRE VILLE
4,4,3,4,3,llama3.1:8b,data_pmus_yaounde,q3_3_2,Agent_140,HILTON
5,4,2,5,2,llama3.1:8b,data_pmus_yaounde,q4_1_a,Agent_140,Veuillez indiquer depuis combien de temps vous attendez.
4,3,4,4,4,llama3.1:8b,data_pmus_yaounde,q4_1_b,Agent_140,10 20 MINUTES
5,4,2,5,2,llama3.1:8b,data_pmus_yaounde,q4_2_a,Agent_140,Veuillez indiquer depuis combien de temps vous attendez.
4,4,4,4,4,llama3.1:8b,data_pmus_yaounde,q4_2_b,Agent_140,15 30 MIN
4,4,4,4,4,llama3.1:8b,data_pmus_yaounde,q4_3,Agent_140,2000
4,3,4,4,4,llama3.1:8b,data_pmus_yaounde,q4_4,Agent_140,TRAVAIL
3,3,4,4,3,llama3.1:8b,data_pmus_yaounde,q4_4_autres,Agent_140,ACHAT
5,3,4,4,4,llama3.1:8b,data_pmus_yaounde,q5_1,Agent_140,ENTRE 36 ET 45 ANS
5,3,3,4,4,llama3.1:8b,data_pmus_yaounde,q5_2,Agent_140,ENTRE 30 001 ET 100 000
5,4,4,4,4,llama3.1:8b,data_pmus_yaounde,q5_3,Agent_140,HOMME
4,4,3,4,3,llama3.1:8b,data_pmus_yaounde,centre ville,Agent_141,YAOUNDE
5,4,4,4,4,llama3.1:8b,data_pmus_yaounde,q1_1,Agent_141,UN QUARTIER DE LA VILLE DE YAOUNDE
4,4,4,4,4,llama3.1:8b,data_pmus_yaounde,q1_1_a,Agent_141,OLEMBE
4,4,3,4,3,llama3.1:8b,data_pmus_yaounde,q1_1_b,Agent_141,STADE OTOU
4,4,3,4,3,llama3.1:8b,data_pmus_yaounde,q1_1_c,Agent_141,AFANOYA
5,4,4,4,4,llama3.1:8b,data_pmus_yaounde,q1_2,Agent_141,UN QUARTIER DE LA VILLE DE YAOUNDE
4,4,4,4,4,llama3.1:8b,data_pmus_yaounde,q1_2_a,Agent_141,OLEMBE
4,4,3,4,3,llama3.1:8b,data_pmus_yaounde,q1_2_b,Agent_141,STADE
4,4,3,4,3,llama3.1:8b,data_pmus_yaounde,q1_3_c,Agent_141,DOUALA
4,3,4,4,3,llama3.1:8b,data_pmus_yaounde,q2_1,Agent_141,PAR BUS STACY
4,4,3,4,3,llama3.1:8b,data_pmus_yaounde,q2_2_1,Agent_141,STADE
4,4,3,4,3,llama3.1:8b,data_pmus_yaounde,q2_2_2,Agent_141,STADE OMISPORT
4,4,3,4,3,llama3.1:8b,data_pmus_yaounde,q2_3_1,Agent_141,0LESOA
4,4,3,4,3,llama3.1:8b,data_pmus_yaounde,q2_3_2,Agent_141,0NANA
5,4,4,4,4,llama3.1:8b,data_pmus_yaounde,q2_3,Agent_141,NON
4,4,3,4,3,llama3.1:8b,data_pmus_yaounde,q2_4,Agent_141,PAR BUS STACY
4,4,3,4,3,llama3.1:8b,data_pmus_yaounde,q2_5_1,Agent_141,A B0NAS
4,4,3,4,3,llama3.1:8b,data_pmus_yaounde,q2_5_2,Agent_141,HOST HOTEL
4,4,3,4,3,llama3.1:8b,data_pmus_yaounde,q2_6_1,Agent_141,STADE
4,4,3,4,3,llama3.1:8b,data_pmus_yaounde,q2_6_2,Agent_141,11EME ARRET
4,4,3,4,4,llama3.1:8b,data_pmus_yaounde,q3_1,Agent_141,NON
4,3,4,4,3,llama3.1:8b,data_pmus_yaounde,q3_2,Agent_141,PAR BUS STACY
4,4,4,4,4,llama3.1:8b,data_pmus_yaounde,q3_3_1,Agent_141,OLEMBE
4,4,3,4,3,llama3.1:8b,data_pmus_yaounde,q3_3_2,Agent_141,10 IEME ARRET
5,4,2,5,2,llama3.1:8b,data_pmus_yaounde,q4_1_a,Agent_141,Veuillez indiquer depuis combien de temps vous attendez.
4,3,4,4,4,llama3.1:8b,data_pmus_yaounde,q4_1_b,Agent_141,10 20 MINUTES
5,4,2,5,2,llama3.1:8b,data_pmus_yaounde,q4_2_a,Agent_141,Veuillez indiquer depuis combien de temps vous attendez.
4,4,4,4,4,llama3.1:8b,data_pmus_yaounde,q4_2_b,Agent_141,15 30 MIN
4,4,4,4,4,llama3.1:8b,data_pmus_yaounde,q4_3,Agent_141,400
4,3,4,4,4,llama3.1:8b,data_pmus_yaounde,q4_4,Agent_141,TRAVAIL
3,3,4,4,3,llama3.1:8b,data_pmus_yaounde,q4_4_autres,Agent_141,ACHAT
5,3,4,4,4,llama3.1:8b,data_pmus_yaounde,q5_1,Agent_141,ENTRE 26 ET 35 ANS
5,3,3,4,4,llama3.1:8b,data_pmus_yaounde,q5_2,Agent_141,ENTRE 30 001 ET 100 000
5,4,4,4,4,llama3.1:8b,data_pmus_yaounde,q5_3,Agent_141,HOMME
4,4,3,4,3,llama3.1:8b,data_pmus_yaounde,centre ville,Agent_142,YAOUNDE
5,4,4,4,4,llama3.1:8b,data_pmus_yaounde,q1_1,Agent_142,UN QUARTIER DE LA VILLE DE YAOUNDE
4,4,4,4,4,llama3.1:8b,data_pmus_yaounde,q1_1_a,Agent_142,SIMBOCK
4,4,3,4,3,llama3.1:8b,data_pmus_yaounde,q1_1_b,Agent_142,SIMBOCK
4,4,3,4,3,llama3.1:8b,data_pmus_yaounde,q1_1_c,Agent_142,AFANOYA
5,4,4,4,4,llama3.1:8b,data_pmus_yaounde,q1_2,Agent_142,UN QUARTIER DE LA VILLE DE YAOUNDE
4,4,4,4,4,llama3.1:8b,data_pmus_yaounde,q1_2_a,Agent_142,SIMBOCK
4,4,3,4,3,llama3.1:8b,data_pmus_yaounde,q1_2_b,Agent_142,10 IEME ARRET
4,4,3,4,3,llama3.1:8b,data_pmus_yaounde,q1_3_c,Agent_142,DOUALA
4,3,4,4,3,llama3.1:8b,data_pmus_yaounde,q2_1,Agent_142,PAR BUS STACY
4,4,3,4,3,llama3.1:8b,data_pmus_yaounde,q2_2_1,Agent_142,SIMBOCK
4,4,3,4,3,llama3.1:8b,data_pmus_yaounde,q2_2_2,Agent_142,10 E ARRET
4,4,3,4,3,llama3.1:8b,data_pmus_yaounde,q2_3_1,Agent_142,0LESOA
4,4,3,4,3,llama3.1:8b,data_pmus_yaounde,q2_3_2,Agent_142,0NANA
5,4,4,4,4,llama3.1:8b,data_pmus_yaounde,q2_3,Agent_142,NON
4,4,3,4,3,llama3.1:8b,data_pmus_yaounde,q2_4,Agent_142,PAR BUS STACY
4,4,3,4,3,llama3.1:8b,data_pmus_yaounde,q2_5_1,Agent_142,SIMBOCK
4,4,3,4,3,llama3.1:8b,data_pmus_yaounde,q2_5_2,Agent_142,0MPHINE
4,4,3,4,3,llama3.1:8b,data_pmus_yaounde,q2_6_1,Agent_142,ABATTOIR
4,4,3,4,3,llama3.1:8b,data_pmus_yaounde,q2_6_2,Agent_142,SIMBOCK
4,4,3,4,4,llama3.1:8b,data_pmus_yaounde,q3_1,Agent_142,NON
4,3,4,4,3,llama3.1:8b,data_pmus_yaounde,q3_2,Agent_142,PAR BUS STACY
4,4,4,4,4,llama3.1:8b,data_pmus_yaounde,q3_3_1,Agent_142,SIMBOCK
4,4,3,4,3,llama3.1:8b,data_pmus_yaounde,q3_3_2,Agent_142,10 IEME ARRET
5,4,2,5,2,llama3.1:8b,data_pmus_yaounde,q4_1_a,Agent_142,Veuillez indiquer depuis combien de temps vous attendez.
4,3,4,4,4,llama3.1:8b,data_pmus_yaounde,q4_1_b,Agent_142,MOINS DE 5 MIN
5,4,2,5,2,llama3.1:8b,data_pmus_yaounde,q4_2_a,Agent_142,Veuillez indiquer depuis combien de temps vous attendez.
4,4,4,4,4,llama3.1:8b,data_pmus_yaounde,q4_2_b,Agent_142,15 30 MIN
4,4,4,4,4,llama3.1:8b,data_pmus_yaounde,q4_3,Agent_142,2000
4,3,4,4,4,llama3.1:8b,data_pmus_yaounde,q4_4,Agent_142,VISITE FAMILLE
3,3,4,4,3,llama3.1:8b,data_pmus_yaounde,q4_4_autres,Agent_142,ACHAT
5,3,4,4,4,llama3.1:8b,data_pmus_yaounde,q5_1,Agent_142,ENTRE 26 ET 35 ANS
5,3,3,4,4,llama3.1:8b,data_pmus_yaounde,q5_2,Agent_142,ENTRE 30 001 ET 100 000
5,4,4,4,4,llama3.1:8b,data_pmus_yaounde,q5_3,Agent_142,HOMME
4,4,3,4,3,llama3.1:8b,data_pmus_yaounde,centre ville,Agent_143,YAOUNDE
5,4,4,4,4,llama3.1:8b,data_pmus_yaounde,q1_1,Agent_143,UN QUARTIER DE LA VILLE DE YAOUNDE
4,4,4,4,4,llama3.1:8b,data_pmus_yaounde,q1_1_a,Agent_143,FOUDA
4,4,3,4,3,llama3.1:8b,data_pmus_yaounde,q1_1_b,Agent_143,10EME ARRET
4,4,3,4,3,llama3.1:8b,data_pmus_yaounde,q1_1_c,Agent_143,AFANOYA
5,4,4,4,4,llama3.1:8b,data_pmus_yaounde,q1_2,Agent_143,UN QUARTIER DE LA VILLE DE YAOUNDE
4,4,4,4,4,llama3.1:8b,data_pmus_yaounde,q1_2_a,Agent_143,ABOM
4,4,3,4,3,llama3.1:8b,data_pmus_yaounde,q1_2_b,Agent_143,10 IEME ARRET
4,4,3,4,3,llama3.1:8b,data_pmus_yaounde,q1_3_c,Agent_143,DOUALA
4,3,4,4,3,llama3.1:8b,data_pmus_yaounde,q2_1,Agent_143,PAR BUS STACY
4,4,3,4,3,llama3.1:8b,data_pmus_yaounde,q2_2_1,Agent_143,SANTA BARBARA
4,4,3,4,3,llama3.1:8b,data_pmus_yaounde,q2_2_2,Agent_143,SANTA BARBARA
4,4,3,4,3,llama3.1:8b,data_pmus_yaounde,q2_3_1,Agent_143,0LESOA
4,4,3,4,3,llama3.1:8b,data_pmus_yaounde,q2_3_2,Agent_143,SANTA BARBARA
5,4,4,4,4,llama3.1:8b,data_pmus_yaounde,q2_3,Agent_143,NON
4,4,3,4,3,llama3.1:8b,data_pmus_yaounde,q2_4,Agent_143,PAR BUS STACY
4,4,3,4,3,llama3.1:8b,data_pmus_yaounde,q2_5_1,Agent_143,A B0NAS
4,4,3,4,3,llama3.1:8b,data_pmus_yaounde,q2_5_2,Agent_143,0MPHINE
4,4,3,4,3,llama3.1:8b,data_pmus_yaounde,q2_6_1,Agent_143,ABATTOIR
4,4,3,4,3,llama3.1:8b,data_pmus_yaounde,q2_6_2,Agent_143,ABOM
4,4,3,4,4,llama3.1:8b,data_pmus_yaounde,q3_1,Agent_143,NON
4,3,4,4,3,llama3.1:8b,data_pmus_yaounde,q3_2,Agent_143,PAR BUS STACY
4,4,4,4,4,llama3.1:8b,data_pmus_yaounde,q3_3_1,Agent_143,CENTRE ADMINISTRATIF
4,4,3,4,3,llama3.1:8b,data_pmus_yaounde,q3_3_2,Agent_143,10 IEME ARRET
5,4,2,5,2,llama3.1:8b,data_pmus_yaounde,q4_1_a,Agent_143,Veuillez indiquer depuis combien de temps vous attendez.
4,3,4,4,4,llama3.1:8b,data_pmus_yaounde,q4_1_b,Agent_143,MOINS DE 5 MIN
5,4,2,5,2,llama3.1:8b,data_pmus_yaounde,q4_2_a,Agent_143,Veuillez indiquer depuis combien de temps vous attendez.
4,4,4,4,4,llama3.1:8b,data_pmus_yaounde,q4_2_b,Agent_143,15 30 MIN
4,4,4,4,4,llama3.1:8b,data_pmus_yaounde,q4_3,Agent_143,12000
4,3,4,4,4,llama3.1:8b,data_pmus_yaounde,q4_4,Agent_143,COURSES
3,3,4,4,3,llama3.1:8b,data_pmus_yaounde,q4_4_autres,Agent_143,BALADE
5,3,4,4,4,llama3.1:8b,data_pmus_yaounde,q5_1,Agent_143,ENTRE 18 ET 25 ANS
5,3,3,4,4,llama3.1:8b,data_pmus_yaounde,q5_2,Agent_143,ENTRE 30 001 ET 100 000
5,4,4,4,4,llama3.1:8b,data_pmus_yaounde,q5_3,Agent_143,FEMME
4,4,3,4,3,llama3.1:8b,data_pmus_yaounde,centre ville,Agent_144,YAOUNDE
5,4,4,4,4,llama3.1:8b,data_pmus_yaounde,q1_1,Agent_144,UN QUARTIER DE LA VILLE DE YAOUNDE
4,4,4,4,4,llama3.1:8b,data_pmus_yaounde,q1_1_a,Agent_144,SANTA BARBARA
4,4,3,4,3,llama3.1:8b,data_pmus_yaounde,q1_1_b,Agent_144,DERRIERE OLIBIA
4,4,3,4,3,llama3.1:8b,data_pmus_yaounde,q1_1_c,Agent_144,AFANOYA
5,4,4,4,4,llama3.1:8b,data_pmus_yaounde,q1_2,Agent_144,UN QUARTIER DE LA VILLE DE YAOUNDE
4,4,4,4,4,llama3.1:8b,data_pmus_yaounde,q1_2_a,Agent_144,TSINGA
4,4,3,4,3,llama3.1:8b,data_pmus_yaounde,q1_2_b,Agent_144,TSINGA
4,4,3,4,3,llama3.1:8b,data_pmus_yaounde,q1_3_c,Agent_144,YAOUNDE
4,3,4,4,3,llama3.1:8b,data_pmus_yaounde,q2_1,Agent_144,PAR BUS AGENCE INTERURBAIN
4,4,3,4,3,llama3.1:8b,data_pmus_yaounde,q2_2_1,Agent_144,MARCHE MFOUNDI
4,4,3,4,3,llama3.1:8b,data_pmus_yaounde,q2_2_2,Agent_144,TSINGA
4,4,3,4,3,llama3.1:8b,data_pmus_yaounde,q2_3_1,Agent_144,TSINGA
4,4,3,4,3,llama3.1:8b,data_pmus_yaounde,q2_3_2,Agent_144,TSINGA
5,4,4,4,4,llama3.1:8b,data_pmus_yaounde,q2_3,Agent_144,NON
4,4,3,4,3,llama3.1:8b,data_pmus_yaounde,q2_4,Agent_144,PAR BUS STACY
4,4,3,4,3,llama3.1:8b,data_pmus_yaounde,q2_5_1,Agent_144,TSINGA
4,4,3,4,3,llama3.1:8b,data_pmus_yaounde,q2_5_2,Agent_144,0MPHINE
4,4,3,4,3,llama3.1:8b,data_pmus_yaounde,q2_6_1,Agent_144,TSINGA
4,4,3,4,3,llama3.1:8b,data_pmus_yaounde,q2_6_2,Agent_144,11EME ARRET
4,4,3,4,4,llama3.1:8b,data_pmus_yaounde,q3_1,Agent_144,NON
4,3,4,4,3,llama3.1:8b,data_pmus_yaounde,q3_2,Agent_144,PAR BUS AGENCE INTERURBAIN
4,4,4,4,4,llama3.1:8b,data_pmus_yaounde,q3_3_1,Agent_144,TSINGA
4,4,3,4,3,llama3.1:8b,data_pmus_yaounde,q3_3_2,Agent_144,10 IEME ARRET
5,4,2,5,2,llama3.1:8b,data_pmus_yaounde,q4_1_a,Agent_144,Veuillez indiquer depuis combien de temps vous attendez.
4,3,4,4,4,llama3.1:8b,data_pmus_yaounde,q4_1_b,Agent_144,10 20 MINUTES
5,4,2,5,2,llama3.1:8b,data_pmus_yaounde,q4_2_a,Agent_144,Veuillez indiquer depuis combien de temps vous attendez.
4,4,4,4,4,llama3.1:8b,data_pmus_yaounde,q4_2_b,Agent_144,15 30 MIN
4,4,4,4,4,llama3.1:8b,data_pmus_yaounde,q4_3,Agent_144,1500
4,3,4,4,4,llama3.1:8b,data_pmus_yaounde,q4_4,Agent_144,COURSES
3,3,4,4,3,llama3.1:8b,data_pmus_yaounde,q4_4_autres,Agent_144,COURS
5,3,4,4,4,llama3.1:8b,data_pmus_yaounde,q5_1,Agent_144,ENTRE 18 ET 25 ANS
5,3,3,4,4,llama3.1:8b,data_pmus_yaounde,q5_2,Agent_144,ENTRE 30 001 ET 100 000
5,4,4,4,4,llama3.1:8b,data_pmus_yaounde,q5_3,Agent_144,FEMME
4,4,3,4,3,llama3.1:8b,data_pmus_yaounde,centre ville,Agent_145,YAOUNDE
5,4,4,4,4,llama3.1:8b,data_pmus_yaounde,q1_1,Agent_145,UN QUARTIER DE LA VILLE DE YAOUNDE
4,4,4,4,4,llama3.1:8b,data_pmus_yaounde,q1_1_a,Agent_145,SIMBOCK
4,4,3,4,3,llama3.1:8b,data_pmus_yaounde,q1_1_b,Agent_145,SIMBOCK
4,4,3,4,3,llama3.1:8b,data_pmus_yaounde,q1_1_c,Agent_145,AFANOYA
5,4,4,4,4,llama3.1:8b,data_pmus_yaounde,q1_2,Agent_145,UN QUARTIER DE LA VILLE DE YAOUNDE
4,4,4,4,4,llama3.1:8b,data_pmus_yaounde,q1_2_a,Agent_145,CARRIERE
4,4,3,4,3,llama3.1:8b,data_pmus_yaounde,q1_2_b,Agent_145,10 IEME ARRET
4,4,3,4,3,llama3.1:8b,data_pmus_yaounde,q1_3_c,Agent_145,DOUALA
4,3,4,4,3,llama3.1:8b,data_pmus_yaounde,q2_1,Agent_145,PAR BUS STACY
4,4,3,4,3,llama3.1:8b,data_pmus_yaounde,q2_2_1,Agent_145,CARREFOUR GP
4,4,3,4,3,llama3.1:8b,data_pmus_yaounde,q2_2_2,Agent_145,CARREF0UR
4,4,3,4,3,llama3.1:8b,data_pmus_yaounde,q2_3_1,Agent_145,SIMBOCCK
4,4,3,4,3,llama3.1:8b,data_pmus_yaounde,q2_3_2,Agent_145,0NANA
5,4,4,4,4,llama3.1:8b,data_pmus_yaounde,q2_3,Agent_145,NON
4,4,3,4,3,llama3.1:8b,data_pmus_yaounde,q2_4,Agent_145,PAR BUS STACY
4,4,3,4,3,llama3.1:8b,data_pmus_yaounde,q2_5_1,Agent_145,A B0NAS
4,4,3,4,3,llama3.1:8b,data_pmus_yaounde,q2_5_2,Agent_145,0MPHINE
4,4,3,4,3,llama3.1:8b,data_pmus_yaounde,q2_6_1,Agent_145,SIMBOOCK
4,4,3,4,3,llama3.1:8b,data_pmus_yaounde,q2_6_2,Agent_145,CARREFOUR
4,4,3,4,4,llama3.1:8b,data_pmus_yaounde,q3_1,Agent_145,NON
4,3,4,4,3,llama3.1:8b,data_pmus_yaounde,q3_2,Agent_145,PAR BUS AGENCE INTERURBAIN
4,4,4,4,4,llama3.1:8b,data_pmus_yaounde,q3_3_1,Agent_145,ACACIA
4,4,3,4,3,llama3.1:8b,data_pmus_yaounde,q3_3_2,Agent_145,CARREFOUR
5,4,2,5,2,llama3.1:8b,data_pmus_yaounde,q4_1_a,Agent_145,Veuillez indiquer depuis combien de temps vous attendez.
4,3,4,4,4,llama3.1:8b,data_pmus_yaounde,q4_1_b,Agent_145,10 20 MINUTES
5,4,2,5,2,llama3.1:8b,data_pmus_yaounde,q4_2_a,Agent_145,Veuillez indiquer depuis combien de temps vous attendez.
4,4,4,4,4,llama3.1:8b,data_pmus_yaounde,q4_2_b,Agent_145,15 30 MIN
4,4,4,4,4,llama3.1:8b,data_pmus_yaounde,q4_3,Agent_145,2900
4,3,4,4,4,llama3.1:8b,data_pmus_yaounde,q4_4,Agent_145,VISITE FAMILLE
3,3,4,4,3,llama3.1:8b,data_pmus_yaounde,q4_4_autres,Agent_145,ACHAT
5,3,4,4,4,llama3.1:8b,data_pmus_yaounde,q5_1,Agent_145,ENTRE 18 ET 25 ANS
5,3,3,4,4,llama3.1:8b,data_pmus_yaounde,q5_2,Agent_145,ENTRE 30 001 ET 100 000
5,4,4,4,4,llama3.1:8b,data_pmus_yaounde,q5_3,Agent_145,HOMME
4,4,3,4,3,llama3.1:8b,data_pmus_yaounde,centre ville,Agent_146,YAOUNDE
5,4,4,4,4,llama3.1:8b,data_pmus_yaounde,q1_1,Agent_146,UN QUARTIER DE LA VILLE DE YAOUNDE
4,4,4,4,4,llama3.1:8b,data_pmus_yaounde,q1_1_a,Agent_146,MVAN
4,4,3,4,3,llama3.1:8b,data_pmus_yaounde,q1_1_b,Agent_146,MVAN
4,4,3,4,3,llama3.1:8b,data_pmus_yaounde,q1_1_c,Agent_146,AFANOYA
5,4,4,4,4,llama3.1:8b,data_pmus_yaounde,q1_2,Agent_146,UN QUARTIER DE LA VILLE DE YAOUNDE
4,4,4,4,4,llama3.1:8b,data_pmus_yaounde,q1_2_a,Agent_146,MVAN
4,4,3,4,3,llama3.1:8b,data_pmus_yaounde,q1_2_b,Agent_146,MENDONG
4,4,3,4,3,llama3.1:8b,data_pmus_yaounde,q1_3_c,Agent_146,YAOUNDE
4,3,4,4,3,llama3.1:8b,data_pmus_yaounde,q2_1,Agent_146,PAR BUS STACY
4,4,3,4,3,llama3.1:8b,data_pmus_yaounde,q2_2_1,Agent_146,MENDONG
4,4,3,4,3,llama3.1:8b,data_pmus_yaounde,q2_2_2,Agent_146,10 E ARRET
4,4,3,4,3,llama3.1:8b,data_pmus_yaounde,q2_3_1,Agent_146,MENDONG
4,4,3,4,3,llama3.1:8b,data_pmus_yaounde,q2_3_2,Agent_146,MENDONG
5,4,4,4,4,llama3.1:8b,data_pmus_yaounde,q2_3,Agent_146,NON
4,4,3,4,3,llama3.1:8b,data_pmus_yaounde,q2_4,Agent_146,PAR BUS STACY
4,4,3,4,3,llama3.1:8b,data_pmus_yaounde,q2_5_1,Agent_146,MENDONG
4,4,3,4,3,llama3.1:8b,data_pmus_yaounde,q2_5_2,Agent_146,MENDONG
4,4,3,4,3,llama3.1:8b,data_pmus_yaounde,q2_6_1,Agent_146,MENDONG
4,4,3,4,3,llama3.1:8b,data_pmus_yaounde,q2_6_2,Agent_146,MENDONG
4,4,3,4,4,llama3.1:8b,data_pmus_yaounde,q3_1,Agent_146,NON
4,3,4,4,3,llama3.1:8b,data_pmus_yaounde,q3_2,Agent_146,PAR BUS STACY
4,4,4,4,4,llama3.1:8b,data_pmus_yaounde,q3_3_1,Agent_146,MENDONG
4,4,3,4,3,llama3.1:8b,data_pmus_yaounde,q3_3_2,Agent_146,MENDONG
5,4,2,5,2,llama3.1:8b,data_pmus_yaounde,q4_1_a,Agent_146,Veuillez indiquer depuis combien de temps vous attendez.
4,3,4,4,4,llama3.1:8b,data_pmus_yaounde,q4_1_b,Agent_146,10 20 MINUTES
5,4,2,5,2,llama3.1:8b,data_pmus_yaounde,q4_2_a,Agent_146,Veuillez indiquer depuis combien de temps vous attendez.
4,4,4,4,4,llama3.1:8b,data_pmus_yaounde,q4_2_b,Agent_146,15 30 MIN
4,4,4,4,4,llama3.1:8b,data_pmus_yaounde,q4_3,Agent_146,400
4,3,4,4,4,llama3.1:8b,data_pmus_yaounde,q4_4,Agent_146,SPORTIVES
3,3,4,4,3,llama3.1:8b,data_pmus_yaounde,q4_4_autres,Agent_146,SPORT ET VISITE AMICALE
5,3,4,4,4,llama3.1:8b,data_pmus_yaounde,q5_1,Agent_146,ENTRE 36 ET 45 ANS
5,3,3,4,4,llama3.1:8b,data_pmus_yaounde,q5_2,Agent_146,ENTRE 30 001 ET 100 000
5,4,4,4,4,llama3.1:8b,data_pmus_yaounde,q5_3,Agent_146,FEMME
4,4,3,4,3,llama3.1:8b,data_pmus_yaounde,centre ville,Agent_147,YAOUNDE
5,4,4,4,4,llama3.1:8b,data_pmus_yaounde,q1_1,Agent_147,UN QUARTIER DE LA VILLE DE YAOUNDE
4,4,4,4,4,llama3.1:8b,data_pmus_yaounde,q1_1_a,Agent_147,EKOUNOU
4,4,3,4,3,llama3.1:8b,data_pmus_yaounde,q1_1_b,Agent_147,10EME ARRET
4,4,3,4,3,llama3.1:8b,data_pmus_yaounde,q1_1_c,Agent_147,AFANOYA
5,4,4,4,4,llama3.1:8b,data_pmus_yaounde,q1_2,Agent_147,UN QUARTIER DE LA VILLE DE YAOUNDE
4,4,4,4,4,llama3.1:8b,data_pmus_yaounde,q1_2_a,Agent_147,EKOUNOU
4,4,3,4,3,llama3.1:8b,data_pmus_yaounde,q1_2_b,Agent_147,EKOUNOU
4,4,3,4,3,llama3.1:8b,data_pmus_yaounde,q1_3_c,Agent_147,DOUALA
4,3,4,4,3,llama3.1:8b,data_pmus_yaounde,q2_1,Agent_147,PAR BUS STACY
4,4,3,4,3,llama3.1:8b,data_pmus_yaounde,q2_2_1,Agent_147,POUMA
4,4,3,4,3,llama3.1:8b,data_pmus_yaounde,q2_2_2,Agent_147,10 E ARRET
4,4,3,4,3,llama3.1:8b,data_pmus_yaounde,q2_3_1,Agent_147,EKOUMOU
4,4,3,4,3,llama3.1:8b,data_pmus_yaounde,q2_3_2,Agent_147,0NANA
5,4,4,4,4,llama3.1:8b,data_pmus_yaounde,q2_3,Agent_147,NON
4,4,3,4,3,llama3.1:8b,data_pmus_yaounde,q2_4,Agent_147,PAR BUS STACY
4,4,3,4,3,llama3.1:8b,data_pmus_yaounde,q2_5_1,Agent_147,EKOUNOU
4,4,3,4,3,llama3.1:8b,data_pmus_yaounde,q2_5_2,Agent_147,0MPHINE
4,4,3,4,3,llama3.1:8b,data_pmus_yaounde,q2_6_1,Agent_147,EKOUNOU
4,4,3,4,3,llama3.1:8b,data_pmus_yaounde,q2_6_2,Agent_147,GARE VOYAGEUR
4,4,3,4,4,llama3.1:8b,data_pmus_yaounde,q3_1,Agent_147,NON
4,3,4,4,3,llama3.1:8b,data_pmus_yaounde,q3_2,Agent_147,PAR BUS STACY
4,4,4,4,4,llama3.1:8b,data_pmus_yaounde,q3_3_1,Agent_147,ACACIA
4,4,3,4,3,llama3.1:8b,data_pmus_yaounde,q3_3_2,Agent_147,10 IEME ARRET
5,4,2,5,2,llama3.1:8b,data_pmus_yaounde,q4_1_a,Agent_147,Veuillez indiquer depuis combien de temps vous attendez.
4,3,4,4,4,llama3.1:8b,data_pmus_yaounde,q4_1_b,Agent_147,10 20 MINUTES
5,4,2,5,2,llama3.1:8b,data_pmus_yaounde,q4_2_a,Agent_147,Veuillez indiquer depuis combien de temps vous attendez.
4,4,4,4,4,llama3.1:8b,data_pmus_yaounde,q4_2_b,Agent_147,15 30 MIN
4,4,4,4,4,llama3.1:8b,data_pmus_yaounde,q4_3,Agent_147,300
4,3,4,4,4,llama3.1:8b,data_pmus_yaounde,q4_4,Agent_147,D MARCHES ADMINISTRATIVES ET OU SANT
3,3,4,4,3,llama3.1:8b,data_pmus_yaounde,q4_4_autres,Agent_147,ACHAT
5,3,4,4,4,llama3.1:8b,data_pmus_yaounde,q5_1,Agent_147,ENTRE 55ANS ET 64 ANS
5,3,3,4,4,llama3.1:8b,data_pmus_yaounde,q5_2,Agent_147,ENTRE 30 001 ET 100 000
5,4,4,4,4,llama3.1:8b,data_pmus_yaounde,q5_3,Agent_147,HOMME
4,4,3,4,3,llama3.1:8b,data_pmus_yaounde,centre ville,Agent_148,YAOUNDE
5,4,4,4,4,llama3.1:8b,data_pmus_yaounde,q1_1,Agent_148,UN QUARTIER DE LA VILLE DE YAOUNDE
4,4,4,4,4,llama3.1:8b,data_pmus_yaounde,q1_1_a,Agent_148,ABIT
4,4,3,4,3,llama3.1:8b,data_pmus_yaounde,q1_1_b,Agent_148,ENTREE COLOMBIE
4,4,3,4,3,llama3.1:8b,data_pmus_yaounde,q1_1_c,Agent_148,AFANOYA
5,4,4,4,4,llama3.1:8b,data_pmus_yaounde,q1_2,Agent_148,UN QUARTIER DE LA VILLE DE YAOUNDE
4,4,4,4,4,llama3.1:8b,data_pmus_yaounde,q1_2_a,Agent_148,ABOM
4,4,3,4,3,llama3.1:8b,data_pmus_yaounde,q1_2_b,Agent_148,10 IEME ARRET
4,4,3,4,3,llama3.1:8b,data_pmus_yaounde,q1_3_c,Agent_148,DOUALA
4,3,4,4,3,llama3.1:8b,data_pmus_yaounde,q2_1,Agent_148,PAR BUS STACY
4,4,3,4,3,llama3.1:8b,data_pmus_yaounde,q2_2_1,Agent_148,MBANKOLO
4,4,3,4,3,llama3.1:8b,data_pmus_yaounde,q2_2_2,Agent_148,IMMEUBLE MACABO
4,4,3,4,3,llama3.1:8b,data_pmus_yaounde,q2_3_1,Agent_148,NKOM KANA
4,4,3,4,3,llama3.1:8b,data_pmus_yaounde,q2_3_2,Agent_148,NKOM KANA
5,4,4,4,4,llama3.1:8b,data_pmus_yaounde,q2_3,Agent_148,NON
4,4,3,4,3,llama3.1:8b,data_pmus_yaounde,q2_4,Agent_148,PAR BUS STACY
4,4,3,4,3,llama3.1:8b,data_pmus_yaounde,q2_5_1,Agent_148,A B0NAS
4,4,3,4,3,llama3.1:8b,data_pmus_yaounde,q2_5_2,Agent_148,0MPHINE
4,4,3,4,3,llama3.1:8b,data_pmus_yaounde,q2_6_1,Agent_148,NKOM KANA
4,4,3,4,3,llama3.1:8b,data_pmus_yaounde,q2_6_2,Agent_148,11EME ARRET
4,4,3,4,4,llama3.1:8b,data_pmus_yaounde,q3_1,Agent_148,NON
4,3,4,4,3,llama3.1:8b,data_pmus_yaounde,q3_2,Agent_148,PAR BUS STACY
4,4,4,4,4,llama3.1:8b,data_pmus_yaounde,q3_3_1,Agent_148,NKOMO
4,4,3,4,3,llama3.1:8b,data_pmus_yaounde,q3_3_2,Agent_148,NKOMO
5,4,2,5,2,llama3.1:8b,data_pmus_yaounde,q4_1_a,Agent_148,Veuillez indiquer depuis combien de temps vous attendez.
4,3,4,4,4,llama3.1:8b,data_pmus_yaounde,q4_1_b,Agent_148,PLUS DE 20 MINUTES
5,4,2,5,2,llama3.1:8b,data_pmus_yaounde,q4_2_a,Agent_148,Veuillez indiquer depuis combien de temps vous attendez.
4,4,4,4,4,llama3.1:8b,data_pmus_yaounde,q4_2_b,Agent_148,30 60 MIN
4,4,4,4,4,llama3.1:8b,data_pmus_yaounde,q4_3,Agent_148,3500
4,3,4,4,4,llama3.1:8b,data_pmus_yaounde,q4_4,Agent_148,VISITE FAMILLE
3,3,4,4,3,llama3.1:8b,data_pmus_yaounde,q4_4_autres,Agent_148,ACHAT
5,3,4,4,4,llama3.1:8b,data_pmus_yaounde,q5_1,Agent_148,ENTRE 26 ET 35 ANS
5,3,3,4,4,llama3.1:8b,data_pmus_yaounde,q5_2,Agent_148,ENTRE 30 001 ET 100 000
5,4,4,4,4,llama3.1:8b,data_pmus_yaounde,q5_3,Agent_148,FEMME
4,4,3,4,3,llama3.1:8b,data_pmus_yaounde,centre ville,Agent_149,YAOUNDE
5,4,4,4,4,llama3.1:8b,data_pmus_yaounde,q1_1,Agent_149,UN QUARTIER DE LA VILLE DE YAOUNDE
4,4,4,4,4,llama3.1:8b,data_pmus_yaounde,q1_1_a,Agent_149,NKOM KANA
4,4,3,4,3,llama3.1:8b,data_pmus_yaounde,q1_1_b,Agent_149,NKOLSI
4,4,3,4,3,llama3.1:8b,data_pmus_yaounde,q1_1_c,Agent_149,AFANOYA
5,4,4,4,4,llama3.1:8b,data_pmus_yaounde,q1_2,Agent_149,UN QUARTIER DE LA VILLE DE YAOUNDE
4,4,4,4,4,llama3.1:8b,data_pmus_yaounde,q1_2_a,Agent_149,NKOM KANA
4,4,3,4,3,llama3.1:8b,data_pmus_yaounde,q1_2_b,Agent_149,NKOM KANA
4,4,3,4,3,llama3.1:8b,data_pmus_yaounde,q1_3_c,Agent_149,AFANOYA
4,3,4,4,3,llama3.1:8b,data_pmus_yaounde,q2_1,Agent_149,A PIED
4,4,3,4,3,llama3.1:8b,data_pmus_yaounde,q2_2_1,Agent_149,NKOM KANA
4,4,3,4,3,llama3.1:8b,data_pmus_yaounde,q2_2_2,Agent_149,NKOM KANA
4,4,3,4,3,llama3.1:8b,data_pmus_yaounde,q2_3_1,Agent_149,NKOM KANA
4,4,3,4,3,llama3.1:8b,data_pmus_yaounde,q2_3_2,Agent_149,NKOM KANA
5,4,4,4,4,llama3.1:8b,data_pmus_yaounde,q2_3,Agent_149,NON
4,4,3,4,3,llama3.1:8b,data_pmus_yaounde,q2_4,Agent_149,PAR BUS STACY
4,4,3,4,3,llama3.1:8b,data_pmus_yaounde,q2_5_1,Agent_149,A B0NAS
4,4,3,4,3,llama3.1:8b,data_pmus_yaounde,q2_5_2,Agent_149,0MPHINE
4,4,3,4,3,llama3.1:8b,data_pmus_yaounde,q2_6_1,Agent_149,NKOM KANA
4,4,3,4,3,llama3.1:8b,data_pmus_yaounde,q2_6_2,Agent_149,11EME ARRET
4,4,3,4,4,llama3.1:8b,data_pmus_yaounde,q3_1,Agent_149,NON
4,3,4,4,3,llama3.1:8b,data_pmus_yaounde,q3_2,Agent_149,PAR BUS STACY
4,4,4,4,4,llama3.1:8b,data_pmus_yaounde,q3_3_1,Agent_149,NKOM KANA
4,4,3,4,3,llama3.1:8b,data_pmus_yaounde,q3_3_2,Agent_149,NKOM KANA
5,4,2,5,2,llama3.1:8b,data_pmus_yaounde,q4_1_a,Agent_149,Veuillez indiquer depuis combien de temps vous attendez.
4,3,4,4,4,llama3.1:8b,data_pmus_yaounde,q4_1_b,Agent_149,MOINS DE 5 MIN
5,4,2,5,2,llama3.1:8b,data_pmus_yaounde,q4_2_a,Agent_149,Veuillez indiquer depuis combien de temps vous attendez.
4,4,4,4,4,llama3.1:8b,data_pmus_yaounde,q4_2_b,Agent_149,30 60 MIN
4,4,4,4,4,llama3.1:8b,data_pmus_yaounde,q4_3,Agent_149,200
4,3,4,4,4,llama3.1:8b,data_pmus_yaounde,q4_4,Agent_149,TRAVAIL
3,3,4,4,3,llama3.1:8b,data_pmus_yaounde,q4_4_autres,Agent_149,ACHAT
5,3,4,4,4,llama3.1:8b,data_pmus_yaounde,q5_1,Agent_149,ENTRE 36 ET 45 ANS
5,3,3,4,4,llama3.1:8b,data_pmus_yaounde,q5_2,Agent_149,ENTRE 30 001 ET 100 000
5,4,4,4,4,llama3.1:8b,data_pmus_yaounde,q5_3,Agent_149,FEMME
4,4,3,4,3,llama3.1:8b,data_pmus_yaounde,centre ville,Agent_150,YAOUNDE
5,4,4,4,4,llama3.1:8b,data_pmus_yaounde,q1_1,Agent_150,UN QUARTIER DE LA VILLE DE YAOUNDE
4,4,4,4,4,llama3.1:8b,data_pmus_yaounde,q1_1_a,Agent_150,NGOUSSO
4,4,3,4,3,llama3.1:8b,data_pmus_yaounde,q1_1_b,Agent_150,NGOUSSO
4,4,3,4,3,llama3.1:8b,data_pmus_yaounde,q1_1_c,Agent_150,AFANOYA
5,4,4,4,4,llama3.1:8b,data_pmus_yaounde,q1_2,Agent_150,UN QUARTIER DE LA VILLE DE YAOUNDE
4,4,4,4,4,llama3.1:8b,data_pmus_yaounde,q1_2_a,Agent_150,MIMBOMAN
4,4,3,4,3,llama3.1:8b,data_pmus_yaounde,q1_2_b,Agent_150,10 IEME ARRET
4,4,3,4,3,llama3.1:8b,data_pmus_yaounde,q1_3_c,Agent_150,DOUALA
4,3,4,4,3,llama3.1:8b,data_pmus_yaounde,q2_1,Agent_150,PAR BUS STACY
4,4,3,4,3,llama3.1:8b,data_pmus_yaounde,q2_2_1,Agent_150,MIMBONAN
4,4,3,4,3,llama3.1:8b,data_pmus_yaounde,q2_2_2,Agent_150,ENTREE PETIT GOUDRON
4,4,3,4,3,llama3.1:8b,data_pmus_yaounde,q2_3_1,Agent_150,NGOUSSO
4,4,3,4,3,llama3.1:8b,data_pmus_yaounde,q2_3_2,Agent_150,0NANA
5,4,4,4,4,llama3.1:8b,data_pmus_yaounde,q2_3,Agent_150,NON
4,4,3,4,3,llama3.1:8b,data_pmus_yaounde,q2_4,Agent_150,PAR BUS STACY
4,4,3,4,3,llama3.1:8b,data_pmus_yaounde,q2_5_1,Agent_150,NGOUSSO
4,4,3,4,3,llama3.1:8b,data_pmus_yaounde,q2_5_2,Agent_150,NGOUSSO
4,4,3,4,3,llama3.1:8b,data_pmus_yaounde,q2_6_1,Agent_150,NGOUSSO
4,4,3,4,3,llama3.1:8b,data_pmus_yaounde,q2_6_2,Agent_150,11EME ARRET
4,4,3,4,4,llama3.1:8b,data_pmus_yaounde,q3_1,Agent_150,NON
4,3,4,4,3,llama3.1:8b,data_pmus_yaounde,q3_2,Agent_150,PAR BUS STACY
4,4,4,4,4,llama3.1:8b,data_pmus_yaounde,q3_3_1,Agent_150,NGOUSSO
4,4,3,4,3,llama3.1:8b,data_pmus_yaounde,q3_3_2,Agent_150,10 IEME ARRET
5,4,2,5,2,llama3.1:8b,data_pmus_yaounde,q4_1_a,Agent_150,Veuillez indiquer depuis combien de temps vous attendez.
4,3,4,4,4,llama3.1:8b,data_pmus_yaounde,q4_1_b,Agent_150,10 20 MINUTES
5,4,2,5,2,llama3.1:8b,data_pmus_yaounde,q4_2_a,Agent_150,Veuillez indiquer depuis combien de temps vous attendez.
4,4,4,4,4,llama3.1:8b,data_pmus_yaounde,q4_2_b,Agent_150,15 30 MIN
4,4,4,4,4,llama3.1:8b,data_pmus_yaounde,q4_3,Agent_150,6000
4,3,4,4,4,llama3.1:8b,data_pmus_yaounde,q4_4,Agent_150,AMIS
3,3,4,4,3,llama3.1:8b,data_pmus_yaounde,q4_4_autres,Agent_150,BALADE
5,3,4,4,4,llama3.1:8b,data_pmus_yaounde,q5_1,Agent_150,ENTRE 26 ET 35 ANS
5,3,3,4,4,llama3.1:8b,data_pmus_yaounde,q5_2,Agent_150,ENTRE 30 001 ET 100 000
5,4,4,4,4,llama3.1:8b,data_pmus_yaounde,q5_3,Agent_150,HOMME
4,4,3,4,3,llama3.1:8b,data_pmus_yaounde,centre ville,Agent_151,YAOUNDE
5,4,4,4,4,llama3.1:8b,data_pmus_yaounde,q1_1,Agent_151,UN QUARTIER DE LA VILLE DE YAOUNDE
4,4,4,4,4,llama3.1:8b,data_pmus_yaounde,q1_1_a,Agent_151,MOKOLO
4,4,3,4,3,llama3.1:8b,data_pmus_yaounde,q1_1_b,Agent_151,MONTE DU PARC
4,4,3,4,3,llama3.1:8b,data_pmus_yaounde,q1_1_c,Agent_151,AFANOYA
5,4,4,4,4,llama3.1:8b,data_pmus_yaounde,q1_2,Agent_151,UN QUARTIER DE LA VILLE DE YAOUNDE
4,4,4,4,4,llama3.1:8b,data_pmus_yaounde,q1_2_a,Agent_151,MBANKOLO
4,4,3,4,3,llama3.1:8b,data_pmus_yaounde,q1_2_b,Agent_151,MBANKOLO
4,4,3,4,3,llama3.1:8b,data_pmus_yaounde,q1_3_c,Agent_151,MBANKOLO
4,3,4,4,3,llama3.1:8b,data_pmus_yaounde,q2_1,Agent_151,PAR CARGO MINI BUS
4,4,3,4,3,llama3.1:8b,data_pmus_yaounde,q2_2_1,Agent_151,MBANKOLO
4,4,3,4,3,llama3.1:8b,data_pmus_yaounde,q2_2_2,Agent_151,MBANKOLO
4,4,3,4,3,llama3.1:8b,data_pmus_yaounde,q2_3_1,Agent_151,MBANKOLO
4,4,3,4,3,llama3.1:8b,data_pmus_yaounde,q2_3_2,Agent_151,MBANKOLO
5,4,4,4,4,llama3.1:8b,data_pmus_yaounde,q2_3,Agent_151,NON
4,4,3,4,3,llama3.1:8b,data_pmus_yaounde,q2_4,Agent_151,PAR CARGO MINI BUS
4,4,3,4,3,llama3.1:8b,data_pmus_yaounde,q2_5_1,Agent_151,MBANKOLO
4,4,3,4,3,llama3.1:8b,data_pmus_yaounde,q2_5_2,Agent_151,MBANKOLO
4,4,3,4,3,llama3.1:8b,data_pmus_yaounde,q2_6_1,Agent_151,MBANKOLO
4,4,3,4,3,llama3.1:8b,data_pmus_yaounde,q2_6_2,Agent_151,11EME ARRET
4,4,3,4,4,llama3.1:8b,data_pmus_yaounde,q3_1,Agent_151,NON
4,3,4,4,3,llama3.1:8b,data_pmus_yaounde,q3_2,Agent_151,PAR CARGO MINI BUS
4,4,4,4,4,llama3.1:8b,data_pmus_yaounde,q3_3_1,Agent_151,MBANKOLO
4,4,3,4,3,llama3.1:8b,data_pmus_yaounde,q3_3_2,Agent_151,10 IEME ARRET
5,4,2,5,2,llama3.1:8b,data_pmus_yaounde,q4_1_a,Agent_151,Veuillez indiquer depuis combien de temps vous attendez.
4,3,4,4,4,llama3.1:8b,data_pmus_yaounde,q4_1_b,Agent_151,10 20 MINUTES
5,4,2,5,2,llama3.1:8b,data_pmus_yaounde,q4_2_a,Agent_151,Veuillez indiquer depuis combien de temps vous attendez.
4,4,4,4,4,llama3.1:8b,data_pmus_yaounde,q4_2_b,Agent_151,15 30 MIN
4,4,4,4,4,llama3.1:8b,data_pmus_yaounde,q4_3,Agent_151,2800
4,3,4,4,4,llama3.1:8b,data_pmus_yaounde,q4_4,Agent_151,TRAVAIL
3,3,4,4,3,llama3.1:8b,data_pmus_yaounde,q4_4_autres,Agent_151,ACHAT
5,3,4,4,4,llama3.1:8b,data_pmus_yaounde,q5_1,Agent_151,ENTRE 18 ET 25 ANS
5,3,3,4,4,llama3.1:8b,data_pmus_yaounde,q5_2,Agent_151,ENTRE 30 001 ET 100 000
5,4,4,4,4,llama3.1:8b,data_pmus_yaounde,q5_3,Agent_151,FEMME
4,4,3,4,3,llama3.1:8b,data_pmus_yaounde,centre ville,Agent_152,YAOUNDE
5,4,4,4,4,llama3.1:8b,data_pmus_yaounde,q1_1,Agent_152,UN QUARTIER DE LA VILLE DE YAOUNDE
4,4,4,4,4,llama3.1:8b,data_pmus_yaounde,q1_1_a,Agent_152,OYOM ABANG
4,4,3,4,3,llama3.1:8b,data_pmus_yaounde,q1_1_b,Agent_152,TECLA
4,4,3,4,3,llama3.1:8b,data_pmus_yaounde,q1_1_c,Agent_152,AFANOYA
5,4,4,4,4,llama3.1:8b,data_pmus_yaounde,q1_2,Agent_152,UN QUARTIER DE LA VILLE DE YAOUNDE
4,4,4,4,4,llama3.1:8b,data_pmus_yaounde,q1_2_a,Agent_152,ABOM
4,4,3,4,3,llama3.1:8b,data_pmus_yaounde,q1_2_b,Agent_152,DERRIERE EGLISE MEEC
4,4,3,4,3,llama3.1:8b,data_pmus_yaounde,q1_3_c,Agent_152,YAOUNDE
4,3,4,4,3,llama3.1:8b,data_pmus_yaounde,q2_1,Agent_152,PAR BUS STACY
4,4,3,4,3,llama3.1:8b,data_pmus_yaounde,q2_2_1,Agent_152,TRADEX
4,4,3,4,3,llama3.1:8b,data_pmus_yaounde,q2_2_2,Agent_152,10 E ARRET
4,4,3,4,3,llama3.1:8b,data_pmus_yaounde,q2_3_1,Agent_152,MEEEC
4,4,3,4,3,llama3.1:8b,data_pmus_yaounde,q2_3_2,Agent_152,CARREAU MEEC
5,4,4,4,4,llama3.1:8b,data_pmus_yaounde,q2_3,Agent_152,NON
4,4,3,4,3,llama3.1:8b,data_pmus_yaounde,q2_4,Agent_152,PAR BUS STACY
4,4,3,4,3,llama3.1:8b,data_pmus_yaounde,q2_5_1,Agent_152,A B0NAS
4,4,3,4,3,llama3.1:8b,data_pmus_yaounde,q2_5_2,Agent_152,CARREFOUR
4,4,3,4,3,llama3.1:8b,data_pmus_yaounde,q2_6_1,Agent_152,OYOM ABANG
4,4,3,4,3,llama3.1:8b,data_pmus_yaounde,q2_6_2,Agent_152,CARREFOUR
4,4,3,4,4,llama3.1:8b,data_pmus_yaounde,q3_1,Agent_152,NON
4,3,4,4,3,llama3.1:8b,data_pmus_yaounde,q3_2,Agent_152,PAR BUS STACY
4,4,4,4,4,llama3.1:8b,data_pmus_yaounde,q3_3_1,Agent_152,OYOM ABANG
4,4,3,4,3,llama3.1:8b,data_pmus_yaounde,q3_3_2,Agent_152,CARREFOUR
5,4,2,5,2,llama3.1:8b,data_pmus_yaounde,q4_1_a,Agent_152,Veuillez indiquer depuis combien de temps vous attendez.
4,3,4,4,4,llama3.1:8b,data_pmus_yaounde,q4_1_b,Agent_152,MOINS DE 5 MIN
5,4,2,5,2,llama3.1:8b,data_pmus_yaounde,q4_2_a,Agent_152,Veuillez indiquer depuis combien de temps vous attendez.
4,4,4,4,4,llama3.1:8b,data_pmus_yaounde,q4_2_b,Agent_152,15 30 MIN
4,4,4,4,4,llama3.1:8b,data_pmus_yaounde,q4_3,Agent_152,1250
4,3,4,4,4,llama3.1:8b,data_pmus_yaounde,q4_4,Agent_152,TRAVAIL
3,3,4,4,3,llama3.1:8b,data_pmus_yaounde,q4_4_autres,Agent_152,ACHAT
5,3,4,4,4,llama3.1:8b,data_pmus_yaounde,q5_1,Agent_152,ENTRE 26 ET 35 ANS
5,3,3,4,4,llama3.1:8b,data_pmus_yaounde,q5_2,Agent_152,ENTRE 30 001 ET 100 000
5,4,4,4,4,llama3.1:8b,data_pmus_yaounde,q5_3,Agent_152,FEMME
4,4,3,4,3,llama3.1:8b,data_pmus_yaounde,centre ville,Agent_153,YAOUNDE
5,4,4,4,4,llama3.1:8b,data_pmus_yaounde,q1_1,Agent_153,UN QUARTIER DE LA VILLE DE YAOUNDE
4,4,4,4,4,llama3.1:8b,data_pmus_yaounde,q1_1_a,Agent_153,ABIT
4,4,3,4,3,llama3.1:8b,data_pmus_yaounde,q1_1_b,Agent_153,ENTRE CHAMPS DE TIR
4,4,3,4,3,llama3.1:8b,data_pmus_yaounde,q1_1_c,Agent_153,AFANOYA
5,4,4,4,4,llama3.1:8b,data_pmus_yaounde,q1_2,Agent_153,UN QUARTIER DE LA VILLE DE YAOUNDE
4,4,4,4,4,llama3.1:8b,data_pmus_yaounde,q1_2_a,Agent_153,ABOM
4,4,3,4,3,llama3.1:8b,data_pmus_yaounde,q1_2_b,Agent_153,10 IEME ARRET
4,4,3,4,3,llama3.1:8b,data_pmus_yaounde,q1_3_c,Agent_153,DOUALA
4,3,4,4,3,llama3.1:8b,data_pmus_yaounde,q2_1,Agent_153,PAR BUS STACY
4,4,3,4,3,llama3.1:8b,data_pmus_yaounde,q2_2_1,Agent_153,2 CHEVEAU
4,4,3,4,3,llama3.1:8b,data_pmus_yaounde,q2_2_2,Agent_153,MVOLYE
4,4,3,4,3,llama3.1:8b,data_pmus_yaounde,q2_3_1,Agent_153,EFOULAN
4,4,3,4,3,llama3.1:8b,data_pmus_yaounde,q2_3_2,Agent_153,0NANA
5,4,4,4,4,llama3.1:8b,data_pmus_yaounde,q2_3,Agent_153,NON
4,4,3,4,3,llama3.1:8b,data_pmus_yaounde,q2_4,Agent_153,PAR BUS STACY
4,4,3,4,3,llama3.1:8b,data_pmus_yaounde,q2_5_1,Agent_153,A B0NAS
4,4,3,4,3,llama3.1:8b,data_pmus_yaounde,q2_5_2,Agent_153,A LA DOUCHE
4,4,3,4,3,llama3.1:8b,data_pmus_yaounde,q2_6_1,Agent_153,OLEMBE
4,4,3,4,3,llama3.1:8b,data_pmus_yaounde,q2_6_2,Agent_153,11EME ARRET
4,4,3,4,4,llama3.1:8b,data_pmus_yaounde,q3_1,Agent_153,NON
4,3,4,4,3,llama3.1:8b,data_pmus_yaounde,q3_2,Agent_153,PAR BUS STACY
4,4,4,4,4,llama3.1:8b,data_pmus_yaounde,q3_3_1,Agent_153,MVOLYE
4,4,3,4,3,llama3.1:8b,data_pmus_yaounde,q3_3_2,Agent_153,10 IEME ARRET
5,4,2,5,2,llama3.1:8b,data_pmus_yaounde,q4_1_a,Agent_153,Veuillez indiquer depuis combien de temps vous attendez.
4,3,4,4,4,llama3.1:8b,data_pmus_yaounde,q4_1_b,Agent_153,10 20 MINUTES
5,4,2,5,2,llama3.1:8b,data_pmus_yaounde,q4_2_a,Agent_153,Veuillez indiquer depuis combien de temps vous attendez.
4,4,4,4,4,llama3.1:8b,data_pmus_yaounde,q4_2_b,Agent_153,15 30 MIN
4,4,4,4,4,llama3.1:8b,data_pmus_yaounde,q4_3,Agent_153,2900
4,3,4,4,4,llama3.1:8b,data_pmus_yaounde,q4_4,Agent_153,SPORTIVES
3,3,4,4,3,llama3.1:8b,data_pmus_yaounde,q4_4_autres,Agent_153,SPORT ET VISITE AMICALE
5,3,4,4,4,llama3.1:8b,data_pmus_yaounde,q5_1,Agent_153,MOINS DE 18 ANS
5,3,3,4,4,llama3.1:8b,data_pmus_yaounde,q5_2,Agent_153,ENTRE 30 001 ET 100 000
5,4,4,4,4,llama3.1:8b,data_pmus_yaounde,q5_3,Agent_153,HOMME
4,4,3,4,3,llama3.1:8b,data_pmus_yaounde,centre ville,Agent_154,YAOUNDE
5,4,4,4,4,llama3.1:8b,data_pmus_yaounde,q1_1,Agent_154,UN QUARTIER DE LA VILLE DE YAOUNDE
4,4,4,4,4,llama3.1:8b,data_pmus_yaounde,q1_1_a,Agent_154,ABIT
4,4,3,4,3,llama3.1:8b,data_pmus_yaounde,q1_1_b,Agent_154,10EME ARRET
4,4,3,4,3,llama3.1:8b,data_pmus_yaounde,q1_1_c,Agent_154,AFANOYA
5,4,4,4,4,llama3.1:8b,data_pmus_yaounde,q1_2,Agent_154,UN QUARTIER DE LA VILLE DE YAOUNDE
4,4,4,4,4,llama3.1:8b,data_pmus_yaounde,q1_2_a,Agent_154,ABOM
4,4,3,4,3,llama3.1:8b,data_pmus_yaounde,q1_2_b,Agent_154,10 IEME ARRET
4,4,3,4,3,llama3.1:8b,data_pmus_yaounde,q1_3_c,Agent_154,YAOUNDE
4,3,4,4,3,llama3.1:8b,data_pmus_yaounde,q2_1,Agent_154,A PIED
4,4,3,4,3,llama3.1:8b,data_pmus_yaounde,q2_2_1,Agent_154,ABOM
4,4,3,4,3,llama3.1:8b,data_pmus_yaounde,q2_2_2,Agent_154,10 E ARRET
4,4,3,4,3,llama3.1:8b,data_pmus_yaounde,q2_3_1,Agent_154,TERMINUS
4,4,3,4,3,llama3.1:8b,data_pmus_yaounde,q2_3_2,Agent_154,TERMINUS
5,4,4,4,4,llama3.1:8b,data_pmus_yaounde,q2_3,Agent_154,NON
4,4,3,4,3,llama3.1:8b,data_pmus_yaounde,q2_4,Agent_154,PAR BUS STACY
4,4,3,4,3,llama3.1:8b,data_pmus_yaounde,q2_5_1,Agent_154,A B0NAS
4,4,3,4,3,llama3.1:8b,data_pmus_yaounde,q2_5_2,Agent_154,0MPHINE
4,4,3,4,3,llama3.1:8b,data_pmus_yaounde,q2_6_1,Agent_154,NKONDENGUI
4,4,3,4,3,llama3.1:8b,data_pmus_yaounde,q2_6_2,Agent_154,11EME ARRET
4,4,3,4,4,llama3.1:8b,data_pmus_yaounde,q3_1,Agent_154,NON
4,3,4,4,3,llama3.1:8b,data_pmus_yaounde,q3_2,Agent_154,PAR BUS STACY
4,4,4,4,4,llama3.1:8b,data_pmus_yaounde,q3_3_1,Agent_154,NKONDENGUI
4,4,3,4,3,llama3.1:8b,data_pmus_yaounde,q3_3_2,Agent_154,NKONDENGUI
5,4,2,5,2,llama3.1:8b,data_pmus_yaounde,q4_1_a,Agent_154,Veuillez indiquer depuis combien de temps vous attendez.
4,3,4,4,4,llama3.1:8b,data_pmus_yaounde,q4_1_b,Agent_154,MOINS DE 5 MIN
5,4,2,5,2,llama3.1:8b,data_pmus_yaounde,q4_2_a,Agent_154,Veuillez indiquer depuis combien de temps vous attendez.
4,4,4,4,4,llama3.1:8b,data_pmus_yaounde,q4_2_b,Agent_154,15 30 MIN
4,4,4,4,4,llama3.1:8b,data_pmus_yaounde,q4_3,Agent_154,120
4,3,4,4,4,llama3.1:8b,data_pmus_yaounde,q4_4,Agent_154,TRAVAIL
3,3,4,4,3,llama3.1:8b,data_pmus_yaounde,q4_4_autres,Agent_154,FAIRE DU MARCHE
5,3,4,4,4,llama3.1:8b,data_pmus_yaounde,q5_1,Agent_154,ENTRE 26 ET 35 ANS
5,3,3,4,4,llama3.1:8b,data_pmus_yaounde,q5_2,Agent_154,ENTRE 30 001 ET 100 000
5,4,4,4,4,llama3.1:8b,data_pmus_yaounde,q5_3,Agent_154,FEMME
4,4,3,4,3,llama3.1:8b,data_pmus_yaounde,centre ville,Agent_155,YAOUNDE
5,4,4,4,4,llama3.1:8b,data_pmus_yaounde,q1_1,Agent_155,UN QUARTIER DE LA VILLE DE YAOUNDE
4,4,4,4,4,llama3.1:8b,data_pmus_yaounde,q1_1_a,Agent_155,ETOUDI
4,4,3,4,3,llama3.1:8b,data_pmus_yaounde,q1_1_b,Agent_155,ETOUDI PALAIS
4,4,3,4,3,llama3.1:8b,data_pmus_yaounde,q1_1_c,Agent_155,AFANOYA
5,4,4,4,4,llama3.1:8b,data_pmus_yaounde,q1_2,Agent_155,UN QUARTIER DE LA VILLE DE YAOUNDE
4,4,4,4,4,llama3.1:8b,data_pmus_yaounde,q1_2_a,Agent_155,ABOM
4,4,3,4,3,llama3.1:8b,data_pmus_yaounde,q1_2_b,Agent_155,ETOA
4,4,3,4,3,llama3.1:8b,data_pmus_yaounde,q1_3_c,Agent_155,YAOUNDE
4,3,4,4,3,llama3.1:8b,data_pmus_yaounde,q2_1,Agent_155,PAR BUS STACY
4,4,3,4,3,llama3.1:8b,data_pmus_yaounde,q2_2_1,Agent_155,MENDONG
4,4,3,4,3,llama3.1:8b,data_pmus_yaounde,q2_2_2,Agent_155,MENDONG
4,4,3,4,3,llama3.1:8b,data_pmus_yaounde,q2_3_1,Agent_155,MENDONG
4,4,3,4,3,llama3.1:8b,data_pmus_yaounde,q2_3_2,Agent_155,MENDONG
5,4,4,4,4,llama3.1:8b,data_pmus_yaounde,q2_3,Agent_155,NON
4,4,3,4,3,llama3.1:8b,data_pmus_yaounde,q2_4,Agent_155,PAR BUS AGENCE INTERURBAIN
4,4,3,4,3,llama3.1:8b,data_pmus_yaounde,q2_5_1,Agent_155,MENDONG
4,4,3,4,3,llama3.1:8b,data_pmus_yaounde,q2_5_2,Agent_155,MENDONG
4,4,3,4,3,llama3.1:8b,data_pmus_yaounde,q2_6_1,Agent_155,MENDONG
4,4,3,4,3,llama3.1:8b,data_pmus_yaounde,q2_6_2,Agent_155,MENDONG
4,4,3,4,4,llama3.1:8b,data_pmus_yaounde,q3_1,Agent_155,NON
4,3,4,4,3,llama3.1:8b,data_pmus_yaounde,q3_2,Agent_155,PAR BUS AGENCE INTERURBAIN
4,4,4,4,4,llama3.1:8b,data_pmus_yaounde,q3_3_1,Agent_155,MENDONG
4,4,3,4,3,llama3.1:8b,data_pmus_yaounde,q3_3_2,Agent_155,MENDONG
5,4,2,5,2,llama3.1:8b,data_pmus_yaounde,q4_1_a,Agent_155,Veuillez indiquer depuis combien de temps vous attendez.
4,3,4,4,4,llama3.1:8b,data_pmus_yaounde,q4_1_b,Agent_155,10 20 MINUTES
5,4,2,5,2,llama3.1:8b,data_pmus_yaounde,q4_2_a,Agent_155,Veuillez indiquer depuis combien de temps vous attendez.
4,4,4,4,4,llama3.1:8b,data_pmus_yaounde,q4_2_b,Agent_155,15 30 MIN
4,4,4,4,4,llama3.1:8b,data_pmus_yaounde,q4_3,Agent_155,3300
4,3,4,4,4,llama3.1:8b,data_pmus_yaounde,q4_4,Agent_155,D MARCHES ADMINISTRATIVES ET OU SANT
3,3,4,4,3,llama3.1:8b,data_pmus_yaounde,q4_4_autres,Agent_155,FAIRE DES ACHATS
5,3,4,4,4,llama3.1:8b,data_pmus_yaounde,q5_1,Agent_155,ENTRE 26 ET 35 ANS
5,3,3,4,4,llama3.1:8b,data_pmus_yaounde,q5_2,Agent_155,ENTRE 30 001 ET 100 000
5,4,4,4,4,llama3.1:8b,data_pmus_yaounde,q5_3,Agent_155,HOMME
4,4,3,4,3,llama3.1:8b,data_pmus_yaounde,centre ville,Agent_156,YAOUNDE
5,4,4,4,4,llama3.1:8b,data_pmus_yaounde,q1_1,Agent_156,UN QUARTIER DE LA VILLE DE YAOUNDE
4,4,4,4,4,llama3.1:8b,data_pmus_yaounde,q1_1_a,Agent_156,ABIT
4,4,3,4,3,llama3.1:8b,data_pmus_yaounde,q1_1_b,Agent_156,COLLEGE ADV A NTISTE
4,4,3,4,3,llama3.1:8b,data_pmus_yaounde,q1_1_c,Agent_156,AFANOYA
5,4,4,4,4,llama3.1:8b,data_pmus_yaounde,q1_2,Agent_156,UN QUARTIER DE LA VILLE DE YAOUNDE
4,4,4,4,4,llama3.1:8b,data_pmus_yaounde,q1_2_a,Agent_156,CENTRE VILLE
4,4,3,4,3,llama3.1:8b,data_pmus_yaounde,q1_2_b,Agent_156,10 IEME ARRET
4,4,3,4,3,llama3.1:8b,data_pmus_yaounde,q1_3_c,Agent_156,AFANOYA
4,3,4,4,3,llama3.1:8b,data_pmus_yaounde,q2_1,Agent_156,PAR BUS AGENCE INTERURBAIN
4,4,3,4,3,llama3.1:8b,data_pmus_yaounde,q2_2_1,Agent_156,CARREFOUR BERLIN
4,4,3,4,3,llama3.1:8b,data_pmus_yaounde,q2_2_2,Agent_156,CARABA
4,4,3,4,3,llama3.1:8b,data_pmus_yaounde,q2_3_1,Agent_156,FOUDA
4,4,3,4,3,llama3.1:8b,data_pmus_yaounde,q2_3_2,Agent_156,FOUDA
5,4,4,4,4,llama3.1:8b,data_pmus_yaounde,q2_3,Agent_156,NON
4,4,3,4,3,llama3.1:8b,data_pmus_yaounde,q2_4,Agent_156,PAR BUS AGENCE INTERURBAIN
4,4,3,4,3,llama3.1:8b,data_pmus_yaounde,q2_5_1,Agent_156,FOUDA
4,4,3,4,3,llama3.1:8b,data_pmus_yaounde,q2_5_2,Agent_156,0MPHINE
4,4,3,4,3,llama3.1:8b,data_pmus_yaounde,q2_6_1,Agent_156,FOUDA
4,4,3,4,3,llama3.1:8b,data_pmus_yaounde,q2_6_2,Agent_156,11EME ARRET
4,4,3,4,4,llama3.1:8b,data_pmus_yaounde,q3_1,Agent_156,NON
4,3,4,4,3,llama3.1:8b,data_pmus_yaounde,q3_2,Agent_156,PAR BUS AGENCE INTERURBAIN
4,4,4,4,4,llama3.1:8b,data_pmus_yaounde,q3_3_1,Agent_156,ACACIA
4,4,3,4,3,llama3.1:8b,data_pmus_yaounde,q3_3_2,Agent_156,FOUDA
5,4,2,5,2,llama3.1:8b,data_pmus_yaounde,q4_1_a,Agent_156,Veuillez indiquer depuis combien de temps vous attendez.
4,3,4,4,4,llama3.1:8b,data_pmus_yaounde,q4_1_b,Agent_156,10 20 MINUTES
5,4,2,5,2,llama3.1:8b,data_pmus_yaounde,q4_2_a,Agent_156,Veuillez indiquer depuis combien de temps vous attendez.
4,4,4,4,4,llama3.1:8b,data_pmus_yaounde,q4_2_b,Agent_156,15 30 MIN
4,4,4,4,4,llama3.1:8b,data_pmus_yaounde,q4_3,Agent_156,2800
4,3,4,4,4,llama3.1:8b,data_pmus_yaounde,q4_4,Agent_156,TRAVAIL
3,3,4,4,3,llama3.1:8b,data_pmus_yaounde,q4_4_autres,Agent_156,BALADE
5,3,4,4,4,llama3.1:8b,data_pmus_yaounde,q5_1,Agent_156,ENTRE 18 ET 25 ANS
5,3,3,4,4,llama3.1:8b,data_pmus_yaounde,q5_2,Agent_156,ENTRE 30 001 ET 100 000
5,4,4,4,4,llama3.1:8b,data_pmus_yaounde,q5_3,Agent_156,HOMME
4,4,3,4,3,llama3.1:8b,data_pmus_yaounde,centre ville,Agent_157,YAOUNDE
5,4,4,4,4,llama3.1:8b,data_pmus_yaounde,q1_1,Agent_157,UN QUARTIER DE LA VILLE DE YAOUNDE
4,4,4,4,4,llama3.1:8b,data_pmus_yaounde,q1_1_a,Agent_157,ABIT
4,4,3,4,3,llama3.1:8b,data_pmus_yaounde,q1_1_b,Agent_157,MONTEE JUVENS
4,4,3,4,3,llama3.1:8b,data_pmus_yaounde,q1_1_c,Agent_157,AFANOYA
5,4,4,4,4,llama3.1:8b,data_pmus_yaounde,q1_2,Agent_157,UN QUARTIER DE LA VILLE DE YAOUNDE
4,4,4,4,4,llama3.1:8b,data_pmus_yaounde,q1_2_a,Agent_157,MBANKOMO
4,4,3,4,3,llama3.1:8b,data_pmus_yaounde,q1_2_b,Agent_157,10 IEME ARRET
4,4,3,4,3,llama3.1:8b,data_pmus_yaounde,q1_3_c,Agent_157,DOUALA
4,3,4,4,3,llama3.1:8b,data_pmus_yaounde,q2_1,Agent_157,PAR BUS STACY
4,4,3,4,3,llama3.1:8b,data_pmus_yaounde,q2_2_1,Agent_157,2 CHEVEAU
4,4,3,4,3,llama3.1:8b,data_pmus_yaounde,q2_2_2,Agent_157,MEGADA
4,4,3,4,3,llama3.1:8b,data_pmus_yaounde,q2_3_1,Agent_157,MBANKOLO
4,4,3,4,3,llama3.1:8b,data_pmus_yaounde,q2_3_2,Agent_157,0NANA
5,4,4,4,4,llama3.1:8b,data_pmus_yaounde,q2_3,Agent_157,NON
4,4,3,4,3,llama3.1:8b,data_pmus_yaounde,q2_4,Agent_157,PAR BUS STACY
4,4,3,4,3,llama3.1:8b,data_pmus_yaounde,q2_5_1,Agent_157,A B0NAS
4,4,3,4,3,llama3.1:8b,data_pmus_yaounde,q2_5_2,Agent_157,MBALLA 2
4,4,3,4,3,llama3.1:8b,data_pmus_yaounde,q2_6_1,Agent_157,ABATTOIR
4,4,3,4,3,llama3.1:8b,data_pmus_yaounde,q2_6_2,Agent_157,MONTE
4,4,3,4,4,llama3.1:8b,data_pmus_yaounde,q3_1,Agent_157,NON
4,3,4,4,3,llama3.1:8b,data_pmus_yaounde,q3_2,Agent_157,PAR BUS STACY
4,4,4,4,4,llama3.1:8b,data_pmus_yaounde,q3_3_1,Agent_157,MBANKOLO
4,4,3,4,3,llama3.1:8b,data_pmus_yaounde,q3_3_2,Agent_157,10 IEME ARRET
5,4,2,5,2,llama3.1:8b,data_pmus_yaounde,q4_1_a,Agent_157,Veuillez indiquer depuis combien de temps vous attendez.
4,3,4,4,4,llama3.1:8b,data_pmus_yaounde,q4_1_b,Agent_157,MOINS DE 5 MIN
5,4,2,5,2,llama3.1:8b,data_pmus_yaounde,q4_2_a,Agent_157,Veuillez indiquer depuis combien de temps vous attendez.
4,4,4,4,4,llama3.1:8b,data_pmus_yaounde,q4_2_b,Agent_157,15 30 MIN
4,4,4,4,4,llama3.1:8b,data_pmus_yaounde,q4_3,Agent_157,3000
4,3,4,4,4,llama3.1:8b,data_pmus_yaounde,q4_4,Agent_157,TRAVAIL
3,3,4,4,3,llama3.1:8b,data_pmus_yaounde,q4_4_autres,Agent_157,COMMERCE
5,3,4,4,4,llama3.1:8b,data_pmus_yaounde,q5_1,Agent_157,ENTRE 18 ET 25 ANS
5,3,3,4,4,llama3.1:8b,data_pmus_yaounde,q5_2,Agent_157,MOINS DE 30 000
5,4,4,4,4,llama3.1:8b,data_pmus_yaounde,q5_3,Agent_157,HOMME
4,4,3,4,3,llama3.1:8b,data_pmus_yaounde,centre ville,Agent_158,YAOUNDE
5,4,4,4,4,llama3.1:8b,data_pmus_yaounde,q1_1,Agent_158,UN QUARTIER DE LA VILLE DE YAOUNDE
4,4,4,4,4,llama3.1:8b,data_pmus_yaounde,q1_1_a,Agent_158,MVOG ADA
4,4,3,4,3,llama3.1:8b,data_pmus_yaounde,q1_1_b,Agent_158,ENTREE FERMANCAM
4,4,3,4,3,llama3.1:8b,data_pmus_yaounde,q1_1_c,Agent_158,AFANOYA
5,4,4,4,4,llama3.1:8b,data_pmus_yaounde,q1_2,Agent_158,UN QUARTIER DE LA VILLE DE YAOUNDE
4,4,4,4,4,llama3.1:8b,data_pmus_yaounde,q1_2_a,Agent_158,MVOG ADA
4,4,3,4,3,llama3.1:8b,data_pmus_yaounde,q1_2_b,Agent_158,10 IEME ARRET
4,4,3,4,3,llama3.1:8b,data_pmus_yaounde,q1_3_c,Agent_158,DOUALA
4,3,4,4,3,llama3.1:8b,data_pmus_yaounde,q2_1,Agent_158,PAR BUS STACY
4,4,3,4,3,llama3.1:8b,data_pmus_yaounde,q2_2_1,Agent_158,ELIG EFFA
4,4,3,4,3,llama3.1:8b,data_pmus_yaounde,q2_2_2,Agent_158,10 E ARRET
4,4,3,4,3,llama3.1:8b,data_pmus_yaounde,q2_3_1,Agent_158,ELIG EFFA
4,4,3,4,3,llama3.1:8b,data_pmus_yaounde,q2_3_2,Agent_158,0NANA
5,4,4,4,4,llama3.1:8b,data_pmus_yaounde,q2_3,Agent_158,NON
4,4,3,4,3,llama3.1:8b,data_pmus_yaounde,q2_4,Agent_158,PAR BUS STACY
4,4,3,4,3,llama3.1:8b,data_pmus_yaounde,q2_5_1,Agent_158,A B0NAS
4,4,3,4,3,llama3.1:8b,data_pmus_yaounde,q2_5_2,Agent_158,HOST HOTEL
4,4,3,4,3,llama3.1:8b,data_pmus_yaounde,q2_6_1,Agent_158,MVOG ADA
4,4,3,4,3,llama3.1:8b,data_pmus_yaounde,q2_6_2,Agent_158,11EME ARRET
4,4,3,4,4,llama3.1:8b,data_pmus_yaounde,q3_1,Agent_158,NON
4,3,4,4,3,llama3.1:8b,data_pmus_yaounde,q3_2,Agent_158,PAR BUS STACY
4,4,4,4,4,llama3.1:8b,data_pmus_yaounde,q3_3_1,Agent_158,MVOG ADA
4,4,3,4,3,llama3.1:8b,data_pmus_yaounde,q3_3_2,Agent_158,MVOG ADA
5,4,2,5,2,llama3.1:8b,data_pmus_yaounde,q4_1_a,Agent_158,Veuillez indiquer depuis combien de temps vous attendez.
4,3,4,4,4,llama3.1:8b,data_pmus_yaounde,q4_1_b,Agent_158,MOINS DE 5 MIN
5,4,2,5,2,llama3.1:8b,data_pmus_yaounde,q4_2_a,Agent_158,Veuillez indiquer depuis combien de temps vous attendez.
4,4,4,4,4,llama3.1:8b,data_pmus_yaounde,q4_2_b,Agent_158,30 60 MIN
4,4,4,4,4,llama3.1:8b,data_pmus_yaounde,q4_3,Agent_158,1200
4,3,4,4,4,llama3.1:8b,data_pmus_yaounde,q4_4,Agent_158,TRAVAIL
3,3,4,4,3,llama3.1:8b,data_pmus_yaounde,q4_4_autres,Agent_158,ACHAT
5,3,4,4,4,llama3.1:8b,data_pmus_yaounde,q5_1,Agent_158,ENTRE 18 ET 25 ANS
5,3,3,4,4,llama3.1:8b,data_pmus_yaounde,q5_2,Agent_158,ENTRE 30 001 ET 100 000
5,4,4,4,4,llama3.1:8b,data_pmus_yaounde,q5_3,Agent_158,HOMME
4,4,3,4,3,llama3.1:8b,data_pmus_yaounde,centre ville,Agent_159,YAOUNDE
5,4,4,4,4,llama3.1:8b,data_pmus_yaounde,q1_1,Agent_159,UN QUARTIER DE LA VILLE DE YAOUNDE
4,4,4,4,4,llama3.1:8b,data_pmus_yaounde,q1_1_a,Agent_159,ABIT
4,4,3,4,3,llama3.1:8b,data_pmus_yaounde,q1_1_b,Agent_159,DERRIERE LA PHARACIE
4,4,3,4,3,llama3.1:8b,data_pmus_yaounde,q1_1_c,Agent_159,AFANOYA
5,4,4,4,4,llama3.1:8b,data_pmus_yaounde,q1_2,Agent_159,UN QUARTIER DE LA VILLE DE YAOUNDE
4,4,4,4,4,llama3.1:8b,data_pmus_yaounde,q1_2_a,Agent_159,ABOM
4,4,3,4,3,llama3.1:8b,data_pmus_yaounde,q1_2_b,Agent_159,SERVICE DU GOUVERNEUR
4,4,3,4,3,llama3.1:8b,data_pmus_yaounde,q1_3_c,Agent_159,YAOUNDE
4,3,4,4,3,llama3.1:8b,data_pmus_yaounde,q2_1,Agent_159,PAR BUS STACY
4,4,3,4,3,llama3.1:8b,data_pmus_yaounde,q2_2_1,Agent_159,MBALLA 2
4,4,3,4,3,llama3.1:8b,data_pmus_yaounde,q2_2_2,Agent_159,10 E ARRET
4,4,3,4,3,llama3.1:8b,data_pmus_yaounde,q2_3_1,Agent_159,0LESOA
4,4,3,4,3,llama3.1:8b,data_pmus_yaounde,q2_3_2,Agent_159,0NANA
5,4,4,4,4,llama3.1:8b,data_pmus_yaounde,q2_3,Agent_159,NON
4,4,3,4,3,llama3.1:8b,data_pmus_yaounde,q2_4,Agent_159,PAR BUS STACY
4,4,3,4,3,llama3.1:8b,data_pmus_yaounde,q2_5_1,Agent_159,MBALLA
4,4,3,4,3,llama3.1:8b,data_pmus_yaounde,q2_5_2,Agent_159,0MPHINE
4,4,3,4,3,llama3.1:8b,data_pmus_yaounde,q2_6_1,Agent_159,ABATTOIR
4,4,3,4,3,llama3.1:8b,data_pmus_yaounde,q2_6_2,Agent_159,11EME ARRET
4,4,3,4,4,llama3.1:8b,data_pmus_yaounde,q3_1,Agent_159,NON
4,3,4,4,3,llama3.1:8b,data_pmus_yaounde,q3_2,Agent_159,PAR BUS STACY
4,4,4,4,4,llama3.1:8b,data_pmus_yaounde,q3_3_1,Agent_159,PROVINCE
4,4,3,4,3,llama3.1:8b,data_pmus_yaounde,q3_3_2,Agent_159,PROVINCE
5,4,2,5,2,llama3.1:8b,data_pmus_yaounde,q4_1_a,Agent_159,Veuillez indiquer depuis combien de temps vous attendez.
4,3,4,4,4,llama3.1:8b,data_pmus_yaounde,q4_1_b,Agent_159,PLUS DE 20 MINUTES
5,4,2,5,2,llama3.1:8b,data_pmus_yaounde,q4_2_a,Agent_159,Veuillez indiquer depuis combien de temps vous attendez.
4,4,4,4,4,llama3.1:8b,data_pmus_yaounde,q4_2_b,Agent_159,15 30 MIN
4,4,4,4,4,llama3.1:8b,data_pmus_yaounde,q4_3,Agent_159,100
4,3,4,4,4,llama3.1:8b,data_pmus_yaounde,q4_4,Agent_159,VISITE FAMILLE
3,3,4,4,3,llama3.1:8b,data_pmus_yaounde,q4_4_autres,Agent_159,ACHAT
5,3,4,4,4,llama3.1:8b,data_pmus_yaounde,q5_1,Agent_159,ENTRE 26 ET 35 ANS
5,3,3,4,4,llama3.1:8b,data_pmus_yaounde,q5_2,Agent_159,ENTRE 30 001 ET 100 000
5,4,4,4,4,llama3.1:8b,data_pmus_yaounde,q5_3,Agent_159,HOMME
4,4,3,4,3,llama3.1:8b,data_pmus_yaounde,centre ville,Agent_160,YAOUNDE
5,4,4,4,4,llama3.1:8b,data_pmus_yaounde,q1_1,Agent_160,UN QUARTIER DE LA VILLE DE YAOUNDE
4,4,4,4,4,llama3.1:8b,data_pmus_yaounde,q1_1_a,Agent_160,CARREFOUR MEEC
4,4,3,4,3,llama3.1:8b,data_pmus_yaounde,q1_1_b,Agent_160,PHARMACIE DE MANGUIER
4,4,3,4,3,llama3.1:8b,data_pmus_yaounde,q1_1_c,Agent_160,AFANOYA
5,4,4,4,4,llama3.1:8b,data_pmus_yaounde,q1_2,Agent_160,UN QUARTIER DE LA VILLE DE YAOUNDE
4,4,4,4,4,llama3.1:8b,data_pmus_yaounde,q1_2_a,Agent_160,CARREFOUR MEEC
4,4,3,4,3,llama3.1:8b,data_pmus_yaounde,q1_2_b,Agent_160,10 IEME ARRET
4,4,3,4,3,llama3.1:8b,data_pmus_yaounde,q1_3_c,Agent_160,DOUALA
4,3,4,4,3,llama3.1:8b,data_pmus_yaounde,q2_1,Agent_160,A PIED
4,4,3,4,3,llama3.1:8b,data_pmus_yaounde,q2_2_1,Agent_160,CARREFOUR MEEC
4,4,3,4,3,llama3.1:8b,data_pmus_yaounde,q2_2_2,Agent_160,10 E ARRET
4,4,3,4,3,llama3.1:8b,data_pmus_yaounde,q2_3_1,Agent_160,0LESOA
4,4,3,4,3,llama3.1:8b,data_pmus_yaounde,q2_3_2,Agent_160,CARREFOUR
5,4,4,4,4,llama3.1:8b,data_pmus_yaounde,q2_3,Agent_160,NON
4,4,3,4,3,llama3.1:8b,data_pmus_yaounde,q2_4,Agent_160,PAR BUS STACY
4,4,3,4,3,llama3.1:8b,data_pmus_yaounde,q2_5_1,Agent_160,A B0NAS
4,4,3,4,3,llama3.1:8b,data_pmus_yaounde,q2_5_2,Agent_160,CARREFOUR
4,4,3,4,3,llama3.1:8b,data_pmus_yaounde,q2_6_1,Agent_160,CARREFOUR
4,4,3,4,3,llama3.1:8b,data_pmus_yaounde,q2_6_2,Agent_160,CARREFOUR
4,4,3,4,4,llama3.1:8b,data_pmus_yaounde,q3_1,Agent_160,NON
4,3,4,4,3,llama3.1:8b,data_pmus_yaounde,q3_2,Agent_160,PAR BUS STACY
4,4,4,4,4,llama3.1:8b,data_pmus_yaounde,q3_3_1,Agent_160,MANGUIER
4,4,3,4,3,llama3.1:8b,data_pmus_yaounde,q3_3_2,Agent_160,MANGUIER
5,4,2,5,2,llama3.1:8b,data_pmus_yaounde,q4_1_a,Agent_160,Veuillez indiquer depuis combien de temps vous attendez.
4,3,4,4,4,llama3.1:8b,data_pmus_yaounde,q4_1_b,Agent_160,MOINS DE 5 MIN
5,4,2,5,2,llama3.1:8b,data_pmus_yaounde,q4_2_a,Agent_160,Veuillez indiquer depuis combien de temps vous attendez.
4,4,4,4,4,llama3.1:8b,data_pmus_yaounde,q4_2_b,Agent_160,15 30 MIN
4,4,4,4,4,llama3.1:8b,data_pmus_yaounde,q4_3,Agent_160,250
4,3,4,4,4,llama3.1:8b,data_pmus_yaounde,q4_4,Agent_160,TRAVAIL
3,3,4,4,3,llama3.1:8b,data_pmus_yaounde,q4_4_autres,Agent_160,FAIRE DU MARCHE
5,3,4,4,4,llama3.1:8b,data_pmus_yaounde,q5_1,Agent_160,ENTRE 55ANS ET 64 ANS
5,3,3,4,4,llama3.1:8b,data_pmus_yaounde,q5_2,Agent_160,ENTRE 30 001 ET 100 000
5,4,4,4,4,llama3.1:8b,data_pmus_yaounde,q5_3,Agent_160,HOMME
4,4,3,4,3,llama3.1:8b,data_pmus_yaounde,centre ville,Agent_161,YAOUNDE
5,4,4,4,4,llama3.1:8b,data_pmus_yaounde,q1_1,Agent_161,UN QUARTIER DE LA VILLE DE YAOUNDE
4,4,4,4,4,llama3.1:8b,data_pmus_yaounde,q1_1_a,Agent_161,ABIT
4,4,3,4,3,llama3.1:8b,data_pmus_yaounde,q1_1_b,Agent_161,10EME ARRET
4,4,3,4,3,llama3.1:8b,data_pmus_yaounde,q1_1_c,Agent_161,AFANOYA
5,4,4,4,4,llama3.1:8b,data_pmus_yaounde,q1_2,Agent_161,UN QUARTIER DE LA VILLE DE YAOUNDE
4,4,4,4,4,llama3.1:8b,data_pmus_yaounde,q1_2_a,Agent_161,MESSASSI
4,4,3,4,3,llama3.1:8b,data_pmus_yaounde,q1_2_b,Agent_161,CAREFOUIR
4,4,3,4,3,llama3.1:8b,data_pmus_yaounde,q1_3_c,Agent_161,YAOUNDE
4,3,4,4,3,llama3.1:8b,data_pmus_yaounde,q2_1,Agent_161,PAR BUS STACY
4,4,3,4,3,llama3.1:8b,data_pmus_yaounde,q2_2_1,Agent_161,MESSASSISI
4,4,3,4,3,llama3.1:8b,data_pmus_yaounde,q2_2_2,Agent_161,10 E ARRET
4,4,3,4,3,llama3.1:8b,data_pmus_yaounde,q2_3_1,Agent_161,MINI FERME
4,4,3,4,3,llama3.1:8b,data_pmus_yaounde,q2_3_2,Agent_161,CARREFOUR
5,4,4,4,4,llama3.1:8b,data_pmus_yaounde,q2_3,Agent_161,NON
4,4,3,4,3,llama3.1:8b,data_pmus_yaounde,q2_4,Agent_161,PAR BUS STACY
4,4,3,4,3,llama3.1:8b,data_pmus_yaounde,q2_5_1,Agent_161,A B0NAS
4,4,3,4,3,llama3.1:8b,data_pmus_yaounde,q2_5_2,Agent_161,CARREFOUR
4,4,3,4,3,llama3.1:8b,data_pmus_yaounde,q2_6_1,Agent_161,CARREFOUR
4,4,3,4,3,llama3.1:8b,data_pmus_yaounde,q2_6_2,Agent_161,11EME ARRET
4,4,3,4,4,llama3.1:8b,data_pmus_yaounde,q3_1,Agent_161,NON
4,3,4,4,3,llama3.1:8b,data_pmus_yaounde,q3_2,Agent_161,PAR BUS STACY
4,4,4,4,4,llama3.1:8b,data_pmus_yaounde,q3_3_1,Agent_161,ACACIA
4,4,3,4,3,llama3.1:8b,data_pmus_yaounde,q3_3_2,Agent_161,CARREFOUR
5,4,2,5,2,llama3.1:8b,data_pmus_yaounde,q4_1_a,Agent_161,Veuillez indiquer depuis combien de temps vous attendez.
4,3,4,4,4,llama3.1:8b,data_pmus_yaounde,q4_1_b,Agent_161,10 20 MINUTES
5,4,2,5,2,llama3.1:8b,data_pmus_yaounde,q4_2_a,Agent_161,Veuillez indiquer depuis combien de temps vous attendez.
4,4,4,4,4,llama3.1:8b,data_pmus_yaounde,q4_2_b,Agent_161,15 30 MIN
4,4,4,4,4,llama3.1:8b,data_pmus_yaounde,q4_3,Agent_161,1200
4,3,4,4,4,llama3.1:8b,data_pmus_yaounde,q4_4,Agent_161,COURSES
3,3,4,4,3,llama3.1:8b,data_pmus_yaounde,q4_4_autres,Agent_161,FAIRE DES ACHATS
5,3,4,4,4,llama3.1:8b,data_pmus_yaounde,q5_1,Agent_161,ENTRE 26 ET 35 ANS
5,3,3,4,4,llama3.1:8b,data_pmus_yaounde,q5_2,Agent_161,ENTRE 30 001 ET 100 000
5,4,4,4,4,llama3.1:8b,data_pmus_yaounde,q5_3,Agent_161,FEMME
4,4,3,4,3,llama3.1:8b,data_pmus_yaounde,centre ville,Agent_162,YAOUNDE
5,4,4,4,4,llama3.1:8b,data_pmus_yaounde,q1_1,Agent_162,UN QUARTIER DE LA VILLE DE YAOUNDE
4,4,4,4,4,llama3.1:8b,data_pmus_yaounde,q1_1_a,Agent_162,MINKAN
4,4,3,4,3,llama3.1:8b,data_pmus_yaounde,q1_1_b,Agent_162,CARRRFOUR CONFOM
4,4,3,4,3,llama3.1:8b,data_pmus_yaounde,q1_1_c,Agent_162,AFANOYA
5,4,4,4,4,llama3.1:8b,data_pmus_yaounde,q1_2,Agent_162,UN QUARTIER DE LA VILLE DE YAOUNDE
4,4,4,4,4,llama3.1:8b,data_pmus_yaounde,q1_2_a,Agent_162,ABOM
4,4,3,4,3,llama3.1:8b,data_pmus_yaounde,q1_2_b,Agent_162,10 IEME ARRET
4,4,3,4,3,llama3.1:8b,data_pmus_yaounde,q1_3_c,Agent_162,YAOUNDE
4,3,4,4,3,llama3.1:8b,data_pmus_yaounde,q2_1,Agent_162,PAR BUS STACY
4,4,3,4,3,llama3.1:8b,data_pmus_yaounde,q2_2_1,Agent_162,2 CHEVEAU
4,4,3,4,3,llama3.1:8b,data_pmus_yaounde,q2_2_2,Agent_162,10 E ARRET
4,4,3,4,3,llama3.1:8b,data_pmus_yaounde,q2_3_1,Agent_162,0LESOA
4,4,3,4,3,llama3.1:8b,data_pmus_yaounde,q2_3_2,Agent_162,CARREF0UR
5,4,4,4,4,llama3.1:8b,data_pmus_yaounde,q2_3,Agent_162,NON
4,4,3,4,3,llama3.1:8b,data_pmus_yaounde,q2_4,Agent_162,PAR BUS STACY
4,4,3,4,3,llama3.1:8b,data_pmus_yaounde,q2_5_1,Agent_162,CARREFOUR REGI
4,4,3,4,3,llama3.1:8b,data_pmus_yaounde,q2_5_2,Agent_162,0MPHINE
4,4,3,4,3,llama3.1:8b,data_pmus_yaounde,q2_6_1,Agent_162,ELIG ESSONO
4,4,3,4,3,llama3.1:8b,data_pmus_yaounde,q2_6_2,Agent_162,11EME ARRET
4,4,3,4,4,llama3.1:8b,data_pmus_yaounde,q3_1,Agent_162,NON
4,3,4,4,3,llama3.1:8b,data_pmus_yaounde,q3_2,Agent_162,PAR BUS STACY
4,4,4,4,4,llama3.1:8b,data_pmus_yaounde,q3_3_1,Agent_162,RUE CEPER
4,4,3,4,3,llama3.1:8b,data_pmus_yaounde,q3_3_2,Agent_162,RUE CEPER
5,4,2,5,2,llama3.1:8b,data_pmus_yaounde,q4_1_a,Agent_162,Veuillez indiquer depuis combien de temps vous attendez.
4,3,4,4,4,llama3.1:8b,data_pmus_yaounde,q4_1_b,Agent_162,10 20 MINUTES
5,4,2,5,2,llama3.1:8b,data_pmus_yaounde,q4_2_a,Agent_162,Veuillez indiquer depuis combien de temps vous attendez.
4,4,4,4,4,llama3.1:8b,data_pmus_yaounde,q4_2_b,Agent_162,15 30 MIN
4,4,4,4,4,llama3.1:8b,data_pmus_yaounde,q4_3,Agent_162,650
4,3,4,4,4,llama3.1:8b,data_pmus_yaounde,q4_4,Agent_162,COURSES
3,3,4,4,3,llama3.1:8b,data_pmus_yaounde,q4_4_autres,Agent_162,FAIRE DES ACHATS
5,3,4,4,4,llama3.1:8b,data_pmus_yaounde,q5_1,Agent_162,ENTRE 36 ET 45 ANS
5,3,3,4,4,llama3.1:8b,data_pmus_yaounde,q5_2,Agent_162,ENTRE 30 001 ET 100 000
5,4,4,4,4,llama3.1:8b,data_pmus_yaounde,q5_3,Agent_162,FEMME
4,4,3,4,3,llama3.1:8b,data_pmus_yaounde,centre ville,Agent_163,YAOUNDE
5,4,4,4,4,llama3.1:8b,data_pmus_yaounde,q1_1,Agent_163,UN QUARTIER DE LA VILLE DE YAOUNDE
4,4,4,4,4,llama3.1:8b,data_pmus_yaounde,q1_1_a,Agent_163,ABIT
4,4,3,4,3,llama3.1:8b,data_pmus_yaounde,q1_1_b,Agent_163,NIOM
4,4,3,4,3,llama3.1:8b,data_pmus_yaounde,q1_1_c,Agent_163,AFANOYA
5,4,4,4,4,llama3.1:8b,data_pmus_yaounde,q1_2,Agent_163,UN QUARTIER DE LA VILLE DE YAOUNDE
4,4,4,4,4,llama3.1:8b,data_pmus_yaounde,q1_2_a,Agent_163,CITE VERTE
4,4,3,4,3,llama3.1:8b,data_pmus_yaounde,q1_2_b,Agent_163,PARC NATIONAL
4,4,3,4,3,llama3.1:8b,data_pmus_yaounde,q1_3_c,Agent_163,YAOUNDE
4,3,4,4,3,llama3.1:8b,data_pmus_yaounde,q2_1,Agent_163,PAR BUS STACY
4,4,3,4,3,llama3.1:8b,data_pmus_yaounde,q2_2_1,Agent_163,NGOG MBI
4,4,3,4,3,llama3.1:8b,data_pmus_yaounde,q2_2_2,Agent_163,CARROSEL
4,4,3,4,3,llama3.1:8b,data_pmus_yaounde,q2_3_1,Agent_163,YAOUNDE
4,4,3,4,3,llama3.1:8b,data_pmus_yaounde,q2_3_2,Agent_163,CARREFOUR
5,4,4,4,4,llama3.1:8b,data_pmus_yaounde,q2_3,Agent_163,NON
4,4,3,4,3,llama3.1:8b,data_pmus_yaounde,q2_4,Agent_163,PAR BUS STACY
4,4,3,4,3,llama3.1:8b,data_pmus_yaounde,q2_5_1,Agent_163,A B0NAS
4,4,3,4,3,llama3.1:8b,data_pmus_yaounde,q2_5_2,Agent_163,CARREFOUR
4,4,3,4,3,llama3.1:8b,data_pmus_yaounde,q2_6_1,Agent_163,MONTE CITE VERTE
4,4,3,4,3,llama3.1:8b,data_pmus_yaounde,q2_6_2,Agent_163,ARRET BUS
4,4,3,4,4,llama3.1:8b,data_pmus_yaounde,q3_1,Agent_163,NON
4,3,4,4,3,llama3.1:8b,data_pmus_yaounde,q3_2,Agent_163,PAR BUS STACY
4,4,4,4,4,llama3.1:8b,data_pmus_yaounde,q3_3_1,Agent_163,ACACIA
4,4,3,4,3,llama3.1:8b,data_pmus_yaounde,q3_3_2,Agent_163,10 IEME ARRET
5,4,2,5,2,llama3.1:8b,data_pmus_yaounde,q4_1_a,Agent_163,Veuillez indiquer depuis combien de temps vous attendez.
4,3,4,4,4,llama3.1:8b,data_pmus_yaounde,q4_1_b,Agent_163,10 20 MINUTES
5,4,2,5,2,llama3.1:8b,data_pmus_yaounde,q4_2_a,Agent_163,Veuillez indiquer depuis combien de temps vous attendez.
4,4,4,4,4,llama3.1:8b,data_pmus_yaounde,q4_2_b,Agent_163,15 30 MIN
4,4,4,4,4,llama3.1:8b,data_pmus_yaounde,q4_3,Agent_163,6500
4,3,4,4,4,llama3.1:8b,data_pmus_yaounde,q4_4,Agent_163,TRAVAIL
3,3,4,4,3,llama3.1:8b,data_pmus_yaounde,q4_4_autres,Agent_163,ACHAT
5,3,4,4,4,llama3.1:8b,data_pmus_yaounde,q5_1,Agent_163,ENTRE 26 ET 35 ANS
5,3,3,4,4,llama3.1:8b,data_pmus_yaounde,q5_2,Agent_163,ENTRE 30 001 ET 100 000
5,4,4,4,4,llama3.1:8b,data_pmus_yaounde,q5_3,Agent_163,HOMME
4,4,3,4,3,llama3.1:8b,data_pmus_yaounde,centre ville,Agent_164,YAOUNDE
5,4,4,4,4,llama3.1:8b,data_pmus_yaounde,q1_1,Agent_164,UN QUARTIER DE LA VILLE DE YAOUNDE
4,4,4,4,4,llama3.1:8b,data_pmus_yaounde,q1_1_a,Agent_164,ETETAK
4,4,3,4,3,llama3.1:8b,data_pmus_yaounde,q1_1_b,Agent_164,ETETAK
4,4,3,4,3,llama3.1:8b,data_pmus_yaounde,q1_1_c,Agent_164,AFANOYA
5,4,4,4,4,llama3.1:8b,data_pmus_yaounde,q1_2,Agent_164,UN QUARTIER DE LA VILLE DE YAOUNDE
4,4,4,4,4,llama3.1:8b,data_pmus_yaounde,q1_2_a,Agent_164,ETETAK
4,4,3,4,3,llama3.1:8b,data_pmus_yaounde,q1_2_b,Agent_164,ETETAK
4,4,3,4,3,llama3.1:8b,data_pmus_yaounde,q1_3_c,Agent_164,AFANOYA
4,3,4,4,3,llama3.1:8b,data_pmus_yaounde,q2_1,Agent_164,PAR BUS STACY
4,4,3,4,3,llama3.1:8b,data_pmus_yaounde,q2_2_1,Agent_164,ENTREE
4,4,3,4,3,llama3.1:8b,data_pmus_yaounde,q2_2_2,Agent_164,10 E ARRET
4,4,3,4,3,llama3.1:8b,data_pmus_yaounde,q2_3_1,Agent_164,0LESOA
4,4,3,4,3,llama3.1:8b,data_pmus_yaounde,q2_3_2,Agent_164,POSTE CENYRALR
5,4,4,4,4,llama3.1:8b,data_pmus_yaounde,q2_3,Agent_164,NON
4,4,3,4,3,llama3.1:8b,data_pmus_yaounde,q2_4,Agent_164,PAR BUS STACY
4,4,3,4,3,llama3.1:8b,data_pmus_yaounde,q2_5_1,Agent_164,POSTE CENTRALE
4,4,3,4,3,llama3.1:8b,data_pmus_yaounde,q2_5_2,Agent_164,POSTE CENTRALE
4,4,3,4,3,llama3.1:8b,data_pmus_yaounde,q2_6_1,Agent_164,POSTE CENTRALE
4,4,3,4,3,llama3.1:8b,data_pmus_yaounde,q2_6_2,Agent_164,POSTE CENTRALE
4,4,3,4,4,llama3.1:8b,data_pmus_yaounde,q3_1,Agent_164,NON
4,3,4,4,3,llama3.1:8b,data_pmus_yaounde,q3_2,Agent_164,PAR BUS STACY
4,4,4,4,4,llama3.1:8b,data_pmus_yaounde,q3_3_1,Agent_164,CENTRE VILLE
4,4,3,4,3,llama3.1:8b,data_pmus_yaounde,q3_3_2,Agent_164,POSTE CENTRALE
5,4,2,5,2,llama3.1:8b,data_pmus_yaounde,q4_1_a,Agent_164,Veuillez indiquer depuis combien de temps vous attendez.
4,3,4,4,4,llama3.1:8b,data_pmus_yaounde,q4_1_b,Agent_164,10 20 MINUTES
5,4,2,5,2,llama3.1:8b,data_pmus_yaounde,q4_2_a,Agent_164,Veuillez indiquer depuis combien de temps vous attendez.
4,4,4,4,4,llama3.1:8b,data_pmus_yaounde,q4_2_b,Agent_164,15 30 MIN
4,4,4,4,4,llama3.1:8b,data_pmus_yaounde,q4_3,Agent_164,7000
4,3,4,4,4,llama3.1:8b,data_pmus_yaounde,q4_4,Agent_164,TRAVAIL
3,3,4,4,3,llama3.1:8b,data_pmus_yaounde,q4_4_autres,Agent_164,FAIRE DU MARCHE
5,3,4,4,4,llama3.1:8b,data_pmus_yaounde,q5_1,Agent_164,ENTRE 26 ET 35 ANS
5,3,3,4,4,llama3.1:8b,data_pmus_yaounde,q5_2,Agent_164,ENTRE 30 001 ET 100 000
5,4,4,4,4,llama3.1:8b,data_pmus_yaounde,q5_3,Agent_164,HOMME
4,4,3,4,3,llama3.1:8b,data_pmus_yaounde,centre ville,Agent_165,YAOUNDE
5,4,4,4,4,llama3.1:8b,data_pmus_yaounde,q1_1,Agent_165,UN QUARTIER DE LA VILLE DE YAOUNDE
4,4,4,4,4,llama3.1:8b,data_pmus_yaounde,q1_1_a,Agent_165,NKOM KANA
4,4,3,4,3,llama3.1:8b,data_pmus_yaounde,q1_1_b,Agent_165,10EME ARRET
4,4,3,4,3,llama3.1:8b,data_pmus_yaounde,q1_1_c,Agent_165,AFANOYA
5,4,4,4,4,llama3.1:8b,data_pmus_yaounde,q1_2,Agent_165,UN QUARTIER DE LA VILLE DE YAOUNDE
4,4,4,4,4,llama3.1:8b,data_pmus_yaounde,q1_2_a,Agent_165,NKOM KANA
4,4,3,4,3,llama3.1:8b,data_pmus_yaounde,q1_2_b,Agent_165,NKOM KANA
4,4,3,4,3,llama3.1:8b,data_pmus_yaounde,q1_3_c,Agent_165,YAOUNDE
4,3,4,4,3,llama3.1:8b,data_pmus_yaounde,q2_1,Agent_165,PAR BUS STACY
4,4,3,4,3,llama3.1:8b,data_pmus_yaounde,q2_2_1,Agent_165,NKOM KANA
4,4,3,4,3,llama3.1:8b,data_pmus_yaounde,q2_2_2,Agent_165,10 E ARRET
4,4,3,4,3,llama3.1:8b,data_pmus_yaounde,q2_3_1,Agent_165,NKOM KANA
4,4,3,4,3,llama3.1:8b,data_pmus_yaounde,q2_3_2,Agent_165,NKOM KANA
5,4,4,4,4,llama3.1:8b,data_pmus_yaounde,q2_3,Agent_165,NON
4,4,3,4,3,llama3.1:8b,data_pmus_yaounde,q2_4,Agent_165,PAR BUS STACY
4,4,3,4,3,llama3.1:8b,data_pmus_yaounde,q2_5_1,Agent_165,A B0NAS
4,4,3,4,3,llama3.1:8b,data_pmus_yaounde,q2_5_2,Agent_165,CARREFOUR
4,4,3,4,3,llama3.1:8b,data_pmus_yaounde,q2_6_1,Agent_165,NKOM KANA
4,4,3,4,3,llama3.1:8b,data_pmus_yaounde,q2_6_2,Agent_165,CARREFOUR
4,4,3,4,4,llama3.1:8b,data_pmus_yaounde,q3_1,Agent_165,NON
4,3,4,4,3,llama3.1:8b,data_pmus_yaounde,q3_2,Agent_165,PAR BUS STACY
4,4,4,4,4,llama3.1:8b,data_pmus_yaounde,q3_3_1,Agent_165,ACACIA
4,4,3,4,3,llama3.1:8b,data_pmus_yaounde,q3_3_2,Agent_165,CARREFOUT EKOUMBOUM
5,4,2,5,2,llama3.1:8b,data_pmus_yaounde,q4_1_a,Agent_165,Veuillez indiquer depuis combien de temps vous attendez.
4,3,4,4,4,llama3.1:8b,data_pmus_yaounde,q4_1_b,Agent_165,10 20 MINUTES
5,4,2,5,2,llama3.1:8b,data_pmus_yaounde,q4_2_a,Agent_165,Veuillez indiquer depuis combien de temps vous attendez.
4,4,4,4,4,llama3.1:8b,data_pmus_yaounde,q4_2_b,Agent_165,15 30 MIN
4,4,4,4,4,llama3.1:8b,data_pmus_yaounde,q4_3,Agent_165,1800
4,3,4,4,4,llama3.1:8b,data_pmus_yaounde,q4_4,Agent_165,COURSES
3,3,4,4,3,llama3.1:8b,data_pmus_yaounde,q4_4_autres,Agent_165,ETUDES
5,3,4,4,4,llama3.1:8b,data_pmus_yaounde,q5_1,Agent_165,ENTRE 18 ET 25 ANS
5,3,3,4,4,llama3.1:8b,data_pmus_yaounde,q5_2,Agent_165,ENTRE 30 001 ET 100 000
5,4,4,4,4,llama3.1:8b,data_pmus_yaounde,q5_3,Agent_165,FEMME
4,4,3,4,3,llama3.1:8b,data_pmus_yaounde,centre ville,Agent_166,YAOUNDE
5,4,4,4,4,llama3.1:8b,data_pmus_yaounde,q1_1,Agent_166,UN QUARTIER DE LA VILLE DE YAOUNDE
4,4,4,4,4,llama3.1:8b,data_pmus_yaounde,q1_1_a,Agent_166,CENTRE VILLE
4,4,3,4,3,llama3.1:8b,data_pmus_yaounde,q1_1_b,Agent_166,10EME ARRET
4,4,3,4,3,llama3.1:8b,data_pmus_yaounde,q1_1_c,Agent_166,AFANOYA
5,4,4,4,4,llama3.1:8b,data_pmus_yaounde,q1_2,Agent_166,UN QUARTIER DE LA VILLE DE YAOUNDE
4,4,4,4,4,llama3.1:8b,data_pmus_yaounde,q1_2_a,Agent_166,CENTRE VILLE
4,4,3,4,3,llama3.1:8b,data_pmus_yaounde,q1_2_b,Agent_166,10 IEME ARRET
4,4,3,4,3,llama3.1:8b,data_pmus_yaounde,q1_3_c,Agent_166,DOUALA
4,3,4,4,3,llama3.1:8b,data_pmus_yaounde,q2_1,Agent_166,PAR BUS STACY
4,4,3,4,3,llama3.1:8b,data_pmus_yaounde,q2_2_1,Agent_166,CENTRE VILLE
4,4,3,4,3,llama3.1:8b,data_pmus_yaounde,q2_2_2,Agent_166,10IEM ARRET
4,4,3,4,3,llama3.1:8b,data_pmus_yaounde,q2_3_1,Agent_166,CENTRE VILLE
4,4,3,4,3,llama3.1:8b,data_pmus_yaounde,q2_3_2,Agent_166,0NANA
5,4,4,4,4,llama3.1:8b,data_pmus_yaounde,q2_3,Agent_166,NON
4,4,3,4,3,llama3.1:8b,data_pmus_yaounde,q2_4,Agent_166,PAR BUS STACY
4,4,3,4,3,llama3.1:8b,data_pmus_yaounde,q2_5_1,Agent_166,CENTRE VILLE
4,4,3,4,3,llama3.1:8b,data_pmus_yaounde,q2_5_2,Agent_166,0MPHINE
4,4,3,4,3,llama3.1:8b,data_pmus_yaounde,q2_6_1,Agent_166,CENTRE VILLE
4,4,3,4,3,llama3.1:8b,data_pmus_yaounde,q2_6_2,Agent_166,CENTRE VILLE
4,4,3,4,4,llama3.1:8b,data_pmus_yaounde,q3_1,Agent_166,NON
4,3,4,4,3,llama3.1:8b,data_pmus_yaounde,q3_2,Agent_166,PAR BUS STACY
4,4,4,4,4,llama3.1:8b,data_pmus_yaounde,q3_3_1,Agent_166,CENTRE VILLE
4,4,3,4,3,llama3.1:8b,data_pmus_yaounde,q3_3_2,Agent_166,CENTRE VILLE
5,4,2,5,2,llama3.1:8b,data_pmus_yaounde,q4_1_a,Agent_166,Veuillez indiquer depuis combien de temps vous attendez.
4,3,4,4,4,llama3.1:8b,data_pmus_yaounde,q4_1_b,Agent_166,MOINS DE 5 MIN
5,4,2,5,2,llama3.1:8b,data_pmus_yaounde,q4_2_a,Agent_166,Veuillez indiquer depuis combien de temps vous attendez.
4,4,4,4,4,llama3.1:8b,data_pmus_yaounde,q4_2_b,Agent_166,15 30 MIN
4,4,4,4,4,llama3.1:8b,data_pmus_yaounde,q4_3,Agent_166,400
4,3,4,4,4,llama3.1:8b,data_pmus_yaounde,q4_4,Agent_166,TRAVAIL
3,3,4,4,3,llama3.1:8b,data_pmus_yaounde,q4_4_autres,Agent_166,ACHAT
5,3,4,4,4,llama3.1:8b,data_pmus_yaounde,q5_1,Agent_166,ENTRE 36 ET 45 ANS
5,3,3,4,4,llama3.1:8b,data_pmus_yaounde,q5_2,Agent_166,ENTRE 30 001 ET 100 000
5,4,4,4,4,llama3.1:8b,data_pmus_yaounde,q5_3,Agent_166,FEMME
4,4,3,4,3,llama3.1:8b,data_pmus_yaounde,centre ville,Agent_167,YAOUNDE
5,4,4,4,4,llama3.1:8b,data_pmus_yaounde,q1_1,Agent_167,UN QUARTIER DE LA VILLE DE YAOUNDE
4,4,4,4,4,llama3.1:8b,data_pmus_yaounde,q1_1_a,Agent_167,MVAN
4,4,3,4,3,llama3.1:8b,data_pmus_yaounde,q1_1_b,Agent_167,10EME ARRET
4,4,3,4,3,llama3.1:8b,data_pmus_yaounde,q1_1_c,Agent_167,MVAN
5,4,4,4,4,llama3.1:8b,data_pmus_yaounde,q1_2,Agent_167,UN QUARTIER DE LA VILLE DE YAOUNDE
4,4,4,4,4,llama3.1:8b,data_pmus_yaounde,q1_2_a,Agent_167,MVOG TIGUI
4,4,3,4,3,llama3.1:8b,data_pmus_yaounde,q1_2_b,Agent_167,10 IEME ARRET
4,4,3,4,3,llama3.1:8b,data_pmus_yaounde,q1_3_c,Agent_167,MVAN
4,3,4,4,3,llama3.1:8b,data_pmus_yaounde,q2_1,Agent_167,PAR BUS STACY
4,4,3,4,3,llama3.1:8b,data_pmus_yaounde,q2_2_1,Agent_167,CARREFOUR MESSAASSI
4,4,3,4,3,llama3.1:8b,data_pmus_yaounde,q2_2_2,Agent_167,CARREFOUR
4,4,3,4,3,llama3.1:8b,data_pmus_yaounde,q2_3_1,Agent_167,CARREFOURMVAN
4,4,3,4,3,llama3.1:8b,data_pmus_yaounde,q2_3_2,Agent_167,CARREFOUR
5,4,4,4,4,llama3.1:8b,data_pmus_yaounde,q2_3,Agent_167,NON
4,4,3,4,3,llama3.1:8b,data_pmus_yaounde,q2_4,Agent_167,PAR BUS STACY
4,4,3,4,3,llama3.1:8b,data_pmus_yaounde,q2_5_1,Agent_167,MVAN
4,4,3,4,3,llama3.1:8b,data_pmus_yaounde,q2_5_2,Agent_167,CARREFOUR
4,4,3,4,3,llama3.1:8b,data_pmus_yaounde,q2_6_1,Agent_167,MVAN
4,4,3,4,3,llama3.1:8b,data_pmus_yaounde,q2_6_2,Agent_167,CARREFOUR
4,4,3,4,4,llama3.1:8b,data_pmus_yaounde,q3_1,Agent_167,NON
4,3,4,4,3,llama3.1:8b,data_pmus_yaounde,q3_2,Agent_167,PAR BUS STACY
4,4,4,4,4,llama3.1:8b,data_pmus_yaounde,q3_3_1,Agent_167,MVAN
4,4,3,4,3,llama3.1:8b,data_pmus_yaounde,q3_3_2,Agent_167,CARREFOUR
5,4,2,5,2,llama3.1:8b,data_pmus_yaounde,q4_1_a,Agent_167,Veuillez indiquer depuis combien de temps vous attendez.
4,3,4,4,4,llama3.1:8b,data_pmus_yaounde,q4_1_b,Agent_167,MOINS DE 5 MIN
5,4,2,5,2,llama3.1:8b,data_pmus_yaounde,q4_2_a,Agent_167,Veuillez indiquer depuis combien de temps vous attendez.
4,4,4,4,4,llama3.1:8b,data_pmus_yaounde,q4_2_b,Agent_167,15 30 MIN
4,4,4,4,4,llama3.1:8b,data_pmus_yaounde,q4_3,Agent_167,1000
4,3,4,4,4,llama3.1:8b,data_pmus_yaounde,q4_4,Agent_167,VISITE FAMILLE
3,3,4,4,3,llama3.1:8b,data_pmus_yaounde,q4_4_autres,Agent_167,ACHAT
5,3,4,4,4,llama3.1:8b,data_pmus_yaounde,q5_1,Agent_167,ENTRE 26 ET 35 ANS
5,3,3,4,4,llama3.1:8b,data_pmus_yaounde,q5_2,Agent_167,ENTRE 30 001 ET 100 000
5,4,4,4,4,llama3.1:8b,data_pmus_yaounde,q5_3,Agent_167,HOMME
4,4,3,4,3,llama3.1:8b,data_pmus_yaounde,centre ville,Agent_168,YAOUNDE
5,4,4,4,4,llama3.1:8b,data_pmus_yaounde,q1_1,Agent_168,UN QUARTIER DE LA VILLE DE YAOUNDE
4,4,4,4,4,llama3.1:8b,data_pmus_yaounde,q1_1_a,Agent_168,DAKAR
4,4,3,4,3,llama3.1:8b,data_pmus_yaounde,q1_1_b,Agent_168,MARCHE
4,4,3,4,3,llama3.1:8b,data_pmus_yaounde,q1_1_c,Agent_168,AFANOYA
5,4,4,4,4,llama3.1:8b,data_pmus_yaounde,q1_2,Agent_168,UN QUARTIER DE LA VILLE DE YAOUNDE
4,4,4,4,4,llama3.1:8b,data_pmus_yaounde,q1_2_a,Agent_168,MVAN
4,4,3,4,3,llama3.1:8b,data_pmus_yaounde,q1_2_b,Agent_168,10 IEME ARRET
4,4,3,4,3,llama3.1:8b,data_pmus_yaounde,q1_3_c,Agent_168,MVAN
4,3,4,4,3,llama3.1:8b,data_pmus_yaounde,q2_1,Agent_168,PAR BUS STACY
4,4,3,4,3,llama3.1:8b,data_pmus_yaounde,q2_2_1,Agent_168,MVOG MBI
4,4,3,4,3,llama3.1:8b,data_pmus_yaounde,q2_2_2,Agent_168,MVAN
4,4,3,4,3,llama3.1:8b,data_pmus_yaounde,q2_3_1,Agent_168,MVAN
4,4,3,4,3,llama3.1:8b,data_pmus_yaounde,q2_3_2,Agent_168,0NANA
5,4,4,4,4,llama3.1:8b,data_pmus_yaounde,q2_3,Agent_168,NON
4,4,3,4,3,llama3.1:8b,data_pmus_yaounde,q2_4,Agent_168,PAR BUS STACY
4,4,3,4,3,llama3.1:8b,data_pmus_yaounde,q2_5_1,Agent_168,MVAN
4,4,3,4,3,llama3.1:8b,data_pmus_yaounde,q2_5_2,Agent_168,0MPHINE
4,4,3,4,3,llama3.1:8b,data_pmus_yaounde,q2_6_1,Agent_168,MVAN
4,4,3,4,3,llama3.1:8b,data_pmus_yaounde,q2_6_2,Agent_168,MVAN
4,4,3,4,4,llama3.1:8b,data_pmus_yaounde,q3_1,Agent_168,NON
4,3,4,4,3,llama3.1:8b,data_pmus_yaounde,q3_2,Agent_168,PAR BUS STACY
4,4,4,4,4,llama3.1:8b,data_pmus_yaounde,q3_3_1,Agent_168,MVOG ATANGANA MBALLA
4,4,3,4,3,llama3.1:8b,data_pmus_yaounde,q3_3_2,Agent_168,10 IEME ARRET
5,4,2,5,2,llama3.1:8b,data_pmus_yaounde,q4_1_a,Agent_168,Veuillez indiquer depuis combien de temps vous attendez.
4,3,4,4,4,llama3.1:8b,data_pmus_yaounde,q4_1_b,Agent_168,10 20 MINUTES
5,4,2,5,2,llama3.1:8b,data_pmus_yaounde,q4_2_a,Agent_168,Veuillez indiquer depuis combien de temps vous attendez.
4,4,4,4,4,llama3.1:8b,data_pmus_yaounde,q4_2_b,Agent_168,15 30 MIN
4,4,4,4,4,llama3.1:8b,data_pmus_yaounde,q4_3,Agent_168,12000
4,3,4,4,4,llama3.1:8b,data_pmus_yaounde,q4_4,Agent_168,SPORTIVES
3,3,4,4,3,llama3.1:8b,data_pmus_yaounde,q4_4_autres,Agent_168,SPORT ET VISITE AMICALE
5,3,4,4,4,llama3.1:8b,data_pmus_yaounde,q5_1,Agent_168,ENTRE 26 ET 35 ANS
5,3,3,4,4,llama3.1:8b,data_pmus_yaounde,q5_2,Agent_168,ENTRE 30 001 ET 100 000
5,4,4,4,4,llama3.1:8b,data_pmus_yaounde,q5_3,Agent_168,FEMME
4,4,3,4,3,llama3.1:8b,data_pmus_yaounde,centre ville,Agent_169,YAOUNDE
5,4,4,4,4,llama3.1:8b,data_pmus_yaounde,q1_1,Agent_169,UN QUARTIER DE LA VILLE DE YAOUNDE
4,4,4,4,4,llama3.1:8b,data_pmus_yaounde,q1_1_a,Agent_169,MVOG BETSI
4,4,3,4,3,llama3.1:8b,data_pmus_yaounde,q1_1_b,Agent_169,MVOG MBI
4,4,3,4,3,llama3.1:8b,data_pmus_yaounde,q1_1_c,Agent_169,AFANOYA
5,4,4,4,4,llama3.1:8b,data_pmus_yaounde,q1_2,Agent_169,UN QUARTIER DE LA VILLE DE YAOUNDE
4,4,4,4,4,llama3.1:8b,data_pmus_yaounde,q1_2_a,Agent_169,MVOG ATANGANA MBALLA
4,4,3,4,3,llama3.1:8b,data_pmus_yaounde,q1_2_b,Agent_169,10 IEME ARRET
4,4,3,4,3,llama3.1:8b,data_pmus_yaounde,q1_3_c,Agent_169,DOUALA
4,3,4,4,3,llama3.1:8b,data_pmus_yaounde,q2_1,Agent_169,PAR BUS STACY
4,4,3,4,3,llama3.1:8b,data_pmus_yaounde,q2_2_1,Agent_169,MOTO
4,4,3,4,3,llama3.1:8b,data_pmus_yaounde,q2_2_2,Agent_169,MOSQUE
4,4,3,4,3,llama3.1:8b,data_pmus_yaounde,q2_3_1,Agent_169,MVOG BETSI
4,4,3,4,3,llama3.1:8b,data_pmus_yaounde,q2_3_2,Agent_169,0NANA
5,4,4,4,4,llama3.1:8b,data_pmus_yaounde,q2_3,Agent_169,NON
4,4,3,4,3,llama3.1:8b,data_pmus_yaounde,q2_4,Agent_169,PAR BUS STACY
4,4,3,4,3,llama3.1:8b,data_pmus_yaounde,q2_5_1,Agent_169,MBALLA
4,4,3,4,3,llama3.1:8b,data_pmus_yaounde,q2_5_2,Agent_169,0MPHINE
4,4,3,4,3,llama3.1:8b,data_pmus_yaounde,q2_6_1,Agent_169,MVOG ATANGANA MBALLA
4,4,3,4,3,llama3.1:8b,data_pmus_yaounde,q2_6_2,Agent_169,M A MINAG
4,4,3,4,4,llama3.1:8b,data_pmus_yaounde,q3_1,Agent_169,NON
4,3,4,4,3,llama3.1:8b,data_pmus_yaounde,q3_2,Agent_169,PAR BUS STACY
4,4,4,4,4,llama3.1:8b,data_pmus_yaounde,q3_3_1,Agent_169,MVOG ATANGANA MBALLA
4,4,3,4,3,llama3.1:8b,data_pmus_yaounde,q3_3_2,Agent_169,10 IEME ARRET
5,4,2,5,2,llama3.1:8b,data_pmus_yaounde,q4_1_a,Agent_169,Veuillez indiquer depuis combien de temps vous attendez.
4,3,4,4,4,llama3.1:8b,data_pmus_yaounde,q4_1_b,Agent_169,MOINS DE 5 MIN
5,4,2,5,2,llama3.1:8b,data_pmus_yaounde,q4_2_a,Agent_169,Veuillez indiquer depuis combien de temps vous attendez.
4,4,4,4,4,llama3.1:8b,data_pmus_yaounde,q4_2_b,Agent_169,15 30 MIN
4,4,4,4,4,llama3.1:8b,data_pmus_yaounde,q4_3,Agent_169,5000
4,3,4,4,4,llama3.1:8b,data_pmus_yaounde,q4_4,Agent_169,COURSES
3,3,4,4,3,llama3.1:8b,data_pmus_yaounde,q4_4_autres,Agent_169,COURS
5,3,4,4,4,llama3.1:8b,data_pmus_yaounde,q5_1,Agent_169,ENTRE 18 ET 25 ANS
5,3,3,4,4,llama3.1:8b,data_pmus_yaounde,q5_2,Agent_169,ENTRE 30 001 ET 100 000
5,4,4,4,4,llama3.1:8b,data_pmus_yaounde,q5_3,Agent_169,FEMME
4,4,3,4,3,llama3.1:8b,data_pmus_yaounde,centre ville,Agent_170,YAOUNDE
5,4,4,4,4,llama3.1:8b,data_pmus_yaounde,q1_1,Agent_170,UN QUARTIER DE LA VILLE DE YAOUNDE
4,4,4,4,4,llama3.1:8b,data_pmus_yaounde,q1_1_a,Agent_170,ABIT
4,4,3,4,3,llama3.1:8b,data_pmus_yaounde,q1_1_b,Agent_170,MONTEE CAVEAU
4,4,3,4,3,llama3.1:8b,data_pmus_yaounde,q1_1_c,Agent_170,AFANOYA
5,4,4,4,4,llama3.1:8b,data_pmus_yaounde,q1_2,Agent_170,UN QUARTIER DE LA VILLE DE YAOUNDE
4,4,4,4,4,llama3.1:8b,data_pmus_yaounde,q1_2_a,Agent_170,ABOM
4,4,3,4,3,llama3.1:8b,data_pmus_yaounde,q1_2_b,Agent_170,10 IEME ARRET
4,4,3,4,3,llama3.1:8b,data_pmus_yaounde,q1_3_c,Agent_170,YAOUNDE
4,3,4,4,3,llama3.1:8b,data_pmus_yaounde,q2_1,Agent_170,PAR BUS STACY
4,4,3,4,3,llama3.1:8b,data_pmus_yaounde,q2_2_1,Agent_170,2 CHEVEAU
4,4,3,4,3,llama3.1:8b,data_pmus_yaounde,q2_2_2,Agent_170,GREEN OIL
4,4,3,4,3,llama3.1:8b,data_pmus_yaounde,q2_3_1,Agent_170,CARREFOUR
4,4,3,4,3,llama3.1:8b,data_pmus_yaounde,q2_3_2,Agent_170,CARREFOUR
5,4,4,4,4,llama3.1:8b,data_pmus_yaounde,q2_3,Agent_170,NON
4,4,3,4,3,llama3.1:8b,data_pmus_yaounde,q2_4,Agent_170,PAR BUS STACY
4,4,3,4,3,llama3.1:8b,data_pmus_yaounde,q2_5_1,Agent_170,A B0NAS
4,4,3,4,3,llama3.1:8b,data_pmus_yaounde,q2_5_2,Agent_170,CARREFOUR
4,4,3,4,3,llama3.1:8b,data_pmus_yaounde,q2_6_1,Agent_170,NLONGKAK
4,4,3,4,3,llama3.1:8b,data_pmus_yaounde,q2_6_2,Agent_170,CARREFOUR
4,4,3,4,4,llama3.1:8b,data_pmus_yaounde,q3_1,Agent_170,NON
4,3,4,4,3,llama3.1:8b,data_pmus_yaounde,q3_2,Agent_170,PAR BUS STACY
4,4,4,4,4,llama3.1:8b,data_pmus_yaounde,q3_3_1,Agent_170,BRIQUETERIE
4,4,3,4,3,llama3.1:8b,data_pmus_yaounde,q3_3_2,Agent_170,BRIQUETERIE
5,4,2,5,2,llama3.1:8b,data_pmus_yaounde,q4_1_a,Agent_170,Veuillez indiquer depuis combien de temps vous attendez.
4,3,4,4,4,llama3.1:8b,data_pmus_yaounde,q4_1_b,Agent_170,10 20 MINUTES
5,4,2,5,2,llama3.1:8b,data_pmus_yaounde,q4_2_a,Agent_170,Veuillez indiquer depuis combien de temps vous attendez.
4,4,4,4,4,llama3.1:8b,data_pmus_yaounde,q4_2_b,Agent_170,15 30 MIN
4,4,4,4,4,llama3.1:8b,data_pmus_yaounde,q4_3,Agent_170,1200
4,3,4,4,4,llama3.1:8b,data_pmus_yaounde,q4_4,Agent_170,COURSES
3,3,4,4,3,llama3.1:8b,data_pmus_yaounde,q4_4_autres,Agent_170,FAIRE DES ACHATS
5,3,4,4,4,llama3.1:8b,data_pmus_yaounde,q5_1,Agent_170,MOINS DE 18 ANS
5,3,3,4,4,llama3.1:8b,data_pmus_yaounde,q5_2,Agent_170,ENTRE 30 001 ET 100 000
5,4,4,4,4,llama3.1:8b,data_pmus_yaounde,q5_3,Agent_170,FEMME
4,4,3,4,3,llama3.1:8b,data_pmus_yaounde,centre ville,Agent_171,YAOUNDE
5,4,4,4,4,llama3.1:8b,data_pmus_yaounde,q1_1,Agent_171,UN QUARTIER DE LA VILLE DE YAOUNDE
4,4,4,4,4,llama3.1:8b,data_pmus_yaounde,q1_1_a,Agent_171,DAMAS
4,4,3,4,3,llama3.1:8b,data_pmus_yaounde,q1_1_b,Agent_171,DAMAS ENTREE CONTENAIRE
4,4,3,4,3,llama3.1:8b,data_pmus_yaounde,q1_1_c,Agent_171,AFANOYA
5,4,4,4,4,llama3.1:8b,data_pmus_yaounde,q1_2,Agent_171,UN QUARTIER DE LA VILLE DE YAOUNDE
4,4,4,4,4,llama3.1:8b,data_pmus_yaounde,q1_2_a,Agent_171,MSAM
4,4,3,4,3,llama3.1:8b,data_pmus_yaounde,q1_2_b,Agent_171,10 IEME ARRET
4,4,3,4,3,llama3.1:8b,data_pmus_yaounde,q1_3_c,Agent_171,DOUALA
4,3,4,4,3,llama3.1:8b,data_pmus_yaounde,q2_1,Agent_171,A PIED
4,4,3,4,3,llama3.1:8b,data_pmus_yaounde,q2_2_1,Agent_171,2 CHEVEAU
4,4,3,4,3,llama3.1:8b,data_pmus_yaounde,q2_2_2,Agent_171,MANASSA
4,4,3,4,3,llama3.1:8b,data_pmus_yaounde,q2_3_1,Agent_171,0LESOA
4,4,3,4,3,llama3.1:8b,data_pmus_yaounde,q2_3_2,Agent_171,0NANA
5,4,4,4,4,llama3.1:8b,data_pmus_yaounde,q2_3,Agent_171,OUI
4,4,3,4,3,llama3.1:8b,data_pmus_yaounde,q2_4,Agent_171,PAR TAXI
4,4,3,4,3,llama3.1:8b,data_pmus_yaounde,q2_5_1,Agent_171,A B0NAS
4,4,3,4,3,llama3.1:8b,data_pmus_yaounde,q2_5_2,Agent_171,MENDONG
4,4,3,4,3,llama3.1:8b,data_pmus_yaounde,q2_6_1,Agent_171,DAMAS
4,4,3,4,3,llama3.1:8b,data_pmus_yaounde,q2_6_2,Agent_171,MINISTERE
4,4,3,4,4,llama3.1:8b,data_pmus_yaounde,q3_1,Agent_171,NON
4,3,4,4,3,llama3.1:8b,data_pmus_yaounde,q3_2,Agent_171,A PIED
4,4,4,4,4,llama3.1:8b,data_pmus_yaounde,q3_3_1,Agent_171,DAMAS
4,4,3,4,3,llama3.1:8b,data_pmus_yaounde,q3_3_2,Agent_171,DAMAS
5,4,2,5,2,llama3.1:8b,data_pmus_yaounde,q4_1_a,Agent_171,Veuillez indiquer depuis combien de temps vous attendez.
4,3,4,4,4,llama3.1:8b,data_pmus_yaounde,q4_1_b,Agent_171,10 20 MINUTES
5,4,2,5,2,llama3.1:8b,data_pmus_yaounde,q4_2_a,Agent_171,Veuillez indiquer depuis combien de temps vous attendez.
4,4,4,4,4,llama3.1:8b,data_pmus_yaounde,q4_2_b,Agent_171,15 30 MIN
4,4,4,4,4,llama3.1:8b,data_pmus_yaounde,q4_3,Agent_171,1000
4,3,4,4,4,llama3.1:8b,data_pmus_yaounde,q4_4,Agent_171,D MARCHES ADMINISTRATIVES ET OU SANT
3,3,4,4,3,llama3.1:8b,data_pmus_yaounde,q4_4_autres,Agent_171,LES SOINS
5,3,4,4,4,llama3.1:8b,data_pmus_yaounde,q5_1,Agent_171,ENTRE 26 ET 35 ANS
5,3,3,4,4,llama3.1:8b,data_pmus_yaounde,q5_2,Agent_171,ENTRE 30 001 ET 100 000
5,4,4,4,4,llama3.1:8b,data_pmus_yaounde,q5_3,Agent_171,HOMME
4,4,3,4,3,llama3.1:8b,data_pmus_yaounde,centre ville,Agent_172,YAOUNDE
5,4,4,4,4,llama3.1:8b,data_pmus_yaounde,q1_1,Agent_172,UN QUARTIER DE LA VILLE DE YAOUNDE
4,4,4,4,4,llama3.1:8b,data_pmus_yaounde,q1_1_a,Agent_172,NKOL BIKOK
4,4,3,4,3,llama3.1:8b,data_pmus_yaounde,q1_1_b,Agent_172,NKOLBIKOK
4,4,3,4,3,llama3.1:8b,data_pmus_yaounde,q1_1_c,Agent_172,AFANOYA
5,4,4,4,4,llama3.1:8b,data_pmus_yaounde,q1_2,Agent_172,UN QUARTIER DE LA VILLE DE YAOUNDE
4,4,4,4,4,llama3.1:8b,data_pmus_yaounde,q1_2_a,Agent_172,NKOL BIKOK
4,4,3,4,3,llama3.1:8b,data_pmus_yaounde,q1_2_b,Agent_172,10 IEME ARRET
4,4,3,4,3,llama3.1:8b,data_pmus_yaounde,q1_3_c,Agent_172,DOUALA
4,3,4,4,3,llama3.1:8b,data_pmus_yaounde,q2_1,Agent_172,PAR BUS STACY
4,4,3,4,3,llama3.1:8b,data_pmus_yaounde,q2_2_1,Agent_172,NKOL BIKOK
4,4,3,4,3,llama3.1:8b,data_pmus_yaounde,q2_2_2,Agent_172,MVOLYE
4,4,3,4,3,llama3.1:8b,data_pmus_yaounde,q2_3_1,Agent_172,0LESOA
4,4,3,4,3,llama3.1:8b,data_pmus_yaounde,q2_3_2,Agent_172,CARREFOURKOLBISON
5,4,4,4,4,llama3.1:8b,data_pmus_yaounde,q2_3,Agent_172,NON
4,4,3,4,3,llama3.1:8b,data_pmus_yaounde,q2_4,Agent_172,PAR CARGO MINI BUS
4,4,3,4,3,llama3.1:8b,data_pmus_yaounde,q2_5_1,Agent_172,A B0NAS
4,4,3,4,3,llama3.1:8b,data_pmus_yaounde,q2_5_2,Agent_172,CARREFOUR
4,4,3,4,3,llama3.1:8b,data_pmus_yaounde,q2_6_1,Agent_172,TRADEX
4,4,3,4,3,llama3.1:8b,data_pmus_yaounde,q2_6_2,Agent_172,TRADEX
4,4,3,4,4,llama3.1:8b,data_pmus_yaounde,q3_1,Agent_172,NON
4,3,4,4,3,llama3.1:8b,data_pmus_yaounde,q3_2,Agent_172,PAR BUS STACY
4,4,4,4,4,llama3.1:8b,data_pmus_yaounde,q3_3_1,Agent_172,NKOLBIKOK
4,4,3,4,3,llama3.1:8b,data_pmus_yaounde,q3_3_2,Agent_172,10 IEME ARRET
5,4,2,5,2,llama3.1:8b,data_pmus_yaounde,q4_1_a,Agent_172,Veuillez indiquer depuis combien de temps vous attendez.
4,3,4,4,4,llama3.1:8b,data_pmus_yaounde,q4_1_b,Agent_172,10 20 MINUTES
5,4,2,5,2,llama3.1:8b,data_pmus_yaounde,q4_2_a,Agent_172,Veuillez indiquer depuis combien de temps vous attendez.
4,4,4,4,4,llama3.1:8b,data_pmus_yaounde,q4_2_b,Agent_172,15 30 MIN
4,4,4,4,4,llama3.1:8b,data_pmus_yaounde,q4_3,Agent_172,100
4,3,4,4,4,llama3.1:8b,data_pmus_yaounde,q4_4,Agent_172,SPORTIVES
3,3,4,4,3,llama3.1:8b,data_pmus_yaounde,q4_4_autres,Agent_172,SPORT ET VISITE AMICALE
5,3,4,4,4,llama3.1:8b,data_pmus_yaounde,q5_1,Agent_172,ENTRE 36 ET 45 ANS
5,3,3,4,4,llama3.1:8b,data_pmus_yaounde,q5_2,Agent_172,ENTRE 30 001 ET 100 000
5,4,4,4,4,llama3.1:8b,data_pmus_yaounde,q5_3,Agent_172,HOMME
4,4,3,4,3,llama3.1:8b,data_pmus_yaounde,centre ville,Agent_173,YAOUNDE
5,4,4,4,4,llama3.1:8b,data_pmus_yaounde,q1_1,Agent_173,UN QUARTIER DE LA VILLE DE YAOUNDE
4,4,4,4,4,llama3.1:8b,data_pmus_yaounde,q1_1_a,Agent_173,MVOG BETSI
4,4,3,4,3,llama3.1:8b,data_pmus_yaounde,q1_1_b,Agent_173,HOLY INFANT
4,4,3,4,3,llama3.1:8b,data_pmus_yaounde,q1_1_c,Agent_173,AFANOYA
5,4,4,4,4,llama3.1:8b,data_pmus_yaounde,q1_2,Agent_173,UN QUARTIER DE LA VILLE DE YAOUNDE
4,4,4,4,4,llama3.1:8b,data_pmus_yaounde,q1_2_a,Agent_173,NKOM KANA
4,4,3,4,3,llama3.1:8b,data_pmus_yaounde,q1_2_b,Agent_173,NKOM KANA
4,4,3,4,3,llama3.1:8b,data_pmus_yaounde,q1_3_c,Agent_173,YAOUNDE
4,3,4,4,3,llama3.1:8b,data_pmus_yaounde,q2_1,Agent_173,PAR BUS STACY
4,4,3,4,3,llama3.1:8b,data_pmus_yaounde,q2_2_1,Agent_173,NKOM KANA
4,4,3,4,3,llama3.1:8b,data_pmus_yaounde,q2_2_2,Agent_173,NKOM KANA
4,4,3,4,3,llama3.1:8b,data_pmus_yaounde,q2_3_1,Agent_173,NKOM KANA
4,4,3,4,3,llama3.1:8b,data_pmus_yaounde,q2_3_2,Agent_173,NKOM KANA
5,4,4,4,4,llama3.1:8b,data_pmus_yaounde,q2_3,Agent_173,NON
4,4,3,4,3,llama3.1:8b,data_pmus_yaounde,q2_4,Agent_173,PAR BUS AGENCE INTERURBAIN
4,4,3,4,3,llama3.1:8b,data_pmus_yaounde,q2_5_1,Agent_173,A B0NAS
4,4,3,4,3,llama3.1:8b,data_pmus_yaounde,q2_5_2,Agent_173,0MPHINE
4,4,3,4,3,llama3.1:8b,data_pmus_yaounde,q2_6_1,Agent_173,NKOM KANA
4,4,3,4,3,llama3.1:8b,data_pmus_yaounde,q2_6_2,Agent_173,11EME ARRET
4,4,3,4,4,llama3.1:8b,data_pmus_yaounde,q3_1,Agent_173,NON
4,3,4,4,3,llama3.1:8b,data_pmus_yaounde,q3_2,Agent_173,PAR BUS STACY
4,4,4,4,4,llama3.1:8b,data_pmus_yaounde,q3_3_1,Agent_173,NKOM KANA
4,4,3,4,3,llama3.1:8b,data_pmus_yaounde,q3_3_2,Agent_173,NKOM KANA
5,4,2,5,2,llama3.1:8b,data_pmus_yaounde,q4_1_a,Agent_173,Veuillez indiquer depuis combien de temps vous attendez.
4,3,4,4,4,llama3.1:8b,data_pmus_yaounde,q4_1_b,Agent_173,10 20 MINUTES
5,4,2,5,2,llama3.1:8b,data_pmus_yaounde,q4_2_a,Agent_173,Veuillez indiquer depuis combien de temps vous attendez.
4,4,4,4,4,llama3.1:8b,data_pmus_yaounde,q4_2_b,Agent_173,15 30 MIN
4,4,4,4,4,llama3.1:8b,data_pmus_yaounde,q4_3,Agent_173,3500
4,3,4,4,4,llama3.1:8b,data_pmus_yaounde,q4_4,Agent_173,COURSES
3,3,4,4,3,llama3.1:8b,data_pmus_yaounde,q4_4_autres,Agent_173,COURS
5,3,4,4,4,llama3.1:8b,data_pmus_yaounde,q5_1,Agent_173,MOINS DE 18 ANS
5,3,3,4,4,llama3.1:8b,data_pmus_yaounde,q5_2,Agent_173,ENTRE 30 001 ET 100 000
5,4,4,4,4,llama3.1:8b,data_pmus_yaounde,q5_3,Agent_173,FEMME
4,4,3,4,3,llama3.1:8b,data_pmus_yaounde,centre ville,Agent_174,YAOUNDE
5,4,4,4,4,llama3.1:8b,data_pmus_yaounde,q1_1,Agent_174,UN QUARTIER DE LA VILLE DE YAOUNDE
4,4,4,4,4,llama3.1:8b,data_pmus_yaounde,q1_1_a,Agent_174,MESSA
4,4,3,4,3,llama3.1:8b,data_pmus_yaounde,q1_1_b,Agent_174,10EME ARRET
4,4,3,4,3,llama3.1:8b,data_pmus_yaounde,q1_1_c,Agent_174,AFANOYA
5,4,4,4,4,llama3.1:8b,data_pmus_yaounde,q1_2,Agent_174,UN QUARTIER DE LA VILLE DE YAOUNDE
4,4,4,4,4,llama3.1:8b,data_pmus_yaounde,q1_2_a,Agent_174,NKOLMESSENG
4,4,3,4,3,llama3.1:8b,data_pmus_yaounde,q1_2_b,Agent_174,NKOLMESSENG
4,4,3,4,3,llama3.1:8b,data_pmus_yaounde,q1_3_c,Agent_174,DOUALA
4,3,4,4,3,llama3.1:8b,data_pmus_yaounde,q2_1,Agent_174,PAR BUS STACY
4,4,3,4,3,llama3.1:8b,data_pmus_yaounde,q2_2_1,Agent_174,NGOUMOU
4,4,3,4,3,llama3.1:8b,data_pmus_yaounde,q2_2_2,Agent_174,NGOUMOU
4,4,3,4,3,llama3.1:8b,data_pmus_yaounde,q2_3_1,Agent_174,HOPITAL CENTRAL
4,4,3,4,3,llama3.1:8b,data_pmus_yaounde,q2_3_2,Agent_174,0NANA
5,4,4,4,4,llama3.1:8b,data_pmus_yaounde,q2_3,Agent_174,NON
4,4,3,4,3,llama3.1:8b,data_pmus_yaounde,q2_4,Agent_174,PAR BUS STACY
4,4,3,4,3,llama3.1:8b,data_pmus_yaounde,q2_5_1,Agent_174,HAPPY
4,4,3,4,3,llama3.1:8b,data_pmus_yaounde,q2_5_2,Agent_174,0MPHINE
4,4,3,4,3,llama3.1:8b,data_pmus_yaounde,q2_6_1,Agent_174,MESS A SI
4,4,3,4,3,llama3.1:8b,data_pmus_yaounde,q2_6_2,Agent_174,HOPITAL CENTRAL
4,4,3,4,4,llama3.1:8b,data_pmus_yaounde,q3_1,Agent_174,NON
4,3,4,4,3,llama3.1:8b,data_pmus_yaounde,q3_2,Agent_174,PAR BUS STACY
4,4,4,4,4,llama3.1:8b,data_pmus_yaounde,q3_3_1,Agent_174,ACACIA
4,4,3,4,3,llama3.1:8b,data_pmus_yaounde,q3_3_2,Agent_174,10 IEME ARRET
5,4,2,5,2,llama3.1:8b,data_pmus_yaounde,q4_1_a,Agent_174,Veuillez indiquer depuis combien de temps vous attendez.
4,3,4,4,4,llama3.1:8b,data_pmus_yaounde,q4_1_b,Agent_174,10 20 MINUTES
5,4,2,5,2,llama3.1:8b,data_pmus_yaounde,q4_2_a,Agent_174,Veuillez indiquer depuis combien de temps vous attendez.
4,4,4,4,4,llama3.1:8b,data_pmus_yaounde,q4_2_b,Agent_174,15 30 MIN
4,4,4,4,4,llama3.1:8b,data_pmus_yaounde,q4_3,Agent_174,1500
4,3,4,4,4,llama3.1:8b,data_pmus_yaounde,q4_4,Agent_174,VISITE FAMILLE
3,3,4,4,3,llama3.1:8b,data_pmus_yaounde,q4_4_autres,Agent_174,ACHAT
5,3,4,4,4,llama3.1:8b,data_pmus_yaounde,q5_1,Agent_174,ENTRE 18 ET 25 ANS
5,3,3,4,4,llama3.1:8b,data_pmus_yaounde,q5_2,Agent_174,ENTRE 30 001 ET 100 000
5,4,4,4,4,llama3.1:8b,data_pmus_yaounde,q5_3,Agent_174,FEMME
4,4,3,4,3,llama3.1:8b,data_pmus_yaounde,centre ville,Agent_175,YAOUNDE
5,4,4,4,4,llama3.1:8b,data_pmus_yaounde,q1_1,Agent_175,UN QUARTIER DE LA VILLE DE YAOUNDE
4,4,4,4,4,llama3.1:8b,data_pmus_yaounde,q1_1_a,Agent_175,NSIMEYONG
4,4,3,4,3,llama3.1:8b,data_pmus_yaounde,q1_1_b,Agent_175,COLLEGE PAUL MOMO
4,4,3,4,3,llama3.1:8b,data_pmus_yaounde,q1_1_c,Agent_175,AFANOYA
5,4,4,4,4,llama3.1:8b,data_pmus_yaounde,q1_2,Agent_175,UN QUARTIER DE LA VILLE DE YAOUNDE
4,4,4,4,4,llama3.1:8b,data_pmus_yaounde,q1_2_a,Agent_175,NSIMEYONG
4,4,3,4,3,llama3.1:8b,data_pmus_yaounde,q1_2_b,Agent_175,NSIMEYONG
4,4,3,4,3,llama3.1:8b,data_pmus_yaounde,q1_3_c,Agent_175,AFANOYA
4,3,4,4,3,llama3.1:8b,data_pmus_yaounde,q2_1,Agent_175,A PIED
4,4,3,4,3,llama3.1:8b,data_pmus_yaounde,q2_2_1,Agent_175,DEVANT MAHIMA
4,4,3,4,3,llama3.1:8b,data_pmus_yaounde,q2_2_2,Agent_175,NSIMEYONG
4,4,3,4,3,llama3.1:8b,data_pmus_yaounde,q2_3_1,Agent_175,NSIMEYONG
4,4,3,4,3,llama3.1:8b,data_pmus_yaounde,q2_3_2,Agent_175,NSIMEYONG
5,4,4,4,4,llama3.1:8b,data_pmus_yaounde,q2_3,Agent_175,NON
4,4,3,4,3,llama3.1:8b,data_pmus_yaounde,q2_4,Agent_175,PAR BUS STACY
4,4,3,4,3,llama3.1:8b,data_pmus_yaounde,q2_5_1,Agent_175,NSIMEYONG
4,4,3,4,3,llama3.1:8b,data_pmus_yaounde,q2_5_2,Agent_175,0MPHINE
4,4,3,4,3,llama3.1:8b,data_pmus_yaounde,q2_6_1,Agent_175,NSIMEYONG
4,4,3,4,3,llama3.1:8b,data_pmus_yaounde,q2_6_2,Agent_175,11EME ARRET
4,4,3,4,4,llama3.1:8b,data_pmus_yaounde,q3_1,Agent_175,NON
4,3,4,4,3,llama3.1:8b,data_pmus_yaounde,q3_2,Agent_175,PAR BUS STACY
4,4,4,4,4,llama3.1:8b,data_pmus_yaounde,q3_3_1,Agent_175,NSIMEYONG
4,4,3,4,3,llama3.1:8b,data_pmus_yaounde,q3_3_2,Agent_175,NSIMEYONG
5,4,2,5,2,llama3.1:8b,data_pmus_yaounde,q4_1_a,Agent_175,Veuillez indiquer depuis combien de temps vous attendez.
4,3,4,4,4,llama3.1:8b,data_pmus_yaounde,q4_1_b,Agent_175,10 20 MINUTES
5,4,2,5,2,llama3.1:8b,data_pmus_yaounde,q4_2_a,Agent_175,Veuillez indiquer depuis combien de temps vous attendez.
4,4,4,4,4,llama3.1:8b,data_pmus_yaounde,q4_2_b,Agent_175,15 30 MIN
4,4,4,4,4,llama3.1:8b,data_pmus_yaounde,q4_3,Agent_175,120
4,3,4,4,4,llama3.1:8b,data_pmus_yaounde,q4_4,Agent_175,TRAVAIL
3,3,4,4,3,llama3.1:8b,data_pmus_yaounde,q4_4_autres,Agent_175,FAIRE DU MARCHE
5,3,4,4,4,llama3.1:8b,data_pmus_yaounde,q5_1,Agent_175,ENTRE 36 ET 45 ANS
5,3,3,4,4,llama3.1:8b,data_pmus_yaounde,q5_2,Agent_175,MOINS DE 30 000
5,4,4,4,4,llama3.1:8b,data_pmus_yaounde,q5_3,Agent_175,FEMME
4,4,3,4,3,llama3.1:8b,data_pmus_yaounde,centre ville,Agent_176,YAOUNDE
5,4,4,4,4,llama3.1:8b,data_pmus_yaounde,q1_1,Agent_176,UN QUARTIER DE LA VILLE DE YAOUNDE
4,4,4,4,4,llama3.1:8b,data_pmus_yaounde,q1_1_a,Agent_176,SIMBOCK
4,4,3,4,3,llama3.1:8b,data_pmus_yaounde,q1_1_b,Agent_176,SIMBOCK
4,4,3,4,3,llama3.1:8b,data_pmus_yaounde,q1_1_c,Agent_176,AFANOYA
5,4,4,4,4,llama3.1:8b,data_pmus_yaounde,q1_2,Agent_176,UN QUARTIER DE LA VILLE DE YAOUNDE
4,4,4,4,4,llama3.1:8b,data_pmus_yaounde,q1_2_a,Agent_176,SIMBOCK
4,4,3,4,3,llama3.1:8b,data_pmus_yaounde,q1_2_b,Agent_176,10 IEME ARRET
4,4,3,4,3,llama3.1:8b,data_pmus_yaounde,q1_3_c,Agent_176,DOUALA
4,3,4,4,3,llama3.1:8b,data_pmus_yaounde,q2_1,Agent_176,PAR BUS STACY
4,4,3,4,3,llama3.1:8b,data_pmus_yaounde,q2_2_1,Agent_176,PHAMACIE DU SOLEIL
4,4,3,4,3,llama3.1:8b,data_pmus_yaounde,q2_2_2,Agent_176,10 E ARRET
4,4,3,4,3,llama3.1:8b,data_pmus_yaounde,q2_3_1,Agent_176,SIMBOCCK
4,4,3,4,3,llama3.1:8b,data_pmus_yaounde,q2_3_2,Agent_176,0NANA
5,4,4,4,4,llama3.1:8b,data_pmus_yaounde,q2_3,Agent_176,NON
4,4,3,4,3,llama3.1:8b,data_pmus_yaounde,q2_4,Agent_176,PAR BUS STACY
4,4,3,4,3,llama3.1:8b,data_pmus_yaounde,q2_5_1,Agent_176,A B0NAS
4,4,3,4,3,llama3.1:8b,data_pmus_yaounde,q2_5_2,Agent_176,0MPHINE
4,4,3,4,3,llama3.1:8b,data_pmus_yaounde,q2_6_1,Agent_176,ABATTOIR
4,4,3,4,3,llama3.1:8b,data_pmus_yaounde,q2_6_2,Agent_176,MOBIL
4,4,3,4,4,llama3.1:8b,data_pmus_yaounde,q3_1,Agent_176,NON
4,3,4,4,3,llama3.1:8b,data_pmus_yaounde,q3_2,Agent_176,PAR BUS STACY
4,4,4,4,4,llama3.1:8b,data_pmus_yaounde,q3_3_1,Agent_176,ACACIA
4,4,3,4,3,llama3.1:8b,data_pmus_yaounde,q3_3_2,Agent_176,ACACIA
5,4,2,5,2,llama3.1:8b,data_pmus_yaounde,q4_1_a,Agent_176,Veuillez indiquer depuis combien de temps vous attendez.
4,3,4,4,4,llama3.1:8b,data_pmus_yaounde,q4_1_b,Agent_176,10 20 MINUTES
5,4,2,5,2,llama3.1:8b,data_pmus_yaounde,q4_2_a,Agent_176,Veuillez indiquer depuis combien de temps vous attendez.
4,4,4,4,4,llama3.1:8b,data_pmus_yaounde,q4_2_b,Agent_176,15 30 MIN
4,4,4,4,4,llama3.1:8b,data_pmus_yaounde,q4_3,Agent_176,2000
4,3,4,4,4,llama3.1:8b,data_pmus_yaounde,q4_4,Agent_176,COURSES
3,3,4,4,3,llama3.1:8b,data_pmus_yaounde,q4_4_autres,Agent_176,FAIRE DES ACHATS
5,3,4,4,4,llama3.1:8b,data_pmus_yaounde,q5_1,Agent_176,ENTRE 26 ET 35 ANS
5,3,3,4,4,llama3.1:8b,data_pmus_yaounde,q5_2,Agent_176,ENTRE 30 001 ET 100 000
5,4,4,4,4,llama3.1:8b,data_pmus_yaounde,q5_3,Agent_176,FEMME
4,4,3,4,3,llama3.1:8b,data_pmus_yaounde,centre ville,Agent_177,YAOUNDE
5,4,4,4,4,llama3.1:8b,data_pmus_yaounde,q1_1,Agent_177,UN QUARTIER DE LA VILLE DE YAOUNDE
4,4,4,4,4,llama3.1:8b,data_pmus_yaounde,q1_1_a,Agent_177,ABIT
4,4,3,4,3,llama3.1:8b,data_pmus_yaounde,q1_1_b,Agent_177,NSIMEYONG
4,4,3,4,3,llama3.1:8b,data_pmus_yaounde,q1_1_c,Agent_177,AFANOYA
5,4,4,4,4,llama3.1:8b,data_pmus_yaounde,q1_2,Agent_177,UN QUARTIER DE LA VILLE DE YAOUNDE
4,4,4,4,4,llama3.1:8b,data_pmus_yaounde,q1_2_a,Agent_177,ABOM
4,4,3,4,3,llama3.1:8b,data_pmus_yaounde,q1_2_b,Agent_177,NSIMEYONG
4,4,3,4,3,llama3.1:8b,data_pmus_yaounde,q1_3_c,Agent_177,DOUALA
4,3,4,4,3,llama3.1:8b,data_pmus_yaounde,q2_1,Agent_177,PAR BUS STACY
4,4,3,4,3,llama3.1:8b,data_pmus_yaounde,q2_2_1,Agent_177,NSAM
4,4,3,4,3,llama3.1:8b,data_pmus_yaounde,q2_2_2,Agent_177,NSIMEYONG
4,4,3,4,3,llama3.1:8b,data_pmus_yaounde,q2_3_1,Agent_177,NSIMEYONG
4,4,3,4,3,llama3.1:8b,data_pmus_yaounde,q2_3_2,Agent_177,MFS AHALA
5,4,4,4,4,llama3.1:8b,data_pmus_yaounde,q2_3,Agent_177,NON
4,4,3,4,3,llama3.1:8b,data_pmus_yaounde,q2_4,Agent_177,PAR BUS STACY
4,4,3,4,3,llama3.1:8b,data_pmus_yaounde,q2_5_1,Agent_177,NSIMEYONG
4,4,3,4,3,llama3.1:8b,data_pmus_yaounde,q2_5_2,Agent_177,0MPHINE
4,4,3,4,3,llama3.1:8b,data_pmus_yaounde,q2_6_1,Agent_177,NSIMEYONG
4,4,3,4,3,llama3.1:8b,data_pmus_yaounde,q2_6_2,Agent_177,NSAM
4,4,3,4,4,llama3.1:8b,data_pmus_yaounde,q3_1,Agent_177,OUI
4,3,4,4,3,llama3.1:8b,data_pmus_yaounde,q3_2,Agent_177,PAR BUS AGENCE INTERURBAIN
4,4,4,4,4,llama3.1:8b,data_pmus_yaounde,q3_3_1,Agent_177,NSIMEYONG
4,4,3,4,3,llama3.1:8b,data_pmus_yaounde,q3_3_2,Agent_177,NSIMEYONG
5,4,2,5,2,llama3.1:8b,data_pmus_yaounde,q4_1_a,Agent_177,Veuillez indiquer depuis combien de temps vous attendez.
4,3,4,4,4,llama3.1:8b,data_pmus_yaounde,q4_1_b,Agent_177,10 20 MINUTES
5,4,2,5,2,llama3.1:8b,data_pmus_yaounde,q4_2_a,Agent_177,Veuillez indiquer depuis combien de temps vous attendez.
4,4,4,4,4,llama3.1:8b,data_pmus_yaounde,q4_2_b,Agent_177,15 30 MIN
4,4,4,4,4,llama3.1:8b,data_pmus_yaounde,q4_3,Agent_177,3500
4,3,4,4,4,llama3.1:8b,data_pmus_yaounde,q4_4,Agent_177,VISITE FAMILLE
3,3,4,4,3,llama3.1:8b,data_pmus_yaounde,q4_4_autres,Agent_177,ACHAT
5,3,4,4,4,llama3.1:8b,data_pmus_yaounde,q5_1,Agent_177,ENTRE 18 ET 25 ANS
5,3,3,4,4,llama3.1:8b,data_pmus_yaounde,q5_2,Agent_177,ENTRE 30 001 ET 100 000
5,4,4,4,4,llama3.1:8b,data_pmus_yaounde,q5_3,Agent_177,HOMME
4,4,3,4,3,llama3.1:8b,data_pmus_yaounde,centre ville,Agent_178,YAOUNDE
5,4,4,4,4,llama3.1:8b,data_pmus_yaounde,q1_1,Agent_178,UN QUARTIER DE LA VILLE DE YAOUNDE
4,4,4,4,4,llama3.1:8b,data_pmus_yaounde,q1_1_a,Agent_178,ABIT
4,4,3,4,3,llama3.1:8b,data_pmus_yaounde,q1_1_b,Agent_178,SOFAVEL
4,4,3,4,3,llama3.1:8b,data_pmus_yaounde,q1_1_c,Agent_178,AFANOYA
5,4,4,4,4,llama3.1:8b,data_pmus_yaounde,q1_2,Agent_178,UN QUARTIER DE LA VILLE DE YAOUNDE
4,4,4,4,4,llama3.1:8b,data_pmus_yaounde,q1_2_a,Agent_178,SIMBOCK
4,4,3,4,3,llama3.1:8b,data_pmus_yaounde,q1_2_b,Agent_178,10 IEME ARRET
4,4,3,4,3,llama3.1:8b,data_pmus_yaounde,q1_3_c,Agent_178,YAOUNDE
4,3,4,4,3,llama3.1:8b,data_pmus_yaounde,q2_1,Agent_178,PAR BUS AGENCE INTERURBAIN
4,4,3,4,3,llama3.1:8b,data_pmus_yaounde,q2_2_1,Agent_178,DAKAR
4,4,3,4,3,llama3.1:8b,data_pmus_yaounde,q2_2_2,Agent_178,SIMBOCK CAMP MILITAIRE
4,4,3,4,3,llama3.1:8b,data_pmus_yaounde,q2_3_1,Agent_178,0LESOA
4,4,3,4,3,llama3.1:8b,data_pmus_yaounde,q2_3_2,Agent_178,0NANA
5,4,4,4,4,llama3.1:8b,data_pmus_yaounde,q2_3,Agent_178,NON
4,4,3,4,3,llama3.1:8b,data_pmus_yaounde,q2_4,Agent_178,PAR BUS AGENCE INTERURBAIN
4,4,3,4,3,llama3.1:8b,data_pmus_yaounde,q2_5_1,Agent_178,SIMBOCK
4,4,3,4,3,llama3.1:8b,data_pmus_yaounde,q2_5_2,Agent_178,0MPHINE
4,4,3,4,3,llama3.1:8b,data_pmus_yaounde,q2_6_1,Agent_178,ABATTOIR
4,4,3,4,3,llama3.1:8b,data_pmus_yaounde,q2_6_2,Agent_178,SIMBOCK
4,4,3,4,4,llama3.1:8b,data_pmus_yaounde,q3_1,Agent_178,NON
4,3,4,4,3,llama3.1:8b,data_pmus_yaounde,q3_2,Agent_178,PAR BUS STACY
4,4,4,4,4,llama3.1:8b,data_pmus_yaounde,q3_3_1,Agent_178,DAKAR
4,4,3,4,3,llama3.1:8b,data_pmus_yaounde,q3_3_2,Agent_178,10 IEME ARRET
5,4,2,5,2,llama3.1:8b,data_pmus_yaounde,q4_1_a,Agent_178,Veuillez indiquer depuis combien de temps vous attendez.
4,3,4,4,4,llama3.1:8b,data_pmus_yaounde,q4_1_b,Agent_178,10 20 MINUTES
5,4,2,5,2,llama3.1:8b,data_pmus_yaounde,q4_2_a,Agent_178,Veuillez indiquer depuis combien de temps vous attendez.
4,4,4,4,4,llama3.1:8b,data_pmus_yaounde,q4_2_b,Agent_178,15 30 MIN
4,4,4,4,4,llama3.1:8b,data_pmus_yaounde,q4_3,Agent_178,2000
4,3,4,4,4,llama3.1:8b,data_pmus_yaounde,q4_4,Agent_178,TRAVAIL
3,3,4,4,3,llama3.1:8b,data_pmus_yaounde,q4_4_autres,Agent_178,ACHAT
5,3,4,4,4,llama3.1:8b,data_pmus_yaounde,q5_1,Agent_178,ENTRE 36 ET 45 ANS
5,3,3,4,4,llama3.1:8b,data_pmus_yaounde,q5_2,Agent_178,ENTRE 30 001 ET 100 000
5,4,4,4,4,llama3.1:8b,data_pmus_yaounde,q5_3,Agent_178,HOMME
4,4,3,4,3,llama3.1:8b,data_pmus_yaounde,centre ville,Agent_179,YAOUNDE
5,4,4,4,4,llama3.1:8b,data_pmus_yaounde,q1_1,Agent_179,UN QUARTIER DE LA VILLE DE YAOUNDE
4,4,4,4,4,llama3.1:8b,data_pmus_yaounde,q1_1_a,Agent_179,POSTE CENTRALE
4,4,3,4,3,llama3.1:8b,data_pmus_yaounde,q1_1_b,Agent_179,MVOG STIGI
4,4,3,4,3,llama3.1:8b,data_pmus_yaounde,q1_1_c,Agent_179,AFANOYA
5,4,4,4,4,llama3.1:8b,data_pmus_yaounde,q1_2,Agent_179,UN QUARTIER DE LA VILLE DE YAOUNDE
4,4,4,4,4,llama3.1:8b,data_pmus_yaounde,q1_2_a,Agent_179,EMOMBO
4,4,3,4,3,llama3.1:8b,data_pmus_yaounde,q1_2_b,Agent_179,10 IEME ARRET
4,4,3,4,3,llama3.1:8b,data_pmus_yaounde,q1_3_c,Agent_179,DOUALA
4,3,4,4,3,llama3.1:8b,data_pmus_yaounde,q2_1,Agent_179,PAR CARGO MINI BUS
4,4,3,4,3,llama3.1:8b,data_pmus_yaounde,q2_2_1,Agent_179,POSTE CENTRALE
4,4,3,4,3,llama3.1:8b,data_pmus_yaounde,q2_2_2,Agent_179,10 E ARRET
4,4,3,4,3,llama3.1:8b,data_pmus_yaounde,q2_3_1,Agent_179,POSTE CENTRALE
4,4,3,4,3,llama3.1:8b,data_pmus_yaounde,q2_3_2,Agent_179,POSTE CENTRALE
5,4,4,4,4,llama3.1:8b,data_pmus_yaounde,q2_3,Agent_179,NON
4,4,3,4,3,llama3.1:8b,data_pmus_yaounde,q2_4,Agent_179,PAR BUS STACY
4,4,3,4,3,llama3.1:8b,data_pmus_yaounde,q2_5_1,Agent_179,POSTE CENTRALE
4,4,3,4,3,llama3.1:8b,data_pmus_yaounde,q2_5_2,Agent_179,POSTE CENTRALE
4,4,3,4,3,llama3.1:8b,data_pmus_yaounde,q2_6_1,Agent_179,POSTE CENTRALE
4,4,3,4,3,llama3.1:8b,data_pmus_yaounde,q2_6_2,Agent_179,POSTE CENTRALE
4,4,3,4,4,llama3.1:8b,data_pmus_yaounde,q3_1,Agent_179,NON
4,3,4,4,3,llama3.1:8b,data_pmus_yaounde,q3_2,Agent_179,PAR TAXI
4,4,4,4,4,llama3.1:8b,data_pmus_yaounde,q3_3_1,Agent_179,ACACIA
4,4,3,4,3,llama3.1:8b,data_pmus_yaounde,q3_3_2,Agent_179,ENTREE ONANA
5,4,2,5,2,llama3.1:8b,data_pmus_yaounde,q4_1_a,Agent_179,Veuillez indiquer depuis combien de temps vous attendez.
4,3,4,4,4,llama3.1:8b,data_pmus_yaounde,q4_1_b,Agent_179,MOINS DE 5 MIN
5,4,2,5,2,llama3.1:8b,data_pmus_yaounde,q4_2_a,Agent_179,Veuillez indiquer depuis combien de temps vous attendez.
4,4,4,4,4,llama3.1:8b,data_pmus_yaounde,q4_2_b,Agent_179,15 30 MIN
4,4,4,4,4,llama3.1:8b,data_pmus_yaounde,q4_3,Agent_179,12000
4,3,4,4,4,llama3.1:8b,data_pmus_yaounde,q4_4,Agent_179,SPORTIVES
3,3,4,4,3,llama3.1:8b,data_pmus_yaounde,q4_4_autres,Agent_179,SPORT ET VISITE AMICALE
5,3,4,4,4,llama3.1:8b,data_pmus_yaounde,q5_1,Agent_179,ENTRE 36 ET 45 ANS
5,3,3,4,4,llama3.1:8b,data_pmus_yaounde,q5_2,Agent_179,ENTRE 30 001 ET 100 000
5,4,4,4,4,llama3.1:8b,data_pmus_yaounde,q5_3,Agent_179,HOMME
4,4,3,4,3,llama3.1:8b,data_pmus_yaounde,centre ville,Agent_180,YAOUNDE
5,4,4,4,4,llama3.1:8b,data_pmus_yaounde,q1_1,Agent_180,UN QUARTIER DE LA VILLE DE YAOUNDE
4,4,4,4,4,llama3.1:8b,data_pmus_yaounde,q1_1_a,Agent_180,ABIT
4,4,3,4,3,llama3.1:8b,data_pmus_yaounde,q1_1_b,Agent_180,ENTREE WAGUEE
4,4,3,4,3,llama3.1:8b,data_pmus_yaounde,q1_1_c,Agent_180,AFANOYA
5,4,4,4,4,llama3.1:8b,data_pmus_yaounde,q1_2,Agent_180,UN QUARTIER DE LA VILLE DE YAOUNDE
4,4,4,4,4,llama3.1:8b,data_pmus_yaounde,q1_2_a,Agent_180,ABOM
4,4,3,4,3,llama3.1:8b,data_pmus_yaounde,q1_2_b,Agent_180,10 IEME ARRET
4,4,3,4,3,llama3.1:8b,data_pmus_yaounde,q1_3_c,Agent_180,YAOUNDE
4,3,4,4,3,llama3.1:8b,data_pmus_yaounde,q2_1,Agent_180,A PIED
4,4,3,4,3,llama3.1:8b,data_pmus_yaounde,q2_2_1,Agent_180,2 CHEVEAU
4,4,3,4,3,llama3.1:8b,data_pmus_yaounde,q2_2_2,Agent_180,10 E ARRET
4,4,3,4,3,llama3.1:8b,data_pmus_yaounde,q2_3_1,Agent_180,HOPITAL GENERAL
4,4,3,4,3,llama3.1:8b,data_pmus_yaounde,q2_3_2,Agent_180,0NANA
5,4,4,4,4,llama3.1:8b,data_pmus_yaounde,q2_3,Agent_180,NON
4,4,3,4,3,llama3.1:8b,data_pmus_yaounde,q2_4,Agent_180,A PIED
4,4,3,4,3,llama3.1:8b,data_pmus_yaounde,q2_5_1,Agent_180,CENTRE VILLE
4,4,3,4,3,llama3.1:8b,data_pmus_yaounde,q2_5_2,Agent_180,HOPITAL
4,4,3,4,3,llama3.1:8b,data_pmus_yaounde,q2_6_1,Agent_180,HOPITAL
4,4,3,4,3,llama3.1:8b,data_pmus_yaounde,q2_6_2,Agent_180,GARE ROUTIERE
4,4,3,4,4,llama3.1:8b,data_pmus_yaounde,q3_1,Agent_180,NON
4,3,4,4,3,llama3.1:8b,data_pmus_yaounde,q3_2,Agent_180,A PIED
4,4,4,4,4,llama3.1:8b,data_pmus_yaounde,q3_3_1,Agent_180,ACACIA
4,4,3,4,3,llama3.1:8b,data_pmus_yaounde,q3_3_2,Agent_180,GARE VOYAGEURS
5,4,2,5,2,llama3.1:8b,data_pmus_yaounde,q4_1_a,Agent_180,Veuillez indiquer depuis combien de temps vous attendez.
4,3,4,4,4,llama3.1:8b,data_pmus_yaounde,q4_1_b,Agent_180,10 20 MINUTES
5,4,2,5,2,llama3.1:8b,data_pmus_yaounde,q4_2_a,Agent_180,Veuillez indiquer depuis combien de temps vous attendez.
4,4,4,4,4,llama3.1:8b,data_pmus_yaounde,q4_2_b,Agent_180,15 30 MIN
4,4,4,4,4,llama3.1:8b,data_pmus_yaounde,q4_3,Agent_180,100
4,3,4,4,4,llama3.1:8b,data_pmus_yaounde,q4_4,Agent_180,TRAVAIL
3,3,4,4,3,llama3.1:8b,data_pmus_yaounde,q4_4_autres,Agent_180,ACHAT
5,3,4,4,4,llama3.1:8b,data_pmus_yaounde,q5_1,Agent_180,ENTRE 26 ET 35 ANS
5,3,3,4,4,llama3.1:8b,data_pmus_yaounde,q5_2,Agent_180,ENTRE 30 001 ET 100 000
5,4,4,4,4,llama3.1:8b,data_pmus_yaounde,q5_3,Agent_180,FEMME
4,4,3,4,3,llama3.1:8b,data_pmus_yaounde,centre ville,Agent_181,YAOUNDE
5,4,4,4,4,llama3.1:8b,data_pmus_yaounde,q1_1,Agent_181,UN QUARTIER DE LA VILLE DE YAOUNDE
4,4,4,4,4,llama3.1:8b,data_pmus_yaounde,q1_1_a,Agent_181,NKOMO
4,4,3,4,3,llama3.1:8b,data_pmus_yaounde,q1_1_b,Agent_181,NKOMO
4,4,3,4,3,llama3.1:8b,data_pmus_yaounde,q1_1_c,Agent_181,AFANOYA
5,4,4,4,4,llama3.1:8b,data_pmus_yaounde,q1_2,Agent_181,UN QUARTIER DE LA VILLE DE YAOUNDE
4,4,4,4,4,llama3.1:8b,data_pmus_yaounde,q1_2_a,Agent_181,NKOMO
4,4,3,4,3,llama3.1:8b,data_pmus_yaounde,q1_2_b,Agent_181,NKOMO
4,4,3,4,3,llama3.1:8b,data_pmus_yaounde,q1_3_c,Agent_181,YAOUNDE
4,3,4,4,3,llama3.1:8b,data_pmus_yaounde,q2_1,Agent_181,PAR CARGO MINI BUS
4,4,3,4,3,llama3.1:8b,data_pmus_yaounde,q2_2_1,Agent_181,NKOMO
4,4,3,4,3,llama3.1:8b,data_pmus_yaounde,q2_2_2,Agent_181,NKOLSI
4,4,3,4,3,llama3.1:8b,data_pmus_yaounde,q2_3_1,Agent_181,NKOMO
4,4,3,4,3,llama3.1:8b,data_pmus_yaounde,q2_3_2,Agent_181,0NANA
5,4,4,4,4,llama3.1:8b,data_pmus_yaounde,q2_3,Agent_181,NON
4,4,3,4,3,llama3.1:8b,data_pmus_yaounde,q2_4,Agent_181,PAR BUS STACY
4,4,3,4,3,llama3.1:8b,data_pmus_yaounde,q2_5_1,Agent_181,NKOMO
4,4,3,4,3,llama3.1:8b,data_pmus_yaounde,q2_5_2,Agent_181,0MPHINE
4,4,3,4,3,llama3.1:8b,data_pmus_yaounde,q2_6_1,Agent_181,NKOMO
4,4,3,4,3,llama3.1:8b,data_pmus_yaounde,q2_6_2,Agent_181,11EME ARRET
4,4,3,4,4,llama3.1:8b,data_pmus_yaounde,q3_1,Agent_181,NON
4,3,4,4,3,llama3.1:8b,data_pmus_yaounde,q3_2,Agent_181,PAR BUS STACY
4,4,4,4,4,llama3.1:8b,data_pmus_yaounde,q3_3_1,Agent_181,NKOMO
4,4,3,4,3,llama3.1:8b,data_pmus_yaounde,q3_3_2,Agent_181,NKOMO
5,4,2,5,2,llama3.1:8b,data_pmus_yaounde,q4_1_a,Agent_181,Veuillez indiquer depuis combien de temps vous attendez.
4,3,4,4,4,llama3.1:8b,data_pmus_yaounde,q4_1_b,Agent_181,MOINS DE 5 MIN
5,4,2,5,2,llama3.1:8b,data_pmus_yaounde,q4_2_a,Agent_181,Veuillez indiquer depuis combien de temps vous attendez.
4,4,4,4,4,llama3.1:8b,data_pmus_yaounde,q4_2_b,Agent_181,15 30 MIN
4,4,4,4,4,llama3.1:8b,data_pmus_yaounde,q4_3,Agent_181,2000
4,3,4,4,4,llama3.1:8b,data_pmus_yaounde,q4_4,Agent_181,TRAVAIL
3,3,4,4,3,llama3.1:8b,data_pmus_yaounde,q4_4_autres,Agent_181,FAIRE DU MARCHE
5,3,4,4,4,llama3.1:8b,data_pmus_yaounde,q5_1,Agent_181,PLUS DE 65 ANS
5,3,3,4,4,llama3.1:8b,data_pmus_yaounde,q5_2,Agent_181,ENTRE 30 001 ET 100 000
5,4,4,4,4,llama3.1:8b,data_pmus_yaounde,q5_3,Agent_181,HOMME
4,4,3,4,3,llama3.1:8b,data_pmus_yaounde,centre ville,Agent_182,YAOUNDE
5,4,4,4,4,llama3.1:8b,data_pmus_yaounde,q1_1,Agent_182,UN QUARTIER DE LA VILLE DE YAOUNDE
4,4,4,4,4,llama3.1:8b,data_pmus_yaounde,q1_1_a,Agent_182,OBOBOGO
4,4,3,4,3,llama3.1:8b,data_pmus_yaounde,q1_1_b,Agent_182,10EME ARRET
4,4,3,4,3,llama3.1:8b,data_pmus_yaounde,q1_1_c,Agent_182,AFANOYA
5,4,4,4,4,llama3.1:8b,data_pmus_yaounde,q1_2,Agent_182,UN QUARTIER DE LA VILLE DE YAOUNDE
4,4,4,4,4,llama3.1:8b,data_pmus_yaounde,q1_2_a,Agent_182,ABOM
4,4,3,4,3,llama3.1:8b,data_pmus_yaounde,q1_2_b,Agent_182,10 IEME ARRET
4,4,3,4,3,llama3.1:8b,data_pmus_yaounde,q1_3_c,Agent_182,DOUALA
4,3,4,4,3,llama3.1:8b,data_pmus_yaounde,q2_1,Agent_182,PAR BUS STACY
4,4,3,4,3,llama3.1:8b,data_pmus_yaounde,q2_2_1,Agent_182,OMNISPOT
4,4,3,4,3,llama3.1:8b,data_pmus_yaounde,q2_2_2,Agent_182,10 E ARRET
4,4,3,4,3,llama3.1:8b,data_pmus_yaounde,q2_3_1,Agent_182,OMNISPORT
4,4,3,4,3,llama3.1:8b,data_pmus_yaounde,q2_3_2,Agent_182,0NANA
5,4,4,4,4,llama3.1:8b,data_pmus_yaounde,q2_3,Agent_182,NON
4,4,3,4,3,llama3.1:8b,data_pmus_yaounde,q2_4,Agent_182,PAR BUS STACY
4,4,3,4,3,llama3.1:8b,data_pmus_yaounde,q2_5_1,Agent_182,OMNISIPORT
4,4,3,4,3,llama3.1:8b,data_pmus_yaounde,q2_5_2,Agent_182,COMPLEX
4,4,3,4,3,llama3.1:8b,data_pmus_yaounde,q2_6_1,Agent_182,ABATTOIR
4,4,3,4,3,llama3.1:8b,data_pmus_yaounde,q2_6_2,Agent_182,11EME ARRET
4,4,3,4,4,llama3.1:8b,data_pmus_yaounde,q3_1,Agent_182,NON
4,3,4,4,3,llama3.1:8b,data_pmus_yaounde,q3_2,Agent_182,PAR BUS STACY
4,4,4,4,4,llama3.1:8b,data_pmus_yaounde,q3_3_1,Agent_182,OMNISIPORT
4,4,3,4,3,llama3.1:8b,data_pmus_yaounde,q3_3_2,Agent_182,OMNISIPORT
5,4,2,5,2,llama3.1:8b,data_pmus_yaounde,q4_1_a,Agent_182,Veuillez indiquer depuis combien de temps vous attendez.
4,3,4,4,4,llama3.1:8b,data_pmus_yaounde,q4_1_b,Agent_182,MOINS DE 5 MIN
5,4,2,5,2,llama3.1:8b,data_pmus_yaounde,q4_2_a,Agent_182,Veuillez indiquer depuis combien de temps vous attendez.
4,4,4,4,4,llama3.1:8b,data_pmus_yaounde,q4_2_b,Agent_182,15 30 MIN
4,4,4,4,4,llama3.1:8b,data_pmus_yaounde,q4_3,Agent_182,2800
4,3,4,4,4,llama3.1:8b,data_pmus_yaounde,q4_4,Agent_182,SPORTIVES
3,3,4,4,3,llama3.1:8b,data_pmus_yaounde,q4_4_autres,Agent_182,SPORT ET VISITE AMICALE
5,3,4,4,4,llama3.1:8b,data_pmus_yaounde,q5_1,Agent_182,MOINS DE 18 ANS
5,3,3,4,4,llama3.1:8b,data_pmus_yaounde,q5_2,Agent_182,ENTRE 30 001 ET 100 000
5,4,4,4,4,llama3.1:8b,data_pmus_yaounde,q5_3,Agent_182,FEMME
4,4,3,4,3,llama3.1:8b,data_pmus_yaounde,centre ville,Agent_183,YAOUNDE
5,4,4,4,4,llama3.1:8b,data_pmus_yaounde,q1_1,Agent_183,UN QUARTIER DE LA VILLE DE YAOUNDE
4,4,4,4,4,llama3.1:8b,data_pmus_yaounde,q1_1_a,Agent_183,NKOA MBANG
4,4,3,4,3,llama3.1:8b,data_pmus_yaounde,q1_1_b,Agent_183,NKOA MBANG
4,4,3,4,3,llama3.1:8b,data_pmus_yaounde,q1_1_c,Agent_183,AFANOYA
5,4,4,4,4,llama3.1:8b,data_pmus_yaounde,q1_2,Agent_183,UN QUARTIER DE LA VILLE DE YAOUNDE
4,4,4,4,4,llama3.1:8b,data_pmus_yaounde,q1_2_a,Agent_183,MBALLA 2
4,4,3,4,3,llama3.1:8b,data_pmus_yaounde,q1_2_b,Agent_183,MBALLA 2
4,4,3,4,3,llama3.1:8b,data_pmus_yaounde,q1_3_c,Agent_183,DOUALA
4,3,4,4,3,llama3.1:8b,data_pmus_yaounde,q2_1,Agent_183,A PIED
4,4,3,4,3,llama3.1:8b,data_pmus_yaounde,q2_2_1,Agent_183,MBALLA 2
4,4,3,4,3,llama3.1:8b,data_pmus_yaounde,q2_2_2,Agent_183,10 E ARRET
4,4,3,4,3,llama3.1:8b,data_pmus_yaounde,q2_3_1,Agent_183,MBALLA 2
4,4,3,4,3,llama3.1:8b,data_pmus_yaounde,q2_3_2,Agent_183,0NANA
5,4,4,4,4,llama3.1:8b,data_pmus_yaounde,q2_3,Agent_183,NON
4,4,3,4,3,llama3.1:8b,data_pmus_yaounde,q2_4,Agent_183,PAR BUS STACY
4,4,3,4,3,llama3.1:8b,data_pmus_yaounde,q2_5_1,Agent_183,A B0NAS
4,4,3,4,3,llama3.1:8b,data_pmus_yaounde,q2_5_2,Agent_183,MBALLA 2
4,4,3,4,3,llama3.1:8b,data_pmus_yaounde,q2_6_1,Agent_183,ABATTOIR
4,4,3,4,3,llama3.1:8b,data_pmus_yaounde,q2_6_2,Agent_183,11EME ARRET
4,4,3,4,4,llama3.1:8b,data_pmus_yaounde,q3_1,Agent_183,OUI
4,3,4,4,3,llama3.1:8b,data_pmus_yaounde,q3_2,Agent_183,PAR BUS STACY
4,4,4,4,4,llama3.1:8b,data_pmus_yaounde,q3_3_1,Agent_183,MBALLA 2
4,4,3,4,3,llama3.1:8b,data_pmus_yaounde,q3_3_2,Agent_183,10 IEME ARRET
5,4,2,5,2,llama3.1:8b,data_pmus_yaounde,q4_1_a,Agent_183,Veuillez indiquer depuis combien de temps vous attendez.
4,3,4,4,4,llama3.1:8b,data_pmus_yaounde,q4_1_b,Agent_183,10 20 MINUTES
5,4,2,5,2,llama3.1:8b,data_pmus_yaounde,q4_2_a,Agent_183,Veuillez indiquer depuis combien de temps vous attendez.
4,4,4,4,4,llama3.1:8b,data_pmus_yaounde,q4_2_b,Agent_183,15 30 MIN
4,4,4,4,4,llama3.1:8b,data_pmus_yaounde,q4_3,Agent_183,1200
4,3,4,4,4,llama3.1:8b,data_pmus_yaounde,q4_4,Agent_183,D MARCHES ADMINISTRATIVES ET OU SANT
3,3,4,4,3,llama3.1:8b,data_pmus_yaounde,q4_4_autres,Agent_183,ACHAT
5,3,4,4,4,llama3.1:8b,data_pmus_yaounde,q5_1,Agent_183,ENTRE 18 ET 25 ANS
5,3,3,4,4,llama3.1:8b,data_pmus_yaounde,q5_2,Agent_183,ENTRE 30 001 ET 100 000
5,4,4,4,4,llama3.1:8b,data_pmus_yaounde,q5_3,Agent_183,FEMME
4,4,3,4,3,llama3.1:8b,data_pmus_yaounde,centre ville,Agent_184,YAOUNDE
5,4,4,4,4,llama3.1:8b,data_pmus_yaounde,q1_1,Agent_184,UN QUARTIER DE LA VILLE DE YAOUNDE
4,4,4,4,4,llama3.1:8b,data_pmus_yaounde,q1_1_a,Agent_184,TKC
4,4,3,4,3,llama3.1:8b,data_pmus_yaounde,q1_1_b,Agent_184,TKC
4,4,3,4,3,llama3.1:8b,data_pmus_yaounde,q1_1_c,Agent_184,AFANOYA
5,4,4,4,4,llama3.1:8b,data_pmus_yaounde,q1_2,Agent_184,UN QUARTIER DE LA VILLE DE YAOUNDE
4,4,4,4,4,llama3.1:8b,data_pmus_yaounde,q1_2_a,Agent_184,ACACIA
4,4,3,4,3,llama3.1:8b,data_pmus_yaounde,q1_2_b,Agent_184,ACACIA
4,4,3,4,3,llama3.1:8b,data_pmus_yaounde,q1_3_c,Agent_184,YAOUNDE
4,3,4,4,3,llama3.1:8b,data_pmus_yaounde,q2_1,Agent_184,PAR BUS STACY
4,4,3,4,3,llama3.1:8b,data_pmus_yaounde,q2_2_1,Agent_184,2 CHEVEAU
4,4,3,4,3,llama3.1:8b,data_pmus_yaounde,q2_2_2,Agent_184,10 E ARRET
4,4,3,4,3,llama3.1:8b,data_pmus_yaounde,q2_3_1,Agent_184,TKC
4,4,3,4,3,llama3.1:8b,data_pmus_yaounde,q2_3_2,Agent_184,TKC
5,4,4,4,4,llama3.1:8b,data_pmus_yaounde,q2_3,Agent_184,NON
4,4,3,4,3,llama3.1:8b,data_pmus_yaounde,q2_4,Agent_184,PAR BUS STACY
4,4,3,4,3,llama3.1:8b,data_pmus_yaounde,q2_5_1,Agent_184,ACACIA
4,4,3,4,3,llama3.1:8b,data_pmus_yaounde,q2_5_2,Agent_184,ACACIA
4,4,3,4,3,llama3.1:8b,data_pmus_yaounde,q2_6_1,Agent_184,TKC
4,4,3,4,3,llama3.1:8b,data_pmus_yaounde,q2_6_2,Agent_184,TERMINUS ODZA
4,4,3,4,4,llama3.1:8b,data_pmus_yaounde,q3_1,Agent_184,NON
4,3,4,4,3,llama3.1:8b,data_pmus_yaounde,q3_2,Agent_184,PAR BUS AGENCE INTERURBAIN
4,4,4,4,4,llama3.1:8b,data_pmus_yaounde,q3_3_1,Agent_184,ACACIA
4,4,3,4,3,llama3.1:8b,data_pmus_yaounde,q3_3_2,Agent_184,ACACIA
5,4,2,5,2,llama3.1:8b,data_pmus_yaounde,q4_1_a,Agent_184,Veuillez indiquer depuis combien de temps vous attendez.
4,3,4,4,4,llama3.1:8b,data_pmus_yaounde,q4_1_b,Agent_184,10 20 MINUTES
5,4,2,5,2,llama3.1:8b,data_pmus_yaounde,q4_2_a,Agent_184,Veuillez indiquer depuis combien de temps vous attendez.
4,4,4,4,4,llama3.1:8b,data_pmus_yaounde,q4_2_b,Agent_184,15 30 MIN
4,4,4,4,4,llama3.1:8b,data_pmus_yaounde,q4_3,Agent_184,12000
4,3,4,4,4,llama3.1:8b,data_pmus_yaounde,q4_4,Agent_184,COURSES
3,3,4,4,3,llama3.1:8b,data_pmus_yaounde,q4_4_autres,Agent_184,FAIRE DES ACHATS
5,3,4,4,4,llama3.1:8b,data_pmus_yaounde,q5_1,Agent_184,ENTRE 26 ET 35 ANS
5,3,3,4,4,llama3.1:8b,data_pmus_yaounde,q5_2,Agent_184,ENTRE 30 001 ET 100 000
5,4,4,4,4,llama3.1:8b,data_pmus_yaounde,q5_3,Agent_184,HOMME
4,4,3,4,3,llama3.1:8b,data_pmus_yaounde,centre ville,Agent_185,YAOUNDE
5,4,4,4,4,llama3.1:8b,data_pmus_yaounde,q1_1,Agent_185,UN QUARTIER DE LA VILLE DE YAOUNDE
4,4,4,4,4,llama3.1:8b,data_pmus_yaounde,q1_1_a,Agent_185,ABIT
4,4,3,4,3,llama3.1:8b,data_pmus_yaounde,q1_1_b,Agent_185,10EME ARRET
4,4,3,4,3,llama3.1:8b,data_pmus_yaounde,q1_1_c,Agent_185,AFANOYA
5,4,4,4,4,llama3.1:8b,data_pmus_yaounde,q1_2,Agent_185,UN QUARTIER DE LA VILLE DE YAOUNDE
4,4,4,4,4,llama3.1:8b,data_pmus_yaounde,q1_2_a,Agent_185,EMANA
4,4,3,4,3,llama3.1:8b,data_pmus_yaounde,q1_2_b,Agent_185,EMANA
4,4,3,4,3,llama3.1:8b,data_pmus_yaounde,q1_3_c,Agent_185,MBANKOLO
4,3,4,4,3,llama3.1:8b,data_pmus_yaounde,q2_1,Agent_185,PAR BUS STACY
4,4,3,4,3,llama3.1:8b,data_pmus_yaounde,q2_2_1,Agent_185,TAXI
4,4,3,4,3,llama3.1:8b,data_pmus_yaounde,q2_2_2,Agent_185,10 E ARRET
4,4,3,4,3,llama3.1:8b,data_pmus_yaounde,q2_3_1,Agent_185,SANTABABARA
4,4,3,4,3,llama3.1:8b,data_pmus_yaounde,q2_3_2,Agent_185,0NANA
5,4,4,4,4,llama3.1:8b,data_pmus_yaounde,q2_3,Agent_185,NON
4,4,3,4,3,llama3.1:8b,data_pmus_yaounde,q2_4,Agent_185,PAR BUS STACY
4,4,3,4,3,llama3.1:8b,data_pmus_yaounde,q2_5_1,Agent_185,A B0NAS
4,4,3,4,3,llama3.1:8b,data_pmus_yaounde,q2_5_2,Agent_185,0MPHINE
4,4,3,4,3,llama3.1:8b,data_pmus_yaounde,q2_6_1,Agent_185,MENDONG
4,4,3,4,3,llama3.1:8b,data_pmus_yaounde,q2_6_2,Agent_185,ENTREE HYSANCAN
4,4,3,4,4,llama3.1:8b,data_pmus_yaounde,q3_1,Agent_185,NON
4,3,4,4,3,llama3.1:8b,data_pmus_yaounde,q3_2,Agent_185,PAR BUS AGENCE INTERURBAIN
4,4,4,4,4,llama3.1:8b,data_pmus_yaounde,q3_3_1,Agent_185,SANTABABARA
4,4,3,4,3,llama3.1:8b,data_pmus_yaounde,q3_3_2,Agent_185,10 IEME ARRET
5,4,2,5,2,llama3.1:8b,data_pmus_yaounde,q4_1_a,Agent_185,Veuillez indiquer depuis combien de temps vous attendez.
4,3,4,4,4,llama3.1:8b,data_pmus_yaounde,q4_1_b,Agent_185,MOINS DE 5 MIN
5,4,2,5,2,llama3.1:8b,data_pmus_yaounde,q4_2_a,Agent_185,Veuillez indiquer depuis combien de temps vous attendez.
4,4,4,4,4,llama3.1:8b,data_pmus_yaounde,q4_2_b,Agent_185,15 30 MIN
4,4,4,4,4,llama3.1:8b,data_pmus_yaounde,q4_3,Agent_185,3500
4,3,4,4,4,llama3.1:8b,data_pmus_yaounde,q4_4,Agent_185,VISITE FAMILLE
3,4,4,4,3,llama3.1:8b,data_pmus_yaounde,q4_4_autres,Agent_185,ACHAT
5,4,5,4,4,llama3.1:8b,data_pmus_yaounde,q5_1,Agent_185,MOINS DE 18 ANS
5,4,3,4,4,llama3.1:8b,data_pmus_yaounde,q5_2,Agent_185,ENTRE 30 001 ET 100 000
5,4,5,4,4,llama3.1:8b,data_pmus_yaounde,q5_3,Agent_185,HOMME
4,4,4,4,3,llama3.1:8b,data_pmus_yaounde,centre ville,Agent_186,YAOUNDE
5,5,5,4,4,llama3.1:8b,data_pmus_yaounde,q1_1,Agent_186,UN QUARTIER DE LA VILLE DE YAOUNDE
4,4,4,4,4,llama3.1:8b,data_pmus_yaounde,q1_1_a,Agent_186,ESSOMBA
4,4,3,4,3,llama3.1:8b,data_pmus_yaounde,q1_1_b,Agent_186,ESSOMBA
4,4,4,4,3,llama3.1:8b,data_pmus_yaounde,q1_1_c,Agent_186,AFANOYA
5,5,5,4,4,llama3.1:8b,data_pmus_yaounde,q1_2,Agent_186,UN QUARTIER DE LA VILLE DE YAOUNDE
4,4,4,4,4,llama3.1:8b,data_pmus_yaounde,q1_2_a,Agent_186,ABOM
4,4,3,4,3,llama3.1:8b,data_pmus_yaounde,q1_2_b,Agent_186,APRES LE XHEF
4,4,4,4,3,llama3.1:8b,data_pmus_yaounde,q1_3_c,Agent_186,AFANOYA
4,4,5,4,3,llama3.1:8b,data_pmus_yaounde,q2_1,Agent_186,PAR BUS AGENCE INTERURBAIN
4,4,3,4,3,llama3.1:8b,data_pmus_yaounde,q2_2_1,Agent_186,CORREFOUR
4,4,3,4,3,llama3.1:8b,data_pmus_yaounde,q2_2_2,Agent_186,CARREFOUR
4,4,3,4,3,llama3.1:8b,data_pmus_yaounde,q2_3_1,Agent_186,CARREFOUR
4,4,3,4,3,llama3.1:8b,data_pmus_yaounde,q2_3_2,Agent_186,CARREFOUR
5,4,4,4,4,llama3.1:8b,data_pmus_yaounde,q2_3,Agent_186,NON
4,4,4,4,3,llama3.1:8b,data_pmus_yaounde,q2_4,Agent_186,PAR BUS STACY
4,4,4,4,3,llama3.1:8b,data_pmus_yaounde,q2_5_1,Agent_186,NKOL FOULOU
4,4,4,4,3,llama3.1:8b,data_pmus_yaounde,q2_5_2,Agent_186,NKOL FOULOU
4,4,4,4,3,llama3.1:8b,data_pmus_yaounde,q2_6_1,Agent_186,NKOL FOULOU
4,4,4,4,3,llama3.1:8b,data_pmus_yaounde,q2_6_2,Agent_186,11EME ARRET
4,4,3,4,4,llama3.1:8b,data_pmus_yaounde,q3_1,Agent_186,NON
4,4,4,4,3,llama3.1:8b,data_pmus_yaounde,q3_2,Agent_186,PAR BUS AGENCE INTERURBAIN
4,4,4,4,4,llama3.1:8b,data_pmus_yaounde,q3_3_1,Agent_186,NKOL FOULOU
4,4,3,4,3,llama3.1:8b,data_pmus_yaounde,q3_3_2,Agent_186,NKOL FOULOU
5,4,2,5,2,llama3.1:8b,data_pmus_yaounde,q4_1_a,Agent_186,Veuillez indiquer depuis combien de temps vous attendez.
4,4,4,4,4,llama3.1:8b,data_pmus_yaounde,q4_1_b,Agent_186,10 20 MINUTES
5,4,2,5,2,llama3.1:8b,data_pmus_yaounde,q4_2_a,Agent_186,Veuillez indiquer depuis combien de temps vous attendez.
4,4,4,4,4,llama3.1:8b,data_pmus_yaounde,q4_2_b,Agent_186,15 30 MIN
4,4,5,4,4,llama3.1:8b,data_pmus_yaounde,q4_3,Agent_186,4500
4,4,4,4,4,llama3.1:8b,data_pmus_yaounde,q4_4,Agent_186,TRAVAIL
3,4,4,4,3,llama3.1:8b,data_pmus_yaounde,q4_4_autres,Agent_186,ACHAT
5,4,5,4,4,llama3.1:8b,data_pmus_yaounde,q5_1,Agent_186,ENTRE 26 ET 35 ANS
5,4,3,4,4,llama3.1:8b,data_pmus_yaounde,q5_2,Agent_186,ENTRE 30 001 ET 100 000
5,4,5,4,4,llama3.1:8b,data_pmus_yaounde,q5_3,Agent_186,HOMME
4,4,4,4,3,llama3.1:8b,data_pmus_yaounde,centre ville,Agent_187,YAOUNDE
5,5,5,4,4,llama3.1:8b,data_pmus_yaounde,q1_1,Agent_187,UN QUARTIER DE LA VILLE DE YAOUNDE
4,4,4,4,4,llama3.1:8b,data_pmus_yaounde,q1_1_a,Agent_187,ABIT
4,4,3,4,3,llama3.1:8b,data_pmus_yaounde,q1_1_b,Agent_187,ENTREE ONANA
4,4,4,4,3,llama3.1:8b,data_pmus_yaounde,q1_1_c,Agent_187,AFANOYA
5,5,5,4,4,llama3.1:8b,data_pmus_yaounde,q1_2,Agent_187,UN QUARTIER DE LA VILLE DE YAOUNDE
4,4,4,4,4,llama3.1:8b,data_pmus_yaounde,q1_2_a,Agent_187,NKOLMESSENG
4,4,3,4,3,llama3.1:8b,data_pmus_yaounde,q1_2_b,Agent_187,NKOLO1
4,4,4,4,3,llama3.1:8b,data_pmus_yaounde,q1_3_c,Agent_187,NKOA MBANG
4,4,5,4,3,llama3.1:8b,data_pmus_yaounde,q2_1,Agent_187,PAR BUS STACY
4,4,3,4,3,llama3.1:8b,data_pmus_yaounde,q2_2_1,Agent_187,NKOA MBANG
4,4,3,4,3,llama3.1:8b,data_pmus_yaounde,q2_2_2,Agent_187,NKOLO 3
4,4,3,4,3,llama3.1:8b,data_pmus_yaounde,q2_3_1,Agent_187,NKOA MBANG
4,4,3,4,3,llama3.1:8b,data_pmus_yaounde,q2_3_2,Agent_187,NKOA MBANG
5,4,4,4,4,llama3.1:8b,data_pmus_yaounde,q2_3,Agent_187,NON
4,4,4,4,3,llama3.1:8b,data_pmus_yaounde,q2_4,Agent_187,PAR BUS STACY
4,4,4,4,3,llama3.1:8b,data_pmus_yaounde,q2_5_1,Agent_187,KONDOUE
4,4,4,4,3,llama3.1:8b,data_pmus_yaounde,q2_5_2,Agent_187,0MPHINE
4,4,4,4,3,llama3.1:8b,data_pmus_yaounde,q2_6_1,Agent_187,NKOA MBANG
4,4,4,4,3,llama3.1:8b,data_pmus_yaounde,q2_6_2,Agent_187,11EME ARRET
4,4,3,4,4,llama3.1:8b,data_pmus_yaounde,q3_1,Agent_187,NON
4,4,4,4,3,llama3.1:8b,data_pmus_yaounde,q3_2,Agent_187,PAR BUS AGENCE INTERURBAIN
4,4,4,4,4,llama3.1:8b,data_pmus_yaounde,q3_3_1,Agent_187,NKOA MBANG
4,4,3,4,3,llama3.1:8b,data_pmus_yaounde,q3_3_2,Agent_187,NKOA MBANG
5,4,2,5,2,llama3.1:8b,data_pmus_yaounde,q4_1_a,Agent_187,Veuillez indiquer depuis combien de temps vous attendez.
4,4,4,4,4,llama3.1:8b,data_pmus_yaounde,q4_1_b,Agent_187,10 20 MINUTES
5,4,2,5,2,llama3.1:8b,data_pmus_yaounde,q4_2_a,Agent_187,Veuillez indiquer depuis combien de temps vous attendez.
4,4,4,4,4,llama3.1:8b,data_pmus_yaounde,q4_2_b,Agent_187,15 30 MIN
4,4,5,4,4,llama3.1:8b,data_pmus_yaounde,q4_3,Agent_187,3800
4,4,4,4,4,llama3.1:8b,data_pmus_yaounde,q4_4,Agent_187,TRAVAIL
3,4,4,4,3,llama3.1:8b,data_pmus_yaounde,q4_4_autres,Agent_187,FAIRE DU MARCHE
5,4,5,4,4,llama3.1:8b,data_pmus_yaounde,q5_1,Agent_187,ENTRE 36 ET 45 ANS
5,4,3,4,4,llama3.1:8b,data_pmus_yaounde,q5_2,Agent_187,ENTRE 30 001 ET 100 000
5,4,5,4,4,llama3.1:8b,data_pmus_yaounde,q5_3,Agent_187,HOMME
4,4,4,4,3,llama3.1:8b,data_pmus_yaounde,centre ville,Agent_188,YAOUNDE
5,5,5,4,4,llama3.1:8b,data_pmus_yaounde,q1_1,Agent_188,UN QUARTIER DE LA VILLE DE YAOUNDE
4,4,4,4,4,llama3.1:8b,data_pmus_yaounde,q1_1_a,Agent_188,ABIT
4,4,3,4,3,llama3.1:8b,data_pmus_yaounde,q1_1_b,Agent_188,CITE SIC MESSA
4,4,4,4,3,llama3.1:8b,data_pmus_yaounde,q1_1_c,Agent_188,AFANOYA
5,5,5,4,4,llama3.1:8b,data_pmus_yaounde,q1_2,Agent_188,UN QUARTIER DE LA VILLE DE YAOUNDE
4,4,4,4,4,llama3.1:8b,data_pmus_yaounde,q1_2_a,Agent_188,MESSA
4,4,3,4,3,llama3.1:8b,data_pmus_yaounde,q1_2_b,Agent_188,10 IEME ARRET
4,4,4,4,3,llama3.1:8b,data_pmus_yaounde,q1_3_c,Agent_188,DOUALA
4,4,5,4,3,llama3.1:8b,data_pmus_yaounde,q2_1,Agent_188,A PIED
4,4,3,4,3,llama3.1:8b,data_pmus_yaounde,q2_2_1,Agent_188,ELISONO
4,4,3,4,3,llama3.1:8b,data_pmus_yaounde,q2_2_2,Agent_188,ENTREE SIMBOCK
4,4,3,4,3,llama3.1:8b,data_pmus_yaounde,q2_3_1,Agent_188,CARREFOURMVAN
4,4,3,4,3,llama3.1:8b,data_pmus_yaounde,q2_3_2,Agent_188,0NANA
5,4,4,4,4,llama3.1:8b,data_pmus_yaounde,q2_3,Agent_188,NON
4,4,4,4,3,llama3.1:8b,data_pmus_yaounde,q2_4,Agent_188,PAR BUS STACY
4,4,4,4,3,llama3.1:8b,data_pmus_yaounde,q2_5_1,Agent_188,CARREFOUR REGI
4,4,4,4,3,llama3.1:8b,data_pmus_yaounde,q2_5_2,Agent_188,CARREFOUR
4,4,4,4,3,llama3.1:8b,data_pmus_yaounde,q2_6_1,Agent_188,MESSASSI
4,4,4,4,3,llama3.1:8b,data_pmus_yaounde,q2_6_2,Agent_188,SOA
4,4,3,4,4,llama3.1:8b,data_pmus_yaounde,q3_1,Agent_188,NON
4,4,4,4,3,llama3.1:8b,data_pmus_yaounde,q3_2,Agent_188,PAR BUS STACY
4,4,4,4,4,llama3.1:8b,data_pmus_yaounde,q3_3_1,Agent_188,MESSA
4,4,3,4,3,llama3.1:8b,data_pmus_yaounde,q3_3_2,Agent_188,SAM DONGO
5,4,2,5,2,llama3.1:8b,data_pmus_yaounde,q4_1_a,Agent_188,Veuillez indiquer depuis combien de temps vous attendez.
4,4,4,4,4,llama3.1:8b,data_pmus_yaounde,q4_1_b,Agent_188,10 20 MINUTES
5,4,2,5,2,llama3.1:8b,data_pmus_yaounde,q4_2_a,Agent_188,Veuillez indiquer depuis combien de temps vous attendez.
4,4,4,4,4,llama3.1:8b,data_pmus_yaounde,q4_2_b,Agent_188,30 60 MIN
4,4,5,4,4,llama3.1:8b,data_pmus_yaounde,q4_3,Agent_188,2950
4,4,4,4,4,llama3.1:8b,data_pmus_yaounde,q4_4,Agent_188,TRAVAIL
3,4,4,4,3,llama3.1:8b,data_pmus_yaounde,q4_4_autres,Agent_188,ACHAT
5,4,5,4,4,llama3.1:8b,data_pmus_yaounde,q5_1,Agent_188,ENTRE 26 ET 35 ANS
5,4,3,4,4,llama3.1:8b,data_pmus_yaounde,q5_2,Agent_188,ENTRE 30 001 ET 100 000
5,4,5,4,4,llama3.1:8b,data_pmus_yaounde,q5_3,Agent_188,HOMME
4,4,4,4,3,llama3.1:8b,data_pmus_yaounde,centre ville,Agent_189,YAOUNDE
5,5,5,4,4,llama3.1:8b,data_pmus_yaounde,q1_1,Agent_189,UN QUARTIER DE LA VILLE DE YAOUNDE
4,4,4,4,4,llama3.1:8b,data_pmus_yaounde,q1_1_a,Agent_189,NKOLODOM
4,4,3,4,3,llama3.1:8b,data_pmus_yaounde,q1_1_b,Agent_189,NKOLODOM
4,4,4,4,3,llama3.1:8b,data_pmus_yaounde,q1_1_c,Agent_189,AFANOYA
5,5,5,4,4,llama3.1:8b,data_pmus_yaounde,q1_2,Agent_189,UN QUARTIER DE LA VILLE DE YAOUNDE
4,4,4,4,4,llama3.1:8b,data_pmus_yaounde,q1_2_a,Agent_189,MARCHE MFOUNDI
4,4,3,4,3,llama3.1:8b,data_pmus_yaounde,q1_2_b,Agent_189,10 IEME ARRET
4,4,4,4,3,llama3.1:8b,data_pmus_yaounde,q1_3_c,Agent_189,DOUALA
4,4,5,4,3,llama3.1:8b,data_pmus_yaounde,q2_1,Agent_189,PAR BUS STACY
4,4,3,4,3,llama3.1:8b,data_pmus_yaounde,q2_2_1,Agent_189,NKOLODOM
4,4,3,4,3,llama3.1:8b,data_pmus_yaounde,q2_2_2,Agent_189,NGOUSSO
4,4,3,4,3,llama3.1:8b,data_pmus_yaounde,q2_3_1,Agent_189,NKOLODOM
4,4,3,4,3,llama3.1:8b,data_pmus_yaounde,q2_3_2,Agent_189,NGOUISSO
5,4,4,4,4,llama3.1:8b,data_pmus_yaounde,q2_3,Agent_189,NON
4,4,4,4,3,llama3.1:8b,data_pmus_yaounde,q2_4,Agent_189,PAR BUS STACY
4,4,4,4,3,llama3.1:8b,data_pmus_yaounde,q2_5_1,Agent_189,NKOLODOM
4,4,4,4,3,llama3.1:8b,data_pmus_yaounde,q2_5_2,Agent_189,0MPHINE
4,4,4,4,3,llama3.1:8b,data_pmus_yaounde,q2_6_1,Agent_189,NKOLDOUE
4,4,4,4,3,llama3.1:8b,data_pmus_yaounde,q2_6_2,Agent_189,11EME ARRET
4,4,3,4,4,llama3.1:8b,data_pmus_yaounde,q3_1,Agent_189,NON
4,4,4,4,3,llama3.1:8b,data_pmus_yaounde,q3_2,Agent_189,PAR BUS STACY
4,4,4,4,4,llama3.1:8b,data_pmus_yaounde,q3_3_1,Agent_189,NKOLAFAMBA
4,4,3,4,3,llama3.1:8b,data_pmus_yaounde,q3_3_2,Agent_189,10 IEME ARRET
5,4,2,5,2,llama3.1:8b,data_pmus_yaounde,q4_1_a,Agent_189,Veuillez indiquer depuis combien de temps vous attendez.
4,4,4,4,4,llama3.1:8b,data_pmus_yaounde,q4_1_b,Agent_189,PLUS DE 20 MINUTES
5,4,2,5,2,llama3.1:8b,data_pmus_yaounde,q4_2_a,Agent_189,Veuillez indiquer depuis combien de temps vous attendez.
4,4,4,4,4,llama3.1:8b,data_pmus_yaounde,q4_2_b,Agent_189,15 30 MIN
4,4,5,4,4,llama3.1:8b,data_pmus_yaounde,q4_3,Agent_189,2300
4,4,4,4,4,llama3.1:8b,data_pmus_yaounde,q4_4,Agent_189,TRAVAIL
3,4,4,4,3,llama3.1:8b,data_pmus_yaounde,q4_4_autres,Agent_189,ACHAT
5,4,5,4,4,llama3.1:8b,data_pmus_yaounde,q5_1,Agent_189,ENTRE 18 ET 25 ANS
5,4,3,4,4,llama3.1:8b,data_pmus_yaounde,q5_2,Agent_189,ENTRE 30 001 ET 100 000
5,4,5,4,4,llama3.1:8b,data_pmus_yaounde,q5_3,Agent_189,HOMME
4,4,4,4,3,llama3.1:8b,data_pmus_yaounde,centre ville,Agent_190,YAOUNDE
5,5,5,4,4,llama3.1:8b,data_pmus_yaounde,q1_1,Agent_190,UN QUARTIER DE LA VILLE DE YAOUNDE
4,4,4,4,4,llama3.1:8b,data_pmus_yaounde,q1_1_a,Agent_190,MBANKOMO
4,4,3,4,3,llama3.1:8b,data_pmus_yaounde,q1_1_b,Agent_190,MBANKOMO
4,4,4,4,3,llama3.1:8b,data_pmus_yaounde,q1_1_c,Agent_190,AFANOYA
5,5,5,4,4,llama3.1:8b,data_pmus_yaounde,q1_2,Agent_190,UN QUARTIER DE LA VILLE DE YAOUNDE
4,4,4,4,4,llama3.1:8b,data_pmus_yaounde,q1_2_a,Agent_190,NKOMO
4,4,3,4,3,llama3.1:8b,data_pmus_yaounde,q1_2_b,Agent_190,NKOMO
4,4,4,4,3,llama3.1:8b,data_pmus_yaounde,q1_3_c,Agent_190,NKOMO
4,4,5,4,3,llama3.1:8b,data_pmus_yaounde,q2_1,Agent_190,PAR BUS AGENCE INTERURBAIN
4,4,3,4,3,llama3.1:8b,data_pmus_yaounde,q2_2_1,Agent_190,NKOL FOULOU
4,4,3,4,3,llama3.1:8b,data_pmus_yaounde,q2_2_2,Agent_190,10 E ARRET
4,4,3,4,3,llama3.1:8b,data_pmus_yaounde,q2_3_1,Agent_190,NKOMO
4,4,3,4,3,llama3.1:8b,data_pmus_yaounde,q2_3_2,Agent_190,0NANA
5,4,4,4,4,llama3.1:8b,data_pmus_yaounde,q2_3,Agent_190,NON
4,4,4,4,3,llama3.1:8b,data_pmus_yaounde,q2_4,Agent_190,PAR BUS AGENCE INTERURBAIN
4,4,4,4,3,llama3.1:8b,data_pmus_yaounde,q2_5_1,Agent_190,NKOMO
4,4,4,4,3,llama3.1:8b,data_pmus_yaounde,q2_5_2,Agent_190,0MPHINE
4,4,4,4,3,llama3.1:8b,data_pmus_yaounde,q2_6_1,Agent_190,NKOMO
4,4,4,4,3,llama3.1:8b,data_pmus_yaounde,q2_6_2,Agent_190,11EME ARRET
4,4,3,4,4,llama3.1:8b,data_pmus_yaounde,q3_1,Agent_190,NON
4,4,4,4,3,llama3.1:8b,data_pmus_yaounde,q3_2,Agent_190,PAR BUS AGENCE INTERURBAIN
4,4,4,4,4,llama3.1:8b,data_pmus_yaounde,q3_3_1,Agent_190,MBANKOLO
4,4,3,4,3,llama3.1:8b,data_pmus_yaounde,q3_3_2,Agent_190,10 IEME ARRET
5,4,2,5,2,llama3.1:8b,data_pmus_yaounde,q4_1_a,Agent_190,Veuillez indiquer depuis combien de temps vous attendez.
4,4,4,4,4,llama3.1:8b,data_pmus_yaounde,q4_1_b,Agent_190,10 20 MINUTES
5,4,2,5,2,llama3.1:8b,data_pmus_yaounde,q4_2_a,Agent_190,Veuillez indiquer depuis combien de temps vous attendez.
4,4,4,4,4,llama3.1:8b,data_pmus_yaounde,q4_2_b,Agent_190,15 30 MIN
4,4,5,4,4,llama3.1:8b,data_pmus_yaounde,q4_3,Agent_190,3800
4,4,4,4,4,llama3.1:8b,data_pmus_yaounde,q4_4,Agent_190,TRAVAIL
3,4,4,4,3,llama3.1:8b,data_pmus_yaounde,q4_4_autres,Agent_190,ACHAT
5,4,5,4,4,llama3.1:8b,data_pmus_yaounde,q5_1,Agent_190,ENTRE 26 ET 35 ANS
5,4,3,4,4,llama3.1:8b,data_pmus_yaounde,q5_2,Agent_190,ENTRE 30 001 ET 100 000
5,4,5,4,4,llama3.1:8b,data_pmus_yaounde,q5_3,Agent_190,FEMME
4,4,4,4,3,llama3.1:8b,data_pmus_yaounde,centre ville,Agent_191,YAOUNDE
5,5,5,4,4,llama3.1:8b,data_pmus_yaounde,q1_1,Agent_191,UN QUARTIER DE LA VILLE DE YAOUNDE
4,4,4,4,4,llama3.1:8b,data_pmus_yaounde,q1_1_a,Agent_191,JOUVENCE
4,4,3,4,3,llama3.1:8b,data_pmus_yaounde,q1_1_b,Agent_191,MELEN
4,4,4,4,3,llama3.1:8b,data_pmus_yaounde,q1_1_c,Agent_191,AFANOYA
5,5,5,4,4,llama3.1:8b,data_pmus_yaounde,q1_2,Agent_191,UN QUARTIER DE LA VILLE DE YAOUNDE
4,4,4,4,4,llama3.1:8b,data_pmus_yaounde,q1_2_a,Agent_191,JOUVENCE
4,4,3,4,3,llama3.1:8b,data_pmus_yaounde,q1_2_b,Agent_191,10 IEME ARRET
4,4,4,4,3,llama3.1:8b,data_pmus_yaounde,q1_3_c,Agent_191,DOUALA
4,4,5,4,3,llama3.1:8b,data_pmus_yaounde,q2_1,Agent_191,PAR BUS STACY
4,4,3,4,3,llama3.1:8b,data_pmus_yaounde,q2_2_1,Agent_191,2 CHEVEAU
4,4,3,4,3,llama3.1:8b,data_pmus_yaounde,q2_2_2,Agent_191,10EME
4,4,3,4,3,llama3.1:8b,data_pmus_yaounde,q2_3_1,Agent_191,0LESOA
4,4,3,4,3,llama3.1:8b,data_pmus_yaounde,q2_3_2,Agent_191,0NANA
5,4,4,4,4,llama3.1:8b,data_pmus_yaounde,q2_3,Agent_191,NON
4,4,4,4,3,llama3.1:8b,data_pmus_yaounde,q2_4,Agent_191,PAR BUS STACY
4,4,4,4,3,llama3.1:8b,data_pmus_yaounde,q2_5_1,Agent_191,HOST HOTEL
4,4,4,4,3,llama3.1:8b,data_pmus_yaounde,q2_5_2,Agent_191,HOST HOTEL
4,4,4,4,3,llama3.1:8b,data_pmus_yaounde,q2_6_1,Agent_191,ABATTOIR
4,4,4,4,3,llama3.1:8b,data_pmus_yaounde,q2_6_2,Agent_191,11EME ARRET
4,4,3,4,4,llama3.1:8b,data_pmus_yaounde,q3_1,Agent_191,NON
4,4,4,4,3,llama3.1:8b,data_pmus_yaounde,q3_2,Agent_191,PAR BUS STACY
4,4,4,4,4,llama3.1:8b,data_pmus_yaounde,q3_3_1,Agent_191,JOUVENCE
4,4,3,4,3,llama3.1:8b,data_pmus_yaounde,q3_3_2,Agent_191,JOBAJO ANCIEN 6EME
5,4,2,5,2,llama3.1:8b,data_pmus_yaounde,q4_1_a,Agent_191,Veuillez indiquer depuis combien de temps vous attendez.
4,4,4,4,4,llama3.1:8b,data_pmus_yaounde,q4_1_b,Agent_191,MOINS DE 5 MIN
5,4,2,5,2,llama3.1:8b,data_pmus_yaounde,q4_2_a,Agent_191,Veuillez indiquer depuis combien de temps vous attendez.
4,4,4,4,4,llama3.1:8b,data_pmus_yaounde,q4_2_b,Agent_191,15 30 MIN
4,4,5,4,4,llama3.1:8b,data_pmus_yaounde,q4_3,Agent_191,200
4,4,4,4,4,llama3.1:8b,data_pmus_yaounde,q4_4,Agent_191,TRAVAIL
3,4,4,4,3,llama3.1:8b,data_pmus_yaounde,q4_4_autres,Agent_191,FAIRE DES ACHATS
5,4,5,4,4,llama3.1:8b,data_pmus_yaounde,q5_1,Agent_191,ENTRE 18 ET 25 ANS
5,4,3,4,4,llama3.1:8b,data_pmus_yaounde,q5_2,Agent_191,ENTRE 30 001 ET 100 000
5,4,5,4,4,llama3.1:8b,data_pmus_yaounde,q5_3,Agent_191,FEMME
4,4,4,4,3,llama3.1:8b,data_pmus_yaounde,centre ville,Agent_192,YAOUNDE
5,5,5,4,4,llama3.1:8b,data_pmus_yaounde,q1_1,Agent_192,UN QUARTIER DE LA VILLE DE YAOUNDE
4,4,4,4,4,llama3.1:8b,data_pmus_yaounde,q1_1_a,Agent_192,MVOG MBI
4,4,3,4,3,llama3.1:8b,data_pmus_yaounde,q1_1_b,Agent_192,MVOG MBI
4,4,4,4,3,llama3.1:8b,data_pmus_yaounde,q1_1_c,Agent_192,AFANOYA
5,5,5,4,4,llama3.1:8b,data_pmus_yaounde,q1_2,Agent_192,UN QUARTIER DE LA VILLE DE YAOUNDE
4,4,4,4,4,llama3.1:8b,data_pmus_yaounde,q1_2_a,Agent_192,ELOUMDEM
4,4,3,4,3,llama3.1:8b,data_pmus_yaounde,q1_2_b,Agent_192,ELOUMDEM
4,4,4,4,3,llama3.1:8b,data_pmus_yaounde,q1_3_c,Agent_192,YAOUNDE
4,4,5,4,3,llama3.1:8b,data_pmus_yaounde,q2_1,Agent_192,PAR BUS STACY
4,4,3,4,3,llama3.1:8b,data_pmus_yaounde,q2_2_1,Agent_192,OBAL A
4,4,3,4,3,llama3.1:8b,data_pmus_yaounde,q2_2_2,Agent_192,ENTREE DES S URS
4,4,3,4,3,llama3.1:8b,data_pmus_yaounde,q2_3_1,Agent_192,MVOGT
4,4,3,4,3,llama3.1:8b,data_pmus_yaounde,q2_3_2,Agent_192,MBANKOLO
5,4,4,4,4,llama3.1:8b,data_pmus_yaounde,q2_3,Agent_192,NON
4,4,4,4,3,llama3.1:8b,data_pmus_yaounde,q2_4,Agent_192,PAR BUS STACY
4,4,4,4,3,llama3.1:8b,data_pmus_yaounde,q2_5_1,Agent_192,MVOG MBI
4,4,4,4,3,llama3.1:8b,data_pmus_yaounde,q2_5_2,Agent_192,0MPHINE
4,4,4,4,3,llama3.1:8b,data_pmus_yaounde,q2_6_1,Agent_192,MVOG MBI
4,4,4,4,3,llama3.1:8b,data_pmus_yaounde,q2_6_2,Agent_192,11EME ARRET
4,4,3,4,4,llama3.1:8b,data_pmus_yaounde,q3_1,Agent_192,NON
4,4,4,4,3,llama3.1:8b,data_pmus_yaounde,q3_2,Agent_192,PAR BUS STACY
4,4,4,4,4,llama3.1:8b,data_pmus_yaounde,q3_3_1,Agent_192,ELOUMDEM
4,4,3,4,3,llama3.1:8b,data_pmus_yaounde,q3_3_2,Agent_192,ELOUMDEM
5,4,2,5,2,llama3.1:8b,data_pmus_yaounde,q4_1_a,Agent_192,Veuillez indiquer depuis combien de temps vous attendez.
4,4,4,4,4,llama3.1:8b,data_pmus_yaounde,q4_1_b,Agent_192,10 20 MINUTES
5,4,2,5,2,llama3.1:8b,data_pmus_yaounde,q4_2_a,Agent_192,Veuillez indiquer depuis combien de temps vous attendez.
4,4,4,4,4,llama3.1:8b,data_pmus_yaounde,q4_2_b,Agent_192,15 30 MIN
4,4,5,4,4,llama3.1:8b,data_pmus_yaounde,q4_3,Agent_192,2500
4,4,4,4,4,llama3.1:8b,data_pmus_yaounde,q4_4,Agent_192,COURSES
3,4,4,4,3,llama3.1:8b,data_pmus_yaounde,q4_4_autres,Agent_192,FAIRE DES ACHATS
5,4,5,4,4,llama3.1:8b,data_pmus_yaounde,q5_1,Agent_192,ENTRE 36 ET 45 ANS
5,4,3,4,4,llama3.1:8b,data_pmus_yaounde,q5_2,Agent_192,ENTRE 30 001 ET 100 000
5,4,5,4,4,llama3.1:8b,data_pmus_yaounde,q5_3,Agent_192,FEMME
4,4,4,4,3,llama3.1:8b,data_pmus_yaounde,centre ville,Agent_193,YAOUNDE
5,5,5,4,4,llama3.1:8b,data_pmus_yaounde,q1_1,Agent_193,UN QUARTIER DE LA VILLE DE YAOUNDE
4,4,4,4,4,llama3.1:8b,data_pmus_yaounde,q1_1_a,Agent_193,NKOLMESSENG
4,4,3,4,3,llama3.1:8b,data_pmus_yaounde,q1_1_b,Agent_193,APRES MENC
4,4,4,4,3,llama3.1:8b,data_pmus_yaounde,q1_1_c,Agent_193,AFANOYA
5,5,5,4,4,llama3.1:8b,data_pmus_yaounde,q1_2,Agent_193,UN QUARTIER DE LA VILLE DE YAOUNDE
4,4,4,4,4,llama3.1:8b,data_pmus_yaounde,q1_2_a,Agent_193,MVAN
4,4,3,4,3,llama3.1:8b,data_pmus_yaounde,q1_2_b,Agent_193,10 IEME ARRET
4,4,4,4,3,llama3.1:8b,data_pmus_yaounde,q1_3_c,Agent_193,DOUALA
4,4,5,4,3,llama3.1:8b,data_pmus_yaounde,q2_1,Agent_193,PAR BUS STACY
4,4,3,4,3,llama3.1:8b,data_pmus_yaounde,q2_2_1,Agent_193,MVAN
4,4,3,4,3,llama3.1:8b,data_pmus_yaounde,q2_2_2,Agent_193,TERLINUS
4,4,3,4,3,llama3.1:8b,data_pmus_yaounde,q2_3_1,Agent_193,MVAN
4,4,3,4,3,llama3.1:8b,data_pmus_yaounde,q2_3_2,Agent_193,0NANA
5,4,4,4,4,llama3.1:8b,data_pmus_yaounde,q2_3,Agent_193,NON
4,4,4,4,3,llama3.1:8b,data_pmus_yaounde,q2_4,Agent_193,PAR BUS STACY
4,4,4,4,3,llama3.1:8b,data_pmus_yaounde,q2_5_1,Agent_193,NKOLMESSENG
4,4,4,4,3,llama3.1:8b,data_pmus_yaounde,q2_5_2,Agent_193,0MPHINE
4,4,4,4,3,llama3.1:8b,data_pmus_yaounde,q2_6_1,Agent_193,ABATTOIR
4,4,4,4,3,llama3.1:8b,data_pmus_yaounde,q2_6_2,Agent_193,GARE VOYAGEUR
4,4,3,4,4,llama3.1:8b,data_pmus_yaounde,q3_1,Agent_193,NON
4,4,4,4,3,llama3.1:8b,data_pmus_yaounde,q3_2,Agent_193,PAR BUS STACY
4,4,4,4,4,llama3.1:8b,data_pmus_yaounde,q3_3_1,Agent_193,NKOLMESSENG
4,4,3,4,3,llama3.1:8b,data_pmus_yaounde,q3_3_2,Agent_193,10 IEME ARRET
5,4,2,5,2,llama3.1:8b,data_pmus_yaounde,q4_1_a,Agent_193,Veuillez indiquer depuis combien de temps vous attendez.
4,4,4,4,4,llama3.1:8b,data_pmus_yaounde,q4_1_b,Agent_193,10 20 MINUTES
5,4,2,5,2,llama3.1:8b,data_pmus_yaounde,q4_2_a,Agent_193,Veuillez indiquer depuis combien de temps vous attendez.
4,4,4,4,4,llama3.1:8b,data_pmus_yaounde,q4_2_b,Agent_193,15 30 MIN
4,4,5,4,4,llama3.1:8b,data_pmus_yaounde,q4_3,Agent_193,10000
4,4,4,4,4,llama3.1:8b,data_pmus_yaounde,q4_4,Agent_193,SPORTIVES
3,4,4,4,3,llama3.1:8b,data_pmus_yaounde,q4_4_autres,Agent_193,SPORT ET VISITE AMICALE
5,4,5,4,4,llama3.1:8b,data_pmus_yaounde,q5_1,Agent_193,ENTRE 18 ET 25 ANS
5,4,3,4,4,llama3.1:8b,data_pmus_yaounde,q5_2,Agent_193,ENTRE 30 001 ET 100 000
5,4,5,4,4,llama3.1:8b,data_pmus_yaounde,q5_3,Agent_193,HOMME
4,4,4,4,3,llama3.1:8b,data_pmus_yaounde,centre ville,Agent_194,YAOUNDE
5,5,5,4,4,llama3.1:8b,data_pmus_yaounde,q1_1,Agent_194,UN QUARTIER DE LA VILLE DE YAOUNDE
4,4,4,4,4,llama3.1:8b,data_pmus_yaounde,q1_1_a,Agent_194,ABIT
4,4,3,4,3,llama3.1:8b,data_pmus_yaounde,q1_1_b,Agent_194,ABONG
4,4,4,4,3,llama3.1:8b,data_pmus_yaounde,q1_1_c,Agent_194,AFANOYA
5,5,5,4,4,llama3.1:8b,data_pmus_yaounde,q1_2,Agent_194,UN QUARTIER DE LA VILLE DE YAOUNDE
4,4,4,4,4,llama3.1:8b,data_pmus_yaounde,q1_2_a,Agent_194,ABOM
4,4,3,4,3,llama3.1:8b,data_pmus_yaounde,q1_2_b,Agent_194,10 IEME ARRET
4,4,4,4,3,llama3.1:8b,data_pmus_yaounde,q1_3_c,Agent_194,AFANOYA
4,4,5,4,3,llama3.1:8b,data_pmus_yaounde,q2_1,Agent_194,PAR BUS STACY
4,4,3,4,3,llama3.1:8b,data_pmus_yaounde,q2_2_1,Agent_194,ABOM
4,4,3,4,3,llama3.1:8b,data_pmus_yaounde,q2_2_2,Agent_194,10 E ARRET
4,4,3,4,3,llama3.1:8b,data_pmus_yaounde,q2_3_1,Agent_194,CAROUSEL
4,4,3,4,3,llama3.1:8b,data_pmus_yaounde,q2_3_2,Agent_194,0NANA
5,4,4,4,4,llama3.1:8b,data_pmus_yaounde,q2_3,Agent_194,NON
4,4,4,4,3,llama3.1:8b,data_pmus_yaounde,q2_4,Agent_194,PAR BUS STACY
4,4,4,4,3,llama3.1:8b,data_pmus_yaounde,q2_5_1,Agent_194,CARREFOUR BASTOS
4,4,4,4,3,llama3.1:8b,data_pmus_yaounde,q2_5_2,Agent_194,0MPHINE
4,4,4,4,3,llama3.1:8b,data_pmus_yaounde,q2_6_1,Agent_194,BASTOS
4,4,4,4,3,llama3.1:8b,data_pmus_yaounde,q2_6_2,Agent_194,BASTOS
4,4,3,4,4,llama3.1:8b,data_pmus_yaounde,q3_1,Agent_194,NON
4,4,4,4,3,llama3.1:8b,data_pmus_yaounde,q3_2,Agent_194,PAR BUS STACY
4,4,4,4,4,llama3.1:8b,data_pmus_yaounde,q3_3_1,Agent_194,BASTOS
4,4,3,4,3,llama3.1:8b,data_pmus_yaounde,q3_3_2,Agent_194,AMBASSADE ITALIE
5,4,2,5,2,llama3.1:8b,data_pmus_yaounde,q4_1_a,Agent_194,Veuillez indiquer depuis combien de temps vous attendez.
4,4,4,4,4,llama3.1:8b,data_pmus_yaounde,q4_1_b,Agent_194,10 20 MINUTES
5,4,2,5,2,llama3.1:8b,data_pmus_yaounde,q4_2_a,Agent_194,Veuillez indiquer depuis combien de temps vous attendez.
4,4,4,4,4,llama3.1:8b,data_pmus_yaounde,q4_2_b,Agent_194,15 30 MIN
4,4,5,4,4,llama3.1:8b,data_pmus_yaounde,q4_3,Agent_194,100
4,4,4,4,4,llama3.1:8b,data_pmus_yaounde,q4_4,Agent_194,TRAVAIL
3,4,4,4,3,llama3.1:8b,data_pmus_yaounde,q4_4_autres,Agent_194,ACHAT
5,4,5,4,4,llama3.1:8b,data_pmus_yaounde,q5_1,Agent_194,ENTRE 26 ET 35 ANS
5,4,3,4,4,llama3.1:8b,data_pmus_yaounde,q5_2,Agent_194,ENTRE 30 001 ET 100 000
5,4,5,4,4,llama3.1:8b,data_pmus_yaounde,q5_3,Agent_194,HOMME
4,4,4,4,3,llama3.1:8b,data_pmus_yaounde,centre ville,Agent_195,YAOUNDE
5,5,5,4,4,llama3.1:8b,data_pmus_yaounde,q1_1,Agent_195,UN QUARTIER DE LA VILLE DE YAOUNDE
4,4,4,4,4,llama3.1:8b,data_pmus_yaounde,q1_1_a,Agent_195,MESSASSI
4,4,3,4,3,llama3.1:8b,data_pmus_yaounde,q1_1_b,Agent_195,FOND COMMISSAIRE
4,4,4,4,3,llama3.1:8b,data_pmus_yaounde,q1_1_c,Agent_195,AFANOYA
5,5,5,4,4,llama3.1:8b,data_pmus_yaounde,q1_2,Agent_195,UN QUARTIER DE LA VILLE DE YAOUNDE
4,4,4,4,4,llama3.1:8b,data_pmus_yaounde,q1_2_a,Agent_195,OBILI
4,4,3,4,3,llama3.1:8b,data_pmus_yaounde,q1_2_b,Agent_195,OBILI
4,4,4,4,3,llama3.1:8b,data_pmus_yaounde,q1_3_c,Agent_195,AFANOYA
4,4,5,4,3,llama3.1:8b,data_pmus_yaounde,q2_1,Agent_195,PAR CARGO MINI BUS
4,4,3,4,3,llama3.1:8b,data_pmus_yaounde,q2_2_1,Agent_195,OBAM
4,4,3,4,3,llama3.1:8b,data_pmus_yaounde,q2_2_2,Agent_195,OBOBOGO
4,4,3,4,3,llama3.1:8b,data_pmus_yaounde,q2_3_1,Agent_195,0LESOA
4,4,3,4,3,llama3.1:8b,data_pmus_yaounde,q2_3_2,Agent_195,0NANA
5,4,4,4,4,llama3.1:8b,data_pmus_yaounde,q2_3,Agent_195,NON
4,4,4,4,3,llama3.1:8b,data_pmus_yaounde,q2_4,Agent_195,PAR BUS STACY
4,4,4,4,3,llama3.1:8b,data_pmus_yaounde,q2_5_1,Agent_195,MESSASSI
4,4,4,4,3,llama3.1:8b,data_pmus_yaounde,q2_5_2,Agent_195,0MPHINE
4,4,4,4,3,llama3.1:8b,data_pmus_yaounde,q2_6_1,Agent_195,MESSASSI
4,4,4,4,3,llama3.1:8b,data_pmus_yaounde,q2_6_2,Agent_195,COMMISSARIAT
4,4,3,4,4,llama3.1:8b,data_pmus_yaounde,q3_1,Agent_195,NON
4,4,4,4,3,llama3.1:8b,data_pmus_yaounde,q3_2,Agent_195,PAR TAXI
4,4,4,4,4,llama3.1:8b,data_pmus_yaounde,q3_3_1,Agent_195,MESSASSI
4,4,3,4,3,llama3.1:8b,data_pmus_yaounde,q3_3_2,Agent_195,COMMISSARIAT
5,4,2,5,2,llama3.1:8b,data_pmus_yaounde,q4_1_a,Agent_195,Veuillez indiquer depuis combien de temps vous attendez.
4,4,4,4,4,llama3.1:8b,data_pmus_yaounde,q4_1_b,Agent_195,MOINS DE 5 MIN
5,4,2,5,2,llama3.1:8b,data_pmus_yaounde,q4_2_a,Agent_195,Veuillez indiquer depuis combien de temps vous attendez.
4,4,4,4,4,llama3.1:8b,data_pmus_yaounde,q4_2_b,Agent_195,15 30 MIN
4,4,5,4,4,llama3.1:8b,data_pmus_yaounde,q4_3,Agent_195,4500
4,4,4,4,4,llama3.1:8b,data_pmus_yaounde,q4_4,Agent_195,TRAVAIL
3,4,4,4,3,llama3.1:8b,data_pmus_yaounde,q4_4_autres,Agent_195,ACHAT
5,4,5,4,4,llama3.1:8b,data_pmus_yaounde,q5_1,Agent_195,ENTRE 26 ET 35 ANS
5,4,3,4,4,llama3.1:8b,data_pmus_yaounde,q5_2,Agent_195,ENTRE 30 001 ET 100 000
5,4,5,4,4,llama3.1:8b,data_pmus_yaounde,q5_3,Agent_195,HOMME
4,4,4,4,3,llama3.1:8b,data_pmus_yaounde,centre ville,Agent_196,YAOUNDE
5,5,5,4,4,llama3.1:8b,data_pmus_yaounde,q1_1,Agent_196,UN QUARTIER DE LA VILLE DE YAOUNDE
4,4,4,4,4,llama3.1:8b,data_pmus_yaounde,q1_1_a,Agent_196,NLONGKAK
4,4,3,4,3,llama3.1:8b,data_pmus_yaounde,q1_1_b,Agent_196,BATA NLONGKAK
4,4,4,4,3,llama3.1:8b,data_pmus_yaounde,q1_1_c,Agent_196,AFANOYA
5,5,5,4,4,llama3.1:8b,data_pmus_yaounde,q1_2,Agent_196,UN QUARTIER DE LA VILLE DE YAOUNDE
4,4,4,4,4,llama3.1:8b,data_pmus_yaounde,q1_2_a,Agent_196,ABOM
4,4,3,4,3,llama3.1:8b,data_pmus_yaounde,q1_2_b,Agent_196,NGOUSSO
4,4,4,4,3,llama3.1:8b,data_pmus_yaounde,q1_3_c,Agent_196,DOUALA
4,4,5,4,3,llama3.1:8b,data_pmus_yaounde,q2_1,Agent_196,PAR BUS STACY
4,4,3,4,3,llama3.1:8b,data_pmus_yaounde,q2_2_1,Agent_196,NGOUSSO
4,4,3,4,3,llama3.1:8b,data_pmus_yaounde,q2_2_2,Agent_196,BUCA
4,4,3,4,3,llama3.1:8b,data_pmus_yaounde,q2_3_1,Agent_196,NGOUSSO
4,4,3,4,3,llama3.1:8b,data_pmus_yaounde,q2_3_2,Agent_196,0NANA
5,4,4,4,4,llama3.1:8b,data_pmus_yaounde,q2_3,Agent_196,NON
4,4,4,4,3,llama3.1:8b,data_pmus_yaounde,q2_4,Agent_196,PAR BUS STACY
4,4,4,4,3,llama3.1:8b,data_pmus_yaounde,q2_5_1,Agent_196,NGOUSSO
4,4,4,4,3,llama3.1:8b,data_pmus_yaounde,q2_5_2,Agent_196,NGOUSSO
4,4,4,4,3,llama3.1:8b,data_pmus_yaounde,q2_6_1,Agent_196,NLONGKAK
4,4,4,4,3,llama3.1:8b,data_pmus_yaounde,q2_6_2,Agent_196,ARRET BUS
4,4,3,4,4,llama3.1:8b,data_pmus_yaounde,q3_1,Agent_196,NON
4,4,4,4,3,llama3.1:8b,data_pmus_yaounde,q3_2,Agent_196,PAR BUS STACY
4,4,4,4,4,llama3.1:8b,data_pmus_yaounde,q3_3_1,Agent_196,NGOUSSO
4,4,3,4,3,llama3.1:8b,data_pmus_yaounde,q3_3_2,Agent_196,ARRET BUS
5,4,2,5,2,llama3.1:8b,data_pmus_yaounde,q4_1_a,Agent_196,Veuillez indiquer depuis combien de temps vous attendez.
4,4,4,4,4,llama3.1:8b,data_pmus_yaounde,q4_1_b,Agent_196,10 20 MINUTES
5,4,2,5,2,llama3.1:8b,data_pmus_yaounde,q4_2_a,Agent_196,Veuillez indiquer depuis combien de temps vous attendez.
4,4,4,4,4,llama3.1:8b,data_pmus_yaounde,q4_2_b,Agent_196,15 30 MIN
4,4,5,4,4,llama3.1:8b,data_pmus_yaounde,q4_3,Agent_196,2250
4,4,4,4,4,llama3.1:8b,data_pmus_yaounde,q4_4,Agent_196,COURSES
3,4,4,4,3,llama3.1:8b,data_pmus_yaounde,q4_4_autres,Agent_196,ETUDES
5,4,5,4,4,llama3.1:8b,data_pmus_yaounde,q5_1,Agent_196,ENTRE 18 ET 25 ANS
5,4,3,4,4,llama3.1:8b,data_pmus_yaounde,q5_2,Agent_196,ENTRE 30 001 ET 100 000
5,4,5,4,4,llama3.1:8b,data_pmus_yaounde,q5_3,Agent_196,FEMME
4,4,4,4,3,llama3.1:8b,data_pmus_yaounde,centre ville,Agent_197,YAOUNDE
5,5,5,4,4,llama3.1:8b,data_pmus_yaounde,q1_1,Agent_197,UN QUARTIER DE LA VILLE DE YAOUNDE
4,4,4,4,4,llama3.1:8b,data_pmus_yaounde,q1_1_a,Agent_197,SANTA BARBARA
4,4,3,4,3,llama3.1:8b,data_pmus_yaounde,q1_1_b,Agent_197,CEREFOUR
4,4,4,4,3,llama3.1:8b,data_pmus_yaounde,q1_1_c,Agent_197,AFANOYA
5,5,5,4,4,llama3.1:8b,data_pmus_yaounde,q1_2,Agent_197,UN QUARTIER DE LA VILLE DE YAOUNDE
4,4,4,4,4,llama3.1:8b,data_pmus_yaounde,q1_2_a,Agent_197,SANTA BARBARA
4,4,3,4,3,llama3.1:8b,data_pmus_yaounde,q1_2_b,Agent_197,10 IEME ARRET
4,4,4,4,3,llama3.1:8b,data_pmus_yaounde,q1_3_c,Agent_197,YAOUNDE
4,4,5,4,3,llama3.1:8b,data_pmus_yaounde,q2_1,Agent_197,PAR BUS STACY
4,4,3,4,3,llama3.1:8b,data_pmus_yaounde,q2_2_1,Agent_197,CARREFOUR DU SOLEIL
4,4,3,4,3,llama3.1:8b,data_pmus_yaounde,q2_2_2,Agent_197,CARREFOUR
4,4,3,4,3,llama3.1:8b,data_pmus_yaounde,q2_3_1,Agent_197,CARREFOUR
4,4,3,4,3,llama3.1:8b,data_pmus_yaounde,q2_3_2,Agent_197,CARREFOUR
5,4,4,4,4,llama3.1:8b,data_pmus_yaounde,q2_3,Agent_197,NON
4,4,4,4,3,llama3.1:8b,data_pmus_yaounde,q2_4,Agent_197,PAR BUS STACY
4,4,4,4,3,llama3.1:8b,data_pmus_yaounde,q2_5_1,Agent_197,A B0NAS
4,4,4,4,3,llama3.1:8b,data_pmus_yaounde,q2_5_2,Agent_197,CARREFOUR
4,4,4,4,3,llama3.1:8b,data_pmus_yaounde,q2_6_1,Agent_197,CARREFOUR
4,4,4,4,3,llama3.1:8b,data_pmus_yaounde,q2_6_2,Agent_197,CARREFOUR
4,4,3,4,4,llama3.1:8b,data_pmus_yaounde,q3_1,Agent_197,NON
4,4,4,4,3,llama3.1:8b,data_pmus_yaounde,q3_2,Agent_197,PAR BUS STACY
4,4,4,4,4,llama3.1:8b,data_pmus_yaounde,q3_3_1,Agent_197,SANTA BARBARA
4,4,3,4,3,llama3.1:8b,data_pmus_yaounde,q3_3_2,Agent_197,CARREFOUR
5,4,2,5,2,llama3.1:8b,data_pmus_yaounde,q4_1_a,Agent_197,Veuillez indiquer depuis combien de temps vous attendez.
4,4,4,4,4,llama3.1:8b,data_pmus_yaounde,q4_1_b,Agent_197,10 20 MINUTES
5,4,2,5,2,llama3.1:8b,data_pmus_yaounde,q4_2_a,Agent_197,Veuillez indiquer depuis combien de temps vous attendez.
4,4,4,4,4,llama3.1:8b,data_pmus_yaounde,q4_2_b,Agent_197,15 30 MIN
4,4,5,4,4,llama3.1:8b,data_pmus_yaounde,q4_3,Agent_197,1500
4,4,4,4,4,llama3.1:8b,data_pmus_yaounde,q4_4,Agent_197,COURSES
3,4,4,4,3,llama3.1:8b,data_pmus_yaounde,q4_4_autres,Agent_197,FAIRE DES ACHATS
5,4,5,4,4,llama3.1:8b,data_pmus_yaounde,q5_1,Agent_197,ENTRE 36 ET 45 ANS
5,4,3,4,4,llama3.1:8b,data_pmus_yaounde,q5_2,Agent_197,ENTRE 30 001 ET 100 000
5,4,5,4,4,llama3.1:8b,data_pmus_yaounde,q5_3,Agent_197,FEMME
4,4,4,4,3,llama3.1:8b,data_pmus_yaounde,centre ville,Agent_198,YAOUNDE
5,5,5,4,4,llama3.1:8b,data_pmus_yaounde,q1_1,Agent_198,UN QUARTIER DE LA VILLE DE YAOUNDE
4,4,4,4,4,llama3.1:8b,data_pmus_yaounde,q1_1_a,Agent_198,NKOL NDA
4,4,3,4,3,llama3.1:8b,data_pmus_yaounde,q1_1_b,Agent_198,NKOL NDA
4,4,4,4,3,llama3.1:8b,data_pmus_yaounde,q1_1_c,Agent_198,AFANOYA
5,5,5,4,4,llama3.1:8b,data_pmus_yaounde,q1_2,Agent_198,UN QUARTIER DE LA VILLE DE YAOUNDE
4,4,4,4,4,llama3.1:8b,data_pmus_yaounde,q1_2_a,Agent_198,NSIMALEN
4,4,3,4,3,llama3.1:8b,data_pmus_yaounde,q1_2_b,Agent_198,NSIMALEN
4,4,4,4,3,llama3.1:8b,data_pmus_yaounde,q1_3_c,Agent_198,YAOUNDE
4,4,5,4,3,llama3.1:8b,data_pmus_yaounde,q2_1,Agent_198,PAR BUS AGENCE INTERURBAIN
4,4,3,4,3,llama3.1:8b,data_pmus_yaounde,q2_2_1,Agent_198,CARREFOURC
4,4,3,4,3,llama3.1:8b,data_pmus_yaounde,q2_2_2,Agent_198,10 E ARRET
4,4,3,4,3,llama3.1:8b,data_pmus_yaounde,q2_3_1,Agent_198,0LESOA
4,4,3,4,3,llama3.1:8b,data_pmus_yaounde,q2_3_2,Agent_198,CARREFOUR
5,4,4,4,4,llama3.1:8b,data_pmus_yaounde,q2_3,Agent_198,NON
4,4,4,4,3,llama3.1:8b,data_pmus_yaounde,q2_4,Agent_198,PAR BUS STACY
4,4,4,4,3,llama3.1:8b,data_pmus_yaounde,q2_5_1,Agent_198,NKOL NDA
4,4,4,4,3,llama3.1:8b,data_pmus_yaounde,q2_5_2,Agent_198,0MPHINE
4,4,4,4,3,llama3.1:8b,data_pmus_yaounde,q2_6_1,Agent_198,ABATTOIR
4,4,4,4,3,llama3.1:8b,data_pmus_yaounde,q2_6_2,Agent_198,CARREFOUR
4,4,3,4,4,llama3.1:8b,data_pmus_yaounde,q3_1,Agent_198,NON
4,4,4,4,3,llama3.1:8b,data_pmus_yaounde,q3_2,Agent_198,PAR BUS STACY
4,4,4,4,4,llama3.1:8b,data_pmus_yaounde,q3_3_1,Agent_198,NKOLMESSENG
4,4,3,4,3,llama3.1:8b,data_pmus_yaounde,q3_3_2,Agent_198,10 IEME ARRET
5,4,2,5,2,llama3.1:8b,data_pmus_yaounde,q4_1_a,Agent_198,Veuillez indiquer depuis combien de temps vous attendez.
4,4,4,4,4,llama3.1:8b,data_pmus_yaounde,q4_1_b,Agent_198,10 20 MINUTES
5,4,2,5,2,llama3.1:8b,data_pmus_yaounde,q4_2_a,Agent_198,Veuillez indiquer depuis combien de temps vous attendez.
4,4,4,4,4,llama3.1:8b,data_pmus_yaounde,q4_2_b,Agent_198,15 30 MIN
4,4,5,4,4,llama3.1:8b,data_pmus_yaounde,q4_3,Agent_198,1350
4,4,4,4,4,llama3.1:8b,data_pmus_yaounde,q4_4,Agent_198,TRAVAIL
3,4,4,4,3,llama3.1:8b,data_pmus_yaounde,q4_4_autres,Agent_198,ACHAT
5,4,5,4,4,llama3.1:8b,data_pmus_yaounde,q5_1,Agent_198,ENTRE 26 ET 35 ANS
5,4,3,4,4,llama3.1:8b,data_pmus_yaounde,q5_2,Agent_198,ENTRE 30 001 ET 100 000
5,4,5,4,4,llama3.1:8b,data_pmus_yaounde,q5_3,Agent_198,HOMME
4,4,4,4,3,llama3.1:8b,data_pmus_yaounde,centre ville,Agent_199,YAOUNDE
5,5,5,4,4,llama3.1:8b,data_pmus_yaounde,q1_1,Agent_199,UN QUARTIER DE LA VILLE DE YAOUNDE
4,4,4,4,4,llama3.1:8b,data_pmus_yaounde,q1_1_a,Agent_199,JOUVENCE
4,4,3,4,3,llama3.1:8b,data_pmus_yaounde,q1_1_b,Agent_199,STATION CAMOCO
4,4,4,4,3,llama3.1:8b,data_pmus_yaounde,q1_1_c,Agent_199,AFANOYA
5,5,5,4,4,llama3.1:8b,data_pmus_yaounde,q1_2,Agent_199,UN QUARTIER DE LA VILLE DE YAOUNDE
4,4,4,4,4,llama3.1:8b,data_pmus_yaounde,q1_2_a,Agent_199,ABOM
4,4,3,4,3,llama3.1:8b,data_pmus_yaounde,q1_2_b,Agent_199,MBALLA 2
4,4,4,4,3,llama3.1:8b,data_pmus_yaounde,q1_3_c,Agent_199,YAOUNDE
4,4,5,4,3,llama3.1:8b,data_pmus_yaounde,q2_1,Agent_199,PAR BUS STACY
4,4,3,4,3,llama3.1:8b,data_pmus_yaounde,q2_2_1,Agent_199,MBALLA 2
4,4,3,4,3,llama3.1:8b,data_pmus_yaounde,q2_2_2,Agent_199,MAXWELL
4,4,3,4,3,llama3.1:8b,data_pmus_yaounde,q2_3_1,Agent_199,NKOLBISS0NG
4,4,3,4,3,llama3.1:8b,data_pmus_yaounde,q2_3_2,Agent_199,0NANA
5,4,4,4,4,llama3.1:8b,data_pmus_yaounde,q2_3,Agent_199,NON
5,4,4,4,3,llama3.1:8b,data_pmus_yaounde,q2_4,Agent_199,PAR BUS STACY
5,4,4,4,3,llama3.1:8b,data_pmus_yaounde,q2_5_1,Agent_199,NKOLBISSON
5,4,4,4,3,llama3.1:8b,data_pmus_yaounde,q2_5_2,Agent_199,NKOLBISSON
5,4,4,4,3,llama3.1:8b,data_pmus_yaounde,q2_6_1,Agent_199,NKOLBISSON
5,4,4,4,3,llama3.1:8b,data_pmus_yaounde,q2_6_2,Agent_199,NKOLBISSON
4,4,3,4,4,llama3.1:8b,data_pmus_yaounde,q3_1,Agent_199,NON
5,4,4,4,3,llama3.1:8b,data_pmus_yaounde,q3_2,Agent_199,PAR BUS AGENCE INTERURBAIN
5,4,4,4,4,llama3.1:8b,data_pmus_yaounde,q3_3_1,Agent_199,NKOLBISSON
5,4,3,4,3,llama3.1:8b,data_pmus_yaounde,q3_3_2,Agent_199,10 IEME ARRET
5,4,2,5,2,llama3.1:8b,data_pmus_yaounde,q4_1_a,Agent_199,Veuillez indiquer depuis combien de temps vous attendez.
4,4,4,5,4,llama3.1:8b,data_pmus_yaounde,q4_1_b,Agent_199,10 20 MINUTES
5,4,2,5,2,llama3.1:8b,data_pmus_yaounde,q4_2_a,Agent_199,Veuillez indiquer depuis combien de temps vous attendez.
5,4,4,5,4,llama3.1:8b,data_pmus_yaounde,q4_2_b,Agent_199,15 30 MIN
5,4,5,5,5,llama3.1:8b,data_pmus_yaounde,q4_3,Agent_199,100
4,4,4,5,4,llama3.1:8b,data_pmus_yaounde,q4_4,Agent_199,VISITE FAMILLE
3,4,4,5,3,llama3.1:8b,data_pmus_yaounde,q4_4_autres,Agent_199,ACHAT
5,4,5,5,5,llama3.1:8b,data_pmus_yaounde,q5_1,Agent_199,ENTRE 18 ET 25 ANS
5,4,3,5,5,llama3.1:8b,data_pmus_yaounde,q5_2,Agent_199,ENTRE 30 001 ET 100 000
5,4,5,5,5,llama3.1:8b,data_pmus_yaounde,q5_3,Agent_199,FEMME
