TP1,ZFT,ECH,PER,NDEP,T1,T2,T3,T4,T5,T6,T7,T8,T8A,T8B,T9,T10,T11,T8C,TOIS,TDIS,TDIP,DP1,ZFD,D2A,D2B,D3,D4,D5A,D5B,D6,D7,D8,D9,D10,MODP,MOIP,DOIB,DIST,DISP,PP1,ZFP,JOUR,P1,P2,P3,P4,P5,P6,P7,P8,P9,P10,P11,P12,P14,P15,DP15,P16,P17,P18,P18A,P19,P20,P21,P22,P23,P24,P25,P26,COEP,P12A,P24A,P24B,MP1,ZFM,DATE,M1,M2,M3,M4,M5,M6,M7A,M8A,M9A,M10A,M11A,M12A,M13A,M7B,M8B,M9B,M10B,M11B,M12B,M13B,M7C,M8C,M9C,M10C,M11C,M12C,M13C,M7D,M8D,M9D,M10D,M11D,M12D,M13D,M14,M15A,M16A,M17A,M18A,M19A,M20A,M15B,M16B,M17B,M18B,M19B,M20B,M15C,M16C,M17C,M18C,M19C,M20C,M15D,M16D,M17D,M18D,M19D,M20D,M21,M22,M23,COEM,M24-1,M24-2,M12BIS,OP1,ZFO,O1A,O1B,O1C,O1D,O1E,O1F,O1G,O2,O3A,O3B,O3C,O3D,O3E,O3F,O3G,O3H,O3I,O4,O5A,O5B,O5C,O5D,O5E,O5F,O5G,O6A,O6B,O6C,O7A,O7B,O7C,O8A,O8B,O8C,COO2,O5H,O5I,O9,O10-1,O10-2,O11,O12-1,O12-2,O13,O14-1,O14-2,O14-3,O15,O16,O17-1,O17-2,O17-3,O18-1,O18-2,O18-3,O19-1,O19-2,O19-3,O20,O21,O22-1,O22-2,O23,O24-1,O24-2,O24-3,O25-1,O25-2,O26,O2B,O27-1,O27-2,O27-3,O28-1,O28-2,O29-1,O29-2,O30,O31,O32A,O33,O34,O35-1,O35-2
4,104751,35,1,2,1,2,31,132251,104251,5,,,,,,,,,2400,3600,3600,3,104751,52,,132002,1457,82,,4.0,104001,1525,28,1,31,31,2400,3600,3600,2,104751,3,1,1,1,45,2.0,1.0,1.0,6.0,1.0,0.0,46.0,2.0,2.0,227009.0,2605,4.0,,1.0,2.0,1.0,5.0,5.0,4.0,5.0,1.0,1.0,6.0,55.54071,1.0,5.0,,1,104751,6112014,1,3,1,4.0,1,3,1.0,1.0,1988.0,9.0,1.0,1.0,4.0,1.0,1.0,1988.0,12.0,1.0,1.0,4.0,1.0,1.0,1992.0,9.0,1.0,1.0,4.0,,,,,,,,0,,,,,,,,,,,,,,,,,,,,,,,,,0,,2,61.04941,4.0,7.0,,5.0,104751.0,1.0,1.0,2.0,2.0,1.0,2.0,2.0,1.0,1.0,1.0,2.0,2.0,2.0,1.0,1.0,1.0,1.0,1.0,2.0,1.0,2.0,1.0,1.0,1.0,1.0,22.0,36.0,30.0,10.0,2.0,3.0,10.0,4.0,16.0,63.25062,2.0,1.0,5.0,,,,,,2.0,12.0,,,5.0,69382.0,,,,,,,1.0,,,3.0,2.0,3.0,,1.0,2.0,,,5.0,,1.0,2.0,13.0,,,3.0,4.0,2.0,12.0,2.0,31.0,2.0,2.0,,6.0,7.0
4,104751,35,1,4,1,5,31,116551,104251,6,,,,,,,,,1690,2535,2535,3,104751,32,,116551,1710,1,,,104751,1730,20,1,31,31,1690,2535,2535,2,104751,3,1,1,1,45,2.0,1.0,1.0,6.0,1.0,0.0,46.0,2.0,2.0,227009.0,2605,4.0,,1.0,2.0,1.0,5.0,5.0,4.0,5.0,1.0,1.0,6.0,55.54071,1.0,5.0,,1,104751,6112014,1,3,1,4.0,1,3,1.0,1.0,1988.0,9.0,1.0,1.0,4.0,1.0,1.0,1988.0,12.0,1.0,1.0,4.0,1.0,1.0,1992.0,9.0,1.0,1.0,4.0,,,,,,,,0,,,,,,,,,,,,,,,,,,,,,,,,,0,,2,61.04941,4.0,7.0,,5.0,104751.0,1.0,1.0,2.0,2.0,1.0,2.0,2.0,1.0,1.0,1.0,2.0,2.0,2.0,1.0,1.0,1.0,1.0,1.0,2.0,1.0,2.0,1.0,1.0,1.0,1.0,22.0,36.0,30.0,10.0,2.0,3.0,10.0,4.0,16.0,63.25062,2.0,1.0,5.0,,,,,,2.0,12.0,,,5.0,69382.0,,,,,,,1.0,,,3.0,2.0,3.0,,1.0,2.0,,,5.0,,1.0,2.0,13.0,,,3.0,4.0,2.0,12.0,2.0,31.0,2.0,2.0,,6.0,7.0
4,104751,35,1,3,1,3,31,104251,116551,5,,,,,,,,,1690,2535,2535,3,104751,82,,104001,1525,32,,,116551,1605,40,1,31,31,1690,2535,2535,2,104751,3,1,1,1,45,2.0,1.0,1.0,6.0,1.0,0.0,46.0,2.0,2.0,227009.0,2605,4.0,,1.0,2.0,1.0,5.0,5.0,4.0,5.0,1.0,1.0,6.0,55.54071,1.0,5.0,,1,104751,6112014,1,3,1,4.0,1,3,1.0,1.0,1988.0,9.0,1.0,1.0,4.0,1.0,1.0,1988.0,12.0,1.0,1.0,4.0,1.0,1.0,1992.0,9.0,1.0,1.0,4.0,,,,,,,,0,,,,,,,,,,,,,,,,,,,,,,,,,0,,2,61.04941,4.0,7.0,,5.0,104751.0,1.0,1.0,2.0,2.0,1.0,2.0,2.0,1.0,1.0,1.0,2.0,2.0,2.0,1.0,1.0,1.0,1.0,1.0,2.0,1.0,2.0,1.0,1.0,1.0,1.0,22.0,36.0,30.0,10.0,2.0,3.0,10.0,4.0,16.0,63.25062,2.0,1.0,5.0,,,,,,2.0,12.0,,,5.0,69382.0,,,,,,,1.0,,,3.0,2.0,3.0,,1.0,2.0,,,5.0,,1.0,2.0,13.0,,,3.0,4.0,2.0,12.0,2.0,31.0,2.0,2.0,,6.0,7.0
4,104751,35,1,1,1,5,31,104251,132251,2,,,,,,,,,2400,3600,3600,3,104751,1,,104751,1430,52,,,132002,1457,27,1,31,31,2400,3600,3600,2,104751,3,1,1,1,45,2.0,1.0,1.0,6.0,1.0,0.0,46.0,2.0,2.0,227009.0,2605,4.0,,1.0,2.0,1.0,5.0,5.0,4.0,5.0,1.0,1.0,6.0,55.54071,1.0,5.0,,1,104751,6112014,1,3,1,4.0,1,3,1.0,1.0,1988.0,9.0,1.0,1.0,4.0,1.0,1.0,1988.0,12.0,1.0,1.0,4.0,1.0,1.0,1992.0,9.0,1.0,1.0,4.0,,,,,,,,0,,,,,,,,,,,,,,,,,,,,,,,,,0,,2,61.04941,4.0,7.0,,5.0,104751.0,1.0,1.0,2.0,2.0,1.0,2.0,2.0,1.0,1.0,1.0,2.0,2.0,2.0,1.0,1.0,1.0,1.0,1.0,2.0,1.0,2.0,1.0,1.0,1.0,1.0,22.0,36.0,30.0,10.0,2.0,3.0,10.0,4.0,16.0,63.25062,2.0,1.0,5.0,,,,,,2.0,12.0,,,5.0,69382.0,,,,,,,1.0,,,3.0,2.0,3.0,,1.0,2.0,,,5.0,,1.0,2.0,13.0,,,3.0,4.0,2.0,12.0,2.0,31.0,2.0,2.0,,6.0,7.0
4,112004,42,2,7,1,0,21,103005,103001,0,2.0,1.0,0.0,0.0,2.0,1.0,0.0,0.0,530,660,660,3,112004,33,,103005,1555,33,,,103001,1605,10,1,21,21,530,660,660,2,112004,3,1,2,2,38,1.0,1.0,1.0,5.0,1.0,0.0,36.0,4.0,2.0,103004.0,975,1.0,2.0,,5.0,1.0,5.0,5.0,1.0,5.0,3.0,1.0,1.0,51.71159,,5.0,,1,112004,22012015,3,3,1,4.0,1,2,1.0,1.0,2014.0,5.0,2.0,3.0,3.0,1.0,3.0,2011.0,8.0,2.0,3.0,3.0,,,,,,,,,,,,,,,0,,,,,,,,,,,,,,,,,,,,,,,,,0,,2,43.7547,9.0,,,5.0,112004.0,3.0,1.0,1.0,3.0,1.0,3.0,1.0,3.0,1.0,2.0,1.0,1.0,3.0,1.0,1.0,2.0,1.0,9.0,2.0,2.0,2.0,2.0,1.0,2.0,1.0,22.0,18.0,3.0,16.0,3.0,25.0,25.0,31.0,33.0,95.13758,1.0,1.0,5.0,,,,,,2.0,2.0,12.0,,1.0,69382.0,,,,,,,7.0,,,2.0,3.0,3.0,,1.0,10.0,,,3.0,,2.0,1.0,13.0,,,7.0,8.0,8.0,11.0,4.0,,1.0,2.0,,6.0,7.0
4,218008,118,4,1,2,2,31,218006,218008,5,,,,,,,,,730,1095,1095,3,218008,1,,218008,815,24,,,218008,840,25,2,31,31,1460,2190,2190,2,218008,4,1,2,5,18,1.0,1.0,3.0,0.0,5.0,0.0,85.0,1.0,2.0,218008.0,505,4.0,,3.0,1.0,1.0,5.0,5.0,2.0,2.0,1.0,1.0,,120.3548,1.0,5.0,,1,218008,6032015,2,1,1,4.0,1,2,1.0,2.0,1999.0,4.0,1.0,1.0,2.0,1.0,2.0,1985.0,5.0,1.0,1.0,2.0,,,,,,,,,,,,,,,0,,,,,,,,,,,,,,,,,,,,,,,,,0,,1,80.46747,9.0,,1.0,5.0,218008.0,3.0,1.0,3.0,3.0,1.0,1.0,3.0,6.0,1.0,1.0,3.0,3.0,1.0,1.0,1.0,3.0,1.0,9.0,1.0,2.0,2.0,1.0,1.0,2.0,1.0,3.0,22.0,,3.0,22.0,38.0,3.0,2.0,15.0,279.5176,2.0,1.0,3.0,5.0,,3.0,3.0,,,,,,4.0,69389.0,,,,,,,10.0,,,1.0,2.0,5.0,,1.0,1.0,,,1.0,,1.0,1.0,1.0,8.0,,,,8.0,13.0,,,1.0,3.0,,,
4,250001,65,4,2,1,0,82,249751,250001,0,,,,,,,,,2500,3010,3010,3,250001,11,,249751,1400,1,,,250001,1410,10,1,82,82,2500,3010,3010,2,250001,5,1,2,3,23,1.0,1.0,1.0,5.0,1.0,0.0,51.0,4.0,2.0,249751.0,2505,1.0,2.0,,4.0,2.0,5.0,5.0,1.0,1.0,5.0,1.0,1.0,39.56955,,5.0,,1,250001,7022015,4,2,1,4.0,1,2,3.0,4.0,2000.0,5.0,1.0,3.0,2.0,3.0,4.0,2001.0,5.0,1.0,3.0,2.0,,,,,,,,,,,,,,,0,,,,,,,,,,,,,,,,,,,,,,,,,0,,2,55.21646,1.0,,,5.0,250001.0,1.0,2.0,2.0,1.0,1.0,2.0,2.0,1.0,2.0,2.0,1.0,2.0,2.0,1.0,1.0,2.0,1.0,7.0,1.0,1.0,1.0,1.0,1.0,1.0,2.0,1.0,3.0,24.0,10.0,4.0,5.0,17.0,11.0,12.0,181.666,1.0,2.0,4.0,,,,,,2.0,12.0,,,2.0,69096.0,2.0,16.0,,,,,1.0,4.0,5.0,1.0,3.0,1.0,,1.0,13.0,,,1.0,3.0,1.0,1.0,1.0,10.0,11.0,5.0,6.0,8.0,12.0,5.0,,2.0,2.0,,6.0,7.0
4,240003,144,2,3,1,0,21,240003,213002,2,1.0,1.0,0.0,0.0,3.0,2.0,0.0,0.0,10970,19760,19760,3,240003,1,,240003,900,11,,,102004,945,45,2,31,21,13710,23870,23870,2,240003,3,1,2,2,42,2.0,1.0,1.0,4.0,1.0,0.0,21.0,1.0,2.0,102004.0,11149,2.0,,1.0,1.0,1.0,5.0,5.0,1.0,4.0,1.0,1.0,1.0,64.99943,1.0,5.0,,1,240003,5032015,3,1,1,4.0,1,2,1.0,1.0,1998.0,4.0,1.0,1.0,2.0,3.0,1.0,2009.0,8.0,2.0,2.0,2.0,,,,,,,,,,,,,,,0,,,,,,,,,,,,,,,,,,,,,,,,,5,0.0,1,55.12072,5.0,10.0,2.0,5.0,240003.0,2.0,1.0,1.0,1.0,1.0,2.0,2.0,2.0,2.0,2.0,1.0,1.0,1.0,1.0,1.0,1.0,2.0,6.0,2.0,1.0,1.0,2.0,1.0,1.0,1.0,7.0,6.0,5.0,13.0,27.0,38.0,4.0,11.0,15.0,321.454,2.0,1.0,5.0,,,,,,2.0,1.0,2.0,,4.0,69290.0,,,,,,,2.0,3.0,7.0,4.0,2.0,3.0,,1.0,4.0,12.0,13.0,1.0,6.0,3.0,1.0,4.0,10.0,11.0,3.0,4.0,13.0,14.0,2.0,31.0,2.0,1.0,2.0,,
4,301005,151,2,2,1,0,21,303003,301002,0,2.0,3.0,2.0,0.0,0.0,,0.0,1.0,3930,5530,5530,3,301005,62,1.0,303003,1725,64,1.0,,301002,1750,25,1,21,21,3930,5530,5530,2,301005,1,1,1,5,24,1.0,1.0,1.0,4.0,1.0,0.0,55.0,1.0,2.0,303551.0,4976,1.0,2.0,,2.0,1.0,1.0,5.0,1.0,2.0,2.0,1.0,6.0,84.38502,2.0,4.0,4.0,1,301005,13012015,2,3,2,,1,2,1.0,3.0,2012.0,11.0,1.0,2.0,1.0,1.0,3.0,1999.0,5.0,1.0,2.0,1.0,,,,,,,,,,,,,,,0,,,,,,,,,,,,,,,,,,,,,,,,,1,0.0,1,54.70356,,,,5.0,301005.0,1.0,1.0,1.0,1.0,1.0,1.0,1.0,4.0,1.0,2.0,1.0,1.0,1.0,1.0,1.0,1.0,1.0,1.0,2.0,1.0,2.0,2.0,1.0,1.0,2.0,10.0,11.0,12.0,10.0,23.0,,10.0,38.0,,206.3377,2.0,,3.0,1.0,2.0,1.0,1.0,3.0,,,,,3.0,38053.0,,,,,,,,,,1.0,2.0,5.0,,,,,,,,,,,,,,,14.0,,1.0,21.0,2.0,2.0,,7.0,
4,301005,151,2,3,1,0,21,301002,103003,0,2.0,4.0,3.0,0.0,2.0,2.0,0.0,2.0,38380,40420,40420,3,301005,62,1.0,301002,1750,53,,,103003,1830,40,1,21,21,38380,40420,40420,2,301005,1,1,1,5,24,1.0,1.0,1.0,4.0,1.0,0.0,55.0,1.0,2.0,303551.0,4976,1.0,2.0,,2.0,1.0,1.0,5.0,1.0,2.0,2.0,1.0,6.0,84.38502,2.0,4.0,4.0,1,301005,13012015,2,3,2,,1,2,1.0,3.0,2012.0,11.0,1.0,2.0,1.0,1.0,3.0,1999.0,5.0,1.0,2.0,1.0,,,,,,,,,,,,,,,0,,,,,,,,,,,,,,,,,,,,,,,,,1,0.0,1,54.70356,,,,5.0,301005.0,1.0,1.0,1.0,1.0,1.0,1.0,1.0,4.0,1.0,2.0,1.0,1.0,1.0,1.0,1.0,1.0,1.0,1.0,2.0,1.0,2.0,2.0,1.0,1.0,2.0,10.0,11.0,12.0,10.0,23.0,,10.0,38.0,,206.3377,2.0,,3.0,1.0,2.0,1.0,1.0,3.0,,,,,3.0,38053.0,,,,,,,,,,1.0,2.0,5.0,,,,,,,,,,,,,,,14.0,,1.0,21.0,2.0,2.0,,7.0,
4,218008,118,4,5,1,5,31,218008,217003,10,,,,,,,,,670,1005,1005,3,218008,1,,218008,1830,51,,,217002,1850,20,1,31,31,670,1005,1005,2,218008,4,1,2,5,18,1.0,1.0,3.0,0.0,5.0,0.0,85.0,1.0,2.0,218008.0,505,4.0,,3.0,1.0,1.0,5.0,5.0,2.0,2.0,1.0,1.0,,120.3548,1.0,5.0,,1,218008,6032015,2,1,1,4.0,1,2,1.0,2.0,1999.0,4.0,1.0,1.0,2.0,1.0,2.0,1985.0,5.0,1.0,1.0,2.0,,,,,,,,,,,,,,,0,,,,,,,,,,,,,,,,,,,,,,,,,0,,1,80.46747,9.0,,1.0,5.0,218008.0,3.0,1.0,3.0,3.0,1.0,1.0,3.0,6.0,1.0,1.0,3.0,3.0,1.0,1.0,1.0,3.0,1.0,9.0,1.0,2.0,2.0,1.0,1.0,2.0,1.0,3.0,22.0,,3.0,22.0,38.0,3.0,2.0,15.0,279.5176,2.0,1.0,3.0,5.0,,3.0,3.0,,,,,,4.0,69389.0,,,,,,,10.0,,,1.0,2.0,5.0,,1.0,1.0,,,1.0,,1.0,1.0,1.0,8.0,,,,8.0,13.0,,,1.0,3.0,,,
4,301005,151,2,6,1,0,21,301002,301005,1,2.0,2.0,1.0,0.0,2.0,2.0,0.0,0.0,1680,2280,2280,3,301005,63,1.0,301002,2155,1,,,301005,2210,15,1,21,21,1680,2280,2280,2,301005,1,1,1,5,24,1.0,1.0,1.0,4.0,1.0,0.0,55.0,1.0,2.0,303551.0,4976,1.0,2.0,,2.0,1.0,1.0,5.0,1.0,2.0,2.0,1.0,6.0,84.38502,2.0,4.0,4.0,1,301005,13012015,2,3,2,,1,2,1.0,3.0,2012.0,11.0,1.0,2.0,1.0,1.0,3.0,1999.0,5.0,1.0,2.0,1.0,,,,,,,,,,,,,,,0,,,,,,,,,,,,,,,,,,,,,,,,,1,0.0,1,54.70356,,,,5.0,301005.0,1.0,1.0,1.0,1.0,1.0,1.0,1.0,4.0,1.0,2.0,1.0,1.0,1.0,1.0,1.0,1.0,1.0,1.0,2.0,1.0,2.0,2.0,1.0,1.0,2.0,10.0,11.0,12.0,10.0,23.0,,10.0,38.0,,206.3377,2.0,,3.0,1.0,2.0,1.0,1.0,3.0,,,,,3.0,38053.0,,,,,,,,,,1.0,2.0,5.0,,,,,,,,,,,,,,,14.0,,1.0,21.0,2.0,2.0,,7.0,
4,218008,118,4,2,2,3,31,218006,218008,5,,,,,,,,,730,1095,1095,3,218008,24,,218008,1205,1,,,218008,1230,25,2,31,31,1460,2190,2190,2,218008,4,1,2,5,18,1.0,1.0,3.0,0.0,5.0,0.0,85.0,1.0,2.0,218008.0,505,4.0,,3.0,1.0,1.0,5.0,5.0,2.0,2.0,1.0,1.0,,120.3548,1.0,5.0,,1,218008,6032015,2,1,1,4.0,1,2,1.0,2.0,1999.0,4.0,1.0,1.0,2.0,1.0,2.0,1985.0,5.0,1.0,1.0,2.0,,,,,,,,,,,,,,,0,,,,,,,,,,,,,,,,,,,,,,,,,0,,1,80.46747,9.0,,1.0,5.0,218008.0,3.0,1.0,3.0,3.0,1.0,1.0,3.0,6.0,1.0,1.0,3.0,3.0,1.0,1.0,1.0,3.0,1.0,9.0,1.0,2.0,2.0,1.0,1.0,2.0,1.0,3.0,22.0,,3.0,22.0,38.0,3.0,2.0,15.0,279.5176,2.0,1.0,3.0,5.0,,3.0,3.0,,,,,,4.0,69389.0,,,,,,,10.0,,,1.0,2.0,5.0,,1.0,1.0,,,1.0,,1.0,1.0,1.0,8.0,,,,8.0,13.0,,,1.0,3.0,,,
4,301005,151,2,1,1,1,21,301005,303003,0,2.0,2.0,1.0,0.0,0.0,,0.0,0.0,4940,5510,5510,3,301005,1,,301005,1700,64,1.0,,303003,1725,25,1,21,21,4940,5510,5510,2,301005,1,1,1,5,24,1.0,1.0,1.0,4.0,1.0,0.0,55.0,1.0,2.0,303551.0,4976,1.0,2.0,,2.0,1.0,1.0,5.0,1.0,2.0,2.0,1.0,6.0,84.38502,2.0,4.0,4.0,1,301005,13012015,2,3,2,,1,2,1.0,3.0,2012.0,11.0,1.0,2.0,1.0,1.0,3.0,1999.0,5.0,1.0,2.0,1.0,,,,,,,,,,,,,,,0,,,,,,,,,,,,,,,,,,,,,,,,,1,0.0,1,54.70356,,,,5.0,301005.0,1.0,1.0,1.0,1.0,1.0,1.0,1.0,4.0,1.0,2.0,1.0,1.0,1.0,1.0,1.0,1.0,1.0,1.0,2.0,1.0,2.0,2.0,1.0,1.0,2.0,10.0,11.0,12.0,10.0,23.0,,10.0,38.0,,206.3377,2.0,,3.0,1.0,2.0,1.0,1.0,3.0,,,,,3.0,38053.0,,,,,,,,,,1.0,2.0,5.0,,,,,,,,,,,,,,,14.0,,1.0,21.0,2.0,2.0,,7.0,
4,301005,151,2,4,1,0,21,103003,303003,0,2.0,4.0,3.0,0.0,0.0,,0.0,2.0,34910,39070,39070,3,301005,53,,103003,2120,61,1.0,,303003,2145,25,1,21,21,34910,39070,39070,2,301005,1,1,1,5,24,1.0,1.0,1.0,4.0,1.0,0.0,55.0,1.0,2.0,303551.0,4976,1.0,2.0,,2.0,1.0,1.0,5.0,1.0,2.0,2.0,1.0,6.0,84.38502,2.0,4.0,4.0,1,301005,13012015,2,3,2,,1,2,1.0,3.0,2012.0,11.0,1.0,2.0,1.0,1.0,3.0,1999.0,5.0,1.0,2.0,1.0,,,,,,,,,,,,,,,0,,,,,,,,,,,,,,,,,,,,,,,,,1,0.0,1,54.70356,,,,5.0,301005.0,1.0,1.0,1.0,1.0,1.0,1.0,1.0,4.0,1.0,2.0,1.0,1.0,1.0,1.0,1.0,1.0,1.0,1.0,2.0,1.0,2.0,2.0,1.0,1.0,2.0,10.0,11.0,12.0,10.0,23.0,,10.0,38.0,,206.3377,2.0,,3.0,1.0,2.0,1.0,1.0,3.0,,,,,3.0,38053.0,,,,,,,,,,1.0,2.0,5.0,,,,,,,,,,,,,,,14.0,,1.0,21.0,2.0,2.0,,7.0,
4,202003,121,1,1,1,0,15,202003,201002,2,5.0,1.0,0.0,0.0,3.0,2.0,0.0,,1530,2320,2320,3,202003,1,,202003,830,11,,,201002,840,10,1,15,15,1530,2320,2320,2,202003,1,1,1,1,42,2.0,1.0,1.0,6.0,1.0,0.0,51.0,2.0,2.0,201002.0,1526,3.0,,3.0,4.0,1.0,5.0,1.0,4.0,5.0,3.0,1.0,1.0,40.43569,1.0,5.0,,1,202003,17032015,4,1,1,3.0,1,2,1.0,2.0,1996.0,10.0,1.0,1.0,2.0,1.0,2.0,1988.0,7.0,1.0,1.0,2.0,,,,,,,,,,,,,,,1,3.0,3.0,2.0,1995.0,1.0,2.0,,,,,,,,,,,,,,,,,,,0,,1,46.90938,9.0,,,5.0,202003.0,1.0,3.0,2.0,1.0,1.0,1.0,1.0,1.0,1.0,2.0,3.0,3.0,1.0,1.0,3.0,1.0,1.0,9.0,3.0,2.0,2.0,1.0,2.0,3.0,1.0,6.0,10.0,22.0,21.0,26.0,37.0,4.0,8.0,17.0,34.61665,2.0,1.0,5.0,,,,,,2.0,1.0,5.0,,5.0,69383.0,,,,,,,1.0,3.0,,2.0,2.0,3.0,4.0,2.0,1.0,2.0,12.0,2.0,3.0,3.0,3.0,1.0,4.0,8.0,1.0,4.0,4.0,12.0,5.0,,2.0,2.0,,6.0,
4,218008,118,4,1,1,5,31,218008,218006,2,,,,,,,,,730,1095,1095,3,218008,1,,218008,815,24,,,218008,840,25,2,31,31,1460,2190,2190,2,218008,4,1,2,5,18,1.0,1.0,3.0,0.0,5.0,0.0,85.0,1.0,2.0,218008.0,505,4.0,,3.0,1.0,1.0,5.0,5.0,2.0,2.0,1.0,1.0,,120.3548,1.0,5.0,,1,218008,6032015,2,1,1,4.0,1,2,1.0,2.0,1999.0,4.0,1.0,1.0,2.0,1.0,2.0,1985.0,5.0,1.0,1.0,2.0,,,,,,,,,,,,,,,0,,,,,,,,,,,,,,,,,,,,,,,,,0,,1,80.46747,9.0,,1.0,5.0,218008.0,3.0,1.0,3.0,3.0,1.0,1.0,3.0,6.0,1.0,1.0,3.0,3.0,1.0,1.0,1.0,3.0,1.0,9.0,1.0,2.0,2.0,1.0,1.0,2.0,1.0,3.0,22.0,,3.0,22.0,38.0,3.0,2.0,15.0,279.5176,2.0,1.0,3.0,5.0,,3.0,3.0,,,,,,4.0,69389.0,,,,,,,10.0,,,1.0,2.0,5.0,,1.0,1.0,,,1.0,,1.0,1.0,1.0,8.0,,,,8.0,13.0,,,1.0,3.0,,,
4,305004,31,1,3,1,0,81,105002,110004,2,4.0,1.0,0.0,0.0,2.0,2.0,0.0,,1050,3010,3010,3,305004,13,,105002,1130,13,,,110004,1230,60,1,81,81,1050,3010,3010,2,305004,3,1,1,1,28,1.0,1.0,1.0,3.0,1.0,0.0,61.0,4.0,2.0,238451.0,19350,1.0,1.0,,1.0,5.0,4.0,5.0,1.0,4.0,5.0,1.0,1.0,42.40279,,5.0,5.0,1,305004,8012015,2,3,1,4.0,1,4,1.0,3.0,2004.0,7.0,1.0,2.0,2.0,2.0,3.0,1974.0,12.0,1.0,3.0,2.0,3.0,2.0,1975.0,8.0,1.0,2.0,2.0,3.0,3.0,2012.0,6.0,3.0,2.0,2.0,0,,,,,,,,,,,,,,,,,,,,,,,,,2,0.0,1,58.13576,,,,5.0,305004.0,1.0,1.0,1.0,1.0,1.0,1.0,1.0,6.0,1.0,1.0,1.0,1.0,3.0,1.0,1.0,1.0,2.0,8.0,1.0,3.0,2.0,1.0,2.0,2.0,1.0,27.0,13.0,1.0,21.0,23.0,26.0,15.0,17.0,4.0,93.11888,2.0,,4.0,,,,,,2.0,2.0,3.0,14.0,2.0,38449.0,2.0,4.0,5.0,1.0,3.0,,1.0,2.0,,5.0,2.0,1.0,3.0,,,,,,,,,,,,,,2.0,12.0,5.0,,2.0,2.0,,1.0,2.0
4,305004,31,1,2,1,0,81,238451,105002,0,4.0,1.0,0.0,0.0,2.0,2.0,0.0,,12340,27270,27270,3,305004,11,,238451,900,13,,,105002,930,30,1,81,81,12340,27270,27270,2,305004,3,1,1,1,28,1.0,1.0,1.0,3.0,1.0,0.0,61.0,4.0,2.0,238451.0,19350,1.0,1.0,,1.0,5.0,4.0,5.0,1.0,4.0,5.0,1.0,1.0,42.40279,,5.0,5.0,1,305004,8012015,2,3,1,4.0,1,4,1.0,3.0,2004.0,7.0,1.0,2.0,2.0,2.0,3.0,1974.0,12.0,1.0,3.0,2.0,3.0,2.0,1975.0,8.0,1.0,2.0,2.0,3.0,3.0,2012.0,6.0,3.0,2.0,2.0,0,,,,,,,,,,,,,,,,,,,,,,,,,2,0.0,1,58.13576,,,,5.0,305004.0,1.0,1.0,1.0,1.0,1.0,1.0,1.0,6.0,1.0,1.0,1.0,1.0,3.0,1.0,1.0,1.0,2.0,8.0,1.0,3.0,2.0,1.0,2.0,2.0,1.0,27.0,13.0,1.0,21.0,23.0,26.0,15.0,17.0,4.0,93.11888,2.0,,4.0,,,,,,2.0,2.0,3.0,14.0,2.0,38449.0,2.0,4.0,5.0,1.0,3.0,,1.0,2.0,,5.0,2.0,1.0,3.0,,,,,,,,,,,,,,2.0,12.0,5.0,,2.0,2.0,,1.0,2.0
4,112004,42,2,10,1,0,21,107003,112004,0,2.0,1.0,0.0,0.0,1.0,3.0,0.0,0.0,1380,3080,3080,3,112004,33,,107003,1650,1,,,112004,1700,10,1,21,21,1380,3080,3080,2,112004,3,1,2,2,38,1.0,1.0,1.0,5.0,1.0,0.0,36.0,4.0,2.0,103004.0,975,1.0,2.0,,5.0,1.0,5.0,5.0,1.0,5.0,3.0,1.0,1.0,51.71159,,5.0,,1,112004,22012015,3,3,1,4.0,1,2,1.0,1.0,2014.0,5.0,2.0,3.0,3.0,1.0,3.0,2011.0,8.0,2.0,3.0,3.0,,,,,,,,,,,,,,,0,,,,,,,,,,,,,,,,,,,,,,,,,0,,2,43.7547,9.0,,,5.0,112004.0,3.0,1.0,1.0,3.0,1.0,3.0,1.0,3.0,1.0,2.0,1.0,1.0,3.0,1.0,1.0,2.0,1.0,9.0,2.0,2.0,2.0,2.0,1.0,2.0,1.0,22.0,18.0,3.0,16.0,3.0,25.0,25.0,31.0,33.0,95.13758,1.0,1.0,5.0,,,,,,2.0,2.0,12.0,,1.0,69382.0,,,,,,,7.0,,,2.0,3.0,3.0,,1.0,10.0,,,3.0,,2.0,1.0,13.0,,,7.0,8.0,8.0,11.0,4.0,,1.0,2.0,,6.0,7.0
4,218008,118,4,3,1,5,31,218008,218006,2,,,,,,,,,730,1095,1095,3,218008,1,,218008,1320,24,,,218008,1350,30,2,31,31,1460,2190,2190,2,218008,4,1,2,5,18,1.0,1.0,3.0,0.0,5.0,0.0,85.0,1.0,2.0,218008.0,505,4.0,,3.0,1.0,1.0,5.0,5.0,2.0,2.0,1.0,1.0,,120.3548,1.0,5.0,,1,218008,6032015,2,1,1,4.0,1,2,1.0,2.0,1999.0,4.0,1.0,1.0,2.0,1.0,2.0,1985.0,5.0,1.0,1.0,2.0,,,,,,,,,,,,,,,0,,,,,,,,,,,,,,,,,,,,,,,,,0,,1,80.46747,9.0,,1.0,5.0,218008.0,3.0,1.0,3.0,3.0,1.0,1.0,3.0,6.0,1.0,1.0,3.0,3.0,1.0,1.0,1.0,3.0,1.0,9.0,1.0,2.0,2.0,1.0,1.0,2.0,1.0,3.0,22.0,,3.0,22.0,38.0,3.0,2.0,15.0,279.5176,2.0,1.0,3.0,5.0,,3.0,3.0,,,,,,4.0,69389.0,,,,,,,10.0,,,1.0,2.0,5.0,,1.0,1.0,,,1.0,,1.0,1.0,1.0,8.0,,,,8.0,13.0,,,1.0,3.0,,,
4,218008,118,4,3,2,2,31,218006,218008,5,,,,,,,,,730,1095,1095,3,218008,1,,218008,1320,24,,,218008,1350,30,2,31,31,1460,2190,2190,2,218008,4,1,2,5,18,1.0,1.0,3.0,0.0,5.0,0.0,85.0,1.0,2.0,218008.0,505,4.0,,3.0,1.0,1.0,5.0,5.0,2.0,2.0,1.0,1.0,,120.3548,1.0,5.0,,1,218008,6032015,2,1,1,4.0,1,2,1.0,2.0,1999.0,4.0,1.0,1.0,2.0,1.0,2.0,1985.0,5.0,1.0,1.0,2.0,,,,,,,,,,,,,,,0,,,,,,,,,,,,,,,,,,,,,,,,,0,,1,80.46747,9.0,,1.0,5.0,218008.0,3.0,1.0,3.0,3.0,1.0,1.0,3.0,6.0,1.0,1.0,3.0,3.0,1.0,1.0,1.0,3.0,1.0,9.0,1.0,2.0,2.0,1.0,1.0,2.0,1.0,3.0,22.0,,3.0,22.0,38.0,3.0,2.0,15.0,279.5176,2.0,1.0,3.0,5.0,,3.0,3.0,,,,,,4.0,69389.0,,,,,,,10.0,,,1.0,2.0,5.0,,1.0,1.0,,,1.0,,1.0,1.0,1.0,8.0,,,,8.0,13.0,,,1.0,3.0,,,
4,301005,151,2,5,1,0,21,303003,301002,0,2.0,3.0,2.0,0.0,0.0,,0.0,1.0,3930,5530,5530,3,301005,63,1.0,303003,2145,61,1.0,,301002,2155,10,1,21,21,3930,5530,5530,2,301005,1,1,1,5,24,1.0,1.0,1.0,4.0,1.0,0.0,55.0,1.0,2.0,303551.0,4976,1.0,2.0,,2.0,1.0,1.0,5.0,1.0,2.0,2.0,1.0,6.0,84.38502,2.0,4.0,4.0,1,301005,13012015,2,3,2,,1,2,1.0,3.0,2012.0,11.0,1.0,2.0,1.0,1.0,3.0,1999.0,5.0,1.0,2.0,1.0,,,,,,,,,,,,,,,0,,,,,,,,,,,,,,,,,,,,,,,,,1,0.0,1,54.70356,,,,5.0,301005.0,1.0,1.0,1.0,1.0,1.0,1.0,1.0,4.0,1.0,2.0,1.0,1.0,1.0,1.0,1.0,1.0,1.0,1.0,2.0,1.0,2.0,2.0,1.0,1.0,2.0,10.0,11.0,12.0,10.0,23.0,,10.0,38.0,,206.3377,2.0,,3.0,1.0,2.0,1.0,1.0,3.0,,,,,3.0,38053.0,,,,,,,,,,1.0,2.0,5.0,,,,,,,,,,,,,,,14.0,,1.0,21.0,2.0,2.0,,7.0,
4,218008,118,4,4,1,5,31,218008,218006,3,,,,,,,,,730,1095,1095,3,218008,24,,218008,1730,1,,,218008,1810,40,2,31,31,1460,2190,2190,2,218008,4,1,2,5,18,1.0,1.0,3.0,0.0,5.0,0.0,85.0,1.0,2.0,218008.0,505,4.0,,3.0,1.0,1.0,5.0,5.0,2.0,2.0,1.0,1.0,,120.3548,1.0,5.0,,1,218008,6032015,2,1,1,4.0,1,2,1.0,2.0,1999.0,4.0,1.0,1.0,2.0,1.0,2.0,1985.0,5.0,1.0,1.0,2.0,,,,,,,,,,,,,,,0,,,,,,,,,,,,,,,,,,,,,,,,,0,,1,80.46747,9.0,,1.0,5.0,218008.0,3.0,1.0,3.0,3.0,1.0,1.0,3.0,6.0,1.0,1.0,3.0,3.0,1.0,1.0,1.0,3.0,1.0,9.0,1.0,2.0,2.0,1.0,1.0,2.0,1.0,3.0,22.0,,3.0,22.0,38.0,3.0,2.0,15.0,279.5176,2.0,1.0,3.0,5.0,,3.0,3.0,,,,,,4.0,69389.0,,,,,,,10.0,,,1.0,2.0,5.0,,1.0,1.0,,,1.0,,1.0,1.0,1.0,8.0,,,,8.0,13.0,,,1.0,3.0,,,
4,250001,65,4,1,1,0,21,250001,249751,0,1.0,2.0,1.0,0.0,1.0,2.0,0.0,0.0,2500,3150,3150,3,250001,1,,250001,600,11,,,249751,610,10,1,21,21,2500,3150,3150,2,250001,5,1,2,3,23,1.0,1.0,1.0,5.0,1.0,0.0,51.0,4.0,2.0,249751.0,2505,1.0,2.0,,4.0,2.0,5.0,5.0,1.0,1.0,5.0,1.0,1.0,39.56955,,5.0,,1,250001,7022015,4,2,1,4.0,1,2,3.0,4.0,2000.0,5.0,1.0,3.0,2.0,3.0,4.0,2001.0,5.0,1.0,3.0,2.0,,,,,,,,,,,,,,,0,,,,,,,,,,,,,,,,,,,,,,,,,0,,2,55.21646,1.0,,,5.0,250001.0,1.0,2.0,2.0,1.0,1.0,2.0,2.0,1.0,2.0,2.0,1.0,2.0,2.0,1.0,1.0,2.0,1.0,7.0,1.0,1.0,1.0,1.0,1.0,1.0,2.0,1.0,3.0,24.0,10.0,4.0,5.0,17.0,11.0,12.0,181.666,1.0,2.0,4.0,,,,,,2.0,12.0,,,2.0,69096.0,2.0,16.0,,,,,1.0,4.0,5.0,1.0,3.0,1.0,,1.0,13.0,,,1.0,3.0,1.0,1.0,1.0,10.0,11.0,5.0,6.0,8.0,12.0,5.0,,2.0,2.0,,6.0,7.0
4,226007,72,2,1,1,0,11,226007,105002,0,0.0,1.0,0.0,0.0,1.0,2.0,0.0,,4650,5640,5640,3,226007,1,,226007,800,11,,,105002,825,25,1,11,11,4650,5640,5640,2,226007,2,1,2,2,54,2.0,1.0,1.0,4.0,2.0,0.0,54.0,4.0,2.0,105002.0,4647,4.0,,2.0,2.0,1.0,1.0,5.0,2.0,2.0,3.0,1.0,1.0,80.2833,,5.0,,1,226007,14012015,2,3,1,3.0,1,2,1.0,3.0,2003.0,7.0,1.0,2.0,2.0,1.0,1.0,2004.0,3.0,4.0,2.0,2.0,,,,,,,,,,,,,,,0,,,,,,,,,,,,,,,,,,,,,,,,,5,0.0,1,85.27066,9.0,10.0,2.0,5.0,226007.0,2.0,1.0,1.0,1.0,1.0,1.0,1.0,4.0,1.0,2.0,1.0,1.0,1.0,1.0,1.0,1.0,1.0,6.0,2.0,1.0,2.0,2.0,1.0,1.0,1.0,24.0,32.0,22.0,38.0,12.0,14.0,3.0,11.0,17.0,205.8884,1.0,2.0,4.0,,,,,,1.0,1.0,,,3.0,69292.0,,,,,,,,,,5.0,3.0,5.0,,1.0,2.0,13.0,,2.0,4.0,3.0,1.0,1.0,8.0,10.0,4.0,7.0,1.0,2.0,1.0,31.0,2.0,2.0,,2.0,
4,202003,121,1,2,1,2,15,201002,202003,0,5.0,1.0,0.0,0.0,1.0,2.0,0.0,,1530,2060,2060,3,202003,11,,201002,1715,1,,,202003,1725,10,1,15,15,1530,2060,2060,2,202003,1,1,1,1,42,2.0,1.0,1.0,6.0,1.0,0.0,51.0,2.0,2.0,201002.0,1526,3.0,,3.0,4.0,1.0,5.0,1.0,4.0,5.0,3.0,1.0,1.0,40.43569,1.0,5.0,,1,202003,17032015,4,1,1,3.0,1,2,1.0,2.0,1996.0,10.0,1.0,1.0,2.0,1.0,2.0,1988.0,7.0,1.0,1.0,2.0,,,,,,,,,,,,,,,1,3.0,3.0,2.0,1995.0,1.0,2.0,,,,,,,,,,,,,,,,,,,0,,1,46.90938,9.0,,,5.0,202003.0,1.0,3.0,2.0,1.0,1.0,1.0,1.0,1.0,1.0,2.0,3.0,3.0,1.0,1.0,3.0,1.0,1.0,9.0,3.0,2.0,2.0,1.0,2.0,3.0,1.0,6.0,10.0,22.0,21.0,26.0,37.0,4.0,8.0,17.0,34.61665,2.0,1.0,5.0,,,,,,2.0,1.0,5.0,,5.0,69383.0,,,,,,,1.0,3.0,,2.0,2.0,3.0,4.0,2.0,1.0,2.0,12.0,2.0,3.0,3.0,3.0,1.0,4.0,8.0,1.0,4.0,4.0,12.0,5.0,,2.0,2.0,,6.0,
4,112004,42,2,1,1,0,21,112004,103004,0,2.0,1.0,0.0,0.0,1.0,2.0,0.0,0.0,970,3280,3280,3,112004,1,,112004,1000,11,,,103004,1020,20,1,21,21,970,3280,3280,2,112004,3,1,2,2,38,1.0,1.0,1.0,5.0,1.0,0.0,36.0,4.0,2.0,103004.0,975,1.0,2.0,,5.0,1.0,5.0,5.0,1.0,5.0,3.0,1.0,1.0,51.71159,,5.0,,1,112004,22012015,3,3,1,4.0,1,2,1.0,1.0,2014.0,5.0,2.0,3.0,3.0,1.0,3.0,2011.0,8.0,2.0,3.0,3.0,,,,,,,,,,,,,,,0,,,,,,,,,,,,,,,,,,,,,,,,,0,,2,43.7547,9.0,,,5.0,112004.0,3.0,1.0,1.0,3.0,1.0,3.0,1.0,3.0,1.0,2.0,1.0,1.0,3.0,1.0,1.0,2.0,1.0,9.0,2.0,2.0,2.0,2.0,1.0,2.0,1.0,22.0,18.0,3.0,16.0,3.0,25.0,25.0,31.0,33.0,95.13758,1.0,1.0,5.0,,,,,,2.0,2.0,12.0,,1.0,69382.0,,,,,,,7.0,,,2.0,3.0,3.0,,1.0,10.0,,,3.0,,2.0,1.0,13.0,,,7.0,8.0,8.0,11.0,4.0,,1.0,2.0,,6.0,7.0
4,218008,118,4,2,1,5,31,218008,218006,3,,,,,,,,,730,1095,1095,3,218008,24,,218008,1205,1,,,218008,1230,25,2,31,31,1460,2190,2190,2,218008,4,1,2,5,18,1.0,1.0,3.0,0.0,5.0,0.0,85.0,1.0,2.0,218008.0,505,4.0,,3.0,1.0,1.0,5.0,5.0,2.0,2.0,1.0,1.0,,120.3548,1.0,5.0,,1,218008,6032015,2,1,1,4.0,1,2,1.0,2.0,1999.0,4.0,1.0,1.0,2.0,1.0,2.0,1985.0,5.0,1.0,1.0,2.0,,,,,,,,,,,,,,,0,,,,,,,,,,,,,,,,,,,,,,,,,0,,1,80.46747,9.0,,1.0,5.0,218008.0,3.0,1.0,3.0,3.0,1.0,1.0,3.0,6.0,1.0,1.0,3.0,3.0,1.0,1.0,1.0,3.0,1.0,9.0,1.0,2.0,2.0,1.0,1.0,2.0,1.0,3.0,22.0,,3.0,22.0,38.0,3.0,2.0,15.0,279.5176,2.0,1.0,3.0,5.0,,3.0,3.0,,,,,,4.0,69389.0,,,,,,,10.0,,,1.0,2.0,5.0,,1.0,1.0,,,1.0,,1.0,1.0,1.0,8.0,,,,8.0,13.0,,,1.0,3.0,,,
4,218008,118,4,6,1,10,31,217003,218008,7,,,,,,,,,670,1005,1005,3,218008,51,,217002,2000,1,,,218008,2030,30,1,31,31,670,1005,1005,2,218008,4,1,2,5,18,1.0,1.0,3.0,0.0,5.0,0.0,85.0,1.0,2.0,218008.0,505,4.0,,3.0,1.0,1.0,5.0,5.0,2.0,2.0,1.0,1.0,,120.3548,1.0,5.0,,1,218008,6032015,2,1,1,4.0,1,2,1.0,2.0,1999.0,4.0,1.0,1.0,2.0,1.0,2.0,1985.0,5.0,1.0,1.0,2.0,,,,,,,,,,,,,,,0,,,,,,,,,,,,,,,,,,,,,,,,,0,,1,80.46747,9.0,,1.0,5.0,218008.0,3.0,1.0,3.0,3.0,1.0,1.0,3.0,6.0,1.0,1.0,3.0,3.0,1.0,1.0,1.0,3.0,1.0,9.0,1.0,2.0,2.0,1.0,1.0,2.0,1.0,3.0,22.0,,3.0,22.0,38.0,3.0,2.0,15.0,279.5176,2.0,1.0,3.0,5.0,,3.0,3.0,,,,,,4.0,69389.0,,,,,,,10.0,,,1.0,2.0,5.0,,1.0,1.0,,,1.0,,1.0,1.0,1.0,8.0,,,,8.0,13.0,,,1.0,3.0,,,
4,112004,42,2,9,1,0,21,103001,107003,0,2.0,1.0,0.0,0.0,2.0,2.0,0.0,0.0,1420,2110,2110,3,112004,33,,103001,1620,33,,,107003,1630,10,1,21,21,1420,2110,2110,2,112004,3,1,2,2,38,1.0,1.0,1.0,5.0,1.0,0.0,36.0,4.0,2.0,103004.0,975,1.0,2.0,,5.0,1.0,5.0,5.0,1.0,5.0,3.0,1.0,1.0,51.71159,,5.0,,1,112004,22012015,3,3,1,4.0,1,2,1.0,1.0,2014.0,5.0,2.0,3.0,3.0,1.0,3.0,2011.0,8.0,2.0,3.0,3.0,,,,,,,,,,,,,,,0,,,,,,,,,,,,,,,,,,,,,,,,,0,,2,43.7547,9.0,,,5.0,112004.0,3.0,1.0,1.0,3.0,1.0,3.0,1.0,3.0,1.0,2.0,1.0,1.0,3.0,1.0,1.0,2.0,1.0,9.0,2.0,2.0,2.0,2.0,1.0,2.0,1.0,22.0,18.0,3.0,16.0,3.0,25.0,25.0,31.0,33.0,95.13758,1.0,1.0,5.0,,,,,,2.0,2.0,12.0,,1.0,69382.0,,,,,,,7.0,,,2.0,3.0,3.0,,1.0,10.0,,,3.0,,2.0,1.0,13.0,,,7.0,8.0,8.0,11.0,4.0,,1.0,2.0,,6.0,7.0
4,101002,141,1,1,1,0,22,101002,101002,0,,,,,,,,,161,289,289,3,101002,1,,101002,825,11,,,101002,830,5,1,22,22,161,289,289,2,101002,1,1,1,1,64,1.0,1.0,1.0,6.0,1.0,0.0,23.0,4.0,2.0,101002.0,289,4.0,,1.0,4.0,1.0,5.0,5.0,2.0,4.0,3.0,1.0,1.0,26.22475,,5.0,,1,101002,24022015,4,1,1,3.0,1,2,1.0,3.0,2012.0,16.0,4.0,1.0,2.0,1.0,6.0,2014.0,3.0,4.0,1.0,2.0,,,,,,,,,,,,,,,0,,,,,,,,,,,,,,,,,,,,,,,,,2,0.0,1,43.10767,9.0,10.0,,5.0,101002.0,1.0,1.0,1.0,1.0,1.0,2.0,2.0,4.0,1.0,2.0,1.0,1.0,1.0,1.0,1.0,1.0,1.0,9.0,1.0,2.0,2.0,1.0,2.0,2.0,1.0,1.0,13.0,6.0,33.0,27.0,,33.0,11.0,,46.40223,1.0,1.0,3.0,1.0,,4.0,2.0,,,,,,4.0,69382.0,,,,,,,10.0,,,4.0,2.0,5.0,,1.0,1.0,9.0,,2.0,8.0,1.0,1.0,13.0,,,1.0,2.0,1.0,12.0,2.0,21.0,2.0,2.0,,7.0,10.0
4,305004,31,1,6,1,0,81,127004,224451,0,4.0,1.0,0.0,0.0,2.0,2.0,0.0,,12850,28000,28000,3,305004,13,,127004,1630,13,,,224451,1700,30,1,81,81,12850,28000,28000,2,305004,3,1,1,1,28,1.0,1.0,1.0,3.0,1.0,0.0,61.0,4.0,2.0,238451.0,19350,1.0,1.0,,1.0,5.0,4.0,5.0,1.0,4.0,5.0,1.0,1.0,42.40279,,5.0,5.0,1,305004,8012015,2,3,1,4.0,1,4,1.0,3.0,2004.0,7.0,1.0,2.0,2.0,2.0,3.0,1974.0,12.0,1.0,3.0,2.0,3.0,2.0,1975.0,8.0,1.0,2.0,2.0,3.0,3.0,2012.0,6.0,3.0,2.0,2.0,0,,,,,,,,,,,,,,,,,,,,,,,,,2,0.0,1,58.13576,,,,5.0,305004.0,1.0,1.0,1.0,1.0,1.0,1.0,1.0,6.0,1.0,1.0,1.0,1.0,3.0,1.0,1.0,1.0,2.0,8.0,1.0,3.0,2.0,1.0,2.0,2.0,1.0,27.0,13.0,1.0,21.0,23.0,26.0,15.0,17.0,4.0,93.11888,2.0,,4.0,,,,,,2.0,2.0,3.0,14.0,2.0,38449.0,2.0,4.0,5.0,1.0,3.0,,1.0,2.0,,5.0,2.0,1.0,3.0,,,,,,,,,,,,,,2.0,12.0,5.0,,2.0,2.0,,1.0,2.0
4,305004,31,1,4,1,2,81,110004,238451,0,4.0,1.0,0.0,0.0,2.0,2.0,0.0,,13390,26340,26340,3,305004,13,,110004,1230,11,,,238451,1300,30,1,81,81,13390,26340,26340,2,305004,3,1,1,1,28,1.0,1.0,1.0,3.0,1.0,0.0,61.0,4.0,2.0,238451.0,19350,1.0,1.0,,1.0,5.0,4.0,5.0,1.0,4.0,5.0,1.0,1.0,42.40279,,5.0,5.0,1,305004,8012015,2,3,1,4.0,1,4,1.0,3.0,2004.0,7.0,1.0,2.0,2.0,2.0,3.0,1974.0,12.0,1.0,3.0,2.0,3.0,2.0,1975.0,8.0,1.0,2.0,2.0,3.0,3.0,2012.0,6.0,3.0,2.0,2.0,0,,,,,,,,,,,,,,,,,,,,,,,,,2,0.0,1,58.13576,,,,5.0,305004.0,1.0,1.0,1.0,1.0,1.0,1.0,1.0,6.0,1.0,1.0,1.0,1.0,3.0,1.0,1.0,1.0,2.0,8.0,1.0,3.0,2.0,1.0,2.0,2.0,1.0,27.0,13.0,1.0,21.0,23.0,26.0,15.0,17.0,4.0,93.11888,2.0,,4.0,,,,,,2.0,2.0,3.0,14.0,2.0,38449.0,2.0,4.0,5.0,1.0,3.0,,1.0,2.0,,5.0,2.0,1.0,3.0,,,,,,,,,,,,,,2.0,12.0,5.0,,2.0,2.0,,1.0,2.0
4,112004,42,2,4,1,0,21,103004,102004,3,2.0,1.0,0.0,0.0,2.0,3.0,12.0,0.0,930,2200,2200,3,112004,11,,103004,1400,41,,,102004,1430,30,1,21,21,930,2200,2200,2,112004,3,1,2,2,38,1.0,1.0,1.0,5.0,1.0,0.0,36.0,4.0,2.0,103004.0,975,1.0,2.0,,5.0,1.0,5.0,5.0,1.0,5.0,3.0,1.0,1.0,51.71159,,5.0,,1,112004,22012015,3,3,1,4.0,1,2,1.0,1.0,2014.0,5.0,2.0,3.0,3.0,1.0,3.0,2011.0,8.0,2.0,3.0,3.0,,,,,,,,,,,,,,,0,,,,,,,,,,,,,,,,,,,,,,,,,0,,2,43.7547,9.0,,,5.0,112004.0,3.0,1.0,1.0,3.0,1.0,3.0,1.0,3.0,1.0,2.0,1.0,1.0,3.0,1.0,1.0,2.0,1.0,9.0,2.0,2.0,2.0,2.0,1.0,2.0,1.0,22.0,18.0,3.0,16.0,3.0,25.0,25.0,31.0,33.0,95.13758,1.0,1.0,5.0,,,,,,2.0,2.0,12.0,,1.0,69382.0,,,,,,,7.0,,,2.0,3.0,3.0,,1.0,10.0,,,3.0,,2.0,1.0,13.0,,,7.0,8.0,8.0,11.0,4.0,,1.0,2.0,,6.0,7.0
4,250751,72,1,2,1,0,21,942281,250003,2,2.0,1.0,0.0,0.0,3.0,2.0,2.0,0.0,89120,133200,9170,3,250751,11,,942281,1545,51,,,250003,1700,75,1,21,21,89120,133200,9170,2,250751,1,1,1,1,54,2.0,1.0,1.0,1.0,1.0,0.0,61.0,4.0,2.0,942281.0,88557,1.0,2.0,,5.0,5.0,5.0,5.0,1.0,5.0,5.0,1.0,1.0,58.12253,,5.0,,1,250751,3022015,4,2,1,4.0,1,2,3.0,3.0,2014.0,4.0,1.0,2.0,2.0,3.0,1.0,2009.0,5.0,1.0,2.0,2.0,,,,,,,,,,,,,,,0,,,,,,,,,,,,,,,,,,,,,,,,,2,0.0,2,55.21646,9.0,,2.0,5.0,250751.0,1.0,1.0,2.0,1.0,2.0,1.0,2.0,4.0,2.0,2.0,1.0,1.0,2.0,1.0,2.0,2.0,1.0,9.0,2.0,2.0,1.0,2.0,1.0,1.0,1.0,25.0,24.0,,37.0,35.0,31.0,25.0,,,174.422,2.0,3.0,5.0,,,,,,1.0,12.0,,,2.0,69091.0,18.0,,,5.0,7.0,,8.0,,,5.0,3.0,5.0,,2.0,2.0,,,1.0,4.0,2.0,1.0,13.0,,,4.0,,1.0,8.0,3.0,21.0,2.0,3.0,,,
4,112004,42,2,6,1,3,21,103006,103005,0,2.0,1.0,0.0,0.0,2.0,3.0,5.0,0.0,460,1150,1150,3,112004,42,,103006,1515,33,,,103005,1535,20,1,21,21,460,1150,1150,2,112004,3,1,2,2,38,1.0,1.0,1.0,5.0,1.0,0.0,36.0,4.0,2.0,103004.0,975,1.0,2.0,,5.0,1.0,5.0,5.0,1.0,5.0,3.0,1.0,1.0,51.71159,,5.0,,1,112004,22012015,3,3,1,4.0,1,2,1.0,1.0,2014.0,5.0,2.0,3.0,3.0,1.0,3.0,2011.0,8.0,2.0,3.0,3.0,,,,,,,,,,,,,,,0,,,,,,,,,,,,,,,,,,,,,,,,,0,,2,43.7547,9.0,,,5.0,112004.0,3.0,1.0,1.0,3.0,1.0,3.0,1.0,3.0,1.0,2.0,1.0,1.0,3.0,1.0,1.0,2.0,1.0,9.0,2.0,2.0,2.0,2.0,1.0,2.0,1.0,22.0,18.0,3.0,16.0,3.0,25.0,25.0,31.0,33.0,95.13758,1.0,1.0,5.0,,,,,,2.0,2.0,12.0,,1.0,69382.0,,,,,,,7.0,,,2.0,3.0,3.0,,1.0,10.0,,,3.0,,2.0,1.0,13.0,,,7.0,8.0,8.0,11.0,4.0,,1.0,2.0,,6.0,7.0
4,218008,118,4,4,2,3,31,218006,218008,5,,,,,,,,,730,1095,1095,3,218008,24,,218008,1730,1,,,218008,1810,40,2,31,31,1460,2190,2190,2,218008,4,1,2,5,18,1.0,1.0,3.0,0.0,5.0,0.0,85.0,1.0,2.0,218008.0,505,4.0,,3.0,1.0,1.0,5.0,5.0,2.0,2.0,1.0,1.0,,120.3548,1.0,5.0,,1,218008,6032015,2,1,1,4.0,1,2,1.0,2.0,1999.0,4.0,1.0,1.0,2.0,1.0,2.0,1985.0,5.0,1.0,1.0,2.0,,,,,,,,,,,,,,,0,,,,,,,,,,,,,,,,,,,,,,,,,0,,1,80.46747,9.0,,1.0,5.0,218008.0,3.0,1.0,3.0,3.0,1.0,1.0,3.0,6.0,1.0,1.0,3.0,3.0,1.0,1.0,1.0,3.0,1.0,9.0,1.0,2.0,2.0,1.0,1.0,2.0,1.0,3.0,22.0,,3.0,22.0,38.0,3.0,2.0,15.0,279.5176,2.0,1.0,3.0,5.0,,3.0,3.0,,,,,,4.0,69389.0,,,,,,,10.0,,,1.0,2.0,5.0,,1.0,1.0,,,1.0,,1.0,1.0,1.0,8.0,,,,8.0,13.0,,,1.0,3.0,,,
4,305004,31,1,7,1,0,81,224451,305004,1,4.0,1.0,0.0,0.0,2.0,2.0,0.0,,38970,67790,67790,3,305004,13,,224451,1700,1,,,305004,1800,60,1,81,81,38970,67790,67790,2,305004,3,1,1,1,28,1.0,1.0,1.0,3.0,1.0,0.0,61.0,4.0,2.0,238451.0,19350,1.0,1.0,,1.0,5.0,4.0,5.0,1.0,4.0,5.0,1.0,1.0,42.40279,,5.0,5.0,1,305004,8012015,2,3,1,4.0,1,4,1.0,3.0,2004.0,7.0,1.0,2.0,2.0,2.0,3.0,1974.0,12.0,1.0,3.0,2.0,3.0,2.0,1975.0,8.0,1.0,2.0,2.0,3.0,3.0,2012.0,6.0,3.0,2.0,2.0,0,,,,,,,,,,,,,,,,,,,,,,,,,2,0.0,1,58.13576,,,,5.0,305004.0,1.0,1.0,1.0,1.0,1.0,1.0,1.0,6.0,1.0,1.0,1.0,1.0,3.0,1.0,1.0,1.0,2.0,8.0,1.0,3.0,2.0,1.0,2.0,2.0,1.0,27.0,13.0,1.0,21.0,23.0,26.0,15.0,17.0,4.0,93.11888,2.0,,4.0,,,,,,2.0,2.0,3.0,14.0,2.0,38449.0,2.0,4.0,5.0,1.0,3.0,,1.0,2.0,,5.0,2.0,1.0,3.0,,,,,,,,,,,,,,2.0,12.0,5.0,,2.0,2.0,,1.0,2.0
4,305004,31,1,5,1,0,81,238451,127004,0,4.0,1.0,0.0,0.0,2.0,2.0,0.0,,9930,22120,22120,3,305004,11,,238451,1400,13,,,127004,1430,30,1,81,81,9930,22120,22120,2,305004,3,1,1,1,28,1.0,1.0,1.0,3.0,1.0,0.0,61.0,4.0,2.0,238451.0,19350,1.0,1.0,,1.0,5.0,4.0,5.0,1.0,4.0,5.0,1.0,1.0,42.40279,,5.0,5.0,1,305004,8012015,2,3,1,4.0,1,4,1.0,3.0,2004.0,7.0,1.0,2.0,2.0,2.0,3.0,1974.0,12.0,1.0,3.0,2.0,3.0,2.0,1975.0,8.0,1.0,2.0,2.0,3.0,3.0,2012.0,6.0,3.0,2.0,2.0,0,,,,,,,,,,,,,,,,,,,,,,,,,2,0.0,1,58.13576,,,,5.0,305004.0,1.0,1.0,1.0,1.0,1.0,1.0,1.0,6.0,1.0,1.0,1.0,1.0,3.0,1.0,1.0,1.0,2.0,8.0,1.0,3.0,2.0,1.0,2.0,2.0,1.0,27.0,13.0,1.0,21.0,23.0,26.0,15.0,17.0,4.0,93.11888,2.0,,4.0,,,,,,2.0,2.0,3.0,14.0,2.0,38449.0,2.0,4.0,5.0,1.0,3.0,,1.0,2.0,,5.0,2.0,1.0,3.0,,,,,,,,,,,,,,2.0,12.0,5.0,,2.0,2.0,,1.0,2.0
4,223005,93,3,4,1,2,21,942218,223005,0,3.0,1.0,0.0,0.0,1.0,2.0,0.0,0.0,57120,82480,50100,3,223005,42,,942218,1900,1,,,223005,2000,60,1,21,21,57120,82480,50100,2,223005,5,1,1,3,28,1.0,1.0,1.0,0.0,4.0,0.0,88.0,4.0,2.0,129002.0,12251,1.0,1.0,,5.0,5.0,5.0,1.0,3.0,4.0,5.0,1.0,,475.2192,,4.0,,1,223005,14032015,2,3,1,4.0,1,3,1.0,1.0,2015.0,6.0,2.0,2.0,2.0,1.0,3.0,2011.0,4.0,2.0,2.0,2.0,1.0,3.0,2011.0,6.0,2.0,2.0,2.0,,,,,,,,2,2.0,3.0,1.0,2013.0,1.0,2.0,2.0,3.0,1.0,2012.0,1.0,2.0,,,,,,,,,,,,,1,0.0,1,237.2913,2.0,9.0,2.0,5.0,223005.0,1.0,1.0,1.0,1.0,1.0,2.0,1.0,3.0,1.0,1.0,1.0,1.0,1.0,1.0,1.0,1.0,2.0,5.0,1.0,1.0,2.0,1.0,1.0,1.0,2.0,3.0,6.0,21.0,23.0,34.0,10.0,17.0,4.0,2.0,935.627,2.0,2.0,4.0,,,,,,2.0,1.0,,,3.0,69383.0,9.0,,,10.0,,,7.0,8.0,,5.0,3.0,5.0,,1.0,3.0,,,6.0,,1.0,1.0,1.0,,,4.0,,3.0,4.0,,,2.0,2.0,,2.0,
4,256451,73,1,1,1,0,21,256451,256451,0,1.0,1.0,0.0,0.0,3.0,2.0,0.0,0.0,313,564,564,3,256451,1,,256451,700,11,,,256451,705,5,1,21,21,313,564,564,2,256451,4,1,1,1,45,2.0,2.0,1.0,4.0,1.0,0.0,61.0,4.0,2.0,256451.0,564,1.0,2.0,,1.0,1.0,2.0,5.0,1.0,5.0,4.0,1.0,1.0,45.27455,,5.0,,1,256451,20032015,2,3,2,,2,1,3.0,3.0,2003.0,8.0,1.0,2.0,2.0,,,,,,,,,,,,,,,,,,,,,,0,,,,,,,,,,,,,,,,,,,,,,,,,2,0.0,2,49.93495,4.0,5.0,2.0,5.0,256451.0,3.0,1.0,2.0,2.0,2.0,2.0,2.0,2.0,3.0,2.0,2.0,2.0,3.0,3.0,2.0,1.0,2.0,8.0,1.0,1.0,2.0,3.0,2.0,2.0,2.0,3.0,7.0,22.0,3.0,1.0,2.0,7.0,3.0,4.0,41.91533,2.0,1.0,4.0,,,,,,2.0,2.0,,,6.0,69383.0,16.0,,,,,,,,,1.0,1.0,1.0,,2.0,2.0,6.0,,6.0,,5.0,1.0,13.0,,,4.0,5.0,1.0,8.0,5.0,,2.0,1.0,2.0,,
4,113004,91,2,2,1,2,31,115001,113003,3,,,,,,,,,2820,4230,4230,3,113004,11,,217005,1802,1,,,113004,1820,18,1,31,31,2820,4230,4230,2,113004,4,1,2,2,53,1.0,1.0,1.0,2.0,1.0,0.0,51.0,2.0,2.0,217005.0,3357,3.0,,1.0,5.0,2.0,4.0,5.0,4.0,2.0,1.0,1.0,1.0,63.21598,1.0,5.0,,1,113004,5122014,4,3,1,1.0,1,9,1.0,3.0,1990.0,7.0,1.0,2.0,2.0,1.0,2.0,1959.0,3.0,1.0,1.0,2.0,1.0,2.0,1968.0,3.0,1.0,1.0,2.0,1.0,2.0,1973.0,3.0,1.0,1.0,2.0,0,,,,,,,,,,,,,,,,,,,,,,,,,5,0.0,2,61.85308,1.0,,2.0,5.0,113004.0,1.0,1.0,1.0,1.0,1.0,1.0,1.0,6.0,1.0,1.0,1.0,1.0,2.0,1.0,1.0,1.0,1.0,9.0,2.0,1.0,2.0,2.0,1.0,2.0,1.0,1.0,15.0,13.0,16.0,3.0,2.0,12.0,15.0,3.0,181.6972,3.0,3.0,5.0,,,,,,2.0,1.0,13.0,14.0,5.0,69382.0,,,,,,,5.0,6.0,8.0,1.0,2.0,3.0,5.0,2.0,2.0,6.0,7.0,8.0,,3.0,1.0,13.0,,,1.0,4.0,14.0,,5.0,,2.0,2.0,,4.0,
4,226007,72,2,2,1,0,11,105002,226007,0,0.0,1.0,0.0,0.0,1.0,2.0,0.0,,4650,5640,5640,3,226007,11,,105002,1815,1,,,226007,1845,30,1,11,11,4650,5640,5640,2,226007,2,1,2,2,54,2.0,1.0,1.0,4.0,2.0,0.0,54.0,4.0,2.0,105002.0,4647,4.0,,2.0,2.0,1.0,1.0,5.0,2.0,2.0,3.0,1.0,1.0,80.2833,,5.0,,1,226007,14012015,2,3,1,3.0,1,2,1.0,3.0,2003.0,7.0,1.0,2.0,2.0,1.0,1.0,2004.0,3.0,4.0,2.0,2.0,,,,,,,,,,,,,,,0,,,,,,,,,,,,,,,,,,,,,,,,,5,0.0,1,85.27066,9.0,10.0,2.0,5.0,226007.0,2.0,1.0,1.0,1.0,1.0,1.0,1.0,4.0,1.0,2.0,1.0,1.0,1.0,1.0,1.0,1.0,1.0,6.0,2.0,1.0,2.0,2.0,1.0,1.0,1.0,24.0,32.0,22.0,38.0,12.0,14.0,3.0,11.0,17.0,205.8884,1.0,2.0,4.0,,,,,,1.0,1.0,,,3.0,69292.0,,,,,,,,,,5.0,3.0,5.0,,1.0,2.0,13.0,,2.0,4.0,3.0,1.0,1.0,8.0,10.0,4.0,7.0,1.0,2.0,1.0,31.0,2.0,2.0,,2.0,
4,236006,137,2,1,2,0,32,236251,125251,0,,,,,,,,,10690,16035,16035,3,236006,1,,236006,800,25,,,145651,900,60,3,32,21,15190,22695,22695,2,236006,1,1,2,2,24,1.0,1.0,1.0,0.0,4.0,0.0,88.0,3.0,2.0,145651.0,10688,2.0,,1.0,5.0,1.0,5.0,5.0,1.0,2.0,1.0,1.0,,124.3989,1.0,5.0,,1,236006,24032015,4,3,2,,1,2,1.0,3.0,2013.0,10.0,4.0,3.0,2.0,1.0,1.0,2012.0,6.0,1.0,3.0,2.0,,,,,,,,,,,,,,,0,,,,,,,,,,,,,,,,,,,,,,,,,0,,2,117.4786,10.0,,,5.0,236006.0,2.0,2.0,2.0,3.0,2.0,1.0,1.0,6.0,2.0,2.0,3.0,3.0,3.0,1.0,2.0,1.0,2.0,8.0,1.0,2.0,2.0,3.0,1.0,2.0,2.0,36.0,1.0,5.0,16.0,1.0,3.0,38.0,34.0,32.0,195.3983,3.0,1.0,5.0,,,,,,2.0,14.0,,,4.0,69383.0,,,,,,,6.0,10.0,,1.0,1.0,3.0,,1.0,3.0,,,1.0,2.0,2.0,1.0,13.0,,,7.0,,1.0,7.0,,,2.0,1.0,2.0,,
4,239752,55,4,1,1,10,32,239251,122251,10,,,,,,,,,8190,12285,12285,3,239752,1,,239752,806,24,,,123004,855,49,1,32,32,8190,12285,12285,2,239752,4,1,2,3,16,1.0,1.0,2.0,0.0,5.0,0.0,85.0,1.0,2.0,123004.0,8710,,,,,1.0,5.0,5.0,5.0,4.0,1.0,1.0,,58.41907,1.0,5.0,,1,239752,12122014,4,2,1,3.0,1,2,1.0,1.0,2003.0,7.0,1.0,3.0,2.0,4.0,3.0,1995.0,1.0,1.0,3.0,2.0,,,,,,,,,,,,,,,0,,,,,,,,,,,,,,,,,,,,,,,,,0,,2,59.8188,4.0,7.0,,5.0,239752.0,1.0,2.0,1.0,1.0,1.0,1.0,1.0,7.0,1.0,2.0,1.0,2.0,1.0,1.0,2.0,1.0,1.0,6.0,1.0,2.0,1.0,1.0,1.0,2.0,1.0,3.0,1.0,6.0,34.0,28.0,3.0,18.0,29.0,22.0,208.6543,2.0,3.0,4.0,,,,,,2.0,11.0,,,3.0,69383.0,,,,,,,1.0,9.0,,5.0,3.0,5.0,,2.0,6.0,13.0,,1.0,,3.0,1.0,6.0,12.0,,,,4.0,8.0,,,2.0,3.0,,,
4,256451,73,1,2,1,0,21,256451,256451,0,1.0,1.0,0.0,0.0,2.0,2.0,0.0,0.0,313,564,564,3,256451,11,,256451,1800,1,,,256451,1805,5,1,21,21,313,564,564,2,256451,4,1,1,1,45,2.0,2.0,1.0,4.0,1.0,0.0,61.0,4.0,2.0,256451.0,564,1.0,2.0,,1.0,1.0,2.0,5.0,1.0,5.0,4.0,1.0,1.0,45.27455,,5.0,,1,256451,20032015,2,3,2,,2,1,3.0,3.0,2003.0,8.0,1.0,2.0,2.0,,,,,,,,,,,,,,,,,,,,,,0,,,,,,,,,,,,,,,,,,,,,,,,,2,0.0,2,49.93495,4.0,5.0,2.0,5.0,256451.0,3.0,1.0,2.0,2.0,2.0,2.0,2.0,2.0,3.0,2.0,2.0,2.0,3.0,3.0,2.0,1.0,2.0,8.0,1.0,1.0,2.0,3.0,2.0,2.0,2.0,3.0,7.0,22.0,3.0,1.0,2.0,7.0,3.0,4.0,41.91533,2.0,1.0,4.0,,,,,,2.0,2.0,,,6.0,69383.0,16.0,,,,,,,,,1.0,1.0,1.0,,2.0,2.0,6.0,,6.0,,5.0,1.0,13.0,,,4.0,5.0,1.0,8.0,5.0,,2.0,1.0,2.0,,
4,131002,79,2,2,1,2,21,117002,125003,0,2.0,2.0,0.0,1.0,2.0,2.0,0.0,1.0,1230,1920,1920,3,131002,13,,117002,810,61,22.0,,125003,820,10,1,21,21,1230,1920,1920,2,131002,1,1,1,1,74,2.0,2.0,1.0,2.0,2.0,0.0,61.0,3.0,2.0,242451.0,7638,1.0,2.0,,2.0,1.0,5.0,5.0,3.0,4.0,1.0,1.0,1.0,58.64711,1.0,5.0,,1,131002,6012015,4,3,1,3.0,2,2,1.0,2.0,1992.0,9.0,1.0,1.0,3.0,1.0,3.0,2014.0,7.0,3.0,2.0,2.0,,,,,,,,,,,,,,,0,,,,,,,,,,,,,,,,,,,,,,,,,0,,2,72.01975,1.0,6.0,2.0,5.0,131002.0,1.0,1.0,1.0,1.0,1.0,1.0,1.0,6.0,1.0,1.0,1.0,2.0,3.0,1.0,1.0,1.0,1.0,9.0,1.0,1.0,2.0,2.0,1.0,1.0,1.0,22.0,3.0,7.0,13.0,3.0,1.0,18.0,4.0,7.0,112.1145,1.0,3.0,5.0,,,,,,2.0,2.0,,,5.0,69383.0,,,,,,,2.0,3.0,9.0,3.0,1.0,3.0,,1.0,2.0,3.0,7.0,1.0,2.0,5.0,1.0,1.0,2.0,10.0,4.0,5.0,12.0,13.0,5.0,,2.0,2.0,,4.0,6.0
4,235751,122,1,4,1,0,21,230756,235751,0,1.0,1.0,0.0,0.0,2.0,2.0,0.0,0.0,6980,9650,9650,3,235751,11,,230756,1945,1,,,235751,1955,10,1,21,21,6980,9650,9650,2,235751,3,1,1,1,36,1.0,2.0,1.0,5.0,1.0,0.0,23.0,4.0,2.0,230756.0,6983,1.0,3.0,,1.0,2.0,5.0,5.0,1.0,3.0,5.0,1.0,1.0,111.4169,,5.0,,1,235751,19032015,1,1,1,4.0,1,2,1.0,3.0,1996.0,6.0,3.0,2.0,2.0,1.0,3.0,2009.0,9.0,1.0,2.0,2.0,,,,,,,,,,,,,,,0,,,,,,,,,,,,,,,,,,,,,,,,,2,0.0,1,82.29981,3.0,4.0,1.0,5.0,235751.0,2.0,2.0,3.0,3.0,1.0,3.0,2.0,5.0,2.0,2.0,2.0,2.0,3.0,2.0,2.0,2.0,1.0,9.0,1.0,2.0,2.0,1.0,1.0,1.0,1.0,1.0,13.0,24.0,1.0,2.0,3.0,17.0,4.0,25.0,204.6077,3.0,1.0,5.0,,,,,,2.0,5.0,,,4.0,69259.0,16.0,,,,,,10.0,,,1.0,2.0,5.0,,1.0,2.0,,,1.0,4.0,1.0,1.0,1.0,8.0,12.0,5.0,6.0,1.0,8.0,1.0,21.0,2.0,2.0,,6.0,
4,305004,31,1,1,1,1,81,305004,238451,0,4.0,1.0,0.0,0.0,2.0,2.0,0.0,,19350,25180,25180,3,305004,1,,305004,730,11,,,238451,800,30,1,81,81,19350,25180,25180,2,305004,3,1,1,1,28,1.0,1.0,1.0,3.0,1.0,0.0,61.0,4.0,2.0,238451.0,19350,1.0,1.0,,1.0,5.0,4.0,5.0,1.0,4.0,5.0,1.0,1.0,42.40279,,5.0,5.0,1,305004,8012015,2,3,1,4.0,1,4,1.0,3.0,2004.0,7.0,1.0,2.0,2.0,2.0,3.0,1974.0,12.0,1.0,3.0,2.0,3.0,2.0,1975.0,8.0,1.0,2.0,2.0,3.0,3.0,2012.0,6.0,3.0,2.0,2.0,0,,,,,,,,,,,,,,,,,,,,,,,,,2,0.0,1,58.13576,,,,5.0,305004.0,1.0,1.0,1.0,1.0,1.0,1.0,1.0,6.0,1.0,1.0,1.0,1.0,3.0,1.0,1.0,1.0,2.0,8.0,1.0,3.0,2.0,1.0,2.0,2.0,1.0,27.0,13.0,1.0,21.0,23.0,26.0,15.0,17.0,4.0,93.11888,2.0,,4.0,,,,,,2.0,2.0,3.0,14.0,2.0,38449.0,2.0,4.0,5.0,1.0,3.0,,1.0,2.0,,5.0,2.0,1.0,3.0,,,,,,,,,,,,,,2.0,12.0,5.0,,2.0,2.0,,1.0,2.0
4,127001,6,1,1,1,0,11,127001,122851,0,0.0,1.0,0.0,0.0,1.0,2.0,0.0,,3930,4600,4600,3,127001,1,,127001,805,11,,,122851,825,20,1,11,11,3930,4600,4600,2,127001,3,1,2,2,29,1.0,1.0,1.0,6.0,1.0,0.0,31.0,4.0,2.0,122851.0,3932,3.0,,1.0,1.0,1.0,1.0,5.0,3.0,3.0,3.0,1.0,1.0,101.0608,,5.0,,1,127001,20112014,4,3,2,,1,2,1.0,3.0,2010.0,4.0,1.0,2.0,3.0,1.0,3.0,2014.0,4.0,2.0,2.0,3.0,,,,,,,,,,,,,,,0,,,,,,,,,,,,,,,,,,,,,,,,,3,0.0,1,91.73404,7.0,9.0,2.0,5.0,127001.0,1.0,1.0,1.0,3.0,1.0,1.0,1.0,5.0,1.0,2.0,1.0,1.0,1.0,3.0,3.0,1.0,1.0,9.0,1.0,1.0,2.0,2.0,1.0,1.0,2.0,5.0,6.0,34.0,29.0,27.0,10.0,17.0,3.0,1.0,215.6806,2.0,2.0,5.0,,,,,,2.0,1.0,,,3.0,69383.0,,,,,,,,,,5.0,3.0,1.0,3.0,2.0,4.0,8.0,9.0,1.0,2.0,1.0,1.0,1.0,2.0,10.0,4.0,10.0,8.0,12.0,3.0,11.0,2.0,2.0,,2.0,
4,250751,72,1,3,1,2,21,250003,250751,5,2.0,1.0,0.0,0.0,2.0,2.0,5.0,0.0,960,1720,1720,3,250751,51,,250003,1730,1,,,250751,1750,20,1,21,21,960,1720,1720,2,250751,1,1,1,1,54,2.0,1.0,1.0,1.0,1.0,0.0,61.0,4.0,2.0,942281.0,88557,1.0,2.0,,5.0,5.0,5.0,5.0,1.0,5.0,5.0,1.0,1.0,58.12253,,5.0,,1,250751,3022015,4,2,1,4.0,1,2,3.0,3.0,2014.0,4.0,1.0,2.0,2.0,3.0,1.0,2009.0,5.0,1.0,2.0,2.0,,,,,,,,,,,,,,,0,,,,,,,,,,,,,,,,,,,,,,,,,2,0.0,2,55.21646,9.0,,2.0,5.0,250751.0,1.0,1.0,2.0,1.0,2.0,1.0,2.0,4.0,2.0,2.0,1.0,1.0,2.0,1.0,2.0,2.0,1.0,9.0,2.0,2.0,1.0,2.0,1.0,1.0,1.0,25.0,24.0,,37.0,35.0,31.0,25.0,,,174.422,2.0,3.0,5.0,,,,,,1.0,12.0,,,2.0,69091.0,18.0,,,5.0,7.0,,8.0,,,5.0,3.0,5.0,,2.0,2.0,,,1.0,4.0,2.0,1.0,13.0,,,4.0,,1.0,8.0,3.0,21.0,2.0,3.0,,,
4,225008,24,3,4,2,0,31,110251,223002,2,,,,,,,,,5470,8205,8205,3,225008,24,,220451,1630,1,,,225008,1745,75,3,31,31,12020,18030,18030,2,225008,1,1,1,3,17,1.0,2.0,3.0,0.0,3.0,0.0,89.0,3.0,2.0,220451.0,9333,,,,,1.0,5.0,2.0,1.0,1.0,1.0,1.0,,67.43763,1.0,4.0,,1,225008,25112014,1,1,1,4.0,1,2,1.0,1.0,1994.0,5.0,1.0,1.0,2.0,1.0,3.0,2006.0,7.0,1.0,1.0,2.0,,,,,,,,,,,,,,,1,3.0,2.0,1.0,1994.0,1.0,2.0,,,,,,,,,,,,,,,,,,,0,,1,66.82075,4.0,9.0,,5.0,225008.0,2.0,1.0,1.0,2.0,1.0,1.0,2.0,5.0,2.0,2.0,1.0,1.0,1.0,1.0,1.0,2.0,2.0,7.0,2.0,1.0,2.0,2.0,2.0,1.0,1.0,24.0,16.0,36.0,36.0,3.0,34.0,4.0,17.0,8.0,249.5641,2.0,1.0,1.0,2.0,4.0,4.0,3.0,4.0,,,,,2.0,69292.0,,,,,,,10.0,,,5.0,1.0,1.0,3.0,1.0,1.0,2.0,9.0,4.0,8.0,1.0,1.0,1.0,12.0,,,,5.0,12.0,,,2.0,3.0,,,
4,127001,6,1,2,1,0,11,122851,127001,0,0.0,1.0,0.0,0.0,1.0,2.0,0.0,,3930,4600,4600,3,127001,11,,122851,1910,1,,,127001,1930,20,1,11,11,3930,4600,4600,2,127001,3,1,2,2,29,1.0,1.0,1.0,6.0,1.0,0.0,31.0,4.0,2.0,122851.0,3932,3.0,,1.0,1.0,1.0,1.0,5.0,3.0,3.0,3.0,1.0,1.0,101.0608,,5.0,,1,127001,20112014,4,3,2,,1,2,1.0,3.0,2010.0,4.0,1.0,2.0,3.0,1.0,3.0,2014.0,4.0,2.0,2.0,3.0,,,,,,,,,,,,,,,0,,,,,,,,,,,,,,,,,,,,,,,,,3,0.0,1,91.73404,7.0,9.0,2.0,5.0,127001.0,1.0,1.0,1.0,3.0,1.0,1.0,1.0,5.0,1.0,2.0,1.0,1.0,1.0,3.0,3.0,1.0,1.0,9.0,1.0,1.0,2.0,2.0,1.0,1.0,2.0,5.0,6.0,34.0,29.0,27.0,10.0,17.0,3.0,1.0,215.6806,2.0,2.0,5.0,,,,,,2.0,1.0,,,3.0,69383.0,,,,,,,,,,5.0,3.0,1.0,3.0,2.0,4.0,8.0,9.0,1.0,2.0,1.0,1.0,1.0,2.0,10.0,4.0,10.0,8.0,12.0,3.0,11.0,2.0,2.0,,2.0,
4,113004,73,2,1,1,1,21,113004,111551,0,2.0,1.0,0.0,0.0,3.0,2.0,0.0,0.0,1200,1380,1380,3,113004,1,,113004,1500,32,,,111551,1515,15,1,21,21,1200,1380,1380,2,113004,2,1,1,5,23,1.0,1.0,1.0,0.0,4.0,0.0,88.0,4.0,2.0,111001.0,1838,3.0,,1.0,2.0,1.0,2.0,4.0,1.0,4.0,3.0,1.0,,66.80603,,4.0,,1,113004,26112014,4,1,1,4.0,1,3,1.0,1.0,1998.0,3.0,1.0,1.0,4.0,1.0,1.0,1999.0,7.0,1.0,2.0,3.0,1.0,1.0,1989.0,4.0,1.0,2.0,3.0,,,,,,,,1,1.0,2.0,2.0,1987.0,2.0,3.0,,,,,,,,,,,,,,,,,,,0,,2,61.85308,5.0,6.0,2.0,5.0,113004.0,1.0,1.0,1.0,1.0,1.0,1.0,1.0,4.0,2.0,2.0,3.0,1.0,1.0,2.0,2.0,1.0,1.0,5.0,1.0,1.0,1.0,1.0,2.0,2.0,2.0,6.0,7.0,16.0,22.0,23.0,38.0,29.0,21.0,10.0,185.1578,2.0,2.0,5.0,,,,,,2.0,1.0,,,4.0,69382.0,,,,,,,,,,5.0,2.0,5.0,,1.0,13.0,,,3.0,,1.0,1.0,1.0,,,2.0,10.0,1.0,8.0,,,2.0,2.0,,1.0,9.0
4,240003,144,2,4,1,0,82,102004,133851,0,,,,,,,,,3510,4690,4690,3,240003,11,,102004,1515,64,41.0,,133851,1545,30,1,82,82,3510,4690,4690,2,240003,3,1,2,2,42,2.0,1.0,1.0,4.0,1.0,0.0,21.0,1.0,2.0,102004.0,11149,2.0,,1.0,1.0,1.0,5.0,5.0,1.0,4.0,1.0,1.0,1.0,64.99943,1.0,5.0,,1,240003,5032015,3,1,1,4.0,1,2,1.0,1.0,1998.0,4.0,1.0,1.0,2.0,3.0,1.0,2009.0,8.0,2.0,2.0,2.0,,,,,,,,,,,,,,,0,,,,,,,,,,,,,,,,,,,,,,,,,5,0.0,1,55.12072,5.0,10.0,2.0,5.0,240003.0,2.0,1.0,1.0,1.0,1.0,2.0,2.0,2.0,2.0,2.0,1.0,1.0,1.0,1.0,1.0,1.0,2.0,6.0,2.0,1.0,1.0,2.0,1.0,1.0,1.0,7.0,6.0,5.0,13.0,27.0,38.0,4.0,11.0,15.0,321.454,2.0,1.0,5.0,,,,,,2.0,1.0,2.0,,4.0,69290.0,,,,,,,2.0,3.0,7.0,4.0,2.0,3.0,,1.0,4.0,12.0,13.0,1.0,6.0,3.0,1.0,4.0,10.0,11.0,3.0,4.0,13.0,14.0,2.0,31.0,2.0,1.0,2.0,,
4,240003,144,2,5,1,0,82,133851,102004,0,,,,,,,,,3510,12290,12290,3,240003,62,41.0,133851,1640,11,,,102004,1700,20,1,82,82,3510,12290,12290,2,240003,3,1,2,2,42,2.0,1.0,1.0,4.0,1.0,0.0,21.0,1.0,2.0,102004.0,11149,2.0,,1.0,1.0,1.0,5.0,5.0,1.0,4.0,1.0,1.0,1.0,64.99943,1.0,5.0,,1,240003,5032015,3,1,1,4.0,1,2,1.0,1.0,1998.0,4.0,1.0,1.0,2.0,3.0,1.0,2009.0,8.0,2.0,2.0,2.0,,,,,,,,,,,,,,,0,,,,,,,,,,,,,,,,,,,,,,,,,5,0.0,1,55.12072,5.0,10.0,2.0,5.0,240003.0,2.0,1.0,1.0,1.0,1.0,2.0,2.0,2.0,2.0,2.0,1.0,1.0,1.0,1.0,1.0,1.0,2.0,6.0,2.0,1.0,1.0,2.0,1.0,1.0,1.0,7.0,6.0,5.0,13.0,27.0,38.0,4.0,11.0,15.0,321.454,2.0,1.0,5.0,,,,,,2.0,1.0,2.0,,4.0,69290.0,,,,,,,2.0,3.0,7.0,4.0,2.0,3.0,,1.0,4.0,12.0,13.0,1.0,6.0,3.0,1.0,4.0,10.0,11.0,3.0,4.0,13.0,14.0,2.0,31.0,2.0,1.0,2.0,,
4,131002,79,2,5,1,0,21,125003,117002,3,2.0,2.0,0.0,1.0,2.0,2.0,1.0,1.0,1230,2020,2020,3,131002,62,22.0,125003,1630,61,1.0,,117002,1655,25,1,21,21,1230,2020,2020,2,131002,1,1,1,1,74,2.0,2.0,1.0,2.0,2.0,0.0,61.0,3.0,2.0,242451.0,7638,1.0,2.0,,2.0,1.0,5.0,5.0,3.0,4.0,1.0,1.0,1.0,58.64711,1.0,5.0,,1,131002,6012015,4,3,1,3.0,2,2,1.0,2.0,1992.0,9.0,1.0,1.0,3.0,1.0,3.0,2014.0,7.0,3.0,2.0,2.0,,,,,,,,,,,,,,,0,,,,,,,,,,,,,,,,,,,,,,,,,0,,2,72.01975,1.0,6.0,2.0,5.0,131002.0,1.0,1.0,1.0,1.0,1.0,1.0,1.0,6.0,1.0,1.0,1.0,2.0,3.0,1.0,1.0,1.0,1.0,9.0,1.0,1.0,2.0,2.0,1.0,1.0,1.0,22.0,3.0,7.0,13.0,3.0,1.0,18.0,4.0,7.0,112.1145,1.0,3.0,5.0,,,,,,2.0,2.0,,,5.0,69383.0,,,,,,,2.0,3.0,9.0,3.0,1.0,3.0,,1.0,2.0,3.0,7.0,1.0,2.0,5.0,1.0,1.0,2.0,10.0,4.0,5.0,12.0,13.0,5.0,,2.0,2.0,,4.0,6.0
4,236006,137,2,2,3,0,21,236251,236006,0,2.0,1.0,0.0,0.0,3.0,2.0,0.0,0.0,1220,1740,1740,3,236006,25,,145651,1700,1,,,236006,1800,60,3,32,21,15190,22695,22695,2,236006,1,1,2,2,24,1.0,1.0,1.0,0.0,4.0,0.0,88.0,3.0,2.0,145651.0,10688,2.0,,1.0,5.0,1.0,5.0,5.0,1.0,2.0,1.0,1.0,,124.3989,1.0,5.0,,1,236006,24032015,4,3,2,,1,2,1.0,3.0,2013.0,10.0,4.0,3.0,2.0,1.0,1.0,2012.0,6.0,1.0,3.0,2.0,,,,,,,,,,,,,,,0,,,,,,,,,,,,,,,,,,,,,,,,,0,,2,117.4786,10.0,,,5.0,236006.0,2.0,2.0,2.0,3.0,2.0,1.0,1.0,6.0,2.0,2.0,3.0,3.0,3.0,1.0,2.0,1.0,2.0,8.0,1.0,2.0,2.0,3.0,1.0,2.0,2.0,36.0,1.0,5.0,16.0,1.0,3.0,38.0,34.0,32.0,195.3983,3.0,1.0,5.0,,,,,,2.0,14.0,,,4.0,69383.0,,,,,,,6.0,10.0,,1.0,1.0,3.0,,1.0,3.0,,,1.0,2.0,2.0,1.0,13.0,,,7.0,,1.0,7.0,,,2.0,1.0,2.0,,
4,250751,72,1,1,1,5,21,250751,942281,0,2.0,1.0,0.0,0.0,1.0,2.0,0.0,0.0,88560,123580,45050,3,250751,1,,250751,700,11,,,942281,800,60,1,21,21,88560,123580,45050,2,250751,1,1,1,1,54,2.0,1.0,1.0,1.0,1.0,0.0,61.0,4.0,2.0,942281.0,88557,1.0,2.0,,5.0,5.0,5.0,5.0,1.0,5.0,5.0,1.0,1.0,58.12253,,5.0,,1,250751,3022015,4,2,1,4.0,1,2,3.0,3.0,2014.0,4.0,1.0,2.0,2.0,3.0,1.0,2009.0,5.0,1.0,2.0,2.0,,,,,,,,,,,,,,,0,,,,,,,,,,,,,,,,,,,,,,,,,2,0.0,2,55.21646,9.0,,2.0,5.0,250751.0,1.0,1.0,2.0,1.0,2.0,1.0,2.0,4.0,2.0,2.0,1.0,1.0,2.0,1.0,2.0,2.0,1.0,9.0,2.0,2.0,1.0,2.0,1.0,1.0,1.0,25.0,24.0,,37.0,35.0,31.0,25.0,,,174.422,2.0,3.0,5.0,,,,,,1.0,12.0,,,2.0,69091.0,18.0,,,5.0,7.0,,8.0,,,5.0,3.0,5.0,,2.0,2.0,,,1.0,4.0,2.0,1.0,13.0,,,4.0,,1.0,8.0,3.0,21.0,2.0,3.0,,,
4,131002,79,2,4,1,2,21,131002,125003,0,2.0,1.0,0.0,0.0,2.0,2.0,0.0,0.0,3980,5220,5220,3,131002,1,,131002,1600,64,22.0,,125003,1625,25,1,21,21,3980,5220,5220,2,131002,1,1,1,1,74,2.0,2.0,1.0,2.0,2.0,0.0,61.0,3.0,2.0,242451.0,7638,1.0,2.0,,2.0,1.0,5.0,5.0,3.0,4.0,1.0,1.0,1.0,58.64711,1.0,5.0,,1,131002,6012015,4,3,1,3.0,2,2,1.0,2.0,1992.0,9.0,1.0,1.0,3.0,1.0,3.0,2014.0,7.0,3.0,2.0,2.0,,,,,,,,,,,,,,,0,,,,,,,,,,,,,,,,,,,,,,,,,0,,2,72.01975,1.0,6.0,2.0,5.0,131002.0,1.0,1.0,1.0,1.0,1.0,1.0,1.0,6.0,1.0,1.0,1.0,2.0,3.0,1.0,1.0,1.0,1.0,9.0,1.0,1.0,2.0,2.0,1.0,1.0,1.0,22.0,3.0,7.0,13.0,3.0,1.0,18.0,4.0,7.0,112.1145,1.0,3.0,5.0,,,,,,2.0,2.0,,,5.0,69383.0,,,,,,,2.0,3.0,9.0,3.0,1.0,3.0,,1.0,2.0,3.0,7.0,1.0,2.0,5.0,1.0,1.0,2.0,10.0,4.0,5.0,12.0,13.0,5.0,,2.0,2.0,,4.0,6.0
4,306002,18,3,2,1,3,34,305004,306002,1,,,,,,,,,2740,4110,4110,3,306002,23,,305004,1700,1,,,306002,1735,35,1,34,34,2740,4110,4110,2,306002,2,1,2,3,13,1.0,1.0,2.0,0.0,5.0,0.0,84.0,1.0,2.0,305004.0,2737,,,,,1.0,5.0,5.0,5.0,1.0,1.0,1.0,,53.44341,2.0,4.0,4.0,1,306002,15102014,1,1,1,3.0,1,2,1.0,5.0,2003.0,13.0,1.0,1.0,2.0,1.0,4.0,2009.0,5.0,1.0,1.0,2.0,,,,,,,,,,,,,,,0,,,,,,,,,,,,,,,,,,,,,,,,,4,0.0,1,53.30323,,,,,,,,,,,,,,,,,,,,,,,,,,,,,,,,,,,,,,,,,,,,,,,,,,,,,,,,,,,,,,,,,,,,,,,,,,,,,,,,,,,,,,,,,
4,234005,123,4,1,2,2,32,119003,204851,2,,,,,,,,,2940,4410,4410,3,234005,54,,127007,800,25,,,204851,840,40,2,32,32,5270,7905,7905,2,234005,5,1,1,6,22,2.0,1.0,2.0,0.0,4.0,0.0,87.0,3.0,2.0,204851.0,5674,4.0,,3.0,2.0,1.0,5.0,5.0,5.0,5.0,1.0,1.0,,107.7589,1.0,5.0,,1,234005,21032015,1,1,1,4.0,1,4,1.0,3.0,1992.0,6.0,1.0,2.0,2.0,3.0,3.0,1992.0,10.0,1.0,2.0,2.0,1.0,1.0,1999.0,7.0,1.0,2.0,2.0,1.0,3.0,2000.0,7.0,1.0,2.0,2.0,0,,,,,,,,,,,,,,,,,,,,,,,,,1,0.0,1,75.35816,9.0,,2.0,5.0,234005.0,1.0,1.0,2.0,1.0,1.0,1.0,1.0,4.0,1.0,2.0,2.0,2.0,2.0,1.0,1.0,2.0,1.0,7.0,1.0,2.0,2.0,2.0,1.0,1.0,1.0,27.0,22.0,1.0,3.0,2.0,34.0,4.0,25.0,21.0,645.8181,2.0,3.0,5.0,,,,,,2.0,14.0,,,2.0,69383.0,,,,,,,7.0,10.0,,4.0,3.0,5.0,,2.0,6.0,,,3.0,8.0,1.0,1.0,9.0,10.0,12.0,2.0,4.0,1.0,14.0,,,2.0,3.0,,,
4,253001,145,2,2,1,4,21,236251,143451,0,3.0,1.0,0.0,0.0,1.0,2.0,3.0,0.0,6560,14410,14410,3,253001,13,,236251,1520,11,,,143451,1540,20,1,21,21,6560,14410,14410,2,253001,3,1,2,2,60,1.0,2.0,1.0,2.0,1.0,0.0,61.0,1.0,2.0,143451.0,13757,2.0,,1.0,5.0,5.0,5.0,5.0,1.0,3.0,1.0,1.0,1.0,23.35362,1.0,5.0,,1,253001,12032015,1,1,1,4.0,1,4,3.0,3.0,1988.0,9.0,1.0,1.0,2.0,2.0,3.0,2006.0,9.0,1.0,1.0,2.0,1.0,3.0,2003.0,4.0,1.0,1.0,2.0,1.0,1.0,1998.0,9.0,1.0,1.0,2.0,2,3.0,4.0,2.0,1976.0,1.0,2.0,3.0,4.0,2.0,1980.0,1.0,2.0,,,,,,,,,,,,,2,0.0,1,30.06249,2.0,,,5.0,253001.0,1.0,1.0,1.0,1.0,1.0,1.0,1.0,6.0,1.0,1.0,1.0,1.0,2.0,1.0,1.0,1.0,1.0,9.0,1.0,1.0,2.0,2.0,1.0,1.0,1.0,39.0,7.0,3.0,3.0,7.0,34.0,15.0,17.0,12.0,50.10034,2.0,1.0,4.0,,,,,,2.0,2.0,11.0,,2.0,69383.0,,,,12.0,,,7.0,8.0,10.0,3.0,2.0,3.0,,2.0,9.0,13.0,,1.0,2.0,1.0,1.0,1.0,2.0,8.0,4.0,5.0,1.0,6.0,2.0,21.0,2.0,1.0,2.0,,
4,239752,55,4,2,1,10,32,122251,239251,10,,,,,,,,,8190,12285,12285,3,239752,24,,123004,1700,1,,,239752,1750,50,1,32,32,8190,12285,12285,2,239752,4,1,2,3,16,1.0,1.0,2.0,0.0,5.0,0.0,85.0,1.0,2.0,123004.0,8710,,,,,1.0,5.0,5.0,5.0,4.0,1.0,1.0,,58.41907,1.0,5.0,,1,239752,12122014,4,2,1,3.0,1,2,1.0,1.0,2003.0,7.0,1.0,3.0,2.0,4.0,3.0,1995.0,1.0,1.0,3.0,2.0,,,,,,,,,,,,,,,0,,,,,,,,,,,,,,,,,,,,,,,,,0,,2,59.8188,4.0,7.0,,5.0,239752.0,1.0,2.0,1.0,1.0,1.0,1.0,1.0,7.0,1.0,2.0,1.0,2.0,1.0,1.0,2.0,1.0,1.0,6.0,1.0,2.0,1.0,1.0,1.0,2.0,1.0,3.0,1.0,6.0,34.0,28.0,3.0,18.0,29.0,22.0,208.6543,2.0,3.0,4.0,,,,,,2.0,11.0,,,3.0,69383.0,,,,,,,1.0,9.0,,5.0,3.0,5.0,,2.0,6.0,13.0,,1.0,,3.0,1.0,6.0,12.0,,,,4.0,8.0,,,2.0,3.0,,,
4,235751,122,1,2,1,0,21,230756,235751,0,1.0,1.0,0.0,0.0,2.0,2.0,0.0,0.0,6980,9650,9650,3,235751,11,,230756,1200,1,,,235751,1210,10,1,21,21,6980,9650,9650,2,235751,3,1,1,1,36,1.0,2.0,1.0,5.0,1.0,0.0,23.0,4.0,2.0,230756.0,6983,1.0,3.0,,1.0,2.0,5.0,5.0,1.0,3.0,5.0,1.0,1.0,111.4169,,5.0,,1,235751,19032015,1,1,1,4.0,1,2,1.0,3.0,1996.0,6.0,3.0,2.0,2.0,1.0,3.0,2009.0,9.0,1.0,2.0,2.0,,,,,,,,,,,,,,,0,,,,,,,,,,,,,,,,,,,,,,,,,2,0.0,1,82.29981,3.0,4.0,1.0,5.0,235751.0,2.0,2.0,3.0,3.0,1.0,3.0,2.0,5.0,2.0,2.0,2.0,2.0,3.0,2.0,2.0,2.0,1.0,9.0,1.0,2.0,2.0,1.0,1.0,1.0,1.0,1.0,13.0,24.0,1.0,2.0,3.0,17.0,4.0,25.0,204.6077,3.0,1.0,5.0,,,,,,2.0,5.0,,,4.0,69259.0,16.0,,,,,,10.0,,,1.0,2.0,5.0,,1.0,2.0,,,1.0,4.0,1.0,1.0,1.0,8.0,12.0,5.0,6.0,1.0,8.0,1.0,21.0,2.0,2.0,,6.0,
4,236006,137,2,1,3,0,32,125251,145251,0,,,,,,,,,3280,4920,4920,3,236006,1,,236006,800,25,,,145651,900,60,3,32,21,15190,22695,22695,2,236006,1,1,2,2,24,1.0,1.0,1.0,0.0,4.0,0.0,88.0,3.0,2.0,145651.0,10688,2.0,,1.0,5.0,1.0,5.0,5.0,1.0,2.0,1.0,1.0,,124.3989,1.0,5.0,,1,236006,24032015,4,3,2,,1,2,1.0,3.0,2013.0,10.0,4.0,3.0,2.0,1.0,1.0,2012.0,6.0,1.0,3.0,2.0,,,,,,,,,,,,,,,0,,,,,,,,,,,,,,,,,,,,,,,,,0,,2,117.4786,10.0,,,5.0,236006.0,2.0,2.0,2.0,3.0,2.0,1.0,1.0,6.0,2.0,2.0,3.0,3.0,3.0,1.0,2.0,1.0,2.0,8.0,1.0,2.0,2.0,3.0,1.0,2.0,2.0,36.0,1.0,5.0,16.0,1.0,3.0,38.0,34.0,32.0,195.3983,3.0,1.0,5.0,,,,,,2.0,14.0,,,4.0,69383.0,,,,,,,6.0,10.0,,1.0,1.0,3.0,,1.0,3.0,,,1.0,2.0,2.0,1.0,13.0,,,7.0,,1.0,7.0,,,2.0,1.0,2.0,,
4,131002,79,2,1,1,1,21,131002,117002,2,2.0,1.0,0.0,0.0,2.0,2.0,0.0,0.0,2920,3680,3680,3,131002,1,,131002,740,13,,,117002,805,25,1,21,21,2920,3680,3680,2,131002,1,1,1,1,74,2.0,2.0,1.0,2.0,2.0,0.0,61.0,3.0,2.0,242451.0,7638,1.0,2.0,,2.0,1.0,5.0,5.0,3.0,4.0,1.0,1.0,1.0,58.64711,1.0,5.0,,1,131002,6012015,4,3,1,3.0,2,2,1.0,2.0,1992.0,9.0,1.0,1.0,3.0,1.0,3.0,2014.0,7.0,3.0,2.0,2.0,,,,,,,,,,,,,,,0,,,,,,,,,,,,,,,,,,,,,,,,,0,,2,72.01975,1.0,6.0,2.0,5.0,131002.0,1.0,1.0,1.0,1.0,1.0,1.0,1.0,6.0,1.0,1.0,1.0,2.0,3.0,1.0,1.0,1.0,1.0,9.0,1.0,1.0,2.0,2.0,1.0,1.0,1.0,22.0,3.0,7.0,13.0,3.0,1.0,18.0,4.0,7.0,112.1145,1.0,3.0,5.0,,,,,,2.0,2.0,,,5.0,69383.0,,,,,,,2.0,3.0,9.0,3.0,1.0,3.0,,1.0,2.0,3.0,7.0,1.0,2.0,5.0,1.0,1.0,2.0,10.0,4.0,5.0,12.0,13.0,5.0,,2.0,2.0,,4.0,6.0
4,221004,125,2,1,1,0,21,221004,233451,0,2.0,1.0,0.0,0.0,1.0,2.0,0.0,0.0,15320,25420,25420,3,221004,1,,221004,715,11,,,233451,800,45,1,21,21,15320,25420,25420,2,221004,5,1,2,2,40,2.0,1.0,1.0,5.0,1.0,0.0,22.0,4.0,2.0,233451.0,15315,1.0,2.0,,5.0,5.0,5.0,5.0,1.0,4.0,5.0,1.0,1.0,63.27459,,5.0,,1,221004,28022015,2,1,1,1.0,1,2,1.0,3.0,2010.0,12.0,3.0,1.0,2.0,3.0,3.0,2010.0,6.0,3.0,1.0,2.0,,,,,,,,,,,,,,,0,,,,,,,,,,,,,,,,,,,,,,,,,0,,1,73.84892,9.0,,,5.0,221004.0,1.0,2.0,2.0,2.0,1.0,2.0,1.0,5.0,1.0,2.0,2.0,2.0,2.0,2.0,1.0,1.0,1.0,8.0,1.0,2.0,1.0,1.0,2.0,2.0,1.0,7.0,5.0,16.0,25.0,31.0,37.0,25.0,,,117.7902,2.0,1.0,4.0,,,,,,2.0,2.0,4.0,,6.0,69389.0,6.0,15.0,,3.0,,,10.0,,,3.0,1.0,2.0,,1.0,7.0,,,2.0,,3.0,1.0,13.0,,,2.0,,14.0,,5.0,,2.0,2.0,,2.0,
4,223005,93,3,2,1,2,15,129002,223005,0,1.0,1.0,0.0,0.0,1.0,2.0,0.0,,12250,20940,20940,3,223005,25,,129002,1530,1,,,223005,1600,30,1,15,15,12250,20940,20940,2,223005,5,1,1,3,28,1.0,1.0,1.0,0.0,4.0,0.0,88.0,4.0,2.0,129002.0,12251,1.0,1.0,,5.0,5.0,5.0,1.0,3.0,4.0,5.0,1.0,,475.2192,,4.0,,1,223005,14032015,2,3,1,4.0,1,3,1.0,1.0,2015.0,6.0,2.0,2.0,2.0,1.0,3.0,2011.0,4.0,2.0,2.0,2.0,1.0,3.0,2011.0,6.0,2.0,2.0,2.0,,,,,,,,2,2.0,3.0,1.0,2013.0,1.0,2.0,2.0,3.0,1.0,2012.0,1.0,2.0,,,,,,,,,,,,,1,0.0,1,237.2913,2.0,9.0,2.0,5.0,223005.0,1.0,1.0,1.0,1.0,1.0,2.0,1.0,3.0,1.0,1.0,1.0,1.0,1.0,1.0,1.0,1.0,2.0,5.0,1.0,1.0,2.0,1.0,1.0,1.0,2.0,3.0,6.0,21.0,23.0,34.0,10.0,17.0,4.0,2.0,935.627,2.0,2.0,4.0,,,,,,2.0,1.0,,,3.0,69383.0,9.0,,,10.0,,,7.0,8.0,,5.0,3.0,5.0,,1.0,3.0,,,6.0,,1.0,1.0,1.0,,,4.0,,3.0,4.0,,,2.0,2.0,,2.0,
4,117003,87,2,1,1,7,31,116002,141003,4,,,,,,,,,2530,3795,3795,3,117003,1,,117003,830,29,,,136003,852,22,1,31,31,2530,3795,3795,2,117003,2,1,2,2,27,1.0,1.0,1.0,0.0,4.0,0.0,88.0,1.0,2.0,401451.0,27379,4.0,,3.0,5.0,1.0,5.0,5.0,4.0,3.0,1.0,1.0,,81.55063,3.0,1.0,,1,117003,10122014,4,3,2,,2,3,1.0,3.0,1994.0,5.0,1.0,2.0,4.0,1.0,3.0,2008.0,5.0,2.0,2.0,2.0,1.0,1.0,1995.0,8.0,1.0,2.0,2.0,,,,,,,,0,,,,,,,,,,,,,,,,,,,,,,,,,0,,1,77.6637,6.0,9.0,2.0,5.0,117003.0,1.0,1.0,1.0,1.0,1.0,1.0,1.0,2.0,1.0,1.0,2.0,1.0,2.0,1.0,1.0,1.0,1.0,1.0,1.0,1.0,2.0,2.0,1.0,1.0,1.0,3.0,24.0,25.0,3.0,37.0,4.0,25.0,4.0,17.0,164.5291,3.0,2.0,5.0,,,,,,2.0,1.0,,,5.0,69383.0,,,,,,,7.0,,,5.0,3.0,3.0,,1.0,11.0,,,2.0,4.0,1.0,1.0,10.0,12.0,,2.0,4.0,12.0,,,,2.0,3.0,,,
4,117003,87,2,2,1,4,31,141003,125006,8,,,,,,,,,1870,2805,2805,3,117003,29,,136003,1730,33,,,125001,1755,25,1,31,31,1870,2805,2805,2,117003,2,1,2,2,27,1.0,1.0,1.0,0.0,4.0,0.0,88.0,1.0,2.0,401451.0,27379,4.0,,3.0,5.0,1.0,5.0,5.0,4.0,3.0,1.0,1.0,,81.55063,3.0,1.0,,1,117003,10122014,4,3,2,,2,3,1.0,3.0,1994.0,5.0,1.0,2.0,4.0,1.0,3.0,2008.0,5.0,2.0,2.0,2.0,1.0,1.0,1995.0,8.0,1.0,2.0,2.0,,,,,,,,0,,,,,,,,,,,,,,,,,,,,,,,,,0,,1,77.6637,6.0,9.0,2.0,5.0,117003.0,1.0,1.0,1.0,1.0,1.0,1.0,1.0,2.0,1.0,1.0,2.0,1.0,2.0,1.0,1.0,1.0,1.0,1.0,1.0,1.0,2.0,2.0,1.0,1.0,1.0,3.0,24.0,25.0,3.0,37.0,4.0,25.0,4.0,17.0,164.5291,3.0,2.0,5.0,,,,,,2.0,1.0,,,5.0,69383.0,,,,,,,7.0,,,5.0,3.0,3.0,,1.0,11.0,,,2.0,4.0,1.0,1.0,10.0,12.0,,2.0,4.0,12.0,,,,2.0,3.0,,,
4,132003,28,2,3,1,0,22,132003,124005,0,,,,,,,,,2420,3810,3810,3,132003,1,,132003,1900,54,,,124005,1920,20,1,22,22,2420,3810,3810,2,132003,3,1,2,4,21,1.0,1.0,1.0,0.0,4.0,1.0,87.0,3.0,2.0,201651.0,5589,3.0,,3.0,1.0,2.0,5.0,5.0,4.0,3.0,1.0,1.0,,54.48386,1.0,5.0,,1,132003,13112014,4,3,2,,1,1,1.0,3.0,1999.0,4.0,1.0,2.0,2.0,,,,,,,,,,,,,,,,,,,,,,0,,,,,,,,,,,,,,,,,,,,,,,,,0,,2,53.46216,5.0,6.0,2.0,5.0,132003.0,2.0,1.0,1.0,2.0,1.0,3.0,3.0,3.0,2.0,1.0,1.0,1.0,2.0,1.0,1.0,2.0,1.0,2.0,1.0,1.0,2.0,2.0,1.0,1.0,2.0,6.0,24.0,28.0,10.0,34.0,38.0,4.0,8.0,16.0,126.9158,2.0,3.0,3.0,2.0,,4.0,3.0,,,,,,4.0,69383.0,,,,,,,1.0,2.0,7.0,5.0,2.0,3.0,,1.0,2.0,13.0,,1.0,4.0,1.0,1.0,1.0,5.0,9.0,3.0,4.0,1.0,2.0,,,2.0,1.0,2.0,,
4,131001,22,4,2,1,1,82,513009,905104,0,,,,,,,,,166680,245310,101050,3,131001,11,,513009,730,13,,,905104,915,105,1,82,82,166680,245310,101050,2,131001,1,1,1,3,18,2.0,1.0,1.0,0.0,3.0,0.0,89.0,2.0,2.0,513009.0,16868,1.0,2.0,,1.0,1.0,2.0,5.0,2.0,2.0,1.0,1.0,,76.32492,1.0,2.0,,1,131001,4112014,4,1,1,4.0,1,2,3.0,3.0,2011.0,8.0,1.0,2.0,2.0,1.0,2.0,2001.0,5.0,1.0,2.0,2.0,,,,,,,,,,,,,,,0,,,,,,,,,,,,,,,,,,,,,,,,,0,,2,65.97215,3.0,5.0,2.0,5.0,131001.0,1.0,1.0,1.0,1.0,1.0,1.0,1.0,6.0,1.0,2.0,1.0,1.0,2.0,1.0,1.0,1.0,1.0,1.0,3.0,1.0,2.0,2.0,1.0,1.0,2.0,1.0,24.0,7.0,1.0,4.0,28.0,29.0,21.0,3.0,283.8148,2.0,2.0,5.0,,,,,,2.0,1.0,12.0,13.0,4.0,69383.0,,,,,,,,,,5.0,1.0,3.0,,1.0,1.0,3.0,9.0,1.0,3.0,1.0,1.0,1.0,2.0,10.0,,,1.0,2.0,,,2.0,3.0,,,
4,253001,145,2,1,1,0,21,253001,236251,4,3.0,1.0,0.0,0.0,2.0,1.0,5.0,0.0,7390,16390,16390,3,253001,1,,253001,1330,13,,,236251,1400,30,1,21,21,7390,16390,16390,2,253001,3,1,2,2,60,1.0,2.0,1.0,2.0,1.0,0.0,61.0,1.0,2.0,143451.0,13757,2.0,,1.0,5.0,5.0,5.0,5.0,1.0,3.0,1.0,1.0,1.0,23.35362,1.0,5.0,,1,253001,12032015,1,1,1,4.0,1,4,3.0,3.0,1988.0,9.0,1.0,1.0,2.0,2.0,3.0,2006.0,9.0,1.0,1.0,2.0,1.0,3.0,2003.0,4.0,1.0,1.0,2.0,1.0,1.0,1998.0,9.0,1.0,1.0,2.0,2,3.0,4.0,2.0,1976.0,1.0,2.0,3.0,4.0,2.0,1980.0,1.0,2.0,,,,,,,,,,,,,2,0.0,1,30.06249,2.0,,,5.0,253001.0,1.0,1.0,1.0,1.0,1.0,1.0,1.0,6.0,1.0,1.0,1.0,1.0,2.0,1.0,1.0,1.0,1.0,9.0,1.0,1.0,2.0,2.0,1.0,1.0,1.0,39.0,7.0,3.0,3.0,7.0,34.0,15.0,17.0,12.0,50.10034,2.0,1.0,4.0,,,,,,2.0,2.0,11.0,,2.0,69383.0,,,,12.0,,,7.0,8.0,10.0,3.0,2.0,3.0,,2.0,9.0,13.0,,1.0,2.0,1.0,1.0,1.0,2.0,8.0,4.0,5.0,1.0,6.0,2.0,21.0,2.0,1.0,2.0,,
4,131002,79,2,6,1,3,21,117002,131002,1,2.0,1.0,0.0,0.0,2.0,2.0,2.0,0.0,2920,3850,3850,3,131002,63,1.0,117002,1700,1,,,131002,1725,25,1,21,21,2920,3850,3850,2,131002,1,1,1,1,74,2.0,2.0,1.0,2.0,2.0,0.0,61.0,3.0,2.0,242451.0,7638,1.0,2.0,,2.0,1.0,5.0,5.0,3.0,4.0,1.0,1.0,1.0,58.64711,1.0,5.0,,1,131002,6012015,4,3,1,3.0,2,2,1.0,2.0,1992.0,9.0,1.0,1.0,3.0,1.0,3.0,2014.0,7.0,3.0,2.0,2.0,,,,,,,,,,,,,,,0,,,,,,,,,,,,,,,,,,,,,,,,,0,,2,72.01975,1.0,6.0,2.0,5.0,131002.0,1.0,1.0,1.0,1.0,1.0,1.0,1.0,6.0,1.0,1.0,1.0,2.0,3.0,1.0,1.0,1.0,1.0,9.0,1.0,1.0,2.0,2.0,1.0,1.0,1.0,22.0,3.0,7.0,13.0,3.0,1.0,18.0,4.0,7.0,112.1145,1.0,3.0,5.0,,,,,,2.0,2.0,,,5.0,69383.0,,,,,,,2.0,3.0,9.0,3.0,1.0,3.0,,1.0,2.0,3.0,7.0,1.0,2.0,5.0,1.0,1.0,2.0,10.0,4.0,5.0,12.0,13.0,5.0,,2.0,2.0,,4.0,6.0
4,236003,26,4,2,2,3,32,124004,236251,2,,,,,,,,,10220,15330,15330,3,236003,25,,122851,1700,1,,,236003,1800,60,3,32,32,13320,19980,19980,2,236003,5,1,2,3,18,2.0,1.0,2.0,0.0,4.0,0.0,88.0,3.0,2.0,122851.0,11230,4.0,,1.0,5.0,1.0,5.0,5.0,5.0,3.0,1.0,1.0,,71.41238,1.0,4.0,,1,236003,8112014,3,2,1,4.0,1,2,1.0,1.0,1997.0,4.0,1.0,3.0,2.0,1.0,1.0,1997.0,7.0,1.0,1.0,2.0,,,,,,,,,,,,,,,0,,,,,,,,,,,,,,,,,,,,,,,,,6,0.0,1,67.43969,5.0,8.0,,5.0,236003.0,1.0,1.0,1.0,1.0,2.0,2.0,1.0,7.0,2.0,2.0,1.0,1.0,2.0,1.0,2.0,2.0,2.0,6.0,1.0,1.0,2.0,2.0,1.0,2.0,2.0,3.0,24.0,22.0,38.0,37.0,22.0,4.0,17.0,,336.5107,2.0,2.0,5.0,,,,,,2.0,13.0,,,2.0,69383.0,,,,,,,4.0,5.0,,5.0,2.0,3.0,,2.0,2.0,,,1.0,,4.0,1.0,1.0,9.0,10.0,5.0,,1.0,,,,2.0,3.0,,,
4,117003,87,2,4,1,3,31,125006,116001,12,,,,,,,,,970,1455,1455,3,117003,33,,125006,1825,1,,,117003,1845,20,1,31,31,970,1455,1455,2,117003,2,1,2,2,27,1.0,1.0,1.0,0.0,4.0,0.0,88.0,1.0,2.0,401451.0,27379,4.0,,3.0,5.0,1.0,5.0,5.0,4.0,3.0,1.0,1.0,,81.55063,3.0,1.0,,1,117003,10122014,4,3,2,,2,3,1.0,3.0,1994.0,5.0,1.0,2.0,4.0,1.0,3.0,2008.0,5.0,2.0,2.0,2.0,1.0,1.0,1995.0,8.0,1.0,2.0,2.0,,,,,,,,0,,,,,,,,,,,,,,,,,,,,,,,,,0,,1,77.6637,6.0,9.0,2.0,5.0,117003.0,1.0,1.0,1.0,1.0,1.0,1.0,1.0,2.0,1.0,1.0,2.0,1.0,2.0,1.0,1.0,1.0,1.0,1.0,1.0,1.0,2.0,2.0,1.0,1.0,1.0,3.0,24.0,25.0,3.0,37.0,4.0,25.0,4.0,17.0,164.5291,3.0,2.0,5.0,,,,,,2.0,1.0,,,5.0,69383.0,,,,,,,7.0,,,5.0,3.0,3.0,,1.0,11.0,,,2.0,4.0,1.0,1.0,10.0,12.0,,2.0,4.0,12.0,,,,2.0,3.0,,,
4,240003,144,2,6,2,2,21,213002,240003,0,1.0,1.0,0.0,0.0,1.0,2.0,0.0,0.0,10970,19940,19940,3,240003,11,,102004,2000,1,,,240003,2025,25,2,31,21,13710,24050,24050,2,240003,3,1,2,2,42,2.0,1.0,1.0,4.0,1.0,0.0,21.0,1.0,2.0,102004.0,11149,2.0,,1.0,1.0,1.0,5.0,5.0,1.0,4.0,1.0,1.0,1.0,64.99943,1.0,5.0,,1,240003,5032015,3,1,1,4.0,1,2,1.0,1.0,1998.0,4.0,1.0,1.0,2.0,3.0,1.0,2009.0,8.0,2.0,2.0,2.0,,,,,,,,,,,,,,,0,,,,,,,,,,,,,,,,,,,,,,,,,5,0.0,1,55.12072,5.0,10.0,2.0,5.0,240003.0,2.0,1.0,1.0,1.0,1.0,2.0,2.0,2.0,2.0,2.0,1.0,1.0,1.0,1.0,1.0,1.0,2.0,6.0,2.0,1.0,1.0,2.0,1.0,1.0,1.0,7.0,6.0,5.0,13.0,27.0,38.0,4.0,11.0,15.0,321.454,2.0,1.0,5.0,,,,,,2.0,1.0,2.0,,4.0,69290.0,,,,,,,2.0,3.0,7.0,4.0,2.0,3.0,,1.0,4.0,12.0,13.0,1.0,6.0,3.0,1.0,4.0,10.0,11.0,3.0,4.0,13.0,14.0,2.0,31.0,2.0,1.0,2.0,,
4,223005,93,3,1,1,0,15,223005,129002,2,1.0,1.0,0.0,0.0,3.0,2.0,0.0,,12250,21290,21290,3,223005,1,,223005,830,25,,,129002,850,20,1,15,15,12250,21290,21290,2,223005,5,1,1,3,28,1.0,1.0,1.0,0.0,4.0,0.0,88.0,4.0,2.0,129002.0,12251,1.0,1.0,,5.0,5.0,5.0,1.0,3.0,4.0,5.0,1.0,,475.2192,,4.0,,1,223005,14032015,2,3,1,4.0,1,3,1.0,1.0,2015.0,6.0,2.0,2.0,2.0,1.0,3.0,2011.0,4.0,2.0,2.0,2.0,1.0,3.0,2011.0,6.0,2.0,2.0,2.0,,,,,,,,2,2.0,3.0,1.0,2013.0,1.0,2.0,2.0,3.0,1.0,2012.0,1.0,2.0,,,,,,,,,,,,,1,0.0,1,237.2913,2.0,9.0,2.0,5.0,223005.0,1.0,1.0,1.0,1.0,1.0,2.0,1.0,3.0,1.0,1.0,1.0,1.0,1.0,1.0,1.0,1.0,2.0,5.0,1.0,1.0,2.0,1.0,1.0,1.0,2.0,3.0,6.0,21.0,23.0,34.0,10.0,17.0,4.0,2.0,935.627,2.0,2.0,4.0,,,,,,2.0,1.0,,,3.0,69383.0,9.0,,,10.0,,,7.0,8.0,,5.0,3.0,5.0,,1.0,3.0,,,6.0,,1.0,1.0,1.0,,,4.0,,3.0,4.0,,,2.0,2.0,,2.0,
4,131001,22,4,5,1,0,82,905104,513009,1,,,,,,,,,166680,233220,89180,3,131001,13,,905104,1530,11,,,513009,1715,105,1,82,82,166680,233220,89180,2,131001,1,1,1,3,18,2.0,1.0,1.0,0.0,3.0,0.0,89.0,2.0,2.0,513009.0,16868,1.0,2.0,,1.0,1.0,2.0,5.0,2.0,2.0,1.0,1.0,,76.32492,1.0,2.0,,1,131001,4112014,4,1,1,4.0,1,2,3.0,3.0,2011.0,8.0,1.0,2.0,2.0,1.0,2.0,2001.0,5.0,1.0,2.0,2.0,,,,,,,,,,,,,,,0,,,,,,,,,,,,,,,,,,,,,,,,,0,,2,65.97215,3.0,5.0,2.0,5.0,131001.0,1.0,1.0,1.0,1.0,1.0,1.0,1.0,6.0,1.0,2.0,1.0,1.0,2.0,1.0,1.0,1.0,1.0,1.0,3.0,1.0,2.0,2.0,1.0,1.0,2.0,1.0,24.0,7.0,1.0,4.0,28.0,29.0,21.0,3.0,283.8148,2.0,2.0,5.0,,,,,,2.0,1.0,12.0,13.0,4.0,69383.0,,,,,,,,,,5.0,1.0,3.0,,1.0,1.0,3.0,9.0,1.0,3.0,1.0,1.0,1.0,2.0,10.0,,,1.0,2.0,,,2.0,3.0,,,
4,131001,22,4,4,1,1,82,905104,905104,0,,,,,,,,,1039,1870,0,3,131001,53,,905104,1315,13,,,905104,1330,15,1,82,82,1039,1870,0,2,131001,1,1,1,3,18,2.0,1.0,1.0,0.0,3.0,0.0,89.0,2.0,2.0,513009.0,16868,1.0,2.0,,1.0,1.0,2.0,5.0,2.0,2.0,1.0,1.0,,76.32492,1.0,2.0,,1,131001,4112014,4,1,1,4.0,1,2,3.0,3.0,2011.0,8.0,1.0,2.0,2.0,1.0,2.0,2001.0,5.0,1.0,2.0,2.0,,,,,,,,,,,,,,,0,,,,,,,,,,,,,,,,,,,,,,,,,0,,2,65.97215,3.0,5.0,2.0,5.0,131001.0,1.0,1.0,1.0,1.0,1.0,1.0,1.0,6.0,1.0,2.0,1.0,1.0,2.0,1.0,1.0,1.0,1.0,1.0,3.0,1.0,2.0,2.0,1.0,1.0,2.0,1.0,24.0,7.0,1.0,4.0,28.0,29.0,21.0,3.0,283.8148,2.0,2.0,5.0,,,,,,2.0,1.0,12.0,13.0,4.0,69383.0,,,,,,,,,,5.0,1.0,3.0,,1.0,1.0,3.0,9.0,1.0,3.0,1.0,1.0,1.0,2.0,10.0,,,1.0,2.0,,,2.0,3.0,,,
4,236006,137,2,1,1,0,21,236006,236251,0,2.0,1.0,0.0,0.0,3.0,2.0,0.0,0.0,1220,1740,1740,3,236006,1,,236006,800,25,,,145651,900,60,3,32,21,15190,22695,22695,2,236006,1,1,2,2,24,1.0,1.0,1.0,0.0,4.0,0.0,88.0,3.0,2.0,145651.0,10688,2.0,,1.0,5.0,1.0,5.0,5.0,1.0,2.0,1.0,1.0,,124.3989,1.0,5.0,,1,236006,24032015,4,3,2,,1,2,1.0,3.0,2013.0,10.0,4.0,3.0,2.0,1.0,1.0,2012.0,6.0,1.0,3.0,2.0,,,,,,,,,,,,,,,0,,,,,,,,,,,,,,,,,,,,,,,,,0,,2,117.4786,10.0,,,5.0,236006.0,2.0,2.0,2.0,3.0,2.0,1.0,1.0,6.0,2.0,2.0,3.0,3.0,3.0,1.0,2.0,1.0,2.0,8.0,1.0,2.0,2.0,3.0,1.0,2.0,2.0,36.0,1.0,5.0,16.0,1.0,3.0,38.0,34.0,32.0,195.3983,3.0,1.0,5.0,,,,,,2.0,14.0,,,4.0,69383.0,,,,,,,6.0,10.0,,1.0,1.0,3.0,,1.0,3.0,,,1.0,2.0,2.0,1.0,13.0,,,7.0,,1.0,7.0,,,2.0,1.0,2.0,,
4,228004,22,2,1,1,0,21,228004,228004,3,1.0,2.0,0.0,1.0,3.0,2.0,0.0,0.0,384,691,691,3,228004,1,,228004,830,61,22.0,,228004,835,5,1,21,21,384,691,691,2,228004,3,1,2,2,38,1.0,1.0,1.0,6.0,2.0,0.0,36.0,4.0,2.0,201001.0,10753,1.0,3.0,,1.0,1.0,5.0,5.0,1.0,2.0,4.0,1.0,6.0,162.5113,,5.0,,1,228004,11122014,4,2,1,4.0,1,2,1.0,4.0,2013.0,6.0,1.0,1.0,2.0,3.0,4.0,1998.0,6.0,2.0,3.0,2.0,,,,,,,,,,,,,,,0,,,,,,,,,,,,,,,,,,,,,,,,,2,0.0,1,149.0375,4.0,10.0,,5.0,228004.0,1.0,1.0,1.0,1.0,1.0,2.0,1.0,5.0,1.0,2.0,1.0,1.0,2.0,1.0,1.0,1.0,1.0,6.0,2.0,1.0,2.0,2.0,1.0,1.0,1.0,24.0,31.0,30.0,38.0,31.0,13.0,15.0,1.0,17.0,292.0612,2.0,3.0,5.0,,,,,,2.0,14.0,,,3.0,69292.0,9.0,18.0,,,,,7.0,8.0,,1.0,2.0,5.0,,1.0,13.0,,,1.0,8.0,1.0,1.0,8.0,,,4.0,,1.0,14.0,4.0,,2.0,2.0,,2.0,6.0
4,236001,115,2,3,1,0,11,236001,707008,0,0.0,1.0,0.0,0.0,2.0,2.0,0.0,,6960,11860,11860,3,236001,1,,236001,1230,51,,,707008,1255,25,1,11,11,6960,11860,11860,2,236001,2,1,1,1,54,1.0,2.0,1.0,2.0,1.0,0.0,55.0,2.0,2.0,116001.0,12149,2.0,,3.0,5.0,1.0,1.0,5.0,1.0,5.0,1.0,1.0,1.0,137.0992,1.0,5.0,,1,236001,18032015,2,1,1,4.0,1,2,1.0,3.0,2008.0,6.0,1.0,2.0,2.0,1.0,1.0,2004.0,6.0,1.0,1.0,2.0,,,,,,,,,,,,,,,0,,,,,,,,,,,,,,,,,,,,,,,,,1,0.0,1,117.4786,8.0,,2.0,5.0,236001.0,1.0,2.0,3.0,3.0,1.0,3.0,3.0,5.0,2.0,2.0,2.0,2.0,2.0,1.0,2.0,1.0,1.0,8.0,1.0,1.0,2.0,2.0,1.0,1.0,1.0,21.0,32.0,2.0,4.0,3.0,9.0,17.0,18.0,4.0,267.9805,1.0,1.0,5.0,,,,,,2.0,5.0,,,3.0,69389.0,,,,,,,,,,1.0,2.0,3.0,,2.0,6.0,,,1.0,,4.0,1.0,13.0,,,4.0,5.0,1.0,8.0,2.0,21.0,2.0,1.0,2.0,,
4,225008,24,3,5,1,1,22,225008,225001,1,,,,,,,,,1690,2730,2730,3,225008,1,,225008,1930,42,,,225001,1935,5,1,22,22,1690,2730,2730,2,225008,1,1,1,3,17,1.0,2.0,3.0,0.0,3.0,0.0,89.0,3.0,2.0,220451.0,9333,,,,,1.0,5.0,2.0,1.0,1.0,1.0,1.0,,67.43763,1.0,4.0,,1,225008,25112014,1,1,1,4.0,1,2,1.0,1.0,1994.0,5.0,1.0,1.0,2.0,1.0,3.0,2006.0,7.0,1.0,1.0,2.0,,,,,,,,,,,,,,,1,3.0,2.0,1.0,1994.0,1.0,2.0,,,,,,,,,,,,,,,,,,,0,,1,66.82075,4.0,9.0,,5.0,225008.0,2.0,1.0,1.0,2.0,1.0,1.0,2.0,5.0,2.0,2.0,1.0,1.0,1.0,1.0,1.0,2.0,2.0,7.0,2.0,1.0,2.0,2.0,2.0,1.0,1.0,24.0,16.0,36.0,36.0,3.0,34.0,4.0,17.0,8.0,249.5641,2.0,1.0,1.0,2.0,4.0,4.0,3.0,4.0,,,,,2.0,69292.0,,,,,,,10.0,,,5.0,1.0,1.0,3.0,1.0,1.0,2.0,9.0,4.0,8.0,1.0,1.0,1.0,12.0,,,,5.0,12.0,,,2.0,3.0,,,
4,228004,22,2,2,1,3,21,228004,228004,0,1.0,1.0,0.0,0.0,1.0,2.0,0.0,0.0,384,691,691,3,228004,63,22.0,228004,845,1,,,228004,850,5,1,21,21,384,691,691,2,228004,3,1,2,2,38,1.0,1.0,1.0,6.0,2.0,0.0,36.0,4.0,2.0,201001.0,10753,1.0,3.0,,1.0,1.0,5.0,5.0,1.0,2.0,4.0,1.0,6.0,162.5113,,5.0,,1,228004,11122014,4,2,1,4.0,1,2,1.0,4.0,2013.0,6.0,1.0,1.0,2.0,3.0,4.0,1998.0,6.0,2.0,3.0,2.0,,,,,,,,,,,,,,,0,,,,,,,,,,,,,,,,,,,,,,,,,2,0.0,1,149.0375,4.0,10.0,,5.0,228004.0,1.0,1.0,1.0,1.0,1.0,2.0,1.0,5.0,1.0,2.0,1.0,1.0,2.0,1.0,1.0,1.0,1.0,6.0,2.0,1.0,2.0,2.0,1.0,1.0,1.0,24.0,31.0,30.0,38.0,31.0,13.0,15.0,1.0,17.0,292.0612,2.0,3.0,5.0,,,,,,2.0,14.0,,,3.0,69292.0,9.0,18.0,,,,,7.0,8.0,,1.0,2.0,5.0,,1.0,13.0,,,1.0,8.0,1.0,1.0,8.0,,,4.0,,1.0,14.0,4.0,,2.0,2.0,,2.0,6.0
4,403001,119,1,2,1,0,21,257003,403001,1,2.0,1.0,0.0,0.0,2.0,2.0,1.0,0.0,9730,15940,15940,3,403001,11,,257003,1630,1,,,403001,1655,25,1,21,21,9730,15940,15940,2,403001,5,1,1,1,30,1.0,2.0,1.0,1.0,1.0,0.0,61.0,4.0,2.0,257003.0,9726,1.0,3.0,,1.0,1.0,5.0,5.0,1.0,5.0,5.0,1.0,1.0,88.81258,,5.0,5.0,1,403001,28032015,4,2,1,4.0,1,2,1.0,3.0,2007.0,7.0,1.0,1.0,4.0,1.0,3.0,1997.0,6.0,1.0,1.0,4.0,,,,,,,,,,,,,,,0,,,,,,,,,,,,,,,,,,,,,,,,,1,0.0,2,84.41407,,,,5.0,403001.0,1.0,1.0,1.0,1.0,2.0,1.0,1.0,7.0,2.0,1.0,1.0,1.0,1.0,2.0,1.0,1.0,2.0,8.0,2.0,2.0,1.0,2.0,2.0,1.0,2.0,7.0,36.0,22.0,10.0,38.0,23.0,23.0,29.0,30.0,143.3685,2.0,,5.0,,,,,,2.0,14.0,,,2.0,38544.0,7.0,18.0,,,,,1.0,9.0,10.0,1.0,3.0,1.0,2.0,,,,,,,,,,,,,,1.0,2.0,5.0,,2.0,1.0,2.0,,
4,248003,118,2,3,1,0,21,218008,236451,0,7.0,1.0,0.0,0.0,1.0,2.0,0.0,0.0,19370,30700,30700,3,248003,13,,218008,1530,11,,,236451,1550,20,1,21,21,19370,30700,30700,2,248003,2,1,1,1,40,1.0,1.0,1.0,3.0,1.0,0.0,46.0,4.0,2.0,236451.0,25839,1.0,2.0,,1.0,4.0,5.0,5.0,1.0,5.0,5.0,1.0,1.0,60.38578,,5.0,,1,248003,4032015,2,1,1,4.0,1,2,1.0,3.0,2012.0,11.0,1.0,1.0,2.0,3.0,3.0,2013.0,5.0,3.0,1.0,2.0,,,,,,,,,,,,,,,1,3.0,4.0,2.0,1989.0,1.0,2.0,,,,,,,,,,,,,,,,,,,2,0.0,1,68.11563,3.0,8.0,,5.0,248003.0,1.0,1.0,1.0,1.0,1.0,1.0,3.0,4.0,2.0,2.0,3.0,3.0,1.0,1.0,1.0,2.0,3.0,6.0,2.0,1.0,2.0,1.0,1.0,1.0,1.0,6.0,18.0,1.0,32.0,9.0,4.0,4.0,2.0,25.0,127.3482,3.0,1.0,5.0,,,,,,2.0,14.0,,,3.0,69383.0,16.0,,,5.0,11.0,,2.0,6.0,,2.0,1.0,1.0,,1.0,2.0,8.0,,2.0,4.0,3.0,1.0,1.0,2.0,3.0,5.0,,2.0,12.0,5.0,,2.0,2.0,,2.0,9.0
4,229752,84,1,4,1,1,21,228003,229752,1,1.0,1.0,0.0,0.0,3.0,2.0,0.0,0.0,1280,2020,2020,3,229752,11,,228003,1720,1,,,229752,1730,10,1,21,21,1280,2020,2020,2,229752,5,1,1,1,25,1.0,1.0,3.0,5.0,1.0,0.0,47.0,4.0,2.0,228003.0,1280,1.0,3.0,,1.0,1.0,5.0,5.0,1.0,4.0,5.0,1.0,1.0,150.3105,,5.0,,1,229752,13122014,4,2,2,,1,1,4.0,3.0,2008.0,1.0,1.0,3.0,2.0,,,,,,,,,,,,,,,,,,,,,,0,,,,,,,,,,,,,,,,,,,,,,,,,0,,2,152.2979,4.0,,,5.0,229752.0,1.0,1.0,1.0,1.0,1.0,1.0,1.0,2.0,2.0,2.0,1.0,1.0,2.0,1.0,1.0,1.0,1.0,7.0,2.0,1.0,2.0,2.0,1.0,1.0,1.0,19.0,2.0,8.0,19.0,2.0,8.0,3.0,2.0,15.0,124.0355,1.0,2.0,2.0,2.0,,4.0,3.0,,,,,,4.0,69383.0,18.0,,,,,,7.0,10.0,,1.0,2.0,3.0,,1.0,3.0,13.0,,8.0,,3.0,1.0,1.0,10.0,,4.0,7.0,14.0,,5.0,,2.0,2.0,,10.0,
4,253001,145,2,3,1,0,21,143451,253001,0,3.0,1.0,0.0,0.0,1.0,2.0,0.0,0.0,13760,24520,24520,3,253001,11,,143451,2120,1,,,253001,2145,25,1,21,21,13760,24520,24520,2,253001,3,1,2,2,60,1.0,2.0,1.0,2.0,1.0,0.0,61.0,1.0,2.0,143451.0,13757,2.0,,1.0,5.0,5.0,5.0,5.0,1.0,3.0,1.0,1.0,1.0,23.35362,1.0,5.0,,1,253001,12032015,1,1,1,4.0,1,4,3.0,3.0,1988.0,9.0,1.0,1.0,2.0,2.0,3.0,2006.0,9.0,1.0,1.0,2.0,1.0,3.0,2003.0,4.0,1.0,1.0,2.0,1.0,1.0,1998.0,9.0,1.0,1.0,2.0,2,3.0,4.0,2.0,1976.0,1.0,2.0,3.0,4.0,2.0,1980.0,1.0,2.0,,,,,,,,,,,,,2,0.0,1,30.06249,2.0,,,5.0,253001.0,1.0,1.0,1.0,1.0,1.0,1.0,1.0,6.0,1.0,1.0,1.0,1.0,2.0,1.0,1.0,1.0,1.0,9.0,1.0,1.0,2.0,2.0,1.0,1.0,1.0,39.0,7.0,3.0,3.0,7.0,34.0,15.0,17.0,12.0,50.10034,2.0,1.0,4.0,,,,,,2.0,2.0,11.0,,2.0,69383.0,,,,12.0,,,7.0,8.0,10.0,3.0,2.0,3.0,,2.0,9.0,13.0,,1.0,2.0,1.0,1.0,1.0,2.0,8.0,4.0,5.0,1.0,6.0,2.0,21.0,2.0,1.0,2.0,,
4,117752,114,1,3,1,1,33,117003,127007,1,,,,,,,,,1010,1515,1515,3,117752,1,,117752,1715,13,,,127007,1720,5,1,33,33,1010,1515,1515,2,117752,3,1,2,2,32,2.0,1.0,1.0,0.0,4.0,1.0,88.0,3.0,2.0,201651.0,6653,4.0,,3.0,5.0,1.0,5.0,5.0,4.0,2.0,1.0,1.0,,81.55063,1.0,5.0,,1,117752,22012015,4,3,1,4.0,1,2,1.0,1.0,1996.0,4.0,1.0,2.0,4.0,3.0,3.0,2012.0,5.0,3.0,2.0,4.0,,,,,,,,,,,,,,,0,,,,,,,,,,,,,,,,,,,,,,,,,0,,2,77.6637,6.0,9.0,2.0,,,,,,,,,,,,,,,,,,,,,,,,,,,,,,,,,,,,,,,,,,,,,,,,,,,,,,,,,,,,,,,,,,,,,,,,,,,,,,,,,,,,,,
4,211001,106,1,2,1,0,22,246002,240753,1,,,,,,,,,8490,13150,13150,3,211001,11,,246002,1630,30,,,240753,1710,40,1,22,22,8490,13150,13150,2,211001,1,1,2,2,45,2.0,2.0,1.0,3.0,2.0,0.0,54.0,4.0,2.0,246002.0,2798,1.0,2.0,,2.0,2.0,5.0,5.0,1.0,2.0,4.0,1.0,1.0,67.41873,,5.0,,1,211001,20012015,3,3,2,,2,2,1.0,1.0,2001.0,4.0,1.0,2.0,2.0,1.0,3.0,1968.0,10.0,1.0,2.0,2.0,,,,,,,,,,,,,,,0,,,,,,,,,,,,,,,,,,,,,,,,,2,0.0,1,62.15166,4.0,,2.0,5.0,211001.0,1.0,1.0,1.0,1.0,1.0,1.0,1.0,5.0,1.0,1.0,2.0,1.0,2.0,1.0,1.0,1.0,1.0,9.0,1.0,1.0,2.0,2.0,2.0,1.0,1.0,13.0,6.0,24.0,10.0,22.0,,15.0,12.0,8.0,158.8195,2.0,1.0,2.0,2.0,,4.0,1.0,3.0,,,,,4.0,69383.0,10.0,15.0,,,,,7.0,8.0,,5.0,2.0,3.0,,1.0,1.0,,,1.0,4.0,5.0,1.0,13.0,,,7.0,,2.0,8.0,5.0,,2.0,2.0,,7.0,
4,108003,28,2,1,1,2,31,108003,110251,1,,,,,,,,,2010,3015,3015,3,108003,1,,108003,1200,53,,,103007,1245,45,2,33,33,5360,8040,8040,2,108003,1,2,2,3,20,1.0,1.0,1.0,0.0,4.0,1.0,87.0,3.0,2.0,928000.0,388413,,,,,,,,,,,1.0,,41.23802,1.0,,,1,108003,18112014,4,3,1,2.0,1,2,1.0,3.0,2000.0,9.0,1.0,3.0,2.0,1.0,2.0,2003.0,7.0,1.0,3.0,2.0,,,,,,,,,,,,,,,0,,,,,,,,,,,,,,,,,,,,,,,,,2,0.0,2,36.54285,1.0,,,,,,,,,,,,,,,,,,,,,,,,,,,,,,,,,,,,,,,,,,,,,,,,,,,,,,,,,,,,,,,,,,,,,,,,,,,,,,,,,,,,,,,,
4,236006,137,2,2,2,0,32,125251,236251,0,,,,,,,,,10690,16035,16035,3,236006,25,,145651,1700,1,,,236006,1800,60,3,32,21,15190,22695,22695,2,236006,1,1,2,2,24,1.0,1.0,1.0,0.0,4.0,0.0,88.0,3.0,2.0,145651.0,10688,2.0,,1.0,5.0,1.0,5.0,5.0,1.0,2.0,1.0,1.0,,124.3989,1.0,5.0,,1,236006,24032015,4,3,2,,1,2,1.0,3.0,2013.0,10.0,4.0,3.0,2.0,1.0,1.0,2012.0,6.0,1.0,3.0,2.0,,,,,,,,,,,,,,,0,,,,,,,,,,,,,,,,,,,,,,,,,0,,2,117.4786,10.0,,,5.0,236006.0,2.0,2.0,2.0,3.0,2.0,1.0,1.0,6.0,2.0,2.0,3.0,3.0,3.0,1.0,2.0,1.0,2.0,8.0,1.0,2.0,2.0,3.0,1.0,2.0,2.0,36.0,1.0,5.0,16.0,1.0,3.0,38.0,34.0,32.0,195.3983,3.0,1.0,5.0,,,,,,2.0,14.0,,,4.0,69383.0,,,,,,,6.0,10.0,,1.0,1.0,3.0,,1.0,3.0,,,1.0,2.0,2.0,1.0,13.0,,,7.0,,1.0,7.0,,,2.0,1.0,2.0,,
4,306002,18,2,4,1,0,21,306002,306002,0,2.0,2.0,0.0,1.0,1.0,2.0,0.0,0.0,802,1444,1444,3,306002,62,22.0,306002,1730,1,,,306002,1735,5,1,21,21,802,1444,1444,2,306002,2,1,2,2,42,1.0,1.0,1.0,5.0,1.0,0.0,54.0,4.0,2.0,613008.0,9640,1.0,2.0,,2.0,1.0,4.0,5.0,1.0,3.0,5.0,1.0,1.0,55.68563,,5.0,5.0,1,306002,15102014,1,1,1,3.0,1,2,1.0,5.0,2003.0,13.0,1.0,1.0,2.0,1.0,4.0,2009.0,5.0,1.0,1.0,2.0,,,,,,,,,,,,,,,0,,,,,,,,,,,,,,,,,,,,,,,,,4,0.0,1,53.30323,,,,5.0,306002.0,1.0,1.0,2.0,2.0,1.0,1.0,2.0,1.0,1.0,1.0,1.0,1.0,1.0,2.0,3.0,2.0,1.0,9.0,1.0,1.0,3.0,3.0,1.0,2.0,2.0,13.0,18.0,3.0,3.0,38.0,27.0,33.0,21.0,17.0,127.4583,1.0,,5.0,,,,,,2.0,11.0,14.0,,3.0,38537.0,16.0,19.0,,,,,6.0,7.0,,5.0,3.0,2.0,,,,,,,,,,,,,,,1.0,12.0,5.0,,2.0,1.0,2.0,,
4,221004,125,2,2,1,0,21,233451,221004,0,2.0,1.0,0.0,0.0,1.0,2.0,0.0,0.0,15320,25420,25420,3,221004,11,,233451,1745,1,,,221004,1830,45,1,21,21,15320,25420,25420,2,221004,5,1,2,2,40,2.0,1.0,1.0,5.0,1.0,0.0,22.0,4.0,2.0,233451.0,15315,1.0,2.0,,5.0,5.0,5.0,5.0,1.0,4.0,5.0,1.0,1.0,63.27459,,5.0,,1,221004,28022015,2,1,1,1.0,1,2,1.0,3.0,2010.0,12.0,3.0,1.0,2.0,3.0,3.0,2010.0,6.0,3.0,1.0,2.0,,,,,,,,,,,,,,,0,,,,,,,,,,,,,,,,,,,,,,,,,0,,1,73.84892,9.0,,,5.0,221004.0,1.0,2.0,2.0,2.0,1.0,2.0,1.0,5.0,1.0,2.0,2.0,2.0,2.0,2.0,1.0,1.0,1.0,8.0,1.0,2.0,1.0,1.0,2.0,2.0,1.0,7.0,5.0,16.0,25.0,31.0,37.0,25.0,,,117.7902,2.0,1.0,4.0,,,,,,2.0,2.0,4.0,,6.0,69389.0,6.0,15.0,,3.0,,,10.0,,,3.0,1.0,2.0,,1.0,7.0,,,2.0,,3.0,1.0,13.0,,,2.0,,14.0,,5.0,,2.0,2.0,,2.0,
4,117752,114,2,1,1,2,21,117752,209002,0,1.0,2.0,1.0,0.0,0.0,,0.0,0.0,6150,7720,7720,3,117752,1,,117752,830,61,13.0,,209002,848,18,1,21,21,6150,7720,7720,2,117752,3,1,1,1,30,1.0,1.0,1.0,6.0,1.0,0.0,36.0,4.0,2.0,201451.0,6581,1.0,2.0,,5.0,1.0,5.0,5.0,1.0,5.0,2.0,1.0,1.0,81.55063,,5.0,,1,117752,22012015,4,3,1,4.0,1,2,1.0,1.0,1996.0,4.0,1.0,2.0,4.0,3.0,3.0,2012.0,5.0,3.0,2.0,4.0,,,,,,,,,,,,,,,0,,,,,,,,,,,,,,,,,,,,,,,,,0,,2,77.6637,6.0,9.0,2.0,5.0,117752.0,1.0,1.0,1.0,1.0,1.0,1.0,1.0,4.0,1.0,1.0,1.0,1.0,1.0,1.0,1.0,1.0,1.0,7.0,2.0,1.0,2.0,1.0,1.0,1.0,1.0,3.0,1.0,24.0,4.0,10.0,22.0,25.0,17.0,2.0,164.5291,2.0,1.0,4.0,,,,,,1.0,2.0,,,5.0,69383.0,,,,,,,1.0,7.0,,5.0,2.0,5.0,,1.0,1.0,13.0,,1.0,8.0,3.0,1.0,1.0,12.0,,5.0,6.0,1.0,8.0,4.0,,1.0,2.0,,2.0,
4,146002,111,1,2,1,0,21,231756,146002,0,2.0,1.0,0.0,0.0,2.0,3.0,0.0,0.0,3690,4830,4830,3,146002,54,,231756,1840,1,,,146002,1900,20,1,21,21,3690,4830,4830,2,146002,1,2,1,1,45,1.0,1.0,1.0,3.0,1.0,0.0,54.0,4.0,2.0,120002.0,3808,,,,,,,,,,,1.0,,94.21071,,,,1,146002,13012015,4,3,1,3.0,1,2,1.0,3.0,2011.0,6.0,2.0,2.0,3.0,1.0,3.0,2009.0,4.0,1.0,2.0,3.0,,,,,,,,,,,,,,,0,,,,,,,,,,,,,,,,,,,,,,,,,0,,2,85.20216,10.0,,2.0,5.0,146002.0,1.0,1.0,2.0,1.0,1.0,2.0,1.0,4.0,1.0,2.0,1.0,2.0,2.0,1.0,2.0,1.0,1.0,6.0,1.0,2.0,2.0,2.0,2.0,1.0,2.0,3.0,10.0,,3.0,,,30.0,,,193.7861,2.0,1.0,4.0,,,,,,2.0,5.0,,,5.0,69383.0,15.0,,,,,,10.0,,,1.0,1.0,5.0,,1.0,13.0,,,1.0,,1.0,1.0,1.0,,,1.0,2.0,8.0,,5.0,,1.0,2.0,,2.0,
4,240003,144,2,6,1,5,31,102004,213002,2,,,,,,,,,2740,4110,4110,3,240003,11,,102004,2000,1,,,240003,2025,25,2,31,21,13710,24050,24050,2,240003,3,1,2,2,42,2.0,1.0,1.0,4.0,1.0,0.0,21.0,1.0,2.0,102004.0,11149,2.0,,1.0,1.0,1.0,5.0,5.0,1.0,4.0,1.0,1.0,1.0,64.99943,1.0,5.0,,1,240003,5032015,3,1,1,4.0,1,2,1.0,1.0,1998.0,4.0,1.0,1.0,2.0,3.0,1.0,2009.0,8.0,2.0,2.0,2.0,,,,,,,,,,,,,,,0,,,,,,,,,,,,,,,,,,,,,,,,,5,0.0,1,55.12072,5.0,10.0,2.0,5.0,240003.0,2.0,1.0,1.0,1.0,1.0,2.0,2.0,2.0,2.0,2.0,1.0,1.0,1.0,1.0,1.0,1.0,2.0,6.0,2.0,1.0,1.0,2.0,1.0,1.0,1.0,7.0,6.0,5.0,13.0,27.0,38.0,4.0,11.0,15.0,321.454,2.0,1.0,5.0,,,,,,2.0,1.0,2.0,,4.0,69290.0,,,,,,,2.0,3.0,7.0,4.0,2.0,3.0,,1.0,4.0,12.0,13.0,1.0,6.0,3.0,1.0,4.0,10.0,11.0,3.0,4.0,13.0,14.0,2.0,31.0,2.0,1.0,2.0,,
4,236006,137,2,2,1,0,32,145251,125251,0,,,,,,,,,3280,4920,4920,3,236006,25,,145651,1700,1,,,236006,1800,60,3,32,21,15190,22695,22695,2,236006,1,1,2,2,24,1.0,1.0,1.0,0.0,4.0,0.0,88.0,3.0,2.0,145651.0,10688,2.0,,1.0,5.0,1.0,5.0,5.0,1.0,2.0,1.0,1.0,,124.3989,1.0,5.0,,1,236006,24032015,4,3,2,,1,2,1.0,3.0,2013.0,10.0,4.0,3.0,2.0,1.0,1.0,2012.0,6.0,1.0,3.0,2.0,,,,,,,,,,,,,,,0,,,,,,,,,,,,,,,,,,,,,,,,,0,,2,117.4786,10.0,,,5.0,236006.0,2.0,2.0,2.0,3.0,2.0,1.0,1.0,6.0,2.0,2.0,3.0,3.0,3.0,1.0,2.0,1.0,2.0,8.0,1.0,2.0,2.0,3.0,1.0,2.0,2.0,36.0,1.0,5.0,16.0,1.0,3.0,38.0,34.0,32.0,195.3983,3.0,1.0,5.0,,,,,,2.0,14.0,,,4.0,69383.0,,,,,,,6.0,10.0,,1.0,1.0,3.0,,1.0,3.0,,,1.0,2.0,2.0,1.0,13.0,,,7.0,,1.0,7.0,,,2.0,1.0,2.0,,
4,142003,12,2,2,2,3,22,121251,142003,4,,,,,,,,,3120,4860,4860,3,142003,13,,112002,1715,1,,,142003,1800,45,2,31,22,9090,13815,13815,2,142003,2,1,2,2,61,2.0,2.0,1.0,3.0,2.0,0.0,32.0,3.0,2.0,888888.0,0,3.0,,1.0,5.0,2.0,5.0,5.0,4.0,4.0,1.0,1.0,1.0,50.1385,1.0,4.0,,1,142003,10122014,4,3,1,3.0,1,2,1.0,7.0,2007.0,3.0,1.0,2.0,2.0,1.0,7.0,2009.0,4.0,1.0,2.0,2.0,,,,,,,,,,,,,,,0,,,,,,,,,,,,,,,,,,,,,,,,,0,,2,55.95817,1.0,,2.0,5.0,142003.0,1.0,1.0,1.0,1.0,3.0,1.0,1.0,1.0,1.0,1.0,1.0,2.0,2.0,3.0,3.0,1.0,1.0,9.0,1.0,3.0,2.0,3.0,1.0,1.0,2.0,1.0,7.0,14.0,22.0,34.0,37.0,25.0,27.0,32.0,77.73334,3.0,1.0,4.0,,,,,,2.0,4.0,14.0,,2.0,69383.0,,,,,,,7.0,8.0,,1.0,2.0,4.0,,2.0,2.0,,,1.0,2.0,4.0,2.0,13.0,,,4.0,5.0,1.0,2.0,2.0,31.0,2.0,2.0,,2.0,7.0
4,235751,122,1,1,1,0,21,235751,230756,0,1.0,1.0,0.0,0.0,3.0,2.0,0.0,0.0,6980,9850,9850,3,235751,1,,235751,800,11,,,230756,830,30,1,21,21,6980,9850,9850,2,235751,3,1,1,1,36,1.0,2.0,1.0,5.0,1.0,0.0,23.0,4.0,2.0,230756.0,6983,1.0,3.0,,1.0,2.0,5.0,5.0,1.0,3.0,5.0,1.0,1.0,111.4169,,5.0,,1,235751,19032015,1,1,1,4.0,1,2,1.0,3.0,1996.0,6.0,3.0,2.0,2.0,1.0,3.0,2009.0,9.0,1.0,2.0,2.0,,,,,,,,,,,,,,,0,,,,,,,,,,,,,,,,,,,,,,,,,2,0.0,1,82.29981,3.0,4.0,1.0,5.0,235751.0,2.0,2.0,3.0,3.0,1.0,3.0,2.0,5.0,2.0,2.0,2.0,2.0,3.0,2.0,2.0,2.0,1.0,9.0,1.0,2.0,2.0,1.0,1.0,1.0,1.0,1.0,13.0,24.0,1.0,2.0,3.0,17.0,4.0,25.0,204.6077,3.0,1.0,5.0,,,,,,2.0,5.0,,,4.0,69259.0,16.0,,,,,,10.0,,,1.0,2.0,5.0,,1.0,2.0,,,1.0,4.0,1.0,1.0,1.0,8.0,12.0,5.0,6.0,1.0,8.0,1.0,21.0,2.0,2.0,,6.0,
4,128004,17,2,1,2,2,32,122251,242452,10,,,,,,,,,5290,7935,7935,3,128004,1,,128004,1100,11,,,242452,1207,67,2,33,33,8050,12075,12075,2,128004,2,1,1,4,29,1.0,1.0,1.0,5.0,1.0,0.0,46.0,2.0,2.0,242452.0,8426,3.0,,3.0,4.0,1.0,3.0,5.0,2.0,2.0,1.0,1.0,1.0,46.2004,1.0,4.0,,1,128004,19112014,3,3,1,4.0,1,2,1.0,3.0,2008.0,9.0,1.0,2.0,4.0,1.0,3.0,2006.0,6.0,1.0,2.0,4.0,,,,,,,,,,,,,,,0,,,,,,,,,,,,,,,,,,,,,,,,,0,,2,52.02773,6.0,,2.0,5.0,128004.0,1.0,1.0,2.0,2.0,1.0,1.0,1.0,5.0,1.0,2.0,2.0,1.0,2.0,1.0,1.0,2.0,1.0,7.0,1.0,1.0,2.0,1.0,1.0,2.0,1.0,1.0,6.0,12.0,3.0,10.0,22.0,3.0,4.0,11.0,94.03074,2.0,2.0,2.0,1.0,,1.0,1.0,,,,,,5.0,69383.0,,,,,,,,,,1.0,1.0,3.0,5.0,1.0,1.0,8.0,,1.0,3.0,1.0,1.0,1.0,10.0,,5.0,7.0,8.0,11.0,5.0,,2.0,2.0,,1.0,2.0
4,228004,22,2,3,1,0,21,228004,228004,5,1.0,1.0,0.0,0.0,2.0,2.0,1.0,0.0,384,691,691,3,228004,1,,228004,1115,64,22.0,,228004,1125,10,1,21,21,384,691,691,2,228004,3,1,2,2,38,1.0,1.0,1.0,6.0,2.0,0.0,36.0,4.0,2.0,201001.0,10753,1.0,3.0,,1.0,1.0,5.0,5.0,1.0,2.0,4.0,1.0,6.0,162.5113,,5.0,,1,228004,11122014,4,2,1,4.0,1,2,1.0,4.0,2013.0,6.0,1.0,1.0,2.0,3.0,4.0,1998.0,6.0,2.0,3.0,2.0,,,,,,,,,,,,,,,0,,,,,,,,,,,,,,,,,,,,,,,,,2,0.0,1,149.0375,4.0,10.0,,5.0,228004.0,1.0,1.0,1.0,1.0,1.0,2.0,1.0,5.0,1.0,2.0,1.0,1.0,2.0,1.0,1.0,1.0,1.0,6.0,2.0,1.0,2.0,2.0,1.0,1.0,1.0,24.0,31.0,30.0,38.0,31.0,13.0,15.0,1.0,17.0,292.0612,2.0,3.0,5.0,,,,,,2.0,14.0,,,3.0,69292.0,9.0,18.0,,,,,7.0,8.0,,1.0,2.0,5.0,,1.0,13.0,,,1.0,8.0,1.0,1.0,8.0,,,4.0,,1.0,14.0,4.0,,2.0,2.0,,2.0,6.0
4,113004,91,2,1,1,4,31,113003,115001,2,,,,,,,,,2820,4230,4230,3,113004,1,,113004,730,11,,,217005,750,20,1,31,31,2820,4230,4230,2,113004,4,1,2,2,53,1.0,1.0,1.0,2.0,1.0,0.0,51.0,2.0,2.0,217005.0,3357,3.0,,1.0,5.0,2.0,4.0,5.0,4.0,2.0,1.0,1.0,1.0,63.21598,1.0,5.0,,1,113004,5122014,4,3,1,1.0,1,9,1.0,3.0,1990.0,7.0,1.0,2.0,2.0,1.0,2.0,1959.0,3.0,1.0,1.0,2.0,1.0,2.0,1968.0,3.0,1.0,1.0,2.0,1.0,2.0,1973.0,3.0,1.0,1.0,2.0,0,,,,,,,,,,,,,,,,,,,,,,,,,5,0.0,2,61.85308,1.0,,2.0,5.0,113004.0,1.0,1.0,1.0,1.0,1.0,1.0,1.0,6.0,1.0,1.0,1.0,1.0,2.0,1.0,1.0,1.0,1.0,9.0,2.0,1.0,2.0,2.0,1.0,2.0,1.0,1.0,15.0,13.0,16.0,3.0,2.0,12.0,15.0,3.0,181.6972,3.0,3.0,5.0,,,,,,2.0,1.0,13.0,14.0,5.0,69382.0,,,,,,,5.0,6.0,8.0,1.0,2.0,3.0,5.0,2.0,2.0,6.0,7.0,8.0,,3.0,1.0,13.0,,,1.0,4.0,14.0,,5.0,,2.0,2.0,,4.0,
4,210451,95,1,1,1,0,15,103002,210451,0,1.0,1.0,0.0,0.0,1.0,2.0,0.0,,6280,7920,7920,3,210451,11,,103002,1300,1,,,210451,1310,10,1,15,15,6280,7920,7920,2,210451,2,1,1,1,58,1.0,1.0,1.0,1.0,1.0,0.0,61.0,4.0,2.0,103002.0,6280,4.0,,2.0,5.0,4.0,5.0,1.0,2.0,5.0,5.0,1.0,1.0,59.73974,,5.0,,1,210451,28012015,3,1,1,4.0,1,2,1.0,2.0,2010.0,11.0,1.0,1.0,2.0,1.0,2.0,2002.0,7.0,1.0,2.0,2.0,,,,,,,,,,,,,,,1,1.0,2.0,2.0,2000.0,1.0,2.0,,,,,,,,,,,,,,,,,,,1,0.0,1,75.88279,10.0,,2.0,5.0,210451.0,1.0,1.0,1.0,1.0,1.0,1.0,1.0,7.0,1.0,1.0,1.0,1.0,1.0,1.0,1.0,1.0,1.0,7.0,2.0,3.0,2.0,3.0,1.0,1.0,3.0,32.0,22.0,24.0,3.0,10.0,5.0,4.0,2.0,17.0,107.6246,1.0,1.0,5.0,,,,,,2.0,1.0,2.0,,2.0,69382.0,7.0,8.0,,1.0,10.0,,8.0,10.0,,1.0,1.0,3.0,,1.0,1.0,2.0,3.0,3.0,4.0,3.0,1.0,1.0,9.0,10.0,9.0,,1.0,2.0,1.0,15.0,2.0,2.0,,6.0,8.0
4,223005,93,3,3,1,0,21,223005,942218,2,3.0,1.0,0.0,0.0,3.0,2.0,2.0,0.0,57120,81220,49690,3,223005,1,,223005,1630,42,,,942218,1730,60,1,21,21,57120,81220,49690,2,223005,5,1,1,3,28,1.0,1.0,1.0,0.0,4.0,0.0,88.0,4.0,2.0,129002.0,12251,1.0,1.0,,5.0,5.0,5.0,1.0,3.0,4.0,5.0,1.0,,475.2192,,4.0,,1,223005,14032015,2,3,1,4.0,1,3,1.0,1.0,2015.0,6.0,2.0,2.0,2.0,1.0,3.0,2011.0,4.0,2.0,2.0,2.0,1.0,3.0,2011.0,6.0,2.0,2.0,2.0,,,,,,,,2,2.0,3.0,1.0,2013.0,1.0,2.0,2.0,3.0,1.0,2012.0,1.0,2.0,,,,,,,,,,,,,1,0.0,1,237.2913,2.0,9.0,2.0,5.0,223005.0,1.0,1.0,1.0,1.0,1.0,2.0,1.0,3.0,1.0,1.0,1.0,1.0,1.0,1.0,1.0,1.0,2.0,5.0,1.0,1.0,2.0,1.0,1.0,1.0,2.0,3.0,6.0,21.0,23.0,34.0,10.0,17.0,4.0,2.0,935.627,2.0,2.0,4.0,,,,,,2.0,1.0,,,3.0,69383.0,9.0,,,10.0,,,7.0,8.0,,5.0,3.0,5.0,,1.0,3.0,,,6.0,,1.0,1.0,1.0,,,4.0,,3.0,4.0,,,2.0,2.0,,2.0,
4,307002,92,3,2,1,1,21,215851,307002,0,4.0,1.0,0.0,0.0,1.0,2.0,0.0,0.0,42890,58250,58250,3,307002,24,,215851,1610,1,,,307002,1700,50,1,21,21,42890,58250,58250,2,307002,2,1,2,3,20,1.0,1.0,1.0,0.0,3.0,0.0,89.0,4.0,2.0,215851.0,42891,1.0,3.0,,5.0,5.0,5.0,5.0,1.0,5.0,5.0,1.0,,51.2817,,4.0,5.0,1,307002,25022015,1,1,1,4.0,1,4,1.0,3.0,2015.0,5.0,2.0,3.0,2.0,1.0,1.0,2009.0,4.0,1.0,1.0,2.0,1.0,1.0,2001.0,5.0,1.0,1.0,2.0,1.0,1.0,2007.0,4.0,1.0,1.0,2.0,0,,,,,,,,,,,,,,,,,,,,,,,,,3,0.0,1,56.37952,,,,5.0,307002.0,1.0,1.0,1.0,1.0,1.0,1.0,1.0,1.0,1.0,1.0,1.0,1.0,2.0,1.0,1.0,1.0,1.0,8.0,1.0,2.0,2.0,2.0,2.0,2.0,1.0,1.0,7.0,11.0,26.0,35.0,28.0,15.0,21.0,4.0,192.82,2.0,,5.0,,,,,,2.0,11.0,,,1.0,38053.0,1.0,15.0,,11.0,,,3.0,,,1.0,2.0,1.0,,,,,,,,,,,,,,,8.0,13.0,,,2.0,1.0,2.0,,
4,220451,39,1,1,1,0,21,220451,223006,0,7.0,1.0,0.0,0.0,1.0,2.0,0.0,0.0,11530,16730,16730,3,220451,1,,220451,1335,11,,,223006,1400,25,1,21,21,11530,16730,16730,2,220451,5,1,1,1,31,2.0,1.0,1.0,3.0,1.0,0.0,69.0,4.0,2.0,223006.0,11530,1.0,2.0,,1.0,5.0,5.0,5.0,1.0,4.0,5.0,1.0,1.0,107.0485,,5.0,,1,220451,14032015,5,6,2,,2,1,1.0,1.0,1999.0,7.0,1.0,2.0,2.0,,,,,,,,,,,,,,,,,,,,,,0,,,,,,,,,,,,,,,,,,,,,,,,,0,,2,49.75989,3.0,,2.0,5.0,220451.0,3.0,3.0,2.0,1.0,1.0,1.0,1.0,6.0,3.0,3.0,1.0,1.0,2.0,2.0,1.0,1.0,1.0,9.0,1.0,1.0,1.0,1.0,1.0,1.0,2.0,22.0,10.0,1.0,13.0,3.0,23.0,17.0,4.0,,108.4678,1.0,1.0,4.0,,,,,,2.0,1.0,13.0,,2.0,69382.0,2.0,,,12.0,,,8.0,,,1.0,2.0,3.0,,2.0,2.0,,,1.0,,5.0,1.0,3.0,10.0,,10.0,,13.0,14.0,5.0,,2.0,3.0,,,
4,240003,144,2,3,2,2,31,213002,102004,5,,,,,,,,,2740,4110,4110,3,240003,1,,240003,900,11,,,102004,945,45,2,31,21,13710,23870,23870,2,240003,3,1,2,2,42,2.0,1.0,1.0,4.0,1.0,0.0,21.0,1.0,2.0,102004.0,11149,2.0,,1.0,1.0,1.0,5.0,5.0,1.0,4.0,1.0,1.0,1.0,64.99943,1.0,5.0,,1,240003,5032015,3,1,1,4.0,1,2,1.0,1.0,1998.0,4.0,1.0,1.0,2.0,3.0,1.0,2009.0,8.0,2.0,2.0,2.0,,,,,,,,,,,,,,,0,,,,,,,,,,,,,,,,,,,,,,,,,5,0.0,1,55.12072,5.0,10.0,2.0,5.0,240003.0,2.0,1.0,1.0,1.0,1.0,2.0,2.0,2.0,2.0,2.0,1.0,1.0,1.0,1.0,1.0,1.0,2.0,6.0,2.0,1.0,1.0,2.0,1.0,1.0,1.0,7.0,6.0,5.0,13.0,27.0,38.0,4.0,11.0,15.0,321.454,2.0,1.0,5.0,,,,,,2.0,1.0,2.0,,4.0,69290.0,,,,,,,2.0,3.0,7.0,4.0,2.0,3.0,,1.0,4.0,12.0,13.0,1.0,6.0,3.0,1.0,4.0,10.0,11.0,3.0,4.0,13.0,14.0,2.0,31.0,2.0,1.0,2.0,,
4,308004,104,1,2,1,0,21,303551,308004,0,1.0,1.0,0.0,0.0,1.0,2.0,0.0,0.0,10230,13630,13630,3,308004,32,,303551,1145,1,,,308004,1220,35,1,21,21,10230,13630,13630,2,308004,1,1,1,1,48,3.0,1.0,1.0,2.0,2.0,0.0,51.0,4.0,2.0,301851.0,7859,1.0,3.0,,1.0,4.0,5.0,5.0,1.0,5.0,5.0,1.0,6.0,54.31177,,4.0,5.0,1,308004,24032015,1,1,1,4.0,1,2,1.0,3.0,1991.0,5.0,1.0,1.0,2.0,1.0,3.0,1994.0,6.0,1.0,1.0,2.0,,,,,,,,,,,,,,,0,,,,,,,,,,,,,,,,,,,,,,,,,0,,1,60.9116,,,,5.0,308004.0,2.0,1.0,2.0,2.0,3.0,2.0,2.0,2.0,2.0,1.0,2.0,3.0,3.0,3.0,1.0,2.0,1.0,2.0,1.0,2.0,1.0,2.0,2.0,1.0,2.0,7.0,13.0,22.0,3.0,27.0,33.0,15.0,17.0,21.0,61.89576,2.0,,5.0,,,,,,2.0,2.0,14.0,,2.0,38053.0,7.0,16.0,,10.0,,,10.0,,,5.0,3.0,2.0,,,,,,,,,,,,,,,14.0,,2.0,21.0,2.0,1.0,2.0,,
4,235001,70,2,2,1,0,21,236004,235001,0,1.0,1.0,0.0,0.0,1.0,2.0,0.0,0.0,2050,2480,2480,3,235001,11,,236004,1850,1,,,235001,1900,10,1,21,21,2050,2480,2480,2,235001,4,1,2,2,51,2.0,2.0,1.0,4.0,2.0,0.0,46.0,4.0,2.0,236004.0,2047,1.0,2.0,,1.0,3.0,5.0,5.0,1.0,2.0,2.0,1.0,1.0,92.5178,,5.0,,1,235001,23012015,1,1,1,4.0,1,3,1.0,1.0,2005.0,6.0,1.0,2.0,1.0,1.0,1.0,2004.0,4.0,1.0,2.0,1.0,1.0,1.0,2008.0,4.0,1.0,2.0,1.0,,,,,,,,0,,,,,,,,,,,,,,,,,,,,,,,,,4,0.0,2,82.29981,1.0,9.0,2.0,5.0,235001.0,1.0,1.0,1.0,1.0,1.0,1.0,1.0,2.0,1.0,1.0,1.0,1.0,2.0,1.0,1.0,1.0,1.0,7.0,2.0,1.0,2.0,2.0,1.0,1.0,1.0,10.0,24.0,28.0,13.0,27.0,4.0,11.0,4.0,33.0,317.3919,2.0,1.0,2.0,2.0,,1.0,3.0,,,,,,4.0,69383.0,,,,,,,7.0,10.0,,3.0,2.0,3.0,,1.0,13.0,,,1.0,2.0,1.0,1.0,1.0,,,5.0,6.0,1.0,2.0,2.0,21.0,2.0,1.0,2.0,,
4,130003,86,1,1,1,0,11,130003,104001,10,0.0,1.0,0.0,0.0,4.0,2.0,0.0,,3490,4310,4310,3,130003,1,,130003,745,13,,,104751,825,40,1,11,11,3490,4310,4310,2,130003,4,1,2,2,57,1.0,1.0,1.0,6.0,2.0,0.0,32.0,4.0,2.0,901453.0,72386,1.0,3.0,,5.0,1.0,1.0,5.0,2.0,5.0,4.0,1.0,1.0,53.99399,,4.0,,1,130003,9012015,4,2,1,1.0,1,2,1.0,3.0,2010.0,5.0,1.0,1.0,2.0,1.0,1.0,2010.0,5.0,4.0,2.0,2.0,,,,,,,,,,,,,,,0,,,,,,,,,,,,,,,,,,,,,,,,,3,0.0,1,46.43204,8.0,9.0,2.0,5.0,130003.0,1.0,1.0,1.0,1.0,1.0,1.0,1.0,6.0,1.0,1.0,1.0,1.0,2.0,1.0,1.0,1.0,1.0,4.0,2.0,1.0,2.0,2.0,1.0,1.0,2.0,7.0,24.0,3.0,27.0,4.0,34.0,4.0,7.0,1.0,80.97731,2.0,2.0,5.0,,,,,,2.0,2.0,11.0,12.0,4.0,69387.0,5.0,9.0,18.0,,,,,,,5.0,1.0,3.0,5.0,1.0,2.0,10.0,,2.0,4.0,3.0,1.0,10.0,,,5.0,6.0,2.0,5.0,5.0,,1.0,3.0,,,
4,257003,73,1,1,1,0,21,257003,125351,0,7.0,1.0,0.0,0.0,4.0,4.0,0.0,0.0,17800,22630,22630,3,257003,1,,257003,515,13,,,975000,830,195,3,53,53,0,0,0,2,257003,4,1,2,1,59,1.0,1.0,1.0,4.0,1.0,0.0,32.0,4.0,2.0,120001.0,16195,1.0,2.0,,5.0,5.0,5.0,5.0,1.0,2.0,5.0,1.0,1.0,38.70498,,4.0,,1,257003,6022015,2,1,1,3.0,1,2,1.0,3.0,2006.0,6.0,1.0,1.0,2.0,1.0,3.0,2007.0,5.0,3.0,1.0,2.0,,,,,,,,,,,,,,,0,,,,,,,,,,,,,,,,,,,,,,,,,0,,1,52.40191,9.0,,,5.0,257003.0,2.0,1.0,2.0,3.0,1.0,1.0,3.0,5.0,2.0,2.0,2.0,2.0,2.0,1.0,2.0,2.0,2.0,6.0,1.0,3.0,1.0,1.0,1.0,2.0,2.0,3.0,6.0,13.0,9.0,10.0,6.0,17.0,36.0,37.0,49.7017,3.0,2.0,3.0,1.0,6.0,4.0,1.0,,,,,,4.0,69383.0,7.0,,,12.0,,,10.0,,,5.0,1.0,3.0,,1.0,1.0,2.0,,1.0,3.0,1.0,1.0,1.0,,,1.0,2.0,2.0,,5.0,,2.0,2.0,,3.0,
4,117752,114,2,2,1,0,21,209002,201451,0,1.0,1.0,0.0,0.0,3.0,2.0,0.0,0.0,6470,12080,12080,3,117752,63,13.0,209002,848,11,,,201451,900,12,1,21,21,6470,12080,12080,2,117752,3,1,1,1,30,1.0,1.0,1.0,6.0,1.0,0.0,36.0,4.0,2.0,201451.0,6581,1.0,2.0,,5.0,1.0,5.0,5.0,1.0,5.0,2.0,1.0,1.0,81.55063,,5.0,,1,117752,22012015,4,3,1,4.0,1,2,1.0,1.0,1996.0,4.0,1.0,2.0,4.0,3.0,3.0,2012.0,5.0,3.0,2.0,4.0,,,,,,,,,,,,,,,0,,,,,,,,,,,,,,,,,,,,,,,,,0,,2,77.6637,6.0,9.0,2.0,5.0,117752.0,1.0,1.0,1.0,1.0,1.0,1.0,1.0,4.0,1.0,1.0,1.0,1.0,1.0,1.0,1.0,1.0,1.0,7.0,2.0,1.0,2.0,1.0,1.0,1.0,1.0,3.0,1.0,24.0,4.0,10.0,22.0,25.0,17.0,2.0,164.5291,2.0,1.0,4.0,,,,,,1.0,2.0,,,5.0,69383.0,,,,,,,1.0,7.0,,5.0,2.0,5.0,,1.0,1.0,13.0,,1.0,8.0,3.0,1.0,1.0,12.0,,5.0,6.0,1.0,8.0,4.0,,1.0,2.0,,2.0,
4,257001,120,3,3,1,0,22,257001,257002,1,,,,,,,,,2750,3990,3990,3,257001,1,,257001,1700,54,,,257002,1705,5,1,22,22,2750,3990,3990,2,257001,4,1,1,3,27,1.0,1.0,1.0,2.0,1.0,0.0,61.0,4.0,2.0,257001.0,1613,1.0,2.0,,1.0,1.0,3.0,5.0,1.0,4.0,5.0,1.0,1.0,121.1378,,5.0,,1,257001,27032015,2,1,1,1.0,1,2,1.0,1.0,1991.0,6.0,1.0,1.0,3.0,1.0,1.0,1991.0,9.0,1.0,1.0,3.0,,,,,,,,,,,,,,,0,,,,,,,,,,,,,,,,,,,,,,,,,3,0.0,1,85.12674,1.0,2.0,,5.0,257001.0,1.0,1.0,2.0,1.0,3.0,1.0,1.0,1.0,1.0,1.0,1.0,1.0,2.0,2.0,1.0,1.0,1.0,8.0,1.0,1.0,2.0,2.0,2.0,2.0,2.0,3.0,6.0,7.0,10.0,25.0,26.0,4.0,3.0,25.0,349.7599,2.0,1.0,4.0,,,,,,2.0,2.0,,,2.0,69294.0,18.0,,,,,,,,,5.0,3.0,5.0,,1.0,1.0,11.0,12.0,2.0,7.0,1.0,1.0,3.0,8.0,11.0,1.0,2.0,3.0,12.0,4.0,,2.0,2.0,,6.0,7.0
4,142003,12,2,2,1,5,31,112002,121251,3,,,,,,,,,5970,8955,8955,3,142003,13,,112002,1715,1,,,142003,1800,45,2,31,22,9090,13815,13815,2,142003,2,1,2,2,61,2.0,2.0,1.0,3.0,2.0,0.0,32.0,3.0,2.0,888888.0,0,3.0,,1.0,5.0,2.0,5.0,5.0,4.0,4.0,1.0,1.0,1.0,50.1385,1.0,4.0,,1,142003,10122014,4,3,1,3.0,1,2,1.0,7.0,2007.0,3.0,1.0,2.0,2.0,1.0,7.0,2009.0,4.0,1.0,2.0,2.0,,,,,,,,,,,,,,,0,,,,,,,,,,,,,,,,,,,,,,,,,0,,2,55.95817,1.0,,2.0,5.0,142003.0,1.0,1.0,1.0,1.0,3.0,1.0,1.0,1.0,1.0,1.0,1.0,2.0,2.0,3.0,3.0,1.0,1.0,9.0,1.0,3.0,2.0,3.0,1.0,1.0,2.0,1.0,7.0,14.0,22.0,34.0,37.0,25.0,27.0,32.0,77.73334,3.0,1.0,4.0,,,,,,2.0,4.0,14.0,,2.0,69383.0,,,,,,,7.0,8.0,,1.0,2.0,4.0,,2.0,2.0,,,1.0,2.0,4.0,2.0,13.0,,,4.0,5.0,1.0,2.0,2.0,31.0,2.0,2.0,,2.0,7.0
4,220451,39,1,2,1,0,21,223006,220451,0,7.0,1.0,0.0,0.0,2.0,2.0,0.0,0.0,11530,15900,15900,3,220451,11,,223006,1830,1,,,220451,1915,45,1,21,21,11530,15900,15900,2,220451,5,1,1,1,31,2.0,1.0,1.0,3.0,1.0,0.0,69.0,4.0,2.0,223006.0,11530,1.0,2.0,,1.0,5.0,5.0,5.0,1.0,4.0,5.0,1.0,1.0,107.0485,,5.0,,1,220451,14032015,5,6,2,,2,1,1.0,1.0,1999.0,7.0,1.0,2.0,2.0,,,,,,,,,,,,,,,,,,,,,,0,,,,,,,,,,,,,,,,,,,,,,,,,0,,2,49.75989,3.0,,2.0,5.0,220451.0,3.0,3.0,2.0,1.0,1.0,1.0,1.0,6.0,3.0,3.0,1.0,1.0,2.0,2.0,1.0,1.0,1.0,9.0,1.0,1.0,1.0,1.0,1.0,1.0,2.0,22.0,10.0,1.0,13.0,3.0,23.0,17.0,4.0,,108.4678,1.0,1.0,4.0,,,,,,2.0,1.0,13.0,,2.0,69382.0,2.0,,,12.0,,,8.0,,,1.0,2.0,3.0,,2.0,2.0,,,1.0,,5.0,1.0,3.0,10.0,,10.0,,13.0,14.0,5.0,,2.0,3.0,,,
4,306002,18,2,1,1,0,21,306002,306002,0,2.0,2.0,0.0,1.0,0.0,,0.0,0.0,802,1444,1444,3,306002,1,,306002,730,61,22.0,,306002,735,5,1,21,21,802,1444,1444,2,306002,2,1,2,2,42,1.0,1.0,1.0,5.0,1.0,0.0,54.0,4.0,2.0,613008.0,9640,1.0,2.0,,2.0,1.0,4.0,5.0,1.0,3.0,5.0,1.0,1.0,55.68563,,5.0,5.0,1,306002,15102014,1,1,1,3.0,1,2,1.0,5.0,2003.0,13.0,1.0,1.0,2.0,1.0,4.0,2009.0,5.0,1.0,1.0,2.0,,,,,,,,,,,,,,,0,,,,,,,,,,,,,,,,,,,,,,,,,4,0.0,1,53.30323,,,,5.0,306002.0,1.0,1.0,2.0,2.0,1.0,1.0,2.0,1.0,1.0,1.0,1.0,1.0,1.0,2.0,3.0,2.0,1.0,9.0,1.0,1.0,3.0,3.0,1.0,2.0,2.0,13.0,18.0,3.0,3.0,38.0,27.0,33.0,21.0,17.0,127.4583,1.0,,5.0,,,,,,2.0,11.0,14.0,,3.0,38537.0,16.0,19.0,,,,,6.0,7.0,,5.0,3.0,2.0,,,,,,,,,,,,,,,1.0,12.0,5.0,,2.0,1.0,2.0,,
4,211001,106,1,3,1,1,22,240753,211001,2,,,,,,,,,9510,14560,14560,3,211001,30,,240753,1900,1,,,211001,1930,30,1,22,22,9510,14560,14560,2,211001,1,1,2,2,45,2.0,2.0,1.0,3.0,2.0,0.0,54.0,4.0,2.0,246002.0,2798,1.0,2.0,,2.0,2.0,5.0,5.0,1.0,2.0,4.0,1.0,1.0,67.41873,,5.0,,1,211001,20012015,3,3,2,,2,2,1.0,1.0,2001.0,4.0,1.0,2.0,2.0,1.0,3.0,1968.0,10.0,1.0,2.0,2.0,,,,,,,,,,,,,,,0,,,,,,,,,,,,,,,,,,,,,,,,,2,0.0,1,62.15166,4.0,,2.0,5.0,211001.0,1.0,1.0,1.0,1.0,1.0,1.0,1.0,5.0,1.0,1.0,2.0,1.0,2.0,1.0,1.0,1.0,1.0,9.0,1.0,1.0,2.0,2.0,2.0,1.0,1.0,13.0,6.0,24.0,10.0,22.0,,15.0,12.0,8.0,158.8195,2.0,1.0,2.0,2.0,,4.0,1.0,3.0,,,,,4.0,69383.0,10.0,15.0,,,,,7.0,8.0,,5.0,2.0,3.0,,1.0,1.0,,,1.0,4.0,5.0,1.0,13.0,,,7.0,,2.0,8.0,5.0,,2.0,2.0,,7.0,
4,214004,37,2,3,1,1,21,205001,209001,0,3.0,1.0,0.0,0.0,2.0,2.0,0.0,0.0,2170,2670,2670,3,214004,28,,205001,1700,54,,,209001,1705,5,1,21,21,2170,2670,2670,2,214004,4,1,2,2,23,1.0,1.0,1.0,0.0,3.0,0.0,89.0,4.0,2.0,213006.0,2770,1.0,1.0,,5.0,1.0,5.0,5.0,1.0,5.0,3.0,1.0,,113.3616,,5.0,,1,214004,27022015,4,2,1,4.0,1,3,1.0,3.0,2006.0,7.0,1.0,1.0,3.0,1.0,3.0,2004.0,4.0,1.0,3.0,2.0,1.0,3.0,2002.0,4.0,1.0,3.0,2.0,,,,,,,,0,,,,,,,,,,,,,,,,,,,,,,,,,2,0.0,1,86.36778,8.0,9.0,,5.0,214004.0,1.0,1.0,3.0,1.0,3.0,3.0,1.0,4.0,1.0,2.0,1.0,3.0,3.0,3.0,3.0,1.0,1.0,9.0,1.0,3.0,2.0,2.0,1.0,1.0,1.0,1.0,6.0,5.0,4.0,15.0,37.0,29.0,26.0,21.0,133.0187,2.0,1.0,2.0,2.0,,4.0,1.0,,,,,,2.0,69383.0,,,,,,,9.0,,,5.0,3.0,4.0,,2.0,2.0,,,3.0,,3.0,1.0,1.0,2.0,8.0,,,1.0,4.0,,,2.0,1.0,2.0,,
4,131002,79,2,3,1,0,21,125003,131002,2,2.0,1.0,0.0,0.0,2.0,2.0,1.0,0.0,3980,5740,5740,3,131002,63,22.0,125003,825,1,,,131002,850,25,1,21,21,3980,5740,5740,2,131002,1,1,1,1,74,2.0,2.0,1.0,2.0,2.0,0.0,61.0,3.0,2.0,242451.0,7638,1.0,2.0,,2.0,1.0,5.0,5.0,3.0,4.0,1.0,1.0,1.0,58.64711,1.0,5.0,,1,131002,6012015,4,3,1,3.0,2,2,1.0,2.0,1992.0,9.0,1.0,1.0,3.0,1.0,3.0,2014.0,7.0,3.0,2.0,2.0,,,,,,,,,,,,,,,0,,,,,,,,,,,,,,,,,,,,,,,,,0,,2,72.01975,1.0,6.0,2.0,5.0,131002.0,1.0,1.0,1.0,1.0,1.0,1.0,1.0,6.0,1.0,1.0,1.0,2.0,3.0,1.0,1.0,1.0,1.0,9.0,1.0,1.0,2.0,2.0,1.0,1.0,1.0,22.0,3.0,7.0,13.0,3.0,1.0,18.0,4.0,7.0,112.1145,1.0,3.0,5.0,,,,,,2.0,2.0,,,5.0,69383.0,,,,,,,2.0,3.0,9.0,3.0,1.0,3.0,,1.0,2.0,3.0,7.0,1.0,2.0,5.0,1.0,1.0,2.0,10.0,4.0,5.0,12.0,13.0,5.0,,2.0,2.0,,4.0,6.0
4,306002,18,2,3,1,0,21,613008,306002,0,2.0,1.0,0.0,0.0,3.0,2.0,0.0,0.0,9640,12690,12690,3,306002,11,,613008,1700,64,22.0,,306002,1720,20,1,21,21,9640,12690,12690,2,306002,2,1,2,2,42,1.0,1.0,1.0,5.0,1.0,0.0,54.0,4.0,2.0,613008.0,9640,1.0,2.0,,2.0,1.0,4.0,5.0,1.0,3.0,5.0,1.0,1.0,55.68563,,5.0,5.0,1,306002,15102014,1,1,1,3.0,1,2,1.0,5.0,2003.0,13.0,1.0,1.0,2.0,1.0,4.0,2009.0,5.0,1.0,1.0,2.0,,,,,,,,,,,,,,,0,,,,,,,,,,,,,,,,,,,,,,,,,4,0.0,1,53.30323,,,,5.0,306002.0,1.0,1.0,2.0,2.0,1.0,1.0,2.0,1.0,1.0,1.0,1.0,1.0,1.0,2.0,3.0,2.0,1.0,9.0,1.0,1.0,3.0,3.0,1.0,2.0,2.0,13.0,18.0,3.0,3.0,38.0,27.0,33.0,21.0,17.0,127.4583,1.0,,5.0,,,,,,2.0,11.0,14.0,,3.0,38537.0,16.0,19.0,,,,,6.0,7.0,,5.0,3.0,2.0,,,,,,,,,,,,,,,1.0,12.0,5.0,,2.0,1.0,2.0,,
4,128004,17,2,2,2,2,33,122251,118251,0,,,,,,,,,2760,4140,4140,3,128004,11,,242452,2000,1,,,128004,2050,50,3,33,33,8590,12885,12885,2,128004,2,1,1,4,29,1.0,1.0,1.0,5.0,1.0,0.0,46.0,2.0,2.0,242452.0,8426,3.0,,3.0,4.0,1.0,3.0,5.0,2.0,2.0,1.0,1.0,1.0,46.2004,1.0,4.0,,1,128004,19112014,3,3,1,4.0,1,2,1.0,3.0,2008.0,9.0,1.0,2.0,4.0,1.0,3.0,2006.0,6.0,1.0,2.0,4.0,,,,,,,,,,,,,,,0,,,,,,,,,,,,,,,,,,,,,,,,,0,,2,52.02773,6.0,,2.0,5.0,128004.0,1.0,1.0,2.0,2.0,1.0,1.0,1.0,5.0,1.0,2.0,2.0,1.0,2.0,1.0,1.0,2.0,1.0,7.0,1.0,1.0,2.0,1.0,1.0,2.0,1.0,1.0,6.0,12.0,3.0,10.0,22.0,3.0,4.0,11.0,94.03074,2.0,2.0,2.0,1.0,,1.0,1.0,,,,,,5.0,69383.0,,,,,,,,,,1.0,1.0,3.0,5.0,1.0,1.0,8.0,,1.0,3.0,1.0,1.0,1.0,10.0,,5.0,7.0,8.0,11.0,5.0,,2.0,2.0,,1.0,2.0
4,256002,115,2,2,1,5,21,126451,256002,0,1.0,1.0,0.0,0.0,1.0,2.0,0.0,0.0,18620,28260,28260,3,256002,11,,126451,1830,1,,,256002,1920,50,1,21,21,18620,28260,28260,2,256002,5,1,1,1,42,1.0,1.0,1.0,6.0,1.0,0.0,47.0,4.0,2.0,126451.0,18620,1.0,3.0,,3.0,1.0,5.0,5.0,1.0,5.0,3.0,1.0,1.0,60.38767,,3.0,,1,256002,21032015,1,1,1,4.0,1,2,1.0,6.0,2013.0,5.0,2.0,1.0,2.0,1.0,5.0,2014.0,1.0,1.0,1.0,2.0,,,,,,,,,,,,,,,0,,,,,,,,,,,,,,,,,,,,,,,,,6,0.0,1,66.60377,8.0,9.0,,5.0,256002.0,1.0,1.0,2.0,1.0,1.0,2.0,2.0,4.0,1.0,1.0,1.0,1.0,2.0,1.0,2.0,2.0,2.0,6.0,2.0,1.0,2.0,2.0,1.0,1.0,1.0,1.0,6.0,13.0,13.0,38.0,33.0,15.0,17.0,23.0,111.8142,1.0,1.0,5.0,,,,,,2.0,2.0,,,2.0,38544.0,,,,,,,6.0,10.0,,4.0,1.0,4.0,,2.0,3.0,,,8.0,,3.0,2.0,13.0,,,2.0,6.0,14.0,,5.0,,2.0,2.0,,2.0,
4,228004,22,2,4,1,5,21,228004,228004,0,1.0,2.0,0.0,1.0,1.0,2.0,0.0,0.0,384,691,691,3,228004,62,22.0,228004,1140,1,,,228004,1150,10,1,21,21,384,691,691,2,228004,3,1,2,2,38,1.0,1.0,1.0,6.0,2.0,0.0,36.0,4.0,2.0,201001.0,10753,1.0,3.0,,1.0,1.0,5.0,5.0,1.0,2.0,4.0,1.0,6.0,162.5113,,5.0,,1,228004,11122014,4,2,1,4.0,1,2,1.0,4.0,2013.0,6.0,1.0,1.0,2.0,3.0,4.0,1998.0,6.0,2.0,3.0,2.0,,,,,,,,,,,,,,,0,,,,,,,,,,,,,,,,,,,,,,,,,2,0.0,1,149.0375,4.0,10.0,,5.0,228004.0,1.0,1.0,1.0,1.0,1.0,2.0,1.0,5.0,1.0,2.0,1.0,1.0,2.0,1.0,1.0,1.0,1.0,6.0,2.0,1.0,2.0,2.0,1.0,1.0,1.0,24.0,31.0,30.0,38.0,31.0,13.0,15.0,1.0,17.0,292.0612,2.0,3.0,5.0,,,,,,2.0,14.0,,,3.0,69292.0,9.0,18.0,,,,,7.0,8.0,,1.0,2.0,5.0,,1.0,13.0,,,1.0,8.0,1.0,1.0,8.0,,,4.0,,1.0,14.0,4.0,,2.0,2.0,,2.0,6.0
4,131001,110,1,2,2,6,33,116251,131001,4,,,,,,,,,3290,4935,4935,3,131001,13,,938185,1830,1,,,131001,2000,90,2,33,51,96280,144420,82883,2,131001,3,1,1,1,27,1.0,1.0,1.0,6.0,1.0,0.0,36.0,2.0,2.0,125001.0,3484,2.0,,2.0,2.0,1.0,4.0,5.0,3.0,2.0,1.0,1.0,1.0,94.27377,1.0,1.0,,1,131001,15012015,4,3,1,4.0,1,2,1.0,3.0,2012.0,4.0,1.0,2.0,1.0,1.0,3.0,2012.0,6.0,1.0,2.0,1.0,,,,,,,,,,,,,,,0,,,,,,,,,,,,,,,,,,,,,,,,,2,0.0,2,72.01975,3.0,6.0,2.0,5.0,131001.0,2.0,1.0,1.0,3.0,1.0,2.0,1.0,7.0,2.0,2.0,1.0,1.0,3.0,1.0,2.0,1.0,2.0,6.0,2.0,1.0,2.0,2.0,2.0,1.0,2.0,6.0,3.0,7.0,2.0,3.0,11.0,17.0,18.0,4.0,185.6221,2.0,1.0,5.0,,,,,,2.0,1.0,3.0,4.0,2.0,69383.0,,,,,,,3.0,7.0,8.0,1.0,2.0,5.0,,1.0,2.0,3.0,9.0,3.0,4.0,3.0,1.0,5.0,8.0,10.0,4.0,5.0,2.0,12.0,5.0,,2.0,2.0,,4.0,8.0
4,206002,41,3,4,1,1,21,121003,206002,0,3.0,1.0,0.0,0.0,1.0,2.0,0.0,0.0,1990,2750,2750,3,206002,29,,121003,1815,1,,,206002,1825,10,1,21,21,1990,2750,2750,2,206002,2,1,1,3,22,1.0,1.0,1.0,0.0,4.0,0.0,88.0,4.0,2.0,121002.0,2025,1.0,3.0,,4.0,1.0,5.0,5.0,1.0,2.0,3.0,1.0,,104.5314,,4.0,,1,206002,26112014,4,1,1,4.0,1,3,1.0,1.0,2002.0,9.0,1.0,1.0,2.0,1.0,7.0,2011.0,6.0,2.0,1.0,2.0,1.0,1.0,1997.0,6.0,1.0,1.0,2.0,,,,,,,,0,,,,,,,,,,,,,,,,,,,,,,,,,4,0.0,1,75.73054,1.0,9.0,,5.0,206002.0,1.0,1.0,1.0,2.0,1.0,2.0,1.0,1.0,3.0,1.0,1.0,2.0,2.0,1.0,1.0,1.0,1.0,8.0,1.0,1.0,2.0,2.0,2.0,1.0,1.0,6.0,27.0,3.0,3.0,22.0,34.0,29.0,3.0,31.0,406.0349,1.0,1.0,4.0,,,,,,2.0,11.0,13.0,,3.0,69383.0,,,,,,,1.0,2.0,3.0,5.0,3.0,3.0,,1.0,3.0,8.0,,1.0,2.0,1.0,1.0,1.0,10.0,,4.0,5.0,2.0,8.0,,,2.0,1.0,2.0,,
4,307002,92,3,1,1,0,21,307002,215851,1,4.0,1.0,0.0,0.0,3.0,2.0,1.0,0.0,42890,58030,58030,3,307002,1,,307002,750,24,,,215851,850,60,1,21,21,42890,58030,58030,2,307002,2,1,2,3,20,1.0,1.0,1.0,0.0,3.0,0.0,89.0,4.0,2.0,215851.0,42891,1.0,3.0,,5.0,5.0,5.0,5.0,1.0,5.0,5.0,1.0,,51.2817,,4.0,5.0,1,307002,25022015,1,1,1,4.0,1,4,1.0,3.0,2015.0,5.0,2.0,3.0,2.0,1.0,1.0,2009.0,4.0,1.0,1.0,2.0,1.0,1.0,2001.0,5.0,1.0,1.0,2.0,1.0,1.0,2007.0,4.0,1.0,1.0,2.0,0,,,,,,,,,,,,,,,,,,,,,,,,,3,0.0,1,56.37952,,,,5.0,307002.0,1.0,1.0,1.0,1.0,1.0,1.0,1.0,1.0,1.0,1.0,1.0,1.0,2.0,1.0,1.0,1.0,1.0,8.0,1.0,2.0,2.0,2.0,2.0,2.0,1.0,1.0,7.0,11.0,26.0,35.0,28.0,15.0,21.0,4.0,192.82,2.0,,5.0,,,,,,2.0,11.0,,,1.0,38053.0,1.0,15.0,,11.0,,,3.0,,,1.0,2.0,1.0,,,,,,,,,,,,,,,8.0,13.0,,,2.0,1.0,2.0,,
4,232751,10,3,5,1,0,22,234004,232751,0,,,,,,,,,3370,4630,4630,3,232751,52,,234004,1740,1,,,232751,1820,40,1,22,22,3370,4630,4630,2,232751,2,1,1,3,16,1.0,1.0,3.0,0.0,5.0,0.0,85.0,4.0,2.0,234002.0,3371,,,,,1.0,4.0,5.0,5.0,1.0,5.0,1.0,,45.87415,,5.0,,1,232751,15102014,2,3,1,4.0,1,2,1.0,3.0,2007.0,12.0,1.0,1.0,2.0,3.0,3.0,2008.0,7.0,1.0,1.0,2.0,,,,,,,,,,,,,,,0,,,,,,,,,,,,,,,,,,,,,,,,,4,0.0,1,66.63323,2.0,,,5.0,232751.0,1.0,1.0,2.0,1.0,2.0,1.0,1.0,7.0,2.0,1.0,1.0,1.0,1.0,1.0,1.0,2.0,1.0,7.0,1.0,1.0,2.0,1.0,1.0,1.0,1.0,24.0,3.0,36.0,27.0,31.0,28.0,2.0,17.0,4.0,469.5625,2.0,1.0,2.0,3.0,4.0,4.0,1.0,3.0,,,,,3.0,69383.0,3.0,4.0,,,,,7.0,8.0,,1.0,3.0,5.0,,2.0,1.0,8.0,9.0,1.0,2.0,4.0,1.0,12.0,,,,,8.0,11.0,,,2.0,3.0,,,
4,235751,122,1,3,1,0,21,235751,230756,0,1.0,1.0,0.0,0.0,3.0,2.0,0.0,0.0,6980,9850,9850,3,235751,1,,235751,1400,11,,,230756,1410,10,1,21,21,6980,9850,9850,2,235751,3,1,1,1,36,1.0,2.0,1.0,5.0,1.0,0.0,23.0,4.0,2.0,230756.0,6983,1.0,3.0,,1.0,2.0,5.0,5.0,1.0,3.0,5.0,1.0,1.0,111.4169,,5.0,,1,235751,19032015,1,1,1,4.0,1,2,1.0,3.0,1996.0,6.0,3.0,2.0,2.0,1.0,3.0,2009.0,9.0,1.0,2.0,2.0,,,,,,,,,,,,,,,0,,,,,,,,,,,,,,,,,,,,,,,,,2,0.0,1,82.29981,3.0,4.0,1.0,5.0,235751.0,2.0,2.0,3.0,3.0,1.0,3.0,2.0,5.0,2.0,2.0,2.0,2.0,3.0,2.0,2.0,2.0,1.0,9.0,1.0,2.0,2.0,1.0,1.0,1.0,1.0,1.0,13.0,24.0,1.0,2.0,3.0,17.0,4.0,25.0,204.6077,3.0,1.0,5.0,,,,,,2.0,5.0,,,4.0,69259.0,16.0,,,,,,10.0,,,1.0,2.0,5.0,,1.0,2.0,,,1.0,4.0,1.0,1.0,1.0,8.0,12.0,5.0,6.0,1.0,8.0,1.0,21.0,2.0,2.0,,6.0,
4,236001,115,2,4,1,0,11,707008,236001,0,0.0,1.0,0.0,0.0,1.0,2.0,0.0,,6960,11860,11860,3,236001,51,,707008,1805,1,,,236001,1830,25,1,11,11,6960,11860,11860,2,236001,2,1,1,1,54,1.0,2.0,1.0,2.0,1.0,0.0,55.0,2.0,2.0,116001.0,12149,2.0,,3.0,5.0,1.0,1.0,5.0,1.0,5.0,1.0,1.0,1.0,137.0992,1.0,5.0,,1,236001,18032015,2,1,1,4.0,1,2,1.0,3.0,2008.0,6.0,1.0,2.0,2.0,1.0,1.0,2004.0,6.0,1.0,1.0,2.0,,,,,,,,,,,,,,,0,,,,,,,,,,,,,,,,,,,,,,,,,1,0.0,1,117.4786,8.0,,2.0,5.0,236001.0,1.0,2.0,3.0,3.0,1.0,3.0,3.0,5.0,2.0,2.0,2.0,2.0,2.0,1.0,2.0,1.0,1.0,8.0,1.0,1.0,2.0,2.0,1.0,1.0,1.0,21.0,32.0,2.0,4.0,3.0,9.0,17.0,18.0,4.0,267.9805,1.0,1.0,5.0,,,,,,2.0,5.0,,,3.0,69389.0,,,,,,,,,,1.0,2.0,3.0,,2.0,6.0,,,1.0,,4.0,1.0,13.0,,,4.0,5.0,1.0,8.0,2.0,21.0,2.0,1.0,2.0,,
4,117752,3,1,4,1,0,22,117001,129003,0,,,,,,,,,1280,2360,2360,3,117752,33,,117001,1955,54,,,129003,2005,10,1,22,22,1280,2360,2360,2,117752,2,1,2,2,30,1.0,1.0,1.0,6.0,1.0,0.0,31.0,4.0,2.0,139006.0,2610,1.0,3.0,,5.0,2.0,3.0,5.0,2.0,4.0,2.0,1.0,4.0,81.55063,,5.0,,1,117752,25022015,4,1,2,,1,2,1.0,6.0,2014.0,3.0,1.0,2.0,2.0,1.0,5.0,2013.0,5.0,2.0,2.0,2.0,,,,,,,,,,,,,,,0,,,,,,,,,,,,,,,,,,,,,,,,,1,0.0,2,77.6637,6.0,,2.0,5.0,117752.0,1.0,1.0,1.0,1.0,1.0,1.0,1.0,2.0,1.0,2.0,2.0,1.0,1.0,1.0,1.0,1.0,2.0,7.0,1.0,1.0,2.0,2.0,1.0,1.0,1.0,3.0,24.0,,4.0,38.0,,3.0,18.0,,164.5291,2.0,1.0,5.0,,,,,,2.0,13.0,,,5.0,69383.0,,,,,,,,,,5.0,2.0,2.0,3.0,1.0,3.0,4.0,9.0,4.0,,1.0,1.0,2.0,5.0,10.0,7.0,8.0,1.0,2.0,3.0,21.0,2.0,2.0,,2.0,
4,243002,72,3,2,1,5,21,145651,243002,0,4.0,1.0,0.0,0.0,1.0,2.0,0.0,0.0,14430,22260,22260,3,243002,25,,145651,1735,1,,,243002,1830,55,1,21,21,14430,22260,22260,2,243002,2,1,1,3,19,1.0,1.0,1.0,0.0,4.0,0.0,86.0,3.0,2.0,145651.0,14427,1.0,1.0,,1.0,2.0,4.0,5.0,1.0,5.0,2.0,1.0,,90.14437,1.0,5.0,,1,243002,21012015,1,1,1,1.0,1,4,1.0,1.0,1971.0,11.0,1.0,1.0,2.0,1.0,3.0,2010.0,7.0,1.0,1.0,2.0,1.0,3.0,2013.0,10.0,1.0,1.0,2.0,1.0,1.0,2005.0,5.0,1.0,1.0,2.0,0,,,,,,,,,,,,,,,,,,,,,,,,,4,0.0,1,55.49504,4.0,9.0,,5.0,243002.0,1.0,1.0,1.0,1.0,1.0,1.0,3.0,4.0,2.0,3.0,2.0,2.0,2.0,1.0,1.0,1.0,1.0,9.0,2.0,1.0,2.0,1.0,1.0,1.0,2.0,3.0,7.0,22.0,38.0,21.0,4.0,2.0,17.0,21.0,181.1638,1.0,3.0,2.0,2.0,,4.0,1.0,,,,,,2.0,69290.0,,,,,,,2.0,7.0,8.0,1.0,2.0,3.0,,1.0,1.0,3.0,,1.0,2.0,3.0,1.0,13.0,,,2.0,4.0,5.0,13.0,,,2.0,1.0,2.0,,
4,142003,12,2,1,2,3,31,121251,112002,5,,,,,,,,,5970,8955,8955,3,142003,1,,142003,1400,13,,,112002,1435,35,2,31,22,9090,13515,13515,2,142003,2,1,2,2,61,2.0,2.0,1.0,3.0,2.0,0.0,32.0,3.0,2.0,888888.0,0,3.0,,1.0,5.0,2.0,5.0,5.0,4.0,4.0,1.0,1.0,1.0,50.1385,1.0,4.0,,1,142003,10122014,4,3,1,3.0,1,2,1.0,7.0,2007.0,3.0,1.0,2.0,2.0,1.0,7.0,2009.0,4.0,1.0,2.0,2.0,,,,,,,,,,,,,,,0,,,,,,,,,,,,,,,,,,,,,,,,,0,,2,55.95817,1.0,,2.0,5.0,142003.0,1.0,1.0,1.0,1.0,3.0,1.0,1.0,1.0,1.0,1.0,1.0,2.0,2.0,3.0,3.0,1.0,1.0,9.0,1.0,3.0,2.0,3.0,1.0,1.0,2.0,1.0,7.0,14.0,22.0,34.0,37.0,25.0,27.0,32.0,77.73334,3.0,1.0,4.0,,,,,,2.0,4.0,14.0,,2.0,69383.0,,,,,,,7.0,8.0,,1.0,2.0,4.0,,2.0,2.0,,,1.0,2.0,4.0,2.0,13.0,,,4.0,5.0,1.0,2.0,2.0,31.0,2.0,2.0,,2.0,7.0
4,306002,18,2,2,1,0,21,306002,613008,0,2.0,1.0,0.0,0.0,1.0,2.0,0.0,0.0,9640,12690,12690,3,306002,63,22.0,306002,735,11,,,613008,800,25,1,21,21,9640,12690,12690,2,306002,2,1,2,2,42,1.0,1.0,1.0,5.0,1.0,0.0,54.0,4.0,2.0,613008.0,9640,1.0,2.0,,2.0,1.0,4.0,5.0,1.0,3.0,5.0,1.0,1.0,55.68563,,5.0,5.0,1,306002,15102014,1,1,1,3.0,1,2,1.0,5.0,2003.0,13.0,1.0,1.0,2.0,1.0,4.0,2009.0,5.0,1.0,1.0,2.0,,,,,,,,,,,,,,,0,,,,,,,,,,,,,,,,,,,,,,,,,4,0.0,1,53.30323,,,,5.0,306002.0,1.0,1.0,2.0,2.0,1.0,1.0,2.0,1.0,1.0,1.0,1.0,1.0,1.0,2.0,3.0,2.0,1.0,9.0,1.0,1.0,3.0,3.0,1.0,2.0,2.0,13.0,18.0,3.0,3.0,38.0,27.0,33.0,21.0,17.0,127.4583,1.0,,5.0,,,,,,2.0,11.0,14.0,,3.0,38537.0,16.0,19.0,,,,,6.0,7.0,,5.0,3.0,2.0,,,,,,,,,,,,,,,1.0,12.0,5.0,,2.0,1.0,2.0,,
4,206002,41,3,3,1,3,21,121002,121003,1,3.0,1.0,0.0,0.0,2.0,2.0,0.0,0.0,510,710,710,3,206002,53,,121651,1315,29,,,121003,1330,15,1,21,21,510,710,710,2,206002,2,1,1,3,22,1.0,1.0,1.0,0.0,4.0,0.0,88.0,4.0,2.0,121002.0,2025,1.0,3.0,,4.0,1.0,5.0,5.0,1.0,2.0,3.0,1.0,,104.5314,,4.0,,1,206002,26112014,4,1,1,4.0,1,3,1.0,1.0,2002.0,9.0,1.0,1.0,2.0,1.0,7.0,2011.0,6.0,2.0,1.0,2.0,1.0,1.0,1997.0,6.0,1.0,1.0,2.0,,,,,,,,0,,,,,,,,,,,,,,,,,,,,,,,,,4,0.0,1,75.73054,1.0,9.0,,5.0,206002.0,1.0,1.0,1.0,2.0,1.0,2.0,1.0,1.0,3.0,1.0,1.0,2.0,2.0,1.0,1.0,1.0,1.0,8.0,1.0,1.0,2.0,2.0,2.0,1.0,1.0,6.0,27.0,3.0,3.0,22.0,34.0,29.0,3.0,31.0,406.0349,1.0,1.0,4.0,,,,,,2.0,11.0,13.0,,3.0,69383.0,,,,,,,1.0,2.0,3.0,5.0,3.0,3.0,,1.0,3.0,8.0,,1.0,2.0,1.0,1.0,1.0,10.0,,4.0,5.0,2.0,8.0,,,2.0,1.0,2.0,,
4,127008,50,2,5,1,3,32,129003,242451,2,,,,,,,,,8320,12480,12480,3,127008,54,,129003,1925,51,,,201651,2005,40,1,32,32,8320,12480,12480,2,127008,1,1,1,4,19,1.0,1.0,2.0,0.0,4.0,0.0,86.0,3.0,2.0,129003.0,2809,4.0,,1.0,1.0,1.0,3.0,5.0,5.0,5.0,1.0,1.0,,86.6948,1.0,5.0,,1,127008,24022015,4,4,2,,1,0,,,,,,,,,,,,,,,,,,,,,,,,,,,,,0,,,,,,,,,,,,,,,,,,,,,,,,,0,,2,91.73404,6.0,,,5.0,127008.0,2.0,2.0,1.0,3.0,2.0,2.0,2.0,3.0,2.0,2.0,2.0,1.0,2.0,2.0,2.0,1.0,3.0,8.0,1.0,1.0,2.0,3.0,2.0,1.0,2.0,1.0,7.0,,4.0,3.0,21.0,4.0,3.0,7.0,222.7255,1.0,2.0,5.0,,,,,,2.0,1.0,,,4.0,69383.0,,,,,,,,,,3.0,3.0,1.0,3.0,1.0,9.0,11.0,,1.0,4.0,3.0,1.0,1.0,10.0,,1.0,4.0,1.0,2.0,,,2.0,3.0,,,
4,234005,123,4,2,2,2,32,119003,116251,6,,,,,,,,,2330,3495,3495,3,234005,25,,204851,1700,54,,,127007,1740,40,2,32,32,5270,7905,7905,2,234005,5,1,1,6,22,2.0,1.0,2.0,0.0,4.0,0.0,87.0,3.0,2.0,204851.0,5674,4.0,,3.0,2.0,1.0,5.0,5.0,5.0,5.0,1.0,1.0,,107.7589,1.0,5.0,,1,234005,21032015,1,1,1,4.0,1,4,1.0,3.0,1992.0,6.0,1.0,2.0,2.0,3.0,3.0,1992.0,10.0,1.0,2.0,2.0,1.0,1.0,1999.0,7.0,1.0,2.0,2.0,1.0,3.0,2000.0,7.0,1.0,2.0,2.0,0,,,,,,,,,,,,,,,,,,,,,,,,,1,0.0,1,75.35816,9.0,,2.0,5.0,234005.0,1.0,1.0,2.0,1.0,1.0,1.0,1.0,4.0,1.0,2.0,2.0,2.0,2.0,1.0,1.0,2.0,1.0,7.0,1.0,2.0,2.0,2.0,1.0,1.0,1.0,27.0,22.0,1.0,3.0,2.0,34.0,4.0,25.0,21.0,645.8181,2.0,3.0,5.0,,,,,,2.0,14.0,,,2.0,69383.0,,,,,,,7.0,10.0,,4.0,3.0,5.0,,2.0,6.0,,,3.0,8.0,1.0,1.0,9.0,10.0,12.0,2.0,4.0,1.0,14.0,,,2.0,3.0,,,
4,131001,22,4,3,1,0,82,905104,905104,1,,,,,,,,,1039,1870,0,3,131001,13,,905104,1200,53,,,905104,1215,15,1,82,82,1039,1870,0,2,131001,1,1,1,3,18,2.0,1.0,1.0,0.0,3.0,0.0,89.0,2.0,2.0,513009.0,16868,1.0,2.0,,1.0,1.0,2.0,5.0,2.0,2.0,1.0,1.0,,76.32492,1.0,2.0,,1,131001,4112014,4,1,1,4.0,1,2,3.0,3.0,2011.0,8.0,1.0,2.0,2.0,1.0,2.0,2001.0,5.0,1.0,2.0,2.0,,,,,,,,,,,,,,,0,,,,,,,,,,,,,,,,,,,,,,,,,0,,2,65.97215,3.0,5.0,2.0,5.0,131001.0,1.0,1.0,1.0,1.0,1.0,1.0,1.0,6.0,1.0,2.0,1.0,1.0,2.0,1.0,1.0,1.0,1.0,1.0,3.0,1.0,2.0,2.0,1.0,1.0,2.0,1.0,24.0,7.0,1.0,4.0,28.0,29.0,21.0,3.0,283.8148,2.0,2.0,5.0,,,,,,2.0,1.0,12.0,13.0,4.0,69383.0,,,,,,,,,,5.0,1.0,3.0,,1.0,1.0,3.0,9.0,1.0,3.0,1.0,1.0,1.0,2.0,10.0,,,1.0,2.0,,,2.0,3.0,,,
4,131001,110,1,1,1,4,33,131001,116251,0,,,,,,,,,3290,4935,4935,3,131001,1,,131001,610,13,,,938185,750,100,2,33,51,96640,144960,83307,2,131001,3,1,1,1,27,1.0,1.0,1.0,6.0,1.0,0.0,36.0,2.0,2.0,125001.0,3484,2.0,,2.0,2.0,1.0,4.0,5.0,3.0,2.0,1.0,1.0,1.0,94.27377,1.0,1.0,,1,131001,15012015,4,3,1,4.0,1,2,1.0,3.0,2012.0,4.0,1.0,2.0,1.0,1.0,3.0,2012.0,6.0,1.0,2.0,1.0,,,,,,,,,,,,,,,0,,,,,,,,,,,,,,,,,,,,,,,,,2,0.0,2,72.01975,3.0,6.0,2.0,5.0,131001.0,2.0,1.0,1.0,3.0,1.0,2.0,1.0,7.0,2.0,2.0,1.0,1.0,3.0,1.0,2.0,1.0,2.0,6.0,2.0,1.0,2.0,2.0,2.0,1.0,2.0,6.0,3.0,7.0,2.0,3.0,11.0,17.0,18.0,4.0,185.6221,2.0,1.0,5.0,,,,,,2.0,1.0,3.0,4.0,2.0,69383.0,,,,,,,3.0,7.0,8.0,1.0,2.0,5.0,,1.0,2.0,3.0,9.0,3.0,4.0,3.0,1.0,5.0,8.0,10.0,4.0,5.0,2.0,12.0,5.0,,2.0,2.0,,4.0,8.0
4,235001,70,2,1,1,0,21,235001,236004,0,1.0,1.0,0.0,0.0,3.0,2.0,0.0,0.0,2050,2480,2480,3,235001,1,,235001,820,11,,,236004,835,15,1,21,21,2050,2480,2480,2,235001,4,1,2,2,51,2.0,2.0,1.0,4.0,2.0,0.0,46.0,4.0,2.0,236004.0,2047,1.0,2.0,,1.0,3.0,5.0,5.0,1.0,2.0,2.0,1.0,1.0,92.5178,,5.0,,1,235001,23012015,1,1,1,4.0,1,3,1.0,1.0,2005.0,6.0,1.0,2.0,1.0,1.0,1.0,2004.0,4.0,1.0,2.0,1.0,1.0,1.0,2008.0,4.0,1.0,2.0,1.0,,,,,,,,0,,,,,,,,,,,,,,,,,,,,,,,,,4,0.0,2,82.29981,1.0,9.0,2.0,5.0,235001.0,1.0,1.0,1.0,1.0,1.0,1.0,1.0,2.0,1.0,1.0,1.0,1.0,2.0,1.0,1.0,1.0,1.0,7.0,2.0,1.0,2.0,2.0,1.0,1.0,1.0,10.0,24.0,28.0,13.0,27.0,4.0,11.0,4.0,33.0,317.3919,2.0,1.0,2.0,2.0,,1.0,3.0,,,,,,4.0,69383.0,,,,,,,7.0,10.0,,3.0,2.0,3.0,,1.0,13.0,,,1.0,2.0,1.0,1.0,1.0,,,5.0,6.0,1.0,2.0,2.0,21.0,2.0,1.0,2.0,,
4,117752,3,1,5,1,0,22,129003,117752,0,,,,,,,,,1510,2120,2120,3,117752,54,,129003,2315,1,,,117752,2330,15,1,22,22,1510,2120,2120,2,117752,2,1,2,2,30,1.0,1.0,1.0,6.0,1.0,0.0,31.0,4.0,2.0,139006.0,2610,1.0,3.0,,5.0,2.0,3.0,5.0,2.0,4.0,2.0,1.0,4.0,81.55063,,5.0,,1,117752,25022015,4,1,2,,1,2,1.0,6.0,2014.0,3.0,1.0,2.0,2.0,1.0,5.0,2013.0,5.0,2.0,2.0,2.0,,,,,,,,,,,,,,,0,,,,,,,,,,,,,,,,,,,,,,,,,1,0.0,2,77.6637,6.0,,2.0,5.0,117752.0,1.0,1.0,1.0,1.0,1.0,1.0,1.0,2.0,1.0,2.0,2.0,1.0,1.0,1.0,1.0,1.0,2.0,7.0,1.0,1.0,2.0,2.0,1.0,1.0,1.0,3.0,24.0,,4.0,38.0,,3.0,18.0,,164.5291,2.0,1.0,5.0,,,,,,2.0,13.0,,,5.0,69383.0,,,,,,,,,,5.0,2.0,2.0,3.0,1.0,3.0,4.0,9.0,4.0,,1.0,1.0,2.0,5.0,10.0,7.0,8.0,1.0,2.0,3.0,21.0,2.0,2.0,,2.0,
4,130003,86,1,6,1,15,11,104001,130003,0,0.0,1.0,0.0,0.0,1.0,2.0,0.0,,3490,4310,4310,3,130003,13,,104001,1545,1,,,130003,1630,45,1,11,11,3490,4310,4310,2,130003,4,1,2,2,57,1.0,1.0,1.0,6.0,2.0,0.0,32.0,4.0,2.0,901453.0,72386,1.0,3.0,,5.0,1.0,1.0,5.0,2.0,5.0,4.0,1.0,1.0,53.99399,,4.0,,1,130003,9012015,4,2,1,1.0,1,2,1.0,3.0,2010.0,5.0,1.0,1.0,2.0,1.0,1.0,2010.0,5.0,4.0,2.0,2.0,,,,,,,,,,,,,,,0,,,,,,,,,,,,,,,,,,,,,,,,,3,0.0,1,46.43204,8.0,9.0,2.0,5.0,130003.0,1.0,1.0,1.0,1.0,1.0,1.0,1.0,6.0,1.0,1.0,1.0,1.0,2.0,1.0,1.0,1.0,1.0,4.0,2.0,1.0,2.0,2.0,1.0,1.0,2.0,7.0,24.0,3.0,27.0,4.0,34.0,4.0,7.0,1.0,80.97731,2.0,2.0,5.0,,,,,,2.0,2.0,11.0,12.0,4.0,69387.0,5.0,9.0,18.0,,,,,,,5.0,1.0,3.0,5.0,1.0,2.0,10.0,,2.0,4.0,3.0,1.0,10.0,,,5.0,6.0,2.0,5.0,5.0,,1.0,3.0,,,
4,257003,73,1,2,3,0,21,125351,257003,0,7.0,1.0,0.0,0.0,1.0,2.0,0.0,0.0,17800,28810,28810,3,257003,13,,975000,1700,1,,,257003,2030,210,3,53,53,0,0,0,2,257003,4,1,2,1,59,1.0,1.0,1.0,4.0,1.0,0.0,32.0,4.0,2.0,120001.0,16195,1.0,2.0,,5.0,5.0,5.0,5.0,1.0,2.0,5.0,1.0,1.0,38.70498,,4.0,,1,257003,6022015,2,1,1,3.0,1,2,1.0,3.0,2006.0,6.0,1.0,1.0,2.0,1.0,3.0,2007.0,5.0,3.0,1.0,2.0,,,,,,,,,,,,,,,0,,,,,,,,,,,,,,,,,,,,,,,,,0,,1,52.40191,9.0,,,5.0,257003.0,2.0,1.0,2.0,3.0,1.0,1.0,3.0,5.0,2.0,2.0,2.0,2.0,2.0,1.0,2.0,2.0,2.0,6.0,1.0,3.0,1.0,1.0,1.0,2.0,2.0,3.0,6.0,13.0,9.0,10.0,6.0,17.0,36.0,37.0,49.7017,3.0,2.0,3.0,1.0,6.0,4.0,1.0,,,,,,4.0,69383.0,7.0,,,12.0,,,10.0,,,5.0,1.0,3.0,,1.0,1.0,2.0,,1.0,3.0,1.0,1.0,1.0,,,1.0,2.0,2.0,,5.0,,2.0,2.0,,3.0,
4,205001,107,1,1,1,0,21,205001,114005,0,2.0,1.0,0.0,0.0,1.0,2.0,0.0,0.0,5580,7230,7230,3,205001,1,,205001,750,11,,,114005,835,45,1,21,21,5580,7230,7230,2,205001,1,1,2,2,56,1.0,1.0,1.0,4.0,1.0,0.0,55.0,4.0,2.0,114005.0,5583,1.0,2.0,,4.0,2.0,2.0,5.0,1.0,4.0,4.0,1.0,1.0,178.724,,4.0,,1,205001,24022015,4,1,1,3.0,1,2,1.0,1.0,2000.0,9.0,1.0,1.0,2.0,1.0,1.0,2015.0,6.0,1.0,1.0,2.0,,,,,,,,,,,,,,,0,,,,,,,,,,,,,,,,,,,,,,,,,2,0.0,1,86.02521,9.0,10.0,,5.0,205001.0,1.0,2.0,2.0,2.0,1.0,2.0,2.0,5.0,1.0,1.0,1.0,2.0,2.0,1.0,1.0,1.0,1.0,1.0,1.0,2.0,2.0,1.0,1.0,1.0,1.0,18.0,7.0,24.0,2.0,4.0,27.0,33.0,25.0,15.0,269.2793,1.0,1.0,4.0,,,,,,2.0,2.0,,,3.0,69383.0,2.0,6.0,,,,,,,,2.0,3.0,3.0,,1.0,13.0,,,3.0,4.0,3.0,1.0,12.0,,,4.0,8.0,4.0,7.0,1.0,21.0,1.0,2.0,,1.0,10.0
4,117752,114,2,3,1,0,21,201451,117752,3,1.0,1.0,0.0,0.0,2.0,3.0,2.0,0.0,6580,9940,9940,3,117752,11,,201451,1800,1,,,117752,1830,30,1,21,21,6580,9940,9940,2,117752,3,1,1,1,30,1.0,1.0,1.0,6.0,1.0,0.0,36.0,4.0,2.0,201451.0,6581,1.0,2.0,,5.0,1.0,5.0,5.0,1.0,5.0,2.0,1.0,1.0,81.55063,,5.0,,1,117752,22012015,4,3,1,4.0,1,2,1.0,1.0,1996.0,4.0,1.0,2.0,4.0,3.0,3.0,2012.0,5.0,3.0,2.0,4.0,,,,,,,,,,,,,,,0,,,,,,,,,,,,,,,,,,,,,,,,,0,,2,77.6637,6.0,9.0,2.0,5.0,117752.0,1.0,1.0,1.0,1.0,1.0,1.0,1.0,4.0,1.0,1.0,1.0,1.0,1.0,1.0,1.0,1.0,1.0,7.0,2.0,1.0,2.0,1.0,1.0,1.0,1.0,3.0,1.0,24.0,4.0,10.0,22.0,25.0,17.0,2.0,164.5291,2.0,1.0,4.0,,,,,,1.0,2.0,,,5.0,69383.0,,,,,,,1.0,7.0,,5.0,2.0,5.0,,1.0,1.0,13.0,,1.0,8.0,3.0,1.0,1.0,12.0,,5.0,6.0,1.0,8.0,4.0,,1.0,2.0,,2.0,
4,113004,73,2,2,1,0,21,111551,113004,1,2.0,1.0,0.0,0.0,2.0,2.0,0.0,0.0,1200,1390,1390,3,113004,32,,111551,1545,1,,,113004,1555,10,1,21,21,1200,1390,1390,2,113004,2,1,1,5,23,1.0,1.0,1.0,0.0,4.0,0.0,88.0,4.0,2.0,111001.0,1838,3.0,,1.0,2.0,1.0,2.0,4.0,1.0,4.0,3.0,1.0,,66.80603,,4.0,,1,113004,26112014,4,1,1,4.0,1,3,1.0,1.0,1998.0,3.0,1.0,1.0,4.0,1.0,1.0,1999.0,7.0,1.0,2.0,3.0,1.0,1.0,1989.0,4.0,1.0,2.0,3.0,,,,,,,,1,1.0,2.0,2.0,1987.0,2.0,3.0,,,,,,,,,,,,,,,,,,,0,,2,61.85308,5.0,6.0,2.0,5.0,113004.0,1.0,1.0,1.0,1.0,1.0,1.0,1.0,4.0,2.0,2.0,3.0,1.0,1.0,2.0,2.0,1.0,1.0,5.0,1.0,1.0,1.0,1.0,2.0,2.0,2.0,6.0,7.0,16.0,22.0,23.0,38.0,29.0,21.0,10.0,185.1578,2.0,2.0,5.0,,,,,,2.0,1.0,,,4.0,69382.0,,,,,,,,,,5.0,2.0,5.0,,1.0,13.0,,,3.0,,1.0,1.0,1.0,,,2.0,10.0,1.0,8.0,,,2.0,2.0,,1.0,9.0
4,214006,95,4,2,1,5,22,131003,214006,0,,,,,,,,,2850,6360,6360,3,214006,24,,131003,1735,1,,,214006,1820,45,1,22,22,2850,6360,6360,2,214006,2,1,1,5,17,1.0,1.0,2.0,0.0,5.0,0.0,85.0,1.0,2.0,131003.0,2846,,,,,1.0,5.0,5.0,5.0,1.0,1.0,1.0,,104.4756,1.0,4.0,,1,214006,21012015,4,3,1,3.0,1,3,1.0,1.0,2009.0,4.0,1.0,1.0,2.0,1.0,1.0,2002.0,9.0,1.0,1.0,2.0,1.0,3.0,2012.0,5.0,2.0,1.0,2.0,,,,,,,,0,,,,,,,,,,,,,,,,,,,,,,,,,5,0.0,1,131.4104,2.0,,,5.0,214006.0,1.0,1.0,1.0,1.0,1.0,2.0,2.0,2.0,3.0,2.0,1.0,2.0,2.0,1.0,1.0,2.0,1.0,9.0,1.0,1.0,2.0,2.0,1.0,2.0,1.0,7.0,3.0,1.0,3.0,10.0,7.0,17.0,25.0,29.0,404.7817,2.0,3.0,5.0,,,,,,2.0,14.0,,,3.0,69382.0,,,,,,,5.0,6.0,,5.0,3.0,3.0,,1.0,3.0,,,3.0,,1.0,1.0,1.0,,,,,1.0,12.0,,,2.0,3.0,,,
4,257001,120,3,1,1,0,21,257001,257001,1,1.0,1.0,0.0,0.0,3.0,2.0,0.0,0.0,896,1613,1613,3,257001,1,,257001,830,11,,,257001,835,5,1,21,21,896,1613,1613,2,257001,4,1,1,3,27,1.0,1.0,1.0,2.0,1.0,0.0,61.0,4.0,2.0,257001.0,1613,1.0,2.0,,1.0,1.0,3.0,5.0,1.0,4.0,5.0,1.0,1.0,121.1378,,5.0,,1,257001,27032015,2,1,1,1.0,1,2,1.0,1.0,1991.0,6.0,1.0,1.0,3.0,1.0,1.0,1991.0,9.0,1.0,1.0,3.0,,,,,,,,,,,,,,,0,,,,,,,,,,,,,,,,,,,,,,,,,3,0.0,1,85.12674,1.0,2.0,,5.0,257001.0,1.0,1.0,2.0,1.0,3.0,1.0,1.0,1.0,1.0,1.0,1.0,1.0,2.0,2.0,1.0,1.0,1.0,8.0,1.0,1.0,2.0,2.0,2.0,2.0,2.0,3.0,6.0,7.0,10.0,25.0,26.0,4.0,3.0,25.0,349.7599,2.0,1.0,4.0,,,,,,2.0,2.0,,,2.0,69294.0,18.0,,,,,,,,,5.0,3.0,5.0,,1.0,1.0,11.0,12.0,2.0,7.0,1.0,1.0,3.0,8.0,11.0,1.0,2.0,3.0,12.0,4.0,,2.0,2.0,,6.0,7.0
4,222004,83,2,1,1,0,21,222004,971118,0,2.0,1.0,0.0,0.0,1.0,2.0,0.0,0.0,109930,125550,47540,3,222004,1,,222004,730,11,,,971118,845,75,1,21,21,109930,125550,47540,2,222004,2,1,2,2,54,1.0,1.0,1.0,5.0,1.0,0.0,36.0,4.0,2.0,971118.0,109928,1.0,2.0,,1.0,5.0,5.0,5.0,1.0,4.0,5.0,1.0,1.0,38.35015,,5.0,,1,222004,4032015,1,1,1,3.0,1,2,1.0,3.0,2014.0,12.0,1.0,1.0,2.0,1.0,3.0,2015.0,5.0,1.0,1.0,2.0,,,,,,,,,,,,,,,0,,,,,,,,,,,,,,,,,,,,,,,,,0,,1,50.95545,9.0,,,5.0,222004.0,1.0,3.0,3.0,1.0,2.0,2.0,3.0,4.0,1.0,3.0,3.0,3.0,3.0,1.0,3.0,1.0,1.0,8.0,2.0,2.0,1.0,1.0,2.0,2.0,2.0,7.0,13.0,1.0,23.0,32.0,38.0,21.0,25.0,23.0,64.37528,2.0,1.0,4.0,,,,,,2.0,2.0,4.0,12.0,2.0,69383.0,2.0,9.0,12.0,6.0,10.0,12.0,5.0,6.0,,5.0,2.0,2.0,4.0,2.0,1.0,,,2.0,6.0,3.0,1.0,10.0,,,1.0,2.0,1.0,2.0,5.0,,2.0,2.0,,6.0,
4,220003,93,3,1,4,5,21,220451,220003,0,3.0,1.0,0.0,0.0,5.0,2.0,0.0,0.0,1250,2250,2250,3,220003,54,,975000,530,1,,,220003,900,210,4,53,52,0,0,0,2,220003,1,1,2,4,23,1.0,1.0,1.0,0.0,4.0,0.0,88.0,4.0,2.0,219651.0,3363,1.0,2.0,,1.0,4.0,5.0,5.0,1.0,1.0,4.0,1.0,,40.81751,,3.0,,1,220003,16122014,1,3,1,4.0,1,5,1.0,1.0,2001.0,9.0,2.0,1.0,2.0,1.0,1.0,2003.0,7.0,1.0,1.0,2.0,1.0,3.0,2008.0,5.0,1.0,1.0,2.0,1.0,3.0,2003.0,5.0,1.0,1.0,2.0,0,,,,,,,,,,,,,,,,,,,,,,,,,2,0.0,1,50.84909,5.0,,,5.0,220003.0,1.0,1.0,2.0,1.0,1.0,2.0,1.0,5.0,1.0,2.0,1.0,1.0,1.0,1.0,1.0,2.0,1.0,9.0,1.0,1.0,2.0,2.0,2.0,1.0,1.0,24.0,7.0,22.0,38.0,4.0,14.0,17.0,25.0,2.0,182.5708,1.0,1.0,1.0,1.0,2.0,1.0,1.0,,,,,,2.0,69044.0,,,,3.0,,,1.0,,,2.0,2.0,3.0,,1.0,3.0,,,2.0,,1.0,1.0,5.0,9.0,12.0,7.0,,2.0,4.0,,,2.0,1.0,2.0,,
4,131001,110,1,1,2,0,51,116251,938185,10,,,,,,,,,93350,140025,78372,3,131001,1,,131001,610,13,,,938185,750,100,2,33,51,96640,144960,83307,2,131001,3,1,1,1,27,1.0,1.0,1.0,6.0,1.0,0.0,36.0,2.0,2.0,125001.0,3484,2.0,,2.0,2.0,1.0,4.0,5.0,3.0,2.0,1.0,1.0,1.0,94.27377,1.0,1.0,,1,131001,15012015,4,3,1,4.0,1,2,1.0,3.0,2012.0,4.0,1.0,2.0,1.0,1.0,3.0,2012.0,6.0,1.0,2.0,1.0,,,,,,,,,,,,,,,0,,,,,,,,,,,,,,,,,,,,,,,,,2,0.0,2,72.01975,3.0,6.0,2.0,5.0,131001.0,2.0,1.0,1.0,3.0,1.0,2.0,1.0,7.0,2.0,2.0,1.0,1.0,3.0,1.0,2.0,1.0,2.0,6.0,2.0,1.0,2.0,2.0,2.0,1.0,2.0,6.0,3.0,7.0,2.0,3.0,11.0,17.0,18.0,4.0,185.6221,2.0,1.0,5.0,,,,,,2.0,1.0,3.0,4.0,2.0,69383.0,,,,,,,3.0,7.0,8.0,1.0,2.0,5.0,,1.0,2.0,3.0,9.0,3.0,4.0,3.0,1.0,5.0,8.0,10.0,4.0,5.0,2.0,12.0,5.0,,2.0,2.0,,4.0,8.0
4,210001,7,1,2,1,0,81,243001,210001,1,1.0,1.0,0.0,0.0,3.0,2.0,0.0,,10620,17610,17610,3,210001,11,,243001,1800,1,,,210001,1830,30,1,81,81,10620,17610,17610,2,210001,5,1,1,1,41,1.0,1.0,1.0,2.0,1.0,0.0,36.0,4.0,2.0,243001.0,10621,1.0,2.0,,1.0,4.0,5.0,5.0,1.0,3.0,4.0,1.0,1.0,59.24122,,5.0,,1,210001,7032015,4,2,1,4.0,1,2,3.0,3.0,2014.0,8.0,3.0,3.0,2.0,1.0,3.0,2010.0,8.0,1.0,3.0,2.0,,,,,,,,,,,,,,,0,,,,,,,,,,,,,,,,,,,,,,,,,3,0.0,1,53.74982,1.0,,,5.0,210001.0,1.0,1.0,1.0,1.0,1.0,1.0,1.0,4.0,1.0,1.0,1.0,1.0,1.0,2.0,1.0,1.0,3.0,1.0,1.0,1.0,2.0,1.0,1.0,1.0,2.0,3.0,5.0,13.0,1.0,2.0,26.0,4.0,11.0,17.0,108.3437,2.0,1.0,4.0,,,,,,2.0,13.0,,,3.0,69383.0,16.0,,,12.0,,,7.0,8.0,,1.0,2.0,5.0,,1.0,1.0,,,1.0,2.0,3.0,1.0,12.0,,,10.0,,1.0,2.0,4.0,,2.0,1.0,2.0,,
4,102004,48,1,4,3,5,22,253351,102004,2,,,,,,,,,18880,35070,35070,3,102004,13,,999090,1600,1,,,102004,2000,240,3,53,53,0,0,0,2,102004,5,1,2,1,40,1.0,1.0,1.0,6.0,1.0,0.0,31.0,4.0,2.0,613004.0,21775,1.0,3.0,,1.0,1.0,5.0,5.0,2.0,4.0,2.0,1.0,1.0,74.70862,,5.0,,1,102004,29112014,4,4,2,,2,1,1.0,2.0,2007.0,12.0,1.0,1.0,3.0,,,,,,,,,,,,,,,,,,,,,,0,,,,,,,,,,,,,,,,,,,,,,,,,1,0.0,1,69.20255,2.0,,,5.0,102004.0,1.0,1.0,1.0,2.0,1.0,1.0,1.0,5.0,2.0,2.0,1.0,1.0,2.0,1.0,1.0,1.0,1.0,9.0,2.0,1.0,2.0,2.0,1.0,1.0,2.0,24.0,7.0,22.0,38.0,34.0,22.0,25.0,7.0,37.0,74.21628,2.0,1.0,4.0,,,,,,2.0,2.0,3.0,,4.0,69382.0,,,,,,,10.0,,,5.0,2.0,3.0,,1.0,6.0,7.0,13.0,2.0,,2.0,1.0,1.0,10.0,,4.0,6.0,8.0,,5.0,,1.0,2.0,,10.0,
4,128004,17,2,2,3,0,33,118251,117003,1,,,,,,,,,540,810,810,3,128004,11,,242452,2000,1,,,128004,2050,50,3,33,33,8590,12885,12885,2,128004,2,1,1,4,29,1.0,1.0,1.0,5.0,1.0,0.0,46.0,2.0,2.0,242452.0,8426,3.0,,3.0,4.0,1.0,3.0,5.0,2.0,2.0,1.0,1.0,1.0,46.2004,1.0,4.0,,1,128004,19112014,3,3,1,4.0,1,2,1.0,3.0,2008.0,9.0,1.0,2.0,4.0,1.0,3.0,2006.0,6.0,1.0,2.0,4.0,,,,,,,,,,,,,,,0,,,,,,,,,,,,,,,,,,,,,,,,,0,,2,52.02773,6.0,,2.0,5.0,128004.0,1.0,1.0,2.0,2.0,1.0,1.0,1.0,5.0,1.0,2.0,2.0,1.0,2.0,1.0,1.0,2.0,1.0,7.0,1.0,1.0,2.0,1.0,1.0,2.0,1.0,1.0,6.0,12.0,3.0,10.0,22.0,3.0,4.0,11.0,94.03074,2.0,2.0,2.0,1.0,,1.0,1.0,,,,,,5.0,69383.0,,,,,,,,,,1.0,1.0,3.0,5.0,1.0,1.0,8.0,,1.0,3.0,1.0,1.0,1.0,10.0,,5.0,7.0,8.0,11.0,5.0,,2.0,2.0,,1.0,2.0
4,214004,37,2,2,1,5,21,213006,205001,1,3.0,1.0,0.0,0.0,3.0,2.0,0.0,0.0,6210,19040,19040,3,214004,24,,213006,1000,28,,,205001,1045,45,1,21,21,6210,19040,19040,2,214004,4,1,2,2,23,1.0,1.0,1.0,0.0,3.0,0.0,89.0,4.0,2.0,213006.0,2770,1.0,1.0,,5.0,1.0,5.0,5.0,1.0,5.0,3.0,1.0,,113.3616,,5.0,,1,214004,27022015,4,2,1,4.0,1,3,1.0,3.0,2006.0,7.0,1.0,1.0,3.0,1.0,3.0,2004.0,4.0,1.0,3.0,2.0,1.0,3.0,2002.0,4.0,1.0,3.0,2.0,,,,,,,,0,,,,,,,,,,,,,,,,,,,,,,,,,2,0.0,1,86.36778,8.0,9.0,,5.0,214004.0,1.0,1.0,3.0,1.0,3.0,3.0,1.0,4.0,1.0,2.0,1.0,3.0,3.0,3.0,3.0,1.0,1.0,9.0,1.0,3.0,2.0,2.0,1.0,1.0,1.0,1.0,6.0,5.0,4.0,15.0,37.0,29.0,26.0,21.0,133.0187,2.0,1.0,2.0,2.0,,4.0,1.0,,,,,,2.0,69383.0,,,,,,,9.0,,,5.0,3.0,4.0,,2.0,2.0,,,3.0,,3.0,1.0,1.0,2.0,8.0,,,1.0,4.0,,,2.0,1.0,2.0,,
4,132003,28,2,1,1,1,32,132003,242451,0,,,,,,,,,7020,10530,10530,3,132003,2,,132003,820,25,,,201651,900,40,1,32,32,7020,10530,10530,2,132003,3,1,2,4,21,1.0,1.0,1.0,0.0,4.0,1.0,87.0,3.0,2.0,201651.0,5589,3.0,,3.0,1.0,2.0,5.0,5.0,4.0,3.0,1.0,1.0,,54.48386,1.0,5.0,,1,132003,13112014,4,3,2,,1,1,1.0,3.0,1999.0,4.0,1.0,2.0,2.0,,,,,,,,,,,,,,,,,,,,,,0,,,,,,,,,,,,,,,,,,,,,,,,,0,,2,53.46216,5.0,6.0,2.0,5.0,132003.0,2.0,1.0,1.0,2.0,1.0,3.0,3.0,3.0,2.0,1.0,1.0,1.0,2.0,1.0,1.0,2.0,1.0,2.0,1.0,1.0,2.0,2.0,1.0,1.0,2.0,6.0,24.0,28.0,10.0,34.0,38.0,4.0,8.0,16.0,126.9158,2.0,3.0,3.0,2.0,,4.0,3.0,,,,,,4.0,69383.0,,,,,,,1.0,2.0,7.0,5.0,2.0,3.0,,1.0,2.0,13.0,,1.0,4.0,1.0,1.0,1.0,5.0,9.0,3.0,4.0,1.0,2.0,,,2.0,1.0,2.0,,
4,305451,7,2,1,1,1,21,305451,938185,1,1.0,1.0,0.0,0.0,3.0,2.0,0.0,0.0,66490,78080,32390,3,305451,1,,305451,645,13,,,938185,830,105,1,21,21,66490,78080,32390,2,305451,1,1,1,1,24,1.0,1.0,1.0,5.0,1.0,0.0,21.0,4.0,2.0,305451.0,191,1.0,1.0,,5.0,2.0,4.0,2.0,1.0,2.0,4.0,1.0,1.0,109.5691,,5.0,5.0,1,305451,18112014,1,3,2,,1,2,3.0,3.0,1996.0,7.0,1.0,3.0,2.0,1.0,1.0,2004.0,5.0,1.0,3.0,2.0,,,,,,,,,,,,,,,1,3.0,4.0,1.0,1999.0,1.0,2.0,,,,,,,,,,,,,,,,,,,2,0.0,2,58.13576,3.0,,,5.0,305451.0,1.0,1.0,1.0,1.0,1.0,1.0,1.0,4.0,3.0,1.0,1.0,1.0,1.0,1.0,1.0,1.0,1.0,4.0,1.0,1.0,1.0,2.0,2.0,1.0,2.0,36.0,27.0,,22.0,38.0,,16.0,11.0,8.0,214.827,2.0,,4.0,,,,,,2.0,2.0,7.0,9.0,3.0,38537.0,7.0,10.0,16.0,,,,1.0,5.0,8.0,5.0,3.0,1.0,3.0,,,,,,,,,,,,,,8.0,13.0,2.0,21.0,2.0,2.0,,1.0,6.0
4,241003,97,2,3,2,5,21,121002,241003,1,2.0,1.0,0.0,0.0,2.0,2.0,0.0,0.0,5940,7770,7770,3,241003,41,,103007,1500,1,,,241003,1535,35,2,33,21,10420,14490,14490,2,241003,3,1,2,2,46,2.0,2.0,1.0,2.0,1.0,0.0,56.0,2.0,2.0,103001.0,10651,2.0,,1.0,5.0,1.0,5.0,5.0,1.0,2.0,1.0,1.0,1.0,35.4864,1.0,5.0,,1,241003,12032015,2,3,1,3.0,1,2,1.0,3.0,2013.0,4.0,2.0,1.0,2.0,1.0,1.0,2005.0,5.0,1.0,2.0,2.0,,,,,,,,,,,,,,,1,3.0,5.0,2.0,1988.0,1.0,2.0,,,,,,,,,,,,,,,,,,,2,0.0,1,40.50767,7.0,10.0,2.0,5.0,241003.0,1.0,2.0,2.0,2.0,1.0,2.0,2.0,1.0,1.0,2.0,1.0,2.0,2.0,2.0,2.0,1.0,2.0,3.0,1.0,2.0,1.0,2.0,1.0,1.0,1.0,3.0,5.0,13.0,3.0,10.0,32.0,15.0,11.0,17.0,59.73902,2.0,1.0,4.0,,,,,,2.0,1.0,2.0,14.0,4.0,69290.0,,,,,,,7.0,8.0,10.0,4.0,2.0,3.0,,2.0,3.0,9.0,10.0,1.0,2.0,4.0,1.0,1.0,2.0,8.0,4.0,5.0,2.0,14.0,1.0,33.0,2.0,1.0,2.0,,
4,402002,18,1,1,1,0,21,402002,615004,1,2.0,1.0,0.0,0.0,1.0,2.0,0.0,0.0,18030,25830,25830,3,402002,1,,402002,600,13,,,615004,645,45,1,21,21,18030,25830,25830,2,402002,4,1,1,1,54,2.0,2.0,1.0,2.0,1.0,0.0,61.0,4.0,2.0,232751.0,25965,1.0,2.0,,5.0,5.0,5.0,5.0,1.0,5.0,5.0,1.0,1.0,50.66563,,5.0,5.0,1,402002,10102014,3,3,1,4.0,1,2,1.0,3.0,2005.0,13.0,1.0,3.0,4.0,3.0,3.0,2011.0,5.0,2.0,1.0,2.0,,,,,,,,,,,,,,,0,,,,,,,,,,,,,,,,,,,,,,,,,0,,1,58.92807,,,,5.0,402002.0,1.0,1.0,3.0,1.0,1.0,1.0,1.0,5.0,1.0,1.0,1.0,1.0,1.0,1.0,1.0,1.0,1.0,3.0,2.0,1.0,2.0,1.0,2.0,1.0,1.0,24.0,13.0,3.0,38.0,10.0,11.0,17.0,4.0,3.0,132.9535,1.0,,5.0,,,,,,2.0,1.0,12.0,,2.0,38544.0,6.0,15.0,16.0,12.0,,,2.0,7.0,10.0,4.0,3.0,4.0,,,,,,,,,,,,,,,8.0,11.0,3.0,21.0,2.0,3.0,,,
4,205004,109,3,1,1,1,32,134001,138251,0,,,,,,,,,4820,7230,7230,3,205004,1,,205004,930,11,,,103001,1030,60,2,33,33,7270,10905,10905,2,205004,3,1,1,3,21,1.0,1.0,3.0,3.0,2.0,0.0,55.0,3.0,2.0,103001.0,5337,4.0,,3.0,5.0,1.0,5.0,5.0,5.0,2.0,1.0,1.0,1.0,54.68791,1.0,4.0,,1,205004,26022015,4,2,1,4.0,1,2,1.0,3.0,2005.0,4.0,1.0,3.0,2.0,1.0,1.0,2011.0,4.0,1.0,3.0,2.0,,,,,,,,,,,,,,,0,,,,,,,,,,,,,,,,,,,,,,,,,0,,2,58.31077,4.0,,,5.0,205004.0,1.0,1.0,2.0,1.0,2.0,2.0,1.0,4.0,2.0,2.0,1.0,2.0,2.0,2.0,1.0,2.0,2.0,7.0,1.0,2.0,2.0,2.0,1.0,1.0,2.0,3.0,6.0,17.0,35.0,10.0,21.0,11.0,23.0,2.0,242.9206,2.0,1.0,2.0,2.0,4.0,4.0,3.0,4.0,,,,,4.0,69383.0,,,,,,,1.0,2.0,3.0,1.0,3.0,3.0,,2.0,1.0,11.0,12.0,6.0,8.0,1.0,1.0,1.0,,,4.0,5.0,1.0,4.0,1.0,32.0,2.0,3.0,,,
4,128004,17,2,1,1,5,33,118251,122251,2,,,,,,,,,2760,4140,4140,3,128004,1,,128004,1100,11,,,242452,1207,67,2,33,33,8050,12075,12075,2,128004,2,1,1,4,29,1.0,1.0,1.0,5.0,1.0,0.0,46.0,2.0,2.0,242452.0,8426,3.0,,3.0,4.0,1.0,3.0,5.0,2.0,2.0,1.0,1.0,1.0,46.2004,1.0,4.0,,1,128004,19112014,3,3,1,4.0,1,2,1.0,3.0,2008.0,9.0,1.0,2.0,4.0,1.0,3.0,2006.0,6.0,1.0,2.0,4.0,,,,,,,,,,,,,,,0,,,,,,,,,,,,,,,,,,,,,,,,,0,,2,52.02773,6.0,,2.0,5.0,128004.0,1.0,1.0,2.0,2.0,1.0,1.0,1.0,5.0,1.0,2.0,2.0,1.0,2.0,1.0,1.0,2.0,1.0,7.0,1.0,1.0,2.0,1.0,1.0,2.0,1.0,1.0,6.0,12.0,3.0,10.0,22.0,3.0,4.0,11.0,94.03074,2.0,2.0,2.0,1.0,,1.0,1.0,,,,,,5.0,69383.0,,,,,,,,,,1.0,1.0,3.0,5.0,1.0,1.0,8.0,,1.0,3.0,1.0,1.0,1.0,10.0,,5.0,7.0,8.0,11.0,5.0,,2.0,2.0,,1.0,2.0
4,250751,55,2,2,1,2,21,404551,250751,2,1.0,2.0,1.0,0.0,3.0,2.0,2.0,0.0,4490,7010,7010,3,250751,32,,404551,1645,1,,,250751,1700,15,1,21,21,4490,7010,7010,2,250751,3,1,1,1,43,1.0,1.0,1.0,2.0,2.0,0.0,56.0,4.0,2.0,131002.0,15056,1.0,2.0,,5.0,5.0,5.0,5.0,1.0,5.0,4.0,1.0,1.0,50.76388,,4.0,,1,250751,5022015,4,2,1,4.0,1,2,1.0,2.0,1999.0,5.0,1.0,3.0,2.0,1.0,2.0,1998.0,4.0,1.0,3.0,2.0,,,,,,,,,,,,,,,0,,,,,,,,,,,,,,,,,,,,,,,,,0,,2,48.22574,4.0,10.0,,5.0,250751.0,1.0,2.0,1.0,2.0,2.0,1.0,1.0,6.0,2.0,2.0,2.0,2.0,2.0,1.0,2.0,1.0,2.0,8.0,2.0,1.0,1.0,1.0,1.0,1.0,1.0,3.0,10.0,1.0,3.0,9.0,14.0,4.0,17.0,14.0,101.5594,2.0,3.0,5.0,,,,,,2.0,5.0,,,4.0,69091.0,18.0,,,7.0,,,10.0,,,5.0,3.0,5.0,,2.0,6.0,,,1.0,,3.0,1.0,1.0,8.0,12.0,2.0,,1.0,7.0,5.0,,2.0,3.0,,,
4,403001,119,1,1,1,1,21,403001,257003,0,2.0,1.0,0.0,0.0,3.0,2.0,0.0,0.0,9730,14090,14090,3,403001,1,,403001,630,11,,,257003,655,25,1,21,21,9730,14090,14090,2,403001,5,1,1,1,30,1.0,2.0,1.0,1.0,1.0,0.0,61.0,4.0,2.0,257003.0,9726,1.0,3.0,,1.0,1.0,5.0,5.0,1.0,5.0,5.0,1.0,1.0,88.81258,,5.0,5.0,1,403001,28032015,4,2,1,4.0,1,2,1.0,3.0,2007.0,7.0,1.0,1.0,4.0,1.0,3.0,1997.0,6.0,1.0,1.0,4.0,,,,,,,,,,,,,,,0,,,,,,,,,,,,,,,,,,,,,,,,,1,0.0,2,84.41407,,,,5.0,403001.0,1.0,1.0,1.0,1.0,2.0,1.0,1.0,7.0,2.0,1.0,1.0,1.0,1.0,2.0,1.0,1.0,2.0,8.0,2.0,2.0,1.0,2.0,2.0,1.0,2.0,7.0,36.0,22.0,10.0,38.0,23.0,23.0,29.0,30.0,143.3685,2.0,,5.0,,,,,,2.0,14.0,,,2.0,38544.0,7.0,18.0,,,,,1.0,9.0,10.0,1.0,3.0,1.0,2.0,,,,,,,,,,,,,,1.0,2.0,5.0,,2.0,1.0,2.0,,
4,256002,115,2,4,1,0,21,403003,256002,0,1.0,3.0,0.0,2.0,1.0,2.0,0.0,1.0,9380,13710,13710,3,256002,62,54.0,403003,2330,1,,,256002,2355,25,1,21,21,9380,13710,13710,2,256002,5,1,1,1,42,1.0,1.0,1.0,6.0,1.0,0.0,47.0,4.0,2.0,126451.0,18620,1.0,3.0,,3.0,1.0,5.0,5.0,1.0,5.0,3.0,1.0,1.0,60.38767,,3.0,,1,256002,21032015,1,1,1,4.0,1,2,1.0,6.0,2013.0,5.0,2.0,1.0,2.0,1.0,5.0,2014.0,1.0,1.0,1.0,2.0,,,,,,,,,,,,,,,0,,,,,,,,,,,,,,,,,,,,,,,,,6,0.0,1,66.60377,8.0,9.0,,5.0,256002.0,1.0,1.0,2.0,1.0,1.0,2.0,2.0,4.0,1.0,1.0,1.0,1.0,2.0,1.0,2.0,2.0,2.0,6.0,2.0,1.0,2.0,2.0,1.0,1.0,1.0,1.0,6.0,13.0,13.0,38.0,33.0,15.0,17.0,23.0,111.8142,1.0,1.0,5.0,,,,,,2.0,2.0,,,2.0,38544.0,,,,,,,6.0,10.0,,4.0,1.0,4.0,,2.0,3.0,,,8.0,,3.0,2.0,13.0,,,2.0,6.0,14.0,,5.0,,2.0,2.0,,2.0,
4,117752,3,1,2,1,0,21,123001,117752,0,1.0,1.0,0.0,0.0,2.0,2.0,0.0,0.0,1470,1940,1940,3,117752,54,,123002,1900,1,,,117752,1930,30,1,21,21,1470,1940,1940,2,117752,2,1,2,2,30,1.0,1.0,1.0,6.0,1.0,0.0,31.0,4.0,2.0,139006.0,2610,1.0,3.0,,5.0,2.0,3.0,5.0,2.0,4.0,2.0,1.0,4.0,81.55063,,5.0,,1,117752,25022015,4,1,2,,1,2,1.0,6.0,2014.0,3.0,1.0,2.0,2.0,1.0,5.0,2013.0,5.0,2.0,2.0,2.0,,,,,,,,,,,,,,,0,,,,,,,,,,,,,,,,,,,,,,,,,1,0.0,2,77.6637,6.0,,2.0,5.0,117752.0,1.0,1.0,1.0,1.0,1.0,1.0,1.0,2.0,1.0,2.0,2.0,1.0,1.0,1.0,1.0,1.0,2.0,7.0,1.0,1.0,2.0,2.0,1.0,1.0,1.0,3.0,24.0,,4.0,38.0,,3.0,18.0,,164.5291,2.0,1.0,5.0,,,,,,2.0,13.0,,,5.0,69383.0,,,,,,,,,,5.0,2.0,2.0,3.0,1.0,3.0,4.0,9.0,4.0,,1.0,1.0,2.0,5.0,10.0,7.0,8.0,1.0,2.0,3.0,21.0,2.0,2.0,,2.0,
4,131001,110,1,2,1,10,51,938185,125251,6,,,,,,,,,92990,139485,77948,3,131001,13,,938185,1830,1,,,131001,2000,90,2,33,51,96280,144420,82883,2,131001,3,1,1,1,27,1.0,1.0,1.0,6.0,1.0,0.0,36.0,2.0,2.0,125001.0,3484,2.0,,2.0,2.0,1.0,4.0,5.0,3.0,2.0,1.0,1.0,1.0,94.27377,1.0,1.0,,1,131001,15012015,4,3,1,4.0,1,2,1.0,3.0,2012.0,4.0,1.0,2.0,1.0,1.0,3.0,2012.0,6.0,1.0,2.0,1.0,,,,,,,,,,,,,,,0,,,,,,,,,,,,,,,,,,,,,,,,,2,0.0,2,72.01975,3.0,6.0,2.0,5.0,131001.0,2.0,1.0,1.0,3.0,1.0,2.0,1.0,7.0,2.0,2.0,1.0,1.0,3.0,1.0,2.0,1.0,2.0,6.0,2.0,1.0,2.0,2.0,2.0,1.0,2.0,6.0,3.0,7.0,2.0,3.0,11.0,17.0,18.0,4.0,185.6221,2.0,1.0,5.0,,,,,,2.0,1.0,3.0,4.0,2.0,69383.0,,,,,,,3.0,7.0,8.0,1.0,2.0,5.0,,1.0,2.0,3.0,9.0,3.0,4.0,3.0,1.0,5.0,8.0,10.0,4.0,5.0,2.0,12.0,5.0,,2.0,2.0,,4.0,8.0
4,208753,17,4,3,1,1,21,129002,208753,1,2.0,1.0,0.0,0.0,2.0,2.0,3.0,0.0,6440,13570,13570,3,208753,43,,129002,1700,1,,,208753,1730,30,1,21,21,6440,13570,13570,2,208753,2,1,1,3,22,1.0,2.0,1.0,0.0,4.0,0.0,87.0,4.0,2.0,129651.0,6501,1.0,3.0,,5.0,1.0,5.0,1.0,1.0,2.0,4.0,1.0,,83.29406,,5.0,,1,208753,5112014,4,2,1,1.0,1,3,1.0,3.0,2012.0,4.0,2.0,2.0,2.0,1.0,3.0,2004.0,7.0,1.0,2.0,2.0,1.0,3.0,2013.0,5.0,1.0,2.0,2.0,,,,,,,,0,,,,,,,,,,,,,,,,,,,,,,,,,1,0.0,2,106.7799,8.0,,2.0,5.0,208753.0,2.0,2.0,2.0,2.0,2.0,1.0,2.0,6.0,2.0,2.0,2.0,2.0,1.0,2.0,2.0,1.0,1.0,5.0,1.0,2.0,1.0,1.0,2.0,2.0,2.0,13.0,7.0,1.0,22.0,31.0,,17.0,15.0,29.0,452.421,2.0,1.0,2.0,2.0,4.0,4.0,3.0,,,,,,4.0,69382.0,16.0,,,,,,9.0,,,1.0,1.0,5.0,,1.0,3.0,8.0,10.0,1.0,6.0,4.0,1.0,6.0,7.0,,1.0,,1.0,11.0,,,2.0,2.0,,8.0,
4,240001,90,2,1,1,1,21,240001,201004,1,2.0,1.0,0.0,0.0,3.0,2.0,0.0,0.0,4930,8240,8240,3,240001,1,,240001,900,11,,,201004,915,15,1,21,21,4930,8240,8240,2,240001,5,1,1,1,31,1.0,1.0,1.0,3.0,1.0,0.0,61.0,4.0,2.0,201004.0,4925,1.0,3.0,,1.0,1.0,3.0,3.0,1.0,2.0,5.0,1.0,1.0,123.1675,,3.0,,1,240001,28022015,4,4,1,4.0,1,2,1.0,1.0,2000.0,8.0,1.0,1.0,2.0,1.0,3.0,1990.0,5.0,1.0,3.0,2.0,,,,,,,,,,,,,,,1,3.0,5.0,2.0,2000.0,1.0,2.0,,,,,,,,,,,,,,,,,,,2,0.0,1,106.2823,9.0,,,5.0,240001.0,1.0,2.0,2.0,2.0,2.0,1.0,2.0,6.0,2.0,2.0,2.0,2.0,2.0,2.0,1.0,2.0,2.0,7.0,2.0,2.0,2.0,2.0,2.0,2.0,2.0,3.0,1.0,7.0,3.0,5.0,35.0,4.0,3.0,15.0,235.8707,1.0,1.0,2.0,2.0,4.0,1.0,3.0,4.0,,,,,4.0,69383.0,,,,,,,,,,5.0,2.0,1.0,,2.0,2.0,7.0,,2.0,8.0,1.0,1.0,8.0,12.0,,1.0,,11.0,,4.0,,2.0,1.0,2.0,,
4,402002,18,1,2,1,1,21,615004,402002,1,2.0,1.0,0.0,0.0,2.0,2.0,0.0,0.0,18030,23580,23580,3,402002,13,,615004,1800,33,,,402002,1830,30,1,21,21,18030,23580,23580,2,402002,4,1,1,1,54,2.0,2.0,1.0,2.0,1.0,0.0,61.0,4.0,2.0,232751.0,25965,1.0,2.0,,5.0,5.0,5.0,5.0,1.0,5.0,5.0,1.0,1.0,50.66563,,5.0,5.0,1,402002,10102014,3,3,1,4.0,1,2,1.0,3.0,2005.0,13.0,1.0,3.0,4.0,3.0,3.0,2011.0,5.0,2.0,1.0,2.0,,,,,,,,,,,,,,,0,,,,,,,,,,,,,,,,,,,,,,,,,0,,1,58.92807,,,,5.0,402002.0,1.0,1.0,3.0,1.0,1.0,1.0,1.0,5.0,1.0,1.0,1.0,1.0,1.0,1.0,1.0,1.0,1.0,3.0,2.0,1.0,2.0,1.0,2.0,1.0,1.0,24.0,13.0,3.0,38.0,10.0,11.0,17.0,4.0,3.0,132.9535,1.0,,5.0,,,,,,2.0,1.0,12.0,,2.0,38544.0,6.0,15.0,16.0,12.0,,,2.0,7.0,10.0,4.0,3.0,4.0,,,,,,,,,,,,,,,8.0,11.0,3.0,21.0,2.0,3.0,,,
4,234005,123,4,3,1,5,32,125251,234251,15,,,,,,,,,8980,13470,13470,3,234005,54,,127007,1830,1,,,234005,1930,60,1,32,32,8980,13470,13470,2,234005,5,1,1,6,22,2.0,1.0,2.0,0.0,4.0,0.0,87.0,3.0,2.0,204851.0,5674,4.0,,3.0,2.0,1.0,5.0,5.0,5.0,5.0,1.0,1.0,,107.7589,1.0,5.0,,1,234005,21032015,1,1,1,4.0,1,4,1.0,3.0,1992.0,6.0,1.0,2.0,2.0,3.0,3.0,1992.0,10.0,1.0,2.0,2.0,1.0,1.0,1999.0,7.0,1.0,2.0,2.0,1.0,3.0,2000.0,7.0,1.0,2.0,2.0,0,,,,,,,,,,,,,,,,,,,,,,,,,1,0.0,1,75.35816,9.0,,2.0,5.0,234005.0,1.0,1.0,2.0,1.0,1.0,1.0,1.0,4.0,1.0,2.0,2.0,2.0,2.0,1.0,1.0,2.0,1.0,7.0,1.0,2.0,2.0,2.0,1.0,1.0,1.0,27.0,22.0,1.0,3.0,2.0,34.0,4.0,25.0,21.0,645.8181,2.0,3.0,5.0,,,,,,2.0,14.0,,,2.0,69383.0,,,,,,,7.0,10.0,,4.0,3.0,5.0,,2.0,6.0,,,3.0,8.0,1.0,1.0,9.0,10.0,12.0,2.0,4.0,1.0,14.0,,,2.0,3.0,,,
4,257001,120,3,2,1,1,21,257001,257001,0,1.0,1.0,0.0,0.0,1.0,2.0,0.0,0.0,896,1613,1613,3,257001,11,,257001,1615,1,,,257001,1620,5,1,21,21,896,1613,1613,2,257001,4,1,1,3,27,1.0,1.0,1.0,2.0,1.0,0.0,61.0,4.0,2.0,257001.0,1613,1.0,2.0,,1.0,1.0,3.0,5.0,1.0,4.0,5.0,1.0,1.0,121.1378,,5.0,,1,257001,27032015,2,1,1,1.0,1,2,1.0,1.0,1991.0,6.0,1.0,1.0,3.0,1.0,1.0,1991.0,9.0,1.0,1.0,3.0,,,,,,,,,,,,,,,0,,,,,,,,,,,,,,,,,,,,,,,,,3,0.0,1,85.12674,1.0,2.0,,5.0,257001.0,1.0,1.0,2.0,1.0,3.0,1.0,1.0,1.0,1.0,1.0,1.0,1.0,2.0,2.0,1.0,1.0,1.0,8.0,1.0,1.0,2.0,2.0,2.0,2.0,2.0,3.0,6.0,7.0,10.0,25.0,26.0,4.0,3.0,25.0,349.7599,2.0,1.0,4.0,,,,,,2.0,2.0,,,2.0,69294.0,18.0,,,,,,,,,5.0,3.0,5.0,,1.0,1.0,11.0,12.0,2.0,7.0,1.0,1.0,3.0,8.0,11.0,1.0,2.0,3.0,12.0,4.0,,2.0,2.0,,6.0,7.0
4,243002,72,3,1,1,0,21,243002,145651,5,4.0,1.0,0.0,0.0,3.0,2.0,2.0,0.0,14430,23470,23470,3,243002,1,,243002,715,25,,,145651,755,40,1,21,21,14430,23470,23470,2,243002,2,1,1,3,19,1.0,1.0,1.0,0.0,4.0,0.0,86.0,3.0,2.0,145651.0,14427,1.0,1.0,,1.0,2.0,4.0,5.0,1.0,5.0,2.0,1.0,,90.14437,1.0,5.0,,1,243002,21012015,1,1,1,1.0,1,4,1.0,1.0,1971.0,11.0,1.0,1.0,2.0,1.0,3.0,2010.0,7.0,1.0,1.0,2.0,1.0,3.0,2013.0,10.0,1.0,1.0,2.0,1.0,1.0,2005.0,5.0,1.0,1.0,2.0,0,,,,,,,,,,,,,,,,,,,,,,,,,4,0.0,1,55.49504,4.0,9.0,,5.0,243002.0,1.0,1.0,1.0,1.0,1.0,1.0,3.0,4.0,2.0,3.0,2.0,2.0,2.0,1.0,1.0,1.0,1.0,9.0,2.0,1.0,2.0,1.0,1.0,1.0,2.0,3.0,7.0,22.0,38.0,21.0,4.0,2.0,17.0,21.0,181.1638,1.0,3.0,2.0,2.0,,4.0,1.0,,,,,,2.0,69290.0,,,,,,,2.0,7.0,8.0,1.0,2.0,3.0,,1.0,1.0,3.0,,1.0,2.0,3.0,1.0,13.0,,,2.0,4.0,5.0,13.0,,,2.0,1.0,2.0,,
4,304002,80,2,1,1,1,21,304002,141003,0,2.0,1.0,0.0,0.0,2.0,2.0,0.0,0.0,22880,29690,29690,3,304002,1,,304002,745,11,,,141003,825,40,1,21,21,22880,29690,29690,2,304002,3,1,2,2,34,1.0,1.0,1.0,6.0,1.0,0.0,48.0,4.0,2.0,141003.0,22885,1.0,4.0,,5.0,5.0,5.0,5.0,1.0,4.0,5.0,1.0,1.0,75.8805,,5.0,5.0,1,304002,5022015,2,1,1,4.0,1,3,1.0,3.0,2007.0,7.0,3.0,3.0,2.0,1.0,3.0,2012.0,7.0,3.0,3.0,2.0,1.0,1.0,2003.0,7.0,1.0,2.0,2.0,,,,,,,,0,,,,,,,,,,,,,,,,,,,,,,,,,0,,1,67.88207,,,,5.0,304002.0,1.0,1.0,1.0,1.0,1.0,2.0,3.0,4.0,1.0,1.0,1.0,1.0,2.0,2.0,1.0,2.0,1.0,1.0,1.0,1.0,1.0,1.0,1.0,1.0,2.0,3.0,1.0,24.0,27.0,4.0,22.0,25.0,27.0,4.0,186.3132,2.0,,4.0,,,,,,2.0,2.0,13.0,14.0,2.0,38449.0,7.0,9.0,16.0,6.0,7.0,10.0,7.0,8.0,10.0,5.0,2.0,2.0,4.0,,,,,,,,,,,,,,2.0,3.0,5.0,,2.0,2.0,,6.0,
4,214006,95,4,1,1,0,22,214006,131003,0,,,,,,,,,2850,6630,6630,3,214006,1,,214006,700,24,,,131003,745,45,1,22,22,2850,6630,6630,2,214006,2,1,1,5,17,1.0,1.0,2.0,0.0,5.0,0.0,85.0,1.0,2.0,131003.0,2846,,,,,1.0,5.0,5.0,5.0,1.0,1.0,1.0,,104.4756,1.0,4.0,,1,214006,21012015,4,3,1,3.0,1,3,1.0,1.0,2009.0,4.0,1.0,1.0,2.0,1.0,1.0,2002.0,9.0,1.0,1.0,2.0,1.0,3.0,2012.0,5.0,2.0,1.0,2.0,,,,,,,,0,,,,,,,,,,,,,,,,,,,,,,,,,5,0.0,1,131.4104,2.0,,,5.0,214006.0,1.0,1.0,1.0,1.0,1.0,2.0,2.0,2.0,3.0,2.0,1.0,2.0,2.0,1.0,1.0,2.0,1.0,9.0,1.0,1.0,2.0,2.0,1.0,2.0,1.0,7.0,3.0,1.0,3.0,10.0,7.0,17.0,25.0,29.0,404.7817,2.0,3.0,5.0,,,,,,2.0,14.0,,,3.0,69382.0,,,,,,,5.0,6.0,,5.0,3.0,3.0,,1.0,3.0,,,3.0,,1.0,1.0,1.0,,,,,1.0,12.0,,,2.0,3.0,,,
4,305003,54,1,1,1,0,81,305003,973011,0,2.0,1.0,0.0,0.0,3.0,2.0,0.0,,96530,124210,43790,3,305003,1,,305003,730,13,,,973011,850,80,1,81,81,96530,124210,43790,2,305003,5,1,1,1,44,2.0,2.0,1.0,1.0,1.0,0.0,48.0,4.0,2.0,254451.0,17939,1.0,4.0,,1.0,3.0,2.0,5.0,1.0,5.0,5.0,1.0,1.0,68.76657,,5.0,4.0,1,305003,13122014,4,2,1,4.0,1,2,1.0,3.0,2012.0,6.0,1.0,3.0,2.0,3.0,3.0,2014.0,9.0,2.0,3.0,2.0,,,,,,,,,,,,,,,0,,,,,,,,,,,,,,,,,,,,,,,,,3,0.0,1,56.04359,,,,5.0,305003.0,1.0,1.0,1.0,1.0,1.0,1.0,1.0,1.0,1.0,1.0,1.0,1.0,3.0,1.0,1.0,1.0,1.0,1.0,1.0,2.0,1.0,1.0,1.0,1.0,2.0,3.0,22.0,25.0,17.0,21.0,29.0,2.0,15.0,17.0,278.9219,2.0,,5.0,,,,,,2.0,14.0,,,4.0,38537.0,19.0,,,,,,,,,5.0,1.0,4.0,5.0,,,,,,,,,,,,,,3.0,4.0,5.0,,1.0,2.0,,10.0,
4,250751,55,2,1,1,2,21,250751,404551,2,1.0,2.0,1.0,0.0,3.0,2.0,0.0,0.0,4490,7670,7670,3,250751,1,,250751,1600,32,,,404551,1615,15,1,21,21,4490,7670,7670,2,250751,3,1,1,1,43,1.0,1.0,1.0,2.0,2.0,0.0,56.0,4.0,2.0,131002.0,15056,1.0,2.0,,5.0,5.0,5.0,5.0,1.0,5.0,4.0,1.0,1.0,50.76388,,4.0,,1,250751,5022015,4,2,1,4.0,1,2,1.0,2.0,1999.0,5.0,1.0,3.0,2.0,1.0,2.0,1998.0,4.0,1.0,3.0,2.0,,,,,,,,,,,,,,,0,,,,,,,,,,,,,,,,,,,,,,,,,0,,2,48.22574,4.0,10.0,,5.0,250751.0,1.0,2.0,1.0,2.0,2.0,1.0,1.0,6.0,2.0,2.0,2.0,2.0,2.0,1.0,2.0,1.0,2.0,8.0,2.0,1.0,1.0,1.0,1.0,1.0,1.0,3.0,10.0,1.0,3.0,9.0,14.0,4.0,17.0,14.0,101.5594,2.0,3.0,5.0,,,,,,2.0,5.0,,,4.0,69091.0,18.0,,,7.0,,,10.0,,,5.0,3.0,5.0,,2.0,6.0,,,1.0,,3.0,1.0,1.0,8.0,12.0,2.0,,1.0,7.0,5.0,,2.0,3.0,,,
4,214004,37,2,1,1,0,21,214004,213006,5,3.0,1.0,0.0,0.0,3.0,2.0,0.0,0.0,2770,3520,3520,3,214004,1,,214004,730,24,,,213006,740,10,1,21,21,2770,3520,3520,2,214004,4,1,2,2,23,1.0,1.0,1.0,0.0,3.0,0.0,89.0,4.0,2.0,213006.0,2770,1.0,1.0,,5.0,1.0,5.0,5.0,1.0,5.0,3.0,1.0,,113.3616,,5.0,,1,214004,27022015,4,2,1,4.0,1,3,1.0,3.0,2006.0,7.0,1.0,1.0,3.0,1.0,3.0,2004.0,4.0,1.0,3.0,2.0,1.0,3.0,2002.0,4.0,1.0,3.0,2.0,,,,,,,,0,,,,,,,,,,,,,,,,,,,,,,,,,2,0.0,1,86.36778,8.0,9.0,,5.0,214004.0,1.0,1.0,3.0,1.0,3.0,3.0,1.0,4.0,1.0,2.0,1.0,3.0,3.0,3.0,3.0,1.0,1.0,9.0,1.0,3.0,2.0,2.0,1.0,1.0,1.0,1.0,6.0,5.0,4.0,15.0,37.0,29.0,26.0,21.0,133.0187,2.0,1.0,2.0,2.0,,4.0,1.0,,,,,,2.0,69383.0,,,,,,,9.0,,,5.0,3.0,4.0,,2.0,2.0,,,3.0,,3.0,1.0,1.0,2.0,8.0,,,1.0,4.0,,,2.0,1.0,2.0,,
4,206002,41,3,1,1,0,21,206002,121002,2,3.0,1.0,0.0,0.0,2.0,2.0,0.0,0.0,2030,3660,3660,3,206002,1,,206002,750,25,,,121002,800,10,1,21,21,2030,3660,3660,2,206002,2,1,1,3,22,1.0,1.0,1.0,0.0,4.0,0.0,88.0,4.0,2.0,121002.0,2025,1.0,3.0,,4.0,1.0,5.0,5.0,1.0,2.0,3.0,1.0,,104.5314,,4.0,,1,206002,26112014,4,1,1,4.0,1,3,1.0,1.0,2002.0,9.0,1.0,1.0,2.0,1.0,7.0,2011.0,6.0,2.0,1.0,2.0,1.0,1.0,1997.0,6.0,1.0,1.0,2.0,,,,,,,,0,,,,,,,,,,,,,,,,,,,,,,,,,4,0.0,1,75.73054,1.0,9.0,,5.0,206002.0,1.0,1.0,1.0,2.0,1.0,2.0,1.0,1.0,3.0,1.0,1.0,2.0,2.0,1.0,1.0,1.0,1.0,8.0,1.0,1.0,2.0,2.0,2.0,1.0,1.0,6.0,27.0,3.0,3.0,22.0,34.0,29.0,3.0,31.0,406.0349,1.0,1.0,4.0,,,,,,2.0,11.0,13.0,,3.0,69383.0,,,,,,,1.0,2.0,3.0,5.0,3.0,3.0,,1.0,3.0,8.0,,1.0,2.0,1.0,1.0,1.0,10.0,,4.0,5.0,2.0,8.0,,,2.0,1.0,2.0,,
4,252002,10,2,2,1,0,21,215002,252002,0,1.0,1.0,0.0,0.0,3.0,2.0,0.0,0.0,5500,7620,7620,3,252002,63,23.0,215002,732,1,,,252002,752,20,1,21,21,5500,7620,7620,2,252002,2,1,1,1,26,1.0,1.0,1.0,4.0,1.0,0.0,55.0,4.0,2.0,517009.0,19092,1.0,3.0,,2.0,1.0,5.0,5.0,1.0,4.0,5.0,1.0,1.0,132.5176,,5.0,,1,252002,15102014,3,2,1,4.0,1,2,1.0,3.0,2005.0,6.0,1.0,3.0,2.0,1.0,3.0,2002.0,2.0,4.0,3.0,2.0,,,,,,,,,,,,,,,0,,,,,,,,,,,,,,,,,,,,,,,,,0,,2,113.6791,10.0,,,5.0,252002.0,1.0,1.0,2.0,1.0,1.0,1.0,1.0,5.0,1.0,3.0,1.0,3.0,3.0,1.0,1.0,1.0,3.0,8.0,1.0,1.0,2.0,2.0,2.0,2.0,1.0,27.0,13.0,24.0,6.0,34.0,23.0,3.0,25.0,,222.9839,2.0,3.0,5.0,,,,,,2.0,2.0,,,2.0,69382.0,1.0,6.0,7.0,,,,10.0,,,5.0,3.0,2.0,5.0,2.0,2.0,,,1.0,3.0,1.0,1.0,12.0,,,5.0,,5.0,13.0,1.0,21.0,2.0,3.0,,,
4,234005,123,4,2,1,2,32,204851,119003,2,,,,,,,,,2940,4410,4410,3,234005,25,,204851,1700,54,,,127007,1740,40,2,32,32,5270,7905,7905,2,234005,5,1,1,6,22,2.0,1.0,2.0,0.0,4.0,0.0,87.0,3.0,2.0,204851.0,5674,4.0,,3.0,2.0,1.0,5.0,5.0,5.0,5.0,1.0,1.0,,107.7589,1.0,5.0,,1,234005,21032015,1,1,1,4.0,1,4,1.0,3.0,1992.0,6.0,1.0,2.0,2.0,3.0,3.0,1992.0,10.0,1.0,2.0,2.0,1.0,1.0,1999.0,7.0,1.0,2.0,2.0,1.0,3.0,2000.0,7.0,1.0,2.0,2.0,0,,,,,,,,,,,,,,,,,,,,,,,,,1,0.0,1,75.35816,9.0,,2.0,5.0,234005.0,1.0,1.0,2.0,1.0,1.0,1.0,1.0,4.0,1.0,2.0,2.0,2.0,2.0,1.0,1.0,2.0,1.0,7.0,1.0,2.0,2.0,2.0,1.0,1.0,1.0,27.0,22.0,1.0,3.0,2.0,34.0,4.0,25.0,21.0,645.8181,2.0,3.0,5.0,,,,,,2.0,14.0,,,2.0,69383.0,,,,,,,7.0,10.0,,4.0,3.0,5.0,,2.0,6.0,,,3.0,8.0,1.0,1.0,9.0,10.0,12.0,2.0,4.0,1.0,14.0,,,2.0,3.0,,,
4,222004,83,2,2,1,0,21,971118,222004,0,2.0,1.0,0.0,0.0,1.0,2.0,0.0,0.0,109930,125790,47220,3,222004,11,,971118,1730,1,,,222004,1845,75,1,21,21,109930,125790,47220,2,222004,2,1,2,2,54,1.0,1.0,1.0,5.0,1.0,0.0,36.0,4.0,2.0,971118.0,109928,1.0,2.0,,1.0,5.0,5.0,5.0,1.0,4.0,5.0,1.0,1.0,38.35015,,5.0,,1,222004,4032015,1,1,1,3.0,1,2,1.0,3.0,2014.0,12.0,1.0,1.0,2.0,1.0,3.0,2015.0,5.0,1.0,1.0,2.0,,,,,,,,,,,,,,,0,,,,,,,,,,,,,,,,,,,,,,,,,0,,1,50.95545,9.0,,,5.0,222004.0,1.0,3.0,3.0,1.0,2.0,2.0,3.0,4.0,1.0,3.0,3.0,3.0,3.0,1.0,3.0,1.0,1.0,8.0,2.0,2.0,1.0,1.0,2.0,2.0,2.0,7.0,13.0,1.0,23.0,32.0,38.0,21.0,25.0,23.0,64.37528,2.0,1.0,4.0,,,,,,2.0,2.0,4.0,12.0,2.0,69383.0,2.0,9.0,12.0,6.0,10.0,12.0,5.0,6.0,,5.0,2.0,2.0,4.0,2.0,1.0,,,2.0,6.0,3.0,1.0,10.0,,,1.0,2.0,1.0,2.0,5.0,,2.0,2.0,,6.0,
4,124003,131,1,2,1,0,11,129001,124003,0,0.0,1.0,0.0,0.0,1.0,2.0,0.0,,2410,2720,2720,3,124003,11,,129001,1830,1,,,124003,1840,10,1,11,11,2410,2720,2720,2,124003,2,1,1,1,28,1.0,1.0,1.0,6.0,1.0,0.0,36.0,2.0,2.0,129001.0,2415,3.0,,1.0,1.0,1.0,1.0,5.0,3.0,5.0,2.0,1.0,1.0,102.7504,1.0,5.0,,1,124003,4022015,4,3,2,,1,1,1.0,1.0,2005.0,11.0,1.0,1.0,2.0,,,,,,,,,,,,,,,,,,,,,,0,,,,,,,,,,,,,,,,,,,,,,,,,2,0.0,1,100.1164,7.0,9.0,,5.0,124003.0,1.0,1.0,1.0,2.0,1.0,2.0,2.0,2.0,1.0,2.0,1.0,1.0,2.0,1.0,1.0,1.0,1.0,8.0,1.0,1.0,3.0,2.0,1.0,1.0,2.0,1.0,27.0,10.0,4.0,32.0,34.0,2.0,17.0,3.0,100.5935,2.0,1.0,5.0,,,,,,2.0,1.0,,,4.0,69383.0,,,,,,,,,,5.0,1.0,4.0,,1.0,1.0,2.0,3.0,2.0,,1.0,1.0,1.0,2.0,10.0,5.0,7.0,2.0,6.0,5.0,,2.0,3.0,,,
4,220003,93,3,1,1,5,39,975000,975000,0,,,,,,,,,0,0,0,3,220003,54,,975000,530,1,,,220003,900,210,4,53,52,0,0,0,2,220003,1,1,2,4,23,1.0,1.0,1.0,0.0,4.0,0.0,88.0,4.0,2.0,219651.0,3363,1.0,2.0,,1.0,4.0,5.0,5.0,1.0,1.0,4.0,1.0,,40.81751,,3.0,,1,220003,16122014,1,3,1,4.0,1,5,1.0,1.0,2001.0,9.0,2.0,1.0,2.0,1.0,1.0,2003.0,7.0,1.0,1.0,2.0,1.0,3.0,2008.0,5.0,1.0,1.0,2.0,1.0,3.0,2003.0,5.0,1.0,1.0,2.0,0,,,,,,,,,,,,,,,,,,,,,,,,,2,0.0,1,50.84909,5.0,,,5.0,220003.0,1.0,1.0,2.0,1.0,1.0,2.0,1.0,5.0,1.0,2.0,1.0,1.0,1.0,1.0,1.0,2.0,1.0,9.0,1.0,1.0,2.0,2.0,2.0,1.0,1.0,24.0,7.0,22.0,38.0,4.0,14.0,17.0,25.0,2.0,182.5708,1.0,1.0,1.0,1.0,2.0,1.0,1.0,,,,,,2.0,69044.0,,,,3.0,,,1.0,,,2.0,2.0,3.0,,1.0,3.0,,,2.0,,1.0,1.0,5.0,9.0,12.0,7.0,,2.0,4.0,,,2.0,1.0,2.0,,
4,140002,39,1,4,1,3,17,116002,140002,1,,,,,,,,,1670,2190,2190,3,140002,11,,116002,1630,1,,,140002,1645,15,1,17,17,1670,2190,2190,2,140002,3,1,1,1,59,1.0,1.0,1.0,4.0,1.0,1.0,32.0,2.0,2.0,116002.0,1670,4.0,,1.0,1.0,1.0,1.0,5.0,2.0,4.0,1.0,1.0,1.0,67.41725,1.0,5.0,,1,140002,15012015,4,1,1,4.0,1,2,1.0,3.0,2007.0,8.0,1.0,1.0,2.0,1.0,1.0,1991.0,6.0,1.0,2.0,2.0,,,,,,,,,,,,,,,0,,,,,,,,,,,,,,,,,,,,,,,,,2,0.0,1,104.4706,9.0,,2.0,5.0,140002.0,1.0,1.0,3.0,3.0,1.0,3.0,1.0,2.0,1.0,1.0,1.0,1.0,3.0,1.0,1.0,1.0,1.0,1.0,2.0,1.0,2.0,2.0,1.0,1.0,1.0,29.0,24.0,27.0,3.0,1.0,34.0,3.0,1.0,17.0,62.85287,1.0,1.0,4.0,,,,,,2.0,1.0,,,5.0,69383.0,,,,,,,,,,4.0,1.0,3.0,,1.0,13.0,,,3.0,4.0,1.0,1.0,1.0,8.0,,4.0,6.0,7.0,8.0,5.0,,2.0,3.0,,,
4,212002,69,3,2,2,0,11,211251,212002,0,0.0,1.0,0.0,0.0,1.0,2.0,0.0,,1950,2450,2450,3,212002,25,,131002,1945,1,,,212002,2010,25,2,33,33,3760,5165,5165,2,212002,3,1,1,3,19,2.0,1.0,3.0,0.0,4.0,0.0,87.0,3.0,2.0,131002.0,3805,4.0,,1.0,2.0,1.0,1.0,5.0,5.0,5.0,1.0,1.0,,101.626,1.0,5.0,,1,212002,27112014,1,1,1,1.0,1,2,1.0,3.0,2008.0,5.0,1.0,1.0,2.0,1.0,3.0,1985.0,6.0,1.0,1.0,2.0,,,,,,,,,,,,,,,0,,,,,,,,,,,,,,,,,,,,,,,,,5,0.0,1,70.87498,8.0,9.0,,5.0,212002.0,2.0,1.0,1.0,2.0,1.0,2.0,1.0,2.0,1.0,1.0,1.0,1.0,2.0,1.0,1.0,2.0,1.0,1.0,2.0,1.0,2.0,2.0,3.0,2.0,3.0,7.0,13.0,,3.0,1.0,22.0,7.0,25.0,,310.41,2.0,3.0,5.0,,,,,,2.0,1.0,14.0,,2.0,69383.0,,,,,,,,,,5.0,2.0,3.0,,1.0,1.0,2.0,3.0,1.0,2.0,4.0,1.0,4.0,,,7.0,10.0,2.0,11.0,,,2.0,3.0,,,
4,405002,67,1,1,1,0,21,405002,608001,2,1.0,3.0,1.0,1.0,2.0,2.0,3.0,0.0,28470,34480,34480,3,405002,1,,405002,1200,53,,,608001,1240,40,1,21,21,28470,34480,34480,2,405002,4,1,2,1,31,1.0,1.0,1.0,6.0,1.0,0.0,41.0,4.0,2.0,204851.0,27944,1.0,4.0,,5.0,2.0,5.0,5.0,1.0,2.0,4.0,1.0,6.0,108.0806,,4.0,5.0,1,405002,19122014,1,1,1,2.0,1,2,1.0,3.0,2006.0,5.0,4.0,1.0,2.0,1.0,3.0,2006.0,3.0,1.0,1.0,2.0,,,,,,,,,,,,,,,0,,,,,,,,,,,,,,,,,,,,,,,,,2,0.0,1,96.42811,10.0,,,5.0,405002.0,1.0,1.0,1.0,1.0,2.0,1.0,1.0,6.0,1.0,1.0,1.0,1.0,2.0,2.0,1.0,1.0,1.0,2.0,1.0,1.0,1.0,1.0,1.0,2.0,1.0,1.0,3.0,13.0,23.0,26.0,34.0,4.0,15.0,17.0,212.7325,2.0,,2.0,1.0,,1.0,1.0,,,,,,2.0,38544.0,4.0,7.0,13.0,,,,7.0,8.0,,4.0,1.0,1.0,4.0,,,,,,,,,,,,,,1.0,12.0,2.0,21.0,2.0,2.0,,2.0,
4,205003,58,1,2,1,2,31,126001,116001,2,,,,,,,,,1580,2370,2370,3,205003,11,,126001,1930,1,,,205003,2005,35,2,32,32,7260,10890,10890,2,205003,4,1,2,2,52,1.0,1.0,1.0,2.0,1.0,0.0,56.0,4.0,2.0,126001.0,6097,3.0,,1.0,5.0,1.0,5.0,5.0,2.0,3.0,1.0,1.0,1.0,58.55918,,5.0,,1,205003,30012015,4,1,1,1.0,1,2,3.0,3.0,2011.0,5.0,3.0,2.0,2.0,1.0,3.0,2012.0,10.0,1.0,1.0,2.0,,,,,,,,,,,,,,,0,,,,,,,,,,,,,,,,,,,,,,,,,0,,1,86.02521,4.0,,2.0,5.0,205003.0,1.0,1.0,2.0,1.0,1.0,1.0,2.0,1.0,1.0,2.0,2.0,2.0,2.0,1.0,1.0,1.0,1.0,1.0,1.0,1.0,2.0,1.0,1.0,1.0,2.0,3.0,22.0,7.0,23.0,34.0,10.0,25.0,37.0,33.0,116.055,1.0,2.0,3.0,4.0,,4.0,4.0,,,,,,2.0,69383.0,,,,,,,7.0,10.0,,5.0,1.0,4.0,,1.0,6.0,13.0,,1.0,4.0,3.0,1.0,8.0,12.0,,4.0,,1.0,4.0,5.0,,2.0,2.0,,10.0,
4,108003,28,2,1,2,1,33,110251,103251,5,,,,,,,,,3350,5025,5025,3,108003,1,,108003,1200,53,,,103007,1245,45,2,33,33,5360,8040,8040,2,108003,1,2,2,3,20,1.0,1.0,1.0,0.0,4.0,1.0,87.0,3.0,2.0,928000.0,388413,,,,,,,,,,,1.0,,41.23802,1.0,,,1,108003,18112014,4,3,1,2.0,1,2,1.0,3.0,2000.0,9.0,1.0,3.0,2.0,1.0,2.0,2003.0,7.0,1.0,3.0,2.0,,,,,,,,,,,,,,,0,,,,,,,,,,,,,,,,,,,,,,,,,2,0.0,2,36.54285,1.0,,,,,,,,,,,,,,,,,,,,,,,,,,,,,,,,,,,,,,,,,,,,,,,,,,,,,,,,,,,,,,,,,,,,,,,,,,,,,,,,,,,,,,,,
4,402002,18,1,3,1,1,21,402002,402002,2,2.0,1.0,0.0,0.0,1.0,2.0,0.0,0.0,414,745,745,3,402002,33,,402002,1835,1,,,402002,1840,5,1,21,21,414,745,745,2,402002,4,1,1,1,54,2.0,2.0,1.0,2.0,1.0,0.0,61.0,4.0,2.0,232751.0,25965,1.0,2.0,,5.0,5.0,5.0,5.0,1.0,5.0,5.0,1.0,1.0,50.66563,,5.0,5.0,1,402002,10102014,3,3,1,4.0,1,2,1.0,3.0,2005.0,13.0,1.0,3.0,4.0,3.0,3.0,2011.0,5.0,2.0,1.0,2.0,,,,,,,,,,,,,,,0,,,,,,,,,,,,,,,,,,,,,,,,,0,,1,58.92807,,,,5.0,402002.0,1.0,1.0,3.0,1.0,1.0,1.0,1.0,5.0,1.0,1.0,1.0,1.0,1.0,1.0,1.0,1.0,1.0,3.0,2.0,1.0,2.0,1.0,2.0,1.0,1.0,24.0,13.0,3.0,38.0,10.0,11.0,17.0,4.0,3.0,132.9535,1.0,,5.0,,,,,,2.0,1.0,12.0,,2.0,38544.0,6.0,15.0,16.0,12.0,,,2.0,7.0,10.0,4.0,3.0,4.0,,,,,,,,,,,,,,,8.0,11.0,3.0,21.0,2.0,3.0,,,
4,128004,17,2,2,1,10,32,242452,122251,2,,,,,,,,,5290,7935,7935,3,128004,11,,242452,2000,1,,,128004,2050,50,3,33,33,8590,12885,12885,2,128004,2,1,1,4,29,1.0,1.0,1.0,5.0,1.0,0.0,46.0,2.0,2.0,242452.0,8426,3.0,,3.0,4.0,1.0,3.0,5.0,2.0,2.0,1.0,1.0,1.0,46.2004,1.0,4.0,,1,128004,19112014,3,3,1,4.0,1,2,1.0,3.0,2008.0,9.0,1.0,2.0,4.0,1.0,3.0,2006.0,6.0,1.0,2.0,4.0,,,,,,,,,,,,,,,0,,,,,,,,,,,,,,,,,,,,,,,,,0,,2,52.02773,6.0,,2.0,5.0,128004.0,1.0,1.0,2.0,2.0,1.0,1.0,1.0,5.0,1.0,2.0,2.0,1.0,2.0,1.0,1.0,2.0,1.0,7.0,1.0,1.0,2.0,1.0,1.0,2.0,1.0,1.0,6.0,12.0,3.0,10.0,22.0,3.0,4.0,11.0,94.03074,2.0,2.0,2.0,1.0,,1.0,1.0,,,,,,5.0,69383.0,,,,,,,,,,1.0,1.0,3.0,5.0,1.0,1.0,8.0,,1.0,3.0,1.0,1.0,1.0,10.0,,5.0,7.0,8.0,11.0,5.0,,2.0,2.0,,1.0,2.0
4,117752,114,1,1,1,2,22,117752,209002,2,,,,,,,,,6150,7720,7720,3,117752,1,,117752,830,13,,,209002,850,20,1,22,22,6150,7720,7720,2,117752,3,1,2,2,32,2.0,1.0,1.0,0.0,4.0,1.0,88.0,3.0,2.0,201651.0,6653,4.0,,3.0,5.0,1.0,5.0,5.0,4.0,2.0,1.0,1.0,,81.55063,1.0,5.0,,1,117752,22012015,4,3,1,4.0,1,2,1.0,1.0,1996.0,4.0,1.0,2.0,4.0,3.0,3.0,2012.0,5.0,3.0,2.0,4.0,,,,,,,,,,,,,,,0,,,,,,,,,,,,,,,,,,,,,,,,,0,,2,77.6637,6.0,9.0,2.0,,,,,,,,,,,,,,,,,,,,,,,,,,,,,,,,,,,,,,,,,,,,,,,,,,,,,,,,,,,,,,,,,,,,,,,,,,,,,,,,,,,,,,
4,225008,24,3,1,1,0,21,225008,223002,1,2.0,2.0,1.0,0.0,0.0,,0.0,0.0,3230,5070,5070,3,225008,1,,225008,630,24,,,220451,745,75,3,31,21,13280,20145,20145,2,225008,1,1,1,3,17,1.0,2.0,3.0,0.0,3.0,0.0,89.0,3.0,2.0,220451.0,9333,,,,,1.0,5.0,2.0,1.0,1.0,1.0,1.0,,67.43763,1.0,4.0,,1,225008,25112014,1,1,1,4.0,1,2,1.0,1.0,1994.0,5.0,1.0,1.0,2.0,1.0,3.0,2006.0,7.0,1.0,1.0,2.0,,,,,,,,,,,,,,,1,3.0,2.0,1.0,1994.0,1.0,2.0,,,,,,,,,,,,,,,,,,,0,,1,66.82075,4.0,9.0,,5.0,225008.0,2.0,1.0,1.0,2.0,1.0,1.0,2.0,5.0,2.0,2.0,1.0,1.0,1.0,1.0,1.0,2.0,2.0,7.0,2.0,1.0,2.0,2.0,2.0,1.0,1.0,24.0,16.0,36.0,36.0,3.0,34.0,4.0,17.0,8.0,249.5641,2.0,1.0,1.0,2.0,4.0,4.0,3.0,4.0,,,,,2.0,69292.0,,,,,,,10.0,,,5.0,1.0,1.0,3.0,1.0,1.0,2.0,9.0,4.0,8.0,1.0,1.0,1.0,12.0,,,,5.0,12.0,,,2.0,3.0,,,
4,116002,142,1,1,1,5,21,116002,938185,3,2.0,1.0,0.0,0.0,4.0,2.0,2.0,0.0,92910,103390,57690,3,116002,1,,116002,730,25,,,938185,930,120,1,21,21,92910,103390,57690,2,116002,1,1,1,1,24,1.0,1.0,1.0,0.0,4.0,0.0,88.0,4.0,2.0,938185.0,92909,1.0,3.0,,5.0,3.0,4.0,4.0,1.0,5.0,4.0,1.0,,50.70332,,4.0,,1,116002,27012015,4,3,1,1.0,1,2,3.0,3.0,2013.0,5.0,1.0,1.0,2.0,3.0,3.0,1996.0,5.0,1.0,4.0,3.0,,,,,,,,,,,,,,,0,,,,,,,,,,,,,,,,,,,,,,,,,0,,2,51.97418,5.0,7.0,,5.0,116002.0,1.0,1.0,1.0,1.0,1.0,1.0,1.0,6.0,1.0,2.0,1.0,2.0,2.0,1.0,1.0,1.0,1.0,7.0,2.0,1.0,2.0,1.0,1.0,1.0,2.0,3.0,1.0,10.0,4.0,16.0,,26.0,29.0,17.0,123.2375,2.0,2.0,5.0,,,,,,1.0,2.0,11.0,,4.0,69383.0,2.0,7.0,,,,,5.0,6.0,,2.0,1.0,1.0,2.0,1.0,1.0,8.0,,1.0,3.0,3.0,1.0,1.0,10.0,,5.0,6.0,5.0,6.0,,,2.0,2.0,,7.0,8.0
4,239754,108,3,5,1,0,82,519009,208751,0,,,,,,,,,20360,26760,26760,3,239754,51,,519002,1630,27,,,208751,1715,45,1,82,82,20360,26760,26760,2,239754,2,2,1,3,14,2.0,2.0,2.0,0.0,5.0,0.0,84.0,2.0,2.0,207003.0,4462,,,,,,,,,,,1.0,,58.41907,1.0,,,1,239754,4022015,4,2,1,4.0,1,2,1.0,1.0,2001.0,9.0,1.0,3.0,2.0,1.0,3.0,1995.0,6.0,1.0,3.0,2.0,,,,,,,,,,,,,,,1,3.0,2.0,1.0,1996.0,1.0,3.0,,,,,,,,,,,,,,,,,,,5,0.0,1,59.8188,5.0,6.0,,,,,,,,,,,,,,,,,,,,,,,,,,,,,,,,,,,,,,,,,,,,,,,,,,,,,,,,,,,,,,,,,,,,,,,,,,,,,,,,,,,,,,,
4,239754,108,3,6,1,0,82,208751,134001,0,,,,,,,,,4150,10780,10780,3,239754,27,,208751,1930,53,,,134001,1945,15,1,82,82,4150,10780,10780,2,239754,2,2,1,3,14,2.0,2.0,2.0,0.0,5.0,0.0,84.0,2.0,2.0,207003.0,4462,,,,,,,,,,,1.0,,58.41907,1.0,,,1,239754,4022015,4,2,1,4.0,1,2,1.0,1.0,2001.0,9.0,1.0,3.0,2.0,1.0,3.0,1995.0,6.0,1.0,3.0,2.0,,,,,,,,,,,,,,,1,3.0,2.0,1.0,1996.0,1.0,3.0,,,,,,,,,,,,,,,,,,,5,0.0,1,59.8188,5.0,6.0,,,,,,,,,,,,,,,,,,,,,,,,,,,,,,,,,,,,,,,,,,,,,,,,,,,,,,,,,,,,,,,,,,,,,,,,,,,,,,,,,,,,,,,
4,225008,24,3,4,1,1,31,220451,110251,0,,,,,,,,,4580,6870,6870,3,225008,24,,220451,1630,1,,,225008,1745,75,3,31,31,12020,18030,18030,2,225008,1,1,1,3,17,1.0,2.0,3.0,0.0,3.0,0.0,89.0,3.0,2.0,220451.0,9333,,,,,1.0,5.0,2.0,1.0,1.0,1.0,1.0,,67.43763,1.0,4.0,,1,225008,25112014,1,1,1,4.0,1,2,1.0,1.0,1994.0,5.0,1.0,1.0,2.0,1.0,3.0,2006.0,7.0,1.0,1.0,2.0,,,,,,,,,,,,,,,1,3.0,2.0,1.0,1994.0,1.0,2.0,,,,,,,,,,,,,,,,,,,0,,1,66.82075,4.0,9.0,,5.0,225008.0,2.0,1.0,1.0,2.0,1.0,1.0,2.0,5.0,2.0,2.0,1.0,1.0,1.0,1.0,1.0,2.0,2.0,7.0,2.0,1.0,2.0,2.0,2.0,1.0,1.0,24.0,16.0,36.0,36.0,3.0,34.0,4.0,17.0,8.0,249.5641,2.0,1.0,1.0,2.0,4.0,4.0,3.0,4.0,,,,,2.0,69292.0,,,,,,,10.0,,,5.0,1.0,1.0,3.0,1.0,1.0,2.0,9.0,4.0,8.0,1.0,1.0,1.0,12.0,,,,5.0,12.0,,,2.0,3.0,,,
4,236003,26,4,1,3,3,31,124004,122851,5,,,,,,,,,1480,2220,2220,3,236003,1,,236003,730,25,,,122851,830,60,3,32,32,13320,19980,19980,2,236003,5,1,2,3,18,2.0,1.0,2.0,0.0,4.0,0.0,88.0,3.0,2.0,122851.0,11230,4.0,,1.0,5.0,1.0,5.0,5.0,5.0,3.0,1.0,1.0,,71.41238,1.0,4.0,,1,236003,8112014,3,2,1,4.0,1,2,1.0,1.0,1997.0,4.0,1.0,3.0,2.0,1.0,1.0,1997.0,7.0,1.0,1.0,2.0,,,,,,,,,,,,,,,0,,,,,,,,,,,,,,,,,,,,,,,,,6,0.0,1,67.43969,5.0,8.0,,5.0,236003.0,1.0,1.0,1.0,1.0,2.0,2.0,1.0,7.0,2.0,2.0,1.0,1.0,2.0,1.0,2.0,2.0,2.0,6.0,1.0,1.0,2.0,2.0,1.0,2.0,2.0,3.0,24.0,22.0,38.0,37.0,22.0,4.0,17.0,,336.5107,2.0,2.0,5.0,,,,,,2.0,13.0,,,2.0,69383.0,,,,,,,4.0,5.0,,5.0,2.0,3.0,,2.0,2.0,,,1.0,,4.0,1.0,1.0,9.0,10.0,5.0,,1.0,,,,2.0,3.0,,,
