SAMPNO,PERNO,DAYNO,PLACENO,SOURCE,LOCNO,ARRTIME,DEPTIME,TRAVTIME,ACTDUR,DISTANCE,MODE,MODE_O,VEHNO,CRAVL,FARE,PAYF,PAYF_O,PAYPK,PKAMT,PKBAS,PKBAS_O,PRKTY,PRKTY_O,RAND_A,TPURP,TPURP_O,TPURP2,TPURP2_O,TPURP_CHECK,TRIP_APPT,TRIP_APPT_WHY,TRIP_APPT_WHY_1,TRIP_APPT_WHY_2,TRIP_APPT_WHY_3,TRIP_APPT_WHY_4,TRIP_APPT_WHY_5,TRIP_APPT_WHY_6,TRIP_APPT_WHY_SE,TRIP_APPT_WHY_RF,TRIP_APPT_WHY_DK,TRIP_APPT_WHY_O,TRIP_APPT_WHY2,TRIP_APPT_WHY2_1,TRIP_APPT_WHY2_2,TRIP_APPT_WHY2_3,TRIP_APPT_WHY2_4,TRIP_APPT_WHY2_5,TRIP_APPT_WHY2_SE,TRIP_APPT_WHY2_RF,TRIP_APPT_WHY2_DK,TRIP_APPT_WHY2_O,PERNO_1,PERNO_2,PERNO_3,PERNO_4,PERNO_5,PERNO_6,PERNO_7,PERNO_8,PERNO_9,PERNO_10,PERNO_11,PERNO_12,COMPANIONS,HHCOUNT,NONHHCOUNT,HHPARTY,PARTY,TRANSFER_COUNT,QC_DAY,QC_TRANSIT,PLAZA_TOTAL,TOLLWAYS_PAID,TOLLWAY_1,TOLLWAY_2,TOLLWAY_3,TOLLWAY_4,TOLLWAY_5,TOLLWAY_6,PLAZAS_PAID,PLAZA_1,PLAZA_2,PLAZA_3,PLAZA_4,PLAZA_5,PLAZA_6,PLAZA_TOTAL_IPASS,PLAZA_1_IPASS,PLAZA_2_IPASS,PLAZA_3_IPASS,PLAZA_4_IPASS,PLAZA_5_IPASS,PLAZA_6_IPASS,PLAZA_TOTAL_CASH,PLAZA_1_CASH,PLAZA_2_CASH,PLAZA_3_CASH,PLAZA_4_CASH,PLAZA_5_CASH,PLAZA_6_CASH,PLACEGROUP,TRANSITPLACENO,HDIST,LOOP_TRIP_DEFINITION,TIME_DISTANCE_FLAG,MODE_IMPUTED,TPURP_IMPUTED,INITIATED_BY,DATE_COMPLETED,RETMODE_FINAL,RETMODE,PROXY,PROXYPERNO,AGE,AAGE,AGE18,SEX,RELATE,RELATE_O,LIC,HISP,HISP_O,RACE,RACE_O,SMRTPHN,EMPLY_ASK,JOBS,WKSTAT,WKSTAT_O,VOLUN_FREQ,WPLACE,WMODE,WMODE_O,WPARKRIDE,PERVH,WRKHRS,WTRAV,OCCUP,OCCUP_O,INDUS,INDUS_O,EMPLY_TRANSIT,EMPLY_TRANSIT_O,EMPLY_PARK,EMPLY_PARK_O,STUDE,SCHOL,SCHOL_O,SLOC,SWEB,SMODE,SMODE_O,SPARKRIDE,EDUC,EDUC_O,HPTOL,HPTOL_O,PAY_ALLDAY,TOLLS,TOLLTRIP,TYPDAY,TYPDAY_NO,TYPPL,CARPTOWK,WALKTOWK,BIKETOWK,RIBUS,TCOFF,TCDAYS,COMPR,COMPR_O,WKFLEX,TNC_USE,TNC_TYP,TNC_COST,TNC_PURP,DISAB,DTYPE_O,DTYPE2,NOGOWHY,NOGOWHY_O,NOGOWHY2,NOGOWHY2_1,NOGOWHY2_2,NOGOWHY2_3,NOGOWHY2_4,NOGOWHY2_5,NOGOWHY2_RF,NOGOWHY2_DK,TRAVELDATAUSE,TRAVELDATAUSE_PILOT,TRAVELDATADEVICE,TRAVELDATADEVICE_1,TRAVELDATADEVICE_2,TRAVELDATADEVICE_3,TRAVELDATADEVICE_SE,TRAVELDATADEVICE_RF,TRAVELDATADEVICE_DK,TRAVELDATADEVICE_O,TRAVELDATAMODE,TRAVELDATAMODE_1,TRAVELDATAMODE_2,TRAVELDATAMODE_3,TRAVELDATAMODE_4,TRAVELDATAMODE_5,TRAVELDATAMODE_SE,TRAVELDATAMODE_RF,TRAVELDATAMODE_DK,TRAVELDATAMODE_O,DTYPE,DTYPE_1,DTYPE_2,DTYPE_3,DTYPE_4,DTYPE_5,DTYPE_6,DTYPE_SE,DTYPE_RF,DTYPE_DK,QC_TRIP_PERSON,PERTRIPS,WTPERFIN,TRAVDATE,TRAVDAY,HHSIZE,HHVEH,TRANSPROB,TRANSPROB_O,HLIVE,RESTYLAST,RESTYLAST_O,RESTYLAST_ZIP,HHINC2,HOMEOWN,HOMEOWN_O,FUTURESURVEY,INCENDONATE,RESTY,RESTY_O,HHINC,DOWNLOAD,SOURCE_HH,SOURCE_O,HHTRIPS,PHASE,WTHHFIN,PERNO_LOC,LOCTYPE,STATE,COUNTRY,STATE_FIPS,COUNTY_FIPS,TRACT_FIPS,OUT_REGION,HOME,LATITUDE,LONGITUDE,VEHYEAR,MAKE,MAKE_O,MODEL,MODEL_O,BODY,BODY_O,FUEL,FUEL_O,TRANSP,PARKD,PARKD_O,LATITUDE_1,LATITUDE_2,LATITUDE_3,LATITUDE_4,LATITUDE_5,LATITUDE_6,LATITUDE_7,LATITUDE_8,LONGITUDE_1,LONGITUDE_2,LONGITUDE_3,LONGITUDE_4,LONGITUDE_5,LONGITUDE_6,LONGITUDE_7,LONGITUDE_8,MODE_1,MODE_2,MODE_3,MODE_4,MODE_5,MODE_6,MODE_7,MODE_8,AGENCY_NAME_1,AGENCY_NAME_2,AGENCY_NAME_3,AGENCY_NAME_4,AGENCY_NAME_5,AGENCY_NAME_6,AGENCY_NAME_7,AGENCY_NAME_8,LINE_NAME_1,LINE_NAME_2,LINE_NAME_3,LINE_NAME_4,LINE_NAME_5,LINE_NAME_6,LINE_NAME_7,LINE_NAME_8,LINE_SHORT_NAME_1,LINE_SHORT_NAME_2,LINE_SHORT_NAME_3,LINE_SHORT_NAME_4,LINE_SHORT_NAME_5,LINE_SHORT_NAME_6,LINE_SHORT_NAME_7,LINE_SHORT_NAME_8,DEPARTURE_STOP_NAME_1,DEPARTURE_STOP_NAME_2,DEPARTURE_STOP_NAME_3,DEPARTURE_STOP_NAME_4,DEPARTURE_STOP_NAME_5,DEPARTURE_STOP_NAME_6,DEPARTURE_STOP_NAME_7,DEPARTURE_STOP_NAME_8,ARRIVAL_STOP_NAME_1,ARRIVAL_STOP_NAME_2,ARRIVAL_STOP_NAME_3,ARRIVAL_STOP_NAME_4,ARRIVAL_STOP_NAME_5,ARRIVAL_STOP_NAME_6,ARRIVAL_STOP_NAME_7,ARRIVAL_STOP_NAME_8,IMPUTED_1,IMPUTED_2,IMPUTED_3,IMPUTED_4,IMPUTED_5,IMPUTED_6,IMPUTED_7,IMPUTED_8,APPDATE,APPTRIPS,APP_ACTIVITY_BEGIN,APP_ACTIVITY_END,LOCATION_ACTIVITY,ACCELERATION_ACTIVITY,REMOVED_PLACES,HOME_START,HOME_END
70051607,4,1,2,survey,1000003,2019-03-12 09:45:00,2019-03-12 11:30:00,15,105,3.52,203,-1,2,-1,-1.0,-1,-1,-1,-1.0,-1,-1,-1,-1,2.0,23,-1,0,-1.0,-1.0,-1,-1,-1,-1,-1,-1,-1,-1,-1,-1,-1,-1,-1,-1,-1,-1,-1,-1,-1,-1,-1,-1,-1,-1,3,-1,-1,-1,-1,-1,-1,-1,-1,-1,1,1,0,2,2,-1.0,0.0,0.0,-1.0,-1.0,-1.0,-1.0,-1.0,-1.0,-1.0,-1.0,-1.0,-1.0,-1.0,-1.0,-1.0,-1.0,-1.0,-1.0,-1.0,-1.0,-1.0,-1.0,-1.0,-1.0,-1.0,-1.0,-1.0,-1.0,-1.0,-1.0,-1.0,2.0,-9.0,2.788,0.0,0.0,,,,2019-03-13,2,5,2,4,-7,7,-1,2,-7,-1,2,-7,-1,-7,-1,2,-7,-7,-7,-1,-1,-1,-1,-1,-1,-1,-1,-1,-1,-1,-1,-1,-1,-1,-1,-1,-7,-1,-1,-1,-1,-1,-1,-1,-7,-1,-1,-1,2,-1.0,2,-1,-1,1,-1,-1,-1,-1,-1,-1,-1,-1,-1,0,2,-9.0,-9,1,-1,-7,-1,-1,-1,-1,-1,-1,-1,-1,-1,-1,2,-1,-7,-1,-1,-1,-1,-7,-1,-9,5,-1,-1,-1,-1,5,-1,-1,-1,-9,-7,-1,-1,-1,-1,-1,-1,-1,-7,-1,0,3,992.0762,2019-03-12,3,6,4,1,-1,17,-1,-1,-1,3,2,-1,2,0,1,-1,-7,2,1,-1,25,0,992.0762,-1.0,97.0,IL,USA,17.0,89.0,851904.0,0.0,0.0,42.040887,-88.342828,2010.0,49.0,-1.0,49032.0,-1,1.0,-1.0,1.0,-1.0,1.0,2.0,-1.0,,,,,,,,,,,,,,,,,,,,,,,,,,,,,,,,,,,,,,,,,,,,,,,,,,,,,,,,,,,,,,,,,,,,,,,,,,,,,,,,,
70051607,4,1,4,survey,10000,2019-03-12 12:30:00,2019-03-13 03:00:00,15,870,2.538,203,-1,2,-1,-1.0,-1,-1,-1,-1.0,-1,-1,-1,-1,1.0,1,-1,0,-1.0,1.0,5,97,-1,-1,-1,-1,-1,-1,97,-1,-1,,1,1,-1,-1,-1,-1,-1,-1,-1,-1,-1,-1,3,-1,-1,-1,-1,-1,-1,-1,-1,-1,1,1,0,2,2,-1.0,0.0,0.0,-1.0,-1.0,-1.0,-1.0,-1.0,-1.0,-1.0,-1.0,-1.0,-1.0,-1.0,-1.0,-1.0,-1.0,-1.0,-1.0,-1.0,-1.0,-1.0,-1.0,-1.0,-1.0,-1.0,-1.0,-1.0,-1.0,-1.0,-1.0,-1.0,4.0,-9.0,1.891,0.0,0.0,,,,2019-03-13,2,5,2,4,-7,7,-1,2,-7,-1,2,-7,-1,-7,-1,2,-7,-7,-7,-1,-1,-1,-1,-1,-1,-1,-1,-1,-1,-1,-1,-1,-1,-1,-1,-1,-7,-1,-1,-1,-1,-1,-1,-1,-7,-1,-1,-1,2,-1.0,2,-1,-1,1,-1,-1,-1,-1,-1,-1,-1,-1,-1,0,2,-9.0,-9,1,-1,-7,-1,-1,-1,-1,-1,-1,-1,-1,-1,-1,2,-1,-7,-1,-1,-1,-1,-7,-1,-9,5,-1,-1,-1,-1,5,-1,-1,-1,-9,-7,-1,-1,-1,-1,-1,-1,-1,-7,-1,0,3,992.0762,2019-03-12,3,6,4,1,-1,17,-1,-1,-1,3,2,-1,2,0,1,-1,-7,2,1,-1,25,0,992.0762,-1.0,1.0,IL,USA,17.0,89.0,851904.0,0.0,1.0,42.040887,-88.342828,2010.0,49.0,-1.0,49032.0,-1,1.0,-1.0,1.0,-1.0,1.0,2.0,-1.0,,,,,,,,,,,,,,,,,,,,,,,,,,,,,,,,,,,,,,,,,,,,,,,,,,,,,,,,,,,,,,,,,,,,,,,,,,,,,,,,,
70051607,4,1,3,survey,1000013,2019-03-12 11:45:00,2019-03-12 12:15:00,15,30,2.441,203,-1,2,-1,-1.0,-1,-1,-1,-1.0,-1,-1,-1,-1,1.0,9,-1,0,-1.0,-1.0,1,-1,-1,-1,-1,-1,-1,-1,-1,-1,-1,-1,-1,-1,-1,-1,-1,-1,-1,-1,-1,-1,-1,-1,3,-1,-1,-1,-1,-1,-1,-1,-1,-1,1,1,0,2,2,-1.0,0.0,0.0,-1.0,-1.0,-1.0,-1.0,-1.0,-1.0,-1.0,-1.0,-1.0,-1.0,-1.0,-1.0,-1.0,-1.0,-1.0,-1.0,-1.0,-1.0,-1.0,-1.0,-1.0,-1.0,-1.0,-1.0,-1.0,-1.0,-1.0,-1.0,-1.0,3.0,-9.0,1.381,0.0,0.0,,,,2019-03-13,2,5,2,4,-7,7,-1,2,-7,-1,2,-7,-1,-7,-1,2,-7,-7,-7,-1,-1,-1,-1,-1,-1,-1,-1,-1,-1,-1,-1,-1,-1,-1,-1,-1,-7,-1,-1,-1,-1,-1,-1,-1,-7,-1,-1,-1,2,-1.0,2,-1,-1,1,-1,-1,-1,-1,-1,-1,-1,-1,-1,0,2,-9.0,-9,1,-1,-7,-1,-1,-1,-1,-1,-1,-1,-1,-1,-1,2,-1,-7,-1,-1,-1,-1,-7,-1,-9,5,-1,-1,-1,-1,5,-1,-1,-1,-9,-7,-1,-1,-1,-1,-1,-1,-1,-7,-1,0,3,992.0762,2019-03-12,3,6,4,1,-1,17,-1,-1,-1,3,2,-1,2,0,1,-1,-7,2,1,-1,25,0,992.0762,-1.0,97.0,IL,USA,17.0,89.0,851908.0,0.0,0.0,42.020694,-88.331245,2010.0,49.0,-1.0,49032.0,-1,1.0,-1.0,1.0,-1.0,1.0,2.0,-1.0,,,,,,,,,,,,,,,,,,,,,,,,,,,,,,,,,,,,,,,,,,,,,,,,,,,,,,,,,,,,,,,,,,,,,,,,,,,,,,,,,
70051607,4,1,1,survey,10000,2019-03-12 03:00:00,2019-03-12 09:30:00,0,390,-1.0,-1,-1,-1,-1,-1.0,-1,-1,-1,-1.0,-1,-1,-1,-1,-1.0,1,-1,0,-1.0,1.0,-1,-1,-1,-1,-1,-1,-1,-1,-1,-1,-1,-1,-1,-1,-1,-1,-1,-1,-1,-1,-1,-1,-1,-1,-1,-1,-1,-1,-1,-1,-1,-1,-1,-1,-1,-1,-1,-1,-1,-1.0,0.0,0.0,-1.0,-1.0,-1.0,-1.0,-1.0,-1.0,-1.0,-1.0,-1.0,-1.0,-1.0,-1.0,-1.0,-1.0,-1.0,-1.0,-1.0,-1.0,-1.0,-1.0,-1.0,-1.0,-1.0,-1.0,-1.0,-1.0,-1.0,-1.0,-1.0,1.0,-9.0,-1.0,0.0,0.0,,,,2019-03-13,2,5,2,4,-7,7,-1,2,-7,-1,2,-7,-1,-7,-1,2,-7,-7,-7,-1,-1,-1,-1,-1,-1,-1,-1,-1,-1,-1,-1,-1,-1,-1,-1,-1,-7,-1,-1,-1,-1,-1,-1,-1,-7,-1,-1,-1,2,-1.0,2,-1,-1,1,-1,-1,-1,-1,-1,-1,-1,-1,-1,0,2,-9.0,-9,1,-1,-7,-1,-1,-1,-1,-1,-1,-1,-1,-1,-1,2,-1,-7,-1,-1,-1,-1,-7,-1,-9,5,-1,-1,-1,-1,5,-1,-1,-1,-9,-7,-1,-1,-1,-1,-1,-1,-1,-7,-1,0,3,992.0762,2019-03-12,3,6,4,1,-1,17,-1,-1,-1,3,2,-1,2,0,1,-1,-7,2,1,-1,25,0,992.0762,-1.0,1.0,IL,USA,17.0,89.0,851904.0,0.0,1.0,42.040887,-88.342828,,,,,,,,,,,,,,,,,,,,,,,,,,,,,,,,,,,,,,,,,,,,,,,,,,,,,,,,,,,,,,,,,,,,,,,,,,,,,,,,,,,,,,,,,,,,,
70051607,5,1,4,survey,10000,2019-03-12 16:00:00,2019-03-13 03:00:00,20,660,2.413,401,-1,-1,-1,-1.0,-1,-1,-1,-1.0,-1,-1,-1,-1,2.0,1,-1,0,-1.0,1.0,-1,-1,-1,-1,-1,-1,-1,-1,-1,-1,-1,-1,-1,-1,-1,-1,-1,-1,-1,-1,-1,-1,-1,-1,-1,-1,-1,-1,-1,-1,-1,-1,-1,-1,0,0,0,1,1,-1.0,0.0,0.0,-1.0,-1.0,-1.0,-1.0,-1.0,-1.0,-1.0,-1.0,-1.0,-1.0,-1.0,-1.0,-1.0,-1.0,-1.0,-1.0,-1.0,-1.0,-1.0,-1.0,-1.0,-1.0,-1.0,-1.0,-1.0,-1.0,-1.0,-1.0,-1.0,4.0,-9.0,1.679,0.0,0.0,,,,2019-03-13,2,5,2,5,-7,-7,2,-7,-7,-1,-1,-7,-1,-7,-1,-1,-1,-1,-1,-1,-1,-1,-1,-1,-1,-1,-1,-1,-1,-1,-1,-1,-1,-1,-1,-1,-7,-1,-1,-1,-1,-1,-1,-1,-9,-1,-1,-1,2,-1.0,2,-1,-1,1,-1,-1,-1,-1,-1,-1,-1,-1,-1,-1,-1,-1.0,-1,-1,-1,-1,-1,-1,-1,-1,-1,-1,-1,-1,-1,-1,-1,-1,-1,-1,-1,-1,-1,-1,-1,-1,-1,-1,-1,-1,-1,-1,-1,-1,-1,-1,-1,-1,-1,-1,-1,-1,-1,-1,-1,-1,0,3,992.0762,2019-03-12,3,6,4,1,-1,17,-1,-1,-1,3,2,-1,2,0,1,-1,-7,2,1,-1,25,0,992.0762,-1.0,1.0,IL,USA,17.0,89.0,851904.0,0.0,1.0,42.040887,-88.342828,,,,,,,,,,,,,,,,,,,,,,,,,,,,,,,,,,,,,,,,,,,,,,,,,,,,,,,,,,,,,,,,,,,,,,,,,,,,,,,,,,,,,,,,,,,,,
70051607,5,1,2,survey,1000000,2019-03-12 08:50:00,2019-03-12 08:55:00,5,5,0.567,203,-1,1,-1,-1.0,-1,-1,-1,-1.0,-1,-1,-1,-1,2.0,10,-1,0,-1.0,-1.0,-1,-1,-1,-1,-1,-1,-1,-1,-1,-1,-1,-1,-1,-1,-1,-1,-1,-1,-1,-1,-1,-1,1,-1,-1,-1,-1,-1,-1,-1,-1,-1,-1,-1,2,1,1,2,3,-1.0,0.0,0.0,-1.0,-1.0,-1.0,-1.0,-1.0,-1.0,-1.0,-1.0,-1.0,-1.0,-1.0,-1.0,-1.0,-1.0,-1.0,-1.0,-1.0,-1.0,-1.0,-1.0,-1.0,-1.0,-1.0,-1.0,-1.0,-1.0,-1.0,-1.0,-1.0,2.0,-9.0,0.332,0.0,0.0,,,,2019-03-13,2,5,2,5,-7,-7,2,-7,-7,-1,-1,-7,-1,-7,-1,-1,-1,-1,-1,-1,-1,-1,-1,-1,-1,-1,-1,-1,-1,-1,-1,-1,-1,-1,-1,-1,-7,-1,-1,-1,-1,-1,-1,-1,-9,-1,-1,-1,2,-1.0,2,-1,-1,1,-1,-1,-1,-1,-1,-1,-1,-1,-1,-1,-1,-1.0,-1,-1,-1,-1,-1,-1,-1,-1,-1,-1,-1,-1,-1,-1,-1,-1,-1,-1,-1,-1,-1,-1,-1,-1,-1,-1,-1,-1,-1,-1,-1,-1,-1,-1,-1,-1,-1,-1,-1,-1,-1,-1,-1,-1,0,3,992.0762,2019-03-12,3,6,4,1,-1,17,-1,-1,-1,3,2,-1,2,0,1,-1,-7,2,1,-1,25,0,992.0762,-1.0,97.0,IL,USA,17.0,89.0,851905.0,0.0,0.0,42.011927,-88.356708,2013.0,6.0,-1.0,6441.0,-1,2.0,-1.0,1.0,-1.0,1.0,3.0,-1.0,,,,,,,,,,,,,,,,,,,,,,,,,,,,,,,,,,,,,,,,,,,,,,,,,,,,,,,,,,,,,,,,,,,,,,,,,,,,,,,,,
70051607,6,1,3,survey,10000,2019-03-12 17:15:00,2019-03-13 03:00:00,15,585,1.765,203,-1,1,-1,-1.0,-1,-1,-1,-1.0,-1,-1,-1,-1,3.0,1,-1,0,-1.0,1.0,-1,-1,-1,-1,-1,-1,-1,-1,-1,-1,-1,-1,-1,-1,-1,-1,-1,-1,-1,-1,-1,-1,1,-1,-1,-1,-1,-1,-1,-1,-1,-1,-1,-1,1,1,0,2,2,-1.0,0.0,0.0,-1.0,-1.0,-1.0,-1.0,-1.0,-1.0,-1.0,-1.0,-1.0,-1.0,-1.0,-1.0,-1.0,-1.0,-1.0,-1.0,-1.0,-1.0,-1.0,-1.0,-1.0,-1.0,-1.0,-1.0,-1.0,-1.0,-1.0,-1.0,-1.0,3.0,-9.0,1.162,0.0,0.0,,,,2019-03-13,2,5,2,6,-7,-7,2,-7,-7,-1,-1,-7,-1,-7,-1,-1,-1,-1,-1,-1,-1,-1,-1,-1,-1,-1,-1,-1,-1,-1,-1,-1,-1,-1,-1,-1,-7,-1,-1,-1,-1,-1,-1,-1,-9,-1,-1,-1,2,-1.0,2,-1,-1,1,-1,-1,-1,-1,-1,-1,-1,-1,-1,-1,-1,-1.0,-1,-1,-1,-1,-1,-1,-1,-1,-1,-1,-1,-1,-1,-1,-1,-1,-1,-1,-1,-1,-1,-1,-1,-1,-1,-1,-1,-1,-1,-1,-1,-1,-1,-1,-1,-1,-1,-1,-1,-1,-1,-1,-1,-1,0,2,992.0762,2019-03-12,3,6,4,1,-1,17,-1,-1,-1,3,2,-1,2,0,1,-1,-7,2,1,-1,25,0,992.0762,-1.0,1.0,IL,USA,17.0,89.0,851904.0,0.0,1.0,42.040887,-88.342828,2013.0,6.0,-1.0,6441.0,-1,2.0,-1.0,1.0,-1.0,1.0,3.0,-1.0,,,,,,,,,,,,,,,,,,,,,,,,,,,,,,,,,,,,,,,,,,,,,,,,,,,,,,,,,,,,,,,,,,,,,,,,,,,,,,,,,
70051607,5,1,3,survey,1000002,2019-03-12 09:05:00,2019-03-12 15:40:00,10,395,2.702,203,-1,1,-1,-1.0,-1,-1,-1,-1.0,-1,-1,-1,-1,4.0,6,-1,0,-1.0,-1.0,-1,-1,-1,-1,-1,-1,-1,-1,-1,-1,-1,-1,-1,-1,-1,-1,-1,-1,-1,-1,-1,-1,1,-1,-1,-1,-1,-1,-1,-1,-1,-1,-1,-1,2,1,1,2,3,-1.0,0.0,0.0,-1.0,-1.0,-1.0,-1.0,-1.0,-1.0,-1.0,-1.0,-1.0,-1.0,-1.0,-1.0,-1.0,-1.0,-1.0,-1.0,-1.0,-1.0,-1.0,-1.0,-1.0,-1.0,-1.0,-1.0,-1.0,-1.0,-1.0,-1.0,-1.0,3.0,-9.0,1.949,0.0,0.0,,,,2019-03-13,2,5,2,5,-7,-7,2,-7,-7,-1,-1,-7,-1,-7,-1,-1,-1,-1,-1,-1,-1,-1,-1,-1,-1,-1,-1,-1,-1,-1,-1,-1,-1,-1,-1,-1,-7,-1,-1,-1,-1,-1,-1,-1,-9,-1,-1,-1,2,-1.0,2,-1,-1,1,-1,-1,-1,-1,-1,-1,-1,-1,-1,-1,-1,-1.0,-1,-1,-1,-1,-1,-1,-1,-1,-1,-1,-1,-1,-1,-1,-1,-1,-1,-1,-1,-1,-1,-1,-1,-1,-1,-1,-1,-1,-1,-1,-1,-1,-1,-1,-1,-1,-1,-1,-1,-1,-1,-1,-1,-1,0,3,992.0762,2019-03-12,3,6,4,1,-1,17,-1,-1,-1,3,2,-1,2,0,1,-1,-7,2,1,-1,25,0,992.0762,-1.0,97.0,IL,USA,17.0,89.0,850701.0,0.0,0.0,42.070925,-88.407691,2013.0,6.0,-1.0,6441.0,-1,2.0,-1.0,1.0,-1.0,1.0,3.0,-1.0,,,,,,,,,,,,,,,,,,,,,,,,,,,,,,,,,,,,,,,,,,,,,,,,,,,,,,,,,,,,,,,,,,,,,,,,,,,,,,,,,
70051607,5,1,1,survey,10000,2019-03-12 03:00:00,2019-03-12 08:45:00,0,345,-1.0,-1,-1,-1,-1,-1.0,-1,-1,-1,-1.0,-1,-1,-1,-1,-1.0,1,-1,0,-1.0,1.0,-1,-1,-1,-1,-1,-1,-1,-1,-1,-1,-1,-1,-1,-1,-1,-1,-1,-1,-1,-1,-1,-1,-1,-1,-1,-1,-1,-1,-1,-1,-1,-1,-1,-1,-1,-1,-1,-1,-1,-1.0,0.0,0.0,-1.0,-1.0,-1.0,-1.0,-1.0,-1.0,-1.0,-1.0,-1.0,-1.0,-1.0,-1.0,-1.0,-1.0,-1.0,-1.0,-1.0,-1.0,-1.0,-1.0,-1.0,-1.0,-1.0,-1.0,-1.0,-1.0,-1.0,-1.0,-1.0,1.0,-9.0,-1.0,0.0,0.0,,,,2019-03-13,2,5,2,5,-7,-7,2,-7,-7,-1,-1,-7,-1,-7,-1,-1,-1,-1,-1,-1,-1,-1,-1,-1,-1,-1,-1,-1,-1,-1,-1,-1,-1,-1,-1,-1,-7,-1,-1,-1,-1,-1,-1,-1,-9,-1,-1,-1,2,-1.0,2,-1,-1,1,-1,-1,-1,-1,-1,-1,-1,-1,-1,-1,-1,-1.0,-1,-1,-1,-1,-1,-1,-1,-1,-1,-1,-1,-1,-1,-1,-1,-1,-1,-1,-1,-1,-1,-1,-1,-1,-1,-1,-1,-1,-1,-1,-1,-1,-1,-1,-1,-1,-1,-1,-1,-1,-1,-1,-1,-1,0,3,992.0762,2019-03-12,3,6,4,1,-1,17,-1,-1,-1,3,2,-1,2,0,1,-1,-7,2,1,-1,25,0,992.0762,-1.0,1.0,IL,USA,17.0,89.0,851904.0,0.0,1.0,42.040887,-88.342828,,,,,,,,,,,,,,,,,,,,,,,,,,,,,,,,,,,,,,,,,,,,,,,,,,,,,,,,,,,,,,,,,,,,,,,,,,,,,,,,,,,,,,,,,,,,,
70051607,6,1,1,survey,10000,2019-03-12 03:00:00,2019-03-12 07:35:00,0,275,-1.0,-1,-1,-1,-1,-1.0,-1,-1,-1,-1.0,-1,-1,-1,-1,-1.0,1,-1,0,-1.0,1.0,-1,-1,-1,-1,-1,-1,-1,-1,-1,-1,-1,-1,-1,-1,-1,-1,-1,-1,-1,-1,-1,-1,-1,-1,-1,-1,-1,-1,-1,-1,-1,-1,-1,-1,-1,-1,-1,-1,-1,-1.0,0.0,0.0,-1.0,-1.0,-1.0,-1.0,-1.0,-1.0,-1.0,-1.0,-1.0,-1.0,-1.0,-1.0,-1.0,-1.0,-1.0,-1.0,-1.0,-1.0,-1.0,-1.0,-1.0,-1.0,-1.0,-1.0,-1.0,-1.0,-1.0,-1.0,-1.0,1.0,-9.0,-1.0,0.0,0.0,,,,2019-03-13,2,5,2,6,-7,-7,2,-7,-7,-1,-1,-7,-1,-7,-1,-1,-1,-1,-1,-1,-1,-1,-1,-1,-1,-1,-1,-1,-1,-1,-1,-1,-1,-1,-1,-1,-7,-1,-1,-1,-1,-1,-1,-1,-9,-1,-1,-1,2,-1.0,2,-1,-1,1,-1,-1,-1,-1,-1,-1,-1,-1,-1,-1,-1,-1.0,-1,-1,-1,-1,-1,-1,-1,-1,-1,-1,-1,-1,-1,-1,-1,-1,-1,-1,-1,-1,-1,-1,-1,-1,-1,-1,-1,-1,-1,-1,-1,-1,-1,-1,-1,-1,-1,-1,-1,-1,-1,-1,-1,-1,0,2,992.0762,2019-03-12,3,6,4,1,-1,17,-1,-1,-1,3,2,-1,2,0,1,-1,-7,2,1,-1,25,0,992.0762,-1.0,1.0,IL,USA,17.0,89.0,851904.0,0.0,1.0,42.040887,-88.342828,,,,,,,,,,,,,,,,,,,,,,,,,,,,,,,,,,,,,,,,,,,,,,,,,,,,,,,,,,,,,,,,,,,,,,,,,,,,,,,,,,,,,,,,,,,,,
70038312,3,1,4,survey,1000004,2019-01-18 18:40:00,2019-01-18 21:55:00,10,195,4.896,203,-1,2,-1,-1.0,-1,-1,-1,-1.0,-1,-1,-1,-1,4.0,7,-1,21,-1.0,-1.0,-1,-1,-1,-1,-1,-1,-1,-1,-1,-1,-1,-1,-1,-1,-1,-1,-1,-1,-1,-1,-1,-1,-1,2,-1,-1,-1,-1,-1,-1,-1,-1,-1,-1,1,1,0,2,2,-1.0,0.0,0.0,-1.0,-1.0,-1.0,-1.0,-1.0,-1.0,-1.0,-1.0,-1.0,-1.0,-1.0,-1.0,-1.0,-1.0,-1.0,-1.0,-1.0,-1.0,-1.0,-1.0,-1.0,-1.0,-1.0,-1.0,-1.0,-1.0,-1.0,-1.0,-1.0,4.0,-9.0,2.816,0.0,0.0,,,,2019-01-19,-1,-1,2,3,-7,-7,-7,-7,-7,-1,-1,-7,-1,-7,-1,-1,-1,-1,-1,-1,-1,-1,-1,-1,-1,-1,-1,-1,-1,-1,-1,-1,-1,-1,-1,-1,3,-1,-1,-1,-1,-1,-1,-1,-9,-1,-1,-1,2,-1.0,-1,-1,-1,1,-1,-1,-1,-1,-1,-1,-1,-1,-1,-1,-1,-1.0,-1,-1,-1,-1,-1,-1,-1,-1,-1,-1,-1,-1,-1,-1,-1,-1,-1,-1,-1,-1,-1,-1,-1,-1,-1,-1,-1,-1,-1,-1,-1,-1,-1,-1,-1,-1,-1,-1,-1,-1,-1,-1,-1,-1,0,4,63.8398,2019-01-18,6,4,5,1,-1,23,-1,-1,-1,4,2,-1,1,0,1,-1,-7,2,11,-1,14,0,63.8398,-1.0,97.0,IL,USA,17.0,197.0,883210.0,0.0,0.0,41.524372,-88.165442,2010.0,30.0,-1.0,30040.0,-1,1.0,-1.0,1.0,-1.0,1.0,2.0,-1.0,,,,,,,,,,,,,,,,,,,,,,,,,,,,,,,,,,,,,,,,,,,,,,,,,,,,,,,,,,,,,,,,,,,,,,,,,,,,,,,,,
70051607,6,1,2,survey,1000011,2019-03-12 08:00:00,2019-03-12 17:00:00,25,540,1.741,401,-1,-1,-1,-1.0,-1,-1,-1,-1.0,-1,-1,-1,-1,4.0,6,-1,0,-1.0,-1.0,-1,-1,-1,-1,-1,-1,-1,-1,-1,-1,-1,-1,-1,-1,-1,-1,-1,-1,-1,-1,-1,-1,-1,-1,-1,-1,-1,-1,-1,-1,-1,-1,-1,-1,0,0,0,1,1,-1.0,0.0,0.0,-1.0,-1.0,-1.0,-1.0,-1.0,-1.0,-1.0,-1.0,-1.0,-1.0,-1.0,-1.0,-1.0,-1.0,-1.0,-1.0,-1.0,-1.0,-1.0,-1.0,-1.0,-1.0,-1.0,-1.0,-1.0,-1.0,-1.0,-1.0,-1.0,2.0,-9.0,1.162,0.0,0.0,,,,2019-03-13,2,5,2,6,-7,-7,2,-7,-7,-1,-1,-7,-1,-7,-1,-1,-1,-1,-1,-1,-1,-1,-1,-1,-1,-1,-1,-1,-1,-1,-1,-1,-1,-1,-1,-1,-7,-1,-1,-1,-1,-1,-1,-1,-9,-1,-1,-1,2,-1.0,2,-1,-1,1,-1,-1,-1,-1,-1,-1,-1,-1,-1,-1,-1,-1.0,-1,-1,-1,-1,-1,-1,-1,-1,-1,-1,-1,-1,-1,-1,-1,-1,-1,-1,-1,-1,-1,-1,-1,-1,-1,-1,-1,-1,-1,-1,-1,-1,-1,-1,-1,-1,-1,-1,-1,-1,-1,-1,-1,-1,0,2,992.0762,2019-03-12,3,6,4,1,-1,17,-1,-1,-1,3,2,-1,2,0,1,-1,-7,2,1,-1,25,0,992.0762,-1.0,97.0,IL,USA,17.0,89.0,851905.0,0.0,0.0,42.011927,-88.356708,,,,,,,,,,,,,,,,,,,,,,,,,,,,,,,,,,,,,,,,,,,,,,,,,,,,,,,,,,,,,,,,,,,,,,,,,,,,,,,,,,,,,,,,,,,,,
70027422,1,1,3,survey,2000001,2018-11-16 08:35:00,2018-11-16 08:55:00,40,20,3.663,501,-1,-1,2,-1.0,5,-1,-1,-1.0,-1,-1,-1,-1,1.0,5,-1,17,-1.0,-1.0,4,97,-1,-1,-1,-1,-1,-1,97,-1,-1,NEEDED BREAKFAST BEFORE WORK,1,1,-1,-1,-1,-1,-1,-1,-1,-1,-1,-1,-1,-1,-1,-1,-1,-1,-1,-1,-1,-1,0,0,0,1,1,0.0,0.0,0.0,-1.0,-1.0,-1.0,-1.0,-1.0,-1.0,-1.0,-1.0,-1.0,-1.0,-1.0,-1.0,-1.0,-1.0,-1.0,-1.0,-1.0,-1.0,-1.0,-1.0,-1.0,-1.0,-1.0,-1.0,-1.0,-1.0,-1.0,-1.0,-1.0,3.0,3.0,3.163,0.0,0.0,,,,2018-11-20,2,2,2,1,64,-1,-1,2,1,-1,2,2,-1,1,-1,1,1,1,-1,-1,-1,3,15,-1,-1,2,15,4,97,Work event gigs and have an unpaid informal tutort,81,-1,5,-1,6,-1,3,-1,-1,-1,-1,-1,-1,-1,5,-1,-1,-1,2,-1.0,-1,-1,-1,2,1,1,1,4,1,1,4,-1,1,0,1,10.0,5,1,MULTIPLE CHEMICAL SENSITIVITY,1,-1,-1,-1,-1,-1,-1,-1,-1,-1,-1,1,-1,2,-1,2,-1,-1,-1,-1,-9,2,-1,2,-1,-1,-1,-1,-1,-1,-9,1;97,1,-1,-1,-1,-1,-1,97,-1,-1,1,5,246.9853,2018-11-16,6,1,0,97,Need to have more frequent buses,1,3,-1,-9,-1,3,-1,1,0,3,-1,1,2,7,-1,5,0,246.9853,-1.0,100.0,IL,USA,17.0,31.0,839100.0,0.0,0.0,41.880986,-87.63307,,,,,,,,,,,,,-9.0,41.910618,-9.0,,,,,,-9.0,-87.677956,-9.0,,,,,,WALKING,BUS,WALKING,,,,,,-9.0,Chicago Transit Authority,-9,,,,,,-9.0,MILWAUKEE,-9,,,,,,-9.0,56,-9,,,,,,-9.0,MILWAUKEE & NORTH AVE/DAMEN,-9,,,,,,-9.0,WASHINGTON & CLARK/DEARBORN,-9,,,,,,1.0,1.0,1.0,,,,,,,,,,,,,,
70004804,1,1,2,survey,10002,2018-09-14 09:00:00,2018-09-14 16:15:00,105,435,44.449,201,-1,1,-1,-1.0,-1,-1,-1,-1.0,-1,-1,-1,-1,2.0,9,-1,10,-1.0,-1.0,-1,-1,-1,-1,-1,-1,-1,-1,-1,-1,-1,-1,-1,-1,-1,-1,-1,-1,-1,-1,-1,-1,-1,-1,-1,4,-1,-1,-1,-1,-1,-1,-1,-1,2,1,1,2,3,-1.0,0.0,0.0,-1.0,-1.0,-1.0,-1.0,-1.0,-1.0,-1.0,-1.0,-1.0,-1.0,-1.0,-1.0,-1.0,-1.0,-1.0,-1.0,-1.0,-1.0,-1.0,-1.0,-1.0,-1.0,-1.0,-1.0,-1.0,-1.0,-1.0,-1.0,-1.0,2.0,-9.0,33.978,0.0,0.0,,,,2018-09-15,2,5,2,1,78,-1,-1,2,1,-1,1,1,-1,6,-1,2,1,5,-1,-1,-1,1,7,-1,-1,1,56,7,35,-1,52,-1,5,-1,6,-1,1,6,-1,-1,1,-1,-1,-1,3,-1,-1,-1,1,-1.0,2,-1,-1,1,4,3,3,2,1,2,3,-1,1,5,2,20.0,3,1,-1,2,-1,-1,-1,-1,-1,-1,-1,-1,-1,-1,2,-1,1,1,-1,-1,-1,-1,-1,-9,2,-1,2,-1,-1,-1,-1,-1,-1,-9,5,-1,-1,-1,-1,5,-1,-1,-1,-1,0,2,458.6907,2018-09-14,6,4,2,1,-1,25,-1,-1,-1,-1,3,-1,1,0,2,-1,3,2,8,-1,4,0,458.6907,1.0,2.0,IL,USA,17.0,31.0,61100.0,0.0,0.0,41.94914,-87.656804,1999.0,34.0,-1.0,34705.0,-1,4.0,-1.0,2.0,-1.0,2.0,2.0,-1.0,,,,,,,,,,,,,,,,,,,,,,,,,,,,,,,,,,,,,,,,,,,,,,,,,,,,,,,,,,,,,,,,,,,,,,,,,,,,,,,,,
70004804,1,1,3,survey,1000000,2018-09-14 19:10:00,2018-09-15 03:00:00,175,470,67.621,301,-1,-1,-1,-1.0,-1,-1,-1,-1.0,-1,-1,-1,-1,5.0,7,-1,11,-1.0,-1.0,-1,-1,-1,-1,-1,-1,-1,-1,-1,-1,-1,-1,-1,-1,-1,-1,-1,-1,-1,-1,-1,-1,-1,-1,-1,-1,-1,-1,-1,-1,-1,-1,-1,-1,0,0,0,1,1,-1.0,0.0,0.0,-1.0,-1.0,-1.0,-1.0,-1.0,-1.0,-1.0,-1.0,-1.0,-1.0,-1.0,-1.0,-1.0,-1.0,-1.0,-1.0,-1.0,-1.0,-1.0,-1.0,-1.0,-1.0,-1.0,-1.0,-1.0,-1.0,-1.0,-1.0,-1.0,3.0,-9.0,54.176,0.0,0.0,,,,2018-09-15,2,5,2,1,78,-1,-1,2,1,-1,1,1,-1,6,-1,2,1,5,-1,-1,-1,1,7,-1,-1,1,56,7,35,-1,52,-1,5,-1,6,-1,1,6,-1,-1,1,-1,-1,-1,3,-1,-1,-1,1,-1.0,2,-1,-1,1,4,3,3,2,1,2,3,-1,1,5,2,20.0,3,1,-1,2,-1,-1,-1,-1,-1,-1,-1,-1,-1,-1,2,-1,1,1,-1,-1,-1,-1,-1,-9,2,-1,2,-1,-1,-1,-1,-1,-1,-9,5,-1,-1,-1,-1,5,-1,-1,-1,-1,0,2,458.6907,2018-09-14,6,4,2,1,-1,25,-1,-1,-1,-1,3,-1,1,0,2,-1,3,2,8,-1,4,0,458.6907,-1.0,97.0,IL,USA,17.0,37.0,2100.0,0.0,0.0,41.636432,-88.632504,,,,,,,,,,,,,,,,,,,,,,,,,,,,,,,,,,,,,,,,,,,,,,,,,,,,,,,,,,,,,,,,,,,,,,,,,,,,,,,,,,,,,,,,,,,,,
70027422,1,1,6,survey,10000,2018-11-16 15:45:00,2018-11-17 03:00:00,105,675,3.707,501,-1,-1,2,-1.0,5,-1,-1,-1.0,-1,-1,-1,-1,1.0,2,-1,1,-1.0,-1.0,2,-1,-1,-1,-1,-1,-1,-1,-1,-1,-1,-1,-1,-1,-1,-1,-1,-1,-1,-1,-1,-1,-1,-1,-1,-1,-1,-1,-1,-1,-1,-1,-1,-1,0,0,0,1,1,0.0,0.0,0.0,-1.0,-1.0,-1.0,-1.0,-1.0,-1.0,-1.0,-1.0,-1.0,-1.0,-1.0,-1.0,-1.0,-1.0,-1.0,-1.0,-1.0,-1.0,-1.0,-1.0,-1.0,-1.0,-1.0,-1.0,-1.0,-1.0,-1.0,-1.0,-1.0,6.0,6.0,3.236,0.0,0.0,,,,2018-11-20,2,2,2,1,64,-1,-1,2,1,-1,2,2,-1,1,-1,1,1,1,-1,-1,-1,3,15,-1,-1,2,15,4,97,Work event gigs and have an unpaid informal tutort,81,-1,5,-1,6,-1,3,-1,-1,-1,-1,-1,-1,-1,5,-1,-1,-1,2,-1.0,-1,-1,-1,2,1,1,1,4,1,1,4,-1,1,0,1,10.0,5,1,MULTIPLE CHEMICAL SENSITIVITY,1,-1,-1,-1,-1,-1,-1,-1,-1,-1,-1,1,-1,2,-1,2,-1,-1,-1,-1,-9,2,-1,2,-1,-1,-1,-1,-1,-1,-9,1;97,1,-1,-1,-1,-1,-1,97,-1,-1,1,5,246.9853,2018-11-16,6,1,0,97,Need to have more frequent buses,1,3,-1,-9,-1,3,-1,1,0,3,-1,1,2,7,-1,5,0,246.9853,-1.0,1.0,IL,USA,17.0,31.0,240300.0,0.0,1.0,41.912369,-87.675068,,,,,,,,,,,,,-9.0,41.882145,-9.0,,,,,,-9.0,-87.625942,-9.0,,,,,,WALKING,BUS,WALKING,,,,,,-9.0,Chicago Transit Authority,-9,,,,,,-9.0,MILWAUKEE,-9,,,,,,-9.0,56,-9,,,,,,-9.0,MADISON & WABASH,-9,,,,,,-9.0,MILWAUKEE & NORTH AVE/DAMEN,-9,,,,,,1.0,1.0,1.0,,,,,,,,,,,,,,
70027422,1,1,2,survey,10000,2018-11-16 07:47:00,2018-11-16 07:55:00,2,8,0.021,509,-1,-1,2,-1.0,5,-1,-1,-1.0,-1,-1,-1,-1,2.0,1,-1,0,-1.0,-1.0,-1,-1,-1,-1,-1,-1,-1,-1,-1,-1,-1,-1,-1,-1,-1,-1,-1,-1,-1,-1,-1,-1,-1,-1,-1,-1,-1,-1,-1,-1,-1,-1,-1,-1,0,0,0,1,1,0.0,0.0,1.0,-1.0,-1.0,-1.0,-1.0,-1.0,-1.0,-1.0,-1.0,-1.0,-1.0,-1.0,-1.0,-1.0,-1.0,-1.0,-1.0,-1.0,-1.0,-1.0,-1.0,-1.0,-1.0,-1.0,-1.0,-1.0,-1.0,-1.0,-1.0,-1.0,2.0,2.0,0.0,1.0,0.0,,,,2018-11-20,2,2,2,1,64,-1,-1,2,1,-1,2,2,-1,1,-1,1,1,1,-1,-1,-1,3,15,-1,-1,2,15,4,97,Work event gigs and have an unpaid informal tutort,81,-1,5,-1,6,-1,3,-1,-1,-1,-1,-1,-1,-1,5,-1,-1,-1,2,-1.0,-1,-1,-1,2,1,1,1,4,1,1,4,-1,1,0,1,10.0,5,1,MULTIPLE CHEMICAL SENSITIVITY,1,-1,-1,-1,-1,-1,-1,-1,-1,-1,-1,1,-1,2,-1,2,-1,-1,-1,-1,-9,2,-1,2,-1,-1,-1,-1,-1,-1,-9,1;97,1,-1,-1,-1,-1,-1,97,-1,-1,1,5,246.9853,2018-11-16,6,1,0,97,Need to have more frequent buses,1,3,-1,-9,-1,3,-1,1,0,3,-1,1,2,7,-1,5,0,246.9853,-1.0,1.0,IL,USA,17.0,31.0,240300.0,0.0,1.0,41.912369,-87.675068,,,,,,,,,,,,,,,,,,,,,,,,,,,,,,,,,,,,,,,,,,,,,,,,,,,,,,,,,,,,,,,,,,,,,,,,,,,,,,,,,,,,,,,,,,,,,
70004804,1,1,1,survey,10000,2018-09-14 03:00:00,2018-09-14 07:15:00,0,255,-1.0,-1,-1,-1,-1,-1.0,-1,-1,-1,-1.0,-1,-1,-1,-1,-1.0,4,-1,4,-1.0,-1.0,-1,-1,-1,-1,-1,-1,-1,-1,-1,-1,-1,-1,-1,-1,-1,-1,-1,-1,-1,-1,-1,-1,-1,-1,-1,-1,-1,-1,-1,-1,-1,-1,-1,-1,-1,-1,-1,-1,-1,-1.0,0.0,0.0,-1.0,-1.0,-1.0,-1.0,-1.0,-1.0,-1.0,-1.0,-1.0,-1.0,-1.0,-1.0,-1.0,-1.0,-1.0,-1.0,-1.0,-1.0,-1.0,-1.0,-1.0,-1.0,-1.0,-1.0,-1.0,-1.0,-1.0,-1.0,-1.0,1.0,-9.0,-1.0,0.0,0.0,,,,2018-09-15,2,5,2,1,78,-1,-1,2,1,-1,1,1,-1,6,-1,2,1,5,-1,-1,-1,1,7,-1,-1,1,56,7,35,-1,52,-1,5,-1,6,-1,1,6,-1,-1,1,-1,-1,-1,3,-1,-1,-1,1,-1.0,2,-1,-1,1,4,3,3,2,1,2,3,-1,1,5,2,20.0,3,1,-1,2,-1,-1,-1,-1,-1,-1,-1,-1,-1,-1,2,-1,1,1,-1,-1,-1,-1,-1,-9,2,-1,2,-1,-1,-1,-1,-1,-1,-9,5,-1,-1,-1,-1,5,-1,-1,-1,-1,0,2,458.6907,2018-09-14,6,4,2,1,-1,25,-1,-1,-1,-1,3,-1,1,0,2,-1,3,2,8,-1,4,0,458.6907,-1.0,1.0,IL,USA,17.0,43.0,846518.0,0.0,1.0,41.746024,-88.253035,,,,,,,,,,,,,,,,,,,,,,,,,,,,,,,,,,,,,,,,,,,,,,,,,,,,,,,,,,,,,,,,,,,,,,,,,,,,,,,,,,,,,,,,,,,,,
70049110,2,1,1,survey,10000,2019-02-27 03:00:00,2019-02-28 03:00:00,0,1440,-1.0,-1,-1,-1,-1,-1.0,-1,-1,-1,-1.0,-1,-1,-1,-1,-1.0,1,-1,1,-1.0,-1.0,-1,-1,-1,-1,-1,-1,-1,-1,-1,-1,-1,-1,-1,-1,-1,-1,-1,-1,-1,-1,-1,-1,-1,-1,-1,-1,-1,-1,-1,-1,-1,-1,-1,-1,-1,-1,-1,-1,-1,-1.0,0.0,0.0,-1.0,-1.0,-1.0,-1.0,-1.0,-1.0,-1.0,-1.0,-1.0,-1.0,-1.0,-1.0,-1.0,-1.0,-1.0,-1.0,-1.0,-1.0,-1.0,-1.0,-1.0,-1.0,-1.0,-1.0,-1.0,-1.0,-1.0,-1.0,-1.0,1.0,-9.0,-1.0,0.0,0.0,,,,2019-03-03,-1,-1,2,2,-7,-7,-7,-7,-7,-1,-1,-7,-1,-7,-1,-1,-1,-1,-1,-1,-1,-1,-1,-1,-1,-1,-1,-1,-1,-1,-1,-1,-1,-1,-1,-1,3,-1,-1,-1,-1,-1,-1,-1,-9,-1,-1,-1,-1,-1.0,-1,-1,-1,1,-1,-1,-1,-1,-1,-1,-1,-1,-1,-1,-1,-1.0,-1,-1,-1,-1,-1,-1,-1,-1,-1,-1,-1,-1,-1,-1,-1,-1,-1,-1,-1,-1,-1,-1,-1,-1,-1,-1,-1,-1,-1,-1,-1,-1,-1,-1,-1,-1,-1,-1,-1,-1,-1,-1,-1,-1,0,0,452.4805,2019-02-27,4,4,4,1,-1,10,-1,-1,-1,-7,4,-1,2,0,1,-1,-7,1,1,-1,2,0,452.4805,-1.0,1.0,IL,USA,17.0,43.0,840911.0,0.0,1.0,41.92306,-88.072936,,,,,,,,,,,,,,,,,,,,,,,,,,,,,,,,,,,,,,,,,,,,,,,,,,,,,,,,,,,,,,,,,,,,,,,,,,,,,,,,,,,,,,,,,,,,,
70049110,4,1,1,survey,10000,2019-02-27 03:00:00,2019-02-28 03:00:00,0,1440,-1.0,-1,-1,-1,-1,-1.0,-1,-1,-1,-1.0,-1,-1,-1,-1,-1.0,1,-1,-8,-1.0,-1.0,-1,-1,-1,-1,-1,-1,-1,-1,-1,-1,-1,-1,-1,-1,-1,-1,-1,-1,-1,-1,-1,-1,-1,-1,-1,-1,-1,-1,-1,-1,-1,-1,-1,-1,-1,-1,-1,-1,-1,-1.0,0.0,0.0,-1.0,-1.0,-1.0,-1.0,-1.0,-1.0,-1.0,-1.0,-1.0,-1.0,-1.0,-1.0,-1.0,-1.0,-1.0,-1.0,-1.0,-1.0,-1.0,-1.0,-1.0,-1.0,-1.0,-1.0,-1.0,-1.0,-1.0,-1.0,-1.0,1.0,-9.0,-1.0,0.0,0.0,,,,2019-03-03,-1,-1,2,4,-7,-7,-7,-7,-7,-1,-1,-7,-1,-7,-1,-1,-1,-1,-1,-1,-1,-1,-1,-1,-1,-1,-1,-1,-1,-1,-1,-1,-1,-1,-1,-1,3,-1,-1,-1,-1,-1,-1,-1,-9,-1,-1,-1,-1,-1.0,-1,-1,-1,1,-1,-1,-1,-1,-1,-1,-1,-1,-1,-1,-1,-1.0,-1,-1,-1,-1,-1,-1,-1,-1,-1,-1,-1,-1,-1,-1,-1,-1,-1,-1,-1,-1,-1,-1,-1,-1,-1,-1,-1,-1,-1,-1,-1,-1,-1,-1,-1,-1,-1,-1,-1,-1,-1,-1,-1,-1,0,0,452.4805,2019-02-27,4,4,4,1,-1,10,-1,-1,-1,-7,4,-1,2,0,1,-1,-7,1,1,-1,2,0,452.4805,-1.0,1.0,IL,USA,17.0,43.0,840911.0,0.0,1.0,41.92306,-88.072936,,,,,,,,,,,,,,,,,,,,,,,,,,,,,,,,,,,,,,,,,,,,,,,,,,,,,,,,,,,,,,,,,,,,,,,,,,,,,,,,,,,,,,,,,,,,,
70038312,3,1,5,survey,10000,2019-01-18 22:07:00,2019-01-19 03:00:00,12,293,4.095,203,-1,2,-1,-1.0,-1,-1,-1,-1.0,-1,-1,-1,-1,3.0,1,-1,0,-1.0,-1.0,-1,-1,-1,-1,-1,-1,-1,-1,-1,-1,-1,-1,-1,-1,-1,-1,-1,-1,-1,-1,-1,-1,-1,2,-1,-1,-1,-1,-1,-1,-1,-1,-1,-1,1,1,0,2,2,-1.0,0.0,0.0,-1.0,-1.0,-1.0,-1.0,-1.0,-1.0,-1.0,-1.0,-1.0,-1.0,-1.0,-1.0,-1.0,-1.0,-1.0,-1.0,-1.0,-1.0,-1.0,-1.0,-1.0,-1.0,-1.0,-1.0,-1.0,-1.0,-1.0,-1.0,-1.0,5.0,-9.0,2.816,0.0,0.0,,,,2019-01-19,-1,-1,2,3,-7,-7,-7,-7,-7,-1,-1,-7,-1,-7,-1,-1,-1,-1,-1,-1,-1,-1,-1,-1,-1,-1,-1,-1,-1,-1,-1,-1,-1,-1,-1,-1,3,-1,-1,-1,-1,-1,-1,-1,-9,-1,-1,-1,2,-1.0,-1,-1,-1,1,-1,-1,-1,-1,-1,-1,-1,-1,-1,-1,-1,-1.0,-1,-1,-1,-1,-1,-1,-1,-1,-1,-1,-1,-1,-1,-1,-1,-1,-1,-1,-1,-1,-1,-1,-1,-1,-1,-1,-1,-1,-1,-1,-1,-1,-1,-1,-1,-1,-1,-1,-1,-1,-1,-1,-1,-1,0,4,63.8398,2019-01-18,6,4,5,1,-1,23,-1,-1,-1,4,2,-1,1,0,1,-1,-7,2,11,-1,14,0,63.8398,-1.0,1.0,IL,USA,17.0,197.0,880416.0,0.0,1.0,41.558205,-88.187178,2010.0,30.0,-1.0,30040.0,-1,1.0,-1.0,1.0,-1.0,1.0,2.0,-1.0,,,,,,,,,,,,,,,,,,,,,,,,,,,,,,,,,,,,,,,,,,,,,,,,,,,,,,,,,,,,,,,,,,,,,,,,,,,,,,,,,
70020291,3,1,1,survey,10000,2018-10-02 03:00:00,2018-10-03 03:00:00,0,1440,-1.0,-1,-1,-1,-1,-1.0,-1,-1,-1,-1.0,-1,-1,-1,-1,-1.0,1,-1,0,-1.0,-1.0,-1,-1,-1,-1,-1,-1,-1,-1,-1,-1,-1,-1,-1,-1,-1,-1,-1,-1,-1,-1,-1,-1,-1,-1,-1,-1,-1,-1,-1,-1,-1,-1,-1,-1,-1,-1,-1,-1,-1,-1.0,0.0,0.0,-1.0,-1.0,-1.0,-1.0,-1.0,-1.0,-1.0,-1.0,-1.0,-1.0,-1.0,-1.0,-1.0,-1.0,-1.0,-1.0,-1.0,-1.0,-1.0,-1.0,-1.0,-1.0,-1.0,-1.0,-1.0,-1.0,-1.0,-1.0,-1.0,1.0,-9.0,-1.0,0.0,0.0,,,,2018-10-05,-1,-1,1,1,-7,-7,-7,-8,-8,-1,-1,2,-1,1,-1,-1,-1,-1,-1,-1,-1,-1,-1,-1,-1,-1,-1,-1,-1,-1,-1,-1,-1,-1,-1,-1,3,-1,-1,-1,-1,-1,-1,-1,-9,-1,-1,-1,-1,-1.0,-1,-1,-1,1,-1,-1,-1,-1,-1,-1,-1,-1,-1,-1,-1,-1.0,-1,-1,-1,-1,-1,-1,-1,-1,-1,-1,-1,-1,-1,-1,-1,-1,-1,-1,-1,-1,-1,-1,-1,-1,-1,-1,-1,-1,-1,-1,-1,-1,-1,-1,-1,-1,-1,-1,-1,-1,-1,-1,-1,-1,0,0,901.0625,2018-10-02,3,3,1,1,-1,50,-1,-1,-1,1,3,-1,1,0,1,-1,-7,2,1,-1,5,0,901.0625,-1.0,1.0,IL,USA,17.0,31.0,802002.0,0.0,1.0,42.073222,-87.832077,,,,,,,,,,,,,,,,,,,,,,,,,,,,,,,,,,,,,,,,,,,,,,,,,,,,,,,,,,,,,,,,,,,,,,,,,,,,,,,,,,,,,,,,,,,,,
70049110,3,1,1,survey,10000,2019-02-27 03:00:00,2019-02-28 03:00:00,0,1440,-1.0,-1,-1,-1,-1,-1.0,-1,-1,-1,-1.0,-1,-1,-1,-1,-1.0,1,-1,0,-1.0,-1.0,-1,-1,-1,-1,-1,-1,-1,-1,-1,-1,-1,-1,-1,-1,-1,-1,-1,-1,-1,-1,-1,-1,-1,-1,-1,-1,-1,-1,-1,-1,-1,-1,-1,-1,-1,-1,-1,-1,-1,-1.0,0.0,0.0,-1.0,-1.0,-1.0,-1.0,-1.0,-1.0,-1.0,-1.0,-1.0,-1.0,-1.0,-1.0,-1.0,-1.0,-1.0,-1.0,-1.0,-1.0,-1.0,-1.0,-1.0,-1.0,-1.0,-1.0,-1.0,-1.0,-1.0,-1.0,-1.0,1.0,-9.0,-1.0,0.0,0.0,,,,2019-03-03,-1,-1,2,3,-7,-7,-7,-7,-7,-1,-1,-7,-1,-7,-1,-1,-1,-1,-1,-1,-1,-1,-1,-1,-1,-1,-1,-1,-1,-1,-1,-1,-1,-1,-1,-1,3,-1,-1,-1,-1,-1,-1,-1,-9,-1,-1,-1,-1,-1.0,-1,-1,-1,1,-1,-1,-1,-1,-1,-1,-1,-1,-1,-1,-1,-1.0,-1,-1,-1,-1,-1,-1,-1,-1,-1,-1,-1,-1,-1,-1,-1,-1,-1,-1,-1,-1,-1,-1,-1,-1,-1,-1,-1,-1,-1,-1,-1,-1,-1,-1,-1,-1,-1,-1,-1,-1,-1,-1,-1,-1,0,0,452.4805,2019-02-27,4,4,4,1,-1,10,-1,-1,-1,-7,4,-1,2,0,1,-1,-7,1,1,-1,2,0,452.4805,-1.0,1.0,IL,USA,17.0,43.0,840911.0,0.0,1.0,41.92306,-88.072936,,,,,,,,,,,,,,,,,,,,,,,,,,,,,,,,,,,,,,,,,,,,,,,,,,,,,,,,,,,,,,,,,,,,,,,,,,,,,,,,,,,,,,,,,,,,,
70038312,3,1,1,survey,10000,2019-01-18 03:00:00,2019-01-18 07:25:00,0,265,-1.0,-1,-1,-1,-1,-1.0,-1,-1,-1,-1.0,-1,-1,-1,-1,-1.0,1,-1,0,-1.0,-1.0,-1,-1,-1,-1,-1,-1,-1,-1,-1,-1,-1,-1,-1,-1,-1,-1,-1,-1,-1,-1,-1,-1,-1,-1,-1,-1,-1,-1,-1,-1,-1,-1,-1,-1,-1,-1,-1,-1,-1,-1.0,0.0,0.0,-1.0,-1.0,-1.0,-1.0,-1.0,-1.0,-1.0,-1.0,-1.0,-1.0,-1.0,-1.0,-1.0,-1.0,-1.0,-1.0,-1.0,-1.0,-1.0,-1.0,-1.0,-1.0,-1.0,-1.0,-1.0,-1.0,-1.0,-1.0,-1.0,1.0,-9.0,-1.0,0.0,0.0,,,,2019-01-19,-1,-1,2,3,-7,-7,-7,-7,-7,-1,-1,-7,-1,-7,-1,-1,-1,-1,-1,-1,-1,-1,-1,-1,-1,-1,-1,-1,-1,-1,-1,-1,-1,-1,-1,-1,3,-1,-1,-1,-1,-1,-1,-1,-9,-1,-1,-1,2,-1.0,-1,-1,-1,1,-1,-1,-1,-1,-1,-1,-1,-1,-1,-1,-1,-1.0,-1,-1,-1,-1,-1,-1,-1,-1,-1,-1,-1,-1,-1,-1,-1,-1,-1,-1,-1,-1,-1,-1,-1,-1,-1,-1,-1,-1,-1,-1,-1,-1,-1,-1,-1,-1,-1,-1,-1,-1,-1,-1,-1,-1,0,4,63.8398,2019-01-18,6,4,5,1,-1,23,-1,-1,-1,4,2,-1,1,0,1,-1,-7,2,11,-1,14,0,63.8398,-1.0,1.0,IL,USA,17.0,197.0,880416.0,0.0,1.0,41.558205,-88.187178,,,,,,,,,,,,,,,,,,,,,,,,,,,,,,,,,,,,,,,,,,,,,,,,,,,,,,,,,,,,,,,,,,,,,,,,,,,,,,,,,,,,,,,,,,,,,
70051607,3,1,4,survey,10000,2019-03-12 12:30:00,2019-03-13 03:00:00,15,870,2.537,202,-1,2,-1,-1.0,-1,-1,-1,-1.0,-1,-1,4,-1,2.0,1,-1,0,-1.0,1.0,-1,-1,-1,-1,-1,-1,-1,-1,-1,-1,-1,-1,-1,-1,-1,-1,-1,-1,-1,-1,-1,-1,-1,-1,-1,4,-1,-1,-1,-1,-1,-1,-1,-1,1,1,0,2,2,-1.0,0.0,0.0,-1.0,-1.0,-1.0,-1.0,-1.0,-1.0,-1.0,-1.0,-1.0,-1.0,-1.0,-1.0,-1.0,-1.0,-1.0,-1.0,-1.0,-1.0,-1.0,-1.0,-1.0,-1.0,-1.0,-1.0,-1.0,-1.0,-1.0,-1.0,-1.0,4.0,-9.0,1.891,0.0,0.0,,,,2019-03-13,2,5,2,3,-7,7,-1,1,-7,-1,1,-7,-1,-7,-1,1,-7,-7,-7,-1,-1,-1,-1,-1,-1,-1,-1,-1,-1,-1,-1,-1,-1,-1,-1,-1,-7,-1,-1,-1,-1,-1,-1,-1,-7,-1,-1,-1,2,-1.0,2,-1,-1,1,-1,-1,-1,-1,-1,-1,-1,-1,-1,0,2,-9.0,-9,2,-1,-1,-1,-1,-1,-1,-1,-1,-1,-1,-1,-1,2,-1,-7,-1,-1,-1,-1,-7,-1,-9,5,-1,-1,-1,-1,5,-1,-1,-1,-9,-1,-1,-1,-1,-1,-1,-1,-1,-1,-1,0,3,992.0762,2019-03-12,3,6,4,1,-1,17,-1,-1,-1,3,2,-1,2,0,1,-1,-7,2,1,-1,25,0,992.0762,-1.0,1.0,IL,USA,17.0,89.0,851904.0,0.0,1.0,42.040887,-88.342828,2010.0,49.0,-1.0,49032.0,-1,1.0,-1.0,1.0,-1.0,1.0,2.0,-1.0,,,,,,,,,,,,,,,,,,,,,,,,,,,,,,,,,,,,,,,,,,,,,,,,,,,,,,,,,,,,,,,,,,,,,,,,,,,,,,,,,
70038312,3,1,2,survey,1000000,2019-01-18 07:35:00,2019-01-18 14:58:00,10,443,1.548,203,-1,1,-1,-1.0,-1,-1,-1,-1.0,-1,-1,-1,-1,1.0,6,-1,6,-1.0,-1.0,4,97,-1,-1,-1,-1,-1,-1,97,-1,-1,BEING TO SCHOOL EARLY TO PREPARE,5,-1,-1,-1,-1,5,-1,-1,-1,-1,1,-1,-1,-1,-1,-1,-1,-1,-1,-1,-1,-1,1,1,0,2,2,-1.0,0.0,0.0,-1.0,-1.0,-1.0,-1.0,-1.0,-1.0,-1.0,-1.0,-1.0,-1.0,-1.0,-1.0,-1.0,-1.0,-1.0,-1.0,-1.0,-1.0,-1.0,-1.0,-1.0,-1.0,-1.0,-1.0,-1.0,-1.0,-1.0,-1.0,-1.0,2.0,-9.0,0.514,0.0,0.0,,,,2019-01-19,-1,-1,2,3,-7,-7,-7,-7,-7,-1,-1,-7,-1,-7,-1,-1,-1,-1,-1,-1,-1,-1,-1,-1,-1,-1,-1,-1,-1,-1,-1,-1,-1,-1,-1,-1,3,-1,-1,-1,-1,-1,-1,-1,-9,-1,-1,-1,2,-1.0,-1,-1,-1,1,-1,-1,-1,-1,-1,-1,-1,-1,-1,-1,-1,-1.0,-1,-1,-1,-1,-1,-1,-1,-1,-1,-1,-1,-1,-1,-1,-1,-1,-1,-1,-1,-1,-1,-1,-1,-1,-1,-1,-1,-1,-1,-1,-1,-1,-1,-1,-1,-1,-1,-1,-1,-1,-1,-1,-1,-1,0,4,63.8398,2019-01-18,6,4,5,1,-1,23,-1,-1,-1,4,2,-1,1,0,1,-1,-7,2,11,-1,14,0,63.8398,-1.0,97.0,IL,USA,17.0,197.0,880416.0,0.0,0.0,41.558205,-88.187178,2017.0,30.0,-1.0,30042.0,-1,1.0,-1.0,1.0,-1.0,1.0,3.0,-1.0,,,,,,,,,,,,,,,,,,,,,,,,,,,,,,,,,,,,,,,,,,,,,,,,,,,,,,,,,,,,,,,,,,,,,,,,,,,,,,,,,
70027422,1,1,4,survey,2000004,2018-11-16 08:57:00,2018-11-16 12:30:00,2,213,0.303,101,-1,-1,-1,-1.0,-1,-1,-1,-1.0,-1,-1,-1,-1,2.0,5,-1,0,-1.0,-1.0,-1,-1,-1,-1,-1,-1,-1,-1,-1,-1,-1,-1,-1,-1,-1,-1,-1,-1,-1,-1,-1,-1,-1,-1,-1,-1,-1,-1,-1,-1,-1,-1,-1,-1,0,0,0,1,1,-1.0,0.0,0.0,-1.0,-1.0,-1.0,-1.0,-1.0,-1.0,-1.0,-1.0,-1.0,-1.0,-1.0,-1.0,-1.0,-1.0,-1.0,-1.0,-1.0,-1.0,-1.0,-1.0,-1.0,-1.0,-1.0,-1.0,-1.0,-1.0,-1.0,-1.0,-1.0,4.0,-9.0,0.188,0.0,0.0,,,,2018-11-20,2,2,2,1,64,-1,-1,2,1,-1,2,2,-1,1,-1,1,1,1,-1,-1,-1,3,15,-1,-1,2,15,4,97,Work event gigs and have an unpaid informal tutort,81,-1,5,-1,6,-1,3,-1,-1,-1,-1,-1,-1,-1,5,-1,-1,-1,2,-1.0,-1,-1,-1,2,1,1,1,4,1,1,4,-1,1,0,1,10.0,5,1,MULTIPLE CHEMICAL SENSITIVITY,1,-1,-1,-1,-1,-1,-1,-1,-1,-1,-1,1,-1,2,-1,2,-1,-1,-1,-1,-9,2,-1,2,-1,-1,-1,-1,-1,-1,-9,1;97,1,-1,-1,-1,-1,-1,97,-1,-1,1,5,246.9853,2018-11-16,6,1,0,97,Need to have more frequent buses,1,3,-1,-9,-1,3,-1,1,0,3,-1,1,2,7,-1,5,0,246.9853,-1.0,100.0,IL,USA,17.0,31.0,839100.0,0.0,0.0,41.880986,-87.63307,,,,,,,,,,,,,,,,,,,,,,,,,,,,,,,,,,,,,,,,,,,,,,,,,,,,,,,,,,,,,,,,,,,,,,,,,,,,,,,,,,,,,,,,,,,,,
70027422,1,1,1,survey,10000,2018-11-16 03:00:00,2018-11-16 07:45:00,0,285,-1.0,-1,-1,-1,-1,-1.0,-1,-1,-1,-1.0,-1,-1,-1,-1,-1.0,1,-1,0,-1.0,-1.0,-1,-1,-1,-1,-1,-1,-1,-1,-1,-1,-1,-1,-1,-1,-1,-1,-1,-1,-1,-1,-1,-1,-1,-1,-1,-1,-1,-1,-1,-1,-1,-1,-1,-1,-1,-1,-1,-1,-1,-1.0,0.0,0.0,-1.0,-1.0,-1.0,-1.0,-1.0,-1.0,-1.0,-1.0,-1.0,-1.0,-1.0,-1.0,-1.0,-1.0,-1.0,-1.0,-1.0,-1.0,-1.0,-1.0,-1.0,-1.0,-1.0,-1.0,-1.0,-1.0,-1.0,-1.0,-1.0,1.0,-9.0,-1.0,0.0,0.0,,,,2018-11-20,2,2,2,1,64,-1,-1,2,1,-1,2,2,-1,1,-1,1,1,1,-1,-1,-1,3,15,-1,-1,2,15,4,97,Work event gigs and have an unpaid informal tutort,81,-1,5,-1,6,-1,3,-1,-1,-1,-1,-1,-1,-1,5,-1,-1,-1,2,-1.0,-1,-1,-1,2,1,1,1,4,1,1,4,-1,1,0,1,10.0,5,1,MULTIPLE CHEMICAL SENSITIVITY,1,-1,-1,-1,-1,-1,-1,-1,-1,-1,-1,1,-1,2,-1,2,-1,-1,-1,-1,-9,2,-1,2,-1,-1,-1,-1,-1,-1,-9,1;97,1,-1,-1,-1,-1,-1,97,-1,-1,1,5,246.9853,2018-11-16,6,1,0,97,Need to have more frequent buses,1,3,-1,-9,-1,3,-1,1,0,3,-1,1,2,7,-1,5,0,246.9853,-1.0,1.0,IL,USA,17.0,31.0,240300.0,0.0,1.0,41.912369,-87.675068,,,,,,,,,,,,,,,,,,,,,,,,,,,,,,,,,,,,,,,,,,,,,,,,,,,,,,,,,,,,,,,,,,,,,,,,,,,,,,,,,,,,,,,,,,,,,
70027422,1,1,5,survey,2000003,2018-11-16 12:35:00,2018-11-16 14:00:00,5,85,0.328,101,-1,-1,-1,-1.0,-1,-1,-1,-1.0,-1,-1,-1,-1,2.0,8,-1,0,-1.0,-1.0,-1,-1,-1,-1,-1,-1,-1,-1,-1,-1,-1,-1,-1,-1,-1,-1,-1,-1,-1,-1,-1,-1,-1,-1,-1,-1,-1,-1,-1,-1,-1,-1,-1,-1,0,0,0,1,1,-1.0,0.0,0.0,-1.0,-1.0,-1.0,-1.0,-1.0,-1.0,-1.0,-1.0,-1.0,-1.0,-1.0,-1.0,-1.0,-1.0,-1.0,-1.0,-1.0,-1.0,-1.0,-1.0,-1.0,-1.0,-1.0,-1.0,-1.0,-1.0,-1.0,-1.0,-1.0,5.0,-9.0,0.064,0.0,0.0,,,,2018-11-20,2,2,2,1,64,-1,-1,2,1,-1,2,2,-1,1,-1,1,1,1,-1,-1,-1,3,15,-1,-1,2,15,4,97,Work event gigs and have an unpaid informal tutort,81,-1,5,-1,6,-1,3,-1,-1,-1,-1,-1,-1,-1,5,-1,-1,-1,2,-1.0,-1,-1,-1,2,1,1,1,4,1,1,4,-1,1,0,1,10.0,5,1,MULTIPLE CHEMICAL SENSITIVITY,1,-1,-1,-1,-1,-1,-1,-1,-1,-1,-1,1,-1,2,-1,2,-1,-1,-1,-1,-9,2,-1,2,-1,-1,-1,-1,-1,-1,-9,1;97,1,-1,-1,-1,-1,-1,97,-1,-1,1,5,246.9853,2018-11-16,6,1,0,97,Need to have more frequent buses,1,3,-1,-9,-1,3,-1,1,0,3,-1,1,2,7,-1,5,0,246.9853,-1.0,100.0,IL,USA,17.0,31.0,320100.0,0.0,0.0,41.886447,-87.619467,,,,,,,,,,,,,,,,,,,,,,,,,,,,,,,,,,,,,,,,,,,,,,,,,,,,,,,,,,,,,,,,,,,,,,,,,,,,,,,,,,,,,,,,,,,,,
70038312,3,1,3,survey,10000,2019-01-18 15:05:00,2019-01-18 18:30:00,7,205,1.862,203,-1,1,-1,-1.0,-1,-1,-1,-1.0,-1,-1,-1,-1,5.0,1,-1,1,-1.0,-1.0,-1,-1,-1,-1,-1,-1,-1,-1,-1,-1,-1,-1,-1,-1,-1,-1,-1,-1,-1,-1,-1,-1,1,-1,-1,-1,-1,-1,-1,-1,-1,-1,-1,-1,1,1,0,2,2,-1.0,0.0,0.0,-1.0,-1.0,-1.0,-1.0,-1.0,-1.0,-1.0,-1.0,-1.0,-1.0,-1.0,-1.0,-1.0,-1.0,-1.0,-1.0,-1.0,-1.0,-1.0,-1.0,-1.0,-1.0,-1.0,-1.0,-1.0,-1.0,-1.0,-1.0,-1.0,3.0,-9.0,0.514,0.0,0.0,,,,2019-01-19,-1,-1,2,3,-7,-7,-7,-7,-7,-1,-1,-7,-1,-7,-1,-1,-1,-1,-1,-1,-1,-1,-1,-1,-1,-1,-1,-1,-1,-1,-1,-1,-1,-1,-1,-1,3,-1,-1,-1,-1,-1,-1,-1,-9,-1,-1,-1,2,-1.0,-1,-1,-1,1,-1,-1,-1,-1,-1,-1,-1,-1,-1,-1,-1,-1.0,-1,-1,-1,-1,-1,-1,-1,-1,-1,-1,-1,-1,-1,-1,-1,-1,-1,-1,-1,-1,-1,-1,-1,-1,-1,-1,-1,-1,-1,-1,-1,-1,-1,-1,-1,-1,-1,-1,-1,-1,-1,-1,-1,-1,0,4,63.8398,2019-01-18,6,4,5,1,-1,23,-1,-1,-1,4,2,-1,1,0,1,-1,-7,2,11,-1,14,0,63.8398,-1.0,1.0,IL,USA,17.0,197.0,880416.0,0.0,1.0,41.558205,-88.187178,2017.0,30.0,-1.0,30042.0,-1,1.0,-1.0,1.0,-1.0,1.0,3.0,-1.0,,,,,,,,,,,,,,,,,,,,,,,,,,,,,,,,,,,,,,,,,,,,,,,,,,,,,,,,,,,,,,,,,,,,,,,,,,,,,,,,,
70021514,3,1,4,survey,30003,2018-10-11 16:37:00,2018-10-11 18:50:00,60,133,14.092,500,-1,-1,2,-1.0,97,VENTRA – UPASS,-1,-1.0,-1,-1,-1,-1,4.0,6,-1,0,-1.0,-1.0,-1,-1,-1,-1,-1,-1,-1,-1,-1,-1,-1,-1,-1,-1,-1,-1,-1,-1,-1,-1,-1,-1,-1,-1,-1,-1,-1,-1,-1,-1,-1,-1,-1,-1,0,0,0,1,1,1.0,0.0,0.0,-1.0,-1.0,-1.0,-1.0,-1.0,-1.0,-1.0,-1.0,-1.0,-1.0,-1.0,-1.0,-1.0,-1.0,-1.0,-1.0,-1.0,-1.0,-1.0,-1.0,-1.0,-1.0,-1.0,-1.0,-1.0,-1.0,-1.0,-1.0,-1.0,4.0,4.0,13.539,0.0,0.0,,,,2018-10-16,2,2,2,3,21,-1,-1,2,3,-1,2,2,-1,6,-1,1,1,1,-1,-1,-1,3,5,-1,-1,2,16,2,39,-1,-7,-1,97,DOES NOT USE PUBLIC TRANSIT,97,NO NEED TO PARK,1,6,-1,-1,2,8,-1,2,3,-1,-1,-1,2,-1.0,2,-1,-1,1,2,1,1,4,2,-1,4,-1,2,2,3,10.0,5,1,DIABETES,1,-1,-1,-1,-1,-1,-1,-1,-1,-1,-1,1,-1,2,-1,2,-1,-1,-1,-1,-9,2;3,-1,2,3,-1,-1,-1,-1,-1,-9,97,-1,-1,-1,-1,-1,-1,97,-1,-1,0,4,114.0339,2018-10-11,5,4,2,3,-1,23,-1,-1,-1,-1,2,-1,1,0,2,-1,9,2,1,-1,22,0,114.0339,3.0,3.0,IL,USA,17.0,31.0,320100.0,0.0,0.0,41.886447,-87.619467,,,,,,,,,,,,,-9.0,41.693101,41.722378,-9.0,,,,,-9.0,-87.609666,-87.624344,-9.0,,,,,WALKING,BUS,SUBWAY,WALKING,,,,,-9.0,Chicago Transit Authority,Chicago Transit Authority,-9,,,,,-9.0,PULLMAN/115TH,RED LINE,-9,,,,,-9.0,115,-9,-9,,,,,-9.0,COTTAGE GROVE & 111TH STREET,95/DAN RYAN,-9,,,,,-9.0,95TH STREET & MICHIGAN,LAKE,-9,,,,,0.0,0.0,0.0,0.0,,,,,,,,,,,,,
70021514,3,1,3,survey,10000,2018-10-11 14:54:52,2018-10-11 15:37:00,9,42,2.572,501,-1,-1,2,-1.0,97,VENTRA – UPASS,-1,-1.0,-1,-1,-1,-1,3.0,1,-1,19,-1.0,-1.0,-1,-1,-1,-1,-1,-1,-1,-1,-1,-1,-1,-1,-1,-1,-1,-1,-1,-1,-1,-1,-1,-1,-1,-1,-1,-1,-1,-1,-1,-1,-1,-1,-1,-1,0,0,0,1,1,1.0,0.0,0.0,-1.0,-1.0,-1.0,-1.0,-1.0,-1.0,-1.0,-1.0,-1.0,-1.0,-1.0,-1.0,-1.0,-1.0,-1.0,-1.0,-1.0,-1.0,-1.0,-1.0,-1.0,-1.0,-1.0,-1.0,-1.0,-1.0,-1.0,-1.0,-1.0,3.0,3.0,1.697,0.0,0.0,,,,2018-10-16,2,2,2,3,21,-1,-1,2,3,-1,2,2,-1,6,-1,1,1,1,-1,-1,-1,3,5,-1,-1,2,16,2,39,-1,-7,-1,97,DOES NOT USE PUBLIC TRANSIT,97,NO NEED TO PARK,1,6,-1,-1,2,8,-1,2,3,-1,-1,-1,2,-1.0,2,-1,-1,1,2,1,1,4,2,-1,4,-1,2,2,3,10.0,5,1,DIABETES,1,-1,-1,-1,-1,-1,-1,-1,-1,-1,-1,1,-1,2,-1,2,-1,-1,-1,-1,-9,2;3,-1,2,3,-1,-1,-1,-1,-1,-9,97,-1,-1,-1,-1,-1,-1,97,-1,-1,0,4,114.0339,2018-10-11,5,4,2,3,-1,23,-1,-1,-1,-1,2,-1,1,0,2,-1,9,2,1,-1,22,0,114.0339,-1.0,1.0,IL,USA,17.0,31.0,500300.0,0.0,1.0,41.689315,-87.60537,,,,,,,,,,,,,-9.0,41.707797,41.707441,-9.0,,,,,-9.0,-87.587341,-87.606546,-9.0,,,,,WALKING,BUS,BUS,WALKING,,,,,-9.0,Chicago Transit Authority,Chicago Transit Authority,-9,,,,,-9.0,EAST 103RD,PULLMAN/115TH,-9,,,,,-9.0,106,115,-9,,,,,-9.0,103RD,COTTAGE GROVE & 103RD,-9,,,,,-9.0,COTTAGE GROVE & 103RD,COTTAGE GROVE & 111TH,-9,,,,,0.0,2.0,2.0,0.0,,,,,,,,,,,,,
70021514,3,1,2,survey,2000010,2018-10-11 11:17:00,2018-10-11 14:46:00,12,209,2.497,203,-1,2,-1,-1.0,-1,-1,-1,-1.0,-1,-1,-1,-1,2.0,6,-1,0,-1.0,-1.0,-1,-1,-1,-1,-1,-1,-1,-1,-1,-1,-1,-1,-1,-1,-1,-1,-1,-1,-1,-1,-1,-1,-1,2,-1,-1,-1,-1,-1,-1,-1,-1,-1,-1,1,1,0,2,2,-1.0,0.0,0.0,-1.0,-1.0,-1.0,-1.0,-1.0,-1.0,-1.0,-1.0,-1.0,-1.0,-1.0,-1.0,-1.0,-1.0,-1.0,-1.0,-1.0,-1.0,-1.0,-1.0,-1.0,-1.0,-1.0,-1.0,-1.0,-1.0,-1.0,-1.0,-1.0,2.0,-9.0,1.697,0.0,0.0,,,,2018-10-16,2,2,2,3,21,-1,-1,2,3,-1,2,2,-1,6,-1,1,1,1,-1,-1,-1,3,5,-1,-1,2,16,2,39,-1,-7,-1,97,DOES NOT USE PUBLIC TRANSIT,97,NO NEED TO PARK,1,6,-1,-1,2,8,-1,2,3,-1,-1,-1,2,-1.0,2,-1,-1,1,2,1,1,4,2,-1,4,-1,2,2,3,10.0,5,1,DIABETES,1,-1,-1,-1,-1,-1,-1,-1,-1,-1,-1,1,-1,2,-1,2,-1,-1,-1,-1,-9,2;3,-1,2,3,-1,-1,-1,-1,-1,-9,97,-1,-1,-1,-1,-1,-1,97,-1,-1,0,4,114.0339,2018-10-11,5,4,2,3,-1,23,-1,-1,-1,-1,2,-1,1,0,2,-1,9,2,1,-1,22,0,114.0339,-1.0,100.0,IL,USA,17.0,31.0,500100.0,0.0,0.0,41.714683,-87.595025,2005.0,49.0,-1.0,49040.0,-1,1.0,-1.0,1.0,-1.0,1.0,1.0,-1.0,,,,,,,,,,,,,,,,,,,,,,,,,,,,,,,,,,,,,,,,,,,,,,,,,,,,,,,,,,,,,,,,,,,,,,,,,,,,,,,,,
70002550,1,1,2,survey,2000003,2018-09-06 07:03:00,2018-09-06 09:00:00,3,117,6.296,705,-1,-1,-1,-1.0,-1,-1,-1,-1.0,-1,-1,-1,-1,4.0,4,-1,5,-1.0,-1.0,-1,-1,-1,-1,-1,-1,-1,-1,-1,-1,-1,-1,-1,-1,-1,-1,-1,-1,-1,-1,-1,-1,-1,-1,-1,-1,-1,-1,-1,-1,-1,-1,-1,-1,0,0,0,1,1,-1.0,0.0,0.0,-1.0,-1.0,-1.0,-1.0,-1.0,-1.0,-1.0,-1.0,-1.0,-1.0,-1.0,-1.0,-1.0,-1.0,-1.0,-1.0,-1.0,-1.0,-1.0,-1.0,-1.0,-1.0,-1.0,-1.0,-1.0,-1.0,-1.0,-1.0,-1.0,2.0,-9.0,5.035,0.0,301.0,,,,2018-09-07,2,2,2,1,29,-1,-1,1,1,-1,2,2,-1,1,-1,1,1,1,-1,-1,-1,3,13,-1,-1,2,20,6,27,-1,51,-1,5,-1,6,-1,2,6,-1,-1,1,-1,-1,-1,2,-1,-1,-1,2,-1.0,-1,-1,-1,1,4,2,1,3,2,-1,4,-1,1,20,2,5.0,4,1,-1,1,-1,-1,-1,-1,-1,-1,-1,-1,-1,-1,2,-1,2;3;97,-1,2,3,97,-1,-1,"Via SMS messages, Text messages.",2,-1,2,-1,-1,-1,-1,-1,-1,-9,1;5,1,-1,-1,-1,5,-1,-1,-1,-1,1,2,74.1697,2018-09-06,5,1,0,1,-1,6,-1,-1,-1,-1,3,-1,1,0,3,-1,1,1,7,-1,2,0,74.1697,-1.0,97.0,IL,USA,17.0,31.0,240300.0,0.0,0.0,41.912369,-87.675068,,,,,,,,,,,,,,,,,,,,,,,,,,,,,,,,,,,,,,,,,,,,,,,,,,,,,,,,,,,,,,,,,,,,,,,,,,,,,,,,,,,,,,,,,,,,,
70032299,2,1,1,survey,10000,2018-11-30 03:00:00,2018-12-01 03:00:00,0,1440,-1.0,-1,-1,-1,-1,-1.0,-1,-1,-1,-1.0,-1,-1,-1,-1,-1.0,1,-1,0,-1.0,-1.0,-1,-1,-1,-1,-1,-1,-1,-1,-1,-1,-1,-1,-1,-1,-1,-1,-1,-1,-1,-1,-1,-1,-1,-1,-1,-1,-1,-1,-1,-1,-1,-1,-1,-1,-1,-1,-1,-1,-1,-1.0,0.0,0.0,-1.0,-1.0,-1.0,-1.0,-1.0,-1.0,-1.0,-1.0,-1.0,-1.0,-1.0,-1.0,-1.0,-1.0,-1.0,-1.0,-1.0,-1.0,-1.0,-1.0,-1.0,-1.0,-1.0,-1.0,-1.0,-1.0,-1.0,-1.0,-1.0,1.0,-9.0,-1.0,0.0,0.0,,,,2018-12-01,2,5,1,1,89,-1,-1,2,4,-1,2,2,-1,1,-1,2,2,-1,1,-1,-1,-1,-1,-1,-1,-1,-1,-1,-1,-1,-1,-1,-1,-1,-1,-1,3,-1,-1,-1,-1,-1,-1,-1,1,-1,-1,-1,-1,-1.0,-1,1,-1,1,-1,-1,-1,-1,-1,-1,-1,-1,-1,0,2,-9.0,-9,1,STROKE,1,4,-1,5,-1,-1,-1,-1,5,-1,-1,2,-1,97,-1,-1,-1,97,-1,-1,Does not,5,-1,-1,-1,-1,5,-1,-1,-1,-9,5;6;97,-1,-1,-1,-1,5,6,97,-1,-1,0,0,662.6029,2018-11-30,6,2,1,1,-1,55,-1,-1,-1,-1,1,-1,1,0,1,-1,7,2,2,-1,5,0,662.6029,-1.0,1.0,IL,USA,17.0,31.0,170500.0,0.0,1.0,41.950078,-87.828896,,,,,,,,,,,,,,,,,,,,,,,,,,,,,,,,,,,,,,,,,,,,,,,,,,,,,,,,,,,,,,,,,,,,,,,,,,,,,,,,,,,,,,,,,,,,,
70051607,3,1,3,survey,1000013,2019-03-12 11:45:00,2019-03-12 12:15:00,15,30,2.442,202,-1,2,-1,-1.0,-1,-1,-1,-1.0,-1,-1,1,-1,2.0,9,-1,0,-1.0,-1.0,-1,-1,-1,-1,-1,-1,-1,-1,-1,-1,-1,-1,-1,-1,-1,-1,-1,-1,-1,-1,-1,-1,-1,-1,-1,4,-1,-1,-1,-1,-1,-1,-1,-1,1,1,0,2,2,-1.0,0.0,0.0,-1.0,-1.0,-1.0,-1.0,-1.0,-1.0,-1.0,-1.0,-1.0,-1.0,-1.0,-1.0,-1.0,-1.0,-1.0,-1.0,-1.0,-1.0,-1.0,-1.0,-1.0,-1.0,-1.0,-1.0,-1.0,-1.0,-1.0,-1.0,-1.0,3.0,-9.0,1.381,0.0,0.0,,,,2019-03-13,2,5,2,3,-7,7,-1,1,-7,-1,1,-7,-1,-7,-1,1,-7,-7,-7,-1,-1,-1,-1,-1,-1,-1,-1,-1,-1,-1,-1,-1,-1,-1,-1,-1,-7,-1,-1,-1,-1,-1,-1,-1,-7,-1,-1,-1,2,-1.0,2,-1,-1,1,-1,-1,-1,-1,-1,-1,-1,-1,-1,0,2,-9.0,-9,2,-1,-1,-1,-1,-1,-1,-1,-1,-1,-1,-1,-1,2,-1,-7,-1,-1,-1,-1,-7,-1,-9,5,-1,-1,-1,-1,5,-1,-1,-1,-9,-1,-1,-1,-1,-1,-1,-1,-1,-1,-1,0,3,992.0762,2019-03-12,3,6,4,1,-1,17,-1,-1,-1,3,2,-1,2,0,1,-1,-7,2,1,-1,25,0,992.0762,-1.0,97.0,IL,USA,17.0,89.0,851908.0,0.0,0.0,42.020694,-88.331245,2010.0,49.0,-1.0,49032.0,-1,1.0,-1.0,1.0,-1.0,1.0,2.0,-1.0,,,,,,,,,,,,,,,,,,,,,,,,,,,,,,,,,,,,,,,,,,,,,,,,,,,,,,,,,,,,,,,,,,,,,,,,,,,,,,,,,
70051607,3,1,2,survey,1000003,2019-03-12 09:45:00,2019-03-12 11:30:00,15,105,3.52,202,-1,2,-1,-1.0,-1,-1,-1,-1.0,-1,-1,1,-1,4.0,23,-1,0,-1.0,-1.0,-1,-1,-1,-1,-1,-1,-1,-1,-1,-1,-1,-1,-1,-1,-1,-1,-1,-1,-1,-1,-1,-1,-1,-1,-1,4,-1,-1,-1,-1,-1,-1,-1,-1,1,1,0,2,2,-1.0,0.0,0.0,-1.0,-1.0,-1.0,-1.0,-1.0,-1.0,-1.0,-1.0,-1.0,-1.0,-1.0,-1.0,-1.0,-1.0,-1.0,-1.0,-1.0,-1.0,-1.0,-1.0,-1.0,-1.0,-1.0,-1.0,-1.0,-1.0,-1.0,-1.0,-1.0,2.0,-9.0,2.788,0.0,0.0,,,,2019-03-13,2,5,2,3,-7,7,-1,1,-7,-1,1,-7,-1,-7,-1,1,-7,-7,-7,-1,-1,-1,-1,-1,-1,-1,-1,-1,-1,-1,-1,-1,-1,-1,-1,-1,-7,-1,-1,-1,-1,-1,-1,-1,-7,-1,-1,-1,2,-1.0,2,-1,-1,1,-1,-1,-1,-1,-1,-1,-1,-1,-1,0,2,-9.0,-9,2,-1,-1,-1,-1,-1,-1,-1,-1,-1,-1,-1,-1,2,-1,-7,-1,-1,-1,-1,-7,-1,-9,5,-1,-1,-1,-1,5,-1,-1,-1,-9,-1,-1,-1,-1,-1,-1,-1,-1,-1,-1,0,3,992.0762,2019-03-12,3,6,4,1,-1,17,-1,-1,-1,3,2,-1,2,0,1,-1,-7,2,1,-1,25,0,992.0762,-1.0,97.0,IL,USA,17.0,89.0,851904.0,0.0,0.0,42.040887,-88.342828,2010.0,49.0,-1.0,49032.0,-1,1.0,-1.0,1.0,-1.0,1.0,2.0,-1.0,,,,,,,,,,,,,,,,,,,,,,,,,,,,,,,,,,,,,,,,,,,,,,,,,,,,,,,,,,,,,,,,,,,,,,,,,,,,,,,,,
70051607,3,1,1,survey,10000,2019-03-12 03:00:00,2019-03-12 09:30:00,0,390,-1.0,-1,-1,-1,-1,-1.0,-1,-1,-1,-1.0,-1,-1,-1,-1,-1.0,1,-1,0,-1.0,1.0,-1,-1,-1,-1,-1,-1,-1,-1,-1,-1,-1,-1,-1,-1,-1,-1,-1,-1,-1,-1,-1,-1,-1,-1,-1,-1,-1,-1,-1,-1,-1,-1,-1,-1,-1,-1,-1,-1,-1,-1.0,0.0,0.0,-1.0,-1.0,-1.0,-1.0,-1.0,-1.0,-1.0,-1.0,-1.0,-1.0,-1.0,-1.0,-1.0,-1.0,-1.0,-1.0,-1.0,-1.0,-1.0,-1.0,-1.0,-1.0,-1.0,-1.0,-1.0,-1.0,-1.0,-1.0,-1.0,1.0,-9.0,-1.0,0.0,0.0,,,,2019-03-13,2,5,2,3,-7,7,-1,1,-7,-1,1,-7,-1,-7,-1,1,-7,-7,-7,-1,-1,-1,-1,-1,-1,-1,-1,-1,-1,-1,-1,-1,-1,-1,-1,-1,-7,-1,-1,-1,-1,-1,-1,-1,-7,-1,-1,-1,2,-1.0,2,-1,-1,1,-1,-1,-1,-1,-1,-1,-1,-1,-1,0,2,-9.0,-9,2,-1,-1,-1,-1,-1,-1,-1,-1,-1,-1,-1,-1,2,-1,-7,-1,-1,-1,-1,-7,-1,-9,5,-1,-1,-1,-1,5,-1,-1,-1,-9,-1,-1,-1,-1,-1,-1,-1,-1,-1,-1,0,3,992.0762,2019-03-12,3,6,4,1,-1,17,-1,-1,-1,3,2,-1,2,0,1,-1,-7,2,1,-1,25,0,992.0762,-1.0,1.0,IL,USA,17.0,89.0,851904.0,0.0,1.0,42.040887,-88.342828,,,,,,,,,,,,,,,,,,,,,,,,,,,,,,,,,,,,,,,,,,,,,,,,,,,,,,,,,,,,,,,,,,,,,,,,,,,,,,,,,,,,,,,,,,,,,
70021514,3,1,5,survey,10000,2018-10-11 19:50:00,2018-10-12 03:00:00,60,430,14.09,500,-1,-1,2,-1.0,97,VENTRA – UPASS,-1,-1.0,-1,-1,-1,-1,3.0,1,-1,19,-1.0,-1.0,-1,-1,-1,-1,-1,-1,-1,-1,-1,-1,-1,-1,-1,-1,-1,-1,-1,-1,-1,-1,-1,-1,-1,-1,-1,-1,-1,-1,-1,-1,-1,-1,-1,-1,0,0,0,1,1,1.0,0.0,0.0,-1.0,-1.0,-1.0,-1.0,-1.0,-1.0,-1.0,-1.0,-1.0,-1.0,-1.0,-1.0,-1.0,-1.0,-1.0,-1.0,-1.0,-1.0,-1.0,-1.0,-1.0,-1.0,-1.0,-1.0,-1.0,-1.0,-1.0,-1.0,-1.0,5.0,5.0,13.539,0.0,0.0,,,,2018-10-16,2,2,2,3,21,-1,-1,2,3,-1,2,2,-1,6,-1,1,1,1,-1,-1,-1,3,5,-1,-1,2,16,2,39,-1,-7,-1,97,DOES NOT USE PUBLIC TRANSIT,97,NO NEED TO PARK,1,6,-1,-1,2,8,-1,2,3,-1,-1,-1,2,-1.0,2,-1,-1,1,2,1,1,4,2,-1,4,-1,2,2,3,10.0,5,1,DIABETES,1,-1,-1,-1,-1,-1,-1,-1,-1,-1,-1,1,-1,2,-1,2,-1,-1,-1,-1,-9,2;3,-1,2,3,-1,-1,-1,-1,-1,-9,97,-1,-1,-1,-1,-1,-1,97,-1,-1,0,4,114.0339,2018-10-11,5,4,2,3,-1,23,-1,-1,-1,-1,2,-1,1,0,2,-1,9,2,1,-1,22,0,114.0339,-1.0,1.0,IL,USA,17.0,31.0,500300.0,0.0,1.0,41.689315,-87.60537,,,,,,,,,,,,,-9.0,41.885126,41.721264,-9.0,,,,,-9.0,-87.627918,-87.623985,-9.0,,,,,WALKING,SUBWAY,BUS,WALKING,,,,,-9.0,Chicago Transit Authority,Chicago Transit Authority,-9,,,,,-9.0,RED LINE,111TH/KING DRIVE,-9,,,,,-9.0,-9,111,-9,,,,,-9.0,LAKE,95TH RED LINE STATION,-9,,,,,-9.0,95/DAN RYAN,111TH STREET & KING DRIVE,-9,,,,,0.0,0.0,0.0,0.0,,,,,,,,,,,,,
70002550,1,1,1,survey,10000,2018-09-06 03:00:00,2018-09-06 07:00:00,0,240,-1.0,-1,-1,-1,-1,-1.0,-1,-1,-1,-1.0,-1,-1,-1,-1,-1.0,9,-1,1,-1.0,-1.0,-1,-1,-1,-1,-1,-1,-1,-1,-1,-1,-1,-1,-1,-1,-1,-1,-1,-1,-1,-1,-1,-1,-1,-1,-1,-1,-1,-1,-1,-1,-1,-1,-1,-1,-1,-1,-1,-1,-1,-1.0,0.0,0.0,-1.0,-1.0,-1.0,-1.0,-1.0,-1.0,-1.0,-1.0,-1.0,-1.0,-1.0,-1.0,-1.0,-1.0,-1.0,-1.0,-1.0,-1.0,-1.0,-1.0,-1.0,-1.0,-1.0,-1.0,-1.0,-1.0,-1.0,-1.0,-1.0,1.0,-9.0,-1.0,0.0,0.0,,,,2018-09-07,2,2,2,1,29,-1,-1,1,1,-1,2,2,-1,1,-1,1,1,1,-1,-1,-1,3,13,-1,-1,2,20,6,27,-1,51,-1,5,-1,6,-1,2,6,-1,-1,1,-1,-1,-1,2,-1,-1,-1,2,-1.0,-1,-1,-1,1,4,2,1,3,2,-1,4,-1,1,20,2,5.0,4,1,-1,1,-1,-1,-1,-1,-1,-1,-1,-1,-1,-1,2,-1,2;3;97,-1,2,3,97,-1,-1,"Via SMS messages, Text messages.",2,-1,2,-1,-1,-1,-1,-1,-1,-9,1;5,1,-1,-1,-1,5,-1,-1,-1,-1,1,2,74.1697,2018-09-06,5,1,0,1,-1,6,-1,-1,-1,-1,3,-1,1,0,3,-1,1,1,7,-1,2,0,74.1697,-1.0,1.0,IL,USA,17.0,31.0,40202.0,0.0,1.0,41.979855,-87.694096,,,,,,,,,,,,,,,,,,,,,,,,,,,,,,,,,,,,,,,,,,,,,,,,,,,,,,,,,,,,,,,,,,,,,,,,,,,,,,,,,,,,,,,,,,,,,
70021086,3,1,3,survey,10000,2018-10-05 13:20:00,2018-10-06 03:00:00,30,820,6.433,501,-1,-1,-8,-1.0,97,-9,-1,-1.0,-1,-1,-1,-1,3.0,1,-1,0,-1.0,-1.0,-1,-1,-1,-1,-1,-1,-1,-1,-1,-1,-1,-1,-1,-1,-1,-1,-1,-1,-1,-1,-1,-1,-1,-1,-1,-1,-1,-1,-1,-1,-1,-1,-1,-1,0,0,0,1,1,1.0,0.0,0.0,-1.0,-1.0,-1.0,-1.0,-1.0,-1.0,-1.0,-1.0,-1.0,-1.0,-1.0,-1.0,-1.0,-1.0,-1.0,-1.0,-1.0,-1.0,-1.0,-1.0,-1.0,-1.0,-1.0,-1.0,-1.0,-1.0,-1.0,-1.0,-1.0,3.0,3.0,5.006,0.0,0.0,,,,2018-10-06,2,5,2,3,40,-1,-1,1,3,-1,2,2,-1,1,-1,2,2,-1,7,-1,-1,-1,-1,-1,-1,-1,-1,-1,-1,-1,-1,-1,-1,-1,-1,-1,3,-1,-1,-1,-1,-1,-1,-1,1,-1,-1,-1,2,-1.0,-1,-1,-1,1,-1,-1,-1,-1,-1,-1,-1,-1,-1,0,2,-9.0,-9,1,Cerebral palsy and seizure disorder.,1,-1,-1,-1,-1,-1,-1,-1,-1,-1,-1,2,-1,97,-1,-1,-1,97,-1,-1,,5,-1,-1,-1,-1,5,-1,-1,-1,-9,4;6;97,-1,-1,-1,4,-1,6,97,-1,-1,0,2,650.4533,2018-10-05,6,3,1,1,-1,20,-1,-1,-1,-1,2,-1,1,0,1,-1,6,2,7,-1,4,0,650.4533,-1.0,1.0,IL,USA,17.0,31.0,180100.0,0.0,1.0,41.934488,-87.798609,,,,,,,,,,,,,-9.0,41.917366,41.932017,-9.0,,,,,-9.0,-87.711896,-87.712353,-9.0,,,,,WALKING,BUS,BUS,WALKING,,,,,-9.0,Chicago Transit Authority,Chicago Transit Authority,-9,,,,,-9.0,KIMBALL-HOMAN,DIVERSEY,-9,,,,,-9.0,82,76,-9,,,,,-9.0,ARMITAGE & KIMBALL,MILWAUKEE & KIMBALL,-9,,,,,-9.0,MILWAUKEE & KIMBALL,IL 43 / HARLEM & DIVERSEY,-9,,,,,2.0,2.0,2.0,2.0,,,,,,,,,,,,,
70002550,1,1,3,survey,10000,2018-09-06 10:00:00,2018-09-07 03:00:00,60,1020,5.236,101,-1,-1,-1,-1.0,-1,-1,-1,-1.0,-1,-1,-1,-1,3.0,2,-1,8,-1.0,-1.0,-1,-1,-1,-1,-1,-1,-1,-1,-1,-1,-1,-1,-1,-1,-1,-1,-1,-1,-1,-1,-1,-1,-1,-1,-1,-1,-1,-1,-1,-1,-1,-1,-1,-1,0,0,0,1,1,-1.0,0.0,0.0,-1.0,-1.0,-1.0,-1.0,-1.0,-1.0,-1.0,-1.0,-1.0,-1.0,-1.0,-1.0,-1.0,-1.0,-1.0,-1.0,-1.0,-1.0,-1.0,-1.0,-1.0,-1.0,-1.0,-1.0,-1.0,-1.0,-1.0,-1.0,-1.0,3.0,-9.0,5.035,0.0,105.0,,,,2018-09-07,2,2,2,1,29,-1,-1,1,1,-1,2,2,-1,1,-1,1,1,1,-1,-1,-1,3,13,-1,-1,2,20,6,27,-1,51,-1,5,-1,6,-1,2,6,-1,-1,1,-1,-1,-1,2,-1,-1,-1,2,-1.0,-1,-1,-1,1,4,2,1,3,2,-1,4,-1,1,20,2,5.0,4,1,-1,1,-1,-1,-1,-1,-1,-1,-1,-1,-1,-1,2,-1,2;3;97,-1,2,3,97,-1,-1,"Via SMS messages, Text messages.",2,-1,2,-1,-1,-1,-1,-1,-1,-9,1;5,1,-1,-1,-1,5,-1,-1,-1,-1,1,2,74.1697,2018-09-06,5,1,0,1,-1,6,-1,-1,-1,-1,3,-1,1,0,3,-1,1,1,7,-1,2,0,74.1697,-1.0,1.0,IL,USA,17.0,31.0,40202.0,0.0,1.0,41.979855,-87.694096,,,,,,,,,,,,,,,,,,,,,,,,,,,,,,,,,,,,,,,,,,,,,,,,,,,,,,,,,,,,,,,,,,,,,,,,,,,,,,,,,,,,,,,,,,,,,
70028810,3,1,3,survey,1000001,2018-11-28 17:30:00,2018-11-28 17:40:00,35,10,28.899,203,-1,2,-1,-1.0,-1,-1,-1,-1.0,-1,-1,-1,-1,5.0,27,-1,0,-1.0,-1.0,-1,-1,-1,-1,-1,-1,-1,-1,-1,-1,-1,-1,-1,-1,-1,-1,-1,-1,-1,-1,-1,-1,-1,2,-1,-1,-1,-1,-1,-1,-1,-1,-1,-1,1,1,0,2,2,-1.0,0.0,0.0,-1.0,-1.0,-1.0,-1.0,-1.0,-1.0,-1.0,-1.0,-1.0,-1.0,-1.0,-1.0,-1.0,-1.0,-1.0,-1.0,-1.0,-1.0,-1.0,-1.0,-1.0,-1.0,-1.0,-1.0,-1.0,-1.0,-1.0,-1.0,-1.0,3.0,-9.0,24.391,0.0,0.0,,,,2018-11-29,2,5,1,1,25,-1,-1,2,3,-1,2,2,-1,1,-1,1,1,1,-1,-1,-1,1,5,-1,-1,2,4,1,25,-1,61,-1,5,-1,1,-1,1,6,-1,-1,2,5,-1,-1,3,-1,-1,-1,2,-1.0,2,-1,-1,2,1,1,1,1,2,-1,4,-1,2,0,2,-9.0,-9,1,BRAIN ISSUE,2,-1,-1,-1,-1,-1,-1,-1,-1,-1,-1,1,-1,2,-1,2,-1,-1,-1,-1,-9,1,1,-1,-1,-1,-1,-1,-1,-1,-9,97,-1,-1,-1,-1,-1,-1,97,-1,-1,0,4,531.6121,2018-11-28,4,3,5,3,-1,31,-1,-1,-1,-1,1,-1,1,0,1,-1,8,2,1,-1,14,0,531.6121,-1.0,97.0,IL,USA,17.0,31.0,828300.0,0.0,0.0,41.570173,-87.611745,2010.0,23.0,-1.0,23481.0,-1,4.0,-1.0,1.0,-1.0,1.0,3.0,-1.0,,,,,,,,,,,,,,,,,,,,,,,,,,,,,,,,,,,,,,,,,,,,,,,,,,,,,,,,,,,,,,,,,,,,,,,,,,,,,,,,,
70019833,2,1,1,survey,1000002,2018-09-25 03:00:00,2018-09-26 03:00:00,0,1440,-1.0,-1,-1,-1,-1,-1.0,-1,-1,-1,-1.0,-1,-1,-1,-1,-1.0,12,-1,0,-1.0,-1.0,-1,-1,-1,-1,-1,-1,-1,-1,-1,-1,-1,-1,-1,-1,-1,-1,-1,-1,-1,-1,-1,-1,-1,-1,-1,-1,-1,-1,-1,-1,-1,-1,-1,-1,-1,-1,-1,-1,-1,-1.0,0.0,0.0,-1.0,-1.0,-1.0,-1.0,-1.0,-1.0,-1.0,-1.0,-1.0,-1.0,-1.0,-1.0,-1.0,-1.0,-1.0,-1.0,-1.0,-1.0,-1.0,-1.0,-1.0,-1.0,-1.0,-1.0,-1.0,-1.0,-1.0,-1.0,-1.0,1.0,-9.0,-1.0,0.0,0.0,,,,2018-09-26,2,5,2,2,91,-1,-1,2,4,-1,2,2,-1,1,-1,2,2,-1,1,-1,-1,-1,-1,-1,-1,-1,-1,-1,-1,-1,-1,-1,-1,-1,-1,-1,3,-1,-1,-1,-1,-1,-1,-1,3,-1,-1,-1,-1,-1.0,-1,2,Normally at home but had to be hospitalized,1,-1,-1,-1,-1,-1,-1,-1,-1,-1,0,-8,-9.0,-9,1,-1,1,1,-1,5,-1,-1,-1,-1,5,-1,-1,2,-1,97,-1,-1,-1,97,-1,-1,None.,5,-1,-1,-1,-1,5,-1,-1,-1,-9,2;3;5;6,-1,2,3,-1,5,6,-1,-1,-1,0,0,1635.9814,2018-09-25,3,2,1,1,-1,58,-1,-1,-1,-1,2,-1,2,0,1,-1,2,1,13,-1,5,0,1635.9814,-1.0,97.0,IL,USA,17.0,31.0,816402.0,0.0,0.0,41.894384,-87.850982,,,,,,,,,,,,,,,,,,,,,,,,,,,,,,,,,,,,,,,,,,,,,,,,,,,,,,,,,,,,,,,,,,,,,,,,,,,,,,,,,,,,,,,,,,,,,
70021086,3,1,2,survey,1000000,2018-10-05 09:00:00,2018-10-05 12:50:00,27,230,6.322,501,-1,-1,-8,-1.0,97,-9,-1,-1.0,-1,-1,-1,-1,3.0,6,-1,18,-1.0,-1.0,-1,-1,-1,-1,-1,-1,-1,-1,-1,-1,-1,-1,-1,-1,-1,-1,-1,-1,-1,-1,-1,-1,-1,-1,-1,-1,-1,-1,-1,-1,-1,-1,-1,-1,0,0,0,1,1,1.0,0.0,0.0,-1.0,-1.0,-1.0,-1.0,-1.0,-1.0,-1.0,-1.0,-1.0,-1.0,-1.0,-1.0,-1.0,-1.0,-1.0,-1.0,-1.0,-1.0,-1.0,-1.0,-1.0,-1.0,-1.0,-1.0,-1.0,-1.0,-1.0,-1.0,-1.0,2.0,2.0,5.006,0.0,0.0,,,,2018-10-06,2,5,2,3,40,-1,-1,1,3,-1,2,2,-1,1,-1,2,2,-1,7,-1,-1,-1,-1,-1,-1,-1,-1,-1,-1,-1,-1,-1,-1,-1,-1,-1,3,-1,-1,-1,-1,-1,-1,-1,1,-1,-1,-1,2,-1.0,-1,-1,-1,1,-1,-1,-1,-1,-1,-1,-1,-1,-1,0,2,-9.0,-9,1,Cerebral palsy and seizure disorder.,1,-1,-1,-1,-1,-1,-1,-1,-1,-1,-1,2,-1,97,-1,-1,-1,97,-1,-1,,5,-1,-1,-1,-1,5,-1,-1,-1,-9,4;6;97,-1,-1,-1,4,-1,6,97,-1,-1,0,2,650.4533,2018-10-05,6,3,1,1,-1,20,-1,-1,-1,-1,2,-1,1,0,1,-1,6,2,7,-1,4,0,650.4533,-1.0,97.0,IL,USA,17.0,31.0,222700.0,0.0,0.0,41.915501,-87.710206,,,,,,,,,,,,,-9.0,41.930819,41.908834,-9.0,,,,,-9.0,-87.806493,-87.805785,-9.0,,,,,WALKING,BUS,BUS,WALKING,,,,,-9.0,Chicago Transit Authority,Chicago Transit Authority,-9,,,,,-9.0,HARLEM,NORTH,-9,,,,,-9.0,90,72,-9,,,,,-9.0,IL 43 / HARLEM & DIVERSEY,IL 43 / HARLEM & IL 64 / NORTH,-9,,,,,-9.0,IL 43 / HARLEM & IL 64 / NORTH,IL 64 / NORTH & KIMBALL,-9,,,,,2.0,2.0,2.0,2.0,,,,,,,,,,,,,
70040477,1,1,3,survey,10000,2019-01-28 14:00:00,2019-01-29 03:00:00,120,780,17.746,505,-1,-1,-8,-1.0,97,-9,-1,-1.0,-1,-1,-1,-1,3.0,1,-1,0,-1.0,-1.0,-1,-1,-1,-1,-1,-1,-1,-1,-1,-1,-1,-1,-1,-1,-1,-1,-1,-1,-1,-1,-1,-1,-1,2,-1,-1,-1,-1,-1,-1,-1,-1,-1,-1,2,1,1,2,3,0.0,0.0,0.0,-1.0,-1.0,-1.0,-1.0,-1.0,-1.0,-1.0,-1.0,-1.0,-1.0,-1.0,-1.0,-1.0,-1.0,-1.0,-1.0,-1.0,-1.0,-1.0,-1.0,-1.0,-1.0,-1.0,-1.0,-1.0,-1.0,-1.0,-1.0,-1.0,3.0,3.0,17.171,0.0,0.0,,,,2019-02-02,1,1,2,1,40,-1,-1,2,1,-1,2,2,-1,6,-1,1,2,-1,7,-1,-1,-1,-1,-1,-1,-1,-1,-1,-1,-1,-1,-1,-1,-1,-1,-1,3,-1,-1,-1,-1,-1,-1,-1,2,-1,-1,-1,1,-1.0,-1,-1,-1,1,-1,-1,-1,-1,-1,-1,-1,-1,-1,2,1,10.0,2,1,-1,1,-1,-1,-1,-1,-1,-1,-1,-1,-1,-1,1,-1,1;2;3,1,2,3,-1,-1,-1,-9,2;3;97,-1,2,3,-1,-1,97,-1,-1,When the bus or train is coming real time informat,1;2;3;5;6,1,2,3,-1,5,6,-1,-1,-1,0,2,902.7029,2019-01-28,2,2,0,97,All the above,1,3,-1,-9,-1,3,-1,1,0,3,-1,2,2,7,-1,4,0,902.7029,-1.0,1.0,IL,USA,17.0,31.0,806202.0,0.0,1.0,42.03761,-87.888892,,,,,,,,,,,,,-9.0,41.882271,-9.0,,,,,,-9.0,-87.640461,-9.0,,,,,,WALKING,HEAVY_RAIL,WALKING,,,,,,-9.0,Metra,-9,,,,,,-9.0,UNION PACIFIC NORTHWEST,-9,,,,,,-9.0,617,-9,,,,,,-9.0,OGILVIE TRANSPORTATION CENTER,-9,,,,,,-9.0,DES PLAINES,-9,,,,,,2.0,2.0,2.0,,,,,,,,,,,,,,
70053172,4,1,1,survey,10000,2019-03-19 03:00:00,2019-03-20 03:00:00,0,1440,-1.0,-1,-1,-1,-1,-1.0,-1,-1,-1,-1.0,-1,-1,-1,-1,-1.0,1,-1,0,-1.0,-1.0,-1,-1,-1,-1,-1,-1,-1,-1,-1,-1,-1,-1,-1,-1,-1,-1,-1,-1,-1,-1,-1,-1,-1,-1,-1,-1,-1,-1,-1,-1,-1,-1,-1,-1,-1,-1,-1,-1,-1,-1.0,0.0,0.0,-1.0,-1.0,-1.0,-1.0,-1.0,-1.0,-1.0,-1.0,-1.0,-1.0,-1.0,-1.0,-1.0,-1.0,-1.0,-1.0,-1.0,-1.0,-1.0,-1.0,-1.0,-1.0,-1.0,-1.0,-1.0,-1.0,-1.0,-1.0,-1.0,1.0,-9.0,-1.0,0.0,0.0,,,,2019-03-29,2,5,2,4,94,-1,-1,2,4,-1,2,2,-1,2,-1,2,2,-1,1,-1,-1,-1,-1,-1,-1,-1,-1,-1,-1,-1,-1,-1,-1,-1,-1,-1,3,-1,-1,-1,-1,-1,-1,-1,1,-1,-1,-1,-1,-1.0,-1,1,-1,1,-1,-1,-1,-1,-1,-1,-1,-1,-1,0,2,-9.0,-9,1,Dementia,1,4,-1,5,-1,-1,-1,-1,5,-1,-1,2,-1,97,-1,-1,-1,97,-1,-1,Not applicable.,5,-1,-1,-1,-1,5,-1,-1,-1,-9,2;3;97,-1,2,3,-1,-1,-1,97,-1,-1,0,0,1022.2925,2019-03-19,3,4,2,3,-1,1,1,-1,60466,-1,2,-1,1,0,1,-1,9,2,14,-1,15,0,1022.2925,-1.0,1.0,IL,USA,17.0,31.0,480100.0,0.0,1.0,41.735241,-87.575729,,,,,,,,,,,,,,,,,,,,,,,,,,,,,,,,,,,,,,,,,,,,,,,,,,,,,,,,,,,,,,,,,,,,,,,,,,,,,,,,,,,,,,,,,,,,,
30008318,2,1,1,survey,2000030,2018-03-14 03:00:00,2018-03-15 03:00:00,0,1440,-1.0,-1,-1,-1,-1,-1.0,-1,-1,-1,-1.0,-1,-1,-1,-1,-1.0,18,-1,0,-1.0,-1.0,-1,-1,-1,-1,-1,-1,-1,-1,-1,-1,-1,-1,-1,-1,-1,-1,-1,-1,-1,-1,-1,-1,-1,-1,-1,-1,-1,-1,-1,-1,-1,-1,-1,-1,-1,-1,-1,-1,-1,-1.0,0.0,0.0,-1.0,-1.0,-1.0,-1.0,-1.0,-1.0,-1.0,-1.0,-1.0,-1.0,-1.0,-1.0,-1.0,-1.0,-1.0,-1.0,-1.0,-1.0,-1.0,-1.0,-1.0,-1.0,-1.0,-1.0,-1.0,-1.0,-1.0,-1.0,-1.0,1.0,-9.0,-1.0,0.0,0.0,,,,2018-03-20,2,5,2,2,40,-1,-1,1,2,-1,1,1,-1,97,LATIN AMERICAN,1,1,1,-1,-1,-1,1,4,-1,-1,2,40,5,53,-1,97,Sell and deliver,5,-1,6,-1,3,-1,-1,-1,-1,-1,-1,-1,4,-1,-1,-1,-1,-1.0,-1,1,-1,1,1,1,1,1,2,-1,1,-1,2,0,1,0.0,-7,1,-1,2,1,-1,5,-1,-1,-1,-1,5,-1,-1,-1,1,-9,-9,-9,-9,-9,-9,-9,-9,5,-1,-1,-1,-1,5,-1,-1,-1,-9,2,-1,2,-1,-1,-1,-1,-1,-1,-1,0,0,621.8414,2018-03-14,4,3,3,-9,-1,-7,1,-1,60074,-1,0,-1,1,-9,2,-1,7,2,-1,-1,11,3,621.8414,-1.0,97.0,IL,USA,17.0,31.0,815500.0,0.0,0.0,41.825147,-87.787768,,,,,,,,,,,,,,,,,,,,,,,,,,,,,,,,,,,,,,,,,,,,,,,,,,,,,,,,,,,,,,,,,,,,,,,,,,,,,,,,,,,,,,,,,,,,,
70027643,3,1,1,survey,10000,2018-11-15 03:00:00,2018-11-16 03:00:00,0,1440,-1.0,-1,-1,-1,-1,-1.0,-1,-1,-1,-1.0,-1,-1,-1,-1,-1.0,1,-1,0,-1.0,-1.0,-1,-1,-1,-1,-1,-1,-1,-1,-1,-1,-1,-1,-1,-1,-1,-1,-1,-1,-1,-1,-1,-1,-1,-1,-1,-1,-1,-1,-1,-1,-1,-1,-1,-1,-1,-1,-1,-1,-1,-1.0,0.0,0.0,-1.0,-1.0,-1.0,-1.0,-1.0,-1.0,-1.0,-1.0,-1.0,-1.0,-1.0,-1.0,-1.0,-1.0,-1.0,-1.0,-1.0,-1.0,-1.0,-1.0,-1.0,-1.0,-1.0,-1.0,-1.0,-1.0,-1.0,-1.0,-1.0,1.0,-9.0,-1.0,0.0,0.0,,,,2018-11-16,2,5,2,3,68,-1,-1,2,4,-1,2,2,-1,2,-1,2,2,-1,1,-1,-1,-1,-1,-1,-1,-1,-1,-1,-1,-1,-1,-1,-1,-1,-1,-1,3,-1,-1,-1,-1,-1,-1,-1,2,-1,-1,-1,-1,-1.0,-1,1,-1,2,-1,-1,-1,-1,-1,-1,-1,-1,-1,0,1,0.0,1,1,-1,1,3,-1,5,-1,-1,-1,-1,5,-1,-1,2,-1,97,-1,-1,-1,97,-1,-1,,5,-1,-1,-1,-1,5,-1,-1,-1,-9,1;2;3;5;6,1,2,3,-1,5,6,-1,-1,-1,0,0,117.9918,2018-11-15,5,6,3,97,Too poor,20,-1,-1,-1,-1,4,-1,2,-7,1,-1,1,2,7,-1,4,0,117.9918,-1.0,1.0,IL,USA,17.0,31.0,681000.0,0.0,1.0,41.77604,-87.649548,,,,,,,,,,,,,,,,,,,,,,,,,,,,,,,,,,,,,,,,,,,,,,,,,,,,,,,,,,,,,,,,,,,,,,,,,,,,,,,,,,,,,,,,,,,,,
70049110,1,1,3,survey,10000,2019-02-27 22:00:00,2019-02-28 03:00:00,75,300,30.678,202,-1,1,-1,-1.0,-1,-1,2,-1.0,-1,-1,4,-1,2.0,1,-1,0,-1.0,-1.0,-1,-1,-1,-1,-1,-1,-1,-1,-1,-1,-1,-1,-1,-1,-1,-1,-1,-1,-1,-1,-1,-1,-1,-1,-1,-1,-1,-1,-1,-1,-1,-1,-1,-1,0,0,0,1,1,-1.0,0.0,0.0,-1.0,-1.0,-1.0,-1.0,-1.0,-1.0,-1.0,-1.0,-1.0,-1.0,-1.0,-1.0,-1.0,-1.0,-1.0,-1.0,-1.0,-1.0,-1.0,-1.0,-1.0,-1.0,-1.0,-1.0,-1.0,-1.0,-1.0,-1.0,-1.0,3.0,-9.0,23.73,0.0,0.0,,,,2019-03-03,-1,-1,2,1,-7,-7,-1,-7,1,-1,-1,-7,-1,-7,-1,-1,-1,-1,-1,-1,-1,-1,-1,-1,-1,-1,-1,-1,-1,-1,-1,-1,-1,-1,-1,-1,2,8,-1,-1,2,4,-1,-1,-9,-1,-1,-1,1,-1.0,-1,-1,-1,1,-1,-1,-1,-1,-1,-1,-1,-1,-1,-1,-1,-1.0,-1,-1,-1,-1,-1,-1,-1,-1,-1,-1,-1,-1,-1,-1,-1,-1,-1,-1,-1,-1,-1,-1,-1,-1,-1,-1,-1,-1,-1,-1,-1,-1,-1,-1,-1,-1,-1,-1,-1,-1,-1,-1,-1,-1,0,2,452.4805,2019-02-27,4,4,4,1,-1,10,-1,-1,-1,-7,4,-1,2,0,1,-1,-7,1,1,-1,2,0,452.4805,-1.0,1.0,IL,USA,17.0,43.0,840911.0,0.0,1.0,41.92306,-88.072936,2010.0,-7.0,-1.0,-8.0,-1,3.0,-1.0,1.0,-1.0,1.0,2.0,-1.0,,,,,,,,,,,,,,,,,,,,,,,,,,,,,,,,,,,,,,,,,,,,,,,,,,,,,,,,,,,,,,,,,,,,,,,,,,,,,,,,,
70048309,1,1,4,survey,1000001,2019-03-06 15:10:00,2019-03-06 15:35:00,55,25,46.24,202,-1,1,-1,-1.0,-1,-1,-1,-1.0,-1,-1,1,-1,4.0,17,-1,18,-1.0,-1.0,-1,-1,-1,-1,-1,-1,-1,-1,-1,-1,-1,-1,-1,-1,-1,-1,-1,-1,-1,-1,-1,-1,-1,-1,-1,-1,-1,-1,-1,-1,-1,-1,-1,-1,1,0,1,1,2,-1.0,0.0,0.0,-1.0,-1.0,-1.0,-1.0,-1.0,-1.0,-1.0,-1.0,-1.0,-1.0,-1.0,-1.0,-1.0,-1.0,-1.0,-1.0,-1.0,-1.0,-1.0,-1.0,-1.0,-1.0,-1.0,-1.0,-1.0,-1.0,-1.0,-1.0,-1.0,4.0,-9.0,34.134,0.0,0.0,,,,2019-03-14,2,5,2,1,44,-1,-1,2,1,-1,1,2,-1,6,-1,1,2,-1,1,-1,-1,-1,-1,-1,-1,-1,-1,-1,-1,-1,-1,-1,-1,-1,-1,-1,2,7,-1,-1,2,4,-1,-1,4,-1,97,PAID ONLINE,2,9.0,1,-1,-1,1,-1,-1,-1,-1,-1,-1,-1,-1,-1,0,1,0.0,-7,1,EPILEPTIC,2,-1,-1,-1,-1,-1,-1,-1,-1,-1,-1,1,-1,2;3,-1,2,3,-1,-1,-1,-9,1,1,-1,-1,-1,-1,-1,-1,-1,-9,97,-1,-1,-1,-1,-1,-1,97,-1,-1,1,4,482.9075,2019-03-06,4,1,1,2,-1,2,2,-1,60432,-1,3,-1,1,0,3,-1,2,2,1,-1,4,0,482.9075,-1.0,97.0,IL,USA,17.0,197.0,882801.0,0.0,0.0,41.52073,-88.119828,2018.0,35.0,-1.0,35043.0,-1,1.0,-1.0,1.0,-1.0,2.0,2.0,-1.0,,,,,,,,,,,,,,,,,,,,,,,,,,,,,,,,,,,,,,,,,,,,,,,,,,,,,,,,,,,,,,,,,,,,,,,,,,,,,,,,,
70049768,2,1,3,survey,10000,2019-03-08 17:38:00,2019-03-08 18:15:00,8,37,0.986,504,-1,-1,2,2.0,1,-1,-1,-1.0,-1,-1,-1,-1,1.0,1,-1,0,-1.0,-1.0,3,-1,-1,-1,-1,-1,-1,-1,-1,-1,-1,-1,5,-1,-1,-1,-1,5,-1,-1,-1,-1,-1,-1,-1,-1,-1,-1,-1,-1,-1,-1,-1,-1,0,0,0,1,1,-1.0,0.0,0.0,-1.0,-1.0,-1.0,-1.0,-1.0,-1.0,-1.0,-1.0,-1.0,-1.0,-1.0,-1.0,-1.0,-1.0,-1.0,-1.0,-1.0,-1.0,-1.0,-1.0,-1.0,-1.0,-1.0,-1.0,-1.0,-1.0,-1.0,-1.0,-1.0,3.0,-9.0,0.712,0.0,0.0,,,,2019-03-09,2,5,2,2,49,-1,-1,1,3,-1,2,2,-1,1,-1,2,1,1,-1,-1,-1,1,13,-1,-1,2,22,4,43,-1,44-45,-1,5,-1,1,-1,3,-1,-1,-1,-1,-1,-1,-1,2,-1,-1,-1,2,-1.0,2,-1,-1,2,2,1,1,3,2,-1,4,-1,2,0,2,-9.0,-9,1,-9,1,-1,-1,-1,-1,-1,-1,-1,-1,-1,-1,2,-1,97,-1,-1,-1,97,-1,-1,none,5,-1,-1,-1,-1,5,-1,-1,-1,-9,97,-1,-1,-1,-1,-1,-1,97,-1,-1,0,5,207.8291,2019-03-08,6,2,1,2,-1,50,-1,-1,-1,2,1,-1,1,0,1,-1,-7,2,1,-1,10,0,207.8291,-1.0,1.0,IL,USA,17.0,43.0,840101.0,0.0,1.0,41.976522,-87.976488,,,,,,,,,,,,,,,,,,,,,,,,,,,,,,,,,,,,,,,,,,,,,,,,,,,,,,,,,,,,,,,,,,,,,,,,,,,,,,,,,,,,,,,,,,,,,
70049110,1,1,1,survey,10000,2019-02-27 03:00:00,2019-02-27 05:50:00,0,170,-1.0,-1,-1,-1,-1,-1.0,-1,-1,-1,-1.0,-1,-1,-1,-1,-1.0,1,-1,0,-1.0,-1.0,-1,-1,-1,-1,-1,-1,-1,-1,-1,-1,-1,-1,-1,-1,-1,-1,-1,-1,-1,-1,-1,-1,-1,-1,-1,-1,-1,-1,-1,-1,-1,-1,-1,-1,-1,-1,-1,-1,-1,-1.0,0.0,0.0,-1.0,-1.0,-1.0,-1.0,-1.0,-1.0,-1.0,-1.0,-1.0,-1.0,-1.0,-1.0,-1.0,-1.0,-1.0,-1.0,-1.0,-1.0,-1.0,-1.0,-1.0,-1.0,-1.0,-1.0,-1.0,-1.0,-1.0,-1.0,-1.0,1.0,-9.0,-1.0,0.0,0.0,,,,2019-03-03,-1,-1,2,1,-7,-7,-1,-7,1,-1,-1,-7,-1,-7,-1,-1,-1,-1,-1,-1,-1,-1,-1,-1,-1,-1,-1,-1,-1,-1,-1,-1,-1,-1,-1,-1,2,8,-1,-1,2,4,-1,-1,-9,-1,-1,-1,1,-1.0,-1,-1,-1,1,-1,-1,-1,-1,-1,-1,-1,-1,-1,-1,-1,-1.0,-1,-1,-1,-1,-1,-1,-1,-1,-1,-1,-1,-1,-1,-1,-1,-1,-1,-1,-1,-1,-1,-1,-1,-1,-1,-1,-1,-1,-1,-1,-1,-1,-1,-1,-1,-1,-1,-1,-1,-1,-1,-1,-1,-1,0,2,452.4805,2019-02-27,4,4,4,1,-1,10,-1,-1,-1,-7,4,-1,2,0,1,-1,-7,1,1,-1,2,0,452.4805,-1.0,1.0,IL,USA,17.0,43.0,840911.0,0.0,1.0,41.92306,-88.072936,,,,,,,,,,,,,,,,,,,,,,,,,,,,,,,,,,,,,,,,,,,,,,,,,,,,,,,,,,,,,,,,,,,,,,,,,,,,,,,,,,,,,,,,,,,,,
70055319,2,1,5,survey,1000009,2019-04-04 19:15:00,2019-04-04 19:25:00,45,10,1.687,501,-1,-1,2,-1.0,3,-1,-1,-1.0,-1,-1,-1,-1,3.0,9,-1,0,-1.0,-1.0,-1,-1,-1,-1,-1,-1,-1,-1,-1,-1,-1,-1,-1,-1,-1,-1,-1,-1,-1,-1,-1,-1,-1,-1,-1,-1,-1,-1,-1,-1,-1,-1,-1,-1,0,0,0,1,1,0.0,0.0,0.0,-1.0,-1.0,-1.0,-1.0,-1.0,-1.0,-1.0,-1.0,-1.0,-1.0,-1.0,-1.0,-1.0,-1.0,-1.0,-1.0,-1.0,-1.0,-1.0,-1.0,-1.0,-1.0,-1.0,-1.0,-1.0,-1.0,-1.0,-1.0,-1.0,5.0,5.0,1.706,0.0,0.0,,,,2019-05-07,2,5,2,2,51,-1,-1,1,97,AUNT/UNCLE,2,2,-1,4,-1,1,1,1,-1,-1,-1,3,8,-1,2,2,25,3,97,Mechanic,81,-1,5,-1,6,-1,3,-1,-1,-1,-1,-1,-1,-1,2,-1,-1,-1,2,-1.0,-1,-1,-1,1,1,1,1,1,2,-1,4,-1,2,0,2,-9.0,-9,1,-1,2,-1,-1,-1,-1,-1,-1,-1,-1,-1,-1,2,-1,2,-1,2,-1,-1,-1,-1,-9,5,-1,-1,-1,-1,5,-1,-1,-1,-9,6,-1,-1,-1,-1,-1,6,-1,-1,-1,0,5,71.2012,2019-04-04,5,2,1,4,-1,5,3,-1,60707,-1,4,-1,1,0,3,-1,2,2,13,-1,10,0,71.2012,-1.0,97.0,IL,USA,17.0,31.0,271200.0,0.0,0.0,41.87736,-87.703562,,,,,,,,,,,,,-9.0,41.881505,-9.0,,,,,,-9.0,-87.66687,-9.0,,,,,,WALKING,BUS,WALKING,,,,,,-9.0,Chicago Transit Authority,-9,,,,,,-9.0,MADISON,-9,,,,,,-9.0,20,-9,,,,,,-9.0,ASHLAND & MADISON,-9,,,,,,-9.0,SACRAMENTO DR & MADISON,-9,,,,,,0.0,2.0,0.0,,,,,,,,,,,,,,
70046435,3,1,2,survey,30003,2019-02-26 09:06:00,2019-02-26 13:53:00,7,287,1.497,401,-1,-1,-1,-1.0,-1,-1,-1,-1.0,-1,-1,-1,-1,3.0,1,-1,0,-1.0,-1.0,-1,-1,-1,-1,-1,-1,-1,-1,-1,-1,-1,-1,-1,-1,-1,-1,-1,-1,-1,-1,-1,-1,-1,-1,-1,-1,-1,-1,-1,-1,-1,-1,-1,-1,0,0,0,1,1,-1.0,0.0,0.0,-1.0,-1.0,-1.0,-1.0,-1.0,-1.0,-1.0,-1.0,-1.0,-1.0,-1.0,-1.0,-1.0,-1.0,-1.0,-1.0,-1.0,-1.0,-1.0,-1.0,-1.0,-1.0,-1.0,-1.0,-1.0,-1.0,-1.0,-1.0,-1.0,2.0,-9.0,0.882,0.0,0.0,,,,2019-02-27,2,5,1,1,21,-1,-1,2,3,-1,2,2,-1,1,-1,2,2,-1,6,-1,-1,-1,-1,-1,-1,-1,-1,-1,-1,-1,-1,-1,-1,-1,-1,-1,1,5,-1,-1,2,7,-1,-1,1,-1,-1,-1,2,-1.0,-1,-1,-1,1,-1,-1,-1,-1,-1,-1,-1,-1,-1,0,2,-9.0,-9,1,-1,2,-1,-1,-1,-1,-1,-1,-1,-1,-1,-1,2,-1,97,-1,-1,-1,97,-1,-1,She does not use real-time navigation methods,5,-1,-1,-1,-1,5,-1,-1,-1,-9,1;2;5;6,1,2,-1,-1,5,6,-1,-1,-1,0,2,316.1163,2019-02-26,3,4,3,-8,-1,7,-1,-1,-1,-1,2,-1,1,0,1,-1,9,1,1,-1,10,0,316.1163,3.0,3.0,IL,USA,17.0,111.0,870803.0,0.0,0.0,42.297833,-88.31924,,,,,,,,,,,,,,,,,,,,,,,,,,,,,,,,,,,,,,,,,,,,,,,,,,,,,,,,,,,,,,,,,,,,,,,,,,,,,,,,,,,,,,,,,,,,,
30008318,1,1,4,survey,2000012,2018-03-14 12:00:59,2018-03-14 12:07:43,1,7,0.566,202,-1,2,-1,-1.0,-1,-1,-1,-1.0,-1,-1,1,-1,3.0,3,-1,0,-1.0,-1.0,-1,-1,-1,-1,-1,-1,-1,-1,-1,-1,-1,-1,-1,-1,-1,-1,-1,-1,-1,-1,-1,-1,-1,-1,-1,-1,-1,-1,-1,-1,-1,-1,-1,-1,0,0,0,1,1,-1.0,0.0,0.0,-1.0,-1.0,-1.0,-1.0,-1.0,-1.0,-1.0,-1.0,-1.0,-1.0,-1.0,-1.0,-1.0,-1.0,-1.0,-1.0,-1.0,-1.0,-1.0,-1.0,-1.0,-1.0,-1.0,-1.0,-1.0,-1.0,-1.0,-1.0,-1.0,4.0,-9.0,0.512,0.0,0.0,,,,2018-03-15,2,2,2,1,39,-1,-1,2,1,-1,1,1,-1,97,LATIN AMERICAN,1,1,1,-1,-1,-1,1,4,-1,-1,2,6,5,97,Teach,97,Teach kids,5,-1,6,-1,1,4,-1,2,-1,4,-1,-1,1,-1,-1,-1,2,-1.0,2,-1,-1,1,1,1,1,1,2,-1,1,-1,2,0,1,0.0,-7,2,-1,-1,-1,-1,-1,-1,-1,-1,-1,-1,-1,-1,-1,1,-9,-9,-9,-9,-9,-9,-9,-9,5,-1,-1,-1,-1,5,-1,-1,-1,-9,-1,-1,-1,-1,-1,-1,-1,-1,-1,-1,1,11,621.8414,2018-03-14,4,3,3,-9,-1,-7,1,-1,60074,-1,0,-1,1,-9,2,-1,7,2,-1,-1,11,3,621.8414,-1.0,97.0,IL,USA,17.0,89.0,854600.0,0.0,0.0,42.043217,-88.286603,2006.0,37.0,-1.0,37402.0,-1,3.0,-1.0,1.0,-1.0,1.0,3.0,-1.0,,,,,,,,,,,,,,,,,,,,,,,,,,,,,,,,,,,,,,,,,,,,,,,,,,,,,,,,,,,,,,,,,,,,,,,,,,,,,,,,,
70043883,1,1,1,survey,10000,2019-01-30 03:00:00,2019-01-31 03:00:00,0,1440,-1.0,-1,-1,-1,-1,-1.0,-1,-1,-1,-1.0,-1,-1,-1,-1,-1.0,1,-1,17,-1.0,-1.0,-1,-1,-1,-1,-1,-1,-1,-1,-1,-1,-1,-1,-1,-1,-1,-1,-1,-1,-1,-1,-1,-1,-1,-1,-1,-1,-1,-1,-1,-1,-1,-1,-1,-1,-1,-1,-1,-1,-1,-1.0,0.0,0.0,-1.0,-1.0,-1.0,-1.0,-1.0,-1.0,-1.0,-1.0,-1.0,-1.0,-1.0,-1.0,-1.0,-1.0,-1.0,-1.0,-1.0,-1.0,-1.0,-1.0,-1.0,-1.0,-1.0,-1.0,-1.0,-1.0,-1.0,-1.0,-1.0,1.0,-9.0,-1.0,0.0,0.0,,,,2019-01-31,2,5,2,1,20,-1,-1,2,1,-1,1,2,-1,2,-1,1,1,1,-1,-1,-1,1,8,-1,2,2,10,3,37,-1,-8,-1,5,-1,6,-1,2,6,-1,-1,2,8,-1,2,3,-1,-1,-1,-1,-1.0,-1,1,-1,1,1,2,1,3,2,-1,4,-1,1,3,2,5.0,2,1,ADD,1,97,INCLEMENT WEATHER,2,-1,2,-1,-1,-1,-1,-1,1,-1,2,-1,2,-1,-1,-1,-1,-9,2;3,-1,2,3,-1,-1,-1,-1,-1,-9,97,-1,-1,-1,-1,-1,-1,97,-1,-1,0,0,611.1267,2019-01-30,4,2,4,6,-1,12,-1,-1,-1,-1,1,-1,1,0,2,-1,7,1,15,-1,0,0,611.1267,-1.0,1.0,IL,USA,17.0,31.0,440300.0,0.0,1.0,41.743721,-87.619542,,,,,,,,,,,,,,,,,,,,,,,,,,,,,,,,,,,,,,,,,,,,,,,,,,,,,,,,,,,,,,,,,,,,,,,,,,,,,,,,,,,,,,,,,,,,,
70003239,3,1,3,survey,10000,2018-09-17 18:06:00,2018-09-18 03:00:00,36,534,15.419,501,-1,-1,-8,-1.0,97,VENTRA-SENIOR/DISABLED,-1,-1.0,-1,-1,-1,-1,5.0,1,-1,0,-1.0,-1.0,-1,-1,-1,-1,-1,-1,-1,-1,-1,-1,-1,-1,-1,-1,-1,-1,-1,-1,-1,-1,-1,-1,-1,-1,-1,-1,-1,-1,-1,-1,-1,-1,-1,-1,0,0,0,1,1,1.0,0.0,0.0,-1.0,-1.0,-1.0,-1.0,-1.0,-1.0,-1.0,-1.0,-1.0,-1.0,-1.0,-1.0,-1.0,-1.0,-1.0,-1.0,-1.0,-1.0,-1.0,-1.0,-1.0,-1.0,-1.0,-1.0,-1.0,-1.0,-1.0,-1.0,-1.0,3.0,3.0,9.171,0.0,0.0,,,,2018-09-18,2,5,2,3,21,-1,-1,1,3,-1,1,2,-1,1,-1,1,1,1,-1,-1,-1,1,5,-1,-1,2,12,2,53,-1,44-45,-1,5,-1,1,-1,1,7,-1,-1,2,8,-1,-9,3,-1,-1,-1,2,-1.0,-1,-1,-1,1,2,1,1,3,2,-1,4,-1,2,0,2,-9.0,-9,1,Autism Spectrum Disorder/ADHD,1,-1,-1,-1,-1,-1,-1,-1,-1,-1,-1,2,-1,97,-1,-1,-1,97,-1,-1,does not drive - no traffic info needed,5,-1,-1,-1,-1,5,-1,-1,-1,-9,97,-1,-1,-1,-1,-1,-1,97,-1,-1,0,2,66.9014,2018-09-17,2,4,3,1,-1,18,-1,-1,-1,-1,2,-1,1,0,1,-1,7,2,8,-1,17,0,66.9014,-1.0,1.0,IL,USA,17.0,89.0,854800.0,0.0,1.0,41.874995,-88.358074,,,,,,,,,,,,,-9.0,41.763167,41.758116,-9.0,,,,,-9.0,-88.349675,-88.311966,-9.0,,,,,WALKING,BUS,BUS,WALKING,,,,,-9.0,PACE,PACE,-9,,,,,-9.0,WEST AURORA,AURORA - GENEVA VIA LAKE,-9,,,,,-9.0,524,802,-9,,,,,-9.0,GALENA,NEW YORK & IL 25 / BROADWAY,-9,,,,,-9.0,NEW YORK & IL 25 / BROADWAY,RANDALL & WILLIAMSBURG,-9,,,,,2.0,2.0,2.0,2.0,,,,,,,,,,,,,
30008318,1,1,10,survey,10402,2018-03-14 19:07:56,2018-03-14 19:08:56,35,1,10.588,202,-1,2,-1,-1.0,-1,-1,-1,-1.0,-1,-1,1,-1,1.0,10,-1,0,-1.0,-1.0,3,-1,-1,-1,-1,-1,-1,-1,-1,-1,-1,-1,5,-1,-1,-1,-1,5,-1,-1,-1,-1,-1,-1,-1,-1,-1,-1,-1,-1,-1,-1,-1,-1,0,0,0,1,1,-1.0,0.0,0.0,-1.0,-1.0,-1.0,-1.0,-1.0,-1.0,-1.0,-1.0,-1.0,-1.0,-1.0,-1.0,-1.0,-1.0,-1.0,-1.0,-1.0,-1.0,-1.0,-1.0,-1.0,-1.0,-1.0,-1.0,-1.0,-1.0,-1.0,-1.0,-1.0,10.0,-9.0,7.855,0.0,0.0,,,,2018-03-15,2,2,2,1,39,-1,-1,2,1,-1,1,1,-1,97,LATIN AMERICAN,1,1,1,-1,-1,-1,1,4,-1,-1,2,6,5,97,Teach,97,Teach kids,5,-1,6,-1,1,4,-1,2,-1,4,-1,-1,1,-1,-1,-1,2,-1.0,2,-1,-1,1,1,1,1,1,2,-1,1,-1,2,0,1,0.0,-7,2,-1,-1,-1,-1,-1,-1,-1,-1,-1,-1,-1,-1,-1,1,-9,-9,-9,-9,-9,-9,-9,-9,5,-1,-1,-1,-1,5,-1,-1,-1,-9,-1,-1,-1,-1,-1,-1,-1,-1,-1,-1,1,11,621.8414,2018-03-14,4,3,3,-9,-1,-7,1,-1,60074,-1,0,-1,1,-9,2,-1,7,2,-1,-1,11,3,621.8414,-1.0,4.0,IL,USA,17.0,31.0,770202.0,0.0,0.0,42.02867,-88.021909,2006.0,37.0,-1.0,37402.0,-1,3.0,-1.0,1.0,-1.0,1.0,3.0,-1.0,,,,,,,,,,,,,,,,,,,,,,,,,,,,,,,,,,,,,,,,,,,,,,,,,,,,,,,,,,,,,,,,,,,,,,,,,,,,,,,,,
30008318,1,3,1,gps,10408,2018-03-16 03:00:00,2018-03-17 03:00:00,0,1440,0.0,202,-1,-9,-1,-1.0,-1,-1,2,-1.0,-1,-1,1,-1,,18,-1,0,-1,,-1,-1,-1,-1,-1,-1,-1,-1,-1,-1,-1,-1,-1,-1,-1,-1,-1,-1,-1,-1,-1,-1,-1,-1,-1,-1,-1,-1,-1,-1,-1,-1,-1,-1,-1,-1,-1,-1,-1,,,,,,,,,,,,,,,,,,,,,,,,,,,,,,,,,,,,,,-9.0,1.0,2.0,2018-03-15,2,2,2,1,39,-1,-1,2,1,-1,1,1,-1,97,LATIN AMERICAN,1,1,1,-1,-1,-1,1,4,-1,-1,2,6,5,97,Teach,97,Teach kids,5,-1,6,-1,1,4,-1,2,-1,4,-1,-1,1,-1,-1,-1,2,-1.0,2,-1,-1,1,1,1,1,1,2,-1,1,-1,2,0,1,0.0,-7,2,-1,-1,-1,-1,-1,-1,-1,-1,-1,-1,-1,-1,-1,1,-9,-9,-9,-9,-9,-9,-9,-9,5,-1,-1,-1,-1,5,-1,-1,-1,-9,-1,-1,-1,-1,-1,-1,-1,-1,-1,-1,1,11,621.8414,2018-03-14,4,3,3,-9,-1,-7,1,-1,60074,-1,0,-1,1,-9,2,-1,7,2,-1,-1,11,3,621.8414,-1.0,4.0,IL,USA,17.0,31.0,815500.0,0.0,0.0,41.825147,-87.787768,,,,,,,,,,,,,,,,,,,,,,,,,,,,,,,,,,,,,,,,,,,,,,,,,,,,,,,,,,,,,,,,,,,,,,,,,,,,,,,,,,,,,2018-03-16,0.0,0.0,0.0,-9.0,-9.0,0.0,0.0,0.0
70021514,3,1,1,survey,10000,2018-10-11 03:00:00,2018-10-11 11:05:00,0,485,-1.0,-1,-1,-1,-1,-1.0,-1,-1,-1,-1.0,-1,-1,-1,-1,-1.0,1,-1,19,-1.0,-1.0,-1,-1,-1,-1,-1,-1,-1,-1,-1,-1,-1,-1,-1,-1,-1,-1,-1,-1,-1,-1,-1,-1,-1,-1,-1,-1,-1,-1,-1,-1,-1,-1,-1,-1,-1,-1,-1,-1,-1,-1.0,0.0,0.0,-1.0,-1.0,-1.0,-1.0,-1.0,-1.0,-1.0,-1.0,-1.0,-1.0,-1.0,-1.0,-1.0,-1.0,-1.0,-1.0,-1.0,-1.0,-1.0,-1.0,-1.0,-1.0,-1.0,-1.0,-1.0,-1.0,-1.0,-1.0,-1.0,1.0,-9.0,-1.0,0.0,0.0,,,,2018-10-16,2,2,2,3,21,-1,-1,2,3,-1,2,2,-1,6,-1,1,1,1,-1,-1,-1,3,5,-1,-1,2,16,2,39,-1,-7,-1,97,DOES NOT USE PUBLIC TRANSIT,97,NO NEED TO PARK,1,6,-1,-1,2,8,-1,2,3,-1,-1,-1,2,-1.0,2,-1,-1,1,2,1,1,4,2,-1,4,-1,2,2,3,10.0,5,1,DIABETES,1,-1,-1,-1,-1,-1,-1,-1,-1,-1,-1,1,-1,2,-1,2,-1,-1,-1,-1,-9,2;3,-1,2,3,-1,-1,-1,-1,-1,-9,97,-1,-1,-1,-1,-1,-1,97,-1,-1,0,4,114.0339,2018-10-11,5,4,2,3,-1,23,-1,-1,-1,-1,2,-1,1,0,2,-1,9,2,1,-1,22,0,114.0339,-1.0,1.0,IL,USA,17.0,31.0,500300.0,0.0,1.0,41.689315,-87.60537,,,,,,,,,,,,,,,,,,,,,,,,,,,,,,,,,,,,,,,,,,,,,,,,,,,,,,,,,,,,,,,,,,,,,,,,,,,,,,,,,,,,,,,,,,,,,
70040477,1,1,2,survey,2000002,2019-01-28 08:30:00,2019-01-28 12:00:00,90,210,17.746,500,-1,-1,-8,-1.0,97,-9,-1,-1.0,-1,-1,-1,-1,1.0,97,-9,97,-9.0,-1.0,-8,-1,-1,-1,-1,-1,-1,-1,-1,-1,-1,-1,-1,-1,-1,-1,-1,-1,-1,-1,-1,-1,-1,2,-1,-1,-1,-1,-1,-1,-1,-1,-1,-1,2,1,1,2,3,2.0,0.0,0.0,-1.0,-1.0,-1.0,-1.0,-1.0,-1.0,-1.0,-1.0,-1.0,-1.0,-1.0,-1.0,-1.0,-1.0,-1.0,-1.0,-1.0,-1.0,-1.0,-1.0,-1.0,-1.0,-1.0,-1.0,-1.0,-1.0,-1.0,-1.0,-1.0,2.0,2.0,17.171,0.0,0.0,,,,2019-02-02,1,1,2,1,40,-1,-1,2,1,-1,2,2,-1,6,-1,1,2,-1,7,-1,-1,-1,-1,-1,-1,-1,-1,-1,-1,-1,-1,-1,-1,-1,-1,-1,3,-1,-1,-1,-1,-1,-1,-1,2,-1,-1,-1,1,-1.0,-1,-1,-1,1,-1,-1,-1,-1,-1,-1,-1,-1,-1,2,1,10.0,2,1,-1,1,-1,-1,-1,-1,-1,-1,-1,-1,-1,-1,1,-1,1;2;3,1,2,3,-1,-1,-1,-9,2;3;97,-1,2,3,-1,-1,97,-1,-1,When the bus or train is coming real time informat,1;2;3;5;6,1,2,3,-1,5,6,-1,-1,-1,0,2,902.7029,2019-01-28,2,2,0,97,All the above,1,3,-1,-9,-1,3,-1,1,0,3,-1,2,2,7,-1,4,0,902.7029,-1.0,97.0,IL,USA,17.0,31.0,839100.0,0.0,0.0,41.880986,-87.63307,,,,,,,,,,,,,-9.0,42.040942,41.91626,41.877556,-9.0,,,,-9.0,-87.886565,-87.667972,-87.666893,-9.0,,,,WALKING,HEAVY_RAIL,BUS,BUS,WALKING,,,,-9.0,Metra,Chicago Transit Authority,Chicago Transit Authority,-9,,,,-9.0,UNION PACIFIC NORTHWEST,ASHLAND EXPRESS,JACKSON,-9,,,,-9.0,UP-NW,X9,126,-9,,,,-9.0,DES PLAINES,ASHLAND & CORTLAND,JACKSON & ASHLAND,-9,,,,-9.0,CLYBOURN STATION,ASHLAND & JACKSON,JACKSON & FRANKLIN,-9,,,,1.0,1.0,1.0,1.0,1.0,,,,,,,,,,,,
70003239,3,1,2,survey,30003,2018-09-17 07:15:00,2018-09-17 17:30:00,30,615,10.008,501,-1,-1,-8,-1.0,97,VENTRA-SENIOR/DISABLED,-1,-1.0,-1,-1,-1,-1,4.0,6,-1,17,-1.0,-1.0,-1,-1,-1,-1,-1,-1,-1,-1,-1,-1,-1,-1,-1,-1,-1,-1,-1,-1,-1,-1,-1,-1,-1,-1,-1,-1,-1,-1,-1,-1,-1,-1,-1,-1,0,0,0,1,1,1.0,0.0,0.0,-1.0,-1.0,-1.0,-1.0,-1.0,-1.0,-1.0,-1.0,-1.0,-1.0,-1.0,-1.0,-1.0,-1.0,-1.0,-1.0,-1.0,-1.0,-1.0,-1.0,-1.0,-1.0,-1.0,-1.0,-1.0,-1.0,-1.0,-1.0,-1.0,2.0,2.0,9.171,0.0,0.0,,,,2018-09-18,2,5,2,3,21,-1,-1,1,3,-1,1,2,-1,1,-1,1,1,1,-1,-1,-1,1,5,-1,-1,2,12,2,53,-1,44-45,-1,5,-1,1,-1,1,7,-1,-1,2,8,-1,-9,3,-1,-1,-1,2,-1.0,-1,-1,-1,1,2,1,1,3,2,-1,4,-1,2,0,2,-9.0,-9,1,Autism Spectrum Disorder/ADHD,1,-1,-1,-1,-1,-1,-1,-1,-1,-1,-1,2,-1,97,-1,-1,-1,97,-1,-1,does not drive - no traffic info needed,5,-1,-1,-1,-1,5,-1,-1,-1,-9,97,-1,-1,-1,-1,-1,-1,97,-1,-1,0,2,66.9014,2018-09-17,2,4,3,1,-1,18,-1,-1,-1,-1,2,-1,1,0,1,-1,7,2,8,-1,17,0,66.9014,3.0,3.0,IL,USA,17.0,89.0,853900.0,0.0,0.0,41.757907,-88.344123,,,,,,,,,,,,,-9.0,41.883149,41.759928,-9.0,,,,,-9.0,-88.340396,-88.315876,-9.0,,,,,WALKING,BUS,BUS,WALKING,,,,,-9.0,PACE,PACE,-9,,,,,-9.0,AURORA - GENEVA VIA LAKE,WEST AURORA,-9,,,,,-9.0,802,524,-9,,,,,-9.0,RANDALL & KESLINGER,NEW YORK & RIVER,-9,,,,,-9.0,NEW YORK & IL 25 / BROADWAY,PRAIRIE,-9,,,,,0.0,2.0,2.0,0.0,,,,,,,,,,,,,
70049110,1,1,2,survey,10003,2019-02-27 07:15:00,2019-02-27 20:45:00,85,810,31.265,202,-1,1,-1,-1.0,-1,-1,1,40.0,2,-1,1,-1,3.0,6,-1,0,-1.0,-1.0,-1,-1,-1,-1,-1,-1,-1,-1,-1,-1,-1,-1,-1,-1,-1,-1,-1,-1,-1,-1,-1,-1,-1,-1,-1,-1,-1,-1,-1,-1,-1,-1,-1,-1,0,0,0,1,1,-1.0,0.0,0.0,-1.0,-1.0,-1.0,-1.0,-1.0,-1.0,-1.0,-1.0,-1.0,-1.0,-1.0,-1.0,-1.0,-1.0,-1.0,-1.0,-1.0,-1.0,-1.0,-1.0,-1.0,-1.0,-1.0,-1.0,-1.0,-1.0,-1.0,-1.0,-1.0,2.0,-9.0,23.73,0.0,0.0,,,,2019-03-03,-1,-1,2,1,-7,-7,-1,-7,1,-1,-1,-7,-1,-7,-1,-1,-1,-1,-1,-1,-1,-1,-1,-1,-1,-1,-1,-1,-1,-1,-1,-1,-1,-1,-1,-1,2,8,-1,-1,2,4,-1,-1,-9,-1,-1,-1,1,-1.0,-1,-1,-1,1,-1,-1,-1,-1,-1,-1,-1,-1,-1,-1,-1,-1.0,-1,-1,-1,-1,-1,-1,-1,-1,-1,-1,-1,-1,-1,-1,-1,-1,-1,-1,-1,-1,-1,-1,-1,-1,-1,-1,-1,-1,-1,-1,-1,-1,-1,-1,-1,-1,-1,-1,-1,-1,-1,-1,-1,-1,0,2,452.4805,2019-02-27,4,4,4,1,-1,10,-1,-1,-1,-7,4,-1,2,0,1,-1,-7,1,1,-1,2,0,452.4805,1.0,3.0,IL,USA,17.0,31.0,81401.0,0.0,0.0,41.895035,-87.619717,2010.0,-7.0,-1.0,-8.0,-1,3.0,-1.0,1.0,-1.0,1.0,2.0,-1.0,,,,,,,,,,,,,,,,,,,,,,,,,,,,,,,,,,,,,,,,,,,,,,,,,,,,,,,,,,,,,,,,,,,,,,,,,,,,,,,,,
30008318,1,2,3,gps,2000031,2018-03-15 14:49:45,2018-03-15 15:45:28,11,56,3.41,202,-1,-9,-1,-1.0,-1,-1,2,-1.0,-1,-1,1,-1,,9,-1,0,-1,,-1,-1,-1,-1,-1,-1,-1,-1,-1,-1,-1,-1,-1,-1,-1,-1,-1,-1,-1,-1,-1,-1,-1,-1,-1,-1,-1,-1,-1,-1,-1,-1,-1,-1,-1,-9,-9,-9,0,,,,,,,,,,,,,,,,,,,,,,,,,,,,,,,,,,,,,,1.0,5.0,1.0,2018-03-15,2,2,2,1,39,-1,-1,2,1,-1,1,1,-1,97,LATIN AMERICAN,1,1,1,-1,-1,-1,1,4,-1,-1,2,6,5,97,Teach,97,Teach kids,5,-1,6,-1,1,4,-1,2,-1,4,-1,-1,1,-1,-1,-1,2,-1.0,2,-1,-1,1,1,1,1,1,2,-1,1,-1,2,0,1,0.0,-7,2,-1,-1,-1,-1,-1,-1,-1,-1,-1,-1,-1,-1,-1,1,-9,-9,-9,-9,-9,-9,-9,-9,5,-1,-1,-1,-1,5,-1,-1,-1,-9,-1,-1,-1,-1,-1,-1,-1,-1,-1,-1,1,11,621.8414,2018-03-14,4,3,3,-9,-1,-7,1,-1,60074,-1,0,-1,1,-9,2,-1,7,2,-1,-1,11,3,621.8414,-1.0,100.0,IL,USA,17.0,89.0,851908.0,0.0,0.0,42.020694,-88.331245,,,,,,,,,,,,,,,,,,,,,,,,,,,,,,,,,,,,,,,,,,,,,,,,,,,,,,,,,,,,,,,,,,,,,,,,,,,,,,,,,,,,,2018-03-15,5.0,0.0,0.0,1.0,1.0,0.0,0.0,0.0
20003738,1,2,5,gps,10409,2017-09-26 18:02:00,2017-09-26 18:03:00,50,1,16.06,505,-1,-1,1,-1.0,6,-1,-1,-1.0,-1,-1,-1,-1,,27,-1,0,-1,,1,-1,-1,-1,-1,-1,-1,-1,-1,-1,-1,-1,-1,-1,-1,-1,-1,-1,-1,-1,-1,-1,-1,-1,-1,-1,-1,-1,-1,-1,-1,-1,-1,-1,-1,-9,-9,-9,0,,,,,,,,,,,,,,,,,,,,,,,,,,,,,,,,,,,,,,-9.0,5.0,2.0,2017-09-26,2,2,2,1,50,-1,-1,1,1,-1,1,2,-1,4,-1,1,1,1,-1,-1,-1,3,9,-1,-9,2,50,5,97,TEACH,97,TECHNOLOGY,4,-1,1,-1,3,-1,-1,-1,-1,-1,-1,-1,4,-1,-1,-1,-8,-1.0,2,-1,-1,1,1,1,1,4,1,1,4,-1,1,0,2,-9.0,-9,1,-1,2,-1,-1,-1,-1,-1,-1,-1,-1,-1,-1,-1,5,2;3,-1,2,3,-1,-1,-1,-9,1,1,-1,-1,-1,-1,-1,-1,-1,-9,6,-1,-1,-1,-1,-1,6,-1,-1,-1,1,3,94.6057,2017-09-25,2,6,3,-9,-1,11,-1,-1,-1,-1,0,-1,1,-9,1,-1,7,2,-1,-1,21,1,94.6057,-1.0,4.0,IL,USA,17.0,97.0,861202.0,0.0,0.0,42.378579,-88.05797,,,,,,,,,,,,,,,,,,,,,,,,,,,,,,,,,,,,,,,,,,,,,,,,,,,,,,,,,,,,,,,,,,,,,,,,,,,,,,,,,,,,,2017-09-26,6.0,0.0,0.0,-9.0,-9.0,0.0,0.0,1.0
70046435,3,1,3,survey,10000,2019-02-26 14:00:00,2019-02-27 03:00:00,7,780,1.497,401,-1,-1,-1,-1.0,-1,-1,-1,-1.0,-1,-1,-1,-1,5.0,1,-1,0,-1.0,-1.0,-1,-1,-1,-1,-1,-1,-1,-1,-1,-1,-1,-1,-1,-1,-1,-1,-1,-1,-1,-1,-1,-1,-1,-1,-1,-1,-1,-1,-1,-1,-1,-1,-1,-1,0,0,0,1,1,-1.0,0.0,0.0,-1.0,-1.0,-1.0,-1.0,-1.0,-1.0,-1.0,-1.0,-1.0,-1.0,-1.0,-1.0,-1.0,-1.0,-1.0,-1.0,-1.0,-1.0,-1.0,-1.0,-1.0,-1.0,-1.0,-1.0,-1.0,-1.0,-1.0,-1.0,-1.0,3.0,-9.0,0.882,0.0,0.0,,,,2019-02-27,2,5,1,1,21,-1,-1,2,3,-1,2,2,-1,1,-1,2,2,-1,6,-1,-1,-1,-1,-1,-1,-1,-1,-1,-1,-1,-1,-1,-1,-1,-1,-1,1,5,-1,-1,2,7,-1,-1,1,-1,-1,-1,2,-1.0,-1,-1,-1,1,-1,-1,-1,-1,-1,-1,-1,-1,-1,0,2,-9.0,-9,1,-1,2,-1,-1,-1,-1,-1,-1,-1,-1,-1,-1,2,-1,97,-1,-1,-1,97,-1,-1,She does not use real-time navigation methods,5,-1,-1,-1,-1,5,-1,-1,-1,-9,1;2;5;6,1,2,-1,-1,5,6,-1,-1,-1,0,2,316.1163,2019-02-26,3,4,3,-8,-1,7,-1,-1,-1,-1,2,-1,1,0,1,-1,9,1,1,-1,10,0,316.1163,-1.0,1.0,IL,USA,17.0,111.0,870803.0,0.0,1.0,42.297833,-88.31924,,,,,,,,,,,,,,,,,,,,,,,,,,,,,,,,,,,,,,,,,,,,,,,,,,,,,,,,,,,,,,,,,,,,,,,,,,,,,,,,,,,,,,,,,,,,,
30008318,1,1,1,survey,10000,2018-03-14 03:00:00,2018-03-14 06:39:00,0,219,-1.0,-1,-1,-1,-1,-1.0,-1,-1,-1,-1.0,-1,-1,-1,-1,-1.0,1,-1,0,-1.0,-1.0,-1,-1,-1,-1,-1,-1,-1,-1,-1,-1,-1,-1,-1,-1,-1,-1,-1,-1,-1,-1,-1,-1,-1,-1,-1,-1,-1,-1,-1,-1,-1,-1,-1,-1,-1,-1,-1,-1,-1,-1.0,0.0,0.0,-1.0,-1.0,-1.0,-1.0,-1.0,-1.0,-1.0,-1.0,-1.0,-1.0,-1.0,-1.0,-1.0,-1.0,-1.0,-1.0,-1.0,-1.0,-1.0,-1.0,-1.0,-1.0,-1.0,-1.0,-1.0,-1.0,-1.0,-1.0,-1.0,1.0,-9.0,-1.0,0.0,0.0,,,,2018-03-15,2,2,2,1,39,-1,-1,2,1,-1,1,1,-1,97,LATIN AMERICAN,1,1,1,-1,-1,-1,1,4,-1,-1,2,6,5,97,Teach,97,Teach kids,5,-1,6,-1,1,4,-1,2,-1,4,-1,-1,1,-1,-1,-1,2,-1.0,2,-1,-1,1,1,1,1,1,2,-1,1,-1,2,0,1,0.0,-7,2,-1,-1,-1,-1,-1,-1,-1,-1,-1,-1,-1,-1,-1,1,-9,-9,-9,-9,-9,-9,-9,-9,5,-1,-1,-1,-1,5,-1,-1,-1,-9,-1,-1,-1,-1,-1,-1,-1,-1,-1,-1,1,11,621.8414,2018-03-14,4,3,3,-9,-1,-7,1,-1,60074,-1,0,-1,1,-9,2,-1,7,2,-1,-1,11,3,621.8414,-1.0,1.0,IL,USA,17.0,31.0,804711.0,0.0,1.0,42.0353,-88.139756,,,,,,,,,,,,,,,,,,,,,,,,,,,,,,,,,,,,,,,,,,,,,,,,,,,,,,,,,,,,,,,,,,,,,,,,,,,,,,,,,,,,,,,,,,,,,
30008318,1,1,11,survey,2000016,2018-03-14 19:58:19,2018-03-14 19:59:19,49,1,23.083,202,-1,2,-1,-1.0,-1,-1,-1,-1.0,-1,-1,1,-1,4.0,25,-1,0,-1.0,-1.0,-1,-1,-1,-1,-1,-1,-1,-1,-1,-1,-1,-1,-1,-1,-1,-1,-1,-1,-1,-1,-1,-1,-1,-1,-1,-1,-1,-1,-1,-1,-1,-1,-1,-1,0,0,0,1,1,-1.0,0.0,0.0,-1.0,-1.0,-1.0,-1.0,-1.0,-1.0,-1.0,-1.0,-1.0,-1.0,-1.0,-1.0,-1.0,-1.0,-1.0,-1.0,-1.0,-1.0,-1.0,-1.0,-1.0,-1.0,-1.0,-1.0,-1.0,-1.0,-1.0,-1.0,-1.0,11.0,-9.0,16.48,0.0,0.0,,,,2018-03-15,2,2,2,1,39,-1,-1,2,1,-1,1,1,-1,97,LATIN AMERICAN,1,1,1,-1,-1,-1,1,4,-1,-1,2,6,5,97,Teach,97,Teach kids,5,-1,6,-1,1,4,-1,2,-1,4,-1,-1,1,-1,-1,-1,2,-1.0,2,-1,-1,1,1,1,1,1,2,-1,1,-1,2,0,1,0.0,-7,2,-1,-1,-1,-1,-1,-1,-1,-1,-1,-1,-1,-1,-1,1,-9,-9,-9,-9,-9,-9,-9,-9,5,-1,-1,-1,-1,5,-1,-1,-1,-9,-1,-1,-1,-1,-1,-1,-1,-1,-1,-1,1,11,621.8414,2018-03-14,4,3,3,-9,-1,-7,1,-1,60074,-1,0,-1,1,-9,2,-1,7,2,-1,-1,11,3,621.8414,-1.0,97.0,IL,USA,17.0,31.0,815500.0,0.0,0.0,41.825147,-87.787768,2006.0,37.0,-1.0,37402.0,-1,3.0,-1.0,1.0,-1.0,1.0,3.0,-1.0,,,,,,,,,,,,,,,,,,,,,,,,,,,,,,,,,,,,,,,,,,,,,,,,,,,,,,,,,,,,,,,,,,,,,,,,,,,,,,,,,
70055319,2,1,3,survey,1000008,2019-04-04 14:35:00,2019-04-04 15:15:00,35,40,1.864,501,-1,-1,2,-1.0,3,-1,-1,-1.0,-1,-1,-1,-1,5.0,8,-1,0,-1.0,-1.0,-1,-1,-1,-1,-1,-1,-1,-1,-1,-1,-1,-1,-1,-1,-1,-1,-1,-1,-1,-1,-1,-1,-1,-1,-1,-1,-1,-1,-1,-1,-1,-1,-1,-1,0,0,0,1,1,0.0,0.0,0.0,-1.0,-1.0,-1.0,-1.0,-1.0,-1.0,-1.0,-1.0,-1.0,-1.0,-1.0,-1.0,-1.0,-1.0,-1.0,-1.0,-1.0,-1.0,-1.0,-1.0,-1.0,-1.0,-1.0,-1.0,-1.0,-1.0,-1.0,-1.0,-1.0,3.0,3.0,1.885,0.0,0.0,,,,2019-05-07,2,5,2,2,51,-1,-1,1,97,AUNT/UNCLE,2,2,-1,4,-1,1,1,1,-1,-1,-1,3,8,-1,2,2,25,3,97,Mechanic,81,-1,5,-1,6,-1,3,-1,-1,-1,-1,-1,-1,-1,2,-1,-1,-1,2,-1.0,-1,-1,-1,1,1,1,1,1,2,-1,4,-1,2,0,2,-9.0,-9,1,-1,2,-1,-1,-1,-1,-1,-1,-1,-1,-1,-1,2,-1,2,-1,2,-1,-1,-1,-1,-9,5,-1,-1,-1,-1,5,-1,-1,-1,-9,6,-1,-1,-1,-1,-1,6,-1,-1,-1,0,5,71.2012,2019-04-04,5,2,1,4,-1,5,3,-1,60707,-1,4,-1,1,0,3,-1,2,2,13,-1,10,0,71.2012,-1.0,97.0,IL,USA,17.0,31.0,243300.0,0.0,0.0,41.892478,-87.664739,,,,,,,,,,,,,-9.0,41.871664,-9.0,,,,,,-9.0,-87.666579,-9.0,,,,,,WALKING,BUS,WALKING,,,,,,-9.0,Chicago Transit Authority,-9,,,,,,-9.0,ASHLAND,-9,,,,,,-9.0,9,-9,,,,,,-9.0,ASHLAND,-9,,,,,,-9.0,ASHLAND & GRAND,-9,,,,,,0.0,2.0,0.0,,,,,,,,,,,,,,
30008318,1,1,6,survey,2000013,2018-03-14 15:10:16,2018-03-14 16:28:18,27,78,22.471,202,-1,2,-1,-1.0,-1,-1,-1,-1.0,-1,-1,1,-1,4.0,5,-1,0,-1.0,-1.0,-1,-1,-1,-1,-1,-1,-1,-1,-1,-1,-1,-1,-1,-1,-1,-1,-1,-1,-1,-1,-1,-1,-1,-1,-1,-1,-1,-1,-1,-1,-1,-1,-1,-1,0,0,0,1,1,-1.0,0.0,0.0,-1.0,-1.0,-1.0,-1.0,-1.0,-1.0,-1.0,-1.0,-1.0,-1.0,-1.0,-1.0,-1.0,-1.0,-1.0,-1.0,-1.0,-1.0,-1.0,-1.0,-1.0,-1.0,-1.0,-1.0,-1.0,-1.0,-1.0,-1.0,-1.0,6.0,-9.0,16.319,0.0,0.0,,,,2018-03-15,2,2,2,1,39,-1,-1,2,1,-1,1,1,-1,97,LATIN AMERICAN,1,1,1,-1,-1,-1,1,4,-1,-1,2,6,5,97,Teach,97,Teach kids,5,-1,6,-1,1,4,-1,2,-1,4,-1,-1,1,-1,-1,-1,2,-1.0,2,-1,-1,1,1,1,1,1,2,-1,1,-1,2,0,1,0.0,-7,2,-1,-1,-1,-1,-1,-1,-1,-1,-1,-1,-1,-1,-1,1,-9,-9,-9,-9,-9,-9,-9,-9,5,-1,-1,-1,-1,5,-1,-1,-1,-9,-1,-1,-1,-1,-1,-1,-1,-1,-1,-1,1,11,621.8414,2018-03-14,4,3,3,-9,-1,-7,1,-1,60074,-1,0,-1,1,-9,2,-1,7,2,-1,-1,11,3,621.8414,-1.0,97.0,IL,USA,17.0,31.0,803012.0,0.0,0.0,42.143282,-87.995232,2006.0,37.0,-1.0,37402.0,-1,3.0,-1.0,1.0,-1.0,1.0,3.0,-1.0,,,,,,,,,,,,,,,,,,,,,,,,,,,,,,,,,,,,,,,,,,,,,,,,,,,,,,,,,,,,,,,,,,,,,,,,,,,,,,,,,
20003738,1,4,2,gps,10409,2017-09-28 05:28:00,2017-09-28 05:31:00,-698,3,0.36,101,-1,-1,-1,-1.0,-1,-1,-1,-1.0,-1,-1,-1,-1,,27,-1,0,-1,,1,-1,-1,-1,-1,-1,-1,-1,-1,-1,-1,-1,-1,-1,-1,-1,-1,-1,-1,-1,-1,-1,-1,-1,-1,-1,-1,-1,-1,-1,-1,-1,-1,-1,-1,-9,-9,-9,0,,,,,,,,,,,,,,,,,,,,,,,,,,,,,,,,,,,,,,-9.0,8.0,2.0,2017-09-26,2,2,2,1,50,-1,-1,1,1,-1,1,2,-1,4,-1,1,1,1,-1,-1,-1,3,9,-1,-9,2,50,5,97,TEACH,97,TECHNOLOGY,4,-1,1,-1,3,-1,-1,-1,-1,-1,-1,-1,4,-1,-1,-1,-8,-1.0,2,-1,-1,1,1,1,1,4,1,1,4,-1,1,0,2,-9.0,-9,1,-1,2,-1,-1,-1,-1,-1,-1,-1,-1,-1,-1,-1,5,2;3,-1,2,3,-1,-1,-1,-9,1,1,-1,-1,-1,-1,-1,-1,-1,-9,6,-1,-1,-1,-1,-1,6,-1,-1,-1,1,3,94.6057,2017-09-25,2,6,3,-9,-1,11,-1,-1,-1,-1,0,-1,1,-9,1,-1,7,2,-1,-1,21,1,94.6057,-1.0,4.0,IL,USA,17.0,97.0,861202.0,0.0,0.0,42.378579,-88.05797,,,,,,,,,,,,,,,,,,,,,,,,,,,,,,,,,,,,,,,,,,,,,,,,,,,,,,,,,,,,,,,,,,,,,,,,,,,,,,,,,,,,,2017-09-28,7.0,0.0,0.0,1.0,1.0,0.0,1.0,1.0
70032713,1,4,6,gps,2000011,2018-12-06 13:16:00,2018-12-06 13:21:34,1,6,0.15,501,-1,-1,2,-1.0,97,-9,-1,-1.0,-1,-1,-1,-1,,97,Visited gravesite.,0,-1,,4,97,-1,-1,-1,-1,-1,-1,97,-1,-1,WALKING TO CEMETARY.,5,-1,-1,-1,-1,5,-1,-1,-1,-1,-1,-1,-1,-1,-1,-1,-1,-1,-1,-1,-1,-1,-1,-9,-9,-9,0,,,,,,,,,,,,,,,,,,,,,,,,,,,,,,,,,,,,,,2.0,6.0,1.0,2018-12-04,2,4,2,1,62,-1,-1,1,1,-1,1,2,-1,6,-1,1,2,-1,1,-1,-1,-1,-1,-1,-1,-1,-1,-1,-1,-1,-1,-1,-1,-1,-1,-1,2,5,-1,-1,2,1,-1,-1,3,-1,-1,-1,2,-1.0,-1,-1,-1,2,-1,-1,-1,-1,-1,-1,-1,-1,-1,0,1,0.0,-8,1,SPINE ISSUE,2,-1,-1,-1,-1,-1,-1,-1,-1,-1,-1,1,-1,2,-1,2,-1,-1,-1,-1,-9,2;3,-1,2,3,-1,-1,-1,-1,-1,-9,1;97,1,-1,-1,-1,-1,-1,97,-1,-1,0,3,102.7654,2018-12-03,2,1,2,97,Inconsistent bus schedules.,8,-1,-1,-1,-1,3,-1,1,0,3,-1,2,1,7,-1,3,0,102.7654,-1.0,100.0,IL,USA,17.0,31.0,130200.0,0.0,0.0,41.981838,-87.737573,,,,,,,,,,,,,,,,,,,,,,,,,,,,,,,,,,,,,,,,,,,,,,,,,,,,,,,,,,,,,,,,,,,,,,,,,,,,,,,,,,,,,2018-12-06,6.0,0.0,0.0,1.0,1.0,0.0,1.0,1.0
30008318,1,1,7,survey,2000014,2018-03-14 16:45:40,2018-03-14 17:16:33,18,31,2.281,202,-1,2,-1,-1.0,-1,-1,-1,-1.0,-1,-1,1,-1,2.0,15,-1,0,-1.0,-1.0,-1,-1,-1,-1,-1,-1,-1,-1,-1,-1,-1,-1,-1,-1,-1,-1,-1,-1,-1,-1,-1,-1,-1,-1,-1,-1,-1,-1,-1,-1,-1,-1,-1,-1,0,0,0,1,1,-1.0,0.0,0.0,-1.0,-1.0,-1.0,-1.0,-1.0,-1.0,-1.0,-1.0,-1.0,-1.0,-1.0,-1.0,-1.0,-1.0,-1.0,-1.0,-1.0,-1.0,-1.0,-1.0,-1.0,-1.0,-1.0,-1.0,-1.0,-1.0,-1.0,-1.0,-1.0,7.0,-9.0,1.509,0.0,0.0,,,,2018-03-15,2,2,2,1,39,-1,-1,2,1,-1,1,1,-1,97,LATIN AMERICAN,1,1,1,-1,-1,-1,1,4,-1,-1,2,6,5,97,Teach,97,Teach kids,5,-1,6,-1,1,4,-1,2,-1,4,-1,-1,1,-1,-1,-1,2,-1.0,2,-1,-1,1,1,1,1,1,2,-1,1,-1,2,0,1,0.0,-7,2,-1,-1,-1,-1,-1,-1,-1,-1,-1,-1,-1,-1,-1,1,-9,-9,-9,-9,-9,-9,-9,-9,5,-1,-1,-1,-1,5,-1,-1,-1,-9,-1,-1,-1,-1,-1,-1,-1,-1,-1,-1,1,11,621.8414,2018-03-14,4,3,3,-9,-1,-7,1,-1,60074,-1,0,-1,1,-9,2,-1,7,2,-1,-1,11,3,621.8414,-1.0,97.0,IL,USA,17.0,31.0,803017.0,0.0,0.0,42.119171,-87.998258,2006.0,37.0,-1.0,37402.0,-1,3.0,-1.0,1.0,-1.0,1.0,3.0,-1.0,,,,,,,,,,,,,,,,,,,,,,,,,,,,,,,,,,,,,,,,,,,,,,,,,,,,,,,,,,,,,,,,,,,,,,,,,,,,,,,,,
30008318,1,2,4,gps,2000032,2018-03-15 16:38:55,2018-03-15 16:39:55,53,1,28.09,202,-1,-9,-1,-1.0,-1,-1,2,-1.0,-1,-1,1,-1,,5,-1,0,-1,,-1,-1,-1,-1,-1,-1,-1,-1,-1,-1,-1,-1,-1,-1,-1,-1,-1,-1,-1,-1,-1,-1,-1,-1,-1,-1,-1,-1,-1,-1,-1,-1,-1,-1,-1,-9,-9,-9,0,,,,,,,,,,,,,,,,,,,,,,,,,,,,,,,,,,,,,,1.0,4.0,1.0,2018-03-15,2,2,2,1,39,-1,-1,2,1,-1,1,1,-1,97,LATIN AMERICAN,1,1,1,-1,-1,-1,1,4,-1,-1,2,6,5,97,Teach,97,Teach kids,5,-1,6,-1,1,4,-1,2,-1,4,-1,-1,1,-1,-1,-1,2,-1.0,2,-1,-1,1,1,1,1,1,2,-1,1,-1,2,0,1,0.0,-7,2,-1,-1,-1,-1,-1,-1,-1,-1,-1,-1,-1,-1,-1,1,-9,-9,-9,-9,-9,-9,-9,-9,5,-1,-1,-1,-1,5,-1,-1,-1,-9,-1,-1,-1,-1,-1,-1,-1,-1,-1,-1,1,11,621.8414,2018-03-14,4,3,3,-9,-1,-7,1,-1,60074,-1,0,-1,1,-9,2,-1,7,2,-1,-1,11,3,621.8414,-1.0,100.0,IL,USA,17.0,31.0,811900.0,0.0,0.0,41.900846,-87.818928,,,,,,,,,,,,,,,,,,,,,,,,,,,,,,,,,,,,,,,,,,,,,,,,,,,,,,,,,,,,,,,,,,,,,,,,,,,,,,,,,,,,,2018-03-15,5.0,0.0,0.0,1.0,1.0,0.0,0.0,0.0
30008318,1,1,5,survey,10002,2018-03-14 12:10:16,2018-03-14 14:42:58,2,153,0.566,202,-1,2,-1,-1.0,-1,-1,-1,-1.0,-1,-1,1,-1,3.0,3,-1,0,-1.0,-1.0,-1,-1,-1,-1,-1,-1,-1,-1,-1,-1,-1,-1,-1,-1,-1,-1,-1,-1,-1,-1,-1,-1,-1,-1,-1,-1,-1,-1,-1,-1,-1,-1,-1,-1,0,0,0,1,1,-1.0,0.0,0.0,-1.0,-1.0,-1.0,-1.0,-1.0,-1.0,-1.0,-1.0,-1.0,-1.0,-1.0,-1.0,-1.0,-1.0,-1.0,-1.0,-1.0,-1.0,-1.0,-1.0,-1.0,-1.0,-1.0,-1.0,-1.0,-1.0,-1.0,-1.0,-1.0,5.0,-9.0,0.512,0.0,0.0,,,,2018-03-15,2,2,2,1,39,-1,-1,2,1,-1,1,1,-1,97,LATIN AMERICAN,1,1,1,-1,-1,-1,1,4,-1,-1,2,6,5,97,Teach,97,Teach kids,5,-1,6,-1,1,4,-1,2,-1,4,-1,-1,1,-1,-1,-1,2,-1.0,2,-1,-1,1,1,1,1,1,2,-1,1,-1,2,0,1,0.0,-7,2,-1,-1,-1,-1,-1,-1,-1,-1,-1,-1,-1,-1,-1,1,-9,-9,-9,-9,-9,-9,-9,-9,5,-1,-1,-1,-1,5,-1,-1,-1,-9,-1,-1,-1,-1,-1,-1,-1,-1,-1,-1,1,11,621.8414,2018-03-14,4,3,3,-9,-1,-7,1,-1,60074,-1,0,-1,1,-9,2,-1,7,2,-1,-1,11,3,621.8414,1.0,2.0,IL,USA,17.0,89.0,851400.0,0.0,0.0,42.028478,-88.267581,2006.0,37.0,-1.0,37402.0,-1,3.0,-1.0,1.0,-1.0,1.0,3.0,-1.0,,,,,,,,,,,,,,,,,,,,,,,,,,,,,,,,,,,,,,,,,,,,,,,,,,,,,,,,,,,,,,,,,,,,,,,,,,,,,,,,,
30008318,1,1,12,survey,2000030,2018-03-14 20:14:08,2018-03-15 03:00:00,15,406,0.854,202,-1,2,-1,-1.0,-1,-1,-1,-1.0,-1,-1,4,-1,5.0,18,-1,0,-1.0,-1.0,-1,-1,-1,-1,-1,-1,-1,-1,-1,-1,-1,-1,-1,-1,-1,-1,-1,-1,-1,-1,-1,-1,-1,-1,-1,-1,-1,-1,-1,-1,-1,-1,-1,-1,0,0,0,1,1,-1.0,0.0,0.0,-1.0,-1.0,-1.0,-1.0,-1.0,-1.0,-1.0,-1.0,-1.0,-1.0,-1.0,-1.0,-1.0,-1.0,-1.0,-1.0,-1.0,-1.0,-1.0,-1.0,-1.0,-1.0,-1.0,-1.0,-1.0,-1.0,-1.0,-1.0,-1.0,12.0,-9.0,0.561,0.0,302.0,,,,2018-03-15,2,2,2,1,39,-1,-1,2,1,-1,1,1,-1,97,LATIN AMERICAN,1,1,1,-1,-1,-1,1,4,-1,-1,2,6,5,97,Teach,97,Teach kids,5,-1,6,-1,1,4,-1,2,-1,4,-1,-1,1,-1,-1,-1,2,-1.0,2,-1,-1,1,1,1,1,1,2,-1,1,-1,2,0,1,0.0,-7,2,-1,-1,-1,-1,-1,-1,-1,-1,-1,-1,-1,-1,-1,1,-9,-9,-9,-9,-9,-9,-9,-9,5,-1,-1,-1,-1,5,-1,-1,-1,-9,-1,-1,-1,-1,-1,-1,-1,-1,-1,-1,1,11,621.8414,2018-03-14,4,3,3,-9,-1,-7,1,-1,60074,-1,0,-1,1,-9,2,-1,7,2,-1,-1,11,3,621.8414,-1.0,97.0,IL,USA,17.0,31.0,815500.0,0.0,0.0,41.825147,-87.787768,2006.0,37.0,-1.0,37402.0,-1,3.0,-1.0,1.0,-1.0,1.0,3.0,-1.0,,,,,,,,,,,,,,,,,,,,,,,,,,,,,,,,,,,,,,,,,,,,,,,,,,,,,,,,,,,,,,,,,,,,,,,,,,,,,,,,,
20003738,1,3,6,gps,10409,2017-09-27 17:54:00,2017-09-27 17:55:00,31,1,16.06,505,-1,-1,1,-1.0,6,-1,-1,-1.0,-1,-1,-1,-1,,27,-1,0,-1,,1,-1,-1,-1,-1,-1,-1,-1,-1,-1,-1,-1,-1,-1,-1,-1,-1,-1,-1,-1,-1,-1,-1,-1,-1,-1,-1,-1,-1,-1,-1,-1,-1,-1,-1,-9,-9,-9,0,,,,,,,,,,,,,,,,,,,,,,,,,,,,,,,,,,,,,,-9.0,5.0,2.0,2017-09-26,2,2,2,1,50,-1,-1,1,1,-1,1,2,-1,4,-1,1,1,1,-1,-1,-1,3,9,-1,-9,2,50,5,97,TEACH,97,TECHNOLOGY,4,-1,1,-1,3,-1,-1,-1,-1,-1,-1,-1,4,-1,-1,-1,-8,-1.0,2,-1,-1,1,1,1,1,4,1,1,4,-1,1,0,2,-9.0,-9,1,-1,2,-1,-1,-1,-1,-1,-1,-1,-1,-1,-1,-1,5,2;3,-1,2,3,-1,-1,-1,-9,1,1,-1,-1,-1,-1,-1,-1,-1,-9,6,-1,-1,-1,-1,-1,6,-1,-1,-1,1,3,94.6057,2017-09-25,2,6,3,-9,-1,11,-1,-1,-1,-1,0,-1,1,-9,1,-1,7,2,-1,-1,21,1,94.6057,-1.0,4.0,IL,USA,17.0,97.0,861202.0,0.0,0.0,42.378579,-88.05797,,,,,,,,,,,,,,,,,,,,,,,,,,,,,,,,,,,,,,,,,,,,,,,,,,,,,,,,,,,,,,,,,,,,,,,,,,,,,,,,,,,,,2017-09-27,9.0,0.0,0.0,1.0,1.0,0.0,1.0,1.0
30008318,1,1,8,survey,2000014,2018-03-14 17:34:46,2018-03-14 18:06:54,18,32,0.002,202,-1,2,-1,-1.0,-1,-1,-1,-1.0,-1,-1,1,-1,2.0,9,-1,0,-1.0,-1.0,-1,-1,-1,-1,-1,-1,-1,-1,-1,-1,-1,-1,-1,-1,-1,-1,-1,-1,-1,-1,-1,-1,-1,-1,-1,-1,-1,-1,-1,-1,-1,-1,-1,-1,0,0,0,1,1,-1.0,0.0,0.0,-1.0,-1.0,-1.0,-1.0,-1.0,-1.0,-1.0,-1.0,-1.0,-1.0,-1.0,-1.0,-1.0,-1.0,-1.0,-1.0,-1.0,-1.0,-1.0,-1.0,-1.0,-1.0,-1.0,-1.0,-1.0,-1.0,-1.0,-1.0,-1.0,8.0,-9.0,0.0,1.0,302.0,,,,2018-03-15,2,2,2,1,39,-1,-1,2,1,-1,1,1,-1,97,LATIN AMERICAN,1,1,1,-1,-1,-1,1,4,-1,-1,2,6,5,97,Teach,97,Teach kids,5,-1,6,-1,1,4,-1,2,-1,4,-1,-1,1,-1,-1,-1,2,-1.0,2,-1,-1,1,1,1,1,1,2,-1,1,-1,2,0,1,0.0,-7,2,-1,-1,-1,-1,-1,-1,-1,-1,-1,-1,-1,-1,-1,1,-9,-9,-9,-9,-9,-9,-9,-9,5,-1,-1,-1,-1,5,-1,-1,-1,-9,-1,-1,-1,-1,-1,-1,-1,-1,-1,-1,1,11,621.8414,2018-03-14,4,3,3,-9,-1,-7,1,-1,60074,-1,0,-1,1,-9,2,-1,7,2,-1,-1,11,3,621.8414,-1.0,97.0,IL,USA,17.0,31.0,803017.0,0.0,0.0,42.119171,-87.998258,2006.0,37.0,-1.0,37402.0,-1,3.0,-1.0,1.0,-1.0,1.0,3.0,-1.0,,,,,,,,,,,,,,,,,,,,,,,,,,,,,,,,,,,,,,,,,,,,,,,,,,,,,,,,,,,,,,,,,,,,,,,,,,,,,,,,,
20003738,1,1,6,survey,2000008,2017-09-25 17:54:00,2017-09-25 17:55:00,34,1,16.26,505,-1,-1,2,-1.0,6,-1,-1,-1.0,-1,-1,-1,-1,1.0,27,-1,0,-1.0,-1.0,1,-1,-1,-1,-1,-1,-1,-1,-1,-1,-1,-1,-1,-1,-1,-1,-1,-1,-1,-1,-1,-1,-1,-1,-1,-1,-1,-1,-1,-1,-1,-1,-1,-1,0,0,0,1,1,-1.0,0.0,1.0,-1.0,-1.0,-1.0,-1.0,-1.0,-1.0,-1.0,-1.0,-1.0,-1.0,-1.0,-1.0,-1.0,-1.0,-1.0,-1.0,-1.0,-1.0,-1.0,-1.0,-1.0,-1.0,-1.0,-1.0,-1.0,-1.0,-1.0,-1.0,-1.0,7.0,-9.0,16.243,0.0,0.0,,,,2017-09-26,2,2,2,1,50,-1,-1,1,1,-1,1,2,-1,4,-1,1,1,1,-1,-1,-1,3,9,-1,-9,2,50,5,97,TEACH,97,TECHNOLOGY,4,-1,1,-1,3,-1,-1,-1,-1,-1,-1,-1,4,-1,-1,-1,-8,-1.0,2,-1,-1,1,1,1,1,4,1,1,4,-1,1,0,2,-9.0,-9,1,-1,2,-1,-1,-1,-1,-1,-1,-1,-1,-1,-1,-1,5,2;3,-1,2,3,-1,-1,-1,-9,1,1,-1,-1,-1,-1,-1,-1,-1,-9,6,-1,-1,-1,-1,-1,6,-1,-1,-1,1,3,94.6057,2017-09-25,2,6,3,-9,-1,11,-1,-1,-1,-1,0,-1,1,-9,1,-1,7,2,-1,-1,21,1,94.6057,-1.0,100.0,IL,USA,17.0,97.0,861202.0,0.0,0.0,42.378579,-88.05797,,,,,,,,,,,,,,,,,,,,,,,,,,,,,,,,,,,,,,,,,,,,,,,,,,,,,,,,,,,,,,,,,,,,,,,,,,,,,,,,,,,,,,,,,,,,,
30008318,1,2,1,gps,10408,2018-03-15 03:00:00,2018-03-15 06:40:48,0,221,10.43,202,-1,-9,-1,-1.0,-1,-1,2,-1.0,-1,-1,4,-1,,18,-1,18,-1,,-1,-1,-1,-1,-1,-1,-1,-1,-1,-1,-1,-1,-1,-1,-1,-1,-1,-1,-1,-1,-1,-1,-1,-1,-1,-1,-1,-1,-1,-1,-1,-1,-1,-1,-1,-1,-1,-1,-1,,,,,,,,,,,,,,,,,,,,,,,,,,,,,,,,,,,,,,-9.0,2.0,1.0,2018-03-15,2,2,2,1,39,-1,-1,2,1,-1,1,1,-1,97,LATIN AMERICAN,1,1,1,-1,-1,-1,1,4,-1,-1,2,6,5,97,Teach,97,Teach kids,5,-1,6,-1,1,4,-1,2,-1,4,-1,-1,1,-1,-1,-1,2,-1.0,2,-1,-1,1,1,1,1,1,2,-1,1,-1,2,0,1,0.0,-7,2,-1,-1,-1,-1,-1,-1,-1,-1,-1,-1,-1,-1,-1,1,-9,-9,-9,-9,-9,-9,-9,-9,5,-1,-1,-1,-1,5,-1,-1,-1,-9,-1,-1,-1,-1,-1,-1,-1,-1,-1,-1,1,11,621.8414,2018-03-14,4,3,3,-9,-1,-7,1,-1,60074,-1,0,-1,1,-9,2,-1,7,2,-1,-1,11,3,621.8414,-1.0,4.0,IL,USA,17.0,31.0,815500.0,0.0,0.0,41.825147,-87.787768,,,,,,,,,,,,,,,,,,,,,,,,,,,,,,,,,,,,,,,,,,,,,,,,,,,,,,,,,,,,,,,,,,,,,,,,,,,,,,,,,,,,,2018-03-15,5.0,0.0,0.0,1.0,1.0,0.0,0.0,0.0
70055319,2,1,4,survey,10000,2019-04-04 15:30:00,2019-04-04 18:30:00,15,180,1.261,501,-1,-1,2,-1.0,3,-1,-1,-1.0,-1,-1,-1,-1,1.0,18,-1,0,-1.0,-1.0,1,-1,-1,-1,-1,-1,-1,-1,-1,-1,-1,-1,-1,-1,-1,-1,-1,-1,-1,-1,-1,-1,-1,-1,-1,-1,-1,-1,-1,-1,-1,-1,-1,-1,0,0,0,1,1,0.0,0.0,0.0,-1.0,-1.0,-1.0,-1.0,-1.0,-1.0,-1.0,-1.0,-1.0,-1.0,-1.0,-1.0,-1.0,-1.0,-1.0,-1.0,-1.0,-1.0,-1.0,-1.0,-1.0,-1.0,-1.0,-1.0,-1.0,-1.0,-1.0,-1.0,-1.0,4.0,4.0,1.147,0.0,0.0,,,,2019-05-07,2,5,2,2,51,-1,-1,1,97,AUNT/UNCLE,2,2,-1,4,-1,1,1,1,-1,-1,-1,3,8,-1,2,2,25,3,97,Mechanic,81,-1,5,-1,6,-1,3,-1,-1,-1,-1,-1,-1,-1,2,-1,-1,-1,2,-1.0,-1,-1,-1,1,1,1,1,1,2,-1,4,-1,2,0,2,-9.0,-9,1,-1,2,-1,-1,-1,-1,-1,-1,-1,-1,-1,-1,2,-1,2,-1,2,-1,-1,-1,-1,-9,5,-1,-1,-1,-1,5,-1,-1,-1,-9,6,-1,-1,-1,-1,-1,6,-1,-1,-1,0,5,71.2012,2019-04-04,5,2,1,4,-1,5,3,-1,60707,-1,4,-1,1,0,3,-1,2,2,13,-1,10,0,71.2012,-1.0,1.0,IL,USA,17.0,31.0,838100.0,0.0,1.0,41.878667,-87.671689,,,,,,,,,,,,,-9.0,41.895909,-9.0,,,,,,-9.0,-87.667429,-9.0,,,,,,WALKING,BUS,WALKING,,,,,,-9.0,Chicago Transit Authority,-9,,,,,,-9.0,ASHLAND,-9,,,,,,-9.0,9,-9,,,,,,-9.0,ASHLAND & CHICAGO,-9,,,,,,-9.0,ASHLAND & MADISON,-9,,,,,,1.0,1.0,1.0,,,,,,,,,,,,,,
70046435,3,1,1,survey,10000,2019-02-26 03:00:00,2019-02-26 08:59:00,0,359,-1.0,-1,-1,-1,-1,-1.0,-1,-1,-1,-1.0,-1,-1,-1,-1,-1.0,1,-1,6,-1.0,-1.0,-1,-1,-1,-1,-1,-1,-1,-1,-1,-1,-1,-1,-1,-1,-1,-1,-1,-1,-1,-1,-1,-1,-1,-1,-1,-1,-1,-1,-1,-1,-1,-1,-1,-1,-1,-1,-1,-1,-1,-1.0,0.0,0.0,-1.0,-1.0,-1.0,-1.0,-1.0,-1.0,-1.0,-1.0,-1.0,-1.0,-1.0,-1.0,-1.0,-1.0,-1.0,-1.0,-1.0,-1.0,-1.0,-1.0,-1.0,-1.0,-1.0,-1.0,-1.0,-1.0,-1.0,-1.0,-1.0,1.0,-9.0,-1.0,0.0,0.0,,,,2019-02-27,2,5,1,1,21,-1,-1,2,3,-1,2,2,-1,1,-1,2,2,-1,6,-1,-1,-1,-1,-1,-1,-1,-1,-1,-1,-1,-1,-1,-1,-1,-1,-1,1,5,-1,-1,2,7,-1,-1,1,-1,-1,-1,2,-1.0,-1,-1,-1,1,-1,-1,-1,-1,-1,-1,-1,-1,-1,0,2,-9.0,-9,1,-1,2,-1,-1,-1,-1,-1,-1,-1,-1,-1,-1,2,-1,97,-1,-1,-1,97,-1,-1,She does not use real-time navigation methods,5,-1,-1,-1,-1,5,-1,-1,-1,-9,1;2;5;6,1,2,-1,-1,5,6,-1,-1,-1,0,2,316.1163,2019-02-26,3,4,3,-8,-1,7,-1,-1,-1,-1,2,-1,1,0,1,-1,9,1,1,-1,10,0,316.1163,-1.0,1.0,IL,USA,17.0,111.0,870803.0,0.0,1.0,42.297833,-88.31924,,,,,,,,,,,,,,,,,,,,,,,,,,,,,,,,,,,,,,,,,,,,,,,,,,,,,,,,,,,,,,,,,,,,,,,,,,,,,,,,,,,,,,,,,,,,,
30008318,1,1,2,survey,10003,2018-03-14 07:03:47,2018-03-14 07:07:00,25,3,13.27,202,-1,2,-1,-1.0,-1,-1,-1,-1.0,-1,-1,4,-1,1.0,26,-1,0,-1.0,-1.0,5,6,-1,-1,-1,-1,-1,6,-1,-1,-1,-1,4,-1,-1,-1,4,-1,-1,-1,-1,-1,-1,-1,3,-1,-1,-1,-1,-1,-1,-1,-1,-1,1,1,0,2,2,-1.0,0.0,0.0,-1.0,-1.0,-1.0,-1.0,-1.0,-1.0,-1.0,-1.0,-1.0,-1.0,-1.0,-1.0,-1.0,-1.0,-1.0,-1.0,-1.0,-1.0,-1.0,-1.0,-1.0,-1.0,-1.0,-1.0,-1.0,-1.0,-1.0,-1.0,-1.0,2.0,-9.0,8.664,0.0,0.0,,,,2018-03-15,2,2,2,1,39,-1,-1,2,1,-1,1,1,-1,97,LATIN AMERICAN,1,1,1,-1,-1,-1,1,4,-1,-1,2,6,5,97,Teach,97,Teach kids,5,-1,6,-1,1,4,-1,2,-1,4,-1,-1,1,-1,-1,-1,2,-1.0,2,-1,-1,1,1,1,1,1,2,-1,1,-1,2,0,1,0.0,-7,2,-1,-1,-1,-1,-1,-1,-1,-1,-1,-1,-1,-1,-1,1,-9,-9,-9,-9,-9,-9,-9,-9,5,-1,-1,-1,-1,5,-1,-1,-1,-9,-1,-1,-1,-1,-1,-1,-1,-1,-1,-1,1,11,621.8414,2018-03-14,4,3,3,-9,-1,-7,1,-1,60074,-1,0,-1,1,-9,2,-1,7,2,-1,-1,11,3,621.8414,1.0,3.0,IL,USA,17.0,31.0,803605.0,0.0,0.0,42.128043,-88.024851,2006.0,37.0,-1.0,37402.0,-1,3.0,-1.0,1.0,-1.0,1.0,3.0,-1.0,,,,,,,,,,,,,,,,,,,,,,,,,,,,,,,,,,,,,,,,,,,,,,,,,,,,,,,,,,,,,,,,,,,,,,,,,,,,,,,,,
70055319,2,1,6,survey,10000,2019-04-04 19:45:00,2019-04-05 03:00:00,20,435,1.687,501,-1,-1,2,-1.0,3,-1,-1,-1.0,-1,-1,-1,-1,5.0,17,-1,0,-1.0,-1.0,-1,-1,-1,-1,-1,-1,-1,-1,-1,-1,-1,-1,-1,-1,-1,-1,-1,-1,-1,-1,-1,-1,-1,-1,-1,-1,-1,-1,-1,-1,-1,-1,-1,-1,0,0,0,1,1,0.0,0.0,0.0,-1.0,-1.0,-1.0,-1.0,-1.0,-1.0,-1.0,-1.0,-1.0,-1.0,-1.0,-1.0,-1.0,-1.0,-1.0,-1.0,-1.0,-1.0,-1.0,-1.0,-1.0,-1.0,-1.0,-1.0,-1.0,-1.0,-1.0,-1.0,-1.0,6.0,6.0,1.706,0.0,0.0,,,,2019-05-07,2,5,2,2,51,-1,-1,1,97,AUNT/UNCLE,2,2,-1,4,-1,1,1,1,-1,-1,-1,3,8,-1,2,2,25,3,97,Mechanic,81,-1,5,-1,6,-1,3,-1,-1,-1,-1,-1,-1,-1,2,-1,-1,-1,2,-1.0,-1,-1,-1,1,1,1,1,1,2,-1,4,-1,2,0,2,-9.0,-9,1,-1,2,-1,-1,-1,-1,-1,-1,-1,-1,-1,-1,2,-1,2,-1,2,-1,-1,-1,-1,-9,5,-1,-1,-1,-1,5,-1,-1,-1,-9,6,-1,-1,-1,-1,-1,6,-1,-1,-1,0,5,71.2012,2019-04-04,5,2,1,4,-1,5,3,-1,60707,-1,4,-1,1,0,3,-1,2,2,13,-1,10,0,71.2012,-1.0,1.0,IL,USA,17.0,31.0,838100.0,0.0,1.0,41.878667,-87.671689,,,,,,,,,,,,,-9.0,41.881029,-9.0,,,,,,-9.0,-87.701205,-9.0,,,,,,WALKING,BUS,WALKING,,,,,,-9.0,Chicago Transit Authority,-9,,,,,,-9.0,MADISON,-9,,,,,,-9.0,20,-9,,,,,,-9.0,SACRAMENTO DR & MADISON,-9,,,,,,-9.0,MADISON & PAULINA,-9,,,,,,0.0,2.0,0.0,,,,,,,,,,,,,,
30008318,1,1,3,survey,10002,2018-03-14 07:45:00,2018-03-14 11:59:32,38,255,21.907,202,-1,2,-1,-1.0,-1,-1,-1,-1.0,-1,-1,1,-1,3.0,3,-1,3,-1.0,-1.0,-1,-1,-1,-1,-1,-1,-1,-1,-1,-1,-1,-1,-1,-1,-1,-1,-1,-1,-1,-1,-1,-1,-1,-1,-1,-1,-1,-1,-1,-1,-1,-1,-1,-1,0,0,0,1,1,-1.0,0.0,0.0,-1.0,-1.0,-1.0,-1.0,-1.0,-1.0,-1.0,-1.0,-1.0,-1.0,-1.0,-1.0,-1.0,-1.0,-1.0,-1.0,-1.0,-1.0,-1.0,-1.0,-1.0,-1.0,-1.0,-1.0,-1.0,-1.0,-1.0,-1.0,-1.0,3.0,-9.0,14.71,0.0,0.0,,,,2018-03-15,2,2,2,1,39,-1,-1,2,1,-1,1,1,-1,97,LATIN AMERICAN,1,1,1,-1,-1,-1,1,4,-1,-1,2,6,5,97,Teach,97,Teach kids,5,-1,6,-1,1,4,-1,2,-1,4,-1,-1,1,-1,-1,-1,2,-1.0,2,-1,-1,1,1,1,1,1,2,-1,1,-1,2,0,1,0.0,-7,2,-1,-1,-1,-1,-1,-1,-1,-1,-1,-1,-1,-1,-1,1,-9,-9,-9,-9,-9,-9,-9,-9,5,-1,-1,-1,-1,5,-1,-1,-1,-9,-1,-1,-1,-1,-1,-1,-1,-1,-1,-1,1,11,621.8414,2018-03-14,4,3,3,-9,-1,-7,1,-1,60074,-1,0,-1,1,-9,2,-1,7,2,-1,-1,11,3,621.8414,1.0,2.0,IL,USA,17.0,89.0,851400.0,0.0,0.0,42.028478,-88.267581,2006.0,37.0,-1.0,37402.0,-1,3.0,-1.0,1.0,-1.0,1.0,3.0,-1.0,,,,,,,,,,,,,,,,,,,,,,,,,,,,,,,,,,,,,,,,,,,,,,,,,,,,,,,,,,,,,,,,,,,,,,,,,,,,,,,,,
70028810,3,1,5,survey,10000,2018-11-28 17:55:00,2018-11-29 03:00:00,5,545,0.376,203,-1,2,-1,-1.0,-1,-1,-1,-1.0,-1,-1,-1,-1,4.0,1,-1,0,-1.0,-1.0,-1,-1,-1,-1,-1,-1,-1,-1,-1,-1,-1,-1,-1,-1,-1,-1,-1,-1,-1,-1,-1,-1,-1,2,-1,-1,-1,-1,-1,-1,-1,-1,-1,-1,1,1,0,2,2,-1.0,0.0,0.0,-1.0,-1.0,-1.0,-1.0,-1.0,-1.0,-1.0,-1.0,-1.0,-1.0,-1.0,-1.0,-1.0,-1.0,-1.0,-1.0,-1.0,-1.0,-1.0,-1.0,-1.0,-1.0,-1.0,-1.0,-1.0,-1.0,-1.0,-1.0,-1.0,5.0,-9.0,0.242,0.0,0.0,,,,2018-11-29,2,5,1,1,25,-1,-1,2,3,-1,2,2,-1,1,-1,1,1,1,-1,-1,-1,1,5,-1,-1,2,4,1,25,-1,61,-1,5,-1,1,-1,1,6,-1,-1,2,5,-1,-1,3,-1,-1,-1,2,-1.0,2,-1,-1,2,1,1,1,1,2,-1,4,-1,2,0,2,-9.0,-9,1,BRAIN ISSUE,2,-1,-1,-1,-1,-1,-1,-1,-1,-1,-1,1,-1,2,-1,2,-1,-1,-1,-1,-9,1,1,-1,-1,-1,-1,-1,-1,-1,-9,97,-1,-1,-1,-1,-1,-1,97,-1,-1,0,4,531.6121,2018-11-28,4,3,5,3,-1,31,-1,-1,-1,-1,1,-1,1,0,1,-1,8,2,1,-1,14,0,531.6121,-1.0,1.0,IL,USA,17.0,31.0,828300.0,0.0,1.0,41.570173,-87.611745,2010.0,23.0,-1.0,23481.0,-1,4.0,-1.0,1.0,-1.0,1.0,3.0,-1.0,,,,,,,,,,,,,,,,,,,,,,,,,,,,,,,,,,,,,,,,,,,,,,,,,,,,,,,,,,,,,,,,,,,,,,,,,,,,,,,,,
70048413,3,1,1,survey,10000,2019-02-27 03:00:00,2019-02-28 03:00:00,0,1440,-1.0,-1,-1,-1,-1,-1.0,-1,-1,-1,-1.0,-1,-1,-1,-1,-1.0,1,-1,2,-1.0,-1.0,-1,-1,-1,-1,-1,-1,-1,-1,-1,-1,-1,-1,-1,-1,-1,-1,-1,-1,-1,-1,-1,-1,-1,-1,-1,-1,-1,-1,-1,-1,-1,-1,-1,-1,-1,-1,-1,-1,-1,-1.0,0.0,0.0,-1.0,-1.0,-1.0,-1.0,-1.0,-1.0,-1.0,-1.0,-1.0,-1.0,-1.0,-1.0,-1.0,-1.0,-1.0,-1.0,-1.0,-1.0,-1.0,-1.0,-1.0,-1.0,-1.0,-1.0,-1.0,-1.0,-1.0,-1.0,-1.0,1.0,-9.0,-1.0,0.0,0.0,,,,2019-02-28,2,5,2,3,55,-1,-1,1,4,-1,1,2,-1,1,-1,1,1,1,-1,-1,-1,2,18,-1,-1,2,40,-1,97,Self,81,-1,5,-1,1,-1,3,-1,-1,-1,-1,-1,-1,-1,1,-1,-1,-1,-1,-1.0,-1,1,-1,2,1,1,1,1,2,-1,4,-1,1,0,2,-9.0,-9,1,-1,1,5,-1,1;2;4,1,2,-1,4,-1,-1,-1,2,-1,2,-1,2,-1,-1,-1,-1,-9,5,-1,-1,-1,-1,5,-1,-1,-1,-9,-8,-1,-1,-1,-1,-1,-1,-1,-1,-8,0,0,538.0813,2019-02-27,4,4,4,3,-1,18,-1,-1,-1,-1,1,-1,2,0,1,-1,3,1,1,-1,8,0,538.0813,-1.0,1.0,IL,USA,17.0,197.0,883511.0,0.0,1.0,41.525308,-87.799664,,,,,,,,,,,,,,,,,,,,,,,,,,,,,,,,,,,,,,,,,,,,,,,,,,,,,,,,,,,,,,,,,,,,,,,,,,,,,,,,,,,,,,,,,,,,,
30008318,1,2,6,gps,10408,2018-03-15 16:54:00,2018-03-16 03:00:00,12,606,3.57,202,-1,-9,-1,-1.0,-1,-1,2,-1.0,-1,-1,1,-1,,18,-1,0,-1,,-1,-1,-1,-1,-1,-1,-1,-1,-1,-1,-1,-1,-1,-1,-1,-1,-1,-1,-1,-1,-1,-1,-1,-1,-1,-1,-1,-1,-1,-1,-1,-1,-1,-1,-1,-9,-9,-9,0,,,,,,,,,,,,,,,,,,,,,,,,,,,,,,,,,,,,,,1.0,4.0,2.0,2018-03-15,2,2,2,1,39,-1,-1,2,1,-1,1,1,-1,97,LATIN AMERICAN,1,1,1,-1,-1,-1,1,4,-1,-1,2,6,5,97,Teach,97,Teach kids,5,-1,6,-1,1,4,-1,2,-1,4,-1,-1,1,-1,-1,-1,2,-1.0,2,-1,-1,1,1,1,1,1,2,-1,1,-1,2,0,1,0.0,-7,2,-1,-1,-1,-1,-1,-1,-1,-1,-1,-1,-1,-1,-1,1,-9,-9,-9,-9,-9,-9,-9,-9,5,-1,-1,-1,-1,5,-1,-1,-1,-9,-1,-1,-1,-1,-1,-1,-1,-1,-1,-1,1,11,621.8414,2018-03-14,4,3,3,-9,-1,-7,1,-1,60074,-1,0,-1,1,-9,2,-1,7,2,-1,-1,11,3,621.8414,-1.0,4.0,IL,USA,17.0,31.0,815500.0,0.0,0.0,41.825147,-87.787768,,,,,,,,,,,,,,,,,,,,,,,,,,,,,,,,,,,,,,,,,,,,,,,,,,,,,,,,,,,,,,,,,,,,,,,,,,,,,,,,,,,,,2018-03-15,5.0,0.0,0.0,1.0,1.0,0.0,0.0,0.0
30008318,1,1,9,survey,2000014,2018-03-14 18:28:20,2018-03-14 18:33:20,21,5,0.002,202,-1,2,-1,-1.0,-1,-1,-1,-1.0,-1,-1,1,-1,3.0,16,-1,0,-1.0,-1.0,-1,-1,-1,-1,-1,-1,-1,-1,-1,-1,-1,-1,-1,-1,-1,-1,-1,-1,-1,-1,-1,-1,-1,-1,-1,-1,-1,-1,-1,-1,-1,-1,-1,-1,0,0,0,1,1,-1.0,0.0,0.0,-1.0,-1.0,-1.0,-1.0,-1.0,-1.0,-1.0,-1.0,-1.0,-1.0,-1.0,-1.0,-1.0,-1.0,-1.0,-1.0,-1.0,-1.0,-1.0,-1.0,-1.0,-1.0,-1.0,-1.0,-1.0,-1.0,-1.0,-1.0,-1.0,9.0,-9.0,0.0,1.0,302.0,,,,2018-03-15,2,2,2,1,39,-1,-1,2,1,-1,1,1,-1,97,LATIN AMERICAN,1,1,1,-1,-1,-1,1,4,-1,-1,2,6,5,97,Teach,97,Teach kids,5,-1,6,-1,1,4,-1,2,-1,4,-1,-1,1,-1,-1,-1,2,-1.0,2,-1,-1,1,1,1,1,1,2,-1,1,-1,2,0,1,0.0,-7,2,-1,-1,-1,-1,-1,-1,-1,-1,-1,-1,-1,-1,-1,1,-9,-9,-9,-9,-9,-9,-9,-9,5,-1,-1,-1,-1,5,-1,-1,-1,-9,-1,-1,-1,-1,-1,-1,-1,-1,-1,-1,1,11,621.8414,2018-03-14,4,3,3,-9,-1,-7,1,-1,60074,-1,0,-1,1,-9,2,-1,7,2,-1,-1,11,3,621.8414,-1.0,97.0,IL,USA,17.0,31.0,803017.0,0.0,0.0,42.119171,-87.998258,2006.0,37.0,-1.0,37402.0,-1,3.0,-1.0,1.0,-1.0,1.0,3.0,-1.0,,,,,,,,,,,,,,,,,,,,,,,,,,,,,,,,,,,,,,,,,,,,,,,,,,,,,,,,,,,,,,,,,,,,,,,,,,,,,,,,,
70026692,3,1,1,survey,10000,2018-11-07 03:00:00,2018-11-08 03:00:00,0,1440,-1.0,-1,-1,-1,-1,-1.0,-1,-1,-1,-1.0,-1,-1,-1,-1,-1.0,1,-1,0,-1.0,-1.0,-1,-1,-1,-1,-1,-1,-1,-1,-1,-1,-1,-1,-1,-1,-1,-1,-1,-1,-1,-1,-1,-1,-1,-1,-1,-1,-1,-1,-1,-1,-1,-1,-1,-1,-1,-1,-1,-1,-1,-1.0,0.0,0.0,-1.0,-1.0,-1.0,-1.0,-1.0,-1.0,-1.0,-1.0,-1.0,-1.0,-1.0,-1.0,-1.0,-1.0,-1.0,-1.0,-1.0,-1.0,-1.0,-1.0,-1.0,-1.0,-1.0,-1.0,-1.0,-1.0,-1.0,-1.0,-1.0,1.0,-9.0,-1.0,0.0,0.0,,,,2018-11-08,2,5,2,3,91,-1,-1,2,4,-1,1,2,-1,2,-1,1,2,-1,7,-1,-1,-1,-1,-1,-1,-1,-1,-1,-1,-1,-1,-1,-1,-1,-1,-1,3,-1,-1,-1,-1,-1,-1,-1,1,-1,-1,-1,-1,-1.0,-1,1,-1,1,-1,-1,-1,-1,-1,-1,-1,-1,-1,0,2,-9.0,-9,1,Some dementia,1,4,-1,5,-1,-1,-1,-1,5,-1,-1,2,-1,97,-1,-1,-1,97,-1,-1,Person to person,5,-1,-1,-1,-1,5,-1,-1,-1,-9,5;97,-1,-1,-1,-1,5,-1,97,-1,-1,0,0,339.1873,2018-11-07,4,3,3,2,-1,30,-1,-1,-1,-1,1,-1,1,0,1,-1,9,2,7,-1,9,0,339.1873,-1.0,1.0,IL,USA,17.0,197.0,883603.0,0.0,1.0,41.458166,-87.69015,,,,,,,,,,,,,,,,,,,,,,,,,,,,,,,,,,,,,,,,,,,,,,,,,,,,,,,,,,,,,,,,,,,,,,,,,,,,,,,,,,,,,,,,,,,,,
20003738,1,2,4,gps,2000009,2017-09-26 17:11:00,2017-09-26 17:12:00,669,1,0.23,601,-1,-1,-1,-1.0,-1,-1,-1,-1.0,-1,-1,-1,-1,,27,-1,0,-1,,2,-1,-1,-1,-1,-1,-1,-1,-1,-1,-1,-1,-1,-1,-1,-1,-1,-1,-1,-1,-1,-1,-1,-1,-1,-1,-1,-1,-1,-1,-1,-1,-1,-1,-1,-9,-9,-9,0,,,,,,,,,,,,,,,,,,,,,,,,,,,,,,,,,,,,,,-9.0,6.0,2.0,2017-09-26,2,2,2,1,50,-1,-1,1,1,-1,1,2,-1,4,-1,1,1,1,-1,-1,-1,3,9,-1,-9,2,50,5,97,TEACH,97,TECHNOLOGY,4,-1,1,-1,3,-1,-1,-1,-1,-1,-1,-1,4,-1,-1,-1,-8,-1.0,2,-1,-1,1,1,1,1,4,1,1,4,-1,1,0,2,-9.0,-9,1,-1,2,-1,-1,-1,-1,-1,-1,-1,-1,-1,-1,-1,5,2;3,-1,2,3,-1,-1,-1,-9,1,1,-1,-1,-1,-1,-1,-1,-1,-9,6,-1,-1,-1,-1,-1,6,-1,-1,-1,1,3,94.6057,2017-09-25,2,6,3,-9,-1,11,-1,-1,-1,-1,0,-1,1,-9,1,-1,7,2,-1,-1,21,1,94.6057,-1.0,100.0,IL,USA,17.0,97.0,864520.0,0.0,0.0,42.174413,-87.950493,,,,,,,,,,,,,-9.0,42.385121,-9.0,,,,,,-9.0,-88.065404,-9.0,,,,,,WALKING,HEAVY_RAIL,PRIVATE SHUTTLE OR SOMETHING ELSE,,,,,,-9.0,Metra,-9,,,,,,-9.0,NORTH CENTRAL SERVICE,-9,,,,,,-9.0,100,-9,,,,,,-9.0,ROUND LAKE BEACH,-9,,,,,,-9.0,BUFFALO GROVE,-9,,,,,,0.0,2.0,0.0,,,,,,2017-09-26,6.0,0.0,0.0,-9.0,-9.0,0.0,0.0,1.0
70031928,3,1,1,survey,10000,2018-11-30 03:00:00,2018-12-01 03:00:00,0,1440,-1.0,-1,-1,-1,-1,-1.0,-1,-1,-1,-1.0,-1,-1,-1,-1,-1.0,1,-1,0,-1.0,-1.0,-1,-1,-1,-1,-1,-1,-1,-1,-1,-1,-1,-1,-1,-1,-1,-1,-1,-1,-1,-1,-1,-1,-1,-1,-1,-1,-1,-1,-1,-1,-1,-1,-1,-1,-1,-1,-1,-1,-1,-1.0,0.0,0.0,-1.0,-1.0,-1.0,-1.0,-1.0,-1.0,-1.0,-1.0,-1.0,-1.0,-1.0,-1.0,-1.0,-1.0,-1.0,-1.0,-1.0,-1.0,-1.0,-1.0,-1.0,-1.0,-1.0,-1.0,-1.0,-1.0,-1.0,-1.0,-1.0,1.0,-9.0,-1.0,0.0,0.0,,,,2018-12-01,2,5,2,3,85,-1,-1,2,4,-1,2,2,-1,1,-1,2,2,-1,7,-1,-1,-1,-1,-1,-1,-1,-1,-1,-1,-1,-1,-1,-1,-1,-1,-1,3,-1,-1,-1,-1,-1,-1,-1,1,-1,-1,-1,-1,-1.0,-1,1,-1,1,-1,-1,-1,-1,-1,-1,-1,-1,-1,-7,-7,-9.0,-9,1,Age related mental illness,1,4,-1,5,-1,-1,-1,-1,5,-1,-1,2,-1,97,-1,-1,-1,97,-1,-1,Family,-7,-1,-1,-1,-1,-1,-1,-7,-1,-9,2;97,-1,2,-1,-1,-1,-1,97,-1,-1,0,0,513.2001,2018-11-30,6,4,5,1,-1,35,-1,-1,-1,-1,2,-1,1,0,1,-1,9,1,7,-1,6,0,513.2001,-1.0,1.0,IL,USA,17.0,31.0,807600.0,0.0,1.0,42.021442,-87.722458,,,,,,,,,,,,,,,,,,,,,,,,,,,,,,,,,,,,,,,,,,,,,,,,,,,,,,,,,,,,,,,,,,,,,,,,,,,,,,,,,,,,,,,,,,,,,
30008318,1,2,5,gps,2000021,2018-03-15 16:41:44,2018-03-15 16:42:00,2,0,3.0,202,-1,-9,-1,-1.0,-1,-1,2,-1.0,-1,-1,1,-1,,10,-1,0,-1,,-1,-1,-1,-1,-1,-1,-1,-1,-1,-1,-1,-1,-1,-1,-1,-1,-1,-1,-1,-1,-1,-1,-1,-1,-1,-1,-1,-1,-1,-1,-1,-1,-1,-1,-1,-9,-9,-9,0,,,,,,,,,,,,,,,,,,,,,,,,,,,,,,,,,,,,,,1.0,7.0,1.0,2018-03-15,2,2,2,1,39,-1,-1,2,1,-1,1,1,-1,97,LATIN AMERICAN,1,1,1,-1,-1,-1,1,4,-1,-1,2,6,5,97,Teach,97,Teach kids,5,-1,6,-1,1,4,-1,2,-1,4,-1,-1,1,-1,-1,-1,2,-1.0,2,-1,-1,1,1,1,1,1,2,-1,1,-1,2,0,1,0.0,-7,2,-1,-1,-1,-1,-1,-1,-1,-1,-1,-1,-1,-1,-1,1,-9,-9,-9,-9,-9,-9,-9,-9,5,-1,-1,-1,-1,5,-1,-1,-1,-9,-1,-1,-1,-1,-1,-1,-1,-1,-1,-1,1,11,621.8414,2018-03-14,4,3,3,-9,-1,-7,1,-1,60074,-1,0,-1,1,-9,2,-1,7,2,-1,-1,11,3,621.8414,-1.0,100.0,IL,USA,17.0,31.0,817900.0,0.0,0.0,41.858781,-87.845006,,,,,,,,,,,,,,,,,,,,,,,,,,,,,,,,,,,,,,,,,,,,,,,,,,,,,,,,,,,,,,,,,,,,,,,,,,,,,,,,,,,,,2018-03-15,5.0,0.0,0.0,1.0,1.0,0.0,0.0,0.0
30008318,1,5,1,gps,10408,2018-03-18 03:00:00,2018-03-19 03:00:00,0,1440,0.0,202,-1,-9,-1,-1.0,-1,-1,2,-1.0,-1,-1,1,-1,,18,-1,0,-1,,-1,-1,-1,-1,-1,-1,-1,-1,-1,-1,-1,-1,-1,-1,-1,-1,-1,-1,-1,-1,-1,-1,-1,-1,-1,-1,-1,-1,-1,-1,-1,-1,-1,-1,-1,-1,-1,-1,-1,,,,,,,,,,,,,,,,,,,,,,,,,,,,,,,,,,,,,,-9.0,1.0,2.0,2018-03-15,2,2,2,1,39,-1,-1,2,1,-1,1,1,-1,97,LATIN AMERICAN,1,1,1,-1,-1,-1,1,4,-1,-1,2,6,5,97,Teach,97,Teach kids,5,-1,6,-1,1,4,-1,2,-1,4,-1,-1,1,-1,-1,-1,2,-1.0,2,-1,-1,1,1,1,1,1,2,-1,1,-1,2,0,1,0.0,-7,2,-1,-1,-1,-1,-1,-1,-1,-1,-1,-1,-1,-1,-1,1,-9,-9,-9,-9,-9,-9,-9,-9,5,-1,-1,-1,-1,5,-1,-1,-1,-9,-1,-1,-1,-1,-1,-1,-1,-1,-1,-1,1,11,621.8414,2018-03-14,4,3,3,-9,-1,-7,1,-1,60074,-1,0,-1,1,-9,2,-1,7,2,-1,-1,11,3,621.8414,-1.0,4.0,IL,USA,17.0,31.0,815500.0,0.0,0.0,41.825147,-87.787768,,,,,,,,,,,,,,,,,,,,,,,,,,,,,,,,,,,,,,,,,,,,,,,,,,,,,,,,,,,,,,,,,,,,,,,,,,,,,,,,,,,,,2018-03-18,0.0,0.0,0.0,-9.0,-9.0,0.0,0.0,0.0
20003738,1,4,3,gps,2000023,2017-09-28 06:06:00,2017-09-28 06:07:00,35,1,16.19,505,-1,-1,1,-1.0,6,-1,-1,-1.0,-1,-1,-1,-1,,27,-1,0,-1,,1,-1,-1,-1,-1,-1,-1,-1,-1,-1,-1,-1,-1,-1,-1,-1,-1,-1,-1,-1,-1,-1,-1,-1,-1,-1,-1,-1,-1,-1,-1,-1,-1,-1,-1,-9,-9,-9,0,,,,,,,,,,,,,,,,,,,,,,,,,,,,,,,,,,,,,,1.0,4.0,1.0,2017-09-26,2,2,2,1,50,-1,-1,1,1,-1,1,2,-1,4,-1,1,1,1,-1,-1,-1,3,9,-1,-9,2,50,5,97,TEACH,97,TECHNOLOGY,4,-1,1,-1,3,-1,-1,-1,-1,-1,-1,-1,4,-1,-1,-1,-8,-1.0,2,-1,-1,1,1,1,1,4,1,1,4,-1,1,0,2,-9.0,-9,1,-1,2,-1,-1,-1,-1,-1,-1,-1,-1,-1,-1,-1,5,2;3,-1,2,3,-1,-1,-1,-9,1,1,-1,-1,-1,-1,-1,-1,-1,-9,6,-1,-1,-1,-1,-1,6,-1,-1,-1,1,3,94.6057,2017-09-25,2,6,3,-9,-1,11,-1,-1,-1,-1,0,-1,1,-9,1,-1,7,2,-1,-1,21,1,94.6057,-1.0,100.0,IL,USA,17.0,97.0,864520.0,0.0,0.0,42.174413,-87.950493,,,,,,,,,,,,,,,,,,,,,,,,,,,,,,,,,,,,,,,,,,,,,,,,,,,,,,,,,,,,,,,,,,,,,,,,,,,,,,,,,,,,,2017-09-28,7.0,0.0,0.0,1.0,1.0,0.0,1.0,1.0
70040477,1,7,2,gps,3000003,2019-02-03 08:47:54,2019-02-03 09:41:38,20,54,7.52,504,-1,-1,2,3.25,2,-1,-1,-1.0,-1,-1,-1,-1,,18,-1,26,-1,,-1,-1,-1,-1,-1,-1,-1,-1,-1,-1,-1,-1,-1,-1,-1,-1,-1,-1,-1,-1,-1,-1,-1,2,-1,-1,-1,-1,-1,-1,-1,-1,-1,-1,0,1,-1,0,1,,,,,,,,,,,,,,,,,,,,,,,,,,,,,,,,,,,,,,1.0,5.0,1.0,2019-02-02,1,1,2,1,40,-1,-1,2,1,-1,2,2,-1,6,-1,1,2,-1,7,-1,-1,-1,-1,-1,-1,-1,-1,-1,-1,-1,-1,-1,-1,-1,-1,-1,3,-1,-1,-1,-1,-1,-1,-1,2,-1,-1,-1,1,-1.0,-1,-1,-1,1,-1,-1,-1,-1,-1,-1,-1,-1,-1,2,1,10.0,2,1,-1,1,-1,-1,-1,-1,-1,-1,-1,-1,-1,-1,1,-1,1;2;3,1,2,3,-1,-1,-1,-9,2;3;97,-1,2,3,-1,-1,97,-1,-1,When the bus or train is coming real time informat,1;2;3;5;6,1,2,3,-1,5,6,-1,-1,-1,0,2,902.7029,2019-01-28,2,2,0,97,All the above,1,3,-1,-9,-1,3,-1,1,0,3,-1,2,2,7,-1,4,0,902.7029,-1.0,100.0,IL,USA,17.0,31.0,804603.0,0.0,0.0,42.054349,-88.054009,,,,,,,,,,,,,-9.0,42.040942,41.91626,41.877556,-9.0,,,,-9.0,-87.886565,-87.667972,-87.666893,-9.0,,,,WALKING,HEAVY_RAIL,BUS,BUS,WALKING,,,,-9.0,Metra,Chicago Transit Authority,Chicago Transit Authority,-9,,,,-9.0,UNION PACIFIC NORTHWEST,ASHLAND EXPRESS,JACKSON,-9,,,,-9.0,UP-NW,X9,126,-9,,,,-9.0,DES PLAINES,ASHLAND & CORTLAND,JACKSON & ASHLAND,-9,,,,-9.0,CLYBOURN STATION,ASHLAND & JACKSON,JACKSON & FRANKLIN,-9,,,,1.0,1.0,1.0,1.0,1.0,,,,2019-02-03,4.0,0.0,1.0,1.0,1.0,0.0,1.0,1.0
30008318,1,4,1,gps,10408,2018-03-17 03:00:00,2018-03-18 03:00:00,0,1440,0.0,202,-1,-9,-1,-1.0,-1,-1,2,-1.0,-1,-1,1,-1,,18,-1,0,-1,,-1,-1,-1,-1,-1,-1,-1,-1,-1,-1,-1,-1,-1,-1,-1,-1,-1,-1,-1,-1,-1,-1,-1,-1,-1,-1,-1,-1,-1,-1,-1,-1,-1,-1,-1,-1,-1,-1,-1,,,,,,,,,,,,,,,,,,,,,,,,,,,,,,,,,,,,,,-9.0,1.0,2.0,2018-03-15,2,2,2,1,39,-1,-1,2,1,-1,1,1,-1,97,LATIN AMERICAN,1,1,1,-1,-1,-1,1,4,-1,-1,2,6,5,97,Teach,97,Teach kids,5,-1,6,-1,1,4,-1,2,-1,4,-1,-1,1,-1,-1,-1,2,-1.0,2,-1,-1,1,1,1,1,1,2,-1,1,-1,2,0,1,0.0,-7,2,-1,-1,-1,-1,-1,-1,-1,-1,-1,-1,-1,-1,-1,1,-9,-9,-9,-9,-9,-9,-9,-9,5,-1,-1,-1,-1,5,-1,-1,-1,-9,-1,-1,-1,-1,-1,-1,-1,-1,-1,-1,1,11,621.8414,2018-03-14,4,3,3,-9,-1,-7,1,-1,60074,-1,0,-1,1,-9,2,-1,7,2,-1,-1,11,3,621.8414,-1.0,4.0,IL,USA,17.0,31.0,815500.0,0.0,0.0,41.825147,-87.787768,,,,,,,,,,,,,,,,,,,,,,,,,,,,,,,,,,,,,,,,,,,,,,,,,,,,,,,,,,,,,,,,,,,,,,,,,,,,,,,,,,,,,2018-03-17,0.0,0.0,0.0,-9.0,-9.0,0.0,0.0,0.0
30008318,1,6,2,gps,2000035,2018-03-19 14:37:24,2018-03-19 14:37:24,200,0,27.53,-9,-1,-1,-1,-1.0,-1,-1,-1,-1.0,-1,-1,-1,-1,,-9,-1,-9,-1,,-1,-1,-1,-1,-1,-1,-1,-1,-1,-1,-1,-1,-1,-1,-1,-1,-1,-1,-1,-1,-1,-1,-1,-1,-1,-1,-1,-1,-1,-1,-1,-1,-1,-1,-9,-9,-9,-9,-9,,,,,,,,,,,,,,,,,,,,,,,,,,,,,,,,,,,,,,-9.0,1.0,1.0,2018-03-15,2,2,2,1,39,-1,-1,2,1,-1,1,1,-1,97,LATIN AMERICAN,1,1,1,-1,-1,-1,1,4,-1,-1,2,6,5,97,Teach,97,Teach kids,5,-1,6,-1,1,4,-1,2,-1,4,-1,-1,1,-1,-1,-1,2,-1.0,2,-1,-1,1,1,1,1,1,2,-1,1,-1,2,0,1,0.0,-7,2,-1,-1,-1,-1,-1,-1,-1,-1,-1,-1,-1,-1,-1,1,-9,-9,-9,-9,-9,-9,-9,-9,5,-1,-1,-1,-1,5,-1,-1,-1,-9,-1,-1,-1,-1,-1,-1,-1,-1,-1,-1,1,11,621.8414,2018-03-14,4,3,3,-9,-1,-7,1,-1,60074,-1,0,-1,1,-9,2,-1,7,2,-1,-1,11,3,621.8414,-1.0,100.0,IL,USA,17.0,31.0,804406.0,0.0,0.0,42.017477,-88.25618,,,,,,,,,,,,,,,,,,,,,,,,,,,,,,,,,,,,,,,,,,,,,,,,,,,,,,,,,,,,,,,,,,,,,,,,,,,,,,,,,,,,,2018-03-19,1.0,0.0,1.0,-9.0,1.0,0.0,0.0,0.0
20003738,1,4,6,gps,10409,2017-09-28 17:58:00,2017-09-28 17:59:00,49,1,16.06,505,-1,-1,1,-1.0,6,-1,-1,-1.0,-1,-1,-1,-1,,27,-1,0,-1,,1,-1,-1,-1,-1,-1,-1,-1,-1,-1,-1,-1,-1,-1,-1,-1,-1,-1,-1,-1,-1,-1,-1,-1,-1,-1,-1,-1,-1,-1,-1,-1,-1,-1,-1,-9,-9,-9,0,,,,,,,,,,,,,,,,,,,,,,,,,,,,,,,,,,,,,,-9.0,5.0,2.0,2017-09-26,2,2,2,1,50,-1,-1,1,1,-1,1,2,-1,4,-1,1,1,1,-1,-1,-1,3,9,-1,-9,2,50,5,97,TEACH,97,TECHNOLOGY,4,-1,1,-1,3,-1,-1,-1,-1,-1,-1,-1,4,-1,-1,-1,-8,-1.0,2,-1,-1,1,1,1,1,4,1,1,4,-1,1,0,2,-9.0,-9,1,-1,2,-1,-1,-1,-1,-1,-1,-1,-1,-1,-1,-1,5,2;3,-1,2,3,-1,-1,-1,-9,1,1,-1,-1,-1,-1,-1,-1,-1,-9,6,-1,-1,-1,-1,-1,6,-1,-1,-1,1,3,94.6057,2017-09-25,2,6,3,-9,-1,11,-1,-1,-1,-1,0,-1,1,-9,1,-1,7,2,-1,-1,21,1,94.6057,-1.0,4.0,IL,USA,17.0,97.0,861202.0,0.0,0.0,42.378579,-88.05797,,,,,,,,,,,,,,,,,,,,,,,,,,,,,,,,,,,,,,,,,,,,,,,,,,,,,,,,,,,,,,,,,,,,,,,,,,,,,,,,,,,,,2017-09-28,7.0,0.0,0.0,1.0,1.0,0.0,1.0,1.0
70003420,4,1,3,survey,10000,2018-09-11 13:45:00,2018-09-11 15:09:00,30,84,8.264,504,-1,-1,2,3.25,1,-1,-1,-1.0,-1,-1,-1,-1,2.0,1,-1,0,-1.0,-1.0,-1,-1,-1,-1,-1,-1,-1,-1,-1,-1,-1,-1,-1,-1,-1,-1,-1,-1,-1,-1,-1,-1,-1,-1,-1,-1,-1,-1,-1,-1,-1,-1,-1,-1,0,0,0,1,1,-1.0,0.0,0.0,-1.0,-1.0,-1.0,-1.0,-1.0,-1.0,-1.0,-1.0,-1.0,-1.0,-1.0,-1.0,-1.0,-1.0,-1.0,-1.0,-1.0,-1.0,-1.0,-1.0,-1.0,-1.0,-1.0,-1.0,-1.0,-1.0,-1.0,-1.0,-1.0,3.0,-9.0,5.181,0.0,0.0,,,,2018-09-12,2,5,1,2,25,-1,-1,1,3,-1,2,2,-1,1,-1,2,1,1,-1,-1,-1,1,13,-1,-1,2,14,4,25,-1,51,-1,5,-1,1,-1,3,-1,-1,-1,-1,-1,-1,-1,2,-1,-1,-1,2,-1.0,2,-1,-1,1,-9,-9,-9,-9,-9,-1,-9,-1,-9,-9,-9,-9.0,-9,1,Autism spectrum,1,-1,-1,-1,-1,-1,-1,-1,-1,-1,-1,-9,-1,1,1,-1,-1,-1,-1,-1,-9,-9,-9,-9,-9,-9,-9,-9,-9,-9,-9,97,-1,-1,-1,-1,-1,-1,97,-1,-1,0,4,440.8535,2018-09-11,3,4,3,1,-1,26,-1,-1,-1,-1,1,-1,2,0,1,-1,10,2,8,-1,13,0,440.8535,-1.0,1.0,IL,USA,17.0,43.0,846310.0,0.0,1.0,41.743942,-88.046038,,,,,,,,,,,,,,,,,,,,,,,,,,,,,,,,,,,,,,,,,,,,,,,,,,,,,,,,,,,,,,,,,,,,,,,,,,,,,,,,,,,,,,,,,,,,,
70003420,4,1,2,survey,40002,2018-09-11 10:00:00,2018-09-11 13:15:00,30,195,8.394,504,-1,-1,2,3.25,1,-1,-1,-1.0,-1,-1,-1,-1,2.0,3,-1,0,-1.0,-1.0,-1,-1,-1,-1,-1,-1,-1,-1,-1,-1,-1,-1,-1,-1,-1,-1,-1,-1,-1,-1,-1,-1,-1,-1,-1,-1,-1,-1,-1,-1,-1,-1,-1,-1,0,0,0,1,1,-1.0,0.0,0.0,-1.0,-1.0,-1.0,-1.0,-1.0,-1.0,-1.0,-1.0,-1.0,-1.0,-1.0,-1.0,-1.0,-1.0,-1.0,-1.0,-1.0,-1.0,-1.0,-1.0,-1.0,-1.0,-1.0,-1.0,-1.0,-1.0,-1.0,-1.0,-1.0,2.0,-9.0,5.181,0.0,0.0,,,,2018-09-12,2,5,1,2,25,-1,-1,1,3,-1,2,2,-1,1,-1,2,1,1,-1,-1,-1,1,13,-1,-1,2,14,4,25,-1,51,-1,5,-1,1,-1,3,-1,-1,-1,-1,-1,-1,-1,2,-1,-1,-1,2,-1.0,2,-1,-1,1,-9,-9,-9,-9,-9,-1,-9,-1,-9,-9,-9,-9.0,-9,1,Autism spectrum,1,-1,-1,-1,-1,-1,-1,-1,-1,-1,-1,-9,-1,1,1,-1,-1,-1,-1,-1,-9,-9,-9,-9,-9,-9,-9,-9,-9,-9,-9,97,-1,-1,-1,-1,-1,-1,97,-1,-1,0,4,440.8535,2018-09-11,3,4,3,1,-1,26,-1,-1,-1,-1,1,-1,2,0,1,-1,10,2,8,-1,13,0,440.8535,4.0,2.0,IL,USA,17.0,43.0,844701.0,0.0,0.0,41.808274,-87.98002,,,,,,,,,,,,,,,,,,,,,,,,,,,,,,,,,,,,,,,,,,,,,,,,,,,,,,,,,,,,,,,,,,,,,,,,,,,,,,,,,,,,,,,,,,,,,
70100910,1,1,8,survey,10000,2019-02-06 17:30:00,2019-02-07 03:00:00,30,570,2.646,501,-1,-1,2,-1.0,8,-1,-1,-1.0,-1,-1,-1,-1,4.0,1,-1,0,-1.0,-1.0,-1,-1,-1,-1,-1,-1,-1,-1,-1,-1,-1,-1,-1,-1,-1,-1,-1,-1,-1,-1,-1,-1,-1,-1,-1,-1,-1,-1,-1,-1,-1,-1,-1,-1,0,0,0,1,1,0.0,0.0,0.0,-1.0,-1.0,-1.0,-1.0,-1.0,-1.0,-1.0,-1.0,-1.0,-1.0,-1.0,-1.0,-1.0,-1.0,-1.0,-1.0,-1.0,-1.0,-1.0,-1.0,-1.0,-1.0,-1.0,-1.0,-1.0,-1.0,-1.0,-1.0,-1.0,8.0,8.0,2.463,0.0,0.0,,,,2019-02-07,3,7,2,1,68,-1,-1,2,1,-1,2,1,-1,6,-1,2,2,-1,7,-1,-1,-1,-1,-1,-1,-1,-1,-1,-1,-1,-1,-1,-1,-1,-1,-1,3,-1,-1,-1,-1,-1,-1,-1,4,-1,-1,-1,2,-1.0,-1,-1,-1,1,-1,-1,-1,-1,-1,-1,-1,-1,-1,-9,-9,-9.0,-9,1,memory issues/back,1,-1,-1,-1,-1,-1,-1,-1,-1,-1,-1,-9,-1,97,-1,-1,-1,97,-1,-1,television,-9,-9,-9,-9,-9,-9,-9,-9,-9,-9,3;6;97,-1,-1,3,-1,-1,6,97,-1,-1,1,7,650.4941,2019-02-06,4,1,0,2,-1,1,3,-1,60623,-1,3,-1,1,0,3,-1,1,2,97,word of mouth,7,0,650.4941,-1.0,1.0,IL,USA,17.0,31.0,160400.0,0.0,1.0,41.957366,-87.722824,,,,,,,,,,,,,-9.0,41.960415,-9.0,,,,,,-9.0,-87.766876,-9.0,,,,,,WALKING,BUS,WALKING,,,,,,-9.0,Chicago Transit Authority,-9,,,,,,-9.0,MONTROSE,-9,,,,,,-9.0,78,-9,,,,,,-9.0,MONTROSE & CENTRAL,-9,,,,,,-9.0,MONTROSE & LAWNDALE,-9,,,,,,0.0,0.0,0.0,,,,,,,,,,,,,,
30008318,1,2,2,gps,10002,2018-03-15 07:45:24,2018-03-15 14:38:55,65,414,28.61,202,-1,-9,-1,-1.0,-1,-1,2,-1.0,-1,-1,1,-1,,3,-1,3,-1,,-1,-1,-1,-1,-1,-1,-1,-1,-1,-1,-1,-1,-1,-1,-1,-1,-1,-1,-1,-1,-1,-1,-1,-1,-1,-1,-1,-1,-1,-1,-1,-1,-1,-1,-1,-9,-9,-9,0,,,,,,,,,,,,,,,,,,,,,,,,,,,,,,,,,,,,,,1.0,2.0,1.0,2018-03-15,2,2,2,1,39,-1,-1,2,1,-1,1,1,-1,97,LATIN AMERICAN,1,1,1,-1,-1,-1,1,4,-1,-1,2,6,5,97,Teach,97,Teach kids,5,-1,6,-1,1,4,-1,2,-1,4,-1,-1,1,-1,-1,-1,2,-1.0,2,-1,-1,1,1,1,1,1,2,-1,1,-1,2,0,1,0.0,-7,2,-1,-1,-1,-1,-1,-1,-1,-1,-1,-1,-1,-1,-1,1,-9,-9,-9,-9,-9,-9,-9,-9,5,-1,-1,-1,-1,5,-1,-1,-1,-9,-1,-1,-1,-1,-1,-1,-1,-1,-1,-1,1,11,621.8414,2018-03-14,4,3,3,-9,-1,-7,1,-1,60074,-1,0,-1,1,-9,2,-1,7,2,-1,-1,11,3,621.8414,1.0,2.0,IL,USA,17.0,89.0,851400.0,0.0,0.0,42.028478,-88.267581,,,,,,,,,,,,,,,,,,,,,,,,,,,,,,,,,,,,,,,,,,,,,,,,,,,,,,,,,,,,,,,,,,,,,,,,,,,,,,,,,,,,,2018-03-15,5.0,0.0,0.0,1.0,1.0,0.0,0.0,0.0
20003738,1,7,6,gps,10405,2017-10-01 17:46:38,2017-10-01 19:40:06,3,113,3.37,202,-1,-9,-1,-1.0,-1,-1,-9,-1.0,-1,-1,4,-1,,7,-1,0,-1,,1,-1,-1,-1,-1,-1,-1,-1,-1,-1,-1,-1,-1,-1,-1,-1,-1,-1,-1,-1,-1,-1,-1,2,-1,4,5,6,-1,-1,-1,-1,-1,-1,4,4,0,1,5,,,,,,,,,,,,,,,,,,,,,,,,,,,,,,,,,,,,,,-9.0,4.0,1.0,2017-09-26,2,2,2,1,50,-1,-1,1,1,-1,1,2,-1,4,-1,1,1,1,-1,-1,-1,3,9,-1,-9,2,50,5,97,TEACH,97,TECHNOLOGY,4,-1,1,-1,3,-1,-1,-1,-1,-1,-1,-1,4,-1,-1,-1,-8,-1.0,2,-1,-1,1,1,1,1,4,1,1,4,-1,1,0,2,-9.0,-9,1,-1,2,-1,-1,-1,-1,-1,-1,-1,-1,-1,-1,-1,5,2;3,-1,2,3,-1,-1,-1,-9,1,1,-1,-1,-1,-1,-1,-1,-1,-9,6,-1,-1,-1,-1,-1,6,-1,-1,-1,1,3,94.6057,2017-09-25,2,6,3,-9,-1,11,-1,-1,-1,-1,0,-1,1,-9,1,-1,7,2,-1,-1,21,1,94.6057,-1.0,4.0,IL,USA,17.0,97.0,861010.0,0.0,0.0,42.404718,-88.11478,,,,,,,,,,,,,,,,,,,,,,,,,,,,,,,,,,,,,,,,,,,,,,,,,,,,,,,,,,,,,,,,,,,,,,,,,,,,,,,,,,,,,2017-10-01,6.0,0.0,0.0,1.0,1.0,3.0,0.0,1.0
20003738,1,2,2,gps,2000009,2017-09-26 05:57:00,2017-09-26 05:58:00,29,1,16.06,505,-1,-1,2,-1.0,6,-1,-1,-1.0,-1,-1,-1,-1,,27,-1,0,-1,,1,-1,-1,-1,-1,-1,-1,-1,-1,-1,-1,-1,-1,-1,-1,-1,-1,-1,-1,-1,-1,-1,-1,-1,-1,-1,-1,-1,-1,-1,-1,-1,-1,-1,-1,-9,-9,-9,0,,,,,,,,,,,,,,,,,,,,,,,,,,,,,,,,,,,,,,-9.0,8.0,1.0,2017-09-26,2,2,2,1,50,-1,-1,1,1,-1,1,2,-1,4,-1,1,1,1,-1,-1,-1,3,9,-1,-9,2,50,5,97,TEACH,97,TECHNOLOGY,4,-1,1,-1,3,-1,-1,-1,-1,-1,-1,-1,4,-1,-1,-1,-8,-1.0,2,-1,-1,1,1,1,1,4,1,1,4,-1,1,0,2,-9.0,-9,1,-1,2,-1,-1,-1,-1,-1,-1,-1,-1,-1,-1,-1,5,2;3,-1,2,3,-1,-1,-1,-9,1,1,-1,-1,-1,-1,-1,-1,-1,-9,6,-1,-1,-1,-1,-1,6,-1,-1,-1,1,3,94.6057,2017-09-25,2,6,3,-9,-1,11,-1,-1,-1,-1,0,-1,1,-9,1,-1,7,2,-1,-1,21,1,94.6057,-1.0,100.0,IL,USA,17.0,97.0,864520.0,0.0,0.0,42.174413,-87.950493,,,,,,,,,,,,,,,,,,,,,,,,,,,,,,,,,,,,,,,,,,,,,,,,,,,,,,,,,,,,,,,,,,,,,,,,,,,,,,,,,,,,,2017-09-26,6.0,0.0,0.0,-9.0,-9.0,0.0,0.0,1.0
70043581,3,6,7,gps,3000011,2019-02-06 17:24:02,2019-02-06 18:24:44,4,61,0.78,-9,-1,-1,-1,-1.0,-1,-1,-1,-1.0,-1,-1,-1,-1,,-9,-1,-9,-1,,-1,-1,-1,-1,-1,-1,-1,-1,-1,-1,-1,-1,-1,-1,-1,-1,-1,-1,-1,-1,-1,-1,-1,-1,-1,-1,-1,-1,-1,-1,-1,-1,-1,-1,-9,-9,-9,-9,-9,,,,,,,,,,,,,,,,,,,,,,,,,,,,,,,,,,,,,,3.0,7.0,1.0,2019-02-02,2,2,1,1,25,-1,-1,1,5,-1,2,1,-1,1,-1,1,1,1,-1,-1,-1,1,1,-1,-1,2,21,3,35,-1,44-45,-1,5,-1,1,-1,2,6,-1,-1,2,8,-1,2,2,-1,-1,-1,2,-1.0,-1,-1,-1,1,1,1,1,1,2,-1,4,-1,2,0,2,-9.0,-9,1,Learning,2,-1,-1,-1,-1,-1,-1,-1,-1,-1,-1,2,-1,2,-1,2,-1,-1,-1,-1,-9,5,-1,-1,-1,-1,5,-1,-1,-1,-9,97,-1,-1,-1,-1,-1,-1,97,-1,-1,0,2,617.4852,2019-02-01,6,3,2,5,-1,1,3,-1,-9,-1,2,-1,2,0,3,-1,9,2,15,-1,10,0,617.4852,-1.0,100.0,IL,USA,17.0,31.0,280100.0,0.0,0.0,41.885452,-87.643498,,,,,,,,,,,,,,,,,,,,,,,,,,,,,,,,,,,,,,,,,,,,,,,,,,,,,,,,,,,,,,,,,,,,,,,,,,,,,,,,,,,,,2019-02-06,7.0,0.0,0.0,1.0,1.0,1.0,1.0,0.0
70028810,3,1,4,survey,1000002,2018-11-28 17:42:00,2018-11-28 17:50:00,2,8,0.255,203,-1,2,-1,-1.0,-1,-1,-1,-1.0,-1,-1,-1,-1,5.0,27,-1,0,-1.0,-1.0,-1,-1,-1,-1,-1,-1,-1,-1,-1,-1,-1,-1,-1,-1,-1,-1,-1,-1,-1,-1,-1,-1,-1,2,-1,-1,-1,-1,-1,-1,-1,-1,-1,-1,1,1,0,2,2,-1.0,0.0,0.0,-1.0,-1.0,-1.0,-1.0,-1.0,-1.0,-1.0,-1.0,-1.0,-1.0,-1.0,-1.0,-1.0,-1.0,-1.0,-1.0,-1.0,-1.0,-1.0,-1.0,-1.0,-1.0,-1.0,-1.0,-1.0,-1.0,-1.0,-1.0,-1.0,4.0,-9.0,0.224,0.0,0.0,,,,2018-11-29,2,5,1,1,25,-1,-1,2,3,-1,2,2,-1,1,-1,1,1,1,-1,-1,-1,1,5,-1,-1,2,4,1,25,-1,61,-1,5,-1,1,-1,1,6,-1,-1,2,5,-1,-1,3,-1,-1,-1,2,-1.0,2,-1,-1,2,1,1,1,1,2,-1,4,-1,2,0,2,-9.0,-9,1,BRAIN ISSUE,2,-1,-1,-1,-1,-1,-1,-1,-1,-1,-1,1,-1,2,-1,2,-1,-1,-1,-1,-9,1,1,-1,-1,-1,-1,-1,-1,-1,-9,97,-1,-1,-1,-1,-1,-1,97,-1,-1,0,4,531.6121,2018-11-28,4,3,5,3,-1,31,-1,-1,-1,-1,1,-1,1,0,1,-1,8,2,1,-1,14,0,531.6121,-1.0,97.0,IL,USA,17.0,31.0,828300.0,0.0,0.0,41.570173,-87.611745,2010.0,23.0,-1.0,23481.0,-1,4.0,-1.0,1.0,-1.0,1.0,3.0,-1.0,,,,,,,,,,,,,,,,,,,,,,,,,,,,,,,,,,,,,,,,,,,,,,,,,,,,,,,,,,,,,,,,,,,,,,,,,,,,,,,,,
70048309,1,1,3,survey,10003,2019-03-06 07:45:00,2019-03-06 14:15:00,115,390,46.426,202,-1,1,-1,-1.0,-1,-1,-1,-1.0,-1,-1,1,-1,4.0,12,-1,12,-1.0,-1.0,-1,-1,-1,-1,-1,-1,-1,-1,-1,-1,-1,-1,-1,-1,-1,-1,-1,-1,-1,-1,-1,-1,-1,-1,-1,-1,-1,-1,-1,-1,-1,-1,-1,-1,1,0,1,1,2,-1.0,0.0,0.0,-1.0,-1.0,-1.0,-1.0,-1.0,-1.0,-1.0,-1.0,-1.0,-1.0,-1.0,-1.0,-1.0,-1.0,-1.0,-1.0,-1.0,-1.0,-1.0,-1.0,-1.0,-1.0,-1.0,-1.0,-1.0,-1.0,-1.0,-1.0,-1.0,3.0,-9.0,34.323,0.0,0.0,,,,2019-03-14,2,5,2,1,44,-1,-1,2,1,-1,1,2,-1,6,-1,1,2,-1,1,-1,-1,-1,-1,-1,-1,-1,-1,-1,-1,-1,-1,-1,-1,-1,-1,-1,2,7,-1,-1,2,4,-1,-1,4,-1,97,PAID ONLINE,2,9.0,1,-1,-1,1,-1,-1,-1,-1,-1,-1,-1,-1,-1,0,1,0.0,-7,1,EPILEPTIC,2,-1,-1,-1,-1,-1,-1,-1,-1,-1,-1,1,-1,2;3,-1,2,3,-1,-1,-1,-9,1,1,-1,-1,-1,-1,-1,-1,-1,-9,97,-1,-1,-1,-1,-1,-1,97,-1,-1,1,4,482.9075,2019-03-06,4,1,1,2,-1,2,2,-1,60432,-1,3,-1,1,0,3,-1,2,2,1,-1,4,0,482.9075,1.0,3.0,IL,USA,17.0,31.0,841900.0,0.0,0.0,41.868458,-87.642965,2018.0,35.0,-1.0,35043.0,-1,1.0,-1.0,1.0,-1.0,2.0,2.0,-1.0,,,,,,,,,,,,,,,,,,,,,,,,,,,,,,,,,,,,,,,,,,,,,,,,,,,,,,,,,,,,,,,,,,,,,,,,,,,,,,,,,
70100910,1,1,3,survey,1000001,2019-02-06 11:20:00,2019-02-06 11:51:00,8,31,0.4,501,-1,-1,2,-1.0,8,-1,-1,-1.0,-1,-1,-1,-1,4.0,9,-1,0,-1.0,-1.0,-1,-1,-1,-1,-1,-1,-1,-1,-1,-1,-1,-1,-1,-1,-1,-1,-1,-1,-1,-1,-1,-1,-1,-1,-1,-1,-1,-1,-1,-1,-1,-1,-1,-1,0,0,0,1,1,0.0,0.0,0.0,-1.0,-1.0,-1.0,-1.0,-1.0,-1.0,-1.0,-1.0,-1.0,-1.0,-1.0,-1.0,-1.0,-1.0,-1.0,-1.0,-1.0,-1.0,-1.0,-1.0,-1.0,-1.0,-1.0,-1.0,-1.0,-1.0,-1.0,-1.0,-1.0,3.0,3.0,0.379,0.0,0.0,,,,2019-02-07,3,7,2,1,68,-1,-1,2,1,-1,2,1,-1,6,-1,2,2,-1,7,-1,-1,-1,-1,-1,-1,-1,-1,-1,-1,-1,-1,-1,-1,-1,-1,-1,3,-1,-1,-1,-1,-1,-1,-1,4,-1,-1,-1,2,-1.0,-1,-1,-1,1,-1,-1,-1,-1,-1,-1,-1,-1,-1,-9,-9,-9.0,-9,1,memory issues/back,1,-1,-1,-1,-1,-1,-1,-1,-1,-1,-1,-9,-1,97,-1,-1,-1,97,-1,-1,television,-9,-9,-9,-9,-9,-9,-9,-9,-9,-9,3;6;97,-1,-1,3,-1,-1,6,97,-1,-1,1,7,650.4941,2019-02-06,4,1,0,2,-1,1,3,-1,60623,-1,3,-1,1,0,3,-1,1,2,97,word of mouth,7,0,650.4941,-1.0,97.0,IL,USA,17.0,31.0,160501.0,0.0,0.0,41.95921,-87.712973,,,,,,,,,,,,,-9.0,41.96101,-9.0,,,,,,-9.0,-87.718169,-9.0,,,,,,WALKING,BUS,WALKING,,,,,,-9.0,Chicago Transit Authority,-9,,,,,,-9.0,MONTROSE,-9,,,,,,-9.0,78,-9,,,,,,-9.0,MONTROSE & CENTRAL PARK,-9,,,,,,-9.0,MONTROSE & SPAULDING,-9,,,,,,0.0,0.0,0.0,,,,,,,,,,,,,,
70032713,1,4,3,gps,10000,2018-12-06 10:12:18,2018-12-06 11:00:54,19,49,0.97,501,-1,-1,2,-1.0,97,-9,-1,-1.0,-1,-1,-1,-1,,97,Rested.,0,-1,,2,-1,-1,-1,-1,-1,-1,-1,-1,-1,-1,-1,-1,-1,-1,-1,-1,-1,-1,-1,-1,-1,-1,-1,-1,-1,-1,-1,-1,-1,-1,-1,-1,-1,-1,-9,-9,-9,0,,,,,,,,,,,,,,,,,,,,,,,,,,,,,,,,,,,,,,1.0,1.0,1.0,2018-12-04,2,4,2,1,62,-1,-1,1,1,-1,1,2,-1,6,-1,1,2,-1,1,-1,-1,-1,-1,-1,-1,-1,-1,-1,-1,-1,-1,-1,-1,-1,-1,-1,2,5,-1,-1,2,1,-1,-1,3,-1,-1,-1,2,-1.0,-1,-1,-1,2,-1,-1,-1,-1,-1,-1,-1,-1,-1,0,1,0.0,-8,1,SPINE ISSUE,2,-1,-1,-1,-1,-1,-1,-1,-1,-1,-1,1,-1,2,-1,2,-1,-1,-1,-1,-9,2;3,-1,2,3,-1,-1,-1,-1,-1,-9,1;97,1,-1,-1,-1,-1,-1,97,-1,-1,0,3,102.7654,2018-12-03,2,1,2,97,Inconsistent bus schedules.,8,-1,-1,-1,-1,3,-1,1,0,3,-1,2,1,7,-1,3,0,102.7654,-1.0,1.0,IL,USA,17.0,31.0,807400.0,0.0,1.0,42.028194,-87.739844,,,,,,,,,,,,,-9.0,42.055308,-9.0,,,,,,-9.0,-87.746855,-9.0,,,,,,WALKING,BUS,WALKING,,,,,,-9.0,PACE,-9,,,,,,-9.0,GOLF ROAD,-9,,,,,,-9.0,208,-9,,,,,,-9.0,US 41 / SKOKIE & GOLF,-9,,,,,,-9.0,IL 58 / GOLF & WASHINGTON,-9,,,,,,2.0,2.0,2.0,,,,,,2018-12-06,6.0,0.0,0.0,1.0,1.0,0.0,1.0,1.0
70043581,3,6,8,gps,3000006,2019-02-06 18:25:16,2019-02-07 03:00:00,1,515,0.78,-9,-1,-1,-1,-1.0,-1,-1,-1,-1.0,-1,-1,-1,-1,,-9,-1,-9,-1,,-1,-1,-1,-1,-1,-1,-1,-1,-1,-1,-1,-1,-1,-1,-1,-1,-1,-1,-1,-1,-1,-1,-1,-1,-1,-1,-1,-1,-1,-1,-1,-1,-1,-1,-9,-9,-9,-9,-9,,,,,,,,,,,,,,,,,,,,,,,,,,,,,,,,,,,,,,2.0,4.0,1.0,2019-02-02,2,2,1,1,25,-1,-1,1,5,-1,2,1,-1,1,-1,1,1,1,-1,-1,-1,1,1,-1,-1,2,21,3,35,-1,44-45,-1,5,-1,1,-1,2,6,-1,-1,2,8,-1,2,2,-1,-1,-1,2,-1.0,-1,-1,-1,1,1,1,1,1,2,-1,4,-1,2,0,2,-9.0,-9,1,Learning,2,-1,-1,-1,-1,-1,-1,-1,-1,-1,-1,2,-1,2,-1,2,-1,-1,-1,-1,-9,5,-1,-1,-1,-1,5,-1,-1,-1,-9,97,-1,-1,-1,-1,-1,-1,97,-1,-1,0,2,617.4852,2019-02-01,6,3,2,5,-1,1,3,-1,-9,-1,2,-1,2,0,3,-1,9,2,15,-1,10,0,617.4852,-1.0,100.0,IL,USA,17.0,31.0,833100.0,0.0,0.0,41.879078,-87.657046,,,,,,,,,,,,,,,,,,,,,,,,,,,,,,,,,,,,,,,,,,,,,,,,,,,,,,,,,,,,,,,,,,,,,,,,,,,,,,,,,,,,,2019-02-06,7.0,0.0,0.0,1.0,1.0,1.0,1.0,0.0
30008318,1,6,1,gps,10408,2018-03-19 03:00:00,2018-03-19 11:17:07,0,497,0.0,202,-1,-9,-1,-1.0,-1,-1,2,-1.0,-1,-1,1,-1,,18,-1,0,-1,,-1,-1,-1,-1,-1,-1,-1,-1,-1,-1,-1,-1,-1,-1,-1,-1,-1,-1,-1,-1,-1,-1,-1,-1,-1,-1,-1,-1,-1,-1,-1,-1,-1,-1,-1,-1,-1,-1,-1,,,,,,,,,,,,,,,,,,,,,,,,,,,,,,,,,,,,,,-9.0,1.0,2.0,2018-03-15,2,2,2,1,39,-1,-1,2,1,-1,1,1,-1,97,LATIN AMERICAN,1,1,1,-1,-1,-1,1,4,-1,-1,2,6,5,97,Teach,97,Teach kids,5,-1,6,-1,1,4,-1,2,-1,4,-1,-1,1,-1,-1,-1,2,-1.0,2,-1,-1,1,1,1,1,1,2,-1,1,-1,2,0,1,0.0,-7,2,-1,-1,-1,-1,-1,-1,-1,-1,-1,-1,-1,-1,-1,1,-9,-9,-9,-9,-9,-9,-9,-9,5,-1,-1,-1,-1,5,-1,-1,-1,-9,-1,-1,-1,-1,-1,-1,-1,-1,-1,-1,1,11,621.8414,2018-03-14,4,3,3,-9,-1,-7,1,-1,60074,-1,0,-1,1,-9,2,-1,7,2,-1,-1,11,3,621.8414,-1.0,4.0,IL,USA,17.0,31.0,815500.0,0.0,0.0,41.825147,-87.787768,,,,,,,,,,,,,,,,,,,,,,,,,,,,,,,,,,,,,,,,,,,,,,,,,,,,,,,,,,,,,,,,,,,,,,,,,,,,,,,,,,,,,2018-03-19,1.0,0.0,1.0,-9.0,1.0,0.0,0.0,0.0
70045472,7,1,2,survey,70002,2019-02-19 19:00:00,2019-02-20 03:00:00,30,480,102.074,202,-1,5,-1,-1.0,-1,-1,-1,-1.0,-1,-1,-8,-1,2.0,3,-1,0,-1.0,-1.0,-1,-1,-1,-1,-1,-1,-1,-1,-1,-1,-1,-1,-1,-1,-1,-1,-1,-1,-1,-1,-1,-1,-1,-1,-1,-1,-1,-1,-1,-1,-1,-1,-1,-1,0,0,0,1,1,-1.0,1.0,0.0,-1.0,-1.0,-1.0,-1.0,-1.0,-1.0,-1.0,-1.0,-1.0,-1.0,-1.0,-1.0,-1.0,-1.0,-1.0,-1.0,-1.0,-1.0,-1.0,-1.0,-1.0,-1.0,-1.0,-1.0,-1.0,-1.0,-1.0,-1.0,-1.0,2.0,-9.0,72.427,0.0,301.0,,,,2019-02-22,2,5,1,1,-8,5,-1,1,97,COUSIN,-8,1,-1,1,-1,-8,1,1,-1,-1,-1,1,4,-1,-1,-8,-8,-8,51,-1,42,-1,-8,-1,-8,-1,3,-1,-1,-1,-1,-1,-1,-1,-8,-1,-1,-1,-8,-1.0,-8,-1,-1,-8,-8,1,1,1,2,-1,-8,-1,-8,-8,-8,-9.0,-9,2,-1,-1,-1,-1,-1,-1,-1,-1,-1,-1,-1,-1,-8,-1,-8,-1,-1,-1,-1,-1,-8,-9,-8,-1,-1,-1,-1,-1,-1,-1,-8,-9,-1,-1,-1,-1,-1,-1,-1,-1,-1,-1,1,1,137.6365,2019-02-19,3,7,6,2,-1,2,3,-1,33130,-1,2,-1,1,0,1,-1,9,1,13,-1,30,0,137.6365,7.0,2.0,WI,USA,55.0,79.0,20700.0,1.0,0.0,42.980392,-87.892828,-8.0,-8.0,-1.0,99499.0,-1,3.0,-1.0,1.0,-1.0,-8.0,1.0,-1.0,,,,,,,,,,,,,,,,,,,,,,,,,,,,,,,,,,,,,,,,,,,,,,,,,,,,,,,,,,,,,,,,,,,,,,,,,,,,,,,,,
20003738,1,7,7,gps,10000,2017-10-01 20:06:48,2017-10-02 03:00:00,27,413,3.37,202,-1,-9,-1,-1.0,-1,-1,-9,-1.0,-1,-1,4,-1,,1,-1,0,-1,,2,-1,-1,-1,-1,-1,-1,-1,-1,-1,-1,-1,-1,-1,-1,-1,-1,-1,-1,-1,-1,-1,-1,2,-1,4,5,6,-1,-1,-1,-1,-1,-1,3,4,-1,0,4,,,,,,,,,,,,,,,,,,,,,,,,,,,,,,,,,,,,,,1.0,1.0,1.0,2017-09-26,2,2,2,1,50,-1,-1,1,1,-1,1,2,-1,4,-1,1,1,1,-1,-1,-1,3,9,-1,-9,2,50,5,97,TEACH,97,TECHNOLOGY,4,-1,1,-1,3,-1,-1,-1,-1,-1,-1,-1,4,-1,-1,-1,-8,-1.0,2,-1,-1,1,1,1,1,4,1,1,4,-1,1,0,2,-9.0,-9,1,-1,2,-1,-1,-1,-1,-1,-1,-1,-1,-1,-1,-1,5,2;3,-1,2,3,-1,-1,-1,-9,1,1,-1,-1,-1,-1,-1,-1,-1,-9,6,-1,-1,-1,-1,-1,6,-1,-1,-1,1,3,94.6057,2017-09-25,2,6,3,-9,-1,11,-1,-1,-1,-1,0,-1,1,-9,1,-1,7,2,-1,-1,21,1,94.6057,-1.0,1.0,IL,USA,17.0,97.0,861014.0,0.0,1.0,42.396164,-88.035365,,,,,,,,,,,,,-9.0,42.168589,-9.0,,,,,,-9.0,-87.941285,-9.0,,,,,,WALKING,HEAVY_RAIL,KISS AND RIDE,,,,,,-9.0,Metra,-9,,,,,,-9.0,NORTH CENTRAL SERVICE,-9,,,,,,-9.0,109,-9,,,,,,-9.0,BUFFALO GROVE,-9,,,,,,-9.0,ROUND LAKE BEACH,-9,,,,,,0.0,2.0,0.0,,,,,,2017-10-01,6.0,0.0,0.0,1.0,1.0,3.0,0.0,1.0
70024546,1,1,3,survey,2000003,2018-10-31 09:57:00,2018-10-31 10:30:00,12,33,0.649,101,-1,-1,-1,-1.0,-1,-1,-1,-1.0,-1,-1,-1,-1,2.0,10,-1,9,-1.0,-1.0,-1,-1,-1,-1,-1,-1,-1,-1,-1,-1,-1,-1,-1,-1,-1,-1,-1,-1,-1,-1,-1,-1,-1,-1,-1,-1,-1,-1,-1,-1,-1,-1,-1,-1,1,0,1,1,2,-1.0,0.0,0.0,-1.0,-1.0,-1.0,-1.0,-1.0,-1.0,-1.0,-1.0,-1.0,-1.0,-1.0,-1.0,-1.0,-1.0,-1.0,-1.0,-1.0,-1.0,-1.0,-1.0,-1.0,-1.0,-1.0,-1.0,-1.0,-1.0,-1.0,-1.0,-1.0,3.0,-9.0,0.428,0.0,0.0,,,,2018-12-13,2,4,2,1,33,-1,-1,2,1,-1,2,2,-1,2,-1,1,1,1,-1,-1,-1,3,8,-1,2,2,5,0,21,-1,62,-1,5,-1,1,-1,2,6,-1,-1,2,8,-1,2,3,-1,-1,-1,2,-1.0,-1,-1,-1,2,1,3,1,1,2,-1,4,-1,2,5,1,5.0,3,1,LUPUS,2,-1,-1,-1,-1,-1,-1,-1,-1,-1,-1,1,-1,2,-1,2,-1,-1,-1,-1,-9,2,-1,2,-1,-1,-1,-1,-1,-1,-9,97,-1,-1,-1,-1,-1,-1,97,-1,-1,0,13,615.7184,2018-10-31,4,2,0,1,-1,4,3,-1,60608,-1,3,-1,1,0,3,-1,1,2,1,-1,18,0,615.7184,-1.0,100.0,IL,USA,17.0,31.0,841900.0,0.0,0.0,41.868458,-87.642965,,,,,,,,,,,,,,,,,,,,,,,,,,,,,,,,,,,,,,,,,,,,,,,,,,,,,,,,,,,,,,,,,,,,,,,,,,,,,,,,,,,,,,,,,,,,,
30011370,1,1,1,survey,1000000,2018-03-15 03:00:00,2018-03-15 07:00:00,0,240,-1.0,-1,-1,-1,-1,-1.0,-1,-1,-1,-1.0,-1,-1,-1,-1,-1.0,1,-1,19,-1.0,-1.0,-1,-1,-1,-1,-1,-1,-1,-1,-1,-1,-1,-1,-1,-1,-1,-1,-1,-1,-1,-1,-1,-1,-1,-1,-1,-1,-1,-1,-1,-1,-1,-1,-1,-1,-1,-1,-1,-1,-1,-1.0,0.0,0.0,-1.0,-1.0,-1.0,-1.0,-1.0,-1.0,-1.0,-1.0,-1.0,-1.0,-1.0,-1.0,-1.0,-1.0,-1.0,-1.0,-1.0,-1.0,-1.0,-1.0,-1.0,-1.0,-1.0,-1.0,-1.0,-1.0,-1.0,-1.0,-1.0,1.0,-9.0,-1.0,0.0,0.0,,,,2018-03-16,2,5,2,1,68,-1,-1,1,1,-1,1,2,-1,1,-1,1,1,1,-1,-1,-1,3,4,-1,-1,2,4,1,97,"consulting, research, writing",97,education,5,-1,6,-1,3,-1,-1,-1,-1,-1,-1,-1,6,-1,-1,-1,1,-1.0,2,-1,-1,1,1,1,1,1,1,2,4,-1,1,0,2,-9.0,-9,1,-1,1,-1,-1,-1,-1,-1,-1,-1,-1,-1,-1,-1,4,2,-1,2,-1,-1,-1,-1,-9,1;2;3,1,2,3,-1,-1,-1,-1,-1,-9,3,-1,-1,3,-1,-1,-1,-1,-1,-1,1,7,278.7314,2018-03-15,5,1,1,-9,-1,2,1,-1,60304,-1,0,-1,1,-9,3,-1,8,2,-1,-1,7,3,278.7314,-1.0,97.0,IL,USA,17.0,31.0,812801.0,0.0,0.0,41.883188,-87.802415,,,,,,,,,,,,,,,,,,,,,,,,,,,,,,,,,,,,,,,,,,,,,,,,,,,,,,,,,,,,,,,,,,,,,,,,,,,,,,,,,,,,,,,,,,,,,
70043581,3,1,3,survey,10000,2019-02-01 18:10:00,2019-02-02 03:00:00,14,530,0.82,101,-1,-1,-1,-1.0,-1,-1,-1,-1.0,-1,-1,-1,-1,2.0,1,-1,0,-1.0,-1.0,-1,-1,-1,-1,-1,-1,-1,-1,-1,-1,-1,-1,-1,-1,-1,-1,-1,-1,-1,-1,-1,-1,-1,-1,-1,-1,-1,-1,-1,-1,-1,-1,-1,-1,0,0,0,1,1,-1.0,0.0,0.0,-1.0,-1.0,-1.0,-1.0,-1.0,-1.0,-1.0,-1.0,-1.0,-1.0,-1.0,-1.0,-1.0,-1.0,-1.0,-1.0,-1.0,-1.0,-1.0,-1.0,-1.0,-1.0,-1.0,-1.0,-1.0,-1.0,-1.0,-1.0,-1.0,3.0,-9.0,0.738,0.0,0.0,,,,2019-02-02,2,2,1,1,25,-1,-1,1,5,-1,2,1,-1,1,-1,1,1,1,-1,-1,-1,1,1,-1,-1,2,21,3,35,-1,44-45,-1,5,-1,1,-1,2,6,-1,-1,2,8,-1,2,2,-1,-1,-1,2,-1.0,-1,-1,-1,1,1,1,1,1,2,-1,4,-1,2,0,2,-9.0,-9,1,Learning,2,-1,-1,-1,-1,-1,-1,-1,-1,-1,-1,2,-1,2,-1,2,-1,-1,-1,-1,-9,5,-1,-1,-1,-1,5,-1,-1,-1,-9,97,-1,-1,-1,-1,-1,-1,97,-1,-1,0,2,617.4852,2019-02-01,6,3,2,5,-1,1,3,-1,-9,-1,2,-1,2,0,3,-1,9,2,15,-1,10,0,617.4852,-1.0,1.0,IL,USA,17.0,31.0,140602.0,0.0,1.0,41.964652,-87.721017,,,,,,,,,,,,,,,,,,,,,,,,,,,,,,,,,,,,,,,,,,,,,,,,,,,,,,,,,,,,,,,,,,,,,,,,,,,,,,,,,,,,,,,,,,,,,
70038312,4,1,2,survey,40003,2019-01-18 06:50:00,2019-01-18 14:25:00,30,455,3.669,401,-1,-1,-1,-1.0,-1,-1,-1,-1.0,-1,-1,-1,-1,4.0,6,-1,0,-1.0,-1.0,-1,-1,-1,-1,-1,-1,-1,-1,-1,-1,-1,-1,-1,-1,-1,-1,-1,-1,-1,-1,-1,-1,-1,-1,-1,-1,-1,-1,-1,-1,-1,-1,-1,-1,0,0,0,1,1,-1.0,0.0,0.0,-1.0,-1.0,-1.0,-1.0,-1.0,-1.0,-1.0,-1.0,-1.0,-1.0,-1.0,-1.0,-1.0,-1.0,-1.0,-1.0,-1.0,-1.0,-1.0,-1.0,-1.0,-1.0,-1.0,-1.0,-1.0,-1.0,-1.0,-1.0,-1.0,2.0,-9.0,3.321,0.0,0.0,,,,2019-01-19,-1,-1,2,4,-7,-7,-7,-7,-7,-1,-1,2,-1,1,-1,-1,-1,-1,-1,-1,-1,-1,-1,-1,-1,-1,-1,-1,-1,-1,-1,-1,-1,-1,-1,-1,1,4,-1,2,-1,7,-1,-1,1,-1,-1,-1,2,-1.0,-1,-1,-1,1,-1,-1,-1,-1,-1,-1,-1,-1,-1,-1,-1,-1.0,-1,-1,-1,-1,-1,-1,-1,-1,-1,-1,-1,-1,-1,-1,-1,-1,-1,-1,-1,-1,-1,-1,-1,-1,-1,-1,-1,-1,-1,-1,-1,-1,-1,-1,-1,-1,-1,-1,-1,-1,-1,-1,-1,-1,0,2,63.8398,2019-01-18,6,4,5,1,-1,23,-1,-1,-1,4,2,-1,1,0,1,-1,-7,2,11,-1,14,0,63.8398,4.0,3.0,IL,USA,17.0,197.0,880404.0,0.0,0.0,41.61414,-88.229585,,,,,,,,,,,,,,,,,,,,,,,,,,,,,,,,,,,,,,,,,,,,,,,,,,,,,,,,,,,,,,,,,,,,,,,,,,,,,,,,,,,,,,,,,,,,,
70038312,4,1,3,survey,10000,2019-01-18 14:40:00,2019-01-19 03:00:00,15,740,3.683,401,-1,-1,-1,-1.0,-1,-1,-1,-1.0,-1,-1,-1,-1,5.0,1,-1,0,-1.0,-1.0,-1,-1,-1,-1,-1,-1,-1,-1,-1,-1,-1,-1,-1,-1,-1,-1,-1,-1,-1,-1,-1,-1,-1,-1,-1,-1,-1,-1,-1,-1,-1,-1,-1,-1,0,0,0,1,1,-1.0,0.0,0.0,-1.0,-1.0,-1.0,-1.0,-1.0,-1.0,-1.0,-1.0,-1.0,-1.0,-1.0,-1.0,-1.0,-1.0,-1.0,-1.0,-1.0,-1.0,-1.0,-1.0,-1.0,-1.0,-1.0,-1.0,-1.0,-1.0,-1.0,-1.0,-1.0,3.0,-9.0,3.321,0.0,0.0,,,,2019-01-19,-1,-1,2,4,-7,-7,-7,-7,-7,-1,-1,2,-1,1,-1,-1,-1,-1,-1,-1,-1,-1,-1,-1,-1,-1,-1,-1,-1,-1,-1,-1,-1,-1,-1,-1,1,4,-1,2,-1,7,-1,-1,1,-1,-1,-1,2,-1.0,-1,-1,-1,1,-1,-1,-1,-1,-1,-1,-1,-1,-1,-1,-1,-1.0,-1,-1,-1,-1,-1,-1,-1,-1,-1,-1,-1,-1,-1,-1,-1,-1,-1,-1,-1,-1,-1,-1,-1,-1,-1,-1,-1,-1,-1,-1,-1,-1,-1,-1,-1,-1,-1,-1,-1,-1,-1,-1,-1,-1,0,2,63.8398,2019-01-18,6,4,5,1,-1,23,-1,-1,-1,4,2,-1,1,0,1,-1,-7,2,11,-1,14,0,63.8398,-1.0,1.0,IL,USA,17.0,197.0,880416.0,0.0,1.0,41.558205,-88.187178,,,,,,,,,,,,,,,,,,,,,,,,,,,,,,,,,,,,,,,,,,,,,,,,,,,,,,,,,,,,,,,,,,,,,,,,,,,,,,,,,,,,,,,,,,,,,
70024339,3,1,1,survey,10000,2018-10-25 03:00:00,2018-10-26 03:00:00,0,1440,-1.0,-1,-1,-1,-1,-1.0,-1,-1,-1,-1.0,-1,-1,-1,-1,-1.0,1,-1,0,-1.0,-1.0,-1,-1,-1,-1,-1,-1,-1,-1,-1,-1,-1,-1,-1,-1,-1,-1,-1,-1,-1,-1,-1,-1,-1,-1,-1,-1,-1,-1,-1,-1,-1,-1,-1,-1,-1,-1,-1,-1,-1,-1.0,0.0,0.0,-1.0,-1.0,-1.0,-1.0,-1.0,-1.0,-1.0,-1.0,-1.0,-1.0,-1.0,-1.0,-1.0,-1.0,-1.0,-1.0,-1.0,-1.0,-1.0,-1.0,-1.0,-1.0,-1.0,-1.0,-1.0,-1.0,-1.0,-1.0,-1.0,1.0,-9.0,-1.0,0.0,0.0,,,,2018-10-26,2,5,2,3,35,-1,-1,1,3,-1,2,1,-1,6,-1,2,2,-1,7,-1,-1,-1,-1,-1,-1,-1,-1,-1,-1,-1,-1,-1,-1,-1,-1,-1,3,-1,-1,-1,-1,-1,-1,-1,3,-1,-1,-1,-1,-1.0,-1,1,-1,1,-1,-1,-1,-1,-1,-1,-1,-1,-1,0,2,-9.0,-9,1,TBI,1,4,-1,5,-1,-1,-1,-1,5,-1,-1,2,-1,-7,-1,-1,-1,-1,-7,-1,-9,5,-1,-1,-1,-1,5,-1,-1,-1,-9,4;97,-1,-1,-1,4,-1,-1,97,-1,-1,0,0,1018.2956,2018-10-25,5,7,1,3,-1,4,1,-1,60629,-1,3,-1,1,0,3,-1,3,2,2,-1,18,0,1018.2956,-1.0,1.0,IL,USA,17.0,31.0,661000.0,0.0,1.0,41.761818,-87.685047,,,,,,,,,,,,,,,,,,,,,,,,,,,,,,,,,,,,,,,,,,,,,,,,,,,,,,,,,,,,,,,,,,,,,,,,,,,,,,,,,,,,,,,,,,,,,
20003738,1,1,3,survey,2000009,2017-09-25 05:58:00,2017-09-25 05:59:00,27,1,16.47,505,-1,-1,2,-1.0,6,-1,-1,-1.0,-1,-1,-1,-1,5.0,27,-1,0,-1.0,-1.0,1,-1,-1,-1,-1,-1,-1,-1,-1,-1,-1,-1,-1,-1,-1,-1,-1,-1,-1,-1,-1,-1,-1,-1,-1,-1,-1,-1,-1,-1,-1,-1,-1,-1,0,0,0,1,1,-1.0,0.0,1.0,-1.0,-1.0,-1.0,-1.0,-1.0,-1.0,-1.0,-1.0,-1.0,-1.0,-1.0,-1.0,-1.0,-1.0,-1.0,-1.0,-1.0,-1.0,-1.0,-1.0,-1.0,-1.0,-1.0,-1.0,-1.0,-1.0,-1.0,-1.0,-1.0,4.0,-9.0,16.11,0.0,0.0,,,,2017-09-26,2,2,2,1,50,-1,-1,1,1,-1,1,2,-1,4,-1,1,1,1,-1,-1,-1,3,9,-1,-9,2,50,5,97,TEACH,97,TECHNOLOGY,4,-1,1,-1,3,-1,-1,-1,-1,-1,-1,-1,4,-1,-1,-1,-8,-1.0,2,-1,-1,1,1,1,1,4,1,1,4,-1,1,0,2,-9.0,-9,1,-1,2,-1,-1,-1,-1,-1,-1,-1,-1,-1,-1,-1,5,2;3,-1,2,3,-1,-1,-1,-9,1,1,-1,-1,-1,-1,-1,-1,-1,-9,6,-1,-1,-1,-1,-1,6,-1,-1,-1,1,3,94.6057,2017-09-25,2,6,3,-9,-1,11,-1,-1,-1,-1,0,-1,1,-9,1,-1,7,2,-1,-1,21,1,94.6057,-1.0,100.0,IL,USA,17.0,97.0,864520.0,0.0,0.0,42.174413,-87.950493,,,,,,,,,,,,,,,,,,,,,,,,,,,,,,,,,,,,,,,,,,,,,,,,,,,,,,,,,,,,,,,,,,,,,,,,,,,,,,,,,,,,,,,,,,,,,
70043581,3,7,1,gps,3000006,2019-02-07 03:00:00,2019-02-07 18:54:52,0,955,0.0,-9,-1,-1,-1,-1.0,-1,-1,-1,-1.0,-1,-1,-1,-1,,-9,-1,-9,-1,,-1,-1,-1,-1,-1,-1,-1,-1,-1,-1,-1,-1,-1,-1,-1,-1,-1,-1,-1,-1,-1,-1,-1,-1,-1,-1,-1,-1,-1,-1,-1,-1,-1,-1,-1,-1,-1,-1,-1,,,,,,,,,,,,,,,,,,,,,,,,,,,,,,,,,,,,,,-9.0,4.0,1.0,2019-02-02,2,2,1,1,25,-1,-1,1,5,-1,2,1,-1,1,-1,1,1,1,-1,-1,-1,1,1,-1,-1,2,21,3,35,-1,44-45,-1,5,-1,1,-1,2,6,-1,-1,2,8,-1,2,2,-1,-1,-1,2,-1.0,-1,-1,-1,1,1,1,1,1,2,-1,4,-1,2,0,2,-9.0,-9,1,Learning,2,-1,-1,-1,-1,-1,-1,-1,-1,-1,-1,2,-1,2,-1,2,-1,-1,-1,-1,-9,5,-1,-1,-1,-1,5,-1,-1,-1,-9,97,-1,-1,-1,-1,-1,-1,97,-1,-1,0,2,617.4852,2019-02-01,6,3,2,5,-1,1,3,-1,-9,-1,2,-1,2,0,3,-1,9,2,15,-1,10,0,617.4852,-1.0,100.0,IL,USA,17.0,31.0,833100.0,0.0,0.0,41.879078,-87.657046,,,,,,,,,,,,,,,,,,,,,,,,,,,,,,,,,,,,,,,,,,,,,,,,,,,,,,,,,,,,,,,,,,,,,,,,,,,,,,,,,,,,,2019-02-07,2.0,0.0,0.0,1.0,1.0,0.0,0.0,1.0
20003738,1,3,5,gps,2000009,2017-09-27 17:07:00,2017-09-27 17:23:00,5,16,0.23,601,-1,-1,-1,-1.0,-1,-1,-1,-1.0,-1,-1,-1,-1,,27,-1,0,-1,,2,-1,-1,-1,-1,-1,-1,-1,-1,-1,-1,-1,-1,-1,-1,-1,-1,-1,-1,-1,-1,-1,-1,-1,-1,-1,-1,-1,-1,-1,-1,-1,-1,-1,-1,-9,-9,-9,0,,,,,,,,,,,,,,,,,,,,,,,,,,,,,,,,,,,,,,-9.0,2.0,2.0,2017-09-26,2,2,2,1,50,-1,-1,1,1,-1,1,2,-1,4,-1,1,1,1,-1,-1,-1,3,9,-1,-9,2,50,5,97,TEACH,97,TECHNOLOGY,4,-1,1,-1,3,-1,-1,-1,-1,-1,-1,-1,4,-1,-1,-1,-8,-1.0,2,-1,-1,1,1,1,1,4,1,1,4,-1,1,0,2,-9.0,-9,1,-1,2,-1,-1,-1,-1,-1,-1,-1,-1,-1,-1,-1,5,2;3,-1,2,3,-1,-1,-1,-9,1,1,-1,-1,-1,-1,-1,-1,-1,-9,6,-1,-1,-1,-1,-1,6,-1,-1,-1,1,3,94.6057,2017-09-25,2,6,3,-9,-1,11,-1,-1,-1,-1,0,-1,1,-9,1,-1,7,2,-1,-1,21,1,94.6057,-1.0,100.0,IL,USA,17.0,97.0,864520.0,0.0,0.0,42.174413,-87.950493,,,,,,,,,,,,,,,,,,,,,,,,,,,,,,,,,,,,,,,,,,,,,,,,,,,,,,,,,,,,,,,,,,,,,,,,,,,,,,,,,,,,,2017-09-27,9.0,0.0,0.0,1.0,1.0,0.0,1.0,1.0
70043581,3,5,2,gps,3000009,2019-02-05 08:11:04,2019-02-05 08:24:34,9,14,0.39,-9,-1,-1,-1,-1.0,-1,-1,-1,-1.0,-1,-1,-1,-1,,-9,-1,-9,-1,,-1,-1,-1,-1,-1,-1,-1,-1,-1,-1,-1,-1,-1,-1,-1,-1,-1,-1,-1,-1,-1,-1,-1,-1,-1,-1,-1,-1,-1,-1,-1,-1,-1,-1,-9,-9,-9,-9,-9,,,,,,,,,,,,,,,,,,,,,,,,,,,,,,,,,,,,,,2.0,4.0,1.0,2019-02-02,2,2,1,1,25,-1,-1,1,5,-1,2,1,-1,1,-1,1,1,1,-1,-1,-1,1,1,-1,-1,2,21,3,35,-1,44-45,-1,5,-1,1,-1,2,6,-1,-1,2,8,-1,2,2,-1,-1,-1,2,-1.0,-1,-1,-1,1,1,1,1,1,2,-1,4,-1,2,0,2,-9.0,-9,1,Learning,2,-1,-1,-1,-1,-1,-1,-1,-1,-1,-1,2,-1,2,-1,2,-1,-1,-1,-1,-9,5,-1,-1,-1,-1,5,-1,-1,-1,-9,97,-1,-1,-1,-1,-1,-1,97,-1,-1,0,2,617.4852,2019-02-01,6,3,2,5,-1,1,3,-1,-9,-1,2,-1,2,0,3,-1,9,2,15,-1,10,0,617.4852,-1.0,100.0,IL,USA,17.0,31.0,140602.0,0.0,0.0,41.964652,-87.721017,,,,,,,,,,,,,,,,,,,,,,,,,,,,,,,,,,,,,,,,,,,,,,,,,,,,,,,,,,,,,,,,,,,,,,,,,,,,,,,,,,,,,2019-02-05,4.0,0.0,0.0,1.0,1.0,1.0,1.0,1.0
20003738,1,1,5,survey,2000023,2017-09-25 17:19:00,2017-09-25 17:20:00,14,1,0.864,505,-1,-1,-1,-1.0,-1,-1,-1,-1.0,-1,-1,-1,-1,5.0,27,-1,0,-1.0,-1.0,1,-1,-1,-1,-1,-1,-1,-1,-1,-1,-1,-1,-1,-1,-1,-1,-1,-1,-1,-1,-1,-1,-1,-1,-1,-1,-1,-1,-1,-1,-1,-1,-1,-1,0,0,0,1,1,-1.0,0.0,1.0,-1.0,-1.0,-1.0,-1.0,-1.0,-1.0,-1.0,-1.0,-1.0,-1.0,-1.0,-1.0,-1.0,-1.0,-1.0,-1.0,-1.0,-1.0,-1.0,-1.0,-1.0,-1.0,-1.0,-1.0,-1.0,-1.0,-1.0,-1.0,-1.0,7.0,-9.0,0.165,0.0,0.0,,,,2017-09-26,2,2,2,1,50,-1,-1,1,1,-1,1,2,-1,4,-1,1,1,1,-1,-1,-1,3,9,-1,-9,2,50,5,97,TEACH,97,TECHNOLOGY,4,-1,1,-1,3,-1,-1,-1,-1,-1,-1,-1,4,-1,-1,-1,-8,-1.0,2,-1,-1,1,1,1,1,4,1,1,4,-1,1,0,2,-9.0,-9,1,-1,2,-1,-1,-1,-1,-1,-1,-1,-1,-1,-1,-1,5,2;3,-1,2,3,-1,-1,-1,-9,1,1,-1,-1,-1,-1,-1,-1,-1,-9,6,-1,-1,-1,-1,-1,6,-1,-1,-1,1,3,94.6057,2017-09-25,2,6,3,-9,-1,11,-1,-1,-1,-1,0,-1,1,-9,1,-1,7,2,-1,-1,21,1,94.6057,-1.0,100.0,IL,USA,17.0,97.0,864520.0,0.0,0.0,42.174413,-87.950493,,,,,,,,,,,,,,,,,,,,,,,,,,,,,,,,,,,,,,,,,,,,,,,,,,,,,,,,,,,,,,,,,,,,,,,,,,,,,,,,,,,,,,,,,,,,,
70032713,1,5,2,gps,3000013,2018-12-07 13:52:23,2018-12-08 03:00:00,40,788,2.31,505,-1,-1,2,-1.0,97,-9,-1,-1.0,-1,-1,-1,-1,,9,-1,0,-1,,2,-1,-1,-1,-1,-1,-1,-1,-1,-1,-1,-1,-1,-1,-1,-1,-1,-1,-1,-1,-1,-1,-1,-1,-1,-1,-1,-1,-1,-1,-1,-1,-1,-1,-1,-9,-9,-9,0,,,,,,,,,,,,,,,,,,,,,,,,,,,,,,,,,,,,,,4.0,4.0,1.0,2018-12-04,2,4,2,1,62,-1,-1,1,1,-1,1,2,-1,6,-1,1,2,-1,1,-1,-1,-1,-1,-1,-1,-1,-1,-1,-1,-1,-1,-1,-1,-1,-1,-1,2,5,-1,-1,2,1,-1,-1,3,-1,-1,-1,2,-1.0,-1,-1,-1,2,-1,-1,-1,-1,-1,-1,-1,-1,-1,0,1,0.0,-8,1,SPINE ISSUE,2,-1,-1,-1,-1,-1,-1,-1,-1,-1,-1,1,-1,2,-1,2,-1,-1,-1,-1,-9,2;3,-1,2,3,-1,-1,-1,-1,-1,-9,1;97,1,-1,-1,-1,-1,-1,97,-1,-1,0,3,102.7654,2018-12-03,2,1,2,97,Inconsistent bus schedules.,8,-1,-1,-1,-1,3,-1,1,0,3,-1,2,1,7,-1,3,0,102.7654,-1.0,100.0,IL,USA,17.0,31.0,808002.0,0.0,0.0,42.005064,-87.719439,,,,,,,,,,,,,-9.0,42.033515,-9.0,,,,,,-9.0,-87.751296,-9.0,,,,,,WALKING,BUS,WALKING,,,,,,-9.0,Chicago Transit Authority,-9,,,,,,-9.0,SKOKIE,-9,,,,,,-9.0,97,-9,,,,,,-9.0,MAIN & NILES CENTER,-9,,,,,,-9.0,US 41 / SKOKIE & GOLF,-9,,,,,,0.0,2.0,0.0,,,,,,2018-12-07,1.0,0.0,0.0,1.0,1.0,0.0,1.0,0.0
70043581,3,5,1,gps,10000,2019-02-05 03:00:00,2019-02-05 08:02:24,0,302,0.0,-9,-1,-1,-1,-1.0,-1,-1,-1,-1.0,-1,-1,-1,-1,,-9,-1,-9,-1,,-1,-1,-1,-1,-1,-1,-1,-1,-1,-1,-1,-1,-1,-1,-1,-1,-1,-1,-1,-1,-1,-1,-1,-1,-1,-1,-1,-1,-1,-1,-1,-1,-1,-1,-1,-1,-1,-1,-1,,,,,,,,,,,,,,,,,,,,,,,,,,,,,,,,,,,,,,-9.0,1.0,1.0,2019-02-02,2,2,1,1,25,-1,-1,1,5,-1,2,1,-1,1,-1,1,1,1,-1,-1,-1,1,1,-1,-1,2,21,3,35,-1,44-45,-1,5,-1,1,-1,2,6,-1,-1,2,8,-1,2,2,-1,-1,-1,2,-1.0,-1,-1,-1,1,1,1,1,1,2,-1,4,-1,2,0,2,-9.0,-9,1,Learning,2,-1,-1,-1,-1,-1,-1,-1,-1,-1,-1,2,-1,2,-1,2,-1,-1,-1,-1,-9,5,-1,-1,-1,-1,5,-1,-1,-1,-9,97,-1,-1,-1,-1,-1,-1,97,-1,-1,0,2,617.4852,2019-02-01,6,3,2,5,-1,1,3,-1,-9,-1,2,-1,2,0,3,-1,9,2,15,-1,10,0,617.4852,-1.0,1.0,IL,USA,17.0,31.0,140602.0,0.0,1.0,41.964652,-87.721017,,,,,,,,,,,,,,,,,,,,,,,,,,,,,,,,,,,,,,,,,,,,,,,,,,,,,,,,,,,,,,,,,,,,,,,,,,,,,,,,,,,,,2019-02-05,4.0,0.0,0.0,1.0,1.0,1.0,1.0,1.0
70055972,2,1,1,survey,10000,2019-04-23 03:00:00,2019-04-24 03:00:00,0,1440,-1.0,-1,-1,-1,-1,-1.0,-1,-1,-1,-1.0,-1,-1,-1,-1,-1.0,1,-1,0,-1.0,-1.0,-1,-1,-1,-1,-1,-1,-1,-1,-1,-1,-1,-1,-1,-1,-1,-1,-1,-1,-1,-1,-1,-1,-1,-1,-1,-1,-1,-1,-1,-1,-1,-1,-1,-1,-1,-1,-1,-1,-1,-1.0,0.0,0.0,-1.0,-1.0,-1.0,-1.0,-1.0,-1.0,-1.0,-1.0,-1.0,-1.0,-1.0,-1.0,-1.0,-1.0,-1.0,-1.0,-1.0,-1.0,-1.0,-1.0,-1.0,-1.0,-1.0,-1.0,-1.0,-1.0,-1.0,-1.0,-1.0,1.0,-9.0,-1.0,0.0,0.0,,,,2019-04-25,2,5,1,1,60,-1,-1,2,4,-1,2,1,-1,97,HISPANIC,2,2,-1,7,-1,-1,-1,-1,-1,-1,-1,-1,-1,-1,-1,-1,-1,-1,-1,-1,-1,3,-1,-1,-1,-1,-1,-1,-1,1,-1,-1,-1,-1,-1.0,-1,1,-1,1,-1,-1,-1,-1,-1,-1,-1,-1,-1,0,1,0.0,-8,1,-1,1,4,-1,5,-1,-1,-1,-1,5,-1,-1,2,-1,3,-1,-1,3,-1,-1,-1,-9,5,-1,-1,-1,-1,5,-1,-1,-1,-9,1;4,1,-1,-1,4,-1,-1,-1,-1,-1,0,0,717.1568,2019-04-23,3,3,2,1,-1,8,-1,-1,-1,-1,3,-1,1,0,3,-1,3,2,14,-1,2,0,717.1568,-1.0,1.0,IL,USA,17.0,89.0,851910.0,0.0,1.0,42.059948,-88.34394,,,,,,,,,,,,,,,,,,,,,,,,,,,,,,,,,,,,,,,,,,,,,,,,,,,,,,,,,,,,,,,,,,,,,,,,,,,,,,,,,,,,,,,,,,,,,
30011370,1,1,8,survey,10000,2018-03-15 19:20:00,2018-03-16 03:00:00,9,460,0.857,202,-1,1,-1,-1.0,-1,-1,2,-1.0,-1,-1,4,-1,5.0,1,-1,0,-1.0,-1.0,-1,-1,-1,-1,-1,-1,-1,-1,-1,-1,-1,-1,-1,-1,-1,-1,-1,-1,-1,-1,-1,-1,-1,-1,-1,-1,-1,-1,-1,-1,-1,-1,-1,-1,1,0,1,1,2,-1.0,0.0,0.0,-1.0,-1.0,-1.0,-1.0,-1.0,-1.0,-1.0,-1.0,-1.0,-1.0,-1.0,-1.0,-1.0,-1.0,-1.0,-1.0,-1.0,-1.0,-1.0,-1.0,-1.0,-1.0,-1.0,-1.0,-1.0,-1.0,-1.0,-1.0,-1.0,8.0,-9.0,0.582,0.0,0.0,,,,2018-03-16,2,5,2,1,68,-1,-1,1,1,-1,1,2,-1,1,-1,1,1,1,-1,-1,-1,3,4,-1,-1,2,4,1,97,"consulting, research, writing",97,education,5,-1,6,-1,3,-1,-1,-1,-1,-1,-1,-1,6,-1,-1,-1,1,-1.0,2,-1,-1,1,1,1,1,1,1,2,4,-1,1,0,2,-9.0,-9,1,-1,1,-1,-1,-1,-1,-1,-1,-1,-1,-1,-1,-1,4,2,-1,2,-1,-1,-1,-1,-9,1;2;3,1,2,3,-1,-1,-1,-1,-1,-9,3,-1,-1,3,-1,-1,-1,-1,-1,-1,1,7,278.7314,2018-03-15,5,1,1,-9,-1,2,1,-1,60304,-1,0,-1,1,-9,3,-1,8,2,-1,-1,7,3,278.7314,-1.0,1.0,IL,USA,17.0,31.0,812802.0,0.0,1.0,41.883289,-87.797177,2010.0,48.0,-1.0,48401.0,-1,3.0,-1.0,1.0,-1.0,1.0,3.0,-1.0,,,,,,,,,,,,,,,,,,,,,,,,,,,,,,,,,,,,,,,,,,,,,,,,,,,,,,,,,,,,,,,,,,,,,,,,,,,,,,,,,
70043581,3,7,2,gps,3000017,2019-02-07 19:06:36,2019-02-07 21:10:40,12,124,6.02,-9,-1,-1,-1,-1.0,-1,-1,-1,-1.0,-1,-1,-1,-1,,-9,-1,-9,-1,,-1,-1,-1,-1,-1,-1,-1,-1,-1,-1,-1,-1,-1,-1,-1,-1,-1,-1,-1,-1,-1,-1,-1,-1,-1,-1,-1,-1,-1,-1,-1,-1,-1,-1,-9,-9,-9,-9,-9,,,,,,,,,,,,,,,,,,,,,,,,,,,,,,,,,,,,,,4.0,4.0,1.0,2019-02-02,2,2,1,1,25,-1,-1,1,5,-1,2,1,-1,1,-1,1,1,1,-1,-1,-1,1,1,-1,-1,2,21,3,35,-1,44-45,-1,5,-1,1,-1,2,6,-1,-1,2,8,-1,2,2,-1,-1,-1,2,-1.0,-1,-1,-1,1,1,1,1,1,2,-1,4,-1,2,0,2,-9.0,-9,1,Learning,2,-1,-1,-1,-1,-1,-1,-1,-1,-1,-1,2,-1,2,-1,2,-1,-1,-1,-1,-9,5,-1,-1,-1,-1,5,-1,-1,-1,-9,97,-1,-1,-1,-1,-1,-1,97,-1,-1,0,2,617.4852,2019-02-01,6,3,2,5,-1,1,3,-1,-9,-1,2,-1,2,0,3,-1,9,2,15,-1,10,0,617.4852,-1.0,100.0,IL,USA,17.0,31.0,50200.0,0.0,0.0,41.95774,-87.683717,,,,,,,,,,,,,,,,,,,,,,,,,,,,,,,,,,,,,,,,,,,,,,,,,,,,,,,,,,,,,,,,,,,,,,,,,,,,,,,,,,,,,2019-02-07,2.0,0.0,0.0,1.0,1.0,0.0,0.0,1.0
70043581,3,4,5,gps,10000,2019-02-04 16:43:51,2019-02-05 03:00:00,3,616,0.38,-9,-1,-1,-1,-1.0,-1,-1,-1,-1.0,-1,-1,-1,-1,,-9,-1,-9,-1,,-1,-1,-1,-1,-1,-1,-1,-1,-1,-1,-1,-1,-1,-1,-1,-1,-1,-1,-1,-1,-1,-1,-1,-1,-1,-1,-1,-1,-1,-1,-1,-1,-1,-1,-9,-9,-9,-9,-9,,,,,,,,,,,,,,,,,,,,,,,,,,,,,,,,,,,,,,1.0,1.0,1.0,2019-02-02,2,2,1,1,25,-1,-1,1,5,-1,2,1,-1,1,-1,1,1,1,-1,-1,-1,1,1,-1,-1,2,21,3,35,-1,44-45,-1,5,-1,1,-1,2,6,-1,-1,2,8,-1,2,2,-1,-1,-1,2,-1.0,-1,-1,-1,1,1,1,1,1,2,-1,4,-1,2,0,2,-9.0,-9,1,Learning,2,-1,-1,-1,-1,-1,-1,-1,-1,-1,-1,2,-1,2,-1,2,-1,-1,-1,-1,-9,5,-1,-1,-1,-1,5,-1,-1,-1,-9,97,-1,-1,-1,-1,-1,-1,97,-1,-1,0,2,617.4852,2019-02-01,6,3,2,5,-1,1,3,-1,-9,-1,2,-1,2,0,3,-1,9,2,15,-1,10,0,617.4852,-1.0,1.0,IL,USA,17.0,31.0,140602.0,0.0,1.0,41.964652,-87.721017,,,,,,,,,,,,,,,,,,,,,,,,,,,,,,,,,,,,,,,,,,,,,,,,,,,,,,,,,,,,,,,,,,,,,,,,,,,,,,,,,,,,,2019-02-04,4.0,0.0,0.0,1.0,1.0,1.0,1.0,1.0
70100910,1,1,6,survey,1000002,2019-02-06 16:30:00,2019-02-06 16:36:00,30,6,2.563,501,-1,-1,2,-1.0,8,-1,-1,-1.0,-1,-1,-1,-1,3.0,15,-1,0,-1.0,-1.0,-1,-1,-1,-1,-1,-1,-1,-1,-1,-1,-1,-1,-1,-1,-1,-1,-1,-1,-1,-1,-1,-1,-1,-1,-1,-1,-1,-1,-1,-1,-1,-1,-1,-1,0,0,0,1,1,0.0,0.0,0.0,-1.0,-1.0,-1.0,-1.0,-1.0,-1.0,-1.0,-1.0,-1.0,-1.0,-1.0,-1.0,-1.0,-1.0,-1.0,-1.0,-1.0,-1.0,-1.0,-1.0,-1.0,-1.0,-1.0,-1.0,-1.0,-1.0,-1.0,-1.0,-1.0,6.0,6.0,2.533,0.0,0.0,,,,2019-02-07,3,7,2,1,68,-1,-1,2,1,-1,2,1,-1,6,-1,2,2,-1,7,-1,-1,-1,-1,-1,-1,-1,-1,-1,-1,-1,-1,-1,-1,-1,-1,-1,3,-1,-1,-1,-1,-1,-1,-1,4,-1,-1,-1,2,-1.0,-1,-1,-1,1,-1,-1,-1,-1,-1,-1,-1,-1,-1,-9,-9,-9.0,-9,1,memory issues/back,1,-1,-1,-1,-1,-1,-1,-1,-1,-1,-1,-9,-1,97,-1,-1,-1,97,-1,-1,television,-9,-9,-9,-9,-9,-9,-9,-9,-9,-9,3;6;97,-1,-1,3,-1,-1,6,97,-1,-1,1,7,650.4941,2019-02-06,4,1,0,2,-1,1,3,-1,60623,-1,3,-1,1,0,3,-1,1,2,97,word of mouth,7,0,650.4941,-1.0,97.0,IL,USA,17.0,31.0,150401.0,0.0,0.0,41.964568,-87.772265,,,,,,,,,,,,,-9.0,41.961124,-9.0,,,,,,-9.0,-87.718315,-9.0,,,,,,WALKING,BUS,WALKING,,,,,,-9.0,Chicago Transit Authority,-9,,,,,,-9.0,MONTROSE,-9,,,,,,-9.0,78,-9,,,,,,-9.0,MONTROSE & CENTRAL PARK,-9,,,,,,-9.0,MONTROSE & CENTRAL,-9,,,,,,0.0,0.0,0.0,,,,,,,,,,,,,,
70049768,2,1,2,survey,20002,2019-03-08 09:55:00,2019-03-08 17:30:00,5,455,0.986,504,-1,-1,2,2.0,1,-1,-1,-1.0,-1,-1,-1,-1,2.0,3,-1,3,-1.0,-1.0,-1,-1,-1,-1,-1,-1,-1,-1,-1,-1,-1,-1,-1,-1,-1,-1,-1,-1,-1,-1,-1,-1,-1,-1,-1,-1,-1,-1,-1,-1,-1,-1,-1,-1,0,0,0,1,1,-1.0,0.0,0.0,-1.0,-1.0,-1.0,-1.0,-1.0,-1.0,-1.0,-1.0,-1.0,-1.0,-1.0,-1.0,-1.0,-1.0,-1.0,-1.0,-1.0,-1.0,-1.0,-1.0,-1.0,-1.0,-1.0,-1.0,-1.0,-1.0,-1.0,-1.0,-1.0,2.0,-9.0,0.712,0.0,0.0,,,,2019-03-09,2,5,2,2,49,-1,-1,1,3,-1,2,2,-1,1,-1,2,1,1,-1,-1,-1,1,13,-1,-1,2,22,4,43,-1,44-45,-1,5,-1,1,-1,3,-1,-1,-1,-1,-1,-1,-1,2,-1,-1,-1,2,-1.0,2,-1,-1,2,2,1,1,3,2,-1,4,-1,2,0,2,-9.0,-9,1,-9,1,-1,-1,-1,-1,-1,-1,-1,-1,-1,-1,2,-1,97,-1,-1,-1,97,-1,-1,none,5,-1,-1,-1,-1,5,-1,-1,-1,-9,97,-1,-1,-1,-1,-1,-1,97,-1,-1,0,5,207.8291,2019-03-08,6,2,1,2,-1,50,-1,-1,-1,2,1,-1,1,0,1,-1,-7,2,1,-1,10,0,207.8291,2.0,2.0,IL,USA,17.0,43.0,840101.0,0.0,0.0,41.976522,-87.976488,,,,,,,,,,,,,,,,,,,,,,,,,,,,,,,,,,,,,,,,,,,,,,,,,,,,,,,,,,,,,,,,,,,,,,,,,,,,,,,,,,,,,,,,,,,,,
70002468,1,1,5,survey,2000036,2018-09-10 16:14:05,2018-09-10 18:02:58,38,109,3.871,505,-1,-1,2,-1.0,97,FREE,-1,-1.0,-1,-1,-1,-1,5.0,7,-1,5,-1.0,-1.0,-1,-1,-1,-1,-1,-1,-1,-1,-1,-1,-1,-1,-1,-1,-1,-1,-1,-1,-1,-1,-1,-1,-1,-1,-1,-1,-1,-1,-1,-1,-1,-1,-1,-1,0,0,0,1,1,1.0,0.0,0.0,-1.0,-1.0,-1.0,-1.0,-1.0,-1.0,-1.0,-1.0,-1.0,-1.0,-1.0,-1.0,-1.0,-1.0,-1.0,-1.0,-1.0,-1.0,-1.0,-1.0,-1.0,-1.0,-1.0,-1.0,-1.0,-1.0,-1.0,-1.0,-1.0,5.0,5.0,2.851,0.0,0.0,,,,2018-09-11,2,2,2,1,30,-1,-1,1,1,-1,2,2,-1,2,-1,1,1,1,-1,-1,-1,3,1,-1,-1,2,8,2,19,-1,54,-1,5,-1,6,-1,1,8,-1,-1,2,1,-1,-1,6,-1,-1,-1,2,-1.0,-1,-1,-1,2,1,1,1,2,1,5,4,-1,1,1,1,10.0,5,1,Developmental Disability (Autism),1,-1,-1,-1,-1,-1,-1,-1,-1,-1,-1,1,-1,1;2,1,2,-1,-1,-1,-1,-9,2;3,-1,2,3,-1,-1,-1,-1,-1,-9,97,-1,-1,-1,-1,-1,-1,97,-1,-1,0,6,69.1752,2018-09-10,2,1,0,5,-1,2,3,-1,60612,-1,3,-1,2,0,3,-1,1,2,7,-1,6,0,69.1752,-1.0,100.0,IL,USA,17.0,31.0,81700.0,0.0,0.0,41.892218,-87.631832,,,,,,,,,,,,,-9.0,41.875664,41.885126,-9.0,,,,,-9.0,-87.673619,-87.627918,-9.0,,,,,WALKING,SUBWAY,SUBWAY,WALKING,,,,,-9.0,Chicago Transit Authority,Chicago Transit Authority,-9,,,,,-9.0,BLUE LINE,RED LINE,-9,,,,,-9.0,-9,-9,-9,,,,,-9.0,ILLINOIS MEDICAL DISTRICT,LAKE,-9,,,,,-9.0,WASHINGTON,CHICAGO,-9,,,,,1.0,1.0,1.0,1.0,,,,,,,,,,,,,
70003420,4,1,4,survey,1000001,2018-09-11 15:27:00,2018-09-11 16:31:00,18,64,7.925,202,-1,3,-1,-1.0,-1,-1,-1,-1.0,-1,-1,3,-1,2.0,15,-1,0,-1.0,-1.0,-1,-1,-1,-1,-1,-1,-1,-1,-1,-1,-1,-1,-1,-1,-1,-1,-1,-1,-1,-1,-1,-1,1,-1,-1,-1,-1,-1,-1,-1,-1,-1,-1,-1,1,1,0,2,2,-1.0,0.0,0.0,-1.0,-1.0,-1.0,-1.0,-1.0,-1.0,-1.0,-1.0,-1.0,-1.0,-1.0,-1.0,-1.0,-1.0,-1.0,-1.0,-1.0,-1.0,-1.0,-1.0,-1.0,-1.0,-1.0,-1.0,-1.0,-1.0,-1.0,-1.0,-1.0,4.0,-9.0,5.206,0.0,0.0,,,,2018-09-12,2,5,1,2,25,-1,-1,1,3,-1,2,2,-1,1,-1,2,1,1,-1,-1,-1,1,13,-1,-1,2,14,4,25,-1,51,-1,5,-1,1,-1,3,-1,-1,-1,-1,-1,-1,-1,2,-1,-1,-1,2,-1.0,2,-1,-1,1,-9,-9,-9,-9,-9,-1,-9,-1,-9,-9,-9,-9.0,-9,1,Autism spectrum,1,-1,-1,-1,-1,-1,-1,-1,-1,-1,-1,-9,-1,1,1,-1,-1,-1,-1,-1,-9,-9,-9,-9,-9,-9,-9,-9,-9,-9,-9,97,-1,-1,-1,-1,-1,-1,97,-1,-1,0,4,440.8535,2018-09-11,3,4,3,1,-1,26,-1,-1,-1,-1,1,-1,2,0,1,-1,10,2,8,-1,13,0,440.8535,-1.0,97.0,IL,USA,17.0,197.0,880121.0,0.0,0.0,41.671772,-88.11902,1999.0,12.0,-1.0,12017.0,-1,1.0,-1.0,1.0,-1.0,1.0,3.0,-1.0,,,,,,,,,,,,,,,,,,,,,,,,,,,,,,,,,,,,,,,,,,,,,,,,,,,,,,,,,,,,,,,,,,,,,,,,,,,,,,,,,
70043581,3,1,2,survey,30002,2019-02-01 11:49:38,2019-02-01 17:56:02,14,366,0.821,101,-1,-1,-1,-1.0,-1,-1,-1,-1.0,-1,-1,-1,-1,4.0,3,-1,0,-1.0,-1.0,-1,-1,-1,-1,-1,-1,-1,-1,-1,-1,-1,-1,-1,-1,-1,-1,-1,-1,-1,-1,-1,-1,-1,-1,-1,-1,-1,-1,-1,-1,-1,-1,-1,-1,0,0,0,1,1,-1.0,0.0,0.0,-1.0,-1.0,-1.0,-1.0,-1.0,-1.0,-1.0,-1.0,-1.0,-1.0,-1.0,-1.0,-1.0,-1.0,-1.0,-1.0,-1.0,-1.0,-1.0,-1.0,-1.0,-1.0,-1.0,-1.0,-1.0,-1.0,-1.0,-1.0,-1.0,2.0,-9.0,0.738,0.0,0.0,,,,2019-02-02,2,2,1,1,25,-1,-1,1,5,-1,2,1,-1,1,-1,1,1,1,-1,-1,-1,1,1,-1,-1,2,21,3,35,-1,44-45,-1,5,-1,1,-1,2,6,-1,-1,2,8,-1,2,2,-1,-1,-1,2,-1.0,-1,-1,-1,1,1,1,1,1,2,-1,4,-1,2,0,2,-9.0,-9,1,Learning,2,-1,-1,-1,-1,-1,-1,-1,-1,-1,-1,2,-1,2,-1,2,-1,-1,-1,-1,-9,5,-1,-1,-1,-1,5,-1,-1,-1,-9,97,-1,-1,-1,-1,-1,-1,97,-1,-1,0,2,617.4852,2019-02-01,6,3,2,5,-1,1,3,-1,-9,-1,2,-1,2,0,3,-1,9,2,15,-1,10,0,617.4852,3.0,2.0,IL,USA,17.0,31.0,160400.0,0.0,0.0,41.957366,-87.722824,,,,,,,,,,,,,,,,,,,,,,,,,,,,,,,,,,,,,,,,,,,,,,,,,,,,,,,,,,,,,,,,,,,,,,,,,,,,,,,,,,,,,,,,,,,,,
70043581,3,6,3,gps,10003,2019-02-06 10:33:04,2019-02-06 14:11:46,19,219,3.35,-9,-1,-1,-1,-1.0,-1,-1,-1,-1.0,-1,-1,-1,-1,,-9,-1,-9,-1,,-1,-1,-1,-1,-1,-1,-1,-1,-1,-1,-1,-1,-1,-1,-1,-1,-1,-1,-1,-1,-1,-1,-1,-1,-1,-1,-1,-1,-1,-1,-1,-1,-1,-1,-9,-9,-9,-9,-9,,,,,,,,,,,,,,,,,,,,,,,,,,,,,,,,,,,,,,4.0,3.0,1.0,2019-02-02,2,2,1,1,25,-1,-1,1,5,-1,2,1,-1,1,-1,1,1,1,-1,-1,-1,1,1,-1,-1,2,21,3,35,-1,44-45,-1,5,-1,1,-1,2,6,-1,-1,2,8,-1,2,2,-1,-1,-1,2,-1.0,-1,-1,-1,1,1,1,1,1,2,-1,4,-1,2,0,2,-9.0,-9,1,Learning,2,-1,-1,-1,-1,-1,-1,-1,-1,-1,-1,2,-1,2,-1,2,-1,-1,-1,-1,-9,5,-1,-1,-1,-1,5,-1,-1,-1,-9,97,-1,-1,-1,-1,-1,-1,97,-1,-1,0,2,617.4852,2019-02-01,6,3,2,5,-1,1,3,-1,-9,-1,2,-1,2,0,3,-1,9,2,15,-1,10,0,617.4852,1.0,3.0,IL,USA,17.0,31.0,170100.0,0.0,0.0,41.95586,-87.794817,,,,,,,,,,,,,,,,,,,,,,,,,,,,,,,,,,,,,,,,,,,,,,,,,,,,,,,,,,,,,,,,,,,,,,,,,,,,,,,,,,,,,2019-02-06,7.0,0.0,0.0,1.0,1.0,1.0,1.0,0.0
70032713,1,6,1,gps,3000013,2018-12-08 03:00:00,2018-12-09 03:00:00,0,1440,0.0,505,-1,-1,2,-1.0,97,-9,-1,-1.0,-1,-1,-1,-1,,9,-1,0,-1,,2,-1,-1,-1,-1,-1,-1,-1,-1,-1,-1,-1,-1,-1,-1,-1,-1,-1,-1,-1,-1,-1,-1,-1,-1,-1,-1,-1,-1,-1,-1,-1,-1,-1,-1,-1,-1,-1,-1,,,,,,,,,,,,,,,,,,,,,,,,,,,,,,,,,,,,,,-9.0,4.0,1.0,2018-12-04,2,4,2,1,62,-1,-1,1,1,-1,1,2,-1,6,-1,1,2,-1,1,-1,-1,-1,-1,-1,-1,-1,-1,-1,-1,-1,-1,-1,-1,-1,-1,-1,2,5,-1,-1,2,1,-1,-1,3,-1,-1,-1,2,-1.0,-1,-1,-1,2,-1,-1,-1,-1,-1,-1,-1,-1,-1,0,1,0.0,-8,1,SPINE ISSUE,2,-1,-1,-1,-1,-1,-1,-1,-1,-1,-1,1,-1,2,-1,2,-1,-1,-1,-1,-9,2;3,-1,2,3,-1,-1,-1,-1,-1,-9,1;97,1,-1,-1,-1,-1,-1,97,-1,-1,0,3,102.7654,2018-12-03,2,1,2,97,Inconsistent bus schedules.,8,-1,-1,-1,-1,3,-1,1,0,3,-1,2,1,7,-1,3,0,102.7654,-1.0,100.0,IL,USA,17.0,31.0,808002.0,0.0,0.0,42.005064,-87.719439,,,,,,,,,,,,,,,,,,,,,,,,,,,,,,,,,,,,,,,,,,,,,,,,,,,,,,,,,,,,,,,,,,,,,,,,,,,,,,,,,,,,,2018-12-08,0.0,0.0,0.0,1.0,-9.0,0.0,0.0,0.0
70043581,3,4,1,gps,10000,2019-02-04 03:00:00,2019-02-04 09:51:29,0,411,0.0,-9,-1,-1,-1,-1.0,-1,-1,-1,-1.0,-1,-1,-1,-1,,-9,-1,-9,-1,,-1,-1,-1,-1,-1,-1,-1,-1,-1,-1,-1,-1,-1,-1,-1,-1,-1,-1,-1,-1,-1,-1,-1,-1,-1,-1,-1,-1,-1,-1,-1,-1,-1,-1,-1,-1,-1,-1,-1,,,,,,,,,,,,,,,,,,,,,,,,,,,,,,,,,,,,,,-9.0,1.0,1.0,2019-02-02,2,2,1,1,25,-1,-1,1,5,-1,2,1,-1,1,-1,1,1,1,-1,-1,-1,1,1,-1,-1,2,21,3,35,-1,44-45,-1,5,-1,1,-1,2,6,-1,-1,2,8,-1,2,2,-1,-1,-1,2,-1.0,-1,-1,-1,1,1,1,1,1,2,-1,4,-1,2,0,2,-9.0,-9,1,Learning,2,-1,-1,-1,-1,-1,-1,-1,-1,-1,-1,2,-1,2,-1,2,-1,-1,-1,-1,-9,5,-1,-1,-1,-1,5,-1,-1,-1,-9,97,-1,-1,-1,-1,-1,-1,97,-1,-1,0,2,617.4852,2019-02-01,6,3,2,5,-1,1,3,-1,-9,-1,2,-1,2,0,3,-1,9,2,15,-1,10,0,617.4852,-1.0,1.0,IL,USA,17.0,31.0,140602.0,0.0,1.0,41.964652,-87.721017,,,,,,,,,,,,,,,,,,,,,,,,,,,,,,,,,,,,,,,,,,,,,,,,,,,,,,,,,,,,,,,,,,,,,,,,,,,,,,,,,,,,,2019-02-04,4.0,0.0,0.0,1.0,1.0,1.0,1.0,1.0
70043581,3,7,3,gps,10000,2019-02-07 21:11:12,2019-02-07 21:11:12,1,0,2.07,-9,-1,-1,-1,-1.0,-1,-1,-1,-1.0,-1,-1,-1,-1,,-9,-1,-9,-1,,-1,-1,-1,-1,-1,-1,-1,-1,-1,-1,-1,-1,-1,-1,-1,-1,-1,-1,-1,-1,-1,-1,-1,-1,-1,-1,-1,-1,-1,-1,-1,-1,-1,-1,-9,-9,-9,-9,-9,,,,,,,,,,,,,,,,,,,,,,,,,,,,,,,,,,,,,,2.0,1.0,1.0,2019-02-02,2,2,1,1,25,-1,-1,1,5,-1,2,1,-1,1,-1,1,1,1,-1,-1,-1,1,1,-1,-1,2,21,3,35,-1,44-45,-1,5,-1,1,-1,2,6,-1,-1,2,8,-1,2,2,-1,-1,-1,2,-1.0,-1,-1,-1,1,1,1,1,1,2,-1,4,-1,2,0,2,-9.0,-9,1,Learning,2,-1,-1,-1,-1,-1,-1,-1,-1,-1,-1,2,-1,2,-1,2,-1,-1,-1,-1,-9,5,-1,-1,-1,-1,5,-1,-1,-1,-9,97,-1,-1,-1,-1,-1,-1,97,-1,-1,0,2,617.4852,2019-02-01,6,3,2,5,-1,1,3,-1,-9,-1,2,-1,2,0,3,-1,9,2,15,-1,10,0,617.4852,-1.0,1.0,IL,USA,17.0,31.0,140602.0,0.0,1.0,41.964652,-87.721017,,,,,,,,,,,,,,,,,,,,,,,,,,,,,,,,,,,,,,,,,,,,,,,,,,,,,,,,,,,,,,,,,,,,,,,,,,,,,,,,,,,,,2019-02-07,2.0,0.0,0.0,1.0,1.0,0.0,0.0,1.0
70002468,1,1,2,survey,10000,2018-09-10 04:10:52,2018-09-10 12:57:55,71,527,11.718,501,-1,-1,2,-1.0,97,FREE,-1,-1.0,-1,-1,-1,-1,4.0,1,-1,0,-1.0,-1.0,-1,-1,-1,-1,-1,-1,-1,-1,-1,-1,-1,-1,-1,-1,-1,-1,-1,-1,-1,-1,-1,-1,-1,-1,-1,-1,-1,-1,-1,-1,-1,-1,-1,-1,0,0,0,1,1,1.0,0.0,0.0,-1.0,-1.0,-1.0,-1.0,-1.0,-1.0,-1.0,-1.0,-1.0,-1.0,-1.0,-1.0,-1.0,-1.0,-1.0,-1.0,-1.0,-1.0,-1.0,-1.0,-1.0,-1.0,-1.0,-1.0,-1.0,-1.0,-1.0,-1.0,-1.0,2.0,2.0,8.317,0.0,0.0,,,,2018-09-11,2,2,2,1,30,-1,-1,1,1,-1,2,2,-1,2,-1,1,1,1,-1,-1,-1,3,1,-1,-1,2,8,2,19,-1,54,-1,5,-1,6,-1,1,8,-1,-1,2,1,-1,-1,6,-1,-1,-1,2,-1.0,-1,-1,-1,2,1,1,1,2,1,5,4,-1,1,1,1,10.0,5,1,Developmental Disability (Autism),1,-1,-1,-1,-1,-1,-1,-1,-1,-1,-1,1,-1,1;2,1,2,-1,-1,-1,-1,-9,2;3,-1,2,3,-1,-1,-1,-1,-1,-9,97,-1,-1,-1,-1,-1,-1,97,-1,-1,0,6,69.1752,2018-09-10,2,1,0,5,-1,2,3,-1,60612,-1,3,-1,2,0,3,-1,1,2,7,-1,6,0,69.1752,-1.0,1.0,IL,USA,17.0,31.0,838200.0,0.0,1.0,41.870416,-87.675079,,,,,,,,,,,,,-9.0,41.758403,41.759464,-9.0,,,,,-9.0,-87.615128,-87.663655,-9.0,,,,,WALKING,BUS,BUS,WALKING,,,,,-9.0,Chicago Transit Authority,Chicago Transit Authority,-9,,,,,-9.0,74TH-75TH,ASHLAND EXPRESS,-9,,,,,-9.0,75,X9,-9,,,,,-9.0,75TH & MARTIN LUTHER KING DR,ASHLAND & 74TH,-9,,,,,-9.0,ASHLAND & 74TH,ASHLAND,-9,,,,,2.0,2.0,2.0,2.0,,,,,,,,,,,,,
20003738,1,4,1,gps,10000,2017-09-28 03:00:00,2017-09-28 17:06:00,0,846,0.0,202,-1,-9,-1,-1.0,-1,-1,-9,-1.0,-1,-1,4,-1,,1,-1,0,-1,,2,-1,-1,-1,-1,-1,-1,-1,-1,-1,-1,-1,-1,-1,-1,-1,-1,-1,-1,-1,-1,-1,-1,2,-1,4,5,6,-1,-1,-1,-1,-1,-1,-1,-1,-1,-1,-1,,,,,,,,,,,,,,,,,,,,,,,,,,,,,,,,,,,,,,-9.0,1.0,1.0,2017-09-26,2,2,2,1,50,-1,-1,1,1,-1,1,2,-1,4,-1,1,1,1,-1,-1,-1,3,9,-1,-9,2,50,5,97,TEACH,97,TECHNOLOGY,4,-1,1,-1,3,-1,-1,-1,-1,-1,-1,-1,4,-1,-1,-1,-8,-1.0,2,-1,-1,1,1,1,1,4,1,1,4,-1,1,0,2,-9.0,-9,1,-1,2,-1,-1,-1,-1,-1,-1,-1,-1,-1,-1,-1,5,2;3,-1,2,3,-1,-1,-1,-9,1,1,-1,-1,-1,-1,-1,-1,-1,-9,6,-1,-1,-1,-1,-1,6,-1,-1,-1,1,3,94.6057,2017-09-25,2,6,3,-9,-1,11,-1,-1,-1,-1,0,-1,1,-9,1,-1,7,2,-1,-1,21,1,94.6057,-1.0,1.0,IL,USA,17.0,97.0,861014.0,0.0,1.0,42.396164,-88.035365,,,,,,,,,,,,,,,,,,,,,,,,,,,,,,,,,,,,,,,,,,,,,,,,,,,,,,,,,,,,,,,,,,,,,,,,,,,,,,,,,,,,,2017-09-28,7.0,0.0,0.0,1.0,1.0,0.0,1.0,1.0
30011370,1,1,6,survey,10000,2018-03-15 16:15:00,2018-03-15 19:00:00,45,165,8.24,202,-1,1,-1,-1.0,-1,-1,2,-1.0,-1,-1,4,-1,5.0,1,-1,0,-1.0,-1.0,-1,-1,-1,-1,-1,-1,-1,-1,-1,-1,-1,-1,-1,-1,-1,-1,-1,-1,-1,-1,-1,-1,-1,-1,-1,-1,-1,-1,-1,-1,-1,-1,-1,-1,0,0,0,1,1,-1.0,0.0,0.0,-1.0,-1.0,-1.0,-1.0,-1.0,-1.0,-1.0,-1.0,-1.0,-1.0,-1.0,-1.0,-1.0,-1.0,-1.0,-1.0,-1.0,-1.0,-1.0,-1.0,-1.0,-1.0,-1.0,-1.0,-1.0,-1.0,-1.0,-1.0,-1.0,6.0,-9.0,6.239,0.0,0.0,,,,2018-03-16,2,5,2,1,68,-1,-1,1,1,-1,1,2,-1,1,-1,1,1,1,-1,-1,-1,3,4,-1,-1,2,4,1,97,"consulting, research, writing",97,education,5,-1,6,-1,3,-1,-1,-1,-1,-1,-1,-1,6,-1,-1,-1,1,-1.0,2,-1,-1,1,1,1,1,1,1,2,4,-1,1,0,2,-9.0,-9,1,-1,1,-1,-1,-1,-1,-1,-1,-1,-1,-1,-1,-1,4,2,-1,2,-1,-1,-1,-1,-9,1;2;3,1,2,3,-1,-1,-1,-1,-1,-9,3,-1,-1,3,-1,-1,-1,-1,-1,-1,1,7,278.7314,2018-03-15,5,1,1,-9,-1,2,1,-1,60304,-1,0,-1,1,-9,3,-1,8,2,-1,-1,7,3,278.7314,-1.0,1.0,IL,USA,17.0,31.0,812802.0,0.0,1.0,41.883289,-87.797177,2010.0,48.0,-1.0,48401.0,-1,3.0,-1.0,1.0,-1.0,1.0,3.0,-1.0,,,,,,,,,,,,,,,,,,,,,,,,,,,,,,,,,,,,,,,,,,,,,,,,,,,,,,,,,,,,,,,,,,,,,,,,,,,,,,,,,
70055319,2,1,1,survey,10000,2019-04-04 03:00:00,2019-04-04 10:30:00,0,450,-1.0,-1,-1,-1,-1,-1.0,-1,-1,-1,-1.0,-1,-1,-1,-1,-1.0,1,-1,0,-1.0,-1.0,-1,-1,-1,-1,-1,-1,-1,-1,-1,-1,-1,-1,-1,-1,-1,-1,-1,-1,-1,-1,-1,-1,-1,-1,-1,-1,-1,-1,-1,-1,-1,-1,-1,-1,-1,-1,-1,-1,-1,-1.0,0.0,0.0,-1.0,-1.0,-1.0,-1.0,-1.0,-1.0,-1.0,-1.0,-1.0,-1.0,-1.0,-1.0,-1.0,-1.0,-1.0,-1.0,-1.0,-1.0,-1.0,-1.0,-1.0,-1.0,-1.0,-1.0,-1.0,-1.0,-1.0,-1.0,-1.0,1.0,-9.0,-1.0,0.0,0.0,,,,2019-05-07,2,5,2,2,51,-1,-1,1,97,AUNT/UNCLE,2,2,-1,4,-1,1,1,1,-1,-1,-1,3,8,-1,2,2,25,3,97,Mechanic,81,-1,5,-1,6,-1,3,-1,-1,-1,-1,-1,-1,-1,2,-1,-1,-1,2,-1.0,-1,-1,-1,1,1,1,1,1,2,-1,4,-1,2,0,2,-9.0,-9,1,-1,2,-1,-1,-1,-1,-1,-1,-1,-1,-1,-1,2,-1,2,-1,2,-1,-1,-1,-1,-9,5,-1,-1,-1,-1,5,-1,-1,-1,-9,6,-1,-1,-1,-1,-1,6,-1,-1,-1,0,5,71.2012,2019-04-04,5,2,1,4,-1,5,3,-1,60707,-1,4,-1,1,0,3,-1,2,2,13,-1,10,0,71.2012,-1.0,1.0,IL,USA,17.0,31.0,838100.0,0.0,1.0,41.878667,-87.671689,,,,,,,,,,,,,,,,,,,,,,,,,,,,,,,,,,,,,,,,,,,,,,,,,,,,,,,,,,,,,,,,,,,,,,,,,,,,,,,,,,,,,,,,,,,,,
70055319,2,1,2,survey,1000007,2019-04-04 11:00:00,2019-04-04 14:00:00,30,180,0.904,101,-1,-1,-1,-1.0,-1,-1,-1,-1.0,-1,-1,-1,-1,2.0,12,-1,17,-1.0,-1.0,-1,-1,-1,-1,-1,-1,-1,-1,-1,-1,-1,-1,-1,-1,-1,-1,-1,-1,-1,-1,-1,-1,-1,-1,-1,-1,-1,-1,-1,-1,-1,-1,-1,-1,0,0,0,1,1,-1.0,0.0,0.0,-1.0,-1.0,-1.0,-1.0,-1.0,-1.0,-1.0,-1.0,-1.0,-1.0,-1.0,-1.0,-1.0,-1.0,-1.0,-1.0,-1.0,-1.0,-1.0,-1.0,-1.0,-1.0,-1.0,-1.0,-1.0,-1.0,-1.0,-1.0,-1.0,2.0,-9.0,0.74,0.0,0.0,,,,2019-05-07,2,5,2,2,51,-1,-1,1,97,AUNT/UNCLE,2,2,-1,4,-1,1,1,1,-1,-1,-1,3,8,-1,2,2,25,3,97,Mechanic,81,-1,5,-1,6,-1,3,-1,-1,-1,-1,-1,-1,-1,2,-1,-1,-1,2,-1.0,-1,-1,-1,1,1,1,1,1,2,-1,4,-1,2,0,2,-9.0,-9,1,-1,2,-1,-1,-1,-1,-1,-1,-1,-1,-1,-1,2,-1,2,-1,2,-1,-1,-1,-1,-9,5,-1,-1,-1,-1,5,-1,-1,-1,-9,6,-1,-1,-1,-1,-1,6,-1,-1,-1,0,5,71.2012,2019-04-04,5,2,1,4,-1,5,3,-1,60707,-1,4,-1,1,0,3,-1,2,2,13,-1,10,0,71.2012,-1.0,97.0,IL,USA,17.0,31.0,838200.0,0.0,0.0,41.870416,-87.675079,,,,,,,,,,,,,,,,,,,,,,,,,,,,,,,,,,,,,,,,,,,,,,,,,,,,,,,,,,,,,,,,,,,,,,,,,,,,,,,,,,,,,,,,,,,,,
20003738,1,1,7,survey,10406,2017-09-25 18:03:00,2017-09-25 18:05:00,8,2,1.188,505,-1,1,-1,-1.0,-1,-1,-1,-1.0,-1,-1,-1,-1,3.0,16,-1,0,-1.0,-1.0,2,-1,-1,-1,-1,-1,-1,-1,-1,-1,-1,-1,-1,-1,-1,-1,-1,-1,-1,-1,-1,-1,-1,2,-1,-1,-1,-1,-1,-1,-1,-1,-1,-1,1,1,0,2,2,0.0,0.0,0.0,-1.0,-1.0,-1.0,-1.0,-1.0,-1.0,-1.0,-1.0,-1.0,-1.0,-1.0,-1.0,-1.0,-1.0,-1.0,-1.0,-1.0,-1.0,-1.0,-1.0,-1.0,-1.0,-1.0,-1.0,-1.0,-1.0,-1.0,-1.0,-1.0,7.0,7.0,0.691,0.0,0.0,,,,2017-09-26,2,2,2,1,50,-1,-1,1,1,-1,1,2,-1,4,-1,1,1,1,-1,-1,-1,3,9,-1,-9,2,50,5,97,TEACH,97,TECHNOLOGY,4,-1,1,-1,3,-1,-1,-1,-1,-1,-1,-1,4,-1,-1,-1,-8,-1.0,2,-1,-1,1,1,1,1,4,1,1,4,-1,1,0,2,-9.0,-9,1,-1,2,-1,-1,-1,-1,-1,-1,-1,-1,-1,-1,-1,5,2;3,-1,2,3,-1,-1,-1,-9,1,1,-1,-1,-1,-1,-1,-1,-1,-9,6,-1,-1,-1,-1,-1,6,-1,-1,-1,1,3,94.6057,2017-09-25,2,6,3,-9,-1,11,-1,-1,-1,-1,0,-1,1,-9,1,-1,7,2,-1,-1,21,1,94.6057,-1.0,4.0,IL,USA,17.0,97.0,861011.0,0.0,0.0,42.400308,-88.081102,2014.0,48.0,-1.0,48403.0,-1,1.0,-1.0,1.0,-1.0,2.0,3.0,-1.0,-9.0,42.168589,-9.0,,,,,,-9.0,-87.941285,-9.0,,,,,,WALKING,HEAVY_RAIL,KISS AND RIDE,,,,,,-9.0,Metra,-9,,,,,,-9.0,NORTH CENTRAL SERVICE,-9,,,,,,-9.0,109,-9,,,,,,-9.0,BUFFALO GROVE,-9,,,,,,-9.0,ROUND LAKE BEACH,-9,,,,,,0.0,2.0,0.0,,,,,,,,,,,,,,
70032713,1,1,2,survey,2000024,2018-12-03 10:03:46,2018-12-03 10:29:26,25,25,1.919,501,-1,-1,2,-1.0,8,-1,-1,-1.0,-1,-1,-1,-1,2.0,12,-1,0,-1.0,-1.0,-1,-1,-1,-1,-1,-1,-1,-1,-1,-1,-1,-1,-1,-1,-1,-1,-1,-1,-1,-1,-1,-1,-1,-1,-1,-1,-1,-1,-1,-1,-1,-1,-1,-1,0,0,0,1,1,0.0,0.0,0.0,-1.0,-1.0,-1.0,-1.0,-1.0,-1.0,-1.0,-1.0,-1.0,-1.0,-1.0,-1.0,-1.0,-1.0,-1.0,-1.0,-1.0,-1.0,-1.0,-1.0,-1.0,-1.0,-1.0,-1.0,-1.0,-1.0,-1.0,-1.0,-1.0,2.0,2.0,1.678,0.0,0.0,,,,2018-12-04,2,4,2,1,62,-1,-1,1,1,-1,1,2,-1,6,-1,1,2,-1,1,-1,-1,-1,-1,-1,-1,-1,-1,-1,-1,-1,-1,-1,-1,-1,-1,-1,2,5,-1,-1,2,1,-1,-1,3,-1,-1,-1,2,-1.0,-1,-1,-1,2,-1,-1,-1,-1,-1,-1,-1,-1,-1,0,1,0.0,-8,1,SPINE ISSUE,2,-1,-1,-1,-1,-1,-1,-1,-1,-1,-1,1,-1,2,-1,2,-1,-1,-1,-1,-9,2;3,-1,2,3,-1,-1,-1,-1,-1,-9,1;97,1,-1,-1,-1,-1,-1,97,-1,-1,0,3,102.7654,2018-12-03,2,1,2,97,Inconsistent bus schedules.,8,-1,-1,-1,-1,3,-1,1,0,3,-1,2,1,7,-1,3,0,102.7654,-1.0,100.0,IL,USA,17.0,31.0,806801.0,0.0,0.0,42.056381,-87.739538,,,,,,,,,,,,,-9.0,42.033515,-9.0,,,,,,-9.0,-87.751296,-9.0,,,,,,WALKING,BUS,WALKING,,,,,,-9.0,Chicago Transit Authority,-9,,,,,,-9.0,SKOKIE,-9,,,,,,-9.0,97,-9,,,,,,-9.0,MAIN & NILES CENTER,-9,,,,,,-9.0,US 41 / SKOKIE & GOLF,-9,,,,,,0.0,2.0,0.0,,,,,,,,,,,,,,
30011370,1,1,4,survey,10000,2018-03-15 11:40:00,2018-03-15 12:30:00,10,50,0.612,202,-1,1,-1,-1.0,-1,-1,2,-1.0,-1,-1,4,-1,5.0,1,-1,17,-1.0,-1.0,-1,-1,-1,-1,-1,-1,-1,-1,-1,-1,-1,-1,-1,-1,-1,-1,-1,-1,-1,-1,-1,-1,-1,-1,-1,-1,-1,-1,-1,-1,-1,-1,-1,-1,0,0,0,1,1,-1.0,0.0,0.0,-1.0,-1.0,-1.0,-1.0,-1.0,-1.0,-1.0,-1.0,-1.0,-1.0,-1.0,-1.0,-1.0,-1.0,-1.0,-1.0,-1.0,-1.0,-1.0,-1.0,-1.0,-1.0,-1.0,-1.0,-1.0,-1.0,-1.0,-1.0,-1.0,4.0,-9.0,0.441,0.0,302.0,,,,2018-03-16,2,5,2,1,68,-1,-1,1,1,-1,1,2,-1,1,-1,1,1,1,-1,-1,-1,3,4,-1,-1,2,4,1,97,"consulting, research, writing",97,education,5,-1,6,-1,3,-1,-1,-1,-1,-1,-1,-1,6,-1,-1,-1,1,-1.0,2,-1,-1,1,1,1,1,1,1,2,4,-1,1,0,2,-9.0,-9,1,-1,1,-1,-1,-1,-1,-1,-1,-1,-1,-1,-1,-1,4,2,-1,2,-1,-1,-1,-1,-9,1;2;3,1,2,3,-1,-1,-1,-1,-1,-9,3,-1,-1,3,-1,-1,-1,-1,-1,-1,1,7,278.7314,2018-03-15,5,1,1,-9,-1,2,1,-1,60304,-1,0,-1,1,-9,3,-1,8,2,-1,-1,7,3,278.7314,-1.0,1.0,IL,USA,17.0,31.0,812802.0,0.0,1.0,41.883289,-87.797177,2010.0,48.0,-1.0,48401.0,-1,3.0,-1.0,1.0,-1.0,1.0,3.0,-1.0,,,,,,,,,,,,,,,,,,,,,,,,,,,,,,,,,,,,,,,,,,,,,,,,,,,,,,,,,,,,,,,,,,,,,,,,,,,,,,,,,
70032713,1,7,1,gps,3000013,2018-12-09 03:00:00,2018-12-09 11:01:37,0,482,0.0,505,-1,-1,2,-1.0,97,-9,-1,-1.0,-1,-1,-1,-1,,9,-1,0,-1,,2,-1,-1,-1,-1,-1,-1,-1,-1,-1,-1,-1,-1,-1,-1,-1,-1,-1,-1,-1,-1,-1,-1,-1,-1,-1,-1,-1,-1,-1,-1,-1,-1,-1,-1,-1,-1,-1,-1,,,,,,,,,,,,,,,,,,,,,,,,,,,,,,,,,,,,,,-9.0,4.0,1.0,2018-12-04,2,4,2,1,62,-1,-1,1,1,-1,1,2,-1,6,-1,1,2,-1,1,-1,-1,-1,-1,-1,-1,-1,-1,-1,-1,-1,-1,-1,-1,-1,-1,-1,2,5,-1,-1,2,1,-1,-1,3,-1,-1,-1,2,-1.0,-1,-1,-1,2,-1,-1,-1,-1,-1,-1,-1,-1,-1,0,1,0.0,-8,1,SPINE ISSUE,2,-1,-1,-1,-1,-1,-1,-1,-1,-1,-1,1,-1,2,-1,2,-1,-1,-1,-1,-9,2;3,-1,2,3,-1,-1,-1,-1,-1,-9,1;97,1,-1,-1,-1,-1,-1,97,-1,-1,0,3,102.7654,2018-12-03,2,1,2,97,Inconsistent bus schedules.,8,-1,-1,-1,-1,3,-1,1,0,3,-1,2,1,7,-1,3,0,102.7654,-1.0,100.0,IL,USA,17.0,31.0,808002.0,0.0,0.0,42.005064,-87.719439,,,,,,,,,,,,,,,,,,,,,,,,,,,,,,,,,,,,,,,,,,,,,,,,,,,,,,,,,,,,,,,,,,,,,,,,,,,,,,,,,,,,,2018-12-09,4.0,0.0,0.0,1.0,1.0,2.0,0.0,1.0
70043581,3,5,4,gps,30002,2019-02-05 13:53:11,2019-02-05 14:09:58,28,17,3.39,-9,-1,-1,-1,-1.0,-1,-1,-1,-1.0,-1,-1,-1,-1,,-9,-1,-9,-1,,-1,-1,-1,-1,-1,-1,-1,-1,-1,-1,-1,-1,-1,-1,-1,-1,-1,-1,-1,-1,-1,-1,-1,-1,-1,-1,-1,-1,-1,-1,-1,-1,-1,-1,-9,-9,-9,-9,-9,,,,,,,,,,,,,,,,,,,,,,,,,,,,,,,,,,,,,,1.0,4.0,1.0,2019-02-02,2,2,1,1,25,-1,-1,1,5,-1,2,1,-1,1,-1,1,1,1,-1,-1,-1,1,1,-1,-1,2,21,3,35,-1,44-45,-1,5,-1,1,-1,2,6,-1,-1,2,8,-1,2,2,-1,-1,-1,2,-1.0,-1,-1,-1,1,1,1,1,1,2,-1,4,-1,2,0,2,-9.0,-9,1,Learning,2,-1,-1,-1,-1,-1,-1,-1,-1,-1,-1,2,-1,2,-1,2,-1,-1,-1,-1,-9,5,-1,-1,-1,-1,5,-1,-1,-1,-9,97,-1,-1,-1,-1,-1,-1,97,-1,-1,0,2,617.4852,2019-02-01,6,3,2,5,-1,1,3,-1,-9,-1,2,-1,2,0,3,-1,9,2,15,-1,10,0,617.4852,3.0,2.0,IL,USA,17.0,31.0,160400.0,0.0,0.0,41.957366,-87.722824,,,,,,,,,,,,,,,,,,,,,,,,,,,,,,,,,,,,,,,,,,,,,,,,,,,,,,,,,,,,,,,,,,,,,,,,,,,,,,,,,,,,,2019-02-05,4.0,0.0,0.0,1.0,1.0,1.0,1.0,1.0
70032713,1,3,3,gps,10000,2018-12-05 12:53:43,2018-12-06 03:00:00,0,846,3.11,501,-1,-1,2,-1.0,97,-9,-1,-1.0,-1,-1,-1,-1,,97,Retired for the evening.,0,-1,,-1,-1,-1,-1,-1,-1,-1,-1,-1,-1,-1,-1,-1,-1,-1,-1,-1,-1,-1,-1,-1,-1,-1,-1,-1,-1,-1,-1,-1,-1,-1,-1,-1,-1,-1,-9,-9,-9,0,,,,,,,,,,,,,,,,,,,,,,,,,,,,,,,,,,,,,,1.0,1.0,1.0,2018-12-04,2,4,2,1,62,-1,-1,1,1,-1,1,2,-1,6,-1,1,2,-1,1,-1,-1,-1,-1,-1,-1,-1,-1,-1,-1,-1,-1,-1,-1,-1,-1,-1,2,5,-1,-1,2,1,-1,-1,3,-1,-1,-1,2,-1.0,-1,-1,-1,2,-1,-1,-1,-1,-1,-1,-1,-1,-1,0,1,0.0,-8,1,SPINE ISSUE,2,-1,-1,-1,-1,-1,-1,-1,-1,-1,-1,1,-1,2,-1,2,-1,-1,-1,-1,-9,2;3,-1,2,3,-1,-1,-1,-1,-1,-9,1;97,1,-1,-1,-1,-1,-1,97,-1,-1,0,3,102.7654,2018-12-03,2,1,2,97,Inconsistent bus schedules.,8,-1,-1,-1,-1,3,-1,1,0,3,-1,2,1,7,-1,3,0,102.7654,-1.0,1.0,IL,USA,17.0,31.0,807400.0,0.0,1.0,42.028194,-87.739844,,,,,,,,,,,,,-9.0,42.055308,-9.0,,,,,,-9.0,-87.746855,-9.0,,,,,,WALKING,BUS,WALKING,,,,,,-9.0,PACE,-9,,,,,,-9.0,GOLF ROAD,-9,,,,,,-9.0,208,-9,,,,,,-9.0,US 41 / SKOKIE & GOLF,-9,,,,,,-9.0,IL 58 / GOLF & WASHINGTON,-9,,,,,,2.0,2.0,2.0,,,,,,2018-12-05,2.0,0.0,0.0,1.0,1.0,0.0,1.0,1.0
20003738,1,2,3,gps,2000011,2017-09-26 06:01:00,2017-09-26 06:02:00,3,1,0.23,601,-1,-1,-1,-1.0,-1,-1,-1,-1.0,-1,-1,-1,-1,,3,-1,0,-1,,1,-1,-1,-1,-1,-1,-1,-1,-1,-1,-1,-1,-1,-1,-1,-1,-1,-1,-1,-1,-1,-1,-1,-1,-1,-1,-1,-1,-1,-1,-1,-1,-1,-1,-1,-9,-9,-9,0,,,,,,,,,,,,,,,,,,,,,,,,,,,,,,,,,,,,,,-9.0,6.0,2.0,2017-09-26,2,2,2,1,50,-1,-1,1,1,-1,1,2,-1,4,-1,1,1,1,-1,-1,-1,3,9,-1,-9,2,50,5,97,TEACH,97,TECHNOLOGY,4,-1,1,-1,3,-1,-1,-1,-1,-1,-1,-1,4,-1,-1,-1,-8,-1.0,2,-1,-1,1,1,1,1,4,1,1,4,-1,1,0,2,-9.0,-9,1,-1,2,-1,-1,-1,-1,-1,-1,-1,-1,-1,-1,-1,5,2;3,-1,2,3,-1,-1,-1,-9,1,1,-1,-1,-1,-1,-1,-1,-1,-9,6,-1,-1,-1,-1,-1,6,-1,-1,-1,1,3,94.6057,2017-09-25,2,6,3,-9,-1,11,-1,-1,-1,-1,0,-1,1,-9,1,-1,7,2,-1,-1,21,1,94.6057,-1.0,100.0,IL,USA,17.0,97.0,864505.0,0.0,0.0,42.166779,-87.91741,,,,,,,,,,,,,,,,,,,,,,,,,,,,,,,,,,,,,,,,,,,,,,,,,,,,,,,,,,,,,,,,,,,,,,,,,,,,,,,,,,,,,2017-09-26,6.0,0.0,0.0,-9.0,-9.0,0.0,0.0,1.0
20003738,1,1,4,survey,2000011,2017-09-25 06:01:00,2017-09-25 17:05:00,2,664,1.079,505,-1,-1,-1,-1.0,-1,-1,-1,-1.0,-1,-1,-1,-1,1.0,3,-1,0,-1.0,-8.0,1,-1,-1,-1,-1,-1,-1,-1,-1,-1,-1,-1,-1,-1,-1,-1,-1,-1,-1,-1,-1,-1,-1,-1,-1,-1,-1,-1,-1,-1,-1,-1,-1,-1,0,0,0,1,1,0.0,0.0,0.0,-1.0,-1.0,-1.0,-1.0,-1.0,-1.0,-1.0,-1.0,-1.0,-1.0,-1.0,-1.0,-1.0,-1.0,-1.0,-1.0,-1.0,-1.0,-1.0,-1.0,-1.0,-1.0,-1.0,-1.0,-1.0,-1.0,-1.0,-1.0,-1.0,4.0,4.0,0.231,0.0,0.0,,,,2017-09-26,2,2,2,1,50,-1,-1,1,1,-1,1,2,-1,4,-1,1,1,1,-1,-1,-1,3,9,-1,-9,2,50,5,97,TEACH,97,TECHNOLOGY,4,-1,1,-1,3,-1,-1,-1,-1,-1,-1,-1,4,-1,-1,-1,-8,-1.0,2,-1,-1,1,1,1,1,4,1,1,4,-1,1,0,2,-9.0,-9,1,-1,2,-1,-1,-1,-1,-1,-1,-1,-1,-1,-1,-1,5,2;3,-1,2,3,-1,-1,-1,-9,1,1,-1,-1,-1,-1,-1,-1,-1,-9,6,-1,-1,-1,-1,-1,6,-1,-1,-1,1,3,94.6057,2017-09-25,2,6,3,-9,-1,11,-1,-1,-1,-1,0,-1,1,-9,1,-1,7,2,-1,-1,21,1,94.6057,-1.0,100.0,IL,USA,17.0,97.0,864505.0,0.0,0.0,42.166779,-87.91741,,,,,,,,,,,,,-9.0,42.385121,-9.0,,,,,,-9.0,-88.065404,-9.0,,,,,,WALKING,HEAVY_RAIL,PRIVATE SHUTTLE OR SOMETHING ELSE,,,,,,-9.0,Metra,-9,,,,,,-9.0,NORTH CENTRAL SERVICE,-9,,,,,,-9.0,100,-9,,,,,,-9.0,ROUND LAKE BEACH,-9,,,,,,-9.0,BUFFALO GROVE,-9,,,,,,0.0,2.0,0.0,,,,,,,,,,,,,,
70045472,7,1,1,survey,10000,2019-02-19 03:00:00,2019-02-19 18:30:00,0,930,-1.0,-1,-1,-1,-1,-1.0,-1,-1,-1,-1.0,-1,-1,-1,-1,-1.0,3,-1,0,-1.0,-1.0,-1,-1,-1,-1,-1,-1,-1,-1,-1,-1,-1,-1,-1,-1,-1,-1,-1,-1,-1,-1,-1,-1,-1,-1,-1,-1,-1,-1,-1,-1,-1,-1,-1,-1,-1,-1,-1,-1,-1,-1.0,0.0,0.0,-1.0,-1.0,-1.0,-1.0,-1.0,-1.0,-1.0,-1.0,-1.0,-1.0,-1.0,-1.0,-1.0,-1.0,-1.0,-1.0,-1.0,-1.0,-1.0,-1.0,-1.0,-1.0,-1.0,-1.0,-1.0,-1.0,-1.0,-1.0,-1.0,1.0,-9.0,-1.0,0.0,0.0,,,,2019-02-22,2,5,1,1,-8,5,-1,1,97,COUSIN,-8,1,-1,1,-1,-8,1,1,-1,-1,-1,1,4,-1,-1,-8,-8,-8,51,-1,42,-1,-8,-1,-8,-1,3,-1,-1,-1,-1,-1,-1,-1,-8,-1,-1,-1,-8,-1.0,-8,-1,-1,-8,-8,1,1,1,2,-1,-8,-1,-8,-8,-8,-9.0,-9,2,-1,-1,-1,-1,-1,-1,-1,-1,-1,-1,-1,-1,-8,-1,-8,-1,-1,-1,-1,-1,-8,-9,-8,-1,-1,-1,-1,-1,-1,-1,-8,-9,-1,-1,-1,-1,-1,-1,-1,-1,-1,-1,1,1,137.6365,2019-02-19,3,7,6,2,-1,2,3,-1,33130,-1,2,-1,1,0,1,-1,9,1,13,-1,30,0,137.6365,-1.0,1.0,IL,USA,17.0,89.0,852001.0,0.0,1.0,41.962718,-88.283641,,,,,,,,,,,,,,,,,,,,,,,,,,,,,,,,,,,,,,,,,,,,,,,,,,,,,,,,,,,,,,,,,,,,,,,,,,,,,,,,,,,,,,,,,,,,,
70032458,3,1,3,survey,1000004,2018-12-03 14:15:00,2018-12-03 18:00:00,45,225,19.6,504,-1,-1,2,3.25,2,-1,-1,-1.0,-1,-1,-1,-1,4.0,18,-1,6,-1.0,-1.0,-1,-1,-1,-1,-1,-1,-1,-1,-1,-1,-1,-1,-1,-1,-1,-1,-1,-1,-1,-1,-1,-1,-1,-1,-1,-1,-1,-1,-1,-1,-1,-1,-1,-1,0,0,0,1,1,-1.0,0.0,0.0,-1.0,-1.0,-1.0,-1.0,-1.0,-1.0,-1.0,-1.0,-1.0,-1.0,-1.0,-1.0,-1.0,-1.0,-1.0,-1.0,-1.0,-1.0,-1.0,-1.0,-1.0,-1.0,-1.0,-1.0,-1.0,-1.0,-1.0,-1.0,-1.0,3.0,-9.0,11.012,0.0,0.0,,,,2018-12-04,2,5,2,3,29,-1,-1,2,3,-1,2,2,-1,1,-1,1,2,-1,7,-1,-1,-1,-1,-1,-1,-1,-1,-1,-1,-1,-1,-1,-1,-1,-1,-1,1,5,-1,-1,2,13,-1,-1,2,-1,-1,-1,2,-1.0,-1,-1,-1,1,-1,-1,-1,-1,-1,-1,-1,-1,-1,1,2,7.0,2,1,-1,1,-1,-1,-1,-1,-1,-1,-1,-1,-1,-1,1,-1,97,-1,-1,-1,97,-1,-1,nonw,3,-1,-1,3,-1,-1,-1,-1,-1,-9,3;5;6,-1,-1,3,-1,5,6,-1,-1,-1,0,3,103.4487,2018-12-03,2,3,1,2,-1,19,-1,-1,-1,-1,2,-1,1,0,1,-1,10,2,7,-1,12,0,103.4487,-1.0,97.0,IL,USA,17.0,31.0,801300.0,0.0,0.0,42.074104,-87.69704,,,,,,,,,,,,,,,,,,,,,,,,,,,,,,,,,,,,,,,,,,,,,,,,,,,,,,,,,,,,,,,,,,,,,,,,,,,,,,,,,,,,,,,,,,,,,
20003738,1,7,2,gps,10405,2017-10-01 09:24:18,2017-10-01 12:05:38,42,161,19.13,-9,-1,-1,-1,-1.0,-1,-1,-1,-1.0,-1,-1,-1,-1,,-9,-1,-9,-1,,-1,-1,-1,-1,-1,-1,-1,-1,-1,-1,-1,-1,-1,-1,-1,-1,-1,-1,-1,-1,-1,-1,-1,-1,-1,-1,-1,-1,-1,-1,-1,-1,-1,-1,-9,-9,-9,-9,-9,,,,,,,,,,,,,,,,,,,,,,,,,,,,,,,,,,,,,,1.0,4.0,1.0,2017-09-26,2,2,2,1,50,-1,-1,1,1,-1,1,2,-1,4,-1,1,1,1,-1,-1,-1,3,9,-1,-9,2,50,5,97,TEACH,97,TECHNOLOGY,4,-1,1,-1,3,-1,-1,-1,-1,-1,-1,-1,4,-1,-1,-1,-8,-1.0,2,-1,-1,1,1,1,1,4,1,1,4,-1,1,0,2,-9.0,-9,1,-1,2,-1,-1,-1,-1,-1,-1,-1,-1,-1,-1,-1,5,2;3,-1,2,3,-1,-1,-1,-9,1,1,-1,-1,-1,-1,-1,-1,-1,-9,6,-1,-1,-1,-1,-1,6,-1,-1,-1,1,3,94.6057,2017-09-25,2,6,3,-9,-1,11,-1,-1,-1,-1,0,-1,1,-9,1,-1,7,2,-1,-1,21,1,94.6057,-1.0,4.0,IL,USA,17.0,97.0,861010.0,0.0,0.0,42.404718,-88.11478,,,,,,,,,,,,,,,,,,,,,,,,,,,,,,,,,,,,,,,,,,,,,,,,,,,,,,,,,,,,,,,,,,,,,,,,,,,,,,,,,,,,,2017-10-01,6.0,0.0,0.0,1.0,1.0,3.0,0.0,1.0
70048309,1,1,5,survey,10000,2019-03-06 17:22:00,2019-03-07 03:00:00,107,578,6.02,202,-1,1,-1,-1.0,-1,-1,-1,-1.0,-1,-1,1,-1,5.0,1,-1,1,-1.0,-1.0,-1,-1,-1,-1,-1,-1,-1,-1,-1,-1,-1,-1,-1,-1,-1,-1,-1,-1,-1,-1,-1,-1,-1,-1,-1,-1,-1,-1,-1,-1,-1,-1,-1,-1,1,0,1,1,2,-1.0,0.0,0.0,-1.0,-1.0,-1.0,-1.0,-1.0,-1.0,-1.0,-1.0,-1.0,-1.0,-1.0,-1.0,-1.0,-1.0,-1.0,-1.0,-1.0,-1.0,-1.0,-1.0,-1.0,-1.0,-1.0,-1.0,-1.0,-1.0,-1.0,-1.0,-1.0,5.0,-9.0,5.299,0.0,302.0,,,,2019-03-14,2,5,2,1,44,-1,-1,2,1,-1,1,2,-1,6,-1,1,2,-1,1,-1,-1,-1,-1,-1,-1,-1,-1,-1,-1,-1,-1,-1,-1,-1,-1,-1,2,7,-1,-1,2,4,-1,-1,4,-1,97,PAID ONLINE,2,9.0,1,-1,-1,1,-1,-1,-1,-1,-1,-1,-1,-1,-1,0,1,0.0,-7,1,EPILEPTIC,2,-1,-1,-1,-1,-1,-1,-1,-1,-1,-1,1,-1,2;3,-1,2,3,-1,-1,-1,-9,1,1,-1,-1,-1,-1,-1,-1,-1,-9,97,-1,-1,-1,-1,-1,-1,97,-1,-1,1,4,482.9075,2019-03-06,4,1,1,2,-1,2,2,-1,60432,-1,3,-1,1,0,3,-1,2,2,1,-1,4,0,482.9075,-1.0,1.0,IL,USA,17.0,197.0,881200.0,0.0,1.0,41.548028,-88.036314,2018.0,35.0,-1.0,35043.0,-1,1.0,-1.0,1.0,-1.0,2.0,2.0,-1.0,,,,,,,,,,,,,,,,,,,,,,,,,,,,,,,,,,,,,,,,,,,,,,,,,,,,,,,,,,,,,,,,,,,,,,,,,,,,,,,,,
20003738,1,3,7,gps,10406,2017-09-27 18:04:00,2017-09-27 18:15:00,9,11,0.71,203,-1,-9,-1,-1.0,-1,-1,-1,-1.0,-1,-1,-1,-1,,16,-1,0,-1,,2,-1,-1,-1,-1,-1,-1,-1,-1,-1,-1,-1,-1,-1,-1,-1,-1,-1,-1,-1,-1,-1,-1,-1,-1,-1,-1,-1,-1,-1,-1,-1,-1,-1,-1,-9,-9,-9,0,,,,,,,,,,,,,,,,,,,,,,,,,,,,,,,,,,,,,,-9.0,4.0,2.0,2017-09-26,2,2,2,1,50,-1,-1,1,1,-1,1,2,-1,4,-1,1,1,1,-1,-1,-1,3,9,-1,-9,2,50,5,97,TEACH,97,TECHNOLOGY,4,-1,1,-1,3,-1,-1,-1,-1,-1,-1,-1,4,-1,-1,-1,-8,-1.0,2,-1,-1,1,1,1,1,4,1,1,4,-1,1,0,2,-9.0,-9,1,-1,2,-1,-1,-1,-1,-1,-1,-1,-1,-1,-1,-1,5,2;3,-1,2,3,-1,-1,-1,-9,1,1,-1,-1,-1,-1,-1,-1,-1,-9,6,-1,-1,-1,-1,-1,6,-1,-1,-1,1,3,94.6057,2017-09-25,2,6,3,-9,-1,11,-1,-1,-1,-1,0,-1,1,-9,1,-1,7,2,-1,-1,21,1,94.6057,-1.0,4.0,IL,USA,17.0,97.0,861011.0,0.0,0.0,42.400308,-88.081102,,,,,,,,,,,,,-9.0,42.168589,-9.0,,,,,,-9.0,-87.941285,-9.0,,,,,,WALKING,HEAVY_RAIL,KISS AND RIDE,,,,,,-9.0,Metra,-9,,,,,,-9.0,NORTH CENTRAL SERVICE,-9,,,,,,-9.0,109,-9,,,,,,-9.0,BUFFALO GROVE,-9,,,,,,-9.0,ROUND LAKE BEACH,-9,,,,,,0.0,2.0,0.0,,,,,,2017-09-27,9.0,0.0,0.0,1.0,1.0,0.0,1.0,1.0
70032713,1,2,1,gps,10000,2018-12-04 03:00:00,2018-12-04 11:43:00,0,523,17.8,501,-1,-1,2,-1.0,97,-9,-1,-1.0,-1,-1,-1,-1,,97,Retired for the evening.,0,-1,,-1,-1,-1,-1,-1,-1,-1,-1,-1,-1,-1,-1,-1,-1,-1,-1,-1,-1,-1,-1,-1,-1,-1,-1,-1,-1,-1,-1,-1,-1,-1,-1,-1,-1,-1,-1,-1,-1,-1,,,,,,,,,,,,,,,,,,,,,,,,,,,,,,,,,,,,,,-9.0,1.0,1.0,2018-12-04,2,4,2,1,62,-1,-1,1,1,-1,1,2,-1,6,-1,1,2,-1,1,-1,-1,-1,-1,-1,-1,-1,-1,-1,-1,-1,-1,-1,-1,-1,-1,-1,2,5,-1,-1,2,1,-1,-1,3,-1,-1,-1,2,-1.0,-1,-1,-1,2,-1,-1,-1,-1,-1,-1,-1,-1,-1,0,1,0.0,-8,1,SPINE ISSUE,2,-1,-1,-1,-1,-1,-1,-1,-1,-1,-1,1,-1,2,-1,2,-1,-1,-1,-1,-9,2;3,-1,2,3,-1,-1,-1,-1,-1,-9,1;97,1,-1,-1,-1,-1,-1,97,-1,-1,0,3,102.7654,2018-12-03,2,1,2,97,Inconsistent bus schedules.,8,-1,-1,-1,-1,3,-1,1,0,3,-1,2,1,7,-1,3,0,102.7654,-1.0,1.0,IL,USA,17.0,31.0,807400.0,0.0,1.0,42.028194,-87.739844,,,,,,,,,,,,,,,,,,,,,,,,,,,,,,,,,,,,,,,,,,,,,,,,,,,,,,,,,,,,,,,,,,,,,,,,,,,,,,,,,,,,,2018-12-04,2.0,0.0,0.0,-9.0,1.0,0.0,1.0,1.0
70043581,3,1,1,survey,10000,2019-02-01 03:00:00,2019-02-01 11:36:00,0,516,-1.0,-1,-1,-1,-1,-1.0,-1,-1,-1,-1.0,-1,-1,-1,-1,-1.0,1,-1,0,-1.0,-1.0,-1,-1,-1,-1,-1,-1,-1,-1,-1,-1,-1,-1,-1,-1,-1,-1,-1,-1,-1,-1,-1,-1,-1,-1,-1,-1,-1,-1,-1,-1,-1,-1,-1,-1,-1,-1,-1,-1,-1,-1.0,0.0,0.0,-1.0,-1.0,-1.0,-1.0,-1.0,-1.0,-1.0,-1.0,-1.0,-1.0,-1.0,-1.0,-1.0,-1.0,-1.0,-1.0,-1.0,-1.0,-1.0,-1.0,-1.0,-1.0,-1.0,-1.0,-1.0,-1.0,-1.0,-1.0,-1.0,1.0,-9.0,-1.0,0.0,0.0,,,,2019-02-02,2,2,1,1,25,-1,-1,1,5,-1,2,1,-1,1,-1,1,1,1,-1,-1,-1,1,1,-1,-1,2,21,3,35,-1,44-45,-1,5,-1,1,-1,2,6,-1,-1,2,8,-1,2,2,-1,-1,-1,2,-1.0,-1,-1,-1,1,1,1,1,1,2,-1,4,-1,2,0,2,-9.0,-9,1,Learning,2,-1,-1,-1,-1,-1,-1,-1,-1,-1,-1,2,-1,2,-1,2,-1,-1,-1,-1,-9,5,-1,-1,-1,-1,5,-1,-1,-1,-9,97,-1,-1,-1,-1,-1,-1,97,-1,-1,0,2,617.4852,2019-02-01,6,3,2,5,-1,1,3,-1,-9,-1,2,-1,2,0,3,-1,9,2,15,-1,10,0,617.4852,-1.0,1.0,IL,USA,17.0,31.0,140602.0,0.0,1.0,41.964652,-87.721017,,,,,,,,,,,,,,,,,,,,,,,,,,,,,,,,,,,,,,,,,,,,,,,,,,,,,,,,,,,,,,,,,,,,,,,,,,,,,,,,,,,,,,,,,,,,,
20003738,1,2,6,gps,10406,2017-09-26 18:06:00,2017-09-26 18:07:00,3,1,0.71,203,-1,-9,-1,-1.0,-1,-1,-1,-1.0,-1,-1,-1,-1,,16,-1,0,-1,,2,-1,-1,-1,-1,-1,-1,-1,-1,-1,-1,-1,-1,-1,-1,-1,-1,-1,-1,-1,-1,-1,-1,-1,-1,-1,-1,-1,-1,-1,-1,-1,-1,-1,-1,-9,-9,-9,0,,,,,,,,,,,,,,,,,,,,,,,,,,,,,,,,,,,,,,-9.0,4.0,2.0,2017-09-26,2,2,2,1,50,-1,-1,1,1,-1,1,2,-1,4,-1,1,1,1,-1,-1,-1,3,9,-1,-9,2,50,5,97,TEACH,97,TECHNOLOGY,4,-1,1,-1,3,-1,-1,-1,-1,-1,-1,-1,4,-1,-1,-1,-8,-1.0,2,-1,-1,1,1,1,1,4,1,1,4,-1,1,0,2,-9.0,-9,1,-1,2,-1,-1,-1,-1,-1,-1,-1,-1,-1,-1,-1,5,2;3,-1,2,3,-1,-1,-1,-9,1,1,-1,-1,-1,-1,-1,-1,-1,-9,6,-1,-1,-1,-1,-1,6,-1,-1,-1,1,3,94.6057,2017-09-25,2,6,3,-9,-1,11,-1,-1,-1,-1,0,-1,1,-9,1,-1,7,2,-1,-1,21,1,94.6057,-1.0,4.0,IL,USA,17.0,97.0,861011.0,0.0,0.0,42.400308,-88.081102,,,,,,,,,,,,,,,,,,,,,,,,,,,,,,,,,,,,,,,,,,,,,,,,,,,,,,,,,,,,,,,,,,,,,,,,,,,,,,,,,,,,,2017-09-26,6.0,0.0,0.0,-9.0,-9.0,0.0,0.0,1.0
70032713,1,4,1,gps,10000,2018-12-06 03:00:00,2018-12-06 07:47:15,0,287,0.0,501,-1,-1,2,-1.0,97,-9,-1,-1.0,-1,-1,-1,-1,,97,Retired for the evening.,0,-1,,-1,-1,-1,-1,-1,-1,-1,-1,-1,-1,-1,-1,-1,-1,-1,-1,-1,-1,-1,-1,-1,-1,-1,-1,-1,-1,-1,-1,-1,-1,-1,-1,-1,-1,-1,-1,-1,-1,-1,,,,,,,,,,,,,,,,,,,,,,,,,,,,,,,,,,,,,,-9.0,1.0,1.0,2018-12-04,2,4,2,1,62,-1,-1,1,1,-1,1,2,-1,6,-1,1,2,-1,1,-1,-1,-1,-1,-1,-1,-1,-1,-1,-1,-1,-1,-1,-1,-1,-1,-1,2,5,-1,-1,2,1,-1,-1,3,-1,-1,-1,2,-1.0,-1,-1,-1,2,-1,-1,-1,-1,-1,-1,-1,-1,-1,0,1,0.0,-8,1,SPINE ISSUE,2,-1,-1,-1,-1,-1,-1,-1,-1,-1,-1,1,-1,2,-1,2,-1,-1,-1,-1,-9,2;3,-1,2,3,-1,-1,-1,-1,-1,-9,1;97,1,-1,-1,-1,-1,-1,97,-1,-1,0,3,102.7654,2018-12-03,2,1,2,97,Inconsistent bus schedules.,8,-1,-1,-1,-1,3,-1,1,0,3,-1,2,1,7,-1,3,0,102.7654,-1.0,1.0,IL,USA,17.0,31.0,807400.0,0.0,1.0,42.028194,-87.739844,,,,,,,,,,,,,,,,,,,,,,,,,,,,,,,,,,,,,,,,,,,,,,,,,,,,,,,,,,,,,,,,,,,,,,,,,,,,,,,,,,,,,2018-12-06,6.0,0.0,0.0,1.0,1.0,0.0,1.0,1.0
20003738,1,4,7,gps,10406,2017-09-28 18:06:00,2017-09-28 18:07:00,7,1,0.71,203,-1,-9,-1,-1.0,-1,-1,-1,-1.0,-1,-1,-1,-1,,16,-1,0,-1,,2,-1,-1,-1,-1,-1,-1,-1,-1,-1,-1,-1,-1,-1,-1,-1,-1,-1,-1,-1,-1,-1,-1,2,-1,-1,-1,-1,-1,-1,-1,-1,-1,-1,0,1,-1,0,1,,,,,,,,,,,,,,,,,,,,,,,,,,,,,,,,,,,,,,-9.0,4.0,2.0,2017-09-26,2,2,2,1,50,-1,-1,1,1,-1,1,2,-1,4,-1,1,1,1,-1,-1,-1,3,9,-1,-9,2,50,5,97,TEACH,97,TECHNOLOGY,4,-1,1,-1,3,-1,-1,-1,-1,-1,-1,-1,4,-1,-1,-1,-8,-1.0,2,-1,-1,1,1,1,1,4,1,1,4,-1,1,0,2,-9.0,-9,1,-1,2,-1,-1,-1,-1,-1,-1,-1,-1,-1,-1,-1,5,2;3,-1,2,3,-1,-1,-1,-9,1,1,-1,-1,-1,-1,-1,-1,-1,-9,6,-1,-1,-1,-1,-1,6,-1,-1,-1,1,3,94.6057,2017-09-25,2,6,3,-9,-1,11,-1,-1,-1,-1,0,-1,1,-9,1,-1,7,2,-1,-1,21,1,94.6057,-1.0,4.0,IL,USA,17.0,97.0,861011.0,0.0,0.0,42.400308,-88.081102,,,,,,,,,,,,,-9.0,42.168589,-9.0,,,,,,-9.0,-87.941285,-9.0,,,,,,WALKING,HEAVY_RAIL,KISS AND RIDE,,,,,,-9.0,Metra,-9,,,,,,-9.0,NORTH CENTRAL SERVICE,-9,,,,,,-9.0,109,-9,,,,,,-9.0,BUFFALO GROVE,-9,,,,,,-9.0,ROUND LAKE BEACH,-9,,,,,,0.0,2.0,0.0,,,,,,2017-09-28,7.0,0.0,0.0,1.0,1.0,0.0,1.0,1.0
70040477,1,6,1,gps,10000,2019-02-02 03:00:00,2019-02-03 03:00:00,0,1440,0.0,-9,-1,-1,-1,-1.0,-1,-1,-1,-1.0,-1,-1,-1,-1,,1,-1,97,Sleep,,-1,-1,-1,-1,-1,-1,-1,-1,-1,-1,-1,-1,-1,-1,-1,-1,-1,-1,-1,-1,-1,-1,-1,-1,-1,-1,-1,-1,-1,-1,-1,-1,-1,-1,-1,-1,-1,-1,-1,,,,,,,,,,,,,,,,,,,,,,,,,,,,,,,,,,,,,,-9.0,1.0,1.0,2019-02-02,1,1,2,1,40,-1,-1,2,1,-1,2,2,-1,6,-1,1,2,-1,7,-1,-1,-1,-1,-1,-1,-1,-1,-1,-1,-1,-1,-1,-1,-1,-1,-1,3,-1,-1,-1,-1,-1,-1,-1,2,-1,-1,-1,1,-1.0,-1,-1,-1,1,-1,-1,-1,-1,-1,-1,-1,-1,-1,2,1,10.0,2,1,-1,1,-1,-1,-1,-1,-1,-1,-1,-1,-1,-1,1,-1,1;2;3,1,2,3,-1,-1,-1,-9,2;3;97,-1,2,3,-1,-1,97,-1,-1,When the bus or train is coming real time informat,1;2;3;5;6,1,2,3,-1,5,6,-1,-1,-1,0,2,902.7029,2019-01-28,2,2,0,97,All the above,1,3,-1,-9,-1,3,-1,1,0,3,-1,2,2,7,-1,4,0,902.7029,-1.0,1.0,IL,USA,17.0,31.0,806202.0,0.0,1.0,42.03761,-87.888892,,,,,,,,,,,,,,,,,,,,,,,,,,,,,,,,,,,,,,,,,,,,,,,,,,,,,,,,,,,,,,,,,,,,,,,,,,,,,,,,,,,,,2019-02-02,0.0,1.0,0.0,1.0,1.0,0.0,1.0,1.0
20003738,1,4,5,gps,2000009,2017-09-28 17:08:00,2017-09-28 17:09:00,2,1,0.23,601,-1,-1,-1,-1.0,-1,-1,-1,-1.0,-1,-1,-1,-1,,27,-1,0,-1,,2,-1,-1,-1,-1,-1,-1,-1,-1,-1,-1,-1,-1,-1,-1,-1,-1,-1,-1,-1,-1,-1,-1,-1,-1,-1,-1,-1,-1,-1,-1,-1,-1,-1,-1,-9,-9,-9,0,,,,,,,,,,,,,,,,,,,,,,,,,,,,,,,,,,,,,,1.0,6.0,1.0,2017-09-26,2,2,2,1,50,-1,-1,1,1,-1,1,2,-1,4,-1,1,1,1,-1,-1,-1,3,9,-1,-9,2,50,5,97,TEACH,97,TECHNOLOGY,4,-1,1,-1,3,-1,-1,-1,-1,-1,-1,-1,4,-1,-1,-1,-8,-1.0,2,-1,-1,1,1,1,1,4,1,1,4,-1,1,0,2,-9.0,-9,1,-1,2,-1,-1,-1,-1,-1,-1,-1,-1,-1,-1,-1,5,2;3,-1,2,3,-1,-1,-1,-9,1,1,-1,-1,-1,-1,-1,-1,-1,-9,6,-1,-1,-1,-1,-1,6,-1,-1,-1,1,3,94.6057,2017-09-25,2,6,3,-9,-1,11,-1,-1,-1,-1,0,-1,1,-9,1,-1,7,2,-1,-1,21,1,94.6057,-1.0,100.0,IL,USA,17.0,97.0,864520.0,0.0,0.0,42.174413,-87.950493,,,,,,,,,,,,,,,,,,,,,,,,,,,,,,,,,,,,,,,,,,,,,,,,,,,,,,,,,,,,,,,,,,,,,,,,,,,,,,,,,,,,,2017-09-28,7.0,0.0,0.0,1.0,1.0,0.0,1.0,1.0
20003738,1,3,9,gps,10405,2017-09-27 18:56:00,2017-09-27 19:58:00,14,62,3.37,202,-1,-9,-1,-1.0,-1,-1,-9,-1.0,-1,-1,1,-1,,21,-1,0,-1,,1,-1,-1,-1,-1,-1,-1,-1,-1,-1,-1,-1,-1,-1,-1,-1,-1,-1,-1,-1,-1,-1,-1,2,-1,4,5,6,-1,-1,-1,-1,-1,-1,3,4,-1,0,4,,,,,,,,,,,,,,,,,,,,,,,,,,,,,,,,,,,,,,1.0,4.0,1.0,2017-09-26,2,2,2,1,50,-1,-1,1,1,-1,1,2,-1,4,-1,1,1,1,-1,-1,-1,3,9,-1,-9,2,50,5,97,TEACH,97,TECHNOLOGY,4,-1,1,-1,3,-1,-1,-1,-1,-1,-1,-1,4,-1,-1,-1,-8,-1.0,2,-1,-1,1,1,1,1,4,1,1,4,-1,1,0,2,-9.0,-9,1,-1,2,-1,-1,-1,-1,-1,-1,-1,-1,-1,-1,-1,5,2;3,-1,2,3,-1,-1,-1,-9,1,1,-1,-1,-1,-1,-1,-1,-1,-9,6,-1,-1,-1,-1,-1,6,-1,-1,-1,1,3,94.6057,2017-09-25,2,6,3,-9,-1,11,-1,-1,-1,-1,0,-1,1,-9,1,-1,7,2,-1,-1,21,1,94.6057,-1.0,4.0,IL,USA,17.0,97.0,861010.0,0.0,0.0,42.404718,-88.11478,,,,,,,,,,,,,,,,,,,,,,,,,,,,,,,,,,,,,,,,,,,,,,,,,,,,,,,,,,,,,,,,,,,,,,,,,,,,,,,,,,,,,2017-09-27,9.0,0.0,0.0,1.0,1.0,0.0,1.0,1.0
20003738,1,2,1,gps,10409,2017-09-26 05:27:00,2017-09-26 05:28:00,1451,1,41.36,101,-1,-1,-1,-1.0,-1,-1,-1,-1.0,-1,-1,-1,-1,,27,-1,0,-1,,1,-1,-1,-1,-1,-1,-1,-1,-1,-1,-1,-1,-1,-1,-1,-1,-1,-1,-1,-1,-1,-1,-1,-1,-1,-1,-1,-1,-1,-1,-1,-1,-1,-1,-1,-1,-1,-1,-1,,,,,,,,,,,,,,,,,,,,,,,,,,,,,,,,,,,,,,-9.0,8.0,2.0,2017-09-26,2,2,2,1,50,-1,-1,1,1,-1,1,2,-1,4,-1,1,1,1,-1,-1,-1,3,9,-1,-9,2,50,5,97,TEACH,97,TECHNOLOGY,4,-1,1,-1,3,-1,-1,-1,-1,-1,-1,-1,4,-1,-1,-1,-8,-1.0,2,-1,-1,1,1,1,1,4,1,1,4,-1,1,0,2,-9.0,-9,1,-1,2,-1,-1,-1,-1,-1,-1,-1,-1,-1,-1,-1,5,2;3,-1,2,3,-1,-1,-1,-9,1,1,-1,-1,-1,-1,-1,-1,-1,-9,6,-1,-1,-1,-1,-1,6,-1,-1,-1,1,3,94.6057,2017-09-25,2,6,3,-9,-1,11,-1,-1,-1,-1,0,-1,1,-9,1,-1,7,2,-1,-1,21,1,94.6057,-1.0,4.0,IL,USA,17.0,97.0,861202.0,0.0,0.0,42.378579,-88.05797,,,,,,,,,,,,,,,,,,,,,,,,,,,,,,,,,,,,,,,,,,,,,,,,,,,,,,,,,,,,,,,,,,,,,,,,,,,,,,,,,,,,,2017-09-26,6.0,0.0,0.0,-9.0,-9.0,0.0,0.0,1.0
20003738,1,7,1,gps,2000023,2017-10-01 03:00:00,2017-10-01 08:42:06,0,342,0.0,203,-1,-9,-1,-1.0,-1,-1,-1,-1.0,-1,-1,-1,-1,,27,-1,0,-1,,1,-1,-1,-1,-1,-1,-1,-1,-1,-1,-1,-1,-1,-1,-1,-1,-1,-1,-1,-1,-1,-1,-1,-1,-1,-1,-1,-1,-1,-1,-1,-1,-1,-1,-1,-1,-1,-1,-1,,,,,,,,,,,,,,,,,,,,,,,,,,,,,,,,,,,,,,-9.0,1.0,1.0,2017-09-26,2,2,2,1,50,-1,-1,1,1,-1,1,2,-1,4,-1,1,1,1,-1,-1,-1,3,9,-1,-9,2,50,5,97,TEACH,97,TECHNOLOGY,4,-1,1,-1,3,-1,-1,-1,-1,-1,-1,-1,4,-1,-1,-1,-8,-1.0,2,-1,-1,1,1,1,1,4,1,1,4,-1,1,0,2,-9.0,-9,1,-1,2,-1,-1,-1,-1,-1,-1,-1,-1,-1,-1,-1,5,2;3,-1,2,3,-1,-1,-1,-9,1,1,-1,-1,-1,-1,-1,-1,-1,-9,6,-1,-1,-1,-1,-1,6,-1,-1,-1,1,3,94.6057,2017-09-25,2,6,3,-9,-1,11,-1,-1,-1,-1,0,-1,1,-9,1,-1,7,2,-1,-1,21,1,94.6057,-1.0,100.0,IL,USA,17.0,97.0,864520.0,0.0,0.0,42.174413,-87.950493,,,,,,,,,,,,,,,,,,,,,,,,,,,,,,,,,,,,,,,,,,,,,,,,,,,,,,,,,,,,,,,,,,,,,,,,,,,,,,,,,,,,,2017-10-01,6.0,0.0,0.0,1.0,1.0,3.0,0.0,1.0
70002175,3,1,1,survey,10000,2018-09-07 03:00:00,2018-09-08 03:00:00,0,1440,-1.0,-1,-1,-1,-1,-1.0,-1,-1,-1,-1.0,-1,-1,-1,-1,-1.0,1,-1,0,-1.0,-1.0,-1,-1,-1,-1,-1,-1,-1,-1,-1,-1,-1,-1,-1,-1,-1,-1,-1,-1,-1,-1,-1,-1,-1,-1,-1,-1,-1,-1,-1,-1,-1,-1,-1,-1,-1,-1,-1,-1,-1,-1.0,0.0,0.0,-1.0,-1.0,-1.0,-1.0,-1.0,-1.0,-1.0,-1.0,-1.0,-1.0,-1.0,-1.0,-1.0,-1.0,-1.0,-1.0,-1.0,-1.0,-1.0,-1.0,-1.0,-1.0,-1.0,-1.0,-1.0,-1.0,-1.0,-1.0,-1.0,1.0,-9.0,-1.0,0.0,0.0,,,,2018-09-08,2,5,2,3,70,-1,-1,1,4,-1,1,2,-1,1,-1,2,2,-1,1,-1,-1,-1,-1,-1,-1,-1,-1,-1,-1,-1,-1,-1,-1,-1,-1,-1,3,-1,-1,-1,-1,-1,-1,-1,5,-1,-1,-1,-1,-1.0,-1,1,-1,1,-1,-1,-1,-1,-1,-1,-1,-1,-1,0,2,-9.0,-9,1,-1,1,4,-1,5,-1,-1,-1,-1,5,-1,-1,2,-1,1,1,-1,-1,-1,-1,-1,-9,5,-1,-1,-1,-1,5,-1,-1,-1,-9,1;2;5,1,2,-1,-1,5,-1,-1,-1,-1,0,0,102.7654,2018-09-07,6,3,2,3,-1,35,-1,-1,-1,-1,4,-1,1,0,1,-1,8,2,7,-1,5,0,102.7654,-1.0,1.0,IL,USA,17.0,31.0,100500.0,0.0,1.0,41.97806,-87.819734,,,,,,,,,,,,,,,,,,,,,,,,,,,,,,,,,,,,,,,,,,,,,,,,,,,,,,,,,,,,,,,,,,,,,,,,,,,,,,,,,,,,,,,,,,,,,
70043581,3,3,1,gps,10000,2019-02-03 03:00:00,2019-02-03 15:36:28,0,756,0.0,997,I was sleeping,-1,-1,-1.0,-1,-1,-1,-1.0,-1,-1,-1,-1,,1,-1,17,-1,,5,97,-1,-1,-1,-1,-1,-1,97,-1,-1,REST,5,-1,-1,-1,-1,5,-1,-1,-1,-1,1,2,-1,-1,-1,-1,-1,-1,-1,-1,-1,-1,-1,-1,-1,-1,-1,,,,,,,,,,,,,,,,,,,,,,,,,,,,,,,,,,,,,,-9.0,1.0,1.0,2019-02-02,2,2,1,1,25,-1,-1,1,5,-1,2,1,-1,1,-1,1,1,1,-1,-1,-1,1,1,-1,-1,2,21,3,35,-1,44-45,-1,5,-1,1,-1,2,6,-1,-1,2,8,-1,2,2,-1,-1,-1,2,-1.0,-1,-1,-1,1,1,1,1,1,2,-1,4,-1,2,0,2,-9.0,-9,1,Learning,2,-1,-1,-1,-1,-1,-1,-1,-1,-1,-1,2,-1,2,-1,2,-1,-1,-1,-1,-9,5,-1,-1,-1,-1,5,-1,-1,-1,-9,97,-1,-1,-1,-1,-1,-1,97,-1,-1,0,2,617.4852,2019-02-01,6,3,2,5,-1,1,3,-1,-9,-1,2,-1,2,0,3,-1,9,2,15,-1,10,0,617.4852,-1.0,1.0,IL,USA,17.0,31.0,140602.0,0.0,1.0,41.964652,-87.721017,,,,,,,,,,,,,,,,,,,,,,,,,,,,,,,,,,,,,,,,,,,,,,,,,,,,,,,,,,,,,,,,,,,,,,,,,,,,,,,,,,,,,2019-02-03,2.0,0.0,0.0,1.0,1.0,0.0,1.0,1.0
70043581,3,2,3,gps,10000,2019-02-02 22:23:50,2019-02-03 03:00:00,14,276,0.74,997,I was sleeping,-1,-1,-1.0,-1,-1,-1,-1.0,-1,-1,-1,-1,,1,-1,17,-1,,5,97,-1,-1,-1,-1,-1,-1,97,-1,-1,REST,5,-1,-1,-1,-1,5,-1,-1,-1,-1,1,2,-1,-1,-1,-1,-1,-1,-1,-1,-1,-1,1,2,-1,0,2,,,,,,,,,,,,,,,,,,,,,,,,,,,,,,,,,,,,,,2.0,1.0,1.0,2019-02-02,2,2,1,1,25,-1,-1,1,5,-1,2,1,-1,1,-1,1,1,1,-1,-1,-1,1,1,-1,-1,2,21,3,35,-1,44-45,-1,5,-1,1,-1,2,6,-1,-1,2,8,-1,2,2,-1,-1,-1,2,-1.0,-1,-1,-1,1,1,1,1,1,2,-1,4,-1,2,0,2,-9.0,-9,1,Learning,2,-1,-1,-1,-1,-1,-1,-1,-1,-1,-1,2,-1,2,-1,2,-1,-1,-1,-1,-9,5,-1,-1,-1,-1,5,-1,-1,-1,-9,97,-1,-1,-1,-1,-1,-1,97,-1,-1,0,2,617.4852,2019-02-01,6,3,2,5,-1,1,3,-1,-9,-1,2,-1,2,0,3,-1,9,2,15,-1,10,0,617.4852,-1.0,1.0,IL,USA,17.0,31.0,140602.0,0.0,1.0,41.964652,-87.721017,,,,,,,,,,,,,,,,,,,,,,,,,,,,,,,,,,,,,,,,,,,,,,,,,,,,,,,,,,,,,,,,,,,,,,,,,,,,,,,,,,,,,2019-02-02,2.0,0.0,0.0,1.0,1.0,0.0,1.0,1.0
20003738,1,1,1,survey,10000,2017-09-25 03:00:00,2017-09-25 05:15:00,0,135,-1.0,-1,-1,-1,-1,-1.0,-1,-1,-1,-1.0,-1,-1,-1,-1,-1.0,1,-1,0,-1.0,-1.0,2,-1,-1,-1,-1,-1,-1,-1,-1,-1,-1,-1,-1,-1,-1,-1,-1,-1,-1,-1,-1,-1,-1,2,-1,4,5,6,-1,-1,-1,-1,-1,-1,-1,-1,-1,-1,-1,-1.0,0.0,0.0,-1.0,-1.0,-1.0,-1.0,-1.0,-1.0,-1.0,-1.0,-1.0,-1.0,-1.0,-1.0,-1.0,-1.0,-1.0,-1.0,-1.0,-1.0,-1.0,-1.0,-1.0,-1.0,-1.0,-1.0,-1.0,-1.0,-1.0,-1.0,-1.0,1.0,-9.0,-1.0,0.0,0.0,,,,2017-09-26,2,2,2,1,50,-1,-1,1,1,-1,1,2,-1,4,-1,1,1,1,-1,-1,-1,3,9,-1,-9,2,50,5,97,TEACH,97,TECHNOLOGY,4,-1,1,-1,3,-1,-1,-1,-1,-1,-1,-1,4,-1,-1,-1,-8,-1.0,2,-1,-1,1,1,1,1,4,1,1,4,-1,1,0,2,-9.0,-9,1,-1,2,-1,-1,-1,-1,-1,-1,-1,-1,-1,-1,-1,5,2;3,-1,2,3,-1,-1,-1,-9,1,1,-1,-1,-1,-1,-1,-1,-1,-9,6,-1,-1,-1,-1,-1,6,-1,-1,-1,1,3,94.6057,2017-09-25,2,6,3,-9,-1,11,-1,-1,-1,-1,0,-1,1,-9,1,-1,7,2,-1,-1,21,1,94.6057,-1.0,1.0,IL,USA,17.0,97.0,861014.0,0.0,1.0,42.396164,-88.035365,,,,,,,,,,,,,,,,,,,,,,,,,,,,,,,,,,,,,,,,,,,,,,,,,,,,,,,,,,,,,,,,,,,,,,,,,,,,,,,,,,,,,,,,,,,,,
70032713,1,7,5,gps,10000,2018-12-09 15:03:32,2018-12-09 15:03:32,99,0,3.41,997,CTA,-1,-1,-1.0,-1,-1,-1,-1.0,-1,-1,-1,-1,,97,Retired for the evening.,0,-1,,-1,-1,-1,-1,-1,-1,-1,-1,-1,-1,-1,-1,-1,-1,-1,-1,-1,-1,-1,-1,-1,-1,-1,-1,-1,-1,-1,-1,-1,-1,-1,-1,-1,-1,-1,-9,-9,-9,0,,,,,,,,,,,,,,,,,,,,,,,,,,,,,,,,,,,,,,1.0,1.0,1.0,2018-12-04,2,4,2,1,62,-1,-1,1,1,-1,1,2,-1,6,-1,1,2,-1,1,-1,-1,-1,-1,-1,-1,-1,-1,-1,-1,-1,-1,-1,-1,-1,-1,-1,2,5,-1,-1,2,1,-1,-1,3,-1,-1,-1,2,-1.0,-1,-1,-1,2,-1,-1,-1,-1,-1,-1,-1,-1,-1,0,1,0.0,-8,1,SPINE ISSUE,2,-1,-1,-1,-1,-1,-1,-1,-1,-1,-1,1,-1,2,-1,2,-1,-1,-1,-1,-9,2;3,-1,2,3,-1,-1,-1,-1,-1,-9,1;97,1,-1,-1,-1,-1,-1,97,-1,-1,0,3,102.7654,2018-12-03,2,1,2,97,Inconsistent bus schedules.,8,-1,-1,-1,-1,3,-1,1,0,3,-1,2,1,7,-1,3,0,102.7654,-1.0,1.0,IL,USA,17.0,31.0,807400.0,0.0,1.0,42.028194,-87.739844,,,,,,,,,,,,,,,,,,,,,,,,,,,,,,,,,,,,,,,,,,,,,,,,,,,,,,,,,,,,,,,,,,,,,,,,,,,,,,,,,,,,,2018-12-09,4.0,0.0,0.0,1.0,1.0,2.0,0.0,1.0
30011370,1,1,5,survey,1000002,2018-03-15 13:00:00,2018-03-15 15:30:00,30,150,8.206,202,-1,1,-1,-1.0,-1,-1,1,5.0,1,-1,3,-1,3.0,3,-1,0,-1.0,-1.0,-1,-1,-1,-1,-1,-1,-1,-1,-1,-1,-1,-1,-1,-1,-1,-1,-1,-1,-1,-1,-1,-1,-1,-1,-1,-1,-1,-1,-1,-1,-1,-1,-1,-1,0,0,0,1,1,-1.0,0.0,0.0,-1.0,-1.0,-1.0,-1.0,-1.0,-1.0,-1.0,-1.0,-1.0,-1.0,-1.0,-1.0,-1.0,-1.0,-1.0,-1.0,-1.0,-1.0,-1.0,-1.0,-1.0,-1.0,-1.0,-1.0,-1.0,-1.0,-1.0,-1.0,-1.0,5.0,-9.0,6.239,0.0,0.0,,,,2018-03-16,2,5,2,1,68,-1,-1,1,1,-1,1,2,-1,1,-1,1,1,1,-1,-1,-1,3,4,-1,-1,2,4,1,97,"consulting, research, writing",97,education,5,-1,6,-1,3,-1,-1,-1,-1,-1,-1,-1,6,-1,-1,-1,1,-1.0,2,-1,-1,1,1,1,1,1,1,2,4,-1,1,0,2,-9.0,-9,1,-1,1,-1,-1,-1,-1,-1,-1,-1,-1,-1,-1,-1,4,2,-1,2,-1,-1,-1,-1,-9,1;2;3,1,2,3,-1,-1,-1,-1,-1,-9,3,-1,-1,3,-1,-1,-1,-1,-1,-1,1,7,278.7314,2018-03-15,5,1,1,-9,-1,2,1,-1,60304,-1,0,-1,1,-9,3,-1,8,2,-1,-1,7,3,278.7314,-1.0,97.0,IL,USA,17.0,31.0,838200.0,0.0,0.0,41.870416,-87.675079,2010.0,48.0,-1.0,48401.0,-1,3.0,-1.0,1.0,-1.0,1.0,3.0,-1.0,,,,,,,,,,,,,,,,,,,,,,,,,,,,,,,,,,,,,,,,,,,,,,,,,,,,,,,,,,,,,,,,,,,,,,,,,,,,,,,,,
70041316,3,1,1,survey,10000,2019-01-24 03:00:00,2019-01-25 03:00:00,0,1440,-1.0,-1,-1,-1,-1,-1.0,-1,-1,-1,-1.0,-1,-1,-1,-1,-1.0,1,-1,18,-1.0,-1.0,-1,-1,-1,-1,-1,-1,-1,-1,-1,-1,-1,-1,-1,-1,-1,-1,-1,-1,-1,-1,-1,-1,-1,-1,-1,-1,-1,-1,-1,-1,-1,-1,-1,-1,-1,-1,-1,-1,-1,-1.0,0.0,0.0,-1.0,-1.0,-1.0,-1.0,-1.0,-1.0,-1.0,-1.0,-1.0,-1.0,-1.0,-1.0,-1.0,-1.0,-1.0,-1.0,-1.0,-1.0,-1.0,-1.0,-1.0,-1.0,-1.0,-1.0,-1.0,-1.0,-1.0,-1.0,-1.0,1.0,-9.0,-1.0,0.0,0.0,,,,2019-01-27,2,5,2,3,75,-1,-1,2,4,-1,2,1,-1,1,-1,2,2,-1,7,-1,-1,-1,-1,-1,-1,-1,-1,-1,-1,-1,-1,-1,-1,-1,-1,-1,3,-1,-1,-1,-1,-1,-1,-1,3,-1,-1,-1,-1,-1.0,-1,1,-1,1,-1,-1,-1,-1,-1,-1,-1,-1,-1,0,2,-9.0,-9,1,STROKE,1,4,-1,4,-1,-1,-1,4,-1,-1,-1,2,-1,2,-1,2,-1,-1,-1,-1,-9,5,-1,-1,-1,-1,5,-1,-1,-1,-9,5;97,-1,-1,-1,-1,5,-1,97,-1,-1,0,0,332.0727,2019-01-24,5,3,1,4,-1,42,-1,-1,-1,-1,1,-1,1,0,1,-1,5,1,2,-1,6,0,332.0727,-1.0,1.0,IL,USA,17.0,31.0,30500.0,0.0,1.0,41.987226,-87.664936,,,,,,,,,,,,,,,,,,,,,,,,,,,,,,,,,,,,,,,,,,,,,,,,,,,,,,,,,,,,,,,,,,,,,,,,,,,,,,,,,,,,,,,,,,,,,
20003738,1,6,1,gps,2000023,2017-09-30 03:00:00,2017-10-01 03:00:00,0,1440,0.0,203,-1,-9,-1,-1.0,-1,-1,-1,-1.0,-1,-1,-1,-1,,27,-1,0,-1,,1,-1,-1,-1,-1,-1,-1,-1,-1,-1,-1,-1,-1,-1,-1,-1,-1,-1,-1,-1,-1,-1,-1,-1,-1,-1,-1,-1,-1,-1,-1,-1,-1,-1,-1,-1,-1,-1,-1,,,,,,,,,,,,,,,,,,,,,,,,,,,,,,,,,,,,,,-9.0,7.0,1.0,2017-09-26,2,2,2,1,50,-1,-1,1,1,-1,1,2,-1,4,-1,1,1,1,-1,-1,-1,3,9,-1,-9,2,50,5,97,TEACH,97,TECHNOLOGY,4,-1,1,-1,3,-1,-1,-1,-1,-1,-1,-1,4,-1,-1,-1,-8,-1.0,2,-1,-1,1,1,1,1,4,1,1,4,-1,1,0,2,-9.0,-9,1,-1,2,-1,-1,-1,-1,-1,-1,-1,-1,-1,-1,-1,5,2;3,-1,2,3,-1,-1,-1,-9,1,1,-1,-1,-1,-1,-1,-1,-1,-9,6,-1,-1,-1,-1,-1,6,-1,-1,-1,1,3,94.6057,2017-09-25,2,6,3,-9,-1,11,-1,-1,-1,-1,0,-1,1,-9,1,-1,7,2,-1,-1,21,1,94.6057,-1.0,100.0,IL,USA,17.0,97.0,864520.0,0.0,0.0,42.174413,-87.950493,,,,,,,,,,,,,,,,,,,,,,,,,,,,,,,,,,,,,,,,,,,,,,,,,,,,,,,,,,,,,,,,,,,,,,,,,,,,,,,,,,,,,2017-09-30,0.0,0.0,0.0,-9.0,-9.0,0.0,0.0,0.0
70002468,1,1,6,survey,2000046,2018-09-10 18:45:22,2018-09-10 22:36:03,42,231,4.141,505,-1,-1,2,-1.0,97,FREE,-1,-1.0,-1,-1,-1,-1,5.0,15,-1,15,-1.0,1.0,-1,-1,-1,-1,-1,-1,-1,-1,-1,-1,-1,-1,-1,-1,-1,-1,-1,-1,-1,-1,-1,-1,-1,-1,-1,-1,-1,-1,-1,-1,-1,-1,-1,-1,0,0,0,1,1,1.0,0.0,0.0,-1.0,-1.0,-1.0,-1.0,-1.0,-1.0,-1.0,-1.0,-1.0,-1.0,-1.0,-1.0,-1.0,-1.0,-1.0,-1.0,-1.0,-1.0,-1.0,-1.0,-1.0,-1.0,-1.0,-1.0,-1.0,-1.0,-1.0,-1.0,-1.0,6.0,6.0,2.622,0.0,0.0,,,,2018-09-11,2,2,2,1,30,-1,-1,1,1,-1,2,2,-1,2,-1,1,1,1,-1,-1,-1,3,1,-1,-1,2,8,2,19,-1,54,-1,5,-1,6,-1,1,8,-1,-1,2,1,-1,-1,6,-1,-1,-1,2,-1.0,-1,-1,-1,2,1,1,1,2,1,5,4,-1,1,1,1,10.0,5,1,Developmental Disability (Autism),1,-1,-1,-1,-1,-1,-1,-1,-1,-1,-1,1,-1,1;2,1,2,-1,-1,-1,-1,-9,2;3,-1,2,3,-1,-1,-1,-1,-1,-9,97,-1,-1,-1,-1,-1,-1,97,-1,-1,0,6,69.1752,2018-09-10,2,1,0,5,-1,2,3,-1,60612,-1,3,-1,2,0,3,-1,1,2,7,-1,6,0,69.1752,-1.0,100.0,IL,USA,17.0,31.0,838200.0,0.0,0.0,41.870416,-87.675079,,,,,,,,,,,,,-9.0,41.895979,41.882195,-9.0,,,,,-9.0,-87.635637,-87.633781,-9.0,,,,,WALKING,SUBWAY,SUBWAY,WALKING,,,,,-9.0,Chicago Transit Authority,Chicago Transit Authority,-9,,,,,-9.0,BROWN LINE,PINK LINE,-9,,,,,-9.0,-9,-9,-9,,,,,-9.0,CHICAGO,WASHINGTON/WELLS,-9,,,,,-9.0,WASHINGTON/WELLS,POLK,-9,,,,,1.0,1.0,1.0,1.0,,,,,,,,,,,,,
70032713,1,7,3,gps,3000005,2018-12-09 11:40:32,2018-12-09 11:57:00,23,16,5.43,505,-1,-1,2,-1.0,97,-9,-1,-1.0,-1,-1,-1,-1,,97,Feborded the Red Line train.,97,Left the Bryn Mawr station to catch a bus.,,-1,-1,-1,-1,-1,-1,-1,-1,-1,-1,-1,-1,-1,-1,-1,-1,-1,-1,-1,-1,-1,-1,-1,-1,-1,-1,-1,-1,-1,-1,-1,-1,-1,-1,-1,-9,-9,-9,0,,,,,,,,,,,,,,,,,,,,,,,,,,,,,,,,,,,,,,4.0,4.0,1.0,2018-12-04,2,4,2,1,62,-1,-1,1,1,-1,1,2,-1,6,-1,1,2,-1,1,-1,-1,-1,-1,-1,-1,-1,-1,-1,-1,-1,-1,-1,-1,-1,-1,-1,2,5,-1,-1,2,1,-1,-1,3,-1,-1,-1,2,-1.0,-1,-1,-1,2,-1,-1,-1,-1,-1,-1,-1,-1,-1,0,1,0.0,-8,1,SPINE ISSUE,2,-1,-1,-1,-1,-1,-1,-1,-1,-1,-1,1,-1,2,-1,2,-1,-1,-1,-1,-9,2;3,-1,2,3,-1,-1,-1,-1,-1,-9,1;97,1,-1,-1,-1,-1,-1,97,-1,-1,0,3,102.7654,2018-12-03,2,1,2,97,Inconsistent bus schedules.,8,-1,-1,-1,-1,3,-1,1,0,3,-1,2,1,7,-1,3,0,102.7654,-1.0,100.0,IL,USA,17.0,31.0,30603.0,0.0,0.0,41.985476,-87.658398,,,,,,,,,,,,,-9.0,42.055308,-9.0,,,,,,-9.0,-87.746855,-9.0,,,,,,WALKING,BUS,WALKING,,,,,,-9.0,PACE,-9,,,,,,-9.0,GOLF ROAD,-9,,,,,,-9.0,208,-9,,,,,,-9.0,US 41 / SKOKIE & GOLF,-9,,,,,,-9.0,IL 58 / GOLF & WASHINGTON,-9,,,,,,2.0,2.0,2.0,,,,,,2018-12-09,4.0,0.0,0.0,1.0,1.0,2.0,0.0,1.0
70040477,1,4,1,gps,10000,2019-01-31 03:00:00,2019-02-01 03:00:00,0,1440,0.0,-9,-1,-1,-1,-1.0,-1,-1,-1,-1.0,-1,-1,-1,-1,,1,-1,97,Sleep,,-1,-1,-1,-1,-1,-1,-1,-1,-1,-1,-1,-1,-1,-1,-1,-1,-1,-1,-1,-1,-1,-1,-1,-1,-1,-1,-1,-1,-1,-1,-1,-1,-1,-1,-1,-1,-1,-1,-1,,,,,,,,,,,,,,,,,,,,,,,,,,,,,,,,,,,,,,-9.0,1.0,1.0,2019-02-02,1,1,2,1,40,-1,-1,2,1,-1,2,2,-1,6,-1,1,2,-1,7,-1,-1,-1,-1,-1,-1,-1,-1,-1,-1,-1,-1,-1,-1,-1,-1,-1,3,-1,-1,-1,-1,-1,-1,-1,2,-1,-1,-1,1,-1.0,-1,-1,-1,1,-1,-1,-1,-1,-1,-1,-1,-1,-1,2,1,10.0,2,1,-1,1,-1,-1,-1,-1,-1,-1,-1,-1,-1,-1,1,-1,1;2;3,1,2,3,-1,-1,-1,-9,2;3;97,-1,2,3,-1,-1,97,-1,-1,When the bus or train is coming real time informat,1;2;3;5;6,1,2,3,-1,5,6,-1,-1,-1,0,2,902.7029,2019-01-28,2,2,0,97,All the above,1,3,-1,-9,-1,3,-1,1,0,3,-1,2,2,7,-1,4,0,902.7029,-1.0,1.0,IL,USA,17.0,31.0,806202.0,0.0,1.0,42.03761,-87.888892,,,,,,,,,,,,,,,,,,,,,,,,,,,,,,,,,,,,,,,,,,,,,,,,,,,,,,,,,,,,,,,,,,,,,,,,,,,,,,,,,,,,,2019-01-31,0.0,0.0,0.0,-9.0,-9.0,0.0,1.0,1.0
70048309,1,1,2,survey,1000000,2019-03-06 05:45:00,2019-03-06 05:50:00,15,5,7.781,202,-1,1,-1,-1.0,-1,-1,-1,-1.0,-1,-1,1,-1,4.0,16,-1,0,-1.0,-1.0,-1,-1,-1,-1,-1,-1,-1,-1,-1,-1,-1,-1,-1,-1,-1,-1,-1,-1,-1,-1,-1,-1,-1,-1,-1,-1,-1,-1,-1,-1,-1,-1,-1,-1,1,0,1,1,2,-1.0,0.0,0.0,-1.0,-1.0,-1.0,-1.0,-1.0,-1.0,-1.0,-1.0,-1.0,-1.0,-1.0,-1.0,-1.0,-1.0,-1.0,-1.0,-1.0,-1.0,-1.0,-1.0,-1.0,-1.0,-1.0,-1.0,-1.0,-1.0,-1.0,-1.0,-1.0,2.0,-9.0,5.375,0.0,0.0,,,,2019-03-14,2,5,2,1,44,-1,-1,2,1,-1,1,2,-1,6,-1,1,2,-1,1,-1,-1,-1,-1,-1,-1,-1,-1,-1,-1,-1,-1,-1,-1,-1,-1,-1,2,7,-1,-1,2,4,-1,-1,4,-1,97,PAID ONLINE,2,9.0,1,-1,-1,1,-1,-1,-1,-1,-1,-1,-1,-1,-1,0,1,0.0,-7,1,EPILEPTIC,2,-1,-1,-1,-1,-1,-1,-1,-1,-1,-1,1,-1,2;3,-1,2,3,-1,-1,-1,-9,1,1,-1,-1,-1,-1,-1,-1,-1,-9,97,-1,-1,-1,-1,-1,-1,97,-1,-1,1,4,482.9075,2019-03-06,4,1,1,2,-1,2,2,-1,60432,-1,3,-1,1,0,3,-1,2,2,1,-1,4,0,482.9075,-1.0,97.0,IL,USA,17.0,197.0,882801.0,0.0,0.0,41.52073,-88.119828,2018.0,35.0,-1.0,35043.0,-1,1.0,-1.0,1.0,-1.0,2.0,2.0,-1.0,,,,,,,,,,,,,,,,,,,,,,,,,,,,,,,,,,,,,,,,,,,,,,,,,,,,,,,,,,,,,,,,,,,,,,,,,,,,,,,,,
20000471,2,1,1,survey,10000,2017-09-21 03:00:00,2017-09-22 03:00:00,0,1440,-1.0,-1,-1,-1,-1,-1.0,-1,-1,-1,-1.0,-1,-1,-1,-1,-1.0,1,-1,0,-1.0,-1.0,-1,-1,-1,-1,-1,-1,-1,-1,-1,-1,-1,-1,-1,-1,-1,-1,-1,-1,-1,-1,-1,-1,-1,-1,-1,-1,-1,-1,-1,-1,-1,-1,-1,-1,-1,-1,-1,-1,-1,-1.0,0.0,0.0,-1.0,-1.0,-1.0,-1.0,-1.0,-1.0,-1.0,-1.0,-1.0,-1.0,-1.0,-1.0,-1.0,-1.0,-1.0,-1.0,-1.0,-1.0,-1.0,-1.0,-1.0,-1.0,-1.0,-1.0,-1.0,-1.0,-1.0,-1.0,-1.0,1.0,-9.0,-1.0,0.0,0.0,,,,2017-09-22,2,5,2,2,99,-1,-1,1,4,-1,2,2,-1,2,-1,2,2,-1,1,-1,-1,-1,-1,-1,-1,-1,-1,-1,-1,-1,-1,-1,-1,-1,-1,-1,3,-1,-1,-1,-1,-1,-1,-1,6,-1,-1,-1,-1,-1.0,-1,1,-1,1,-1,-1,-1,-1,-1,-1,-1,-1,-1,0,2,-9.0,-9,1,-1,1,4,-1,-9,-9,-9,-9,-9,-9,-9,-9,-1,1,-9,-9,-9,-9,-9,-9,-9,-9,5,-1,-1,-1,-1,5,-1,-1,-1,-9,1;2;3,1,2,3,-1,-1,-1,-1,-1,-1,0,0,1017.6162,2017-09-21,5,2,1,-9,-1,15,-1,-1,-1,-1,0,-1,2,-9,1,-1,7,2,-1,-1,9,1,1017.6162,-1.0,1.0,IL,USA,17.0,31.0,730100.0,0.0,1.0,41.725195,-87.638426,,,,,,,,,,,,,,,,,,,,,,,,,,,,,,,,,,,,,,,,,,,,,,,,,,,,,,,,,,,,,,,,,,,,,,,,,,,,,,,,,,,,,,,,,,,,,
70032713,1,1,3,survey,2000026,2018-12-03 11:15:00,2018-12-03 11:20:00,46,5,5.282,501,-1,-1,2,-1.0,97,VENTRA CARD – UNKNOWN RIDE AMOUNT,-1,-1.0,-1,-1,-1,-1,2.0,15,-1,0,-1.0,-1.0,-1,-1,-1,-1,-1,-1,-1,-1,-1,-1,-1,-1,-1,-1,-1,-1,-1,-1,-1,-1,-1,-1,-1,-1,-1,-1,-1,-1,-1,-1,-1,-1,-1,-1,0,0,0,1,1,0.0,0.0,0.0,-1.0,-1.0,-1.0,-1.0,-1.0,-1.0,-1.0,-1.0,-1.0,-1.0,-1.0,-1.0,-1.0,-1.0,-1.0,-1.0,-1.0,-1.0,-1.0,-1.0,-1.0,-1.0,-1.0,-1.0,-1.0,-1.0,-1.0,-1.0,-1.0,3.0,3.0,4.362,0.0,0.0,,,,2018-12-04,2,4,2,1,62,-1,-1,1,1,-1,1,2,-1,6,-1,1,2,-1,1,-1,-1,-1,-1,-1,-1,-1,-1,-1,-1,-1,-1,-1,-1,-1,-1,-1,2,5,-1,-1,2,1,-1,-1,3,-1,-1,-1,2,-1.0,-1,-1,-1,2,-1,-1,-1,-1,-1,-1,-1,-1,-1,0,1,0.0,-8,1,SPINE ISSUE,2,-1,-1,-1,-1,-1,-1,-1,-1,-1,-1,1,-1,2,-1,2,-1,-1,-1,-1,-9,2;3,-1,2,3,-1,-1,-1,-1,-1,-9,1;97,1,-1,-1,-1,-1,-1,97,-1,-1,0,3,102.7654,2018-12-03,2,1,2,97,Inconsistent bus schedules.,8,-1,-1,-1,-1,3,-1,1,0,3,-1,2,1,7,-1,3,0,102.7654,-1.0,100.0,IL,USA,17.0,31.0,806004.0,0.0,0.0,42.047264,-87.835835,,,,,,,,,,,,,-9.0,42.055308,-9.0,,,,,,-9.0,-87.746855,-9.0,,,,,,WALKING,BUS,WALKING,,,,,,-9.0,PACE,-9,,,,,,-9.0,GOLF ROAD,-9,,,,,,-9.0,208,-9,,,,,,-9.0,US 41 / SKOKIE & GOLF,-9,,,,,,-9.0,IL 58 / GOLF & WASHINGTON,-9,,,,,,2.0,2.0,2.0,,,,,,,,,,,,,,
70043581,3,6,5,gps,3000015,2019-02-06 15:33:46,2019-02-06 17:14:50,30,101,6.05,-9,-1,-1,-1,-1.0,-1,-1,-1,-1.0,-1,-1,-1,-1,,-9,-1,-9,-1,,-1,-1,-1,-1,-1,-1,-1,-1,-1,-1,-1,-1,-1,-1,-1,-1,-1,-1,-1,-1,-1,-1,-1,-1,-1,-1,-1,-1,-1,-1,-1,-1,-1,-1,-9,-9,-9,-9,-9,,,,,,,,,,,,,,,,,,,,,,,,,,,,,,,,,,,,,,1.0,3.0,1.0,2019-02-02,2,2,1,1,25,-1,-1,1,5,-1,2,1,-1,1,-1,1,1,1,-1,-1,-1,1,1,-1,-1,2,21,3,35,-1,44-45,-1,5,-1,1,-1,2,6,-1,-1,2,8,-1,2,2,-1,-1,-1,2,-1.0,-1,-1,-1,1,1,1,1,1,2,-1,4,-1,2,0,2,-9.0,-9,1,Learning,2,-1,-1,-1,-1,-1,-1,-1,-1,-1,-1,2,-1,2,-1,2,-1,-1,-1,-1,-9,5,-1,-1,-1,-1,5,-1,-1,-1,-9,97,-1,-1,-1,-1,-1,-1,97,-1,-1,0,2,617.4852,2019-02-01,6,3,2,5,-1,1,3,-1,-9,-1,2,-1,2,0,3,-1,9,2,15,-1,10,0,617.4852,-1.0,100.0,IL,USA,17.0,31.0,833100.0,0.0,0.0,41.879078,-87.657046,,,,,,,,,,,,,,,,,,,,,,,,,,,,,,,,,,,,,,,,,,,,,,,,,,,,,,,,,,,,,,,,,,,,,,,,,,,,,,,,,,,,,2019-02-06,7.0,0.0,0.0,1.0,1.0,1.0,1.0,0.0
20003738,1,3,1,gps,10000,2017-09-27 03:00:00,2017-09-27 05:15:00,0,135,0.0,203,-1,-9,-1,-1.0,-1,-1,-1,-1.0,-1,-1,-1,-1,,1,-1,0,-1,,2,-1,-1,-1,-1,-1,-1,-1,-1,-1,-1,-1,-1,-1,-1,-1,-1,-1,-1,-1,-1,-1,-1,-1,-1,-1,-1,-1,-1,-1,-1,-1,-1,-1,-1,-1,-1,-1,-1,,,,,,,,,,,,,,,,,,,,,,,,,,,,,,,,,,,,,,-9.0,1.0,2.0,2017-09-26,2,2,2,1,50,-1,-1,1,1,-1,1,2,-1,4,-1,1,1,1,-1,-1,-1,3,9,-1,-9,2,50,5,97,TEACH,97,TECHNOLOGY,4,-1,1,-1,3,-1,-1,-1,-1,-1,-1,-1,4,-1,-1,-1,-8,-1.0,2,-1,-1,1,1,1,1,4,1,1,4,-1,1,0,2,-9.0,-9,1,-1,2,-1,-1,-1,-1,-1,-1,-1,-1,-1,-1,-1,5,2;3,-1,2,3,-1,-1,-1,-9,1,1,-1,-1,-1,-1,-1,-1,-1,-9,6,-1,-1,-1,-1,-1,6,-1,-1,-1,1,3,94.6057,2017-09-25,2,6,3,-9,-1,11,-1,-1,-1,-1,0,-1,1,-9,1,-1,7,2,-1,-1,21,1,94.6057,-1.0,1.0,IL,USA,17.0,97.0,861014.0,0.0,1.0,42.396164,-88.035365,,,,,,,,,,,,,,,,,,,,,,,,,,,,,,,,,,,,,,,,,,,,,,,,,,,,,,,,,,,,,,,,,,,,,,,,,,,,,,,,,,,,,2017-09-27,9.0,0.0,0.0,1.0,1.0,0.0,1.0,1.0
70029763,4,1,2,survey,2000011,2018-11-30 12:55:00,2018-11-30 13:25:00,10,30,1.741,501,-1,-1,2,-1.0,8,-1,-1,-1.0,-1,-1,-1,-1,4.0,3,-1,0,-1.0,-1.0,-1,-1,-1,-1,-1,-1,-1,-1,-1,-1,-1,-1,-1,-1,-1,-1,-1,-1,-1,-1,-1,-1,-1,-1,-1,-1,-1,-1,-1,-1,-1,-1,-1,-1,0,0,0,1,1,0.0,0.0,0.0,-1.0,-1.0,-1.0,-1.0,-1.0,-1.0,-1.0,-1.0,-1.0,-1.0,-1.0,-1.0,-1.0,-1.0,-1.0,-1.0,-1.0,-1.0,-1.0,-1.0,-1.0,-1.0,-1.0,-1.0,-1.0,-1.0,-1.0,-1.0,-1.0,2.0,2.0,1.76,0.0,0.0,,,,2018-12-01,2,5,1,3,23,-1,-1,2,9,-1,2,2,-1,1,-1,2,1,2,-1,-1,-1,3,8,-1,2,2,20,7,39,-1,81,-1,4,-1,6,-1,2,8,-1,-1,1,-1,-1,-1,5,-1,-1,-1,2,-1.0,-1,-1,-1,1,1,1,1,4,2,-1,4,-1,1,0,1,10.0,5,1,-1,2,-1,-1,-1,-1,-1,-1,-1,-1,-1,-1,1,-1,2,-1,2,-1,-1,-1,-1,-9,2,-1,2,-1,-1,-1,-1,-1,-1,-9,6,-1,-1,-1,-1,-1,6,-1,-1,-1,0,4,72.217,2018-11-30,6,4,0,1,-1,1,6,-1,53511,-1,3,-1,1,0,3,-1,1,2,7,-1,17,0,72.217,-1.0,97.0,IL,USA,17.0,31.0,70400.0,0.0,0.0,41.928967,-87.656156,,,,,,,,,,,,,-9.0,41.924793,-9.0,,,,,,-9.0,-87.690155,-9.0,,,,,,WALKING,BUS,WALKING,,,,,,-9.0,Chicago Transit Authority,-9,,,,,,-9.0,FULLERTON,-9,,,,,,-9.0,74,-9,,,,,,-9.0,FULLERTON & CAMPBELL,-9,,,,,,-9.0,FULLERTON & SEMINARY,-9,,,,,,1.0,1.0,1.0,,,,,,,,,,,,,,
70048970,2,1,2,survey,2000016,2019-03-05 07:15:00,2019-03-05 16:00:00,65,525,31.032,202,-1,1,-1,-1.0,-1,-1,-1,-1.0,-1,-1,1,-1,4.0,3,-1,0,-1.0,-1.0,-1,-1,-1,-1,-1,-1,-1,-1,-1,-1,-1,-1,-1,-1,-1,-1,-1,-1,-1,-1,-1,-1,-1,-1,-1,-1,-1,-1,-1,-1,-1,-1,-1,-1,0,0,0,1,1,-1.0,0.0,0.0,1.3,1.0,1.0,1.0,-1.0,-1.0,-1.0,-1.0,2.0,113.0,89.0,-1.0,-1.0,-1.0,-1.0,1.3,0.55,0.75,-1.0,-1.0,-1.0,-1.0,2.6,1.1,1.5,-1.0,-1.0,-1.0,-1.0,2.0,-9.0,24.006,0.0,0.0,,,,2019-03-06,2,5,2,2,37,-1,-1,2,-7,-1,1,-7,-1,-7,-1,1,-7,-7,-7,-1,-1,-1,-1,-1,-1,-1,-1,-1,-1,-1,-1,-1,-1,-1,-1,-1,-7,-1,-1,-1,-1,-1,-1,-1,-7,-1,2,-1,2,-8.0,1,-1,-1,1,-1,-1,-1,-1,-1,-1,-1,-1,-1,-7,2,-9.0,-9,2,-1,-1,-1,-1,-1,-1,-1,-1,-1,-1,-1,-1,2,-1,-7,-1,-1,-1,-1,-7,-1,-9,5,-1,-1,-1,-1,5,-1,-1,-1,-9,-1,-1,-1,-1,-1,-1,-1,-1,-1,-1,0,2,189.2335,2019-03-05,3,2,2,1,-1,4,2,-1,-9,-1,2,-1,1,0,2,-1,9,2,1,-1,5,0,189.2335,-1.0,97.0,IL,USA,17.0,31.0,817900.0,0.0,0.0,41.858781,-87.845006,2018.0,37.0,-1.0,37402.0,-1,3.0,-1.0,1.0,-1.0,1.0,2.0,-1.0,,,,,,,,,,,,,,,,,,,,,,,,,,,,,,,,,,,,,,,,,,,,,,,,,,,,,,,,,,,,,,,,,,,,,,,,,,,,,,,,,
20003738,1,7,5,gps,10000,2017-10-01 13:58:29,2017-10-01 17:43:26,14,225,6.4,-9,-1,-1,-1,-1.0,-1,-1,-1,-1.0,-1,-1,-1,-1,,-9,-1,-9,-1,,-1,-1,-1,-1,-1,-1,-1,-1,-1,-1,-1,-1,-1,-1,-1,-1,-1,-1,-1,-1,-1,-1,-1,-1,-1,-1,-1,-1,-1,-1,-1,-1,-1,-1,-9,-9,-9,-9,-9,,,,,,,,,,,,,,,,,,,,,,,,,,,,,,,,,,,,,,1.0,1.0,1.0,2017-09-26,2,2,2,1,50,-1,-1,1,1,-1,1,2,-1,4,-1,1,1,1,-1,-1,-1,3,9,-1,-9,2,50,5,97,TEACH,97,TECHNOLOGY,4,-1,1,-1,3,-1,-1,-1,-1,-1,-1,-1,4,-1,-1,-1,-8,-1.0,2,-1,-1,1,1,1,1,4,1,1,4,-1,1,0,2,-9.0,-9,1,-1,2,-1,-1,-1,-1,-1,-1,-1,-1,-1,-1,-1,5,2;3,-1,2,3,-1,-1,-1,-9,1,1,-1,-1,-1,-1,-1,-1,-1,-9,6,-1,-1,-1,-1,-1,6,-1,-1,-1,1,3,94.6057,2017-09-25,2,6,3,-9,-1,11,-1,-1,-1,-1,0,-1,1,-9,1,-1,7,2,-1,-1,21,1,94.6057,-1.0,1.0,IL,USA,17.0,97.0,861014.0,0.0,1.0,42.396164,-88.035365,,,,,,,,,,,,,,,,,,,,,,,,,,,,,,,,,,,,,,,,,,,,,,,,,,,,,,,,,,,,,,,,,,,,,,,,,,,,,,,,,,,,,2017-10-01,6.0,0.0,0.0,1.0,1.0,3.0,0.0,1.0
30011370,1,1,3,survey,1000001,2018-03-15 09:20:00,2018-03-15 11:30:00,5,130,0.609,202,-1,1,-1,-1.0,-1,-1,2,-1.0,-1,-1,3,-1,2.0,23,-1,18,-1.0,-1.0,-1,-1,-1,-1,-1,-1,-1,-1,-1,-1,-1,-1,-1,-1,-1,-1,-1,-1,-1,-1,-1,-1,-1,-1,-1,-1,-1,-1,-1,-1,-1,-1,-1,-1,0,0,0,1,1,-1.0,0.0,0.0,-1.0,-1.0,-1.0,-1.0,-1.0,-1.0,-1.0,-1.0,-1.0,-1.0,-1.0,-1.0,-1.0,-1.0,-1.0,-1.0,-1.0,-1.0,-1.0,-1.0,-1.0,-1.0,-1.0,-1.0,-1.0,-1.0,-1.0,-1.0,-1.0,3.0,-9.0,0.441,0.0,0.0,,,,2018-03-16,2,5,2,1,68,-1,-1,1,1,-1,1,2,-1,1,-1,1,1,1,-1,-1,-1,3,4,-1,-1,2,4,1,97,"consulting, research, writing",97,education,5,-1,6,-1,3,-1,-1,-1,-1,-1,-1,-1,6,-1,-1,-1,1,-1.0,2,-1,-1,1,1,1,1,1,1,2,4,-1,1,0,2,-9.0,-9,1,-1,1,-1,-1,-1,-1,-1,-1,-1,-1,-1,-1,-1,4,2,-1,2,-1,-1,-1,-1,-9,1;2;3,1,2,3,-1,-1,-1,-1,-1,-9,3,-1,-1,3,-1,-1,-1,-1,-1,-1,1,7,278.7314,2018-03-15,5,1,1,-9,-1,2,1,-1,60304,-1,0,-1,1,-9,3,-1,8,2,-1,-1,7,3,278.7314,-1.0,97.0,IL,USA,17.0,31.0,812801.0,0.0,0.0,41.883188,-87.802415,2010.0,48.0,-1.0,48401.0,-1,3.0,-1.0,1.0,-1.0,1.0,3.0,-1.0,,,,,,,,,,,,,,,,,,,,,,,,,,,,,,,,,,,,,,,,,,,,,,,,,,,,,,,,,,,,,,,,,,,,,,,,,,,,,,,,,
20003738,1,7,3,gps,2000066,2017-10-01 12:15:53,2017-10-01 13:16:17,10,60,0.52,-9,-1,-1,-1,-1.0,-1,-1,-1,-1.0,-1,-1,-1,-1,,-9,-1,-9,-1,,-1,-1,-1,-1,-1,-1,-1,-1,-1,-1,-1,-1,-1,-1,-1,-1,-1,-1,-1,-1,-1,-1,-1,-1,-1,-1,-1,-1,-1,-1,-1,-1,-1,-1,-9,-9,-9,-9,-9,,,,,,,,,,,,,,,,,,,,,,,,,,,,,,,,,,,,,,-9.0,4.0,1.0,2017-09-26,2,2,2,1,50,-1,-1,1,1,-1,1,2,-1,4,-1,1,1,1,-1,-1,-1,3,9,-1,-9,2,50,5,97,TEACH,97,TECHNOLOGY,4,-1,1,-1,3,-1,-1,-1,-1,-1,-1,-1,4,-1,-1,-1,-8,-1.0,2,-1,-1,1,1,1,1,4,1,1,4,-1,1,0,2,-9.0,-9,1,-1,2,-1,-1,-1,-1,-1,-1,-1,-1,-1,-1,-1,5,2;3,-1,2,3,-1,-1,-1,-9,1,1,-1,-1,-1,-1,-1,-1,-1,-9,6,-1,-1,-1,-1,-1,6,-1,-1,-1,1,3,94.6057,2017-09-25,2,6,3,-9,-1,11,-1,-1,-1,-1,0,-1,1,-9,1,-1,7,2,-1,-1,21,1,94.6057,-1.0,100.0,IL,USA,17.0,97.0,861012.0,0.0,0.0,42.42863,-88.095142,,,,,,,,,,,,,,,,,,,,,,,,,,,,,,,,,,,,,,,,,,,,,,,,,,,,,,,,,,,,,,,,,,,,,,,,,,,,,,,,,,,,,2017-10-01,6.0,0.0,0.0,1.0,1.0,3.0,0.0,1.0
70043581,3,6,2,gps,3000009,2019-02-06 10:03:49,2019-02-06 10:14:12,7,10,0.39,-9,-1,-1,-1,-1.0,-1,-1,-1,-1.0,-1,-1,-1,-1,,-9,-1,-9,-1,,-1,-1,-1,-1,-1,-1,-1,-1,-1,-1,-1,-1,-1,-1,-1,-1,-1,-1,-1,-1,-1,-1,-1,-1,-1,-1,-1,-1,-1,-1,-1,-1,-1,-1,-9,-9,-9,-9,-9,,,,,,,,,,,,,,,,,,,,,,,,,,,,,,,,,,,,,,2.0,4.0,1.0,2019-02-02,2,2,1,1,25,-1,-1,1,5,-1,2,1,-1,1,-1,1,1,1,-1,-1,-1,1,1,-1,-1,2,21,3,35,-1,44-45,-1,5,-1,1,-1,2,6,-1,-1,2,8,-1,2,2,-1,-1,-1,2,-1.0,-1,-1,-1,1,1,1,1,1,2,-1,4,-1,2,0,2,-9.0,-9,1,Learning,2,-1,-1,-1,-1,-1,-1,-1,-1,-1,-1,2,-1,2,-1,2,-1,-1,-1,-1,-9,5,-1,-1,-1,-1,5,-1,-1,-1,-9,97,-1,-1,-1,-1,-1,-1,97,-1,-1,0,2,617.4852,2019-02-01,6,3,2,5,-1,1,3,-1,-9,-1,2,-1,2,0,3,-1,9,2,15,-1,10,0,617.4852,-1.0,100.0,IL,USA,17.0,31.0,140602.0,0.0,0.0,41.964652,-87.721017,,,,,,,,,,,,,,,,,,,,,,,,,,,,,,,,,,,,,,,,,,,,,,,,,,,,,,,,,,,,,,,,,,,,,,,,,,,,,,,,,,,,,2019-02-06,7.0,0.0,0.0,1.0,1.0,1.0,1.0,0.0
70043581,3,5,3,gps,10003,2019-02-05 08:41:27,2019-02-05 13:25:21,17,284,3.35,-9,-1,-1,-1,-1.0,-1,-1,-1,-1.0,-1,-1,-1,-1,,-9,-1,-9,-1,,-1,-1,-1,-1,-1,-1,-1,-1,-1,-1,-1,-1,-1,-1,-1,-1,-1,-1,-1,-1,-1,-1,-1,-1,-1,-1,-1,-1,-1,-1,-1,-1,-1,-1,-9,-9,-9,-9,-9,,,,,,,,,,,,,,,,,,,,,,,,,,,,,,,,,,,,,,1.0,3.0,1.0,2019-02-02,2,2,1,1,25,-1,-1,1,5,-1,2,1,-1,1,-1,1,1,1,-1,-1,-1,1,1,-1,-1,2,21,3,35,-1,44-45,-1,5,-1,1,-1,2,6,-1,-1,2,8,-1,2,2,-1,-1,-1,2,-1.0,-1,-1,-1,1,1,1,1,1,2,-1,4,-1,2,0,2,-9.0,-9,1,Learning,2,-1,-1,-1,-1,-1,-1,-1,-1,-1,-1,2,-1,2,-1,2,-1,-1,-1,-1,-9,5,-1,-1,-1,-1,5,-1,-1,-1,-9,97,-1,-1,-1,-1,-1,-1,97,-1,-1,0,2,617.4852,2019-02-01,6,3,2,5,-1,1,3,-1,-9,-1,2,-1,2,0,3,-1,9,2,15,-1,10,0,617.4852,1.0,3.0,IL,USA,17.0,31.0,170100.0,0.0,0.0,41.95586,-87.794817,,,,,,,,,,,,,,,,,,,,,,,,,,,,,,,,,,,,,,,,,,,,,,,,,,,,,,,,,,,,,,,,,,,,,,,,,,,,,,,,,,,,,2019-02-05,4.0,0.0,0.0,1.0,1.0,1.0,1.0,1.0
20003738,1,3,10,gps,10000,2017-09-27 20:12:00,2017-09-28 03:00:00,14,408,3.37,202,-1,-9,-1,-1.0,-1,-1,-9,-1.0,-1,-1,4,-1,,1,-1,0,-1,,2,-1,-1,-1,-1,-1,-1,-1,-1,-1,-1,-1,-1,-1,-1,-1,-1,-1,-1,-1,-1,-1,-1,2,-1,4,5,6,-1,-1,-1,-1,-1,-1,3,4,-1,0,4,,,,,,,,,,,,,,,,,,,,,,,,,,,,,,,,,,,,,,-9.0,1.0,1.0,2017-09-26,2,2,2,1,50,-1,-1,1,1,-1,1,2,-1,4,-1,1,1,1,-1,-1,-1,3,9,-1,-9,2,50,5,97,TEACH,97,TECHNOLOGY,4,-1,1,-1,3,-1,-1,-1,-1,-1,-1,-1,4,-1,-1,-1,-8,-1.0,2,-1,-1,1,1,1,1,4,1,1,4,-1,1,0,2,-9.0,-9,1,-1,2,-1,-1,-1,-1,-1,-1,-1,-1,-1,-1,-1,5,2;3,-1,2,3,-1,-1,-1,-9,1,1,-1,-1,-1,-1,-1,-1,-1,-9,6,-1,-1,-1,-1,-1,6,-1,-1,-1,1,3,94.6057,2017-09-25,2,6,3,-9,-1,11,-1,-1,-1,-1,0,-1,1,-9,1,-1,7,2,-1,-1,21,1,94.6057,-1.0,1.0,IL,USA,17.0,97.0,861014.0,0.0,1.0,42.396164,-88.035365,,,,,,,,,,,,,,,,,,,,,,,,,,,,,,,,,,,,,,,,,,,,,,,,,,,,,,,,,,,,,,,,,,,,,,,,,,,,,,,,,,,,,2017-09-27,9.0,0.0,0.0,1.0,1.0,0.0,1.0,1.0
30009712,3,1,2,survey,10000,2018-03-12 20:00:00,2018-03-13 03:00:00,120,420,101.854,202,-1,1,-1,-1.0,-1,-1,-1,-1.0,-1,-1,4,-1,2.0,1,-1,0,-1.0,-1.0,-1,-1,-1,-1,-1,-1,-1,-1,-1,-1,-1,-1,-1,-1,-1,-1,-1,-1,-1,-1,-1,-1,-1,-1,-1,-1,-1,-1,-1,-1,-1,-1,-1,-1,0,0,0,1,1,-1.0,0.0,0.0,2.15,1.0,1.0,1.0,-1.0,-1.0,-1.0,-1.0,2.0,130.0,127.0,-1.0,-1.0,-1.0,-1.0,2.15,1.4,0.75,-1.0,-1.0,-1.0,-1.0,4.3,2.8,1.5,-1.0,-1.0,-1.0,-1.0,2.0,-9.0,95.031,0.0,0.0,,,,2018-03-13,2,5,2,3,24,-1,-1,2,3,-1,1,2,-1,1,-1,2,1,1,-1,-1,-1,3,4,-1,-1,2,4,1,97,baby sitting,97,student,5,-1,6,-1,1,8,-1,-1,2,4,-1,-1,5,-1,2,-1,2,3.6,1,-1,-1,1,1,1,1,1,2,-1,4,-1,2,0,1,0.0,-7,2,-1,-1,-1,-1,-1,-1,-1,-1,-1,-1,-1,-1,-1,2,2,-1,2,-1,-1,-1,-1,-9,1,1,-1,-1,-1,-1,-1,-1,-1,-9,-1,-1,-1,-1,-1,-1,-1,-1,-1,-1,0,1,151.7075,2018-03-12,2,3,3,-9,-1,24,-1,-1,-1,-1,0,-1,2,-9,1,-1,8,2,-1,-1,5,3,151.7075,-1.0,1.0,IL,USA,17.0,43.0,844001.0,0.0,1.0,41.875195,-87.932739,2008.0,2.0,-1.0,2407.0,-1,3.0,-1.0,1.0,-1.0,1.0,2.0,-1.0,,,,,,,,,,,,,,,,,,,,,,,,,,,,,,,,,,,,,,,,,,,,,,,,,,,,,,,,,,,,,,,,,,,,,,,,,,,,,,,,,
70032458,3,1,2,survey,30003,2018-12-03 08:40:00,2018-12-03 13:30:00,75,290,15.104,504,-1,-1,2,3.25,2,-1,-1,-1.0,-1,-1,-1,-1,3.0,3,-1,6,-1.0,-1.0,-1,-1,-1,-1,-1,-1,-1,-1,-1,-1,-1,-1,-1,-1,-1,-1,-1,-1,-1,-1,-1,-1,-1,-1,-1,-1,-1,-1,-1,-1,-1,-1,-1,-1,0,0,0,1,1,-1.0,0.0,0.0,-1.0,-1.0,-1.0,-1.0,-1.0,-1.0,-1.0,-1.0,-1.0,-1.0,-1.0,-1.0,-1.0,-1.0,-1.0,-1.0,-1.0,-1.0,-1.0,-1.0,-1.0,-1.0,-1.0,-1.0,-1.0,-1.0,-1.0,-1.0,-1.0,2.0,-9.0,8.314,0.0,0.0,,,,2018-12-04,2,5,2,3,29,-1,-1,2,3,-1,2,2,-1,1,-1,1,2,-1,7,-1,-1,-1,-1,-1,-1,-1,-1,-1,-1,-1,-1,-1,-1,-1,-1,-1,1,5,-1,-1,2,13,-1,-1,2,-1,-1,-1,2,-1.0,-1,-1,-1,1,-1,-1,-1,-1,-1,-1,-1,-1,-1,1,2,7.0,2,1,-1,1,-1,-1,-1,-1,-1,-1,-1,-1,-1,-1,1,-1,97,-1,-1,-1,97,-1,-1,nonw,3,-1,-1,3,-1,-1,-1,-1,-1,-9,3;5;6,-1,-1,3,-1,5,6,-1,-1,-1,0,3,103.4487,2018-12-03,2,3,1,2,-1,19,-1,-1,-1,-1,2,-1,1,0,1,-1,10,2,7,-1,12,0,103.4487,3.0,3.0,IL,USA,17.0,31.0,802702.0,0.0,0.0,42.074253,-87.907615,,,,,,,,,,,,,,,,,,,,,,,,,,,,,,,,,,,,,,,,,,,,,,,,,,,,,,,,,,,,,,,,,,,,,,,,,,,,,,,,,,,,,,,,,,,,,
20003738,1,5,2,gps,2000023,2017-09-29 05:56:25,2017-09-30 03:00:00,23,1264,16.25,203,-1,-9,-1,-1.0,-1,-1,-1,-1.0,-1,-1,-1,-1,,27,-1,0,-1,,1,-1,-1,-1,-1,-1,-1,-1,-1,-1,-1,-1,-1,-1,-1,-1,-1,-1,-1,-1,-1,-1,-1,-1,-1,-1,-1,-1,-1,-1,-1,-1,-1,-1,-1,-9,-9,-9,0,,,,,,,,,,,,,,,,,,,,,,,,,,,,,,,,,,,,,,3.0,7.0,1.0,2017-09-26,2,2,2,1,50,-1,-1,1,1,-1,1,2,-1,4,-1,1,1,1,-1,-1,-1,3,9,-1,-9,2,50,5,97,TEACH,97,TECHNOLOGY,4,-1,1,-1,3,-1,-1,-1,-1,-1,-1,-1,4,-1,-1,-1,-8,-1.0,2,-1,-1,1,1,1,1,4,1,1,4,-1,1,0,2,-9.0,-9,1,-1,2,-1,-1,-1,-1,-1,-1,-1,-1,-1,-1,-1,5,2;3,-1,2,3,-1,-1,-1,-9,1,1,-1,-1,-1,-1,-1,-1,-1,-9,6,-1,-1,-1,-1,-1,6,-1,-1,-1,1,3,94.6057,2017-09-25,2,6,3,-9,-1,11,-1,-1,-1,-1,0,-1,1,-9,1,-1,7,2,-1,-1,21,1,94.6057,-1.0,100.0,IL,USA,17.0,97.0,864520.0,0.0,0.0,42.174413,-87.950493,,,,,,,,,,,,,,,,,,,,,,,,,,,,,,,,,,,,,,,,,,,,,,,,,,,,,,,,,,,,,,,,,,,,,,,,,,,,,,,,,,,,,2017-09-29,1.0,0.0,0.0,1.0,1.0,0.0,1.0,0.0
70100910,1,1,5,survey,1000000,2019-02-06 15:26:00,2019-02-06 16:00:00,6,34,0.167,101,-1,-1,-1,-1.0,-1,-1,-1,-1.0,-1,-1,-1,-1,2.0,9,-1,0,-1.0,-1.0,-1,-1,-1,-1,-1,-1,-1,-1,-1,-1,-1,-1,-1,-1,-1,-1,-1,-1,-1,-1,-1,-1,-1,-1,-1,-1,-1,-1,-1,-1,-1,-1,-1,-1,0,0,0,1,1,-1.0,0.0,0.0,-1.0,-1.0,-1.0,-1.0,-1.0,-1.0,-1.0,-1.0,-1.0,-1.0,-1.0,-1.0,-1.0,-1.0,-1.0,-1.0,-1.0,-1.0,-1.0,-1.0,-1.0,-1.0,-1.0,-1.0,-1.0,-1.0,-1.0,-1.0,-1.0,5.0,-9.0,0.108,0.0,0.0,,,,2019-02-07,3,7,2,1,68,-1,-1,2,1,-1,2,1,-1,6,-1,2,2,-1,7,-1,-1,-1,-1,-1,-1,-1,-1,-1,-1,-1,-1,-1,-1,-1,-1,-1,3,-1,-1,-1,-1,-1,-1,-1,4,-1,-1,-1,2,-1.0,-1,-1,-1,1,-1,-1,-1,-1,-1,-1,-1,-1,-1,-9,-9,-9.0,-9,1,memory issues/back,1,-1,-1,-1,-1,-1,-1,-1,-1,-1,-1,-9,-1,97,-1,-1,-1,97,-1,-1,television,-9,-9,-9,-9,-9,-9,-9,-9,-9,-9,3;6;97,-1,-1,3,-1,-1,6,97,-1,-1,1,7,650.4941,2019-02-06,4,1,0,2,-1,1,3,-1,60623,-1,3,-1,1,0,3,-1,1,2,97,word of mouth,7,0,650.4941,-1.0,97.0,IL,USA,17.0,31.0,160400.0,0.0,0.0,41.957366,-87.722824,,,,,,,,,,,,,,,,,,,,,,,,,,,,,,,,,,,,,,,,,,,,,,,,,,,,,,,,,,,,,,,,,,,,,,,,,,,,,,,,,,,,,,,,,,,,,
70032713,1,1,4,survey,10000,2018-12-03 13:45:00,2018-12-04 03:00:00,145,795,7.169,501,-1,-1,2,-1.0,8,-1,-1,-1.0,-1,-1,-1,-1,3.0,1,-1,0,-1.0,-1.0,-1,-1,-1,-1,-1,-1,-1,-1,-1,-1,-1,-1,-1,-1,-1,-1,-1,-1,-1,-1,-1,-1,-1,-1,-1,-1,-1,-1,-1,-1,-1,-1,-1,-1,0,0,0,1,1,1.0,0.0,0.0,-1.0,-1.0,-1.0,-1.0,-1.0,-1.0,-1.0,-1.0,-1.0,-1.0,-1.0,-1.0,-1.0,-1.0,-1.0,-1.0,-1.0,-1.0,-1.0,-1.0,-1.0,-1.0,-1.0,-1.0,-1.0,-1.0,-1.0,-1.0,-1.0,4.0,4.0,4.346,0.0,0.0,,,,2018-12-04,2,4,2,1,62,-1,-1,1,1,-1,1,2,-1,6,-1,1,2,-1,1,-1,-1,-1,-1,-1,-1,-1,-1,-1,-1,-1,-1,-1,-1,-1,-1,-1,2,5,-1,-1,2,1,-1,-1,3,-1,-1,-1,2,-1.0,-1,-1,-1,2,-1,-1,-1,-1,-1,-1,-1,-1,-1,0,1,0.0,-8,1,SPINE ISSUE,2,-1,-1,-1,-1,-1,-1,-1,-1,-1,-1,1,-1,2,-1,2,-1,-1,-1,-1,-9,2;3,-1,2,3,-1,-1,-1,-1,-1,-9,1;97,1,-1,-1,-1,-1,-1,97,-1,-1,0,3,102.7654,2018-12-03,2,1,2,97,Inconsistent bus schedules.,8,-1,-1,-1,-1,3,-1,1,0,3,-1,2,1,7,-1,3,0,102.7654,-1.0,1.0,IL,USA,17.0,31.0,807400.0,0.0,1.0,42.028194,-87.739844,,,,,,,,,,,,,-9.0,42.054887,42.04032,-9.0,,,,,-9.0,-87.825548,-87.826495,-9.0,,,,,WALKING,BUS,BUS,WALKING,,,,,-9.0,PACE,PACE,-9,,,,,-9.0,EAST NILES LOCAL,DEMPSTER STREET,-9,,,,,-9.0,410,250,-9,,,,,-9.0,IL 58 / GOLF & WASHINGTON,IL 21 / MILWAUKEE & US 14 / DEMPSTER,-9,,,,,-9.0,IL 21 / MILWAUKEE & US 14 / DEMPSTER,US 41 / SKOKIE,-9,,,,,0.0,2.0,2.0,0.0,,,,,,,,,,,,,
20003738,1,3,3,gps,2000023,2017-09-27 05:55:00,2017-09-27 05:56:00,24,1,16.19,101,-1,-1,-1,-1.0,-1,-1,-1,-1.0,-1,-1,-1,-1,,27,-1,0,-1,,1,-1,-1,-1,-1,-1,-1,-1,-1,-1,-1,-1,-1,-1,-1,-1,-1,-1,-1,-1,-1,-1,-1,-1,-1,-1,-1,-1,-1,-1,-1,-1,-1,-1,-1,-9,-9,-9,0,,,,,,,,,,,,,,,,,,,,,,,,,,,,,,,,,,,,,,-9.0,6.0,1.0,2017-09-26,2,2,2,1,50,-1,-1,1,1,-1,1,2,-1,4,-1,1,1,1,-1,-1,-1,3,9,-1,-9,2,50,5,97,TEACH,97,TECHNOLOGY,4,-1,1,-1,3,-1,-1,-1,-1,-1,-1,-1,4,-1,-1,-1,-8,-1.0,2,-1,-1,1,1,1,1,4,1,1,4,-1,1,0,2,-9.0,-9,1,-1,2,-1,-1,-1,-1,-1,-1,-1,-1,-1,-1,-1,5,2;3,-1,2,3,-1,-1,-1,-9,1,1,-1,-1,-1,-1,-1,-1,-1,-9,6,-1,-1,-1,-1,-1,6,-1,-1,-1,1,3,94.6057,2017-09-25,2,6,3,-9,-1,11,-1,-1,-1,-1,0,-1,1,-9,1,-1,7,2,-1,-1,21,1,94.6057,-1.0,100.0,IL,USA,17.0,97.0,864520.0,0.0,0.0,42.174413,-87.950493,,,,,,,,,,,,,,,,,,,,,,,,,,,,,,,,,,,,,,,,,,,,,,,,,,,,,,,,,,,,,,,,,,,,,,,,,,,,,,,,,,,,,2017-09-27,9.0,0.0,0.0,1.0,1.0,0.0,1.0,1.0
20003738,1,1,8,survey,10000,2017-09-25 18:15:00,2017-09-26 03:00:00,10,525,0.991,203,-1,1,-1,-1.0,-1,-1,-1,-1.0,-1,-1,-1,-1,2.0,1,-1,0,-1.0,-1.0,2,-1,-1,-1,-1,-1,-1,-1,-1,-1,-1,-1,-1,-1,-1,-1,-1,-1,-1,-1,-1,-1,-1,2,-1,-1,-1,-1,-1,-1,-1,-1,-1,-1,1,1,0,2,2,-1.0,0.0,0.0,-1.0,-1.0,-1.0,-1.0,-1.0,-1.0,-1.0,-1.0,-1.0,-1.0,-1.0,-1.0,-1.0,-1.0,-1.0,-1.0,-1.0,-1.0,-1.0,-1.0,-1.0,-1.0,-1.0,-1.0,-1.0,-1.0,-1.0,-1.0,-1.0,8.0,-9.0,0.656,0.0,0.0,,,,2017-09-26,2,2,2,1,50,-1,-1,1,1,-1,1,2,-1,4,-1,1,1,1,-1,-1,-1,3,9,-1,-9,2,50,5,97,TEACH,97,TECHNOLOGY,4,-1,1,-1,3,-1,-1,-1,-1,-1,-1,-1,4,-1,-1,-1,-8,-1.0,2,-1,-1,1,1,1,1,4,1,1,4,-1,1,0,2,-9.0,-9,1,-1,2,-1,-1,-1,-1,-1,-1,-1,-1,-1,-1,-1,5,2;3,-1,2,3,-1,-1,-1,-9,1,1,-1,-1,-1,-1,-1,-1,-1,-9,6,-1,-1,-1,-1,-1,6,-1,-1,-1,1,3,94.6057,2017-09-25,2,6,3,-9,-1,11,-1,-1,-1,-1,0,-1,1,-9,1,-1,7,2,-1,-1,21,1,94.6057,-1.0,1.0,IL,USA,17.0,97.0,861014.0,0.0,1.0,42.396164,-88.035365,2014.0,48.0,-1.0,48403.0,-1,1.0,-1.0,1.0,-1.0,2.0,3.0,-1.0,,,,,,,,,,,,,,,,,,,,,,,,,,,,,,,,,,,,,,,,,,,,,,,,,,,,,,,,,,,,,,,,,,,,,,,,,,,,,,,,,
